# Blender 4.4.1
# www.blender.org
mtllib gameover.mtl
o テキスト
v -2.589500 -0.159000 0.000000
v -2.202500 -0.159000 0.000000
v -2.202500 -0.841000 0.000000
v -2.598500 -0.841000 0.000000
v -2.598500 -0.753000 0.000000
v -2.300500 -0.753000 0.000000
v -2.300500 -0.541000 0.000000
v -2.579500 -0.541000 0.000000
v -2.579500 -0.453000 0.000000
v -2.300500 -0.453000 0.000000
v -2.300500 -0.247000 0.000000
v -2.589500 -0.247000 0.000000
v -2.075500 -0.206000 0.000000
v -2.052696 -0.196705 0.000000
v -2.030736 -0.188310 0.000000
v -2.009547 -0.180797 0.000000
v -1.989055 -0.174148 0.000000
v -1.969189 -0.168347 0.000000
v -1.949875 -0.163375 0.000000
v -1.931040 -0.159216 0.000000
v -1.912611 -0.155852 0.000000
v -1.894515 -0.153266 0.000000
v -1.876680 -0.151440 0.000000
v -1.859033 -0.150357 0.000000
v -1.841500 -0.150000 0.000000
v -1.788556 -0.153111 0.000000
v -1.738449 -0.162222 0.000000
v -1.691515 -0.177000 0.000000
v -1.648092 -0.197111 0.000000
v -1.608517 -0.222222 0.000000
v -1.573125 -0.252000 0.000000
v -1.542254 -0.286111 0.000000
v -1.516240 -0.324222 0.000000
v -1.495422 -0.366000 0.000000
v -1.480134 -0.411111 0.000000
v -1.470714 -0.459222 0.000000
v -1.467500 -0.510000 0.000000
v -1.469852 -0.546730 0.000000
v -1.476981 -0.584838 0.000000
v -1.489000 -0.623453 0.000000
v -1.506018 -0.661704 0.000000
v -1.528148 -0.698718 0.000000
v -1.555500 -0.733625 0.000000
v -1.588185 -0.765553 0.000000
v -1.626315 -0.793630 0.000000
v -1.670000 -0.816984 0.000000
v -1.719352 -0.834745 0.000000
v -1.774481 -0.846041 0.000000
v -1.835500 -0.850000 0.000000
v -1.861558 -0.849488 0.000000
v -1.886296 -0.847986 0.000000
v -1.909812 -0.845547 0.000000
v -1.932203 -0.842222 0.000000
v -1.953567 -0.838064 0.000000
v -1.974000 -0.833125 0.000000
v -1.993599 -0.827457 0.000000
v -2.012463 -0.821111 0.000000
v -2.030687 -0.814141 0.000000
v -2.048370 -0.806597 0.000000
v -2.065608 -0.798533 0.000000
v -2.082500 -0.790000 0.000000
v -2.082500 -0.683000 0.000000
v -2.063112 -0.695019 0.000000
v -2.043481 -0.706065 0.000000
v -2.023656 -0.716125 0.000000
v -2.003685 -0.725185 0.000000
v -1.983617 -0.733232 0.000000
v -1.963500 -0.740250 0.000000
v -1.943383 -0.746227 0.000000
v -1.923315 -0.751148 0.000000
v -1.903344 -0.755000 0.000000
v -1.883518 -0.757769 0.000000
v -1.863888 -0.759440 0.000000
v -1.844500 -0.760000 0.000000
v -1.804618 -0.757826 0.000000
v -1.767111 -0.751440 0.000000
v -1.732187 -0.741047 0.000000
v -1.700055 -0.726852 0.000000
v -1.670923 -0.709060 0.000000
v -1.645000 -0.687875 0.000000
v -1.622493 -0.663503 0.000000
v -1.603611 -0.636148 0.000000
v -1.588562 -0.606016 0.000000
v -1.577555 -0.573310 0.000000
v -1.570799 -0.538237 0.000000
v -1.568500 -0.501000 0.000000
v -1.570873 -0.464354 0.000000
v -1.577815 -0.429583 0.000000
v -1.589062 -0.396938 0.000000
v -1.604352 -0.366667 0.000000
v -1.623419 -0.339021 0.000000
v -1.646000 -0.314250 0.000000
v -1.671831 -0.292604 0.000000
v -1.700648 -0.274333 0.000000
v -1.732187 -0.259688 0.000000
v -1.766185 -0.248917 0.000000
v -1.802377 -0.242271 0.000000
v -1.840500 -0.240000 0.000000
v -1.860115 -0.240461 0.000000
v -1.879504 -0.241857 0.000000
v -1.898734 -0.244203 0.000000
v -1.917870 -0.247519 0.000000
v -1.936978 -0.251820 0.000000
v -1.956125 -0.257125 0.000000
v -1.975375 -0.263451 0.000000
v -1.994796 -0.270815 0.000000
v -2.014453 -0.279234 0.000000
v -2.034412 -0.288727 0.000000
v -2.054739 -0.299310 0.000000
v -2.075500 -0.311000 0.000000
v -1.114500 -0.155000 0.000000
v -1.045500 -0.155000 0.000000
v -0.752500 -0.841000 0.000000
v -0.852500 -0.841000 0.000000
v -0.938500 -0.640000 0.000000
v -1.228500 -0.640000 0.000000
v -1.319500 -0.841000 0.000000
v -1.419500 -0.841000 0.000000
v -1.078500 -0.305000 0.000000
v -1.188500 -0.552000 0.000000
v -0.976500 -0.552000 0.000000
v -0.312500 -0.159000 0.000000
v -0.312500 -0.841000 0.000000
v -0.410500 -0.841000 0.000000
v -0.410500 -0.546000 0.000000
v -0.512500 -0.546000 0.000000
v -0.550216 -0.544285 0.000000
v -0.584398 -0.539282 0.000000
v -0.615093 -0.531203 0.000000
v -0.642352 -0.520259 0.000000
v -0.666221 -0.506663 0.000000
v -0.686750 -0.490625 0.000000
v -0.703987 -0.472358 0.000000
v -0.717981 -0.452074 0.000000
v -0.728781 -0.429984 0.000000
v -0.736435 -0.406301 0.000000
v -0.740992 -0.381236 0.000000
v -0.742500 -0.355000 0.000000
v -0.741075 -0.328456 0.000000
v -0.736773 -0.302982 0.000000
v -0.729546 -0.278813 0.000000
v -0.719351 -0.256185 0.000000
v -0.706142 -0.235336 0.000000
v -0.689875 -0.216500 0.000000
v -0.670502 -0.199914 0.000000
v -0.647981 -0.185815 0.000000
v -0.622265 -0.174438 0.000000
v -0.593310 -0.166019 0.000000
v -0.561070 -0.160794 0.000000
v -0.525500 -0.159000 0.000000
v -0.410500 -0.247000 0.000000
v -0.525500 -0.247000 0.000000
v -0.546478 -0.248091 0.000000
v -0.564995 -0.251232 0.000000
v -0.581172 -0.256219 0.000000
v -0.595129 -0.262852 0.000000
v -0.606990 -0.270929 0.000000
v -0.616875 -0.280250 0.000000
v -0.624905 -0.290612 0.000000
v -0.631203 -0.301815 0.000000
v -0.635890 -0.313656 0.000000
v -0.639087 -0.325935 0.000000
v -0.640917 -0.338450 0.000000
v -0.641500 -0.351000 0.000000
v -0.640533 -0.367390 0.000000
v -0.637680 -0.382537 0.000000
v -0.633015 -0.396406 0.000000
v -0.626611 -0.408963 0.000000
v -0.618540 -0.420173 0.000000
v -0.608875 -0.430000 0.000000
v -0.597689 -0.438411 0.000000
v -0.585055 -0.445370 0.000000
v -0.571046 -0.450844 0.000000
v -0.555736 -0.454796 0.000000
v -0.539196 -0.457193 0.000000
v -0.521500 -0.458000 0.000000
v -0.410500 -0.458000 0.000000
v -0.183500 -0.198000 0.000000
v -0.171419 -0.190333 0.000000
v -0.159185 -0.183333 0.000000
v -0.146812 -0.177000 0.000000
v -0.134314 -0.171333 0.000000
v -0.121706 -0.166333 0.000000
v -0.109000 -0.162000 0.000000
v -0.096210 -0.158333 0.000000
v -0.083351 -0.155333 0.000000
v -0.070437 -0.153000 0.000000
v -0.057481 -0.151333 0.000000
v -0.044497 -0.150333 0.000000
v -0.031500 -0.150000 0.000000
v -0.001168 -0.151461 0.000000
v 0.027237 -0.155773 0.000000
v 0.053579 -0.162828 0.000000
v 0.077723 -0.172519 0.000000
v 0.099533 -0.184737 0.000000
v 0.118875 -0.199375 0.000000
v 0.135613 -0.216326 0.000000
v 0.149612 -0.235482 0.000000
v 0.160735 -0.256734 0.000000
v 0.168848 -0.279977 0.000000
v 0.173815 -0.305101 0.000000
v 0.175500 -0.332000 0.000000
v 0.169696 -0.375359 0.000000
v 0.153649 -0.412620 0.000000
v 0.129407 -0.444813 0.000000
v 0.099019 -0.472963 0.000000
v 0.064534 -0.498100 0.000000
v 0.028000 -0.521250 0.000000
v -0.008533 -0.543442 0.000000
v -0.043018 -0.565704 0.000000
v -0.073406 -0.589063 0.000000
v -0.097648 -0.614546 0.000000
v -0.113695 -0.643183 0.000000
v -0.119500 -0.676000 0.000000
v -0.118767 -0.685675 0.000000
v -0.116555 -0.695565 0.000000
v -0.112843 -0.705469 0.000000
v -0.107611 -0.715185 0.000000
v -0.100836 -0.724513 0.000000
v -0.092500 -0.733250 0.000000
v -0.082579 -0.741196 0.000000
v -0.071055 -0.748148 0.000000
v -0.057906 -0.753906 0.000000
v -0.043111 -0.758269 0.000000
v -0.026649 -0.761034 0.000000
v -0.008500 -0.762000 0.000000
v 0.008162 -0.761274 0.000000
v 0.024625 -0.759111 0.000000
v 0.040860 -0.755531 0.000000
v 0.056834 -0.750556 0.000000
v 0.072516 -0.744205 0.000000
v 0.087875 -0.736500 0.000000
v 0.102881 -0.727462 0.000000
v 0.117500 -0.717111 0.000000
v 0.131704 -0.705469 0.000000
v 0.145459 -0.692556 0.000000
v 0.158735 -0.678393 0.000000
v 0.171500 -0.663000 0.000000
v 0.171500 -0.787000 0.000000
v 0.157182 -0.797273 0.000000
v 0.142699 -0.806597 0.000000
v 0.128016 -0.814984 0.000000
v 0.113093 -0.822444 0.000000
v 0.097892 -0.828988 0.000000
v 0.082375 -0.834625 0.000000
v 0.066504 -0.839366 0.000000
v 0.050241 -0.843222 0.000000
v 0.033547 -0.846203 0.000000
v 0.016385 -0.848319 0.000000
v -0.001285 -0.849582 0.000000
v -0.019500 -0.850000 0.000000
v -0.046365 -0.848403 0.000000
v -0.071842 -0.843727 0.000000
v -0.095750 -0.836141 0.000000
v -0.117907 -0.825815 0.000000
v -0.138134 -0.812920 0.000000
v -0.156250 -0.797625 0.000000
v -0.172074 -0.780101 0.000000
v -0.185426 -0.760519 0.000000
v -0.196125 -0.739047 0.000000
v -0.203990 -0.715857 0.000000
v -0.208842 -0.691118 0.000000
v -0.210500 -0.665000 0.000000
v -0.204695 -0.615109 0.000000
v -0.188648 -0.573120 0.000000
v -0.164406 -0.537813 0.000000
v -0.134018 -0.507963 0.000000
v -0.099533 -0.482350 0.000000
v -0.063000 -0.459750 0.000000
v -0.026466 -0.438942 0.000000
v 0.008019 -0.418704 0.000000
v 0.038407 -0.397813 0.000000
v 0.062649 -0.375046 0.000000
v 0.078696 -0.349183 0.000000
v 0.084500 -0.319000 0.000000
v 0.083579 -0.307323 0.000000
v 0.080875 -0.296333 0.000000
v 0.076485 -0.286094 0.000000
v 0.070500 -0.276667 0.000000
v 0.063016 -0.268115 0.000000
v 0.054125 -0.260500 0.000000
v 0.043922 -0.253885 0.000000
v 0.032500 -0.248333 0.000000
v 0.019954 -0.243906 0.000000
v 0.006375 -0.240667 0.000000
v -0.008140 -0.238677 0.000000
v -0.023500 -0.238000 0.000000
v -0.035203 -0.238347 0.000000
v -0.047296 -0.239440 0.000000
v -0.059750 -0.241359 0.000000
v -0.072537 -0.244185 0.000000
v -0.085629 -0.247997 0.000000
v -0.099000 -0.252875 0.000000
v -0.112620 -0.258899 0.000000
v -0.126463 -0.266148 0.000000
v -0.140500 -0.274703 0.000000
v -0.154703 -0.284644 0.000000
v -0.169046 -0.296049 0.000000
v -0.183500 -0.309000 0.000000
v 0.554500 -0.420000 0.000000
v 0.566169 -0.414020 0.000000
v 0.577681 -0.408579 0.000000
v 0.589047 -0.403672 0.000000
v 0.600278 -0.399296 0.000000
v 0.611384 -0.395449 0.000000
v 0.622375 -0.392125 0.000000
v 0.633263 -0.389322 0.000000
v 0.644056 -0.387037 0.000000
v 0.654766 -0.385266 0.000000
v 0.665403 -0.384005 0.000000
v 0.675978 -0.383251 0.000000
v 0.686500 -0.383000 0.000000
v 0.708319 -0.383949 0.000000
v 0.728713 -0.386759 0.000000
v 0.747594 -0.391375 0.000000
v 0.764871 -0.397741 0.000000
v 0.780453 -0.405801 0.000000
v 0.794250 -0.415500 0.000000
v 0.806173 -0.426782 0.000000
v 0.816130 -0.439593 0.000000
v 0.824032 -0.453875 0.000000
v 0.829788 -0.469574 0.000000
v 0.833307 -0.486634 0.000000
v 0.834500 -0.505000 0.000000
v 0.830368 -0.533484 0.000000
v 0.818945 -0.558708 0.000000
v 0.801688 -0.581078 0.000000
v 0.780056 -0.601000 0.000000
v 0.755507 -0.618880 0.000000
v 0.729500 -0.635125 0.000000
v 0.703494 -0.650141 0.000000
v 0.678945 -0.664333 0.000000
v 0.657313 -0.678109 0.000000
v 0.640056 -0.691875 0.000000
v 0.628632 -0.706037 0.000000
v 0.624500 -0.721000 0.000000
v 0.625112 -0.728688 0.000000
v 0.626889 -0.735750 0.000000
v 0.629750 -0.742188 0.000000
v 0.633612 -0.748000 0.000000
v 0.638389 -0.753188 0.000000
v 0.644001 -0.757750 0.000000
v 0.650362 -0.761688 0.000000
v 0.657389 -0.765000 0.000000
v 0.665001 -0.767688 0.000000
v 0.673112 -0.769750 0.000000
v 0.681639 -0.771188 0.000000
v 0.690500 -0.772000 0.000000
v 0.699848 -0.771603 0.000000
v 0.709862 -0.770407 0.000000
v 0.720500 -0.768406 0.000000
v 0.731723 -0.765593 0.000000
v 0.743487 -0.761960 0.000000
v 0.755750 -0.757500 0.000000
v 0.768473 -0.752207 0.000000
v 0.781612 -0.746074 0.000000
v 0.795125 -0.739094 0.000000
v 0.808973 -0.731259 0.000000
v 0.823112 -0.722564 0.000000
v 0.837500 -0.713000 0.000000
v 0.837500 -0.809000 0.000000
v 0.823297 -0.816109 0.000000
v 0.809625 -0.822454 0.000000
v 0.796391 -0.828063 0.000000
v 0.783500 -0.832963 0.000000
v 0.770860 -0.837183 0.000000
v 0.758375 -0.840750 0.000000
v 0.745954 -0.843692 0.000000
v 0.733500 -0.846037 0.000000
v 0.720922 -0.847813 0.000000
v 0.708125 -0.849046 0.000000
v 0.695016 -0.849766 0.000000
v 0.681500 -0.850000 0.000000
v 0.660733 -0.848912 0.000000
v 0.641024 -0.845708 0.000000
v 0.622516 -0.840484 0.000000
v 0.605352 -0.833333 0.000000
v 0.589675 -0.824349 0.000000
v 0.575625 -0.813625 0.000000
v 0.563347 -0.801255 0.000000
v 0.552982 -0.787333 0.000000
v 0.544672 -0.771953 0.000000
v 0.538561 -0.755208 0.000000
v 0.534789 -0.737193 0.000000
v 0.533500 -0.718000 0.000000
v 0.534074 -0.706793 0.000000
v 0.535843 -0.696097 0.000000
v 0.538875 -0.685797 0.000000
v 0.543241 -0.675778 0.000000
v 0.549010 -0.665925 0.000000
v 0.556250 -0.656125 0.000000
v 0.565033 -0.646262 0.000000
v 0.575426 -0.636222 0.000000
v 0.587500 -0.625891 0.000000
v 0.601324 -0.615153 0.000000
v 0.616968 -0.603894 0.000000
v 0.634500 -0.592000 0.000000
v 0.653241 -0.580948 0.000000
v 0.670005 -0.570750 0.000000
v 0.684860 -0.561344 0.000000
v 0.697871 -0.552667 0.000000
v 0.709104 -0.544656 0.000000
v 0.718625 -0.537250 0.000000
v 0.726501 -0.530385 0.000000
v 0.732797 -0.524000 0.000000
v 0.737579 -0.518031 0.000000
v 0.740912 -0.512417 0.000000
v 0.742864 -0.507094 0.000000
v 0.743500 -0.502000 0.000000
v 0.743027 -0.496152 0.000000
v 0.741630 -0.490630 0.000000
v 0.739344 -0.485469 0.000000
v 0.736204 -0.480704 0.000000
v 0.732245 -0.476369 0.000000
v 0.727500 -0.472500 0.000000
v 0.722006 -0.469131 0.000000
v 0.715797 -0.466296 0.000000
v 0.708907 -0.464031 0.000000
v 0.701371 -0.462370 0.000000
v 0.693224 -0.461348 0.000000
v 0.684500 -0.461000 0.000000
v 0.675965 -0.461295 0.000000
v 0.666885 -0.462190 0.000000
v 0.657297 -0.463703 0.000000
v 0.647241 -0.465852 0.000000
v 0.636754 -0.468653 0.000000
v 0.625875 -0.472125 0.000000
v 0.614642 -0.476284 0.000000
v 0.603093 -0.481148 0.000000
v 0.591266 -0.486734 0.000000
v 0.579199 -0.493060 0.000000
v 0.566931 -0.500143 0.000000
v 0.554500 -0.508000 0.000000
v 0.939500 -0.420000 0.000000
v 0.951169 -0.414020 0.000000
v 0.962681 -0.408579 0.000000
v 0.974047 -0.403672 0.000000
v 0.985278 -0.399296 0.000000
v 0.996384 -0.395449 0.000000
v 1.007375 -0.392125 0.000000
v 1.018263 -0.389322 0.000000
v 1.029056 -0.387037 0.000000
v 1.039766 -0.385266 0.000000
v 1.050403 -0.384005 0.000000
v 1.060978 -0.383251 0.000000
v 1.071500 -0.383000 0.000000
v 1.093319 -0.383949 0.000000
v 1.113713 -0.386759 0.000000
v 1.132594 -0.391375 0.000000
v 1.149871 -0.397741 0.000000
v 1.165453 -0.405801 0.000000
v 1.179250 -0.415500 0.000000
v 1.191173 -0.426782 0.000000
v 1.201130 -0.439593 0.000000
v 1.209032 -0.453875 0.000000
v 1.214788 -0.469574 0.000000
v 1.218307 -0.486634 0.000000
v 1.219500 -0.505000 0.000000
v 1.215369 -0.533484 0.000000
v 1.203945 -0.558708 0.000000
v 1.186688 -0.581078 0.000000
v 1.165056 -0.601000 0.000000
v 1.140507 -0.618880 0.000000
v 1.114500 -0.635125 0.000000
v 1.088493 -0.650141 0.000000
v 1.063945 -0.664333 0.000000
v 1.042313 -0.678109 0.000000
v 1.025056 -0.691875 0.000000
v 1.013632 -0.706037 0.000000
v 1.009501 -0.721000 0.000000
v 1.010112 -0.728688 0.000000
v 1.011889 -0.735750 0.000000
v 1.014750 -0.742188 0.000000
v 1.018612 -0.748000 0.000000
v 1.023389 -0.753188 0.000000
v 1.029000 -0.757750 0.000000
v 1.035362 -0.761688 0.000000
v 1.042389 -0.765000 0.000000
v 1.050000 -0.767688 0.000000
v 1.058112 -0.769750 0.000000
v 1.066639 -0.771188 0.000000
v 1.075500 -0.772000 0.000000
v 1.084848 -0.771603 0.000000
v 1.094862 -0.770407 0.000000
v 1.105500 -0.768406 0.000000
v 1.116723 -0.765593 0.000000
v 1.128487 -0.761960 0.000000
v 1.140751 -0.757500 0.000000
v 1.153473 -0.752207 0.000000
v 1.166612 -0.746074 0.000000
v 1.180126 -0.739094 0.000000
v 1.193973 -0.731259 0.000000
v 1.208112 -0.722564 0.000000
v 1.222500 -0.713000 0.000000
v 1.222500 -0.809000 0.000000
v 1.208297 -0.816109 0.000000
v 1.194625 -0.822454 0.000000
v 1.181391 -0.828063 0.000000
v 1.168501 -0.832963 0.000000
v 1.155860 -0.837183 0.000000
v 1.143376 -0.840750 0.000000
v 1.130954 -0.843692 0.000000
v 1.118501 -0.846037 0.000000
v 1.105922 -0.847813 0.000000
v 1.093126 -0.849046 0.000000
v 1.080016 -0.849766 0.000000
v 1.066500 -0.850000 0.000000
v 1.045732 -0.848912 0.000000
v 1.026024 -0.845708 0.000000
v 1.007516 -0.840484 0.000000
v 0.990352 -0.833333 0.000000
v 0.974675 -0.824349 0.000000
v 0.960626 -0.813625 0.000000
v 0.948347 -0.801255 0.000000
v 0.937982 -0.787333 0.000000
v 0.929672 -0.771953 0.000000
v 0.923561 -0.755208 0.000000
v 0.919789 -0.737193 0.000000
v 0.918500 -0.718000 0.000000
v 0.919074 -0.706793 0.000000
v 0.920843 -0.696097 0.000000
v 0.923875 -0.685797 0.000000
v 0.928241 -0.675778 0.000000
v 0.934010 -0.665925 0.000000
v 0.941250 -0.656125 0.000000
v 0.950033 -0.646262 0.000000
v 0.960426 -0.636222 0.000000
v 0.972500 -0.625891 0.000000
v 0.986324 -0.615153 0.000000
v 1.001968 -0.603894 0.000000
v 1.019500 -0.592000 0.000000
v 1.038241 -0.580948 0.000000
v 1.055005 -0.570750 0.000000
v 1.069860 -0.561344 0.000000
v 1.082871 -0.552667 0.000000
v 1.094104 -0.544656 0.000000
v 1.103626 -0.537250 0.000000
v 1.111501 -0.530385 0.000000
v 1.117797 -0.524000 0.000000
v 1.122579 -0.518031 0.000000
v 1.125913 -0.512417 0.000000
v 1.127864 -0.507094 0.000000
v 1.128500 -0.502000 0.000000
v 1.128027 -0.496152 0.000000
v 1.126630 -0.490630 0.000000
v 1.124344 -0.485469 0.000000
v 1.121204 -0.480704 0.000000
v 1.117245 -0.476369 0.000000
v 1.112500 -0.472500 0.000000
v 1.107006 -0.469131 0.000000
v 1.100797 -0.466296 0.000000
v 1.093907 -0.464031 0.000000
v 1.086371 -0.462370 0.000000
v 1.078224 -0.461348 0.000000
v 1.069500 -0.461000 0.000000
v 1.060965 -0.461295 0.000000
v 1.051885 -0.462190 0.000000
v 1.042297 -0.463703 0.000000
v 1.032241 -0.465852 0.000000
v 1.021755 -0.468653 0.000000
v 1.010875 -0.472125 0.000000
v 0.999642 -0.476284 0.000000
v 0.988093 -0.481148 0.000000
v 0.976266 -0.486734 0.000000
v 0.964200 -0.493060 0.000000
v 0.951932 -0.500143 0.000000
v 0.939500 -0.508000 0.000000
v 1.304500 -0.711000 0.000000
v 1.317482 -0.719205 0.000000
v 1.330436 -0.726806 0.000000
v 1.343375 -0.733781 0.000000
v 1.356315 -0.740111 0.000000
v 1.369269 -0.745774 0.000000
v 1.382251 -0.750750 0.000000
v 1.395274 -0.755017 0.000000
v 1.408352 -0.758556 0.000000
v 1.421501 -0.761344 0.000000
v 1.434732 -0.763361 0.000000
v 1.448061 -0.764587 0.000000
v 1.461500 -0.765000 0.000000
v 1.482270 -0.764044 0.000000
v 1.501575 -0.761181 0.000000
v 1.519407 -0.756422 0.000000
v 1.535760 -0.749778 0.000000
v 1.550627 -0.741259 0.000000
v 1.564000 -0.730875 0.000000
v 1.575874 -0.718637 0.000000
v 1.586241 -0.704556 0.000000
v 1.595094 -0.688641 0.000000
v 1.602426 -0.670903 0.000000
v 1.608231 -0.651353 0.000000
v 1.612500 -0.630000 0.000000
v 1.296500 -0.630000 0.000000
v 1.298065 -0.590269 0.000000
v 1.302681 -0.554065 0.000000
v 1.310235 -0.521375 0.000000
v 1.320611 -0.492185 0.000000
v 1.333696 -0.466482 0.000000
v 1.349375 -0.444250 0.000000
v 1.367533 -0.425477 0.000000
v 1.388056 -0.410148 0.000000
v 1.410828 -0.398250 0.000000
v 1.435736 -0.389769 0.000000
v 1.462665 -0.384690 0.000000
v 1.491500 -0.383000 0.000000
v 1.521681 -0.384889 0.000000
v 1.550112 -0.390445 0.000000
v 1.576625 -0.399500 0.000000
v 1.601056 -0.411889 0.000000
v 1.623237 -0.427445 0.000000
v 1.643000 -0.446000 0.000000
v 1.660181 -0.467389 0.000000
v 1.674612 -0.491445 0.000000
v 1.686125 -0.518000 0.000000
v 1.694556 -0.546889 0.000000
v 1.699737 -0.577945 0.000000
v 1.701500 -0.611000 0.000000
v 1.699885 -0.641751 0.000000
v 1.695074 -0.671759 0.000000
v 1.687125 -0.700656 0.000000
v 1.676093 -0.728074 0.000000
v 1.662033 -0.753645 0.000000
v 1.645000 -0.777000 0.000000
v 1.625051 -0.797772 0.000000
v 1.602241 -0.815593 0.000000
v 1.576625 -0.830094 0.000000
v 1.548260 -0.840907 0.000000
v 1.517199 -0.847666 0.000000
v 1.483500 -0.850000 0.000000
v 1.465044 -0.849645 0.000000
v 1.447602 -0.848574 0.000000
v 1.431063 -0.846781 0.000000
v 1.415315 -0.844259 0.000000
v 1.400248 -0.841001 0.000000
v 1.385751 -0.837000 0.000000
v 1.371711 -0.832249 0.000000
v 1.358019 -0.826741 0.000000
v 1.344563 -0.820469 0.000000
v 1.331232 -0.813426 0.000000
v 1.317915 -0.805605 0.000000
v 1.304500 -0.797000 0.000000
v 1.610500 -0.571000 0.000000
v 1.606897 -0.553901 0.000000
v 1.602093 -0.538125 0.000000
v 1.596094 -0.523703 0.000000
v 1.588908 -0.510667 0.000000
v 1.580541 -0.499047 0.000000
v 1.571000 -0.488875 0.000000
v 1.560293 -0.480182 0.000000
v 1.548426 -0.473000 0.000000
v 1.535407 -0.467359 0.000000
v 1.521241 -0.463292 0.000000
v 1.505937 -0.460828 0.000000
v 1.489500 -0.460000 0.000000
v 1.474257 -0.460885 0.000000
v 1.460056 -0.463500 0.000000
v 1.446938 -0.467781 0.000000
v 1.434945 -0.473667 0.000000
v 1.424119 -0.481094 0.000000
v 1.414500 -0.490000 0.000000
v 1.406132 -0.500323 0.000000
v 1.399056 -0.512000 0.000000
v 1.393313 -0.524969 0.000000
v 1.388945 -0.539167 0.000000
v 1.385994 -0.554531 0.000000
v 1.384500 -0.571000 0.000000
v 2.069500 -0.392000 0.000000
v 2.069500 -0.841000 0.000000
v 1.980500 -0.841000 0.000000
v 1.980500 -0.606000 0.000000
v 1.979521 -0.587109 0.000000
v 1.976663 -0.569042 0.000000
v 1.972047 -0.551953 0.000000
v 1.965797 -0.536000 0.000000
v 1.958032 -0.521339 0.000000
v 1.948875 -0.508125 0.000000
v 1.938448 -0.496516 0.000000
v 1.926871 -0.486667 0.000000
v 1.914266 -0.478734 0.000000
v 1.900755 -0.472875 0.000000
v 1.886459 -0.469245 0.000000
v 1.871500 -0.468000 0.000000
v 1.865972 -0.468369 0.000000
v 1.859936 -0.469454 0.000000
v 1.853469 -0.471219 0.000000
v 1.846649 -0.473630 0.000000
v 1.839550 -0.476652 0.000000
v 1.832250 -0.480250 0.000000
v 1.824826 -0.484390 0.000000
v 1.817352 -0.489037 0.000000
v 1.809907 -0.494156 0.000000
v 1.802565 -0.499713 0.000000
v 1.795405 -0.505673 0.000000
v 1.788500 -0.512000 0.000000
v 1.741500 -0.435000 0.000000
v 1.750691 -0.426624 0.000000
v 1.759774 -0.418995 0.000000
v 1.768766 -0.412109 0.000000
v 1.777686 -0.405963 0.000000
v 1.786550 -0.400553 0.000000
v 1.795375 -0.395875 0.000000
v 1.804181 -0.391927 0.000000
v 1.812982 -0.388704 0.000000
v 1.821797 -0.386203 0.000000
v 1.830644 -0.384421 0.000000
v 1.839539 -0.383355 0.000000
v 1.848500 -0.383000 0.000000
v 1.859022 -0.383695 0.000000
v 1.869588 -0.385810 0.000000
v 1.880204 -0.389391 0.000000
v 1.890871 -0.394482 0.000000
v 1.901594 -0.401128 0.000000
v 1.912375 -0.409375 0.000000
v 1.923220 -0.419268 0.000000
v 1.934130 -0.430852 0.000000
v 1.945110 -0.444172 0.000000
v 1.956163 -0.459273 0.000000
v 1.967292 -0.476201 0.000000
v 1.978500 -0.495000 0.000000
v 1.980500 -0.495000 0.000000
v 1.980500 -0.392000 0.000000
v 2.578501 -0.159000 0.000000
v 2.578501 -0.841000 0.000000
v 2.480500 -0.841000 0.000000
v 2.480500 -0.546000 0.000000
v 2.378500 -0.546000 0.000000
v 2.340784 -0.544285 0.000000
v 2.306602 -0.539282 0.000000
v 2.275907 -0.531203 0.000000
v 2.248649 -0.520259 0.000000
v 2.224779 -0.506663 0.000000
v 2.204250 -0.490625 0.000000
v 2.187013 -0.472358 0.000000
v 2.173019 -0.452074 0.000000
v 2.162219 -0.429984 0.000000
v 2.154565 -0.406301 0.000000
v 2.150008 -0.381236 0.000000
v 2.148500 -0.355000 0.000000
v 2.149925 -0.328456 0.000000
v 2.154227 -0.302982 0.000000
v 2.161453 -0.278813 0.000000
v 2.171649 -0.256185 0.000000
v 2.184857 -0.235336 0.000000
v 2.201125 -0.216500 0.000000
v 2.220498 -0.199914 0.000000
v 2.243019 -0.185815 0.000000
v 2.268735 -0.174438 0.000000
v 2.297690 -0.166019 0.000000
v 2.329931 -0.160794 0.000000
v 2.365500 -0.159000 0.000000
v 2.480500 -0.247000 0.000000
v 2.365500 -0.247000 0.000000
v 2.344522 -0.248091 0.000000
v 2.326005 -0.251232 0.000000
v 2.309829 -0.256219 0.000000
v 2.295871 -0.262852 0.000000
v 2.284010 -0.270929 0.000000
v 2.274125 -0.280250 0.000000
v 2.266095 -0.290612 0.000000
v 2.259797 -0.301815 0.000000
v 2.255110 -0.313656 0.000000
v 2.251912 -0.325935 0.000000
v 2.250083 -0.338450 0.000000
v 2.249501 -0.351000 0.000000
v 2.250468 -0.367390 0.000000
v 2.253320 -0.382537 0.000000
v 2.257985 -0.396406 0.000000
v 2.264389 -0.408963 0.000000
v 2.272460 -0.420173 0.000000
v 2.282125 -0.430000 0.000000
v 2.293311 -0.438411 0.000000
v 2.305945 -0.445370 0.000000
v 2.319953 -0.450844 0.000000
v 2.335264 -0.454796 0.000000
v 2.351804 -0.457193 0.000000
v 2.369500 -0.458000 0.000000
v 2.480500 -0.458000 0.000000
v -2.451500 0.270000 0.000000
v -2.443387 0.269450 0.000000
v -2.435597 0.267847 0.000000
v -2.428203 0.265266 0.000000
v -2.421278 0.261778 0.000000
v -2.414894 0.257457 0.000000
v -2.409125 0.252375 0.000000
v -2.404043 0.246606 0.000000
v -2.399722 0.240222 0.000000
v -2.396235 0.233297 0.000000
v -2.393653 0.225903 0.000000
v -2.392051 0.218113 0.000000
v -2.391500 0.210000 0.000000
v -2.392050 0.201887 0.000000
v -2.393653 0.194097 0.000000
v -2.396234 0.186703 0.000000
v -2.399722 0.179778 0.000000
v -2.404043 0.173394 0.000000
v -2.409125 0.167625 0.000000
v -2.414894 0.162543 0.000000
v -2.421278 0.158222 0.000000
v -2.428203 0.154734 0.000000
v -2.435597 0.152153 0.000000
v -2.443387 0.150550 0.000000
v -2.451500 0.150000 0.000000
v -2.459613 0.150550 0.000000
v -2.467403 0.152153 0.000000
v -2.474797 0.154734 0.000000
v -2.481722 0.158222 0.000000
v -2.488106 0.162543 0.000000
v -2.493875 0.167625 0.000000
v -2.498956 0.173394 0.000000
v -2.503278 0.179778 0.000000
v -2.506765 0.186703 0.000000
v -2.509347 0.194097 0.000000
v -2.510949 0.201887 0.000000
v -2.511500 0.210000 0.000000
v -2.510950 0.218113 0.000000
v -2.509347 0.225903 0.000000
v -2.506766 0.233297 0.000000
v -2.503278 0.240222 0.000000
v -2.498957 0.246606 0.000000
v -2.493875 0.252375 0.000000
v -2.488106 0.257457 0.000000
v -2.481722 0.261778 0.000000
v -2.474797 0.265266 0.000000
v -2.467403 0.267847 0.000000
v -2.459613 0.269450 0.000000
v -2.232500 0.270000 0.000000
v -2.224387 0.269450 0.000000
v -2.216597 0.267847 0.000000
v -2.209203 0.265266 0.000000
v -2.202278 0.261778 0.000000
v -2.195894 0.257457 0.000000
v -2.190125 0.252375 0.000000
v -2.185043 0.246606 0.000000
v -2.180722 0.240222 0.000000
v -2.177234 0.233297 0.000000
v -2.174653 0.225903 0.000000
v -2.173050 0.218113 0.000000
v -2.172500 0.210000 0.000000
v -2.173050 0.201887 0.000000
v -2.174653 0.194097 0.000000
v -2.177234 0.186703 0.000000
v -2.180722 0.179778 0.000000
v -2.185043 0.173394 0.000000
v -2.190125 0.167625 0.000000
v -2.195894 0.162543 0.000000
v -2.202277 0.158222 0.000000
v -2.209203 0.154734 0.000000
v -2.216597 0.152153 0.000000
v -2.224387 0.150550 0.000000
v -2.232500 0.150000 0.000000
v -2.240613 0.150550 0.000000
v -2.248403 0.152153 0.000000
v -2.255797 0.154734 0.000000
v -2.262722 0.158222 0.000000
v -2.269106 0.162543 0.000000
v -2.274875 0.167625 0.000000
v -2.279956 0.173394 0.000000
v -2.284277 0.179778 0.000000
v -2.287765 0.186703 0.000000
v -2.290347 0.194097 0.000000
v -2.291949 0.201887 0.000000
v -2.292500 0.210000 0.000000
v -2.291950 0.218113 0.000000
v -2.290347 0.225903 0.000000
v -2.287766 0.233297 0.000000
v -2.284278 0.240222 0.000000
v -2.279957 0.246606 0.000000
v -2.274875 0.252375 0.000000
v -2.269106 0.257457 0.000000
v -2.262722 0.261778 0.000000
v -2.255797 0.265266 0.000000
v -2.248403 0.267847 0.000000
v -2.240613 0.269450 0.000000
v -2.013500 0.270000 0.000000
v -2.005387 0.269450 0.000000
v -1.997597 0.267847 0.000000
v -1.990203 0.265266 0.000000
v -1.983278 0.261778 0.000000
v -1.976894 0.257457 0.000000
v -1.971125 0.252375 0.000000
v -1.966043 0.246606 0.000000
v -1.961722 0.240222 0.000000
v -1.958234 0.233297 0.000000
v -1.955653 0.225903 0.000000
v -1.954050 0.218113 0.000000
v -1.953500 0.210000 0.000000
v -1.954050 0.201887 0.000000
v -1.955653 0.194097 0.000000
v -1.958234 0.186703 0.000000
v -1.961722 0.179778 0.000000
v -1.966043 0.173394 0.000000
v -1.971125 0.167625 0.000000
v -1.976894 0.162543 0.000000
v -1.983278 0.158222 0.000000
v -1.990203 0.154734 0.000000
v -1.997597 0.152153 0.000000
v -2.005387 0.150550 0.000000
v -2.013500 0.150000 0.000000
v -2.021613 0.150550 0.000000
v -2.029403 0.152153 0.000000
v -2.036797 0.154734 0.000000
v -2.043722 0.158222 0.000000
v -2.050106 0.162543 0.000000
v -2.055875 0.167625 0.000000
v -2.060956 0.173394 0.000000
v -2.065278 0.179778 0.000000
v -2.068765 0.186703 0.000000
v -2.071347 0.194097 0.000000
v -2.072949 0.201887 0.000000
v -2.073500 0.210000 0.000000
v -2.072950 0.218113 0.000000
v -2.071347 0.225903 0.000000
v -2.068766 0.233297 0.000000
v -2.065278 0.240222 0.000000
v -2.060957 0.246606 0.000000
v -2.055875 0.252375 0.000000
v -2.050106 0.257457 0.000000
v -2.043722 0.261778 0.000000
v -2.036797 0.265266 0.000000
v -2.029403 0.267847 0.000000
v -2.021613 0.269450 0.000000
v -1.577500 0.608000 0.000000
v -1.577500 0.159000 0.000000
v -1.666500 0.159000 0.000000
v -1.666500 0.394000 0.000000
v -1.667480 0.412891 0.000000
v -1.670338 0.430958 0.000000
v -1.674953 0.448047 0.000000
v -1.681204 0.464000 0.000000
v -1.688968 0.478661 0.000000
v -1.698125 0.491875 0.000000
v -1.708553 0.503484 0.000000
v -1.720130 0.513333 0.000000
v -1.732734 0.521266 0.000000
v -1.746245 0.527125 0.000000
v -1.760541 0.530755 0.000000
v -1.775500 0.532000 0.000000
v -1.781029 0.531631 0.000000
v -1.787065 0.530546 0.000000
v -1.793531 0.528781 0.000000
v -1.800352 0.526370 0.000000
v -1.807450 0.523348 0.000000
v -1.814750 0.519750 0.000000
v -1.822175 0.515610 0.000000
v -1.829648 0.510963 0.000000
v -1.837093 0.505844 0.000000
v -1.844435 0.500287 0.000000
v -1.851596 0.494327 0.000000
v -1.858500 0.488000 0.000000
v -1.905500 0.565000 0.000000
v -1.896309 0.573376 0.000000
v -1.887227 0.581005 0.000000
v -1.878234 0.587891 0.000000
v -1.869315 0.594037 0.000000
v -1.860451 0.599447 0.000000
v -1.851625 0.604125 0.000000
v -1.842820 0.608073 0.000000
v -1.834018 0.611296 0.000000
v -1.825203 0.613797 0.000000
v -1.816356 0.615579 0.000000
v -1.807461 0.616645 0.000000
v -1.798500 0.617000 0.000000
v -1.787978 0.616305 0.000000
v -1.777412 0.614190 0.000000
v -1.766797 0.610609 0.000000
v -1.756130 0.605518 0.000000
v -1.745407 0.598872 0.000000
v -1.734625 0.590625 0.000000
v -1.723781 0.580732 0.000000
v -1.712870 0.569148 0.000000
v -1.701890 0.555828 0.000000
v -1.690838 0.540727 0.000000
v -1.679709 0.523799 0.000000
v -1.668500 0.505000 0.000000
v -1.666500 0.505000 0.000000
v -1.666500 0.608000 0.000000
v -1.467500 0.289000 0.000000
v -1.454518 0.280795 0.000000
v -1.441565 0.273194 0.000000
v -1.428625 0.266219 0.000000
v -1.415685 0.259889 0.000000
v -1.402731 0.254226 0.000000
v -1.389750 0.249250 0.000000
v -1.376727 0.244983 0.000000
v -1.363648 0.241444 0.000000
v -1.350500 0.238656 0.000000
v -1.337268 0.236639 0.000000
v -1.323940 0.235413 0.000000
v -1.310500 0.235000 0.000000
v -1.289730 0.235957 0.000000
v -1.270426 0.238819 0.000000
v -1.252594 0.243578 0.000000
v -1.236241 0.250222 0.000000
v -1.221374 0.258741 0.000000
v -1.208000 0.269125 0.000000
v -1.196126 0.281363 0.000000
v -1.185759 0.295444 0.000000
v -1.176906 0.311359 0.000000
v -1.169574 0.329097 0.000000
v -1.163769 0.348647 0.000000
v -1.159500 0.370000 0.000000
v -1.475500 0.370000 0.000000
v -1.473935 0.409731 0.000000
v -1.469319 0.445935 0.000000
v -1.461765 0.478625 0.000000
v -1.451389 0.507815 0.000000
v -1.438304 0.533518 0.000000
v -1.422625 0.555750 0.000000
v -1.404467 0.574523 0.000000
v -1.383944 0.589852 0.000000
v -1.361172 0.601750 0.000000
v -1.336264 0.610232 0.000000
v -1.309335 0.615310 0.000000
v -1.280500 0.617000 0.000000
v -1.250319 0.615111 0.000000
v -1.221889 0.609556 0.000000
v -1.195375 0.600500 0.000000
v -1.170944 0.588111 0.000000
v -1.148764 0.572556 0.000000
v -1.129000 0.554000 0.000000
v -1.111819 0.532611 0.000000
v -1.097389 0.508556 0.000000
v -1.085875 0.482000 0.000000
v -1.077444 0.453111 0.000000
v -1.072264 0.422056 0.000000
v -1.070500 0.389000 0.000000
v -1.072116 0.358249 0.000000
v -1.076926 0.328241 0.000000
v -1.084875 0.299344 0.000000
v -1.095907 0.271926 0.000000
v -1.109967 0.246355 0.000000
v -1.127000 0.223000 0.000000
v -1.146949 0.202228 0.000000
v -1.169759 0.184407 0.000000
v -1.195375 0.169906 0.000000
v -1.223741 0.159093 0.000000
v -1.254801 0.152334 0.000000
v -1.288500 0.150000 0.000000
v -1.306956 0.150355 0.000000
v -1.324398 0.151426 0.000000
v -1.340937 0.153219 0.000000
v -1.356685 0.155741 0.000000
v -1.371752 0.158999 0.000000
v -1.386250 0.163000 0.000000
v -1.400289 0.167751 0.000000
v -1.413981 0.173259 0.000000
v -1.427437 0.179531 0.000000
v -1.440768 0.186574 0.000000
v -1.454085 0.194395 0.000000
v -1.467500 0.203000 0.000000
v -1.161500 0.429000 0.000000
v -1.165103 0.446099 0.000000
v -1.169907 0.461875 0.000000
v -1.175906 0.476297 0.000000
v -1.183092 0.489333 0.000000
v -1.191459 0.500953 0.000000
v -1.201000 0.511125 0.000000
v -1.211707 0.519818 0.000000
v -1.223574 0.527000 0.000000
v -1.236593 0.532641 0.000000
v -1.250759 0.536708 0.000000
v -1.266063 0.539172 0.000000
v -1.282500 0.540000 0.000000
v -1.297743 0.539115 0.000000
v -1.311944 0.536500 0.000000
v -1.325062 0.532219 0.000000
v -1.337055 0.526333 0.000000
v -1.347882 0.518906 0.000000
v -1.357500 0.510000 0.000000
v -1.365868 0.499677 0.000000
v -1.372944 0.488000 0.000000
v -1.378687 0.475031 0.000000
v -1.383055 0.460833 0.000000
v -1.386007 0.445469 0.000000
v -1.387500 0.429000 0.000000
v -0.797500 0.150000 0.000000
v -0.827500 0.150000 0.000000
v -1.025500 0.608000 0.000000
v -0.930500 0.608000 0.000000
v -0.812500 0.332000 0.000000
v -0.691500 0.608000 0.000000
v -0.594500 0.608000 0.000000
v 0.186500 0.500000 0.000000
v 0.183597 0.454251 0.000000
v 0.175023 0.409838 0.000000
v 0.160985 0.367266 0.000000
v 0.141686 0.327037 0.000000
v 0.117331 0.289656 0.000000
v 0.088125 0.255625 0.000000
v 0.054274 0.225448 0.000000
v 0.015982 0.199630 0.000000
v -0.026547 0.178672 0.000000
v -0.073106 0.163079 0.000000
v -0.123492 0.153354 0.000000
v -0.177500 0.150000 0.000000
v -0.233286 0.153373 0.000000
v -0.285041 0.163148 0.000000
v -0.332609 0.178812 0.000000
v -0.375833 0.199852 0.000000
v -0.414557 0.225752 0.000000
v -0.448625 0.256000 0.000000
v -0.477880 0.290081 0.000000
v -0.502166 0.327481 0.000000
v -0.521328 0.367687 0.000000
v -0.535208 0.410185 0.000000
v -0.543651 0.454461 0.000000
v -0.546500 0.500000 0.000000
v -0.543576 0.546800 0.000000
v -0.534940 0.591898 0.000000
v -0.520797 0.634844 0.000000
v -0.501352 0.675185 0.000000
v -0.476809 0.712471 0.000000
v -0.447375 0.746250 0.000000
v -0.413253 0.776071 0.000000
v -0.374648 0.801481 0.000000
v -0.331765 0.822031 0.000000
v -0.284810 0.837269 0.000000
v -0.233986 0.846742 0.000000
v -0.179500 0.850000 0.000000
v -0.125873 0.846723 0.000000
v -0.075652 0.837199 0.000000
v -0.029078 0.821891 0.000000
v 0.013611 0.801259 0.000000
v 0.052176 0.775767 0.000000
v 0.086375 0.745875 0.000000
v 0.115971 0.712046 0.000000
v 0.140723 0.674741 0.000000
v 0.160391 0.634422 0.000000
v 0.174736 0.591551 0.000000
v 0.183519 0.546590 0.000000
v 0.085500 0.500000 0.000000
v 0.083189 0.536626 0.000000
v 0.076426 0.571343 0.000000
v 0.065469 0.603906 0.000000
v 0.050574 0.634074 0.000000
v 0.031999 0.661603 0.000000
v 0.010000 0.686250 0.000000
v -0.015165 0.707772 0.000000
v -0.043240 0.725926 0.000000
v -0.073968 0.740469 0.000000
v -0.107092 0.751157 0.000000
v -0.142355 0.757749 0.000000
v -0.179500 0.760000 0.000000
v -0.216874 0.757749 0.000000
v -0.252328 0.751157 0.000000
v -0.285609 0.740469 0.000000
v -0.316463 0.725926 0.000000
v -0.344636 0.707772 0.000000
v -0.369875 0.686250 0.000000
v -0.391926 0.661603 0.000000
v -0.410537 0.634074 0.000000
v -0.425453 0.603906 0.000000
v -0.436421 0.571343 0.000000
v -0.443188 0.536626 0.000000
v -0.445500 0.500000 0.000000
v -0.443188 0.463584 0.000000
v -0.436421 0.429005 0.000000
v -0.425453 0.396516 0.000000
v -0.410537 0.366370 0.000000
v -0.391926 0.338822 0.000000
v -0.369875 0.314125 0.000000
v -0.344636 0.292532 0.000000
v -0.316463 0.274296 0.000000
v -0.285609 0.259672 0.000000
v -0.252328 0.248912 0.000000
v -0.216874 0.242270 0.000000
v -0.179500 0.240000 0.000000
v -0.142355 0.242270 0.000000
v -0.107092 0.248912 0.000000
v -0.073968 0.259672 0.000000
v -0.043240 0.274296 0.000000
v -0.015165 0.292532 0.000000
v 0.010000 0.314125 0.000000
v 0.031999 0.338822 0.000000
v 0.050574 0.366370 0.000000
v 0.065469 0.396516 0.000000
v 0.076426 0.429005 0.000000
v 0.083189 0.463584 0.000000
v 0.272500 0.289000 0.000000
v 0.285482 0.280795 0.000000
v 0.298436 0.273194 0.000000
v 0.311375 0.266219 0.000000
v 0.324315 0.259889 0.000000
v 0.337269 0.254226 0.000000
v 0.350250 0.249250 0.000000
v 0.363273 0.244983 0.000000
v 0.376352 0.241444 0.000000
v 0.389500 0.238656 0.000000
v 0.402732 0.236639 0.000000
v 0.416060 0.235413 0.000000
v 0.429500 0.235000 0.000000
v 0.450270 0.235957 0.000000
v 0.469574 0.238819 0.000000
v 0.487407 0.243578 0.000000
v 0.503760 0.250222 0.000000
v 0.518627 0.258741 0.000000
v 0.532000 0.269125 0.000000
v 0.543874 0.281363 0.000000
v 0.554241 0.295444 0.000000
v 0.563094 0.311359 0.000000
v 0.570426 0.329097 0.000000
v 0.576231 0.348647 0.000000
v 0.580500 0.370000 0.000000
v 0.264500 0.370000 0.000000
v 0.266065 0.409731 0.000000
v 0.270681 0.445935 0.000000
v 0.278235 0.478625 0.000000
v 0.288611 0.507815 0.000000
v 0.301697 0.533518 0.000000
v 0.317375 0.555750 0.000000
v 0.335533 0.574523 0.000000
v 0.356056 0.589852 0.000000
v 0.378828 0.601750 0.000000
v 0.403736 0.610232 0.000000
v 0.430665 0.615310 0.000000
v 0.459500 0.617000 0.000000
v 0.489681 0.615111 0.000000
v 0.518111 0.609556 0.000000
v 0.544625 0.600500 0.000000
v 0.569056 0.588111 0.000000
v 0.591236 0.572556 0.000000
v 0.611000 0.554000 0.000000
v 0.628181 0.532611 0.000000
v 0.642611 0.508556 0.000000
v 0.654125 0.482000 0.000000
v 0.662556 0.453111 0.000000
v 0.667736 0.422056 0.000000
v 0.669500 0.389000 0.000000
v 0.667885 0.358249 0.000000
v 0.663074 0.328241 0.000000
v 0.655125 0.299344 0.000000
v 0.644093 0.271926 0.000000
v 0.630033 0.246355 0.000000
v 0.613000 0.223000 0.000000
v 0.593051 0.202228 0.000000
v 0.570241 0.184407 0.000000
v 0.544625 0.169906 0.000000
v 0.516260 0.159093 0.000000
v 0.485199 0.152334 0.000000
v 0.451500 0.150000 0.000000
v 0.433044 0.150355 0.000000
v 0.415602 0.151426 0.000000
v 0.399063 0.153219 0.000000
v 0.383315 0.155741 0.000000
v 0.368248 0.158999 0.000000
v 0.353750 0.163000 0.000000
v 0.339711 0.167751 0.000000
v 0.326019 0.173259 0.000000
v 0.312563 0.179531 0.000000
v 0.299232 0.186574 0.000000
v 0.285915 0.194395 0.000000
v 0.272500 0.203000 0.000000
v 0.578500 0.429000 0.000000
v 0.574897 0.446099 0.000000
v 0.570093 0.461875 0.000000
v 0.564094 0.476297 0.000000
v 0.556908 0.489333 0.000000
v 0.548541 0.500953 0.000000
v 0.539000 0.511125 0.000000
v 0.528293 0.519818 0.000000
v 0.516426 0.527000 0.000000
v 0.503407 0.532641 0.000000
v 0.489241 0.536708 0.000000
v 0.473937 0.539172 0.000000
v 0.457500 0.540000 0.000000
v 0.442257 0.539115 0.000000
v 0.428056 0.536500 0.000000
v 0.414938 0.532219 0.000000
v 0.402945 0.526333 0.000000
v 0.392118 0.518906 0.000000
v 0.382500 0.510000 0.000000
v 0.374132 0.499677 0.000000
v 0.367056 0.488000 0.000000
v 0.361313 0.475031 0.000000
v 0.356945 0.460833 0.000000
v 0.353993 0.445469 0.000000
v 0.352500 0.429000 0.000000
v 1.422500 0.608000 0.000000
v 1.422500 0.159000 0.000000
v 1.333500 0.159000 0.000000
v 1.333500 0.485000 0.000000
v 1.324383 0.495154 0.000000
v 1.315482 0.504153 0.000000
v 1.306719 0.512047 0.000000
v 1.298019 0.518889 0.000000
v 1.289305 0.524731 0.000000
v 1.280500 0.529625 0.000000
v 1.271529 0.533623 0.000000
v 1.262315 0.536778 0.000000
v 1.252782 0.539141 0.000000
v 1.242852 0.540764 0.000000
v 1.232451 0.541700 0.000000
v 1.221500 0.542000 0.000000
v 1.210664 0.541348 0.000000
v 1.200223 0.539366 0.000000
v 1.190282 0.536016 0.000000
v 1.180945 0.531259 0.000000
v 1.172316 0.525058 0.000000
v 1.164500 0.517375 0.000000
v 1.157601 0.508171 0.000000
v 1.151723 0.497407 0.000000
v 1.146969 0.485047 0.000000
v 1.143445 0.471051 0.000000
v 1.141254 0.455381 0.000000
v 1.140500 0.438000 0.000000
v 1.140500 0.159000 0.000000
v 1.051500 0.159000 0.000000
v 1.051500 0.485000 0.000000
v 1.043364 0.493073 0.000000
v 1.034996 0.500750 0.000000
v 1.026453 0.507969 0.000000
v 1.017797 0.514667 0.000000
v 1.009084 0.520781 0.000000
v 1.000375 0.526250 0.000000
v 0.991729 0.531010 0.000000
v 0.983204 0.535000 0.000000
v 0.974860 0.538156 0.000000
v 0.966755 0.540417 0.000000
v 0.958949 0.541719 0.000000
v 0.951500 0.542000 0.000000
v 0.938957 0.541233 0.000000
v 0.926903 0.538944 0.000000
v 0.915453 0.535156 0.000000
v 0.904723 0.529889 0.000000
v 0.894825 0.523163 0.000000
v 0.885875 0.515000 0.000000
v 0.877988 0.505420 0.000000
v 0.871278 0.494444 0.000000
v 0.865860 0.482094 0.000000
v 0.861848 0.468389 0.000000
v 0.859356 0.453351 0.000000
v 0.858500 0.437000 0.000000
v 0.858500 0.159000 0.000000
v 0.769500 0.159000 0.000000
v 0.769500 0.441000 0.000000
v 0.770694 0.466730 0.000000
v 0.774218 0.490843 0.000000
v 0.779985 0.513219 0.000000
v 0.787908 0.533741 0.000000
v 0.797900 0.552290 0.000000
v 0.809875 0.568750 0.000000
v 0.823746 0.583001 0.000000
v 0.839426 0.594926 0.000000
v 0.856828 0.604406 0.000000
v 0.875866 0.611324 0.000000
v 0.896452 0.615561 0.000000
v 0.918500 0.617000 0.000000
v 0.934151 0.616247 0.000000
v 0.949125 0.614056 0.000000
v 0.963453 0.610531 0.000000
v 0.977167 0.605778 0.000000
v 0.990297 0.599899 0.000000
v 1.002875 0.593000 0.000000
v 1.014933 0.585184 0.000000
v 1.026500 0.576556 0.000000
v 1.037610 0.567219 0.000000
v 1.048292 0.557278 0.000000
v 1.058578 0.546837 0.000000
v 1.068500 0.536000 0.000000
v 1.076350 0.548727 0.000000
v 1.084885 0.560403 0.000000
v 1.094079 0.571016 0.000000
v 1.103908 0.580556 0.000000
v 1.114348 0.589012 0.000000
v 1.125375 0.596375 0.000000
v 1.136965 0.602634 0.000000
v 1.149093 0.607778 0.000000
v 1.161735 0.611797 0.000000
v 1.174866 0.614681 0.000000
v 1.188463 0.616418 0.000000
v 1.202500 0.617000 0.000000
v 1.213022 0.616540 0.000000
v 1.223593 0.615157 0.000000
v 1.234219 0.612844 0.000000
v 1.244908 0.609593 0.000000
v 1.255666 0.605397 0.000000
v 1.266500 0.600250 0.000000
v 1.277418 0.594145 0.000000
v 1.288426 0.587074 0.000000
v 1.299532 0.579031 0.000000
v 1.310741 0.570009 0.000000
v 1.322062 0.560001 0.000000
v 1.333500 0.549000 0.000000
v 1.333500 0.608000 0.000000
v 1.497500 0.239000 0.000000
v 1.502455 0.235377 0.000000
v 1.507301 0.232014 0.000000
v 1.512016 0.228922 0.000000
v 1.516575 0.226111 0.000000
v 1.520952 0.223592 0.000000
v 1.525126 0.221375 0.000000
v 1.529069 0.219470 0.000000
v 1.532760 0.217889 0.000000
v 1.536172 0.216641 0.000000
v 1.539283 0.215736 0.000000
v 1.542067 0.215186 0.000000
v 1.544500 0.215000 0.000000
v 1.547146 0.215128 0.000000
v 1.549579 0.215523 0.000000
v 1.551797 0.216203 0.000000
v 1.553797 0.217185 0.000000
v 1.555574 0.218487 0.000000
v 1.557125 0.220125 0.000000
v 1.558448 0.222117 0.000000
v 1.559537 0.224481 0.000000
v 1.560391 0.227234 0.000000
v 1.561005 0.230393 0.000000
v 1.561376 0.233976 0.000000
v 1.561500 0.238000 0.000000
v 1.561500 0.469000 0.000000
v 1.562970 0.493339 0.000000
v 1.567255 0.515380 0.000000
v 1.574172 0.535156 0.000000
v 1.583538 0.552704 0.000000
v 1.595167 0.568057 0.000000
v 1.608876 0.581250 0.000000
v 1.624480 0.592318 0.000000
v 1.641797 0.601296 0.000000
v 1.660641 0.608219 0.000000
v 1.680829 0.613120 0.000000
v 1.702177 0.616036 0.000000
v 1.724500 0.617000 0.000000
v 1.740418 0.616583 0.000000
v 1.755676 0.615329 0.000000
v 1.770282 0.613234 0.000000
v 1.784241 0.610296 0.000000
v 1.797562 0.606511 0.000000
v 1.810250 0.601875 0.000000
v 1.822314 0.596385 0.000000
v 1.833760 0.590037 0.000000
v 1.844594 0.582828 0.000000
v 1.854824 0.574755 0.000000
v 1.864457 0.565813 0.000000
v 1.873500 0.556000 0.000000
v 1.873500 0.459000 0.000000
v 1.862609 0.471170 0.000000
v 1.851454 0.482190 0.000000
v 1.840063 0.492078 0.000000
v 1.828463 0.500852 0.000000
v 1.816683 0.508528 0.000000
v 1.804750 0.515125 0.000000
v 1.792693 0.520659 0.000000
v 1.780537 0.525148 0.000000
v 1.768313 0.528609 0.000000
v 1.756047 0.531060 0.000000
v 1.743767 0.532518 0.000000
v 1.731500 0.533000 0.000000
v 1.718563 0.532515 0.000000
v 1.706751 0.531037 0.000000
v 1.696063 0.528531 0.000000
v 1.686501 0.524963 0.000000
v 1.678063 0.520297 0.000000
v 1.670750 0.514500 0.000000
v 1.664563 0.507536 0.000000
v 1.659500 0.499370 0.000000
v 1.655563 0.489969 0.000000
v 1.652750 0.479296 0.000000
v 1.651063 0.467318 0.000000
v 1.650500 0.454000 0.000000
v 1.650500 0.430000 0.000000
v 1.729500 0.402000 0.000000
v 1.747636 0.395444 0.000000
v 1.765834 0.388634 0.000000
v 1.783782 0.381359 0.000000
v 1.801167 0.373407 0.000000
v 1.817677 0.364567 0.000000
v 1.833000 0.354625 0.000000
v 1.846823 0.343371 0.000000
v 1.858834 0.330593 0.000000
v 1.868719 0.316078 0.000000
v 1.876167 0.299616 0.000000
v 1.880865 0.280994 0.000000
v 1.882500 0.260000 0.000000
v 1.881596 0.245652 0.000000
v 1.878936 0.231713 0.000000
v 1.874594 0.218344 0.000000
v 1.868649 0.205704 0.000000
v 1.861175 0.193952 0.000000
v 1.852250 0.183250 0.000000
v 1.841951 0.173756 0.000000
v 1.830352 0.165630 0.000000
v 1.817532 0.159031 0.000000
v 1.803565 0.154120 0.000000
v 1.788529 0.151057 0.000000
v 1.772500 0.150000 0.000000
v 1.762251 0.150313 0.000000
v 1.752010 0.151255 0.000000
v 1.741782 0.152828 0.000000
v 1.731574 0.155037 0.000000
v 1.721395 0.157885 0.000000
v 1.711250 0.161375 0.000000
v 1.701147 0.165511 0.000000
v 1.691093 0.170296 0.000000
v 1.681094 0.175734 0.000000
v 1.671158 0.181829 0.000000
v 1.661291 0.188583 0.000000
v 1.651500 0.196000 0.000000
v 1.649227 0.188373 0.000000
v 1.646394 0.181481 0.000000
v 1.642985 0.175312 0.000000
v 1.638982 0.169852 0.000000
v 1.634368 0.165086 0.000000
v 1.629125 0.161000 0.000000
v 1.623237 0.157581 0.000000
v 1.616686 0.154815 0.000000
v 1.609454 0.152687 0.000000
v 1.601524 0.151185 0.000000
v 1.592878 0.150294 0.000000
v 1.583500 0.150000 0.000000
v 1.576709 0.150173 0.000000
v 1.570255 0.150718 0.000000
v 1.564016 0.151672 0.000000
v 1.557871 0.153074 0.000000
v 1.551698 0.154962 0.000000
v 1.545375 0.157375 0.000000
v 1.538782 0.160350 0.000000
v 1.531797 0.163926 0.000000
v 1.524297 0.168141 0.000000
v 1.516162 0.173032 0.000000
v 1.507271 0.178639 0.000000
v 1.497500 0.185000 0.000000
v 1.650500 0.250000 0.000000
v 1.656542 0.244440 0.000000
v 1.662667 0.239273 0.000000
v 1.668875 0.234516 0.000000
v 1.675167 0.230185 0.000000
v 1.681542 0.226299 0.000000
v 1.688000 0.222875 0.000000
v 1.694542 0.219930 0.000000
v 1.701167 0.217481 0.000000
v 1.707875 0.215547 0.000000
v 1.714667 0.214143 0.000000
v 1.721542 0.213289 0.000000
v 1.728500 0.213000 0.000000
v 1.737532 0.213533 0.000000
v 1.746088 0.215097 0.000000
v 1.754110 0.217641 0.000000
v 1.761538 0.221111 0.000000
v 1.768312 0.225457 0.000000
v 1.774376 0.230625 0.000000
v 1.779668 0.236564 0.000000
v 1.784130 0.243222 0.000000
v 1.787704 0.250547 0.000000
v 1.790329 0.258486 0.000000
v 1.791948 0.266988 0.000000
v 1.792500 0.276000 0.000000
v 1.791158 0.288703 0.000000
v 1.787260 0.300375 0.000000
v 1.781000 0.311109 0.000000
v 1.772575 0.321000 0.000000
v 1.762176 0.330141 0.000000
v 1.750000 0.338625 0.000000
v 1.736241 0.346547 0.000000
v 1.721093 0.354000 0.000000
v 1.704750 0.361078 0.000000
v 1.687408 0.367875 0.000000
v 1.669260 0.374484 0.000000
v 1.650500 0.381000 0.000000
v 1.975500 0.495000 0.000000
v 2.204500 0.495000 0.000000
v 2.204500 0.407000 0.000000
v 2.073500 0.407000 0.000000
v 2.073500 0.267000 0.000000
v 2.085274 0.263318 0.000000
v 2.097102 0.259792 0.000000
v 2.109000 0.256453 0.000000
v 2.120982 0.253333 0.000000
v 2.133061 0.250464 0.000000
v 2.145251 0.247875 0.000000
v 2.157565 0.245599 0.000000
v 2.170019 0.243667 0.000000
v 2.182626 0.242109 0.000000
v 2.195399 0.240958 0.000000
v 2.208352 0.240245 0.000000
v 2.221500 0.240000 0.000000
v 2.260962 0.242193 0.000000
v 2.298195 0.248630 0.000000
v 2.332969 0.259094 0.000000
v 2.365056 0.273370 0.000000
v 2.394226 0.291244 0.000000
v 2.420250 0.312500 0.000000
v 2.442900 0.336922 0.000000
v 2.461945 0.364296 0.000000
v 2.477157 0.394406 0.000000
v 2.488306 0.427037 0.000000
v 2.495164 0.461973 0.000000
v 2.497500 0.499000 0.000000
v 2.495152 0.535226 0.000000
v 2.488297 0.569722 0.000000
v 2.477219 0.602219 0.000000
v 2.462204 0.632444 0.000000
v 2.443536 0.660128 0.000000
v 2.421500 0.685000 0.000000
v 2.396381 0.706788 0.000000
v 2.368463 0.725222 0.000000
v 2.338031 0.740031 0.000000
v 2.305370 0.750944 0.000000
v 2.270765 0.757691 0.000000
v 2.234500 0.760000 0.000000
v 2.213982 0.759522 0.000000
v 2.193436 0.758093 0.000000
v 2.172875 0.755719 0.000000
v 2.152315 0.752407 0.000000
v 2.131769 0.748166 0.000000
v 2.111250 0.743000 0.000000
v 2.090774 0.736918 0.000000
v 2.070352 0.729926 0.000000
v 2.050000 0.722031 0.000000
v 2.029732 0.713241 0.000000
v 2.009561 0.703561 0.000000
v 1.989500 0.693000 0.000000
v 1.989500 0.792000 0.000000
v 2.015231 0.802594 0.000000
v 2.039098 0.811921 0.000000
v 2.061360 0.820047 0.000000
v 2.082278 0.827037 0.000000
v 2.102113 0.832958 0.000000
v 2.121125 0.837875 0.000000
v 2.139575 0.841855 0.000000
v 2.157723 0.844963 0.000000
v 2.175829 0.847266 0.000000
v 2.194154 0.848829 0.000000
v 2.212957 0.849718 0.000000
v 2.232501 0.850000 0.000000
v 2.283396 0.846873 0.000000
v 2.331834 0.837736 0.000000
v 2.377438 0.822953 0.000000
v 2.419834 0.802889 0.000000
v 2.458647 0.777908 0.000000
v 2.493501 0.748375 0.000000
v 2.524022 0.714655 0.000000
v 2.549834 0.677111 0.000000
v 2.570563 0.636109 0.000000
v 2.585834 0.592014 0.000000
v 2.595272 0.545189 0.000000
v 2.598500 0.496000 0.000000
v 2.595350 0.447178 0.000000
v 2.586126 0.400926 0.000000
v 2.571172 0.357562 0.000000
v 2.550834 0.317407 0.000000
v 2.525454 0.280780 0.000000
v 2.495376 0.248000 0.000000
v 2.460943 0.219387 0.000000
v 2.422501 0.195259 0.000000
v 2.380391 0.175938 0.000000
v 2.334959 0.161741 0.000000
v 2.286547 0.152988 0.000000
v 2.235500 0.150000 0.000000
v 2.212166 0.150338 0.000000
v 2.189574 0.151370 0.000000
v 2.167594 0.153125 0.000000
v 2.146093 0.155630 0.000000
v 2.124939 0.158912 0.000000
v 2.104001 0.163000 0.000000
v 2.083145 0.167921 0.000000
v 2.062241 0.173704 0.000000
v 2.041157 0.180375 0.000000
v 2.019759 0.187963 0.000000
v 1.997918 0.196495 0.000000
v 1.975500 0.206000 0.000000
v -2.589500 -0.159000 1.000000
v -2.202500 -0.159000 1.000000
v -2.202500 -0.841000 1.000000
v -2.598500 -0.841000 1.000000
v -2.598500 -0.753000 1.000000
v -2.300500 -0.753000 1.000000
v -2.300500 -0.541000 1.000000
v -2.579500 -0.541000 1.000000
v -2.579500 -0.453000 1.000000
v -2.300500 -0.453000 1.000000
v -2.300500 -0.247000 1.000000
v -2.589500 -0.247000 1.000000
v -2.075500 -0.206000 1.000000
v -2.052696 -0.196705 1.000000
v -2.030736 -0.188310 1.000000
v -2.009547 -0.180797 1.000000
v -1.989055 -0.174148 1.000000
v -1.969189 -0.168347 1.000000
v -1.949875 -0.163375 1.000000
v -1.931040 -0.159216 1.000000
v -1.912611 -0.155852 1.000000
v -1.894515 -0.153266 1.000000
v -1.876680 -0.151440 1.000000
v -1.859033 -0.150357 1.000000
v -1.841500 -0.150000 1.000000
v -1.788556 -0.153111 1.000000
v -1.738449 -0.162222 1.000000
v -1.691515 -0.177000 1.000000
v -1.648092 -0.197111 1.000000
v -1.608517 -0.222222 1.000000
v -1.573125 -0.252000 1.000000
v -1.542254 -0.286111 1.000000
v -1.516240 -0.324222 1.000000
v -1.495422 -0.366000 1.000000
v -1.480134 -0.411111 1.000000
v -1.470714 -0.459222 1.000000
v -1.467500 -0.510000 1.000000
v -1.469852 -0.546730 1.000000
v -1.476981 -0.584838 1.000000
v -1.489000 -0.623453 1.000000
v -1.506018 -0.661704 1.000000
v -1.528148 -0.698718 1.000000
v -1.555500 -0.733625 1.000000
v -1.588185 -0.765553 1.000000
v -1.626315 -0.793630 1.000000
v -1.670000 -0.816984 1.000000
v -1.719352 -0.834745 1.000000
v -1.774481 -0.846041 1.000000
v -1.835500 -0.850000 1.000000
v -1.861558 -0.849488 1.000000
v -1.886296 -0.847986 1.000000
v -1.909812 -0.845547 1.000000
v -1.932203 -0.842222 1.000000
v -1.953567 -0.838064 1.000000
v -1.974000 -0.833125 1.000000
v -1.993599 -0.827457 1.000000
v -2.012463 -0.821111 1.000000
v -2.030687 -0.814141 1.000000
v -2.048370 -0.806597 1.000000
v -2.065608 -0.798533 1.000000
v -2.082500 -0.790000 1.000000
v -2.082500 -0.683000 1.000000
v -2.063112 -0.695019 1.000000
v -2.043481 -0.706065 1.000000
v -2.023656 -0.716125 1.000000
v -2.003685 -0.725185 1.000000
v -1.983617 -0.733232 1.000000
v -1.963500 -0.740250 1.000000
v -1.943383 -0.746227 1.000000
v -1.923315 -0.751148 1.000000
v -1.903344 -0.755000 1.000000
v -1.883518 -0.757769 1.000000
v -1.863888 -0.759440 1.000000
v -1.844500 -0.760000 1.000000
v -1.804618 -0.757826 1.000000
v -1.767111 -0.751440 1.000000
v -1.732187 -0.741047 1.000000
v -1.700055 -0.726852 1.000000
v -1.670923 -0.709060 1.000000
v -1.645000 -0.687875 1.000000
v -1.622493 -0.663503 1.000000
v -1.603611 -0.636148 1.000000
v -1.588562 -0.606016 1.000000
v -1.577555 -0.573310 1.000000
v -1.570799 -0.538237 1.000000
v -1.568500 -0.501000 1.000000
v -1.570873 -0.464354 1.000000
v -1.577815 -0.429583 1.000000
v -1.589062 -0.396938 1.000000
v -1.604352 -0.366667 1.000000
v -1.623419 -0.339021 1.000000
v -1.646000 -0.314250 1.000000
v -1.671831 -0.292604 1.000000
v -1.700648 -0.274333 1.000000
v -1.732187 -0.259688 1.000000
v -1.766185 -0.248917 1.000000
v -1.802377 -0.242271 1.000000
v -1.840500 -0.240000 1.000000
v -1.860115 -0.240461 1.000000
v -1.879504 -0.241857 1.000000
v -1.898734 -0.244203 1.000000
v -1.917870 -0.247519 1.000000
v -1.936978 -0.251820 1.000000
v -1.956125 -0.257125 1.000000
v -1.975375 -0.263451 1.000000
v -1.994796 -0.270815 1.000000
v -2.014453 -0.279234 1.000000
v -2.034412 -0.288727 1.000000
v -2.054739 -0.299310 1.000000
v -2.075500 -0.311000 1.000000
v -1.114500 -0.155000 1.000000
v -1.045500 -0.155000 1.000000
v -0.752500 -0.841000 1.000000
v -0.852500 -0.841000 1.000000
v -0.938500 -0.640000 1.000000
v -1.228500 -0.640000 1.000000
v -1.319500 -0.841000 1.000000
v -1.419500 -0.841000 1.000000
v -1.078500 -0.305000 1.000000
v -1.188500 -0.552000 1.000000
v -0.976500 -0.552000 1.000000
v -0.312500 -0.159000 1.000000
v -0.312500 -0.841000 1.000000
v -0.410500 -0.841000 1.000000
v -0.410500 -0.546000 1.000000
v -0.512500 -0.546000 1.000000
v -0.550216 -0.544285 1.000000
v -0.584398 -0.539282 1.000000
v -0.615093 -0.531203 1.000000
v -0.642352 -0.520259 1.000000
v -0.666221 -0.506663 1.000000
v -0.686750 -0.490625 1.000000
v -0.703987 -0.472358 1.000000
v -0.717981 -0.452074 1.000000
v -0.728781 -0.429984 1.000000
v -0.736435 -0.406301 1.000000
v -0.740992 -0.381236 1.000000
v -0.742500 -0.355000 1.000000
v -0.741075 -0.328456 1.000000
v -0.736773 -0.302982 1.000000
v -0.729546 -0.278813 1.000000
v -0.719351 -0.256185 1.000000
v -0.706142 -0.235336 1.000000
v -0.689875 -0.216500 1.000000
v -0.670502 -0.199914 1.000000
v -0.647981 -0.185815 1.000000
v -0.622265 -0.174438 1.000000
v -0.593310 -0.166019 1.000000
v -0.561070 -0.160794 1.000000
v -0.525500 -0.159000 1.000000
v -0.410500 -0.247000 1.000000
v -0.525500 -0.247000 1.000000
v -0.546478 -0.248091 1.000000
v -0.564995 -0.251232 1.000000
v -0.581172 -0.256219 1.000000
v -0.595129 -0.262852 1.000000
v -0.606990 -0.270929 1.000000
v -0.616875 -0.280250 1.000000
v -0.624905 -0.290612 1.000000
v -0.631203 -0.301815 1.000000
v -0.635890 -0.313656 1.000000
v -0.639087 -0.325935 1.000000
v -0.640917 -0.338450 1.000000
v -0.641500 -0.351000 1.000000
v -0.640533 -0.367390 1.000000
v -0.637680 -0.382537 1.000000
v -0.633015 -0.396406 1.000000
v -0.626611 -0.408963 1.000000
v -0.618540 -0.420173 1.000000
v -0.608875 -0.430000 1.000000
v -0.597689 -0.438411 1.000000
v -0.585055 -0.445370 1.000000
v -0.571046 -0.450844 1.000000
v -0.555736 -0.454796 1.000000
v -0.539196 -0.457193 1.000000
v -0.521500 -0.458000 1.000000
v -0.410500 -0.458000 1.000000
v -0.183500 -0.198000 1.000000
v -0.171419 -0.190333 1.000000
v -0.159185 -0.183333 1.000000
v -0.146812 -0.177000 1.000000
v -0.134314 -0.171333 1.000000
v -0.121706 -0.166333 1.000000
v -0.109000 -0.162000 1.000000
v -0.096210 -0.158333 1.000000
v -0.083351 -0.155333 1.000000
v -0.070437 -0.153000 1.000000
v -0.057481 -0.151333 1.000000
v -0.044497 -0.150333 1.000000
v -0.031500 -0.150000 1.000000
v -0.001168 -0.151461 1.000000
v 0.027237 -0.155773 1.000000
v 0.053579 -0.162828 1.000000
v 0.077723 -0.172519 1.000000
v 0.099533 -0.184737 1.000000
v 0.118875 -0.199375 1.000000
v 0.135613 -0.216326 1.000000
v 0.149612 -0.235482 1.000000
v 0.160735 -0.256734 1.000000
v 0.168848 -0.279977 1.000000
v 0.173815 -0.305101 1.000000
v 0.175500 -0.332000 1.000000
v 0.169696 -0.375359 1.000000
v 0.153649 -0.412620 1.000000
v 0.129407 -0.444813 1.000000
v 0.099019 -0.472963 1.000000
v 0.064534 -0.498100 1.000000
v 0.028000 -0.521250 1.000000
v -0.008533 -0.543442 1.000000
v -0.043018 -0.565704 1.000000
v -0.073406 -0.589063 1.000000
v -0.097648 -0.614546 1.000000
v -0.113695 -0.643183 1.000000
v -0.119500 -0.676000 1.000000
v -0.118767 -0.685675 1.000000
v -0.116555 -0.695565 1.000000
v -0.112843 -0.705469 1.000000
v -0.107611 -0.715185 1.000000
v -0.100836 -0.724513 1.000000
v -0.092500 -0.733250 1.000000
v -0.082579 -0.741196 1.000000
v -0.071055 -0.748148 1.000000
v -0.057906 -0.753906 1.000000
v -0.043111 -0.758269 1.000000
v -0.026649 -0.761034 1.000000
v -0.008500 -0.762000 1.000000
v 0.008162 -0.761274 1.000000
v 0.024625 -0.759111 1.000000
v 0.040860 -0.755531 1.000000
v 0.056834 -0.750556 1.000000
v 0.072516 -0.744205 1.000000
v 0.087875 -0.736500 1.000000
v 0.102881 -0.727462 1.000000
v 0.117500 -0.717111 1.000000
v 0.131704 -0.705469 1.000000
v 0.145459 -0.692556 1.000000
v 0.158735 -0.678393 1.000000
v 0.171500 -0.663000 1.000000
v 0.171500 -0.787000 1.000000
v 0.157182 -0.797273 1.000000
v 0.142699 -0.806597 1.000000
v 0.128016 -0.814984 1.000000
v 0.113093 -0.822444 1.000000
v 0.097892 -0.828988 1.000000
v 0.082375 -0.834625 1.000000
v 0.066504 -0.839366 1.000000
v 0.050241 -0.843222 1.000000
v 0.033547 -0.846203 1.000000
v 0.016385 -0.848319 1.000000
v -0.001285 -0.849582 1.000000
v -0.019500 -0.850000 1.000000
v -0.046365 -0.848403 1.000000
v -0.071842 -0.843727 1.000000
v -0.095750 -0.836141 1.000000
v -0.117907 -0.825815 1.000000
v -0.138134 -0.812920 1.000000
v -0.156250 -0.797625 1.000000
v -0.172074 -0.780101 1.000000
v -0.185426 -0.760519 1.000000
v -0.196125 -0.739047 1.000000
v -0.203990 -0.715857 1.000000
v -0.208842 -0.691118 1.000000
v -0.210500 -0.665000 1.000000
v -0.204695 -0.615109 1.000000
v -0.188648 -0.573120 1.000000
v -0.164406 -0.537813 1.000000
v -0.134018 -0.507963 1.000000
v -0.099533 -0.482350 1.000000
v -0.063000 -0.459750 1.000000
v -0.026466 -0.438942 1.000000
v 0.008019 -0.418704 1.000000
v 0.038407 -0.397813 1.000000
v 0.062649 -0.375046 1.000000
v 0.078696 -0.349183 1.000000
v 0.084500 -0.319000 1.000000
v 0.083579 -0.307323 1.000000
v 0.080875 -0.296333 1.000000
v 0.076485 -0.286094 1.000000
v 0.070500 -0.276667 1.000000
v 0.063016 -0.268115 1.000000
v 0.054125 -0.260500 1.000000
v 0.043922 -0.253885 1.000000
v 0.032500 -0.248333 1.000000
v 0.019954 -0.243906 1.000000
v 0.006375 -0.240667 1.000000
v -0.008140 -0.238677 1.000000
v -0.023500 -0.238000 1.000000
v -0.035203 -0.238347 1.000000
v -0.047296 -0.239440 1.000000
v -0.059750 -0.241359 1.000000
v -0.072537 -0.244185 1.000000
v -0.085629 -0.247997 1.000000
v -0.099000 -0.252875 1.000000
v -0.112620 -0.258899 1.000000
v -0.126463 -0.266148 1.000000
v -0.140500 -0.274703 1.000000
v -0.154703 -0.284644 1.000000
v -0.169046 -0.296049 1.000000
v -0.183500 -0.309000 1.000000
v 0.554500 -0.420000 1.000000
v 0.566169 -0.414020 1.000000
v 0.577681 -0.408579 1.000000
v 0.589047 -0.403672 1.000000
v 0.600278 -0.399296 1.000000
v 0.611384 -0.395449 1.000000
v 0.622375 -0.392125 1.000000
v 0.633263 -0.389322 1.000000
v 0.644056 -0.387037 1.000000
v 0.654766 -0.385266 1.000000
v 0.665403 -0.384005 1.000000
v 0.675978 -0.383251 1.000000
v 0.686500 -0.383000 1.000000
v 0.708319 -0.383949 1.000000
v 0.728713 -0.386759 1.000000
v 0.747594 -0.391375 1.000000
v 0.764871 -0.397741 1.000000
v 0.780453 -0.405801 1.000000
v 0.794250 -0.415500 1.000000
v 0.806173 -0.426782 1.000000
v 0.816130 -0.439593 1.000000
v 0.824032 -0.453875 1.000000
v 0.829788 -0.469574 1.000000
v 0.833307 -0.486634 1.000000
v 0.834500 -0.505000 1.000000
v 0.830368 -0.533484 1.000000
v 0.818945 -0.558708 1.000000
v 0.801688 -0.581078 1.000000
v 0.780056 -0.601000 1.000000
v 0.755507 -0.618880 1.000000
v 0.729500 -0.635125 1.000000
v 0.703494 -0.650141 1.000000
v 0.678945 -0.664333 1.000000
v 0.657313 -0.678109 1.000000
v 0.640056 -0.691875 1.000000
v 0.628632 -0.706037 1.000000
v 0.624500 -0.721000 1.000000
v 0.625112 -0.728688 1.000000
v 0.626889 -0.735750 1.000000
v 0.629750 -0.742188 1.000000
v 0.633612 -0.748000 1.000000
v 0.638389 -0.753188 1.000000
v 0.644001 -0.757750 1.000000
v 0.650362 -0.761688 1.000000
v 0.657389 -0.765000 1.000000
v 0.665001 -0.767688 1.000000
v 0.673112 -0.769750 1.000000
v 0.681639 -0.771188 1.000000
v 0.690500 -0.772000 1.000000
v 0.699848 -0.771603 1.000000
v 0.709862 -0.770407 1.000000
v 0.720500 -0.768406 1.000000
v 0.731723 -0.765593 1.000000
v 0.743487 -0.761960 1.000000
v 0.755750 -0.757500 1.000000
v 0.768473 -0.752207 1.000000
v 0.781612 -0.746074 1.000000
v 0.795125 -0.739094 1.000000
v 0.808973 -0.731259 1.000000
v 0.823112 -0.722564 1.000000
v 0.837500 -0.713000 1.000000
v 0.837500 -0.809000 1.000000
v 0.823297 -0.816109 1.000000
v 0.809625 -0.822454 1.000000
v 0.796391 -0.828063 1.000000
v 0.783500 -0.832963 1.000000
v 0.770860 -0.837183 1.000000
v 0.758375 -0.840750 1.000000
v 0.745954 -0.843692 1.000000
v 0.733500 -0.846037 1.000000
v 0.720922 -0.847813 1.000000
v 0.708125 -0.849046 1.000000
v 0.695016 -0.849766 1.000000
v 0.681500 -0.850000 1.000000
v 0.660733 -0.848912 1.000000
v 0.641024 -0.845708 1.000000
v 0.622516 -0.840484 1.000000
v 0.605352 -0.833333 1.000000
v 0.589675 -0.824349 1.000000
v 0.575625 -0.813625 1.000000
v 0.563347 -0.801255 1.000000
v 0.552982 -0.787333 1.000000
v 0.544672 -0.771953 1.000000
v 0.538561 -0.755208 1.000000
v 0.534789 -0.737193 1.000000
v 0.533500 -0.718000 1.000000
v 0.534074 -0.706793 1.000000
v 0.535843 -0.696097 1.000000
v 0.538875 -0.685797 1.000000
v 0.543241 -0.675778 1.000000
v 0.549010 -0.665925 1.000000
v 0.556250 -0.656125 1.000000
v 0.565033 -0.646262 1.000000
v 0.575426 -0.636222 1.000000
v 0.587500 -0.625891 1.000000
v 0.601324 -0.615153 1.000000
v 0.616968 -0.603894 1.000000
v 0.634500 -0.592000 1.000000
v 0.653241 -0.580948 1.000000
v 0.670005 -0.570750 1.000000
v 0.684860 -0.561344 1.000000
v 0.697871 -0.552667 1.000000
v 0.709104 -0.544656 1.000000
v 0.718625 -0.537250 1.000000
v 0.726501 -0.530385 1.000000
v 0.732797 -0.524000 1.000000
v 0.737579 -0.518031 1.000000
v 0.740912 -0.512417 1.000000
v 0.742864 -0.507094 1.000000
v 0.743500 -0.502000 1.000000
v 0.743027 -0.496152 1.000000
v 0.741630 -0.490630 1.000000
v 0.739344 -0.485469 1.000000
v 0.736204 -0.480704 1.000000
v 0.732245 -0.476369 1.000000
v 0.727500 -0.472500 1.000000
v 0.722006 -0.469131 1.000000
v 0.715797 -0.466296 1.000000
v 0.708907 -0.464031 1.000000
v 0.701371 -0.462370 1.000000
v 0.693224 -0.461348 1.000000
v 0.684500 -0.461000 1.000000
v 0.675965 -0.461295 1.000000
v 0.666885 -0.462190 1.000000
v 0.657297 -0.463703 1.000000
v 0.647241 -0.465852 1.000000
v 0.636754 -0.468653 1.000000
v 0.625875 -0.472125 1.000000
v 0.614642 -0.476284 1.000000
v 0.603093 -0.481148 1.000000
v 0.591266 -0.486734 1.000000
v 0.579199 -0.493060 1.000000
v 0.566931 -0.500143 1.000000
v 0.554500 -0.508000 1.000000
v 0.939500 -0.420000 1.000000
v 0.951169 -0.414020 1.000000
v 0.962681 -0.408579 1.000000
v 0.974047 -0.403672 1.000000
v 0.985278 -0.399296 1.000000
v 0.996384 -0.395449 1.000000
v 1.007375 -0.392125 1.000000
v 1.018263 -0.389322 1.000000
v 1.029056 -0.387037 1.000000
v 1.039766 -0.385266 1.000000
v 1.050403 -0.384005 1.000000
v 1.060978 -0.383251 1.000000
v 1.071500 -0.383000 1.000000
v 1.093319 -0.383949 1.000000
v 1.113713 -0.386759 1.000000
v 1.132594 -0.391375 1.000000
v 1.149871 -0.397741 1.000000
v 1.165453 -0.405801 1.000000
v 1.179250 -0.415500 1.000000
v 1.191173 -0.426782 1.000000
v 1.201130 -0.439593 1.000000
v 1.209032 -0.453875 1.000000
v 1.214788 -0.469574 1.000000
v 1.218307 -0.486634 1.000000
v 1.219500 -0.505000 1.000000
v 1.215369 -0.533484 1.000000
v 1.203945 -0.558708 1.000000
v 1.186688 -0.581078 1.000000
v 1.165056 -0.601000 1.000000
v 1.140507 -0.618880 1.000000
v 1.114500 -0.635125 1.000000
v 1.088493 -0.650141 1.000000
v 1.063945 -0.664333 1.000000
v 1.042313 -0.678109 1.000000
v 1.025056 -0.691875 1.000000
v 1.013632 -0.706037 1.000000
v 1.009501 -0.721000 1.000000
v 1.010112 -0.728688 1.000000
v 1.011889 -0.735750 1.000000
v 1.014750 -0.742188 1.000000
v 1.018612 -0.748000 1.000000
v 1.023389 -0.753188 1.000000
v 1.029000 -0.757750 1.000000
v 1.035362 -0.761688 1.000000
v 1.042389 -0.765000 1.000000
v 1.050000 -0.767688 1.000000
v 1.058112 -0.769750 1.000000
v 1.066639 -0.771188 1.000000
v 1.075500 -0.772000 1.000000
v 1.084848 -0.771603 1.000000
v 1.094862 -0.770407 1.000000
v 1.105500 -0.768406 1.000000
v 1.116723 -0.765593 1.000000
v 1.128487 -0.761960 1.000000
v 1.140751 -0.757500 1.000000
v 1.153473 -0.752207 1.000000
v 1.166612 -0.746074 1.000000
v 1.180126 -0.739094 1.000000
v 1.193973 -0.731259 1.000000
v 1.208112 -0.722564 1.000000
v 1.222500 -0.713000 1.000000
v 1.222500 -0.809000 1.000000
v 1.208297 -0.816109 1.000000
v 1.194625 -0.822454 1.000000
v 1.181391 -0.828063 1.000000
v 1.168501 -0.832963 1.000000
v 1.155860 -0.837183 1.000000
v 1.143376 -0.840750 1.000000
v 1.130954 -0.843692 1.000000
v 1.118501 -0.846037 1.000000
v 1.105922 -0.847813 1.000000
v 1.093126 -0.849046 1.000000
v 1.080016 -0.849766 1.000000
v 1.066500 -0.850000 1.000000
v 1.045732 -0.848912 1.000000
v 1.026024 -0.845708 1.000000
v 1.007516 -0.840484 1.000000
v 0.990352 -0.833333 1.000000
v 0.974675 -0.824349 1.000000
v 0.960626 -0.813625 1.000000
v 0.948347 -0.801255 1.000000
v 0.937982 -0.787333 1.000000
v 0.929672 -0.771953 1.000000
v 0.923561 -0.755208 1.000000
v 0.919789 -0.737193 1.000000
v 0.918500 -0.718000 1.000000
v 0.919074 -0.706793 1.000000
v 0.920843 -0.696097 1.000000
v 0.923875 -0.685797 1.000000
v 0.928241 -0.675778 1.000000
v 0.934010 -0.665925 1.000000
v 0.941250 -0.656125 1.000000
v 0.950033 -0.646262 1.000000
v 0.960426 -0.636222 1.000000
v 0.972500 -0.625891 1.000000
v 0.986324 -0.615153 1.000000
v 1.001968 -0.603894 1.000000
v 1.019500 -0.592000 1.000000
v 1.038241 -0.580948 1.000000
v 1.055005 -0.570750 1.000000
v 1.069860 -0.561344 1.000000
v 1.082871 -0.552667 1.000000
v 1.094104 -0.544656 1.000000
v 1.103626 -0.537250 1.000000
v 1.111501 -0.530385 1.000000
v 1.117797 -0.524000 1.000000
v 1.122579 -0.518031 1.000000
v 1.125913 -0.512417 1.000000
v 1.127864 -0.507094 1.000000
v 1.128500 -0.502000 1.000000
v 1.128027 -0.496152 1.000000
v 1.126630 -0.490630 1.000000
v 1.124344 -0.485469 1.000000
v 1.121204 -0.480704 1.000000
v 1.117245 -0.476369 1.000000
v 1.112500 -0.472500 1.000000
v 1.107006 -0.469131 1.000000
v 1.100797 -0.466296 1.000000
v 1.093907 -0.464031 1.000000
v 1.086371 -0.462370 1.000000
v 1.078224 -0.461348 1.000000
v 1.069500 -0.461000 1.000000
v 1.060965 -0.461295 1.000000
v 1.051885 -0.462190 1.000000
v 1.042297 -0.463703 1.000000
v 1.032241 -0.465852 1.000000
v 1.021755 -0.468653 1.000000
v 1.010875 -0.472125 1.000000
v 0.999642 -0.476284 1.000000
v 0.988093 -0.481148 1.000000
v 0.976266 -0.486734 1.000000
v 0.964200 -0.493060 1.000000
v 0.951932 -0.500143 1.000000
v 0.939500 -0.508000 1.000000
v 1.304500 -0.711000 1.000000
v 1.317482 -0.719205 1.000000
v 1.330436 -0.726806 1.000000
v 1.343375 -0.733781 1.000000
v 1.356315 -0.740111 1.000000
v 1.369269 -0.745774 1.000000
v 1.382251 -0.750750 1.000000
v 1.395274 -0.755017 1.000000
v 1.408352 -0.758556 1.000000
v 1.421501 -0.761344 1.000000
v 1.434732 -0.763361 1.000000
v 1.448061 -0.764587 1.000000
v 1.461500 -0.765000 1.000000
v 1.482270 -0.764044 1.000000
v 1.501575 -0.761181 1.000000
v 1.519407 -0.756422 1.000000
v 1.535760 -0.749778 1.000000
v 1.550627 -0.741259 1.000000
v 1.564000 -0.730875 1.000000
v 1.575874 -0.718637 1.000000
v 1.586241 -0.704556 1.000000
v 1.595094 -0.688641 1.000000
v 1.602426 -0.670903 1.000000
v 1.608231 -0.651353 1.000000
v 1.612500 -0.630000 1.000000
v 1.296500 -0.630000 1.000000
v 1.298065 -0.590269 1.000000
v 1.302681 -0.554065 1.000000
v 1.310235 -0.521375 1.000000
v 1.320611 -0.492185 1.000000
v 1.333696 -0.466482 1.000000
v 1.349375 -0.444250 1.000000
v 1.367533 -0.425477 1.000000
v 1.388056 -0.410148 1.000000
v 1.410828 -0.398250 1.000000
v 1.435736 -0.389769 1.000000
v 1.462665 -0.384690 1.000000
v 1.491500 -0.383000 1.000000
v 1.521681 -0.384889 1.000000
v 1.550112 -0.390445 1.000000
v 1.576625 -0.399500 1.000000
v 1.601056 -0.411889 1.000000
v 1.623237 -0.427445 1.000000
v 1.643000 -0.446000 1.000000
v 1.660181 -0.467389 1.000000
v 1.674612 -0.491445 1.000000
v 1.686125 -0.518000 1.000000
v 1.694556 -0.546889 1.000000
v 1.699737 -0.577945 1.000000
v 1.701500 -0.611000 1.000000
v 1.699885 -0.641751 1.000000
v 1.695074 -0.671759 1.000000
v 1.687125 -0.700656 1.000000
v 1.676093 -0.728074 1.000000
v 1.662033 -0.753645 1.000000
v 1.645000 -0.777000 1.000000
v 1.625051 -0.797772 1.000000
v 1.602241 -0.815593 1.000000
v 1.576625 -0.830094 1.000000
v 1.548260 -0.840907 1.000000
v 1.517199 -0.847666 1.000000
v 1.483500 -0.850000 1.000000
v 1.465044 -0.849645 1.000000
v 1.447602 -0.848574 1.000000
v 1.431063 -0.846781 1.000000
v 1.415315 -0.844259 1.000000
v 1.400248 -0.841001 1.000000
v 1.385751 -0.837000 1.000000
v 1.371711 -0.832249 1.000000
v 1.358019 -0.826741 1.000000
v 1.344563 -0.820469 1.000000
v 1.331232 -0.813426 1.000000
v 1.317915 -0.805605 1.000000
v 1.304500 -0.797000 1.000000
v 1.610500 -0.571000 1.000000
v 1.606897 -0.553901 1.000000
v 1.602093 -0.538125 1.000000
v 1.596094 -0.523703 1.000000
v 1.588908 -0.510667 1.000000
v 1.580541 -0.499047 1.000000
v 1.571000 -0.488875 1.000000
v 1.560293 -0.480182 1.000000
v 1.548426 -0.473000 1.000000
v 1.535407 -0.467359 1.000000
v 1.521241 -0.463292 1.000000
v 1.505937 -0.460828 1.000000
v 1.489500 -0.460000 1.000000
v 1.474257 -0.460885 1.000000
v 1.460056 -0.463500 1.000000
v 1.446938 -0.467781 1.000000
v 1.434945 -0.473667 1.000000
v 1.424119 -0.481094 1.000000
v 1.414500 -0.490000 1.000000
v 1.406132 -0.500323 1.000000
v 1.399056 -0.512000 1.000000
v 1.393313 -0.524969 1.000000
v 1.388945 -0.539167 1.000000
v 1.385994 -0.554531 1.000000
v 1.384500 -0.571000 1.000000
v 2.069500 -0.392000 1.000000
v 2.069500 -0.841000 1.000000
v 1.980500 -0.841000 1.000000
v 1.980500 -0.606000 1.000000
v 1.979521 -0.587109 1.000000
v 1.976663 -0.569042 1.000000
v 1.972047 -0.551953 1.000000
v 1.965797 -0.536000 1.000000
v 1.958032 -0.521339 1.000000
v 1.948875 -0.508125 1.000000
v 1.938448 -0.496516 1.000000
v 1.926871 -0.486667 1.000000
v 1.914266 -0.478734 1.000000
v 1.900755 -0.472875 1.000000
v 1.886459 -0.469245 1.000000
v 1.871500 -0.468000 1.000000
v 1.865972 -0.468369 1.000000
v 1.859936 -0.469454 1.000000
v 1.853469 -0.471219 1.000000
v 1.846649 -0.473630 1.000000
v 1.839550 -0.476652 1.000000
v 1.832250 -0.480250 1.000000
v 1.824826 -0.484390 1.000000
v 1.817352 -0.489037 1.000000
v 1.809907 -0.494156 1.000000
v 1.802565 -0.499713 1.000000
v 1.795405 -0.505673 1.000000
v 1.788500 -0.512000 1.000000
v 1.741500 -0.435000 1.000000
v 1.750691 -0.426624 1.000000
v 1.759774 -0.418995 1.000000
v 1.768766 -0.412109 1.000000
v 1.777686 -0.405963 1.000000
v 1.786550 -0.400553 1.000000
v 1.795375 -0.395875 1.000000
v 1.804181 -0.391927 1.000000
v 1.812982 -0.388704 1.000000
v 1.821797 -0.386203 1.000000
v 1.830644 -0.384421 1.000000
v 1.839539 -0.383355 1.000000
v 1.848500 -0.383000 1.000000
v 1.859022 -0.383695 1.000000
v 1.869588 -0.385810 1.000000
v 1.880204 -0.389391 1.000000
v 1.890871 -0.394482 1.000000
v 1.901594 -0.401128 1.000000
v 1.912375 -0.409375 1.000000
v 1.923220 -0.419268 1.000000
v 1.934130 -0.430852 1.000000
v 1.945110 -0.444172 1.000000
v 1.956163 -0.459273 1.000000
v 1.967292 -0.476201 1.000000
v 1.978500 -0.495000 1.000000
v 1.980500 -0.495000 1.000000
v 1.980500 -0.392000 1.000000
v 2.578501 -0.159000 1.000000
v 2.578501 -0.841000 1.000000
v 2.480500 -0.841000 1.000000
v 2.480500 -0.546000 1.000000
v 2.378500 -0.546000 1.000000
v 2.340784 -0.544285 1.000000
v 2.306602 -0.539282 1.000000
v 2.275907 -0.531203 1.000000
v 2.248649 -0.520259 1.000000
v 2.224779 -0.506663 1.000000
v 2.204250 -0.490625 1.000000
v 2.187013 -0.472358 1.000000
v 2.173019 -0.452074 1.000000
v 2.162219 -0.429984 1.000000
v 2.154565 -0.406301 1.000000
v 2.150008 -0.381236 1.000000
v 2.148500 -0.355000 1.000000
v 2.149925 -0.328456 1.000000
v 2.154227 -0.302982 1.000000
v 2.161453 -0.278813 1.000000
v 2.171649 -0.256185 1.000000
v 2.184857 -0.235336 1.000000
v 2.201125 -0.216500 1.000000
v 2.220498 -0.199914 1.000000
v 2.243019 -0.185815 1.000000
v 2.268735 -0.174438 1.000000
v 2.297690 -0.166019 1.000000
v 2.329931 -0.160794 1.000000
v 2.365500 -0.159000 1.000000
v 2.480500 -0.247000 1.000000
v 2.365500 -0.247000 1.000000
v 2.344522 -0.248091 1.000000
v 2.326005 -0.251232 1.000000
v 2.309829 -0.256219 1.000000
v 2.295871 -0.262852 1.000000
v 2.284010 -0.270929 1.000000
v 2.274125 -0.280250 1.000000
v 2.266095 -0.290612 1.000000
v 2.259797 -0.301815 1.000000
v 2.255110 -0.313656 1.000000
v 2.251912 -0.325935 1.000000
v 2.250083 -0.338450 1.000000
v 2.249501 -0.351000 1.000000
v 2.250468 -0.367390 1.000000
v 2.253320 -0.382537 1.000000
v 2.257985 -0.396406 1.000000
v 2.264389 -0.408963 1.000000
v 2.272460 -0.420173 1.000000
v 2.282125 -0.430000 1.000000
v 2.293311 -0.438411 1.000000
v 2.305945 -0.445370 1.000000
v 2.319953 -0.450844 1.000000
v 2.335264 -0.454796 1.000000
v 2.351804 -0.457193 1.000000
v 2.369500 -0.458000 1.000000
v 2.480500 -0.458000 1.000000
v -2.451500 0.270000 1.000000
v -2.443387 0.269450 1.000000
v -2.435597 0.267847 1.000000
v -2.428203 0.265266 1.000000
v -2.421278 0.261778 1.000000
v -2.414894 0.257457 1.000000
v -2.409125 0.252375 1.000000
v -2.404043 0.246606 1.000000
v -2.399722 0.240222 1.000000
v -2.396235 0.233297 1.000000
v -2.393653 0.225903 1.000000
v -2.392051 0.218113 1.000000
v -2.391500 0.210000 1.000000
v -2.392050 0.201887 1.000000
v -2.393653 0.194097 1.000000
v -2.396234 0.186703 1.000000
v -2.399722 0.179778 1.000000
v -2.404043 0.173394 1.000000
v -2.409125 0.167625 1.000000
v -2.414894 0.162543 1.000000
v -2.421278 0.158222 1.000000
v -2.428203 0.154734 1.000000
v -2.435597 0.152153 1.000000
v -2.443387 0.150550 1.000000
v -2.451500 0.150000 1.000000
v -2.459613 0.150550 1.000000
v -2.467403 0.152153 1.000000
v -2.474797 0.154734 1.000000
v -2.481722 0.158222 1.000000
v -2.488106 0.162543 1.000000
v -2.493875 0.167625 1.000000
v -2.498956 0.173394 1.000000
v -2.503278 0.179778 1.000000
v -2.506765 0.186703 1.000000
v -2.509347 0.194097 1.000000
v -2.510949 0.201887 1.000000
v -2.511500 0.210000 1.000000
v -2.510950 0.218113 1.000000
v -2.509347 0.225903 1.000000
v -2.506766 0.233297 1.000000
v -2.503278 0.240222 1.000000
v -2.498957 0.246606 1.000000
v -2.493875 0.252375 1.000000
v -2.488106 0.257457 1.000000
v -2.481722 0.261778 1.000000
v -2.474797 0.265266 1.000000
v -2.467403 0.267847 1.000000
v -2.459613 0.269450 1.000000
v -2.232500 0.270000 1.000000
v -2.224387 0.269450 1.000000
v -2.216597 0.267847 1.000000
v -2.209203 0.265266 1.000000
v -2.202278 0.261778 1.000000
v -2.195894 0.257457 1.000000
v -2.190125 0.252375 1.000000
v -2.185043 0.246606 1.000000
v -2.180722 0.240222 1.000000
v -2.177234 0.233297 1.000000
v -2.174653 0.225903 1.000000
v -2.173050 0.218113 1.000000
v -2.172500 0.210000 1.000000
v -2.173050 0.201887 1.000000
v -2.174653 0.194097 1.000000
v -2.177234 0.186703 1.000000
v -2.180722 0.179778 1.000000
v -2.185043 0.173394 1.000000
v -2.190125 0.167625 1.000000
v -2.195894 0.162543 1.000000
v -2.202277 0.158222 1.000000
v -2.209203 0.154734 1.000000
v -2.216597 0.152153 1.000000
v -2.224387 0.150550 1.000000
v -2.232500 0.150000 1.000000
v -2.240613 0.150550 1.000000
v -2.248403 0.152153 1.000000
v -2.255797 0.154734 1.000000
v -2.262722 0.158222 1.000000
v -2.269106 0.162543 1.000000
v -2.274875 0.167625 1.000000
v -2.279956 0.173394 1.000000
v -2.284277 0.179778 1.000000
v -2.287765 0.186703 1.000000
v -2.290347 0.194097 1.000000
v -2.291949 0.201887 1.000000
v -2.292500 0.210000 1.000000
v -2.291950 0.218113 1.000000
v -2.290347 0.225903 1.000000
v -2.287766 0.233297 1.000000
v -2.284278 0.240222 1.000000
v -2.279957 0.246606 1.000000
v -2.274875 0.252375 1.000000
v -2.269106 0.257457 1.000000
v -2.262722 0.261778 1.000000
v -2.255797 0.265266 1.000000
v -2.248403 0.267847 1.000000
v -2.240613 0.269450 1.000000
v -2.013500 0.270000 1.000000
v -2.005387 0.269450 1.000000
v -1.997597 0.267847 1.000000
v -1.990203 0.265266 1.000000
v -1.983278 0.261778 1.000000
v -1.976894 0.257457 1.000000
v -1.971125 0.252375 1.000000
v -1.966043 0.246606 1.000000
v -1.961722 0.240222 1.000000
v -1.958234 0.233297 1.000000
v -1.955653 0.225903 1.000000
v -1.954050 0.218113 1.000000
v -1.953500 0.210000 1.000000
v -1.954050 0.201887 1.000000
v -1.955653 0.194097 1.000000
v -1.958234 0.186703 1.000000
v -1.961722 0.179778 1.000000
v -1.966043 0.173394 1.000000
v -1.971125 0.167625 1.000000
v -1.976894 0.162543 1.000000
v -1.983278 0.158222 1.000000
v -1.990203 0.154734 1.000000
v -1.997597 0.152153 1.000000
v -2.005387 0.150550 1.000000
v -2.013500 0.150000 1.000000
v -2.021613 0.150550 1.000000
v -2.029403 0.152153 1.000000
v -2.036797 0.154734 1.000000
v -2.043722 0.158222 1.000000
v -2.050106 0.162543 1.000000
v -2.055875 0.167625 1.000000
v -2.060956 0.173394 1.000000
v -2.065278 0.179778 1.000000
v -2.068765 0.186703 1.000000
v -2.071347 0.194097 1.000000
v -2.072949 0.201887 1.000000
v -2.073500 0.210000 1.000000
v -2.072950 0.218113 1.000000
v -2.071347 0.225903 1.000000
v -2.068766 0.233297 1.000000
v -2.065278 0.240222 1.000000
v -2.060957 0.246606 1.000000
v -2.055875 0.252375 1.000000
v -2.050106 0.257457 1.000000
v -2.043722 0.261778 1.000000
v -2.036797 0.265266 1.000000
v -2.029403 0.267847 1.000000
v -2.021613 0.269450 1.000000
v -1.577500 0.608000 1.000000
v -1.577500 0.159000 1.000000
v -1.666500 0.159000 1.000000
v -1.666500 0.394000 1.000000
v -1.667480 0.412891 1.000000
v -1.670338 0.430958 1.000000
v -1.674953 0.448047 1.000000
v -1.681204 0.464000 1.000000
v -1.688968 0.478661 1.000000
v -1.698125 0.491875 1.000000
v -1.708553 0.503484 1.000000
v -1.720130 0.513333 1.000000
v -1.732734 0.521266 1.000000
v -1.746245 0.527125 1.000000
v -1.760541 0.530755 1.000000
v -1.775500 0.532000 1.000000
v -1.781029 0.531631 1.000000
v -1.787065 0.530546 1.000000
v -1.793531 0.528781 1.000000
v -1.800352 0.526370 1.000000
v -1.807450 0.523348 1.000000
v -1.814750 0.519750 1.000000
v -1.822175 0.515610 1.000000
v -1.829648 0.510963 1.000000
v -1.837093 0.505844 1.000000
v -1.844435 0.500287 1.000000
v -1.851596 0.494327 1.000000
v -1.858500 0.488000 1.000000
v -1.905500 0.565000 1.000000
v -1.896309 0.573376 1.000000
v -1.887227 0.581005 1.000000
v -1.878234 0.587891 1.000000
v -1.869315 0.594037 1.000000
v -1.860451 0.599447 1.000000
v -1.851625 0.604125 1.000000
v -1.842820 0.608073 1.000000
v -1.834018 0.611296 1.000000
v -1.825203 0.613797 1.000000
v -1.816356 0.615579 1.000000
v -1.807461 0.616645 1.000000
v -1.798500 0.617000 1.000000
v -1.787978 0.616305 1.000000
v -1.777412 0.614190 1.000000
v -1.766797 0.610609 1.000000
v -1.756130 0.605518 1.000000
v -1.745407 0.598872 1.000000
v -1.734625 0.590625 1.000000
v -1.723781 0.580732 1.000000
v -1.712870 0.569148 1.000000
v -1.701890 0.555828 1.000000
v -1.690838 0.540727 1.000000
v -1.679709 0.523799 1.000000
v -1.668500 0.505000 1.000000
v -1.666500 0.505000 1.000000
v -1.666500 0.608000 1.000000
v -1.467500 0.289000 1.000000
v -1.454518 0.280795 1.000000
v -1.441565 0.273194 1.000000
v -1.428625 0.266219 1.000000
v -1.415685 0.259889 1.000000
v -1.402731 0.254226 1.000000
v -1.389750 0.249250 1.000000
v -1.376727 0.244983 1.000000
v -1.363648 0.241444 1.000000
v -1.350500 0.238656 1.000000
v -1.337268 0.236639 1.000000
v -1.323940 0.235413 1.000000
v -1.310500 0.235000 1.000000
v -1.289730 0.235957 1.000000
v -1.270426 0.238819 1.000000
v -1.252594 0.243578 1.000000
v -1.236241 0.250222 1.000000
v -1.221374 0.258741 1.000000
v -1.208000 0.269125 1.000000
v -1.196126 0.281363 1.000000
v -1.185759 0.295444 1.000000
v -1.176906 0.311359 1.000000
v -1.169574 0.329097 1.000000
v -1.163769 0.348647 1.000000
v -1.159500 0.370000 1.000000
v -1.475500 0.370000 1.000000
v -1.473935 0.409731 1.000000
v -1.469319 0.445935 1.000000
v -1.461765 0.478625 1.000000
v -1.451389 0.507815 1.000000
v -1.438304 0.533518 1.000000
v -1.422625 0.555750 1.000000
v -1.404467 0.574523 1.000000
v -1.383944 0.589852 1.000000
v -1.361172 0.601750 1.000000
v -1.336264 0.610232 1.000000
v -1.309335 0.615310 1.000000
v -1.280500 0.617000 1.000000
v -1.250319 0.615111 1.000000
v -1.221889 0.609556 1.000000
v -1.195375 0.600500 1.000000
v -1.170944 0.588111 1.000000
v -1.148764 0.572556 1.000000
v -1.129000 0.554000 1.000000
v -1.111819 0.532611 1.000000
v -1.097389 0.508556 1.000000
v -1.085875 0.482000 1.000000
v -1.077444 0.453111 1.000000
v -1.072264 0.422056 1.000000
v -1.070500 0.389000 1.000000
v -1.072116 0.358249 1.000000
v -1.076926 0.328241 1.000000
v -1.084875 0.299344 1.000000
v -1.095907 0.271926 1.000000
v -1.109967 0.246355 1.000000
v -1.127000 0.223000 1.000000
v -1.146949 0.202228 1.000000
v -1.169759 0.184407 1.000000
v -1.195375 0.169906 1.000000
v -1.223741 0.159093 1.000000
v -1.254801 0.152334 1.000000
v -1.288500 0.150000 1.000000
v -1.306956 0.150355 1.000000
v -1.324398 0.151426 1.000000
v -1.340937 0.153219 1.000000
v -1.356685 0.155741 1.000000
v -1.371752 0.158999 1.000000
v -1.386250 0.163000 1.000000
v -1.400289 0.167751 1.000000
v -1.413981 0.173259 1.000000
v -1.427437 0.179531 1.000000
v -1.440768 0.186574 1.000000
v -1.454085 0.194395 1.000000
v -1.467500 0.203000 1.000000
v -1.161500 0.429000 1.000000
v -1.165103 0.446099 1.000000
v -1.169907 0.461875 1.000000
v -1.175906 0.476297 1.000000
v -1.183092 0.489333 1.000000
v -1.191459 0.500953 1.000000
v -1.201000 0.511125 1.000000
v -1.211707 0.519818 1.000000
v -1.223574 0.527000 1.000000
v -1.236593 0.532641 1.000000
v -1.250759 0.536708 1.000000
v -1.266063 0.539172 1.000000
v -1.282500 0.540000 1.000000
v -1.297743 0.539115 1.000000
v -1.311944 0.536500 1.000000
v -1.325062 0.532219 1.000000
v -1.337055 0.526333 1.000000
v -1.347882 0.518906 1.000000
v -1.357500 0.510000 1.000000
v -1.365868 0.499677 1.000000
v -1.372944 0.488000 1.000000
v -1.378687 0.475031 1.000000
v -1.383055 0.460833 1.000000
v -1.386007 0.445469 1.000000
v -1.387500 0.429000 1.000000
v -0.797500 0.150000 1.000000
v -0.827500 0.150000 1.000000
v -1.025500 0.608000 1.000000
v -0.930500 0.608000 1.000000
v -0.812500 0.332000 1.000000
v -0.691500 0.608000 1.000000
v -0.594500 0.608000 1.000000
v 0.186500 0.500000 1.000000
v 0.183597 0.454251 1.000000
v 0.175023 0.409838 1.000000
v 0.160985 0.367266 1.000000
v 0.141686 0.327037 1.000000
v 0.117331 0.289656 1.000000
v 0.088125 0.255625 1.000000
v 0.054274 0.225448 1.000000
v 0.015982 0.199630 1.000000
v -0.026547 0.178672 1.000000
v -0.073106 0.163079 1.000000
v -0.123492 0.153354 1.000000
v -0.177500 0.150000 1.000000
v -0.233286 0.153373 1.000000
v -0.285041 0.163148 1.000000
v -0.332609 0.178812 1.000000
v -0.375833 0.199852 1.000000
v -0.414557 0.225752 1.000000
v -0.448625 0.256000 1.000000
v -0.477880 0.290081 1.000000
v -0.502166 0.327481 1.000000
v -0.521328 0.367687 1.000000
v -0.535208 0.410185 1.000000
v -0.543651 0.454461 1.000000
v -0.546500 0.500000 1.000000
v -0.543576 0.546800 1.000000
v -0.534940 0.591898 1.000000
v -0.520797 0.634844 1.000000
v -0.501352 0.675185 1.000000
v -0.476809 0.712471 1.000000
v -0.447375 0.746250 1.000000
v -0.413253 0.776071 1.000000
v -0.374648 0.801481 1.000000
v -0.331765 0.822031 1.000000
v -0.284810 0.837269 1.000000
v -0.233986 0.846742 1.000000
v -0.179500 0.850000 1.000000
v -0.125873 0.846723 1.000000
v -0.075652 0.837199 1.000000
v -0.029078 0.821891 1.000000
v 0.013611 0.801259 1.000000
v 0.052176 0.775767 1.000000
v 0.086375 0.745875 1.000000
v 0.115971 0.712046 1.000000
v 0.140723 0.674741 1.000000
v 0.160391 0.634422 1.000000
v 0.174736 0.591551 1.000000
v 0.183519 0.546590 1.000000
v 0.085500 0.500000 1.000000
v 0.083189 0.536626 1.000000
v 0.076426 0.571343 1.000000
v 0.065469 0.603906 1.000000
v 0.050574 0.634074 1.000000
v 0.031999 0.661603 1.000000
v 0.010000 0.686250 1.000000
v -0.015165 0.707772 1.000000
v -0.043240 0.725926 1.000000
v -0.073968 0.740469 1.000000
v -0.107092 0.751157 1.000000
v -0.142355 0.757749 1.000000
v -0.179500 0.760000 1.000000
v -0.216874 0.757749 1.000000
v -0.252328 0.751157 1.000000
v -0.285609 0.740469 1.000000
v -0.316463 0.725926 1.000000
v -0.344636 0.707772 1.000000
v -0.369875 0.686250 1.000000
v -0.391926 0.661603 1.000000
v -0.410537 0.634074 1.000000
v -0.425453 0.603906 1.000000
v -0.436421 0.571343 1.000000
v -0.443188 0.536626 1.000000
v -0.445500 0.500000 1.000000
v -0.443188 0.463584 1.000000
v -0.436421 0.429005 1.000000
v -0.425453 0.396516 1.000000
v -0.410537 0.366370 1.000000
v -0.391926 0.338822 1.000000
v -0.369875 0.314125 1.000000
v -0.344636 0.292532 1.000000
v -0.316463 0.274296 1.000000
v -0.285609 0.259672 1.000000
v -0.252328 0.248912 1.000000
v -0.216874 0.242270 1.000000
v -0.179500 0.240000 1.000000
v -0.142355 0.242270 1.000000
v -0.107092 0.248912 1.000000
v -0.073968 0.259672 1.000000
v -0.043240 0.274296 1.000000
v -0.015165 0.292532 1.000000
v 0.010000 0.314125 1.000000
v 0.031999 0.338822 1.000000
v 0.050574 0.366370 1.000000
v 0.065469 0.396516 1.000000
v 0.076426 0.429005 1.000000
v 0.083189 0.463584 1.000000
v 0.272500 0.289000 1.000000
v 0.285482 0.280795 1.000000
v 0.298436 0.273194 1.000000
v 0.311375 0.266219 1.000000
v 0.324315 0.259889 1.000000
v 0.337269 0.254226 1.000000
v 0.350250 0.249250 1.000000
v 0.363273 0.244983 1.000000
v 0.376352 0.241444 1.000000
v 0.389500 0.238656 1.000000
v 0.402732 0.236639 1.000000
v 0.416060 0.235413 1.000000
v 0.429500 0.235000 1.000000
v 0.450270 0.235957 1.000000
v 0.469574 0.238819 1.000000
v 0.487407 0.243578 1.000000
v 0.503760 0.250222 1.000000
v 0.518627 0.258741 1.000000
v 0.532000 0.269125 1.000000
v 0.543874 0.281363 1.000000
v 0.554241 0.295444 1.000000
v 0.563094 0.311359 1.000000
v 0.570426 0.329097 1.000000
v 0.576231 0.348647 1.000000
v 0.580500 0.370000 1.000000
v 0.264500 0.370000 1.000000
v 0.266065 0.409731 1.000000
v 0.270681 0.445935 1.000000
v 0.278235 0.478625 1.000000
v 0.288611 0.507815 1.000000
v 0.301697 0.533518 1.000000
v 0.317375 0.555750 1.000000
v 0.335533 0.574523 1.000000
v 0.356056 0.589852 1.000000
v 0.378828 0.601750 1.000000
v 0.403736 0.610232 1.000000
v 0.430665 0.615310 1.000000
v 0.459500 0.617000 1.000000
v 0.489681 0.615111 1.000000
v 0.518111 0.609556 1.000000
v 0.544625 0.600500 1.000000
v 0.569056 0.588111 1.000000
v 0.591236 0.572556 1.000000
v 0.611000 0.554000 1.000000
v 0.628181 0.532611 1.000000
v 0.642611 0.508556 1.000000
v 0.654125 0.482000 1.000000
v 0.662556 0.453111 1.000000
v 0.667736 0.422056 1.000000
v 0.669500 0.389000 1.000000
v 0.667885 0.358249 1.000000
v 0.663074 0.328241 1.000000
v 0.655125 0.299344 1.000000
v 0.644093 0.271926 1.000000
v 0.630033 0.246355 1.000000
v 0.613000 0.223000 1.000000
v 0.593051 0.202228 1.000000
v 0.570241 0.184407 1.000000
v 0.544625 0.169906 1.000000
v 0.516260 0.159093 1.000000
v 0.485199 0.152334 1.000000
v 0.451500 0.150000 1.000000
v 0.433044 0.150355 1.000000
v 0.415602 0.151426 1.000000
v 0.399063 0.153219 1.000000
v 0.383315 0.155741 1.000000
v 0.368248 0.158999 1.000000
v 0.353750 0.163000 1.000000
v 0.339711 0.167751 1.000000
v 0.326019 0.173259 1.000000
v 0.312563 0.179531 1.000000
v 0.299232 0.186574 1.000000
v 0.285915 0.194395 1.000000
v 0.272500 0.203000 1.000000
v 0.578500 0.429000 1.000000
v 0.574897 0.446099 1.000000
v 0.570093 0.461875 1.000000
v 0.564094 0.476297 1.000000
v 0.556908 0.489333 1.000000
v 0.548541 0.500953 1.000000
v 0.539000 0.511125 1.000000
v 0.528293 0.519818 1.000000
v 0.516426 0.527000 1.000000
v 0.503407 0.532641 1.000000
v 0.489241 0.536708 1.000000
v 0.473937 0.539172 1.000000
v 0.457500 0.540000 1.000000
v 0.442257 0.539115 1.000000
v 0.428056 0.536500 1.000000
v 0.414938 0.532219 1.000000
v 0.402945 0.526333 1.000000
v 0.392118 0.518906 1.000000
v 0.382500 0.510000 1.000000
v 0.374132 0.499677 1.000000
v 0.367056 0.488000 1.000000
v 0.361313 0.475031 1.000000
v 0.356945 0.460833 1.000000
v 0.353993 0.445469 1.000000
v 0.352500 0.429000 1.000000
v 1.422500 0.608000 1.000000
v 1.422500 0.159000 1.000000
v 1.333500 0.159000 1.000000
v 1.333500 0.485000 1.000000
v 1.324383 0.495154 1.000000
v 1.315482 0.504153 1.000000
v 1.306719 0.512047 1.000000
v 1.298019 0.518889 1.000000
v 1.289305 0.524731 1.000000
v 1.280500 0.529625 1.000000
v 1.271529 0.533623 1.000000
v 1.262315 0.536778 1.000000
v 1.252782 0.539141 1.000000
v 1.242852 0.540764 1.000000
v 1.232451 0.541700 1.000000
v 1.221500 0.542000 1.000000
v 1.210664 0.541348 1.000000
v 1.200223 0.539366 1.000000
v 1.190282 0.536016 1.000000
v 1.180945 0.531259 1.000000
v 1.172316 0.525058 1.000000
v 1.164500 0.517375 1.000000
v 1.157601 0.508171 1.000000
v 1.151723 0.497407 1.000000
v 1.146969 0.485047 1.000000
v 1.143445 0.471051 1.000000
v 1.141254 0.455381 1.000000
v 1.140500 0.438000 1.000000
v 1.140500 0.159000 1.000000
v 1.051500 0.159000 1.000000
v 1.051500 0.485000 1.000000
v 1.043364 0.493073 1.000000
v 1.034996 0.500750 1.000000
v 1.026453 0.507969 1.000000
v 1.017797 0.514667 1.000000
v 1.009084 0.520781 1.000000
v 1.000375 0.526250 1.000000
v 0.991729 0.531010 1.000000
v 0.983204 0.535000 1.000000
v 0.974860 0.538156 1.000000
v 0.966755 0.540417 1.000000
v 0.958949 0.541719 1.000000
v 0.951500 0.542000 1.000000
v 0.938957 0.541233 1.000000
v 0.926903 0.538944 1.000000
v 0.915453 0.535156 1.000000
v 0.904723 0.529889 1.000000
v 0.894825 0.523163 1.000000
v 0.885875 0.515000 1.000000
v 0.877988 0.505420 1.000000
v 0.871278 0.494444 1.000000
v 0.865860 0.482094 1.000000
v 0.861848 0.468389 1.000000
v 0.859356 0.453351 1.000000
v 0.858500 0.437000 1.000000
v 0.858500 0.159000 1.000000
v 0.769500 0.159000 1.000000
v 0.769500 0.441000 1.000000
v 0.770694 0.466730 1.000000
v 0.774218 0.490843 1.000000
v 0.779985 0.513219 1.000000
v 0.787908 0.533741 1.000000
v 0.797900 0.552290 1.000000
v 0.809875 0.568750 1.000000
v 0.823746 0.583001 1.000000
v 0.839426 0.594926 1.000000
v 0.856828 0.604406 1.000000
v 0.875866 0.611324 1.000000
v 0.896452 0.615561 1.000000
v 0.918500 0.617000 1.000000
v 0.934151 0.616247 1.000000
v 0.949125 0.614056 1.000000
v 0.963453 0.610531 1.000000
v 0.977167 0.605778 1.000000
v 0.990297 0.599899 1.000000
v 1.002875 0.593000 1.000000
v 1.014933 0.585184 1.000000
v 1.026500 0.576556 1.000000
v 1.037610 0.567219 1.000000
v 1.048292 0.557278 1.000000
v 1.058578 0.546837 1.000000
v 1.068500 0.536000 1.000000
v 1.076350 0.548727 1.000000
v 1.084885 0.560403 1.000000
v 1.094079 0.571016 1.000000
v 1.103908 0.580556 1.000000
v 1.114348 0.589012 1.000000
v 1.125375 0.596375 1.000000
v 1.136965 0.602634 1.000000
v 1.149093 0.607778 1.000000
v 1.161735 0.611797 1.000000
v 1.174866 0.614681 1.000000
v 1.188463 0.616418 1.000000
v 1.202500 0.617000 1.000000
v 1.213022 0.616540 1.000000
v 1.223593 0.615157 1.000000
v 1.234219 0.612844 1.000000
v 1.244908 0.609593 1.000000
v 1.255666 0.605397 1.000000
v 1.266500 0.600250 1.000000
v 1.277418 0.594145 1.000000
v 1.288426 0.587074 1.000000
v 1.299532 0.579031 1.000000
v 1.310741 0.570009 1.000000
v 1.322062 0.560001 1.000000
v 1.333500 0.549000 1.000000
v 1.333500 0.608000 1.000000
v 1.497500 0.239000 1.000000
v 1.502455 0.235377 1.000000
v 1.507301 0.232014 1.000000
v 1.512016 0.228922 1.000000
v 1.516575 0.226111 1.000000
v 1.520952 0.223592 1.000000
v 1.525126 0.221375 1.000000
v 1.529069 0.219470 1.000000
v 1.532760 0.217889 1.000000
v 1.536172 0.216641 1.000000
v 1.539283 0.215736 1.000000
v 1.542067 0.215186 1.000000
v 1.544500 0.215000 1.000000
v 1.547146 0.215128 1.000000
v 1.549579 0.215523 1.000000
v 1.551797 0.216203 1.000000
v 1.553797 0.217185 1.000000
v 1.555574 0.218487 1.000000
v 1.557125 0.220125 1.000000
v 1.558448 0.222117 1.000000
v 1.559537 0.224481 1.000000
v 1.560391 0.227234 1.000000
v 1.561005 0.230393 1.000000
v 1.561376 0.233976 1.000000
v 1.561500 0.238000 1.000000
v 1.561500 0.469000 1.000000
v 1.562970 0.493339 1.000000
v 1.567255 0.515380 1.000000
v 1.574172 0.535156 1.000000
v 1.583538 0.552704 1.000000
v 1.595167 0.568057 1.000000
v 1.608876 0.581250 1.000000
v 1.624480 0.592318 1.000000
v 1.641797 0.601296 1.000000
v 1.660641 0.608219 1.000000
v 1.680829 0.613120 1.000000
v 1.702177 0.616036 1.000000
v 1.724500 0.617000 1.000000
v 1.740418 0.616583 1.000000
v 1.755676 0.615329 1.000000
v 1.770282 0.613234 1.000000
v 1.784241 0.610296 1.000000
v 1.797562 0.606511 1.000000
v 1.810250 0.601875 1.000000
v 1.822314 0.596385 1.000000
v 1.833760 0.590037 1.000000
v 1.844594 0.582828 1.000000
v 1.854824 0.574755 1.000000
v 1.864457 0.565813 1.000000
v 1.873500 0.556000 1.000000
v 1.873500 0.459000 1.000000
v 1.862609 0.471170 1.000000
v 1.851454 0.482190 1.000000
v 1.840063 0.492078 1.000000
v 1.828463 0.500852 1.000000
v 1.816683 0.508528 1.000000
v 1.804750 0.515125 1.000000
v 1.792693 0.520659 1.000000
v 1.780537 0.525148 1.000000
v 1.768313 0.528609 1.000000
v 1.756047 0.531060 1.000000
v 1.743767 0.532518 1.000000
v 1.731500 0.533000 1.000000
v 1.718563 0.532515 1.000000
v 1.706751 0.531037 1.000000
v 1.696063 0.528531 1.000000
v 1.686501 0.524963 1.000000
v 1.678063 0.520297 1.000000
v 1.670750 0.514500 1.000000
v 1.664563 0.507536 1.000000
v 1.659500 0.499370 1.000000
v 1.655563 0.489969 1.000000
v 1.652750 0.479296 1.000000
v 1.651063 0.467318 1.000000
v 1.650500 0.454000 1.000000
v 1.650500 0.430000 1.000000
v 1.729500 0.402000 1.000000
v 1.747636 0.395444 1.000000
v 1.765834 0.388634 1.000000
v 1.783782 0.381359 1.000000
v 1.801167 0.373407 1.000000
v 1.817677 0.364567 1.000000
v 1.833000 0.354625 1.000000
v 1.846823 0.343371 1.000000
v 1.858834 0.330593 1.000000
v 1.868719 0.316078 1.000000
v 1.876167 0.299616 1.000000
v 1.880865 0.280994 1.000000
v 1.882500 0.260000 1.000000
v 1.881596 0.245652 1.000000
v 1.878936 0.231713 1.000000
v 1.874594 0.218344 1.000000
v 1.868649 0.205704 1.000000
v 1.861175 0.193952 1.000000
v 1.852250 0.183250 1.000000
v 1.841951 0.173756 1.000000
v 1.830352 0.165630 1.000000
v 1.817532 0.159031 1.000000
v 1.803565 0.154120 1.000000
v 1.788529 0.151057 1.000000
v 1.772500 0.150000 1.000000
v 1.762251 0.150313 1.000000
v 1.752010 0.151255 1.000000
v 1.741782 0.152828 1.000000
v 1.731574 0.155037 1.000000
v 1.721395 0.157885 1.000000
v 1.711250 0.161375 1.000000
v 1.701147 0.165511 1.000000
v 1.691093 0.170296 1.000000
v 1.681094 0.175734 1.000000
v 1.671158 0.181829 1.000000
v 1.661291 0.188583 1.000000
v 1.651500 0.196000 1.000000
v 1.649227 0.188373 1.000000
v 1.646394 0.181481 1.000000
v 1.642985 0.175312 1.000000
v 1.638982 0.169852 1.000000
v 1.634368 0.165086 1.000000
v 1.629125 0.161000 1.000000
v 1.623237 0.157581 1.000000
v 1.616686 0.154815 1.000000
v 1.609454 0.152687 1.000000
v 1.601524 0.151185 1.000000
v 1.592878 0.150294 1.000000
v 1.583500 0.150000 1.000000
v 1.576709 0.150173 1.000000
v 1.570255 0.150718 1.000000
v 1.564016 0.151672 1.000000
v 1.557871 0.153074 1.000000
v 1.551698 0.154962 1.000000
v 1.545375 0.157375 1.000000
v 1.538782 0.160350 1.000000
v 1.531797 0.163926 1.000000
v 1.524297 0.168141 1.000000
v 1.516162 0.173032 1.000000
v 1.507271 0.178639 1.000000
v 1.497500 0.185000 1.000000
v 1.650500 0.250000 1.000000
v 1.656542 0.244440 1.000000
v 1.662667 0.239273 1.000000
v 1.668875 0.234516 1.000000
v 1.675167 0.230185 1.000000
v 1.681542 0.226299 1.000000
v 1.688000 0.222875 1.000000
v 1.694542 0.219930 1.000000
v 1.701167 0.217481 1.000000
v 1.707875 0.215547 1.000000
v 1.714667 0.214143 1.000000
v 1.721542 0.213289 1.000000
v 1.728500 0.213000 1.000000
v 1.737532 0.213533 1.000000
v 1.746088 0.215097 1.000000
v 1.754110 0.217641 1.000000
v 1.761538 0.221111 1.000000
v 1.768312 0.225457 1.000000
v 1.774376 0.230625 1.000000
v 1.779668 0.236564 1.000000
v 1.784130 0.243222 1.000000
v 1.787704 0.250547 1.000000
v 1.790329 0.258486 1.000000
v 1.791948 0.266988 1.000000
v 1.792500 0.276000 1.000000
v 1.791158 0.288703 1.000000
v 1.787260 0.300375 1.000000
v 1.781000 0.311109 1.000000
v 1.772575 0.321000 1.000000
v 1.762176 0.330141 1.000000
v 1.750000 0.338625 1.000000
v 1.736241 0.346547 1.000000
v 1.721093 0.354000 1.000000
v 1.704750 0.361078 1.000000
v 1.687408 0.367875 1.000000
v 1.669260 0.374484 1.000000
v 1.650500 0.381000 1.000000
v 1.975500 0.495000 1.000000
v 2.204500 0.495000 1.000000
v 2.204500 0.407000 1.000000
v 2.073500 0.407000 1.000000
v 2.073500 0.267000 1.000000
v 2.085274 0.263318 1.000000
v 2.097102 0.259792 1.000000
v 2.109000 0.256453 1.000000
v 2.120982 0.253333 1.000000
v 2.133061 0.250464 1.000000
v 2.145251 0.247875 1.000000
v 2.157565 0.245599 1.000000
v 2.170019 0.243667 1.000000
v 2.182626 0.242109 1.000000
v 2.195399 0.240958 1.000000
v 2.208352 0.240245 1.000000
v 2.221500 0.240000 1.000000
v 2.260962 0.242193 1.000000
v 2.298195 0.248630 1.000000
v 2.332969 0.259094 1.000000
v 2.365056 0.273370 1.000000
v 2.394226 0.291244 1.000000
v 2.420250 0.312500 1.000000
v 2.442900 0.336922 1.000000
v 2.461945 0.364296 1.000000
v 2.477157 0.394406 1.000000
v 2.488306 0.427037 1.000000
v 2.495164 0.461973 1.000000
v 2.497500 0.499000 1.000000
v 2.495152 0.535226 1.000000
v 2.488297 0.569722 1.000000
v 2.477219 0.602219 1.000000
v 2.462204 0.632444 1.000000
v 2.443536 0.660128 1.000000
v 2.421500 0.685000 1.000000
v 2.396381 0.706788 1.000000
v 2.368463 0.725222 1.000000
v 2.338031 0.740031 1.000000
v 2.305370 0.750944 1.000000
v 2.270765 0.757691 1.000000
v 2.234500 0.760000 1.000000
v 2.213982 0.759522 1.000000
v 2.193436 0.758093 1.000000
v 2.172875 0.755719 1.000000
v 2.152315 0.752407 1.000000
v 2.131769 0.748166 1.000000
v 2.111250 0.743000 1.000000
v 2.090774 0.736918 1.000000
v 2.070352 0.729926 1.000000
v 2.050000 0.722031 1.000000
v 2.029732 0.713241 1.000000
v 2.009561 0.703561 1.000000
v 1.989500 0.693000 1.000000
v 1.989500 0.792000 1.000000
v 2.015231 0.802594 1.000000
v 2.039098 0.811921 1.000000
v 2.061360 0.820047 1.000000
v 2.082278 0.827037 1.000000
v 2.102113 0.832958 1.000000
v 2.121125 0.837875 1.000000
v 2.139575 0.841855 1.000000
v 2.157723 0.844963 1.000000
v 2.175829 0.847266 1.000000
v 2.194154 0.848829 1.000000
v 2.212957 0.849718 1.000000
v 2.232501 0.850000 1.000000
v 2.283396 0.846873 1.000000
v 2.331834 0.837736 1.000000
v 2.377438 0.822953 1.000000
v 2.419834 0.802889 1.000000
v 2.458647 0.777908 1.000000
v 2.493501 0.748375 1.000000
v 2.524022 0.714655 1.000000
v 2.549834 0.677111 1.000000
v 2.570563 0.636109 1.000000
v 2.585834 0.592014 1.000000
v 2.595272 0.545189 1.000000
v 2.598500 0.496000 1.000000
v 2.595350 0.447178 1.000000
v 2.586126 0.400926 1.000000
v 2.571172 0.357562 1.000000
v 2.550834 0.317407 1.000000
v 2.525454 0.280780 1.000000
v 2.495376 0.248000 1.000000
v 2.460943 0.219387 1.000000
v 2.422501 0.195259 1.000000
v 2.380391 0.175938 1.000000
v 2.334959 0.161741 1.000000
v 2.286547 0.152988 1.000000
v 2.235500 0.150000 1.000000
v 2.212166 0.150338 1.000000
v 2.189574 0.151370 1.000000
v 2.167594 0.153125 1.000000
v 2.146093 0.155630 1.000000
v 2.124939 0.158912 1.000000
v 2.104001 0.163000 1.000000
v 2.083145 0.167921 1.000000
v 2.062241 0.173704 1.000000
v 2.041157 0.180375 1.000000
v 2.019759 0.187963 1.000000
v 1.997918 0.196495 1.000000
v 1.975500 0.206000 1.000000
vn -0.0000 -0.0000 -1.0000
vn -0.0000 -0.0000 1.0000
vn 0.0002 -0.0000 1.0000
vn -0.0001 -0.0000 1.0000
vn -0.0000 1.0000 -0.0000
vn -1.0000 -0.0000 -0.0000
vn 0.0587 0.9983 -0.0000
vn -0.2803 0.9599 -0.0000
vn 0.3546 -0.9350 -0.0000
vn -0.0595 -0.9982 -0.0000
vn 0.8950 0.4460 -0.0000
vn -0.8926 -0.4508 -0.0000
vn -0.8230 0.5681 -0.0000
vn 0.8583 -0.5131 -0.0000
vn 0.4131 0.9107 -0.0000
vn 0.0289 0.9996 -0.0000
vn -0.3572 -0.9340 -0.0000
vn -0.0196 -0.9998 -0.0000
vn -0.0000 -1.0000 -0.0000
vn -0.5306 0.8476 -0.0000
vn 0.1672 -0.9859 -0.0000
vn 0.9677 -0.2520 -0.0000
vn -0.9984 -0.0574 -0.0000
vn 0.7130 0.7012 -0.0000
vn -0.3726 -0.9280 -0.0000
vn -0.2272 0.9738 -0.0000
vn 0.3725 0.9280 -0.0000
vn 0.6224 -0.7827 -0.0000
vn 0.1523 -0.9883 -0.0000
vn -0.5440 -0.8391 -0.0000
vn 0.9980 0.0625 -0.0000
vn -0.8497 0.5272 -0.0000
vn -0.8244 0.5660 -0.0000
vn 0.5424 -0.8402 -0.0000
vn 0.8804 0.4742 -0.0000
vn -0.5778 0.8162 -0.0000
vn 0.0532 0.9986 -0.0000
vn -0.7422 -0.6702 -0.0000
vn 0.4960 -0.8683 -0.0000
vn 0.0712 -0.9975 -0.0000
vn 0.1365 0.9906 -0.0000
vn -0.2894 0.9572 -0.0000
vn 0.2581 -0.9661 -0.0000
vn 0.9389 0.3442 -0.0000
vn -0.3123 -0.9500 -0.0000
vn -0.9967 -0.0807 -0.0000
vn -0.5806 0.8142 -0.0000
vn 0.5298 -0.8481 -0.0000
vn -0.6501 0.7598 -0.0000
vn -0.9987 0.0512 -0.0000
vn 0.9697 0.2441 -0.0000
vn -0.3417 0.9398 -0.0000
vn 0.2464 0.9692 -0.0000
vn 0.4476 -0.8942 -0.0000
vn -0.4972 -0.8676 -0.0000
vn 0.1398 -0.9902 -0.0000
vn -0.2071 0.9783 -0.0000
vn 0.3457 0.9383 -0.0000
vn 0.3472 -0.9378 -0.0000
vn -0.1245 -0.9922 -0.0000
vn -0.9143 -0.4049 -0.0000
vn 0.9979 0.0648 -0.0000
vn -0.6571 0.7538 -0.0000
vn -0.5841 0.8117 -0.0000
vn 0.5005 -0.8657 -0.0000
vn -0.9593 0.2824 -0.0000
vn 0.8330 0.5533 -0.0000
vn -0.4230 0.9061 -0.0000
vn 0.0913 0.9958 -0.0000
vn -0.7097 -0.7045 -0.0000
vn 0.3902 -0.9207 -0.0000
vn 0.0548 -0.9985 -0.0000
vn -0.4631 0.8863 -0.0000
vn 0.5742 0.8187 -0.0000
vn 0.4406 -0.8977 -0.0000
vn -0.5178 -0.8555 -0.0000
vn 0.9959 -0.0903 -0.0000
vn -0.9992 0.0393 -0.0000
vn 0.9986 -0.0525 -0.0000
vn 0.5061 0.8625 -0.0000
vn -0.6133 0.7899 -0.0000
vn 0.1507 0.9886 -0.0000
vn 0.4926 -0.8702 -0.0000
vn -0.2114 -0.9774 -0.0000
vn -0.1191 0.9929 -0.0000
vn 0.6740 0.7388 -0.0000
vn -0.6080 0.7940 -0.0000
vn 0.5281 -0.8492 -0.0000
vn -0.0829 -0.9966 -0.0000
vn -0.9311 -0.3648 -0.0000
vn 0.8281 0.5605 -0.0000
vn -0.8931 0.4498 -0.0000
vn 0.8931 -0.4498 -0.0000
vn -0.8281 -0.5606 -0.0000
vn 0.0677 -0.9977 -0.0000
vn 0.8281 0.5606 -0.0000
vn -0.8281 -0.5605 -0.0000
vn -0.0396 0.9992 -0.0000
vn -0.5674 0.8234 -0.0000
vn 0.7280 0.6856 -0.0000
vn 0.5666 -0.8240 -0.0000
vn 0.0666 -0.9978 -0.0000
vn -0.8837 -0.4680 -0.0000
vn 0.4523 0.8919 -0.0000
vn -0.5984 0.8012 -0.0000
vn 0.3103 -0.9507 -0.0000
vn -0.6303 -0.7764 -0.0000
vn 0.9820 -0.1886 -0.0000
vn 0.9986 0.0533 -0.0000
vn 0.5343 0.8453 -0.0000
vn -0.4972 0.8676 -0.0000
vn 0.2074 0.9782 -0.0000
vn -0.5399 -0.8417 -0.0000
vn 0.6156 -0.7880 -0.0000
vn -0.1581 -0.9874 -0.0000
vn 0.3123 0.9500 -0.0000
vn -0.6581 0.7530 -0.0000
vn 0.3058 -0.9521 -0.0000
vn -0.6499 -0.7600 -0.0000
vn 0.9814 0.1917 -0.0000
vn 0.9815 -0.1913 -0.0000
vn -0.9814 0.1919 -0.0000
vn -0.9823 -0.1873 -0.0000
vn 0.6501 0.7599 -0.0000
vn -0.3089 0.9511 -0.0000
vn 0.6654 -0.7465 -0.0000
vn -0.3128 -0.9498 -0.0000
vn 0.1918 0.9814 -0.0000
vn -0.8172 0.5763 -0.0000
vn 0.0580 -0.9983 -0.0000
vn -0.8115 -0.5843 -0.0000
vn 0.9144 -0.4049 -0.0000
vn 0.9600 0.2801 -0.0000
vn -0.9586 0.2846 -0.0000
vn 0.3114 0.9503 -0.0000
vn 0.8080 -0.5892 -0.0000
vn -0.2578 0.9662 -0.0000
vn -0.4671 -0.8842 -0.0000
vn -0.0613 -0.9981 -0.0000
vn -0.1268 0.9919 -0.0000
vn -0.2016 0.9795 -0.0000
vn 0.4881 0.8728 -0.0000
vn 0.5439 0.8391 -0.0000
vn -0.7558 0.6548 -0.0000
vn -0.7441 -0.6681 -0.0000
vn -0.2406 -0.9706 -0.0000
vn 0.1865 -0.9825 -0.0000
vn 0.5836 -0.8121 -0.0000
vn -0.5318 -0.8469 -0.0000
vn -0.9684 0.2496 -0.0000
vn 0.9597 -0.2810 -0.0000
vn 1.0000 -0.0000 -0.0000
vn 0.2060 0.9786 -0.0000
vn -0.4603 0.8878 -0.0000
vn 0.7354 0.6777 -0.0000
vn -0.4171 -0.9088 -0.0000
vn 0.2283 -0.9736 -0.0000
vn 0.9902 -0.1395 -0.0000
vn 0.4721 0.8816 -0.0000
vn -0.4415 -0.8973 -0.0000
vn -0.9981 0.0612 -0.0000
vn 0.9980 -0.0629 -0.0000
vn 0.5903 0.8072 -0.0000
vn -0.4233 0.9060 -0.0000
vn 0.3467 0.9380 -0.0000
vn -0.5909 0.8068 -0.0000
vn 0.3435 0.9391 -0.0000
vn 0.9583 -0.2857 -0.0000
vn 0.4576 -0.8891 -0.0000
vn -0.2694 -0.9630 -0.0000
vn -0.2925 -0.9563 -0.0000
vn 0.2822 -0.9594 -0.0000
vn 0.1854 0.9827 -0.0000
vn -0.2504 0.9681 -0.0000
vn 0.1147 -0.9934 -0.0000
vn 0.4326 -0.9016 -0.0000
vn -0.6552 -0.7554 -0.0000
vn 0.9449 0.3272 -0.0000
vn -0.9813 0.1926 -0.0000
vn 0.7368 -0.6761 -0.0000
vn -0.2882 0.9576 -0.0000
vn 0.1817 0.9833 -0.0000
vn -0.3342 -0.9425 -0.0000
vn -0.0457 -0.9990 -0.0000
vn 0.1789 0.9839 -0.0000
vn -0.2493 0.9684 -0.0000
vn 0.3937 -0.9192 -0.0000
vn 0.0235 -0.9997 -0.0000
vn -0.8232 -0.5678 -0.0000
vn 0.9471 0.3210 -0.0000
vn -0.8946 0.4468 -0.0000
vn 0.7871 -0.6168 -0.0000
vn 0.3721 0.9282 -0.0000
vn -0.0544 0.9985 -0.0000
vn -0.3924 -0.9198 -0.0000
vn -0.0606 -0.9982 -0.0000
vn -0.9194 -0.3934 -0.0000
vn -0.4046 0.9145 -0.0000
vn 0.2946 -0.9556 -0.0000
vn 0.9895 -0.1446 -0.0000
vn -0.9986 0.0536 -0.0000
vn 0.6010 0.7993 -0.0000
vn -0.4950 -0.8689 -0.0000
vn -0.1778 0.9841 -0.0000
vn 0.4887 0.8724 -0.0000
vn -0.5358 0.8443 -0.0000
vn 0.6673 -0.7448 -0.0000
vn 0.2158 -0.9764 -0.0000
vn -0.4372 -0.8994 -0.0000
vn -0.9820 0.1888 -0.0000
vn 0.9912 -0.1327 -0.0000
vn -0.7008 0.7134 -0.0000
vn 0.6094 -0.7928 -0.0000
vn -0.6339 0.7734 -0.0000
vn 0.8091 0.5876 -0.0000
vn -0.8262 -0.5633 -0.0000
vn -0.0435 0.9991 -0.0000
vn 0.4471 -0.8945 -0.0000
vn 0.0230 -0.9997 -0.0000
vn 0.2375 0.9714 -0.0000
vn 0.3040 -0.9527 -0.0000
vn -0.2152 -0.9766 -0.0000
vn 0.9794 0.2021 -0.0000
vn -0.9695 -0.2453 -0.0000
vn -0.6140 0.7893 -0.0000
vn -0.6134 0.7897 -0.0000
vn 0.5000 -0.8660 -0.0000
vn -0.9866 0.1631 -0.0000
vn 0.9138 0.4061 -0.0000
vn -0.3841 0.9233 -0.0000
vn 0.1662 0.9861 -0.0000
vn -0.6068 -0.7949 -0.0000
vn 0.4210 -0.9071 -0.0000
vn 0.0960 -0.9954 -0.0000
vn -0.1632 0.9866 -0.0000
vn 0.4594 0.8882 -0.0000
vn -0.4561 0.8899 -0.0000
vn 0.3881 -0.9216 -0.0000
vn -0.0399 -0.9992 -0.0000
vn -0.8350 -0.5502 -0.0000
vn 0.9896 -0.1435 -0.0000
vn -0.7121 0.7021 -0.0000
vn -0.5614 0.8275 -0.0000
vn 0.5372 -0.8435 -0.0000
vn -0.9168 0.3995 -0.0000
vn -0.4589 0.8885 -0.0000
vn 0.7356 0.6775 -0.0000
vn -0.0424 0.9991 -0.0000
vn -0.8021 -0.5972 -0.0000
vn 0.3553 -0.9347 -0.0000
vn 0.0173 -0.9999 -0.0000
vn -0.3223 0.9466 -0.0000
vn 0.6845 0.7290 -0.0000
vn -0.3975 -0.9176 -0.0000
vn 0.5657 -0.8246 -0.0000
vn -0.9785 -0.2062 -0.0000
vn -0.9920 0.1265 -0.0000
vn 0.9874 -0.1583 -0.0000
vn -0.7177 0.6964 -0.0000
vn 0.4745 0.8802 -0.0000
vn 0.0916 0.9958 -0.0000
vn 0.3562 -0.9344 -0.0000
vn -0.2660 -0.9640 -0.0000
vn 0.7279 0.6856 -0.0000
vn 0.5665 -0.8240 -0.0000
vn 0.0677 0.9977 -0.0000
vn -0.0677 0.9977 -0.0000
vn -0.8281 0.5606 -0.0000
vn 0.8931 0.4498 -0.0000
vn -0.8931 -0.4498 -0.0000
vn 0.8281 -0.5605 -0.0000
vn -0.0677 -0.9977 -0.0000
vn 0.8281 -0.5606 -0.0000
vn -0.8281 0.5605 -0.0000
vn 0.0659 0.9978 -0.0000
vn -0.5210 0.8536 -0.0000
vn 0.7716 0.6361 -0.0000
vn 0.6035 -0.7974 -0.0000
vn 0.1768 -0.9842 -0.0000
vn -0.8219 -0.5696 -0.0000
vn 0.4405 -0.8977 -0.0000
vn 0.4351 0.9004 -0.0000
vn -0.5498 0.8353 -0.0000
vn 0.4264 -0.9046 -0.0000
vn -0.5430 -0.8397 -0.0000
vn 0.9980 -0.0630 -0.0000
vn -0.9980 -0.0624 -0.0000
vn 0.5434 0.8395 -0.0000
vn -0.4297 0.9030 -0.0000
vn 0.5591 -0.8291 -0.0000
vn -0.4377 -0.8991 -0.0000
vn 0.3232 0.9463 -0.0000
vn -0.7188 0.6952 -0.0000
vn 0.1811 -0.9835 -0.0000
vn -0.7294 -0.6841 -0.0000
vn 0.9558 -0.2941 -0.0000
vn 0.9864 0.1645 -0.0000
vn -0.9806 0.1961 -0.0000
vn -0.3764 0.9265 -0.0000
vn 0.2611 0.9653 -0.0000
vn 0.7212 -0.6927 -0.0000
vn -0.5064 -0.8623 -0.0000
vn -0.1078 -0.9942 -0.0000
vn -0.0414 0.9991 -0.0000
vn -0.0651 0.9979 -0.0000
vn 0.5404 0.8414 -0.0000
vn 0.5979 0.8016 -0.0000
vn -0.6965 0.7176 -0.0000
vn -0.7109 -0.7033 -0.0000
vn -0.1613 -0.9869 -0.0000
vn 0.3141 -0.9494 -0.0000
vn -0.9329 0.3602 -0.0000
vn -0.4823 -0.8760 -0.0000
vn 0.7010 -0.7131 -0.0000
vn 0.9866 -0.1634 -0.0000
vn 0.2734 0.9619 -0.0000
vn -0.3448 0.9387 -0.0000
vn -0.3464 -0.9381 -0.0000
vn 0.3496 -0.9369 -0.0000
vn -0.9982 0.0603 -0.0000
vn 0.9991 -0.0422 -0.0000
vn 0.5443 0.8389 -0.0000
vn -0.3974 -0.9176 -0.0000
vn -0.9945 -0.1051 -0.0000
vn 0.6772 0.7358 -0.0000
vn 0.9823 -0.1875 -0.0000
vn 0.5701 0.8216 -0.0000
vn -0.5399 0.8417 -0.0000
vn -0.7261 0.6876 -0.0000
vn 0.2771 0.9608 -0.0000
vn 0.2792 0.9602 -0.0000
vn 0.9249 -0.3802 -0.0000
vn -0.3253 -0.9456 -0.0000
vn 0.3317 -0.9434 -0.0000
vn -0.3565 -0.9343 -0.0000
vn 0.1861 -0.9825 -0.0000
vn -0.2109 0.9775 -0.0000
vn 0.3084 0.9513 -0.0000
vn 0.1590 -0.9873 -0.0000
vn 0.4659 -0.8849 -0.0000
vn -0.5510 -0.8345 -0.0000
vn 0.9803 0.1976 -0.0000
vn -0.9980 0.0630 -0.0000
vn -0.4065 0.9136 -0.0000
vn 0.6391 -0.7691 -0.0000
vn 0.1533 0.9882 -0.0000
vn -0.3639 -0.9314 -0.0000
vn -0.0796 -0.9968 -0.0000
vn -0.2156 0.9765 -0.0000
vn 0.3003 0.9538 -0.0000
vn 0.4295 -0.9031 -0.0000
vn 0.0718 -0.9974 -0.0000
vn -0.7390 -0.6737 -0.0000
vn 0.9814 0.1921 -0.0000
vn -0.9478 0.3190 -0.0000
vn 0.3294 0.9442 -0.0000
vn 0.6988 -0.7153 -0.0000
vn -0.1678 0.9858 -0.0000
vn -0.4237 -0.9058 -0.0000
vn -0.1032 -0.9947 -0.0000
vn -0.2792 0.9602 -0.0000
vn 0.4292 -0.9032 -0.0000
vn -0.9860 0.1665 -0.0000
vn 0.9989 -0.0464 -0.0000
vn 0.4825 0.8759 -0.0000
vn -0.6156 -0.7880 -0.0000
vn -0.1276 0.9918 -0.0000
vn -0.4966 0.8680 -0.0000
vn 0.6035 0.7974 -0.0000
vn 0.2795 -0.9601 -0.0000
vn -0.3327 -0.9430 -0.0000
vn -0.9969 -0.0787 -0.0000
vn 0.9184 -0.3955 -0.0000
vn -0.5963 0.8028 -0.0000
vn 0.7245 -0.6892 -0.0000
vn -0.6844 0.7291 -0.0000
vn 0.7235 0.6903 -0.0000
vn -0.8950 -0.4460 -0.0000
vn -0.1303 0.9915 -0.0000
vn 0.3954 -0.9185 -0.0000
vn -0.0593 -0.9982 -0.0000
vn -0.9143 -0.4050 -0.0000
vn -0.5841 0.8116 -0.0000
vn -0.1177 0.9930 -0.0000
vn 0.5751 0.8181 -0.0000
vn -0.4273 0.9041 -0.0000
vn 0.4271 -0.9042 -0.0000
vn 0.0345 -0.9994 -0.0000
vn -0.7383 -0.6744 -0.0000
vn -0.7804 0.6252 -0.0000
vn 0.9109 -0.4126 -0.0000
vn -0.5080 0.8614 -0.0000
vn -0.8630 0.5053 -0.0000
vn 0.6236 -0.7817 -0.0000
vn -0.4924 0.8704 -0.0000
vn 0.6309 0.7759 -0.0000
vn -0.1186 0.9929 -0.0000
vn -0.8798 -0.4753 -0.0000
vn 0.3167 -0.9485 -0.0000
vn -0.0523 -0.9986 -0.0000
vn -0.1853 0.9827 -0.0000
vn 0.7796 0.6262 -0.0000
vn -0.2760 -0.9612 -0.0000
vn 0.6794 -0.7337 -0.0000
vn -0.9743 0.2251 -0.0000
vn -0.9566 -0.2913 -0.0000
vn 0.9642 -0.2652 -0.0000
vn -0.8053 0.5929 -0.0000
vn 0.4394 0.8983 -0.0000
vn 0.0307 0.9995 -0.0000
vn -0.3206 -0.9472 -0.0000
vn 0.2126 -0.9771 -0.0000
vn 0.9989 -0.0463 -0.0000
vn 0.2015 0.9795 -0.0000
vn -0.7504 0.6610 -0.0000
vn 0.9441 0.3296 -0.0000
vn -0.9441 -0.3296 -0.0000
vn 0.7504 -0.6610 -0.0000
vn -0.2015 -0.9795 -0.0000
vn 0.1963 0.9805 -0.0000
vn -0.4683 0.8836 -0.0000
vn 0.6397 -0.7687 -0.0000
vn 0.8069 0.5906 -0.0000
vn 0.2633 -0.9647 -0.0000
vn -0.7439 -0.6682 -0.0000
vn -0.4322 0.9018 -0.0000
vn 0.5514 0.8342 -0.0000
vn -0.4278 -0.9039 -0.0000
vn 0.5417 -0.8406 -0.0000
vn -0.9981 0.0624 -0.0000
vn 0.9980 0.0639 -0.0000
vn -0.9980 -0.0630 -0.0000
vn 0.9980 -0.0633 -0.0000
vn -0.9980 0.0633 -0.0000
vn 0.9980 0.0634 -0.0000
vn -0.5447 0.8386 -0.0000
vn 0.4283 0.9036 -0.0000
vn -0.5560 -0.8312 -0.0000
vn 0.4420 -0.8970 -0.0000
vn -0.5400 -0.8417 -0.0000
vn 0.0436 0.9990 -0.0000
vn 0.0481 0.9988 -0.0000
vn -0.6294 0.7771 -0.0000
vn 0.5866 0.8099 -0.0000
vn 0.6434 0.7655 -0.0000
vn -0.8804 0.4743 -0.0000
vn -0.6693 -0.7430 -0.0000
vn -0.0896 -0.9960 -0.0000
vn -0.4239 -0.9057 -0.0000
vn 0.8002 -0.5998 -0.0000
vn 0.9986 -0.0523 -0.0000
vn -0.2359 0.9718 -0.0000
vn 0.3432 0.9393 -0.0000
vn -0.7452 -0.6669 -0.0000
vn -0.2724 -0.9622 -0.0000
vn 0.4839 -0.8751 -0.0000
vn -0.9816 0.1909 -0.0000
vn -0.3649 -0.9310 -0.0000
vn 0.6314 0.7755 -0.0000
vn -0.9485 -0.3168 -0.0000
vn 0.6448 0.7643 -0.0000
vn 0.5484 0.8362 -0.0000
vn 0.9511 -0.3089 -0.0000
vn -0.6487 0.7610 -0.0000
vn -0.8332 0.5530 -0.0000
vn 0.1939 0.9810 -0.0000
vn 0.2024 0.9793 -0.0000
vn 0.8753 -0.4837 -0.0000
vn -0.3789 -0.9255 -0.0000
vn -0.4113 -0.9115 -0.0000
vn 0.1997 -0.9799 -0.0000
vn 0.1025 -0.9947 -0.0000
vn -0.1688 0.9856 -0.0000
vn 0.4278 0.9039 -0.0000
vn 0.2022 -0.9793 -0.0000
vn -0.4376 -0.8992 -0.0000
vn 0.9979 0.0655 -0.0000
vn -0.9979 -0.0647 -0.0000
vn -0.5225 0.8527 -0.0000
vn 0.2985 0.9544 -0.0000
vn 0.1226 0.9925 -0.0000
vn 0.5316 -0.8470 -0.0000
vn -0.3903 -0.9207 -0.0000
vn -0.1157 -0.9933 -0.0000
vn -0.1796 0.9837 -0.0000
vn 0.4203 0.9074 -0.0000
vn 0.1211 -0.9926 -0.0000
vn 0.4618 -0.8870 -0.0000
vn -0.6423 -0.7665 -0.0000
vn 0.9980 0.0632 -0.0000
vn -0.9819 0.1892 -0.0000
vn 0.2848 0.9586 -0.0000
vn -0.2852 0.9585 -0.0000
vn 0.5929 -0.8052 -0.0000
vn -0.4509 -0.8926 -0.0000
vn -0.1469 -0.9892 -0.0000
vn 0.9110 -0.4124 -0.0000
vn -0.1600 0.9871 -0.0000
vn 0.5629 -0.8265 -0.0000
vn -0.9581 0.2865 -0.0000
vn 0.9983 0.0589 -0.0000
vn 0.3639 0.9314 -0.0000
vn -0.7273 -0.6863 -0.0000
vn -0.0768 0.9970 -0.0000
vn -0.4557 0.8902 -0.0000
vn 0.3427 -0.9394 -0.0000
vn 0.7116 0.7026 -0.0000
vn -0.2321 -0.9727 -0.0000
vn -0.9711 -0.2389 -0.0000
vn 0.7988 -0.6016 -0.0000
vn -0.5261 0.8504 -0.0000
vn 0.8724 -0.4889 -0.0000
vn -0.7296 0.6839 -0.0000
vn -0.9470 -0.3212 -0.0000
vn 0.6252 0.7805 -0.0000
vn -0.2153 0.9765 -0.0000
vn 0.3415 -0.9399 -0.0000
vn -0.1805 -0.9836 -0.0000
vn 0.9896 -0.1436 -0.0000
vn 0.3554 -0.9347 -0.0000
vn -0.0711 0.9975 -0.0000
vn -0.3963 0.9181 -0.0000
vn 0.6873 0.7263 -0.0000
vn 0.4643 -0.8857 -0.0000
vn 0.0981 -0.9952 -0.0000
vn -0.6320 -0.7749 -0.0000
vn -0.8598 0.5106 -0.0000
vn 0.7918 -0.6108 -0.0000
vn -0.5197 0.8543 -0.0000
vn -0.8043 0.5942 -0.0000
vn 0.7783 -0.6279 -0.0000
vn -0.5239 0.8518 -0.0000
vn -0.9394 -0.3429 -0.0000
vn 0.5263 0.8503 -0.0000
vn -0.1849 0.9828 -0.0000
vn 0.2747 -0.9615 -0.0000
vn -0.1604 -0.9870 -0.0000
vn -0.0585 0.9983 -0.0000
vn -0.1589 -0.9873 -0.0000
vn 0.8575 0.5144 -0.0000
vn 0.7768 -0.6297 -0.0000
vn -0.9422 0.3350 -0.0000
vn -0.9233 -0.3841 -0.0000
vn -0.8739 0.4861 -0.0000
vn 0.9277 -0.3733 -0.0000
vn 0.4006 0.9163 -0.0000
vn -0.0460 0.9989 -0.0000
vn -0.3732 -0.9277 -0.0000
vn 0.0691 -0.9976 -0.0000
vn 0.6397 -0.7686 -0.0000
vn -0.7440 -0.6682 -0.0000
vn 0.3296 0.9441 -0.0000
vn -0.6610 0.7504 -0.0000
vn 0.9795 0.2015 -0.0000
vn -0.9795 -0.2015 -0.0000
vn 0.6610 -0.7504 -0.0000
vn -0.3296 -0.9441 -0.0000
vn 0.3196 0.9476 -0.0000
vn -0.4092 0.9125 -0.0000
vn 0.3333 -0.9428 -0.0000
vn 0.6757 -0.7372 -0.0000
vn 0.8356 0.5494 -0.0000
vn -0.6480 -0.7617 -0.0000
vn 0.9142 -0.4052 -0.0000
vn -0.3087 0.9512 -0.0000
vn 0.6581 0.7529 -0.0000
vn -0.3071 -0.9517 -0.0000
vn 0.6489 -0.7609 -0.0000
vn -0.9822 0.1881 -0.0000
vn -0.9816 -0.1912 -0.0000
vn 0.9814 0.1920 -0.0000
vn 0.9819 -0.1895 -0.0000
vn -0.6512 0.7589 -0.0000
vn 0.3076 0.9515 -0.0000
vn -0.6639 -0.7478 -0.0000
vn 0.3176 -0.9482 -0.0000
vn 0.1297 0.9915 -0.0000
vn 0.1448 0.9895 -0.0000
vn -0.5553 0.8317 -0.0000
vn 0.6270 0.7790 -0.0000
vn -0.8086 0.5883 -0.0000
vn 0.6813 0.7321 -0.0000
vn -0.6182 -0.7861 -0.0000
vn -0.0274 -0.9996 -0.0000
vn -0.3538 -0.9353 -0.0000
vn 0.5620 -0.8271 -0.0000
vn 0.8776 -0.4793 -0.0000
vn -0.7043 -0.7099 -0.0000
vn -0.1353 0.9908 -0.0000
vn 0.4142 0.9102 -0.0000
vn -0.7028 -0.7114 -0.0000
vn -0.1959 -0.9806 -0.0000
vn -0.9439 0.3302 -0.0000
vn 0.6212 -0.7836 -0.0000
vn 0.3341 0.9425 -0.0000
vn -0.3422 -0.9396 -0.0000
vn 0.7287 0.6849 -0.0000
vn -0.8639 -0.5037 -0.0000
vn 0.6083 0.7937 -0.0000
vn -0.7466 0.6653 -0.0000
vn 0.5248 0.8512 -0.0000
vn -0.9081 0.4187 -0.0000
vn 0.9049 -0.4256 -0.0000
vn 0.0761 0.9971 -0.0000
vn 0.1234 0.9924 -0.0000
vn 0.8065 -0.5912 -0.0000
vn -0.4298 -0.9029 -0.0000
vn -0.4557 -0.8902 -0.0000
vn 0.0658 -0.9978 -0.0000
vn 0.0313 -0.9995 -0.0000
vn -0.1262 0.9920 -0.0000
vn 0.5412 0.8409 -0.0000
vn -0.3807 0.9247 -0.0000
vn 0.2441 -0.9697 -0.0000
vn -0.3169 -0.9485 -0.0000
vn -0.9808 -0.1949 -0.0000
vn 0.9979 -0.0644 -0.0000
vn -0.6326 0.7745 -0.0000
vn 0.2857 0.9583 -0.0000
vn 0.0898 0.9960 -0.0000
vn 0.4170 -0.9089 -0.0000
vn -0.1533 -0.9882 -0.0000
vn -0.1415 0.9899 -0.0000
vn -0.3774 0.9260 -0.0000
vn 0.5358 0.8444 -0.0000
vn 0.1707 -0.9853 -0.0000
vn 0.4907 -0.8714 -0.0000
vn -0.5355 -0.8446 -0.0000
vn -0.9981 0.0616 -0.0000
vn 0.9980 -0.0639 -0.0000
vn -0.4041 0.9147 -0.0000
vn 0.2382 0.9712 -0.0000
vn 0.4715 -0.8819 -0.0000
vn -0.1910 -0.9816 -0.0000
vn -0.0504 0.9987 -0.0000
vn -0.9117 0.4108 -0.0000
vn 0.6860 -0.7276 -0.0000
vn 0.9827 0.1851 -0.0000
vn 0.2500 0.9683 -0.0000
vn -0.8231 -0.5679 -0.0000
vn -0.0256 0.9997 -0.0000
vn -0.4130 0.9108 -0.0000
vn 0.4045 -0.9146 -0.0000
vn 0.8074 0.5900 -0.0000
vn -0.1358 -0.9907 -0.0000
vn -0.9191 -0.3941 -0.0000
vn -0.4949 0.8689 -0.0000
vn 0.6796 -0.7336 -0.0000
vn 0.9847 -0.1742 -0.0000
vn -0.7697 0.6384 -0.0000
vn -0.9813 -0.1925 -0.0000
vn 0.5166 0.8562 -0.0000
vn -0.2974 0.9548 -0.0000
vn 0.2862 -0.9582 -0.0000
vn -0.3025 -0.9532 -0.0000
vn -0.0238 0.9997 -0.0000
vn -0.3630 0.9318 -0.0000
vn 0.7895 0.6137 -0.0000
vn 0.1559 -0.9878 -0.0000
vn -0.5227 -0.8525 -0.0000
vn -0.9389 0.3443 -0.0000
vn -0.5350 0.8449 -0.0000
vn 0.6774 -0.7356 -0.0000
vn -0.7468 0.6650 -0.0000
vn 0.9639 -0.2662 -0.0000
vn -0.5535 0.8328 -0.0000
vn -0.9788 -0.2049 -0.0000
vn 0.4264 0.9046 -0.0000
vn -0.2432 0.9700 -0.0000
vn -0.2717 -0.9624 -0.0000
vn 0.2305 -0.9731 -0.0000
vn 0.0625 0.9980 -0.0000
vn -0.0503 -0.9987 -0.0000
vn -0.8912 0.4537 -0.0000
vn 0.9175 0.3978 -0.0000
vn 0.8552 -0.5183 -0.0000
vn -0.8758 -0.4828 -0.0000
vn -0.9242 0.3820 -0.0000
vn 0.8763 -0.4818 -0.0000
vn 0.3579 0.9338 -0.0000
vn -0.1467 0.9892 -0.0000
vn -0.4225 -0.9064 -0.0000
vn -0.0192 -0.9998 -0.0000
vn 0.3332 -0.9428 -0.0000
vn 0.4498 0.8931 -0.0000
vn -0.5605 0.8281 -0.0000
vn 0.9977 0.0677 -0.0000
vn -0.9977 -0.0677 -0.0000
vn 0.5606 -0.8281 -0.0000
vn -0.4498 -0.8931 -0.0000
vn -0.5606 0.8281 -0.0000
vn -0.9977 -0.0678 -0.0000
vn -0.3438 0.9390 -0.0000
vn 0.4307 0.9025 -0.0000
vn 0.3917 -0.9201 -0.0000
vn -0.8536 -0.5210 -0.0000
vn 0.8589 0.5121 -0.0000
vn -0.5326 -0.8464 -0.0000
vn -0.9987 -0.0518 -0.0000
vn -0.9179 -0.3968 -0.0000
vn -0.1832 0.9831 -0.0000
vn -0.1837 -0.9830 -0.0000
vn 0.7526 0.6584 -0.0000
vn 0.7453 -0.6668 -0.0000
vn -0.9498 0.3128 -0.0000
vn -0.9478 -0.3189 -0.0000
vn 0.9475 0.3199 -0.0000
vn 0.9497 -0.3132 -0.0000
vn -0.7467 0.6651 -0.0000
vn -0.7588 -0.6513 -0.0000
vn 0.1841 0.9829 -0.0000
vn 0.1895 -0.9819 -0.0000
vn 0.2128 0.9771 -0.0000
vn 0.2389 0.9711 -0.0000
vn -0.4752 0.8799 -0.0000
vn -0.7166 0.6975 -0.0000
vn 0.6623 0.7492 -0.0000
vn 0.7124 0.7018 -0.0000
vn -0.5569 -0.8306 -0.0000
vn 0.0601 -0.9982 -0.0000
vn -0.2686 -0.9632 -0.0000
vn 0.6739 -0.7388 -0.0000
vn -0.6760 -0.7369 -0.0000
vn 0.9334 -0.3590 -0.0000
vn -0.0431 0.9991 -0.0000
vn 0.4850 0.8745 -0.0000
vn -0.6555 -0.7552 -0.0000
vn -0.1179 -0.9930 -0.0000
vn -0.8822 0.4708 -0.0000
vn 0.7476 -0.6642 -0.0000
vn 0.3400 0.9404 -0.0000
vn -0.3281 -0.9446 -0.0000
vn 0.8265 0.5629 -0.0000
vn -0.7612 -0.6485 -0.0000
vn -0.8307 0.5568 -0.0000
vn 0.5670 0.8237 -0.0000
vn -0.9551 0.2962 -0.0000
vn 0.4988 0.8667 -0.0000
vn -0.0483 0.9988 -0.0000
vn 0.0415 0.9991 -0.0000
vn 0.8438 -0.5366 -0.0000
vn -0.4778 -0.8785 -0.0000
vn 0.7185 -0.6955 -0.0000
vn -0.4899 -0.8718 -0.0000
vn -0.0305 -0.9995 -0.0000
vn -0.0255 -0.9997 -0.0000
vn -0.0850 0.9964 -0.0000
vn -0.3640 0.9314 -0.0000
vn 0.2847 -0.9586 -0.0000
vn 0.6465 0.7629 -0.0000
vn -0.1914 -0.9815 -0.0000
vn -0.9465 -0.3227 -0.0000
vn 0.9807 -0.1956 -0.0000
vn -0.7332 0.6800 -0.0000
vn 0.2702 0.9628 -0.0000
vn 0.0550 0.9985 -0.0000
vn 0.2983 -0.9545 -0.0000
vn -0.1916 -0.9815 -0.0000
vn -0.1018 0.9948 -0.0000
vn -0.3571 0.9341 -0.0000
vn 0.2196 -0.9756 -0.0000
vn 0.6438 0.7652 -0.0000
vn -0.4212 -0.9070 -0.0000
vn -0.9979 -0.0646 -0.0000
vn 0.9829 -0.1839 -0.0000
vn 0.5269 0.8499 -0.0000
vn -0.5212 0.8534 -0.0000
vn 0.1894 0.9819 -0.0000
vn 0.3386 -0.9409 -0.0000
vn -0.2350 -0.9720 -0.0000
vn -0.8447 0.5352 -0.0000
vn 0.7904 -0.6126 -0.0000
vn 0.9478 0.3188 -0.0000
vn -0.8984 -0.4392 -0.0000
vn 0.1434 0.9897 -0.0000
vn -0.0454 -0.9990 -0.0000
vn -0.3686 0.9296 -0.0000
vn 0.4639 -0.8859 -0.0000
vn 0.8860 0.4637 -0.0000
vn -0.0440 -0.9990 -0.0000
vn -0.8443 -0.5359 -0.0000
vn -0.5061 0.8624 -0.0000
vn 0.5890 -0.8081 -0.0000
vn -0.9980 -0.0633 -0.0000
vn 0.9971 0.0755 -0.0000
vn -0.3754 0.9269 -0.0000
vn 0.4011 0.9160 -0.0000
vn -0.4224 -0.9064 -0.0000
vn 0.2307 -0.9730 -0.0000
vn -0.6320 -0.7750 -0.0000
vn 0.0435 0.9991 -0.0000
vn -0.3274 0.9449 -0.0000
vn 0.5343 -0.8453 -0.0000
vn 0.2090 -0.9779 -0.0000
vn 0.8750 0.4841 -0.0000
vn -0.4153 -0.9097 -0.0000
vn -0.9923 0.1239 -0.0000
vn -0.5548 0.8320 -0.0000
vn 0.5887 -0.8083 -0.0000
vn -0.6948 0.7192 -0.0000
vn -0.9978 -0.0670 -0.0000
vn 0.9969 0.0792 -0.0000
vn -0.2951 0.9555 -0.0000
vn 0.3329 0.9429 -0.0000
vn -0.3846 -0.9231 -0.0000
vn 0.1850 -0.9827 -0.0000
vn -0.4498 0.8931 -0.0000
vn 0.5606 0.8281 -0.0000
vn -0.9977 0.0677 -0.0000
vn 0.9977 -0.0677 -0.0000
vn -0.5605 -0.8281 -0.0000
vn 0.4498 -0.8931 -0.0000
vn -0.5606 -0.8281 -0.0000
vn -0.2729 0.9620 -0.0000
vn 0.5268 0.8500 -0.0000
vn -0.6736 0.7391 -0.0000
vn 0.4421 -0.8969 -0.0000
vn -0.3979 -0.9174 -0.0000
vn -0.9877 -0.1563 -0.0000
vn -0.0597 0.9982 -0.0000
vn -0.0605 -0.9982 -0.0000
vn 0.8333 0.5529 -0.0000
vn -0.9008 0.4342 -0.0000
vn 0.8285 -0.5601 -0.0000
vn -0.8967 -0.4427 -0.0000
vn 0.8963 0.4435 -0.0000
vn 0.9016 -0.4325 -0.0000
vn -0.8291 0.5591 -0.0000
vn -0.8387 -0.5446 -0.0000
vn 0.0606 0.9982 -0.0000
vn 0.0620 -0.9981 -0.0000
vn 0.2910 0.9567 -0.0000
vn 0.3275 0.9448 -0.0000
vn -0.3905 0.9206 -0.0000
vn -0.6053 0.7960 -0.0000
vn 0.6932 0.7208 -0.0000
vn -0.4859 -0.8740 -0.0000
vn 0.7376 0.6753 -0.0000
vn -0.1645 -0.9864 -0.0000
vn 0.7720 -0.6356 -0.0000
vn -0.6455 -0.7638 -0.0000
vn 0.9697 -0.2442 -0.0000
vn 0.0262 0.9997 -0.0000
vn 0.5540 0.8325 -0.0000
vn -0.7971 0.6038 -0.0000
vn -0.6033 -0.7975 -0.0000
vn -0.0393 -0.9992 -0.0000
vn 0.8499 -0.5269 -0.0000
vn 0.3505 0.9366 -0.0000
vn -0.6602 -0.7511 -0.0000
vn 0.9111 0.4122 -0.0000
vn -0.8988 0.4385 -0.0000
vn -0.9816 0.1908 -0.0000
vn 0.5205 0.8539 -0.0000
vn 0.4692 0.8831 -0.0000
vn -0.1603 0.9871 -0.0000
vn -0.0589 0.9983 -0.0000
vn 0.7680 -0.6404 -0.0000
vn -0.5228 -0.8524 -0.0000
vn -0.5153 -0.8570 -0.0000
vn 0.6147 -0.7888 -0.0000
vn -0.0915 -0.9958 -0.0000
vn -0.0841 -0.9965 -0.0000
vn -0.0473 0.9989 -0.0000
vn -0.3429 0.9394 -0.0000
vn 0.3239 -0.9461 -0.0000
vn -0.0635 -0.9980 -0.0000
vn 0.7414 0.6711 -0.0000
vn -0.8956 -0.4449 -0.0000
vn 0.9454 -0.3260 -0.0000
vn -0.8209 0.5711 -0.0000
vn 0.2520 0.9677 -0.0000
vn 0.0186 0.9998 -0.0000
vn -0.2297 -0.9733 -0.0000
vn 0.1779 -0.9840 -0.0000
vn -0.0612 0.9981 -0.0000
vn -0.3342 0.9425 -0.0000
vn 0.2670 -0.9637 -0.0000
vn -0.3020 -0.9533 -0.0000
vn 0.7414 0.6710 -0.0000
vn -0.9806 -0.1958 -0.0000
vn 0.9548 -0.2972 -0.0000
vn -0.6328 0.7743 -0.0000
vn 0.4904 0.8715 -0.0000
vn 0.1383 0.9904 -0.0000
vn -0.2778 -0.9606 -0.0000
vn 0.2007 -0.9796 -0.0000
vn -0.9138 0.4063 -0.0000
vn -0.9243 -0.3817 -0.0000
vn 0.9135 -0.4068 -0.0000
vn -0.7568 0.6536 -0.0000
vn 0.8717 -0.4901 -0.0000
vn 0.8908 0.4544 -0.0000
vn -0.9515 -0.3075 -0.0000
vn 0.0455 0.9990 -0.0000
vn -0.1448 -0.9895 -0.0000
vn 0.1501 0.9887 -0.0000
vn -0.3228 0.9465 -0.0000
vn 0.5204 -0.8539 -0.0000
vn 0.0296 -0.9996 -0.0000
vn -0.7525 -0.6586 -0.0000
vn -0.5665 0.8240 -0.0000
vn 0.5353 -0.8447 -0.0000
vn -0.9933 0.1156 -0.0000
vn 0.9759 0.2182 -0.0000
vn -0.4484 0.8938 -0.0000
vn 0.2828 0.9592 -0.0000
vn 0.5829 -0.8125 -0.0000
vn -0.5376 -0.8432 -0.0000
vn 0.1758 -0.9844 -0.0000
vn -0.5228 -0.8525 -0.0000
vn -0.6502 0.7598 -0.0000
vn 0.7213 -0.6927 -0.0000
vn 0.4422 -0.8969 -0.0000
vn -0.9877 -0.1562 -0.0000
vn -0.3296 0.9441 -0.0000
vn 0.6610 0.7504 -0.0000
vn -0.9795 0.2015 -0.0000
vn 0.9795 -0.2015 -0.0000
vn -0.6610 -0.7504 -0.0000
vn 0.3296 -0.9441 -0.0000
vn -0.9795 0.2014 -0.0000
vn -0.1974 0.9803 -0.0000
vn 0.6076 0.7943 -0.0000
vn -0.6432 0.7657 -0.0000
vn 0.4870 -0.8734 -0.0000
vn -0.2461 -0.9692 -0.0000
vn -0.9654 -0.2607 -0.0000
vn 0.9195 0.3931 -0.0000
vn 0.0610 0.9981 -0.0000
vn -0.8353 0.5498 -0.0000
vn 0.8988 0.4384 -0.0000
vn -0.8289 -0.5593 -0.0000
vn 0.8964 -0.4432 -0.0000
vn -0.8965 0.4430 -0.0000
vn -0.9027 -0.4302 -0.0000
vn 0.8286 0.5598 -0.0000
vn 0.8379 -0.5459 -0.0000
vn -0.0610 0.9981 -0.0000
vn -0.0603 -0.9982 -0.0000
vn -0.3030 0.9530 -0.0000
vn 0.3633 0.9317 -0.0000
vn 0.4086 0.9127 -0.0000
vn -0.4784 0.8781 -0.0000
vn -0.4071 -0.9134 -0.0000
vn -0.8511 0.5250 -0.0000
vn -0.0377 -0.9993 -0.0000
vn 0.3194 -0.9476 -0.0000
vn -0.6119 -0.7909 -0.0000
vn 0.8532 -0.5216 -0.0000
vn 0.9904 -0.1385 -0.0000
vn -0.9989 0.0463 -0.0000
vn 0.0819 0.9966 -0.0000
vn 0.6195 0.7850 -0.0000
vn -0.6934 0.7205 -0.0000
vn -0.5460 -0.8378 -0.0000
vn 0.0375 -0.9993 -0.0000
vn 0.9224 -0.3863 -0.0000
vn 0.3756 0.9268 -0.0000
vn -0.5717 -0.8205 -0.0000
vn 0.9696 0.2446 -0.0000
vn -0.9494 0.3140 -0.0000
vn -0.9947 0.1030 -0.0000
vn 0.4684 0.8835 -0.0000
vn 0.4348 0.9005 -0.0000
vn -0.2931 0.9561 -0.0000
vn -0.1798 0.9837 -0.0000
vn -0.5649 -0.8252 -0.0000
vn 0.6778 -0.7353 -0.0000
vn -0.5334 -0.8459 -0.0000
vn 0.5021 -0.8648 -0.0000
vn -0.1521 -0.9884 -0.0000
vn -0.1512 -0.9885 -0.0000
vn -0.0144 0.9999 -0.0000
vn -0.3169 0.9484 -0.0000
vn 0.3617 -0.9323 -0.0000
vn 0.0233 -0.9997 -0.0000
vn 0.8240 0.5666 -0.0000
vn -0.8291 -0.5591 -0.0000
vn -0.8926 0.4509 -0.0000
vn 0.8921 -0.4518 -0.0000
vn 0.2312 0.9729 -0.0000
vn -0.0555 0.9985 -0.0000
vn -0.2666 -0.9638 -0.0000
vn 0.0584 -0.9983 -0.0000
vn -0.0204 0.9998 -0.0000
vn -0.3086 0.9512 -0.0000
vn 0.3122 -0.9500 -0.0000
vn -0.1806 -0.9836 -0.0000
vn 0.8259 0.5638 -0.0000
vn -0.9455 -0.3257 -0.0000
vn 0.9136 -0.4065 -0.0000
vn -0.7347 0.6784 -0.0000
vn 0.4525 0.8918 -0.0000
vn 0.0848 0.9964 -0.0000
vn -0.3188 -0.9478 -0.0000
vn 0.0647 -0.9979 -0.0000
vn 0.9196 0.3928 -0.0000
vn -0.6504 0.7596 -0.0000
vn 0.0520 -0.9986 -0.0000
vn 0.9298 -0.3680 -0.0000
vn -0.9839 -0.1789 -0.0000
vn 0.8115 0.5843 -0.0000
vn -0.2545 -0.9671 -0.0000
vn 0.2587 0.9660 -0.0000
vn -0.2756 0.9613 -0.0000
vn 0.5734 -0.8193 -0.0000
vn 0.0900 -0.9959 -0.0000
vn -0.6505 -0.7595 -0.0000
vn 0.9810 0.1939 -0.0000
vn -0.6846 0.7289 -0.0000
vn 0.5192 -0.8547 -0.0000
vn -0.9341 0.3570 -0.0000
vn 0.9364 0.3509 -0.0000
vn -0.5160 0.8566 -0.0000
vn 0.1656 0.9862 -0.0000
vn 0.5414 -0.8408 -0.0000
vn -0.6451 -0.7641 -0.0000
vn 0.1224 -0.9925 -0.0000
vn 0.3330 0.9429 -0.0000
vn 0.9794 0.2020 -0.0000
vn -0.9694 -0.2453 -0.0000
vn -0.1975 0.9803 -0.0000
vn -0.9839 -0.1788 -0.0000
vn -0.2015 0.9795 -0.0000
vn 0.7504 0.6610 -0.0000
vn -0.9441 0.3296 -0.0000
vn 0.9441 -0.3296 -0.0000
vn -0.7504 -0.6610 -0.0000
vn 0.2015 -0.9795 -0.0000
vn -0.1190 0.9929 -0.0000
vn -0.9159 0.4015 -0.0000
vn 0.1863 0.9825 -0.0000
vn 0.1828 -0.9832 -0.0000
vn -0.7539 0.6570 -0.0000
vn -0.7460 -0.6659 -0.0000
vn 0.9483 0.3173 -0.0000
vn 0.9477 -0.3192 -0.0000
vn -0.9476 0.3196 -0.0000
vn -0.9506 -0.3105 -0.0000
vn 0.7459 0.6660 -0.0000
vn 0.7589 -0.6513 -0.0000
vn -0.1851 0.9827 -0.0000
vn -0.1856 -0.9826 -0.0000
vn -0.2145 0.9767 -0.0000
vn -0.3415 0.9399 -0.0000
vn 0.4291 0.9033 -0.0000
vn 0.4809 0.8768 -0.0000
vn -0.8073 0.5901 -0.0000
vn -0.3239 -0.9461 -0.0000
vn 0.0611 -0.9981 -0.0000
vn 0.4539 -0.8910 -0.0000
vn -0.5745 -0.8185 -0.0000
vn 0.9157 -0.4018 -0.0000
vn -0.9895 0.1446 -0.0000
vn 0.9991 -0.0433 -0.0000
vn 0.1419 0.9899 -0.0000
vn -0.5785 0.8157 -0.0000
vn 0.6803 0.7329 -0.0000
vn -0.4838 -0.8752 -0.0000
vn 0.1242 -0.9923 -0.0000
vn 0.9670 -0.2548 -0.0000
vn 0.4159 0.9094 -0.0000
vn -0.4990 -0.8666 -0.0000
vn 0.9970 0.0777 -0.0000
vn -0.9824 0.1870 -0.0000
vn -0.9995 0.0310 -0.0000
vn 0.4105 0.9119 -0.0000
vn 0.3939 0.9192 -0.0000
vn -0.3023 0.9532 -0.0000
vn -0.4409 0.8976 -0.0000
vn -0.6039 -0.7971 -0.0000
vn -0.5456 -0.8381 -0.0000
vn 0.5738 -0.8190 -0.0000
vn 0.3890 -0.9212 -0.0000
vn -0.2115 -0.9774 -0.0000
vn -0.2225 -0.9749 -0.0000
vn 0.0613 0.9981 -0.0000
vn -0.2860 0.9582 -0.0000
vn 0.3979 -0.9174 -0.0000
vn 0.0694 -0.9976 -0.0000
vn -0.7485 -0.6631 -0.0000
vn 0.8924 0.4512 -0.0000
vn -0.9463 0.3233 -0.0000
vn 0.8220 -0.5696 -0.0000
vn 0.2077 0.9782 -0.0000
vn -0.1703 0.9854 -0.0000
vn -0.3017 -0.9534 -0.0000
vn -0.0145 -0.9999 -0.0000
vn 0.8804 0.4741 -0.0000
vn 0.9698 0.2441 -0.0000
vn 0.5280 -0.8492 -0.0000
vn -0.8350 -0.5503 -0.0000
vn -0.9167 0.3995 -0.0000
vn 0.9558 -0.2940 -0.0000
vn 0.2733 0.9619 -0.0000
vn 0.6771 0.7359 -0.0000
vn -0.3639 -0.9315 -0.0000
vn -0.7383 -0.6745 -0.0000
vn -0.7804 0.6253 -0.0000
vn 0.6236 -0.7818 -0.0000
vn 0.8070 0.5906 -0.0000
vn -0.9581 0.2864 -0.0000
vn -0.9795 -0.2014 -0.0000
vn -0.6182 -0.7860 -0.0000
vn 0.6213 -0.7836 -0.0000
vn 0.6082 0.7938 -0.0000
vn 0.5249 0.8512 -0.0000
vn -0.9082 0.4186 -0.0000
vn -0.4297 -0.9030 -0.0000
vn 0.0897 0.9960 -0.0000
vn -0.5536 0.8328 -0.0000
vn 0.4264 0.9045 -0.0000
vn -0.2716 -0.9624 -0.0000
vn 0.3196 0.9475 -0.0000
vn 0.6756 -0.7372 -0.0000
vn 0.2127 0.9771 -0.0000
vn -0.5568 -0.8306 -0.0000
vn 0.9334 -0.3589 -0.0000
vn -0.8822 0.4709 -0.0000
vn -0.8307 0.5567 -0.0000
vn -0.9552 0.2961 -0.0000
vn 0.7185 -0.6956 -0.0000
vn 0.7904 -0.6125 -0.0000
vn 0.5605 0.8281 -0.0000
vn 0.5269 0.8500 -0.0000
vn 0.4421 -0.8970 -0.0000
vn 0.8284 -0.5601 -0.0000
vn -0.4858 -0.8740 -0.0000
vn 0.7375 0.6753 -0.0000
vn 0.5539 0.8326 -0.0000
vn -0.6032 -0.7976 -0.0000
vn -0.8987 0.4385 -0.0000
vn 0.6147 -0.7887 -0.0000
vn -0.0472 0.9989 -0.0000
vn 0.8908 0.4543 -0.0000
vn 0.6075 0.7943 -0.0000
vn -0.9989 0.0464 -0.0000
vn 0.8240 0.5665 -0.0000
vn 0.9137 -0.4065 -0.0000
vn -0.9695 -0.2452 -0.0000
vn 0.9138 0.4062 -0.0000
vn -0.6303 -0.7763 -0.0000
vn 0.6157 -0.7880 -0.0000
vn 0.4160 0.9094 -0.0000
vn 0.9970 0.0776 -0.0000
vn -0.9995 0.0309 -0.0000
vn 0.3939 0.9191 -0.0000
vn -0.3022 0.9532 -0.0000
vn 0.3890 -0.9213 -0.0000
vn -0.7485 -0.6632 -0.0000
vt 0.181818 0.000000
vt 0.909091 0.000000
vt 0.090909 0.000000
vt 0.000000 0.000000
vt 1.000000 0.000000
vt 0.818182 0.000000
vt 0.545455 0.000000
vt 0.727273 0.000000
vt 0.636364 0.000000
vt 0.454545 0.000000
vt 0.363636 0.000000
vt 0.272727 0.000000
vt 0.134021 0.000000
vt 0.113402 0.000000
vt 0.123711 0.000000
vt 0.103093 0.000000
vt 0.092784 0.000000
vt 0.144330 0.000000
vt 0.082474 0.000000
vt 0.072165 0.000000
vt 0.061856 0.000000
vt 0.154639 0.000000
vt 0.051546 0.000000
vt 0.041237 0.000000
vt 0.030928 0.000000
vt 0.164948 0.000000
vt 0.020619 0.000000
vt 0.010309 0.000000
vt 0.175258 0.000000
vt 0.896907 0.000000
vt 0.907216 0.000000
vt 0.917526 0.000000
vt 0.927835 0.000000
vt 0.938144 0.000000
vt 0.948454 0.000000
vt 0.958763 0.000000
vt 0.969072 0.000000
vt 0.979381 0.000000
vt 0.989691 0.000000
vt 0.185567 0.000000
vt 0.876289 0.000000
vt 0.886598 0.000000
vt 0.865979 0.000000
vt 0.855670 0.000000
vt 0.845361 0.000000
vt 0.195876 0.000000
vt 0.835052 0.000000
vt 0.824742 0.000000
vt 0.206186 0.000000
vt 0.814433 0.000000
vt 0.804124 0.000000
vt 0.216495 0.000000
vt 0.793814 0.000000
vt 0.226804 0.000000
vt 0.783505 0.000000
vt 0.773196 0.000000
vt 0.237113 0.000000
vt 0.762887 0.000000
vt 0.247423 0.000000
vt 0.752577 0.000000
vt 0.742268 0.000000
vt 0.257732 0.000000
vt 0.731959 0.000000
vt 0.268041 0.000000
vt 0.721649 0.000000
vt 0.278351 0.000000
vt 0.711340 0.000000
vt 0.288660 0.000000
vt 0.701031 0.000000
vt 0.298969 0.000000
vt 0.690722 0.000000
vt 0.515464 0.000000
vt 0.494845 0.000000
vt 0.505155 0.000000
vt 0.680412 0.000000
vt 0.525773 0.000000
vt 0.309278 0.000000
vt 0.536082 0.000000
vt 0.670103 0.000000
vt 0.546392 0.000000
vt 0.556701 0.000000
vt 0.659794 0.000000
vt 0.567010 0.000000
vt 0.319588 0.000000
vt 0.577320 0.000000
vt 0.649485 0.000000
vt 0.587629 0.000000
vt 0.597938 0.000000
vt 0.639175 0.000000
vt 0.608247 0.000000
vt 0.618557 0.000000
vt 0.628866 0.000000
vt 0.329897 0.000000
vt 0.484536 0.000000
vt 0.340206 0.000000
vt 0.474227 0.000000
vt 0.463918 0.000000
vt 0.453608 0.000000
vt 0.350515 0.000000
vt 0.443299 0.000000
vt 0.432990 0.000000
vt 0.422680 0.000000
vt 0.360825 0.000000
vt 0.412371 0.000000
vt 0.402062 0.000000
vt 0.391753 0.000000
vt 0.371134 0.000000
vt 0.381443 0.000000
vt 0.200000 0.000000
vt 0.100000 0.000000
vt 0.800000 0.000000
vt 0.700000 0.000000
vt 0.900000 0.000000
vt 0.400000 0.000000
vt 0.500000 0.000000
vt 0.300000 0.000000
vt 0.600000 0.000000
vt 0.018182 0.000000
vt 0.527273 0.000000
vt 0.509091 0.000000
vt 0.490909 0.000000
vt 0.472727 0.000000
vt 0.436364 0.000000
vt 0.418182 0.000000
vt 0.381818 0.000000
vt 0.563636 0.000000
vt 0.581818 0.000000
vt 0.345455 0.000000
vt 0.618182 0.000000
vt 0.654545 0.000000
vt 0.327273 0.000000
vt 0.672727 0.000000
vt 0.690909 0.000000
vt 0.709091 0.000000
vt 0.309091 0.000000
vt 0.745455 0.000000
vt 0.290909 0.000000
vt 0.763636 0.000000
vt 0.781818 0.000000
vt 0.254545 0.000000
vt 0.836364 0.000000
vt 0.236364 0.000000
vt 0.854545 0.000000
vt 0.872727 0.000000
vt 0.218182 0.000000
vt 0.890909 0.000000
vt 0.927273 0.000000
vt 0.945455 0.000000
vt 0.963636 0.000000
vt 0.981818 0.000000
vt 0.054545 0.000000
vt 0.163636 0.000000
vt 0.145455 0.000000
vt 0.127273 0.000000
vt 0.109091 0.000000
vt 0.072727 0.000000
vt 0.036364 0.000000
vt 0.107438 0.000000
vt 0.099174 0.000000
vt 0.082645 0.000000
vt 0.074380 0.000000
vt 0.115702 0.000000
vt 0.066116 0.000000
vt 0.057851 0.000000
vt 0.123967 0.000000
vt 0.049587 0.000000
vt 0.041322 0.000000
vt 0.132231 0.000000
vt 0.033058 0.000000
vt 0.024793 0.000000
vt 0.140496 0.000000
vt 0.016529 0.000000
vt 0.008264 0.000000
vt 0.148760 0.000000
vt 0.933884 0.000000
vt 0.942149 0.000000
vt 0.950413 0.000000
vt 0.958678 0.000000
vt 0.966942 0.000000
vt 0.975207 0.000000
vt 0.983471 0.000000
vt 0.991736 0.000000
vt 0.157025 0.000000
vt 0.917355 0.000000
vt 0.925620 0.000000
vt 0.165289 0.000000
vt 0.900826 0.000000
vt 0.173554 0.000000
vt 0.892562 0.000000
vt 0.884298 0.000000
vt 0.876033 0.000000
vt 0.867769 0.000000
vt 0.859504 0.000000
vt 0.851240 0.000000
vt 0.842975 0.000000
vt 0.834711 0.000000
vt 0.826446 0.000000
vt 0.190083 0.000000
vt 0.809917 0.000000
vt 0.198347 0.000000
vt 0.801653 0.000000
vt 0.793388 0.000000
vt 0.206612 0.000000
vt 0.785124 0.000000
vt 0.776860 0.000000
vt 0.214876 0.000000
vt 0.768595 0.000000
vt 0.223140 0.000000
vt 0.760331 0.000000
vt 0.752066 0.000000
vt 0.231405 0.000000
vt 0.743802 0.000000
vt 0.239669 0.000000
vt 0.735537 0.000000
vt 0.247934 0.000000
vt 0.256198 0.000000
vt 0.719008 0.000000
vt 0.264463 0.000000
vt 0.710744 0.000000
vt 0.280992 0.000000
vt 0.289256 0.000000
vt 0.702479 0.000000
vt 0.297521 0.000000
vt 0.504132 0.000000
vt 0.487603 0.000000
vt 0.495868 0.000000
vt 0.694215 0.000000
vt 0.305785 0.000000
vt 0.479339 0.000000
vt 0.314050 0.000000
vt 0.685950 0.000000
vt 0.471074 0.000000
vt 0.322314 0.000000
vt 0.462810 0.000000
vt 0.330579 0.000000
vt 0.338843 0.000000
vt 0.677686 0.000000
vt 0.347107 0.000000
vt 0.446281 0.000000
vt 0.355372 0.000000
vt 0.438017 0.000000
vt 0.669421 0.000000
vt 0.429752 0.000000
vt 0.371901 0.000000
vt 0.421488 0.000000
vt 0.380165 0.000000
vt 0.413223 0.000000
vt 0.388430 0.000000
vt 0.404959 0.000000
vt 0.661157 0.000000
vt 0.396694 0.000000
vt 0.652893 0.000000
vt 0.512397 0.000000
vt 0.520661 0.000000
vt 0.644628 0.000000
vt 0.528926 0.000000
vt 0.537190 0.000000
vt 0.628099 0.000000
vt 0.553719 0.000000
vt 0.561983 0.000000
vt 0.619835 0.000000
vt 0.570248 0.000000
vt 0.578512 0.000000
vt 0.611570 0.000000
vt 0.586777 0.000000
vt 0.595041 0.000000
vt 0.603306 0.000000
vt 0.097744 0.000000
vt 0.082707 0.000000
vt 0.090226 0.000000
vt 0.075188 0.000000
vt 0.105263 0.000000
vt 0.067669 0.000000
vt 0.060150 0.000000
vt 0.112782 0.000000
vt 0.052632 0.000000
vt 0.045113 0.000000
vt 0.120301 0.000000
vt 0.037594 0.000000
vt 0.030075 0.000000
vt 0.127820 0.000000
vt 0.022556 0.000000
vt 0.015038 0.000000
vt 0.135338 0.000000
vt 0.007519 0.000000
vt 0.142857 0.000000
vt 0.939850 0.000000
vt 0.947368 0.000000
vt 0.954887 0.000000
vt 0.962406 0.000000
vt 0.969925 0.000000
vt 0.977444 0.000000
vt 0.984962 0.000000
vt 0.992481 0.000000
vt 0.150376 0.000000
vt 0.924812 0.000000
vt 0.932331 0.000000
vt 0.157895 0.000000
vt 0.917293 0.000000
vt 0.165414 0.000000
vt 0.902256 0.000000
vt 0.909774 0.000000
vt 0.894737 0.000000
vt 0.887218 0.000000
vt 0.879699 0.000000
vt 0.872180 0.000000
vt 0.864662 0.000000
vt 0.172932 0.000000
vt 0.857143 0.000000
vt 0.849624 0.000000
vt 0.842105 0.000000
vt 0.834586 0.000000
vt 0.180451 0.000000
vt 0.827068 0.000000
vt 0.819549 0.000000
vt 0.812030 0.000000
vt 0.187970 0.000000
vt 0.804511 0.000000
vt 0.796992 0.000000
vt 0.789474 0.000000
vt 0.781955 0.000000
vt 0.774436 0.000000
vt 0.195489 0.000000
vt 0.766917 0.000000
vt 0.759399 0.000000
vt 0.751880 0.000000
vt 0.203008 0.000000
vt 0.744361 0.000000
vt 0.736842 0.000000
vt 0.729323 0.000000
vt 0.210526 0.000000
vt 0.721804 0.000000
vt 0.218045 0.000000
vt 0.714286 0.000000
vt 0.706767 0.000000
vt 0.225564 0.000000
vt 0.699248 0.000000
vt 0.233083 0.000000
vt 0.691729 0.000000
vt 0.684211 0.000000
vt 0.240602 0.000000
vt 0.676692 0.000000
vt 0.248120 0.000000
vt 0.669173 0.000000
vt 0.661654 0.000000
vt 0.255639 0.000000
vt 0.654135 0.000000
vt 0.263158 0.000000
vt 0.646617 0.000000
vt 0.270677 0.000000
vt 0.639098 0.000000
vt 0.458647 0.000000
vt 0.443609 0.000000
vt 0.451128 0.000000
vt 0.631579 0.000000
vt 0.278196 0.000000
vt 0.436090 0.000000
vt 0.285714 0.000000
vt 0.428571 0.000000
vt 0.293233 0.000000
vt 0.624060 0.000000
vt 0.421053 0.000000
vt 0.300752 0.000000
vt 0.413534 0.000000
vt 0.308271 0.000000
vt 0.406015 0.000000
vt 0.315789 0.000000
vt 0.616541 0.000000
vt 0.398496 0.000000
vt 0.323308 0.000000
vt 0.330827 0.000000
vt 0.390977 0.000000
vt 0.338346 0.000000
vt 0.383459 0.000000
vt 0.345865 0.000000
vt 0.375940 0.000000
vt 0.353383 0.000000
vt 0.368421 0.000000
vt 0.360902 0.000000
vt 0.609023 0.000000
vt 0.601504 0.000000
vt 0.593985 0.000000
vt 0.466165 0.000000
vt 0.586466 0.000000
vt 0.473684 0.000000
vt 0.481203 0.000000
vt 0.578947 0.000000
vt 0.488722 0.000000
vt 0.496241 0.000000
vt 0.571429 0.000000
vt 0.503759 0.000000
vt 0.563910 0.000000
vt 0.511278 0.000000
vt 0.518797 0.000000
vt 0.556391 0.000000
vt 0.526316 0.000000
vt 0.533835 0.000000
vt 0.548872 0.000000
vt 0.541353 0.000000
vt 0.387755 0.000000
vt 0.367347 0.000000
vt 0.377551 0.000000
vt 0.357143 0.000000
vt 0.397959 0.000000
vt 0.346939 0.000000
vt 0.408163 0.000000
vt 0.336735 0.000000
vt 0.418367 0.000000
vt 0.326531 0.000000
vt 0.316327 0.000000
vt 0.438776 0.000000
vt 0.306122 0.000000
vt 0.448980 0.000000
vt 0.877551 0.000000
vt 0.867347 0.000000
vt 0.887755 0.000000
vt 0.897959 0.000000
vt 0.846939 0.000000
vt 0.908163 0.000000
vt 0.295918 0.000000
vt 0.836735 0.000000
vt 0.459184 0.000000
vt 0.918367 0.000000
vt 0.826531 0.000000
vt 0.928571 0.000000
vt 0.816327 0.000000
vt 0.938776 0.000000
vt 0.806122 0.000000
vt 0.948980 0.000000
vt 0.469388 0.000000
vt 0.795918 0.000000
vt 0.959184 0.000000
vt 0.785714 0.000000
vt 0.969388 0.000000
vt 0.479592 0.000000
vt 0.275510 0.000000
vt 0.775510 0.000000
vt 0.979592 0.000000
vt 0.765306 0.000000
vt 0.989796 0.000000
vt 0.489796 0.000000
vt 0.755102 0.000000
vt 0.265306 0.000000
vt 0.255102 0.000000
vt 0.510204 0.000000
vt 0.244898 0.000000
vt 0.234694 0.000000
vt 0.520408 0.000000
vt 0.224490 0.000000
vt 0.214286 0.000000
vt 0.530612 0.000000
vt 0.204082 0.000000
vt 0.540816 0.000000
vt 0.193878 0.000000
vt 0.010204 0.000000
vt 0.744898 0.000000
vt 0.183673 0.000000
vt 0.020408 0.000000
vt 0.030612 0.000000
vt 0.551020 0.000000
vt 0.173469 0.000000
vt 0.040816 0.000000
vt 0.051020 0.000000
vt 0.163265 0.000000
vt 0.061224 0.000000
vt 0.153061 0.000000
vt 0.071429 0.000000
vt 0.561224 0.000000
vt 0.081633 0.000000
vt 0.091837 0.000000
vt 0.132653 0.000000
vt 0.102041 0.000000
vt 0.112245 0.000000
vt 0.122449 0.000000
vt 0.734694 0.000000
vt 0.581633 0.000000
vt 0.724490 0.000000
vt 0.591837 0.000000
vt 0.704082 0.000000
vt 0.693878 0.000000
vt 0.602041 0.000000
vt 0.683673 0.000000
vt 0.673469 0.000000
vt 0.612245 0.000000
vt 0.663265 0.000000
vt 0.653061 0.000000
vt 0.642857 0.000000
vt 0.622449 0.000000
vt 0.632653 0.000000
vt 0.759259 0.000000
vt 0.722222 0.000000
vt 0.740741 0.000000
vt 0.703704 0.000000
vt 0.777778 0.000000
vt 0.685185 0.000000
vt 0.796296 0.000000
vt 0.666667 0.000000
vt 0.648148 0.000000
vt 0.814815 0.000000
vt 0.629630 0.000000
vt 0.018519 0.000000
vt 0.981481 0.000000
vt 0.833333 0.000000
vt 0.611111 0.000000
vt 0.592593 0.000000
vt 0.851852 0.000000
vt 0.574074 0.000000
vt 0.870370 0.000000
vt 0.555556 0.000000
vt 0.537037 0.000000
vt 0.888889 0.000000
vt 0.518519 0.000000
vt 0.907407 0.000000
vt 0.333333 0.000000
vt 0.351852 0.000000
vt 0.370370 0.000000
vt 0.388889 0.000000
vt 0.407407 0.000000
vt 0.425926 0.000000
vt 0.444444 0.000000
vt 0.462963 0.000000
vt 0.481481 0.000000
vt 0.925926 0.000000
vt 0.296296 0.000000
vt 0.314815 0.000000
vt 0.944444 0.000000
vt 0.259259 0.000000
vt 0.277778 0.000000
vt 0.240741 0.000000
vt 0.222222 0.000000
vt 0.962963 0.000000
vt 0.203704 0.000000
vt 0.185185 0.000000
vt 0.111111 0.000000
vt 0.129630 0.000000
vt 0.148148 0.000000
vt 0.166667 0.000000
vt 0.092593 0.000000
vt 0.074074 0.000000
vt 0.055556 0.000000
vt 0.037037 0.000000
vt 0.021277 0.000000
vt 0.978723 0.000000
vt 0.042553 0.000000
vt 0.957447 0.000000
vt 0.063830 0.000000
vt 0.936170 0.000000
vt 0.085106 0.000000
vt 0.914894 0.000000
vt 0.106383 0.000000
vt 0.893617 0.000000
vt 0.127660 0.000000
vt 0.872340 0.000000
vt 0.148936 0.000000
vt 0.851064 0.000000
vt 0.170213 0.000000
vt 0.829787 0.000000
vt 0.191489 0.000000
vt 0.808511 0.000000
vt 0.212766 0.000000
vt 0.787234 0.000000
vt 0.234043 0.000000
vt 0.765957 0.000000
vt 0.255319 0.000000
vt 0.276596 0.000000
vt 0.744681 0.000000
vt 0.723404 0.000000
vt 0.297872 0.000000
vt 0.702128 0.000000
vt 0.319149 0.000000
vt 0.340426 0.000000
vt 0.680851 0.000000
vt 0.361702 0.000000
vt 0.659574 0.000000
vt 0.382979 0.000000
vt 0.638298 0.000000
vt 0.404255 0.000000
vt 0.617021 0.000000
vt 0.425532 0.000000
vt 0.595745 0.000000
vt 0.446809 0.000000
vt 0.574468 0.000000
vt 0.468085 0.000000
vt 0.553191 0.000000
vt 0.489362 0.000000
vt 0.531915 0.000000
vt 0.510638 0.000000
vt 0.389474 0.000000
vt 0.378947 0.000000
vt 0.357895 0.000000
vt 0.347368 0.000000
vt 0.410526 0.000000
vt 0.336842 0.000000
vt 0.326316 0.000000
vt 0.431579 0.000000
vt 0.442105 0.000000
vt 0.621053 0.000000
vt 0.642105 0.000000
vt 0.610526 0.000000
vt 0.652632 0.000000
vt 0.663158 0.000000
vt 0.305263 0.000000
vt 0.452632 0.000000
vt 0.589474 0.000000
vt 0.673684 0.000000
vt 0.294737 0.000000
vt 0.463158 0.000000
vt 0.568421 0.000000
vt 0.694737 0.000000
vt 0.557895 0.000000
vt 0.705263 0.000000
vt 0.284211 0.000000
vt 0.547368 0.000000
vt 0.715789 0.000000
vt 0.273684 0.000000
vt 0.484211 0.000000
vt 0.536842 0.000000
vt 0.726316 0.000000
vt 0.494737 0.000000
vt 0.515789 0.000000
vt 0.747368 0.000000
vt 0.252632 0.000000
vt 0.505263 0.000000
vt 0.757895 0.000000
vt 0.010526 0.000000
vt 0.768421 0.000000
vt 0.242105 0.000000
vt 0.778947 0.000000
vt 0.989474 0.000000
vt 0.231579 0.000000
vt 0.021053 0.000000
vt 0.978947 0.000000
vt 0.221053 0.000000
vt 0.031579 0.000000
vt 0.968421 0.000000
vt 0.042105 0.000000
vt 0.810526 0.000000
vt 0.957895 0.000000
vt 0.821053 0.000000
vt 0.831579 0.000000
vt 0.936842 0.000000
vt 0.926316 0.000000
vt 0.189474 0.000000
vt 0.063158 0.000000
vt 0.852632 0.000000
vt 0.915789 0.000000
vt 0.863158 0.000000
vt 0.905263 0.000000
vt 0.178947 0.000000
vt 0.073684 0.000000
vt 0.873684 0.000000
vt 0.884211 0.000000
vt 0.168421 0.000000
vt 0.084211 0.000000
vt 0.094737 0.000000
vt 0.147368 0.000000
vt 0.136842 0.000000
vt 0.115789 0.000000
vt 0.126316 0.000000
vt 0.886792 0.000000
vt 0.867925 0.000000
vt 0.877358 0.000000
vt 0.660377 0.000000
vt 0.641509 0.000000
vt 0.650943 0.000000
vt 0.896226 0.000000
vt 0.858491 0.000000
vt 0.669811 0.000000
vt 0.632075 0.000000
vt 0.905660 0.000000
vt 0.849057 0.000000
vt 0.679245 0.000000
vt 0.915094 0.000000
vt 0.839623 0.000000
vt 0.622642 0.000000
vt 0.688679 0.000000
vt 0.924528 0.000000
vt 0.009434 0.000000
vt 0.990566 0.000000
vt 0.830189 0.000000
vt 0.698113 0.000000
vt 0.933962 0.000000
vt 0.613208 0.000000
vt 0.820755 0.000000
vt 0.943396 0.000000
vt 0.707547 0.000000
vt 0.811321 0.000000
vt 0.603774 0.000000
vt 0.952830 0.000000
vt 0.716981 0.000000
vt 0.801887 0.000000
vt 0.962264 0.000000
vt 0.726415 0.000000
vt 0.594340 0.000000
vt 0.792453 0.000000
vt 0.971698 0.000000
vt 0.735849 0.000000
vt 0.783019 0.000000
vt 0.981132 0.000000
vt 0.584906 0.000000
vt 0.745283 0.000000
vt 0.773585 0.000000
vt 0.754717 0.000000
vt 0.396226 0.000000
vt 0.575472 0.000000
vt 0.028302 0.000000
vt 0.037736 0.000000
vt 0.047170 0.000000
vt 0.056604 0.000000
vt 0.066038 0.000000
vt 0.075472 0.000000
vt 0.084906 0.000000
vt 0.094340 0.000000
vt 0.103774 0.000000
vt 0.113208 0.000000
vt 0.122642 0.000000
vt 0.132075 0.000000
vt 0.141509 0.000000
vt 0.764151 0.000000
vt 0.386792 0.000000
vt 0.150943 0.000000
vt 0.405660 0.000000
vt 0.377358 0.000000
vt 0.160377 0.000000
vt 0.415094 0.000000
vt 0.367925 0.000000
vt 0.169811 0.000000
vt 0.424528 0.000000
vt 0.358491 0.000000
vt 0.179245 0.000000
vt 0.433962 0.000000
vt 0.349057 0.000000
vt 0.566038 0.000000
vt 0.188679 0.000000
vt 0.339623 0.000000
vt 0.443396 0.000000
vt 0.330189 0.000000
vt 0.198113 0.000000
vt 0.452830 0.000000
vt 0.320755 0.000000
vt 0.207547 0.000000
vt 0.462264 0.000000
vt 0.311321 0.000000
vt 0.556604 0.000000
vt 0.216981 0.000000
vt 0.301887 0.000000
vt 0.471698 0.000000
vt 0.292453 0.000000
vt 0.226415 0.000000
vt 0.481132 0.000000
vt 0.283019 0.000000
vt 0.547170 0.000000
vt 0.235849 0.000000
vt 0.018868 0.000000
vt 0.273585 0.000000
vt 0.490566 0.000000
vt 0.245283 0.000000
vt 0.537736 0.000000
vt 0.254717 0.000000
vt 0.509434 0.000000
vt 0.528302 0.000000
vt 0.264151 0.000000
vt 0.518868 0.000000
vt 0.219653 0.000000
vt 0.208092 0.000000
vt 0.213873 0.000000
vt 0.225434 0.000000
vt 0.202312 0.000000
vt 0.231214 0.000000
vt 0.236994 0.000000
vt 0.196532 0.000000
vt 0.242775 0.000000
vt 0.190751 0.000000
vt 0.248555 0.000000
vt 0.254335 0.000000
vt 0.184971 0.000000
vt 0.260116 0.000000
vt 0.179191 0.000000
vt 0.265896 0.000000
vt 0.271676 0.000000
vt 0.173410 0.000000
vt 0.277457 0.000000
vt 0.167630 0.000000
vt 0.283237 0.000000
vt 0.289017 0.000000
vt 0.294798 0.000000
vt 0.300578 0.000000
vt 0.306358 0.000000
vt 0.312139 0.000000
vt 0.317919 0.000000
vt 0.323699 0.000000
vt 0.329480 0.000000
vt 0.335260 0.000000
vt 0.341040 0.000000
vt 0.346821 0.000000
vt 0.352601 0.000000
vt 0.358382 0.000000
vt 0.161850 0.000000
vt 0.364162 0.000000
vt 0.156069 0.000000
vt 0.369942 0.000000
vt 0.375723 0.000000
vt 0.381503 0.000000
vt 0.387283 0.000000
vt 0.393064 0.000000
vt 0.150289 0.000000
vt 0.398844 0.000000
vt 0.404624 0.000000
vt 0.410405 0.000000
vt 0.144509 0.000000
vt 0.416185 0.000000
vt 0.421965 0.000000
vt 0.138728 0.000000
vt 0.427746 0.000000
vt 0.433526 0.000000
vt 0.439306 0.000000
vt 0.445087 0.000000
vt 0.450867 0.000000
vt 0.456647 0.000000
vt 0.462428 0.000000
vt 0.994220 0.000000
vt 0.791907 0.000000
vt 0.988439 0.000000
vt 0.468208 0.000000
vt 0.982659 0.000000
vt 0.473988 0.000000
vt 0.976879 0.000000
vt 0.479769 0.000000
vt 0.971098 0.000000
vt 0.965318 0.000000
vt 0.485549 0.000000
vt 0.959538 0.000000
vt 0.491329 0.000000
vt 0.953757 0.000000
vt 0.947977 0.000000
vt 0.497110 0.000000
vt 0.942197 0.000000
vt 0.936416 0.000000
vt 0.502890 0.000000
vt 0.930636 0.000000
vt 0.508671 0.000000
vt 0.924855 0.000000
vt 0.919075 0.000000
vt 0.514451 0.000000
vt 0.913295 0.000000
vt 0.907514 0.000000
vt 0.797688 0.000000
vt 0.520231 0.000000
vt 0.803468 0.000000
vt 0.901734 0.000000
vt 0.809249 0.000000
vt 0.005780 0.000000
vt 0.786127 0.000000
vt 0.132948 0.000000
vt 0.895954 0.000000
vt 0.011561 0.000000
vt 0.815029 0.000000
vt 0.127168 0.000000
vt 0.017341 0.000000
vt 0.526012 0.000000
vt 0.890173 0.000000
vt 0.121387 0.000000
vt 0.820809 0.000000
vt 0.023121 0.000000
vt 0.115607 0.000000
vt 0.826590 0.000000
vt 0.028902 0.000000
vt 0.884393 0.000000
vt 0.109827 0.000000
vt 0.034682 0.000000
vt 0.832370 0.000000
vt 0.104046 0.000000
vt 0.040462 0.000000
vt 0.878613 0.000000
vt 0.098266 0.000000
vt 0.838150 0.000000
vt 0.046243 0.000000
vt 0.092486 0.000000
vt 0.531792 0.000000
vt 0.052023 0.000000
vt 0.872832 0.000000
vt 0.843931 0.000000
vt 0.086705 0.000000
vt 0.057803 0.000000
vt 0.080925 0.000000
vt 0.063584 0.000000
vt 0.849711 0.000000
vt 0.075145 0.000000
vt 0.069364 0.000000
vt 0.867052 0.000000
vt 0.855491 0.000000
vt 0.861272 0.000000
vt 0.647399 0.000000
vt 0.537572 0.000000
vt 0.641618 0.000000
vt 0.653179 0.000000
vt 0.543353 0.000000
vt 0.635838 0.000000
vt 0.658960 0.000000
vt 0.780347 0.000000
vt 0.549133 0.000000
vt 0.630058 0.000000
vt 0.664740 0.000000
vt 0.774566 0.000000
vt 0.624277 0.000000
vt 0.670520 0.000000
vt 0.554913 0.000000
vt 0.768786 0.000000
vt 0.618497 0.000000
vt 0.676301 0.000000
vt 0.763006 0.000000
vt 0.560694 0.000000
vt 0.612717 0.000000
vt 0.682081 0.000000
vt 0.757225 0.000000
vt 0.606936 0.000000
vt 0.687861 0.000000
vt 0.751445 0.000000
vt 0.566474 0.000000
vt 0.601156 0.000000
vt 0.693642 0.000000
vt 0.745665 0.000000
vt 0.595376 0.000000
vt 0.739884 0.000000
vt 0.699422 0.000000
vt 0.572254 0.000000
vt 0.734104 0.000000
vt 0.589595 0.000000
vt 0.705202 0.000000
vt 0.728324 0.000000
vt 0.583815 0.000000
vt 0.710983 0.000000
vt 0.578035 0.000000
vt 0.722543 0.000000
vt 0.716763 0.000000
vt 0.653465 0.000000
vt 0.633663 0.000000
vt 0.643564 0.000000
vt 0.623762 0.000000
vt 0.613861 0.000000
vt 0.603960 0.000000
vt 0.663366 0.000000
vt 0.594059 0.000000
vt 0.584158 0.000000
vt 0.574257 0.000000
vt 0.673267 0.000000
vt 0.564356 0.000000
vt 0.554455 0.000000
vt 0.683168 0.000000
vt 0.544554 0.000000
vt 0.534653 0.000000
vt 0.693069 0.000000
vt 0.524752 0.000000
vt 0.415842 0.000000
vt 0.425743 0.000000
vt 0.435644 0.000000
vt 0.445545 0.000000
vt 0.455446 0.000000
vt 0.465347 0.000000
vt 0.475248 0.000000
vt 0.485149 0.000000
vt 0.495050 0.000000
vt 0.504951 0.000000
vt 0.514852 0.000000
vt 0.702970 0.000000
vt 0.396040 0.000000
vt 0.405941 0.000000
vt 0.386139 0.000000
vt 0.376238 0.000000
vt 0.366337 0.000000
vt 0.712871 0.000000
vt 0.356436 0.000000
vt 0.346535 0.000000
vt 0.722772 0.000000
vt 0.336634 0.000000
vt 0.326733 0.000000
vt 0.732673 0.000000
vt 0.316832 0.000000
vt 0.742574 0.000000
vt 0.306931 0.000000
vt 0.297030 0.000000
vt 0.752475 0.000000
vt 0.287129 0.000000
vt 0.762376 0.000000
vt 0.277228 0.000000
vt 0.267327 0.000000
vt 0.772277 0.000000
vt 0.019802 0.000000
vt 0.009901 0.000000
vt 0.029703 0.000000
vt 0.257426 0.000000
vt 0.782178 0.000000
vt 0.247525 0.000000
vt 0.039604 0.000000
vt 0.792079 0.000000
vt 0.237624 0.000000
vt 0.227723 0.000000
vt 0.801980 0.000000
vt 0.217822 0.000000
vt 0.811881 0.000000
vt 0.207921 0.000000
vt 0.198020 0.000000
vt 0.821782 0.000000
vt 0.188119 0.000000
vt 0.049505 0.000000
vt 0.059406 0.000000
vt 0.069307 0.000000
vt 0.178218 0.000000
vt 0.079208 0.000000
vt 0.089109 0.000000
vt 0.099010 0.000000
vt 0.168317 0.000000
vt 0.831683 0.000000
vt 0.108911 0.000000
vt 0.118812 0.000000
vt 0.128713 0.000000
vt 0.158416 0.000000
vt 0.138614 0.000000
vt 0.148515 0.000000
vt 0.841584 0.000000
vt 0.990099 0.000000
vt 0.980198 0.000000
vt 0.851485 0.000000
vt 0.970297 0.000000
vt 0.960396 0.000000
vt 0.861386 0.000000
vt 0.950495 0.000000
vt 0.940594 0.000000
vt 0.930693 0.000000
vt 0.871287 0.000000
vt 0.920792 0.000000
vt 0.910891 0.000000
vt 0.900990 0.000000
vt 0.881188 0.000000
vt 0.891089 0.000000
s 0
f 3/1/1 11/2/1 2/3/1
f 11/2/1 1/4/1 2/3/1
f 11/2/1 12/5/1 1/4/1
f 3/1/1 10/6/1 11/2/1
f 3/1/1 7/7/1 10/6/1
f 7/7/1 9/8/1 10/6/1
f 7/7/1 8/9/1 9/8/1
f 3/1/1 6/10/1 7/7/1
f 3/1/1 5/11/1 6/10/1
f 3/1/1 4/12/1 5/11/1
f 26/13/1 24/14/1 25/15/1
f 26/13/1 23/16/1 24/14/1
f 26/13/1 22/17/1 23/16/1
f 27/18/1 22/17/1 26/13/1
f 27/18/1 21/19/1 22/17/1
f 27/18/1 20/20/1 21/19/1
f 27/18/1 19/21/1 20/20/1
f 28/22/1 19/21/1 27/18/1
f 28/22/1 18/23/1 19/21/1
f 28/22/1 17/24/1 18/23/1
f 28/22/1 16/25/1 17/24/1
f 29/26/1 16/25/1 28/22/1
f 29/26/1 15/27/1 16/25/1
f 29/26/1 14/28/1 15/27/1
f 29/26/1 13/4/1 14/28/1
f 30/29/1 13/4/1 29/26/1
f 30/29/1 100/30/1 13/4/1
f 100/30/1 101/31/1 13/4/1
f 101/31/1 102/32/1 13/4/1
f 102/32/1 103/33/1 13/4/1
f 103/33/1 104/34/1 13/4/1
f 104/34/1 105/35/1 13/4/1
f 105/35/1 106/36/1 13/4/1
f 106/36/1 107/37/1 13/4/1
f 107/37/1 108/38/1 13/4/1
f 108/38/1 109/39/1 13/4/1
f 109/39/1 110/5/1 13/4/1
f 31/40/1 98/41/1 30/29/1
f 98/41/1 99/42/1 30/29/1
f 99/42/1 100/30/1 30/29/1
f 31/40/1 97/43/1 98/41/1
f 31/40/1 96/44/1 97/43/1
f 31/40/1 95/45/1 96/44/1
f 32/46/1 95/45/1 31/40/1
f 32/46/1 94/47/1 95/45/1
f 32/46/1 93/48/1 94/47/1
f 33/49/1 93/48/1 32/46/1
f 33/49/1 92/50/1 93/48/1
f 33/49/1 91/51/1 92/50/1
f 34/52/1 91/51/1 33/49/1
f 34/52/1 90/53/1 91/51/1
f 35/54/1 90/53/1 34/52/1
f 35/54/1 89/55/1 90/53/1
f 35/54/1 88/56/1 89/55/1
f 36/57/1 88/56/1 35/54/1
f 36/57/1 87/58/1 88/56/1
f 37/59/1 87/58/1 36/57/1
f 37/59/1 86/60/1 87/58/1
f 37/59/1 85/61/1 86/60/1
f 38/62/1 85/61/1 37/59/1
f 38/62/1 84/63/1 85/61/1
f 39/64/1 84/63/1 38/62/1
f 39/64/1 83/65/1 84/63/1
f 40/66/1 83/65/1 39/64/1
f 40/66/1 82/67/1 83/65/1
f 41/68/1 82/67/1 40/66/1
f 41/68/1 81/69/1 82/67/1
f 42/70/1 81/69/1 41/68/1
f 42/70/1 80/71/1 81/69/1
f 63/72/1 61/73/1 62/74/1
f 42/70/1 79/75/1 80/71/1
f 64/76/1 61/73/1 63/72/1
f 43/77/1 79/75/1 42/70/1
f 65/78/1 61/73/1 64/76/1
f 43/77/1 78/79/1 79/75/1
f 66/80/1 61/73/1 65/78/1
f 67/81/1 61/73/1 66/80/1
f 43/77/1 77/82/1 78/79/1
f 68/83/1 61/73/1 67/81/1
f 44/84/1 77/82/1 43/77/1
f 69/85/1 61/73/1 68/83/1
f 44/84/1 76/86/1 77/82/1
f 70/87/1 61/73/1 69/85/1
f 71/88/1 61/73/1 70/87/1
f 44/84/1 75/89/1 76/86/1
f 72/90/1 61/73/1 71/88/1
f 73/91/1 61/73/1 72/90/1
f 44/84/1 74/92/1 75/89/1
f 74/92/1 61/73/1 73/91/1
f 44/84/1 61/73/1 74/92/1
f 45/93/1 61/73/1 44/84/1
f 45/93/1 60/94/1 61/73/1
f 46/95/1 60/94/1 45/93/1
f 46/95/1 59/96/1 60/94/1
f 46/95/1 58/97/1 59/96/1
f 46/95/1 57/98/1 58/97/1
f 47/99/1 57/98/1 46/95/1
f 47/99/1 56/100/1 57/98/1
f 47/99/1 55/101/1 56/100/1
f 47/99/1 54/102/1 55/101/1
f 48/103/1 54/102/1 47/99/1
f 48/103/1 53/104/1 54/102/1
f 48/103/1 52/105/1 53/104/1
f 48/103/1 51/106/1 52/105/1
f 49/107/1 51/106/1 48/103/1
f 49/107/1 50/108/1 51/106/1
f 113/109/1 111/4/1 112/110/1
f 113/109/1 119/111/1 111/4/1
f 119/111/1 118/112/1 111/4/1
f 113/109/1 121/5/1 119/111/1
f 120/113/1 118/112/1 119/111/1
f 113/109/1 115/114/1 121/5/1
f 115/114/1 120/113/1 121/5/1
f 115/114/1 116/115/1 120/113/1
f 116/115/1 118/112/1 120/113/1
f 113/109/1 114/116/1 115/114/1
f 117/117/1 118/112/1 116/115/1
f 123/118/1 151/119/1 122/4/1
f 151/119/1 150/120/1 122/4/1
f 151/119/1 149/121/1 150/120/1
f 151/119/1 148/122/1 149/121/1
f 151/119/1 147/10/1 148/122/1
f 151/119/1 146/123/1 147/10/1
f 151/119/1 145/124/1 146/123/1
f 151/119/1 144/114/1 145/124/1
f 151/119/1 143/125/1 144/114/1
f 151/119/1 152/7/1 143/125/1
f 152/7/1 142/11/1 143/125/1
f 123/118/1 177/5/1 151/119/1
f 153/126/1 142/11/1 152/7/1
f 154/127/1 142/11/1 153/126/1
f 155/117/1 142/11/1 154/127/1
f 155/117/1 141/128/1 142/11/1
f 156/129/1 141/128/1 155/117/1
f 157/9/1 141/128/1 156/129/1
f 158/130/1 141/128/1 157/9/1
f 158/130/1 140/131/1 141/128/1
f 159/132/1 140/131/1 158/130/1
f 160/133/1 140/131/1 159/132/1
f 161/134/1 140/131/1 160/133/1
f 161/134/1 139/135/1 140/131/1
f 162/8/1 139/135/1 161/134/1
f 163/136/1 139/135/1 162/8/1
f 163/136/1 138/137/1 139/135/1
f 164/138/1 138/137/1 163/136/1
f 165/139/1 138/137/1 164/138/1
f 165/139/1 137/12/1 138/137/1
f 166/111/1 137/12/1 165/139/1
f 166/111/1 136/140/1 137/12/1
f 167/6/1 136/140/1 166/111/1
f 168/141/1 136/140/1 167/6/1
f 168/141/1 135/142/1 136/140/1
f 169/143/1 135/142/1 168/141/1
f 170/144/1 135/142/1 169/143/1
f 170/144/1 134/145/1 135/142/1
f 171/146/1 134/145/1 170/144/1
f 172/2/1 134/145/1 171/146/1
f 173/147/1 134/145/1 172/2/1
f 174/148/1 134/145/1 173/147/1
f 174/148/1 133/109/1 134/145/1
f 175/149/1 133/109/1 174/148/1
f 176/150/1 133/109/1 175/149/1
f 123/118/1 125/151/1 177/5/1
f 125/151/1 176/150/1 177/5/1
f 125/151/1 133/109/1 176/150/1
f 125/151/1 132/1/1 133/109/1
f 125/151/1 131/152/1 132/1/1
f 125/151/1 130/153/1 131/152/1
f 125/151/1 129/154/1 130/153/1
f 125/151/1 128/155/1 129/154/1
f 125/151/1 127/3/1 128/155/1
f 125/151/1 126/156/1 127/3/1
f 123/118/1 124/157/1 125/151/1
f 191/158/1 189/3/1 190/159/1
f 191/158/1 188/160/1 189/3/1
f 191/158/1 187/161/1 188/160/1
f 192/162/1 187/161/1 191/158/1
f 192/162/1 186/163/1 187/161/1
f 192/162/1 185/164/1 186/163/1
f 193/165/1 185/164/1 192/162/1
f 193/165/1 184/166/1 185/164/1
f 193/165/1 183/167/1 184/166/1
f 194/168/1 183/167/1 193/165/1
f 194/168/1 182/169/1 183/167/1
f 194/168/1 181/170/1 182/169/1
f 195/171/1 181/170/1 194/168/1
f 195/171/1 180/172/1 181/170/1
f 195/171/1 179/173/1 180/172/1
f 196/174/1 179/173/1 195/171/1
f 196/174/1 178/4/1 179/173/1
f 196/174/1 291/175/1 178/4/1
f 291/175/1 292/176/1 178/4/1
f 292/176/1 293/177/1 178/4/1
f 293/177/1 294/178/1 178/4/1
f 294/178/1 295/179/1 178/4/1
f 295/179/1 296/180/1 178/4/1
f 296/180/1 297/181/1 178/4/1
f 297/181/1 298/182/1 178/4/1
f 298/182/1 299/5/1 178/4/1
f 197/183/1 289/184/1 196/174/1
f 289/184/1 290/185/1 196/174/1
f 290/185/1 291/175/1 196/174/1
f 198/186/1 287/187/1 197/183/1
f 287/187/1 288/2/1 197/183/1
f 288/2/1 289/184/1 197/183/1
f 199/188/1 286/189/1 198/186/1
f 286/189/1 287/187/1 198/186/1
f 199/188/1 285/190/1 286/189/1
f 199/188/1 284/191/1 285/190/1
f 199/188/1 283/192/1 284/191/1
f 199/188/1 282/193/1 283/192/1
f 199/188/1 281/194/1 282/193/1
f 200/1/1 281/194/1 199/188/1
f 200/1/1 280/195/1 281/194/1
f 200/1/1 279/196/1 280/195/1
f 200/1/1 278/197/1 279/196/1
f 201/198/1 278/197/1 200/1/1
f 201/198/1 277/6/1 278/197/1
f 201/198/1 276/199/1 277/6/1
f 202/200/1 276/199/1 201/198/1
f 202/200/1 275/201/1 276/199/1
f 202/200/1 274/202/1 275/201/1
f 203/203/1 274/202/1 202/200/1
f 203/203/1 273/204/1 274/202/1
f 203/203/1 272/205/1 273/204/1
f 204/206/1 272/205/1 203/203/1
f 204/206/1 271/207/1 272/205/1
f 205/208/1 271/207/1 204/206/1
f 205/208/1 270/209/1 271/207/1
f 205/208/1 269/210/1 270/209/1
f 206/211/1 269/210/1 205/208/1
f 206/211/1 268/212/1 269/210/1
f 207/213/1 268/212/1 206/211/1
f 207/213/1 267/214/1 268/212/1
f 208/215/1 267/214/1 207/213/1
f 208/215/1 266/8/1 267/214/1
f 209/216/1 266/8/1 208/215/1
f 209/216/1 265/217/1 266/8/1
f 210/218/1 265/217/1 209/216/1
f 211/12/1 265/217/1 210/218/1
f 211/12/1 264/219/1 265/217/1
f 212/220/1 264/219/1 211/12/1
f 213/221/1 264/219/1 212/220/1
f 213/221/1 263/222/1 264/219/1
f 214/223/1 263/222/1 213/221/1
f 239/224/1 237/225/1 238/226/1
f 214/223/1 262/227/1 263/222/1
f 215/228/1 262/227/1 214/223/1
f 239/224/1 236/229/1 237/225/1
f 216/230/1 262/227/1 215/228/1
f 216/230/1 261/231/1 262/227/1
f 239/224/1 235/232/1 236/229/1
f 217/233/1 261/231/1 216/230/1
f 239/224/1 234/234/1 235/232/1
f 218/235/1 261/231/1 217/233/1
f 219/236/1 261/231/1 218/235/1
f 219/236/1 260/237/1 261/231/1
f 239/224/1 233/10/1 234/234/1
f 220/238/1 260/237/1 219/236/1
f 239/224/1 232/239/1 233/10/1
f 221/240/1 260/237/1 220/238/1
f 239/224/1 231/241/1 232/239/1
f 221/240/1 259/242/1 260/237/1
f 222/11/1 259/242/1 221/240/1
f 239/224/1 230/243/1 231/241/1
f 223/244/1 259/242/1 222/11/1
f 239/224/1 229/245/1 230/243/1
f 224/246/1 259/242/1 223/244/1
f 239/224/1 228/247/1 229/245/1
f 225/248/1 259/242/1 224/246/1
f 239/224/1 227/249/1 228/247/1
f 225/248/1 258/250/1 259/242/1
f 226/251/1 258/250/1 225/248/1
f 239/224/1 226/251/1 227/249/1
f 239/224/1 258/250/1 226/251/1
f 239/224/1 257/252/1 258/250/1
f 240/253/1 257/252/1 239/224/1
f 241/254/1 257/252/1 240/253/1
f 241/254/1 256/255/1 257/252/1
f 242/256/1 256/255/1 241/254/1
f 242/256/1 255/9/1 256/255/1
f 243/257/1 255/9/1 242/256/1
f 244/7/1 255/9/1 243/257/1
f 244/7/1 254/258/1 255/9/1
f 245/259/1 254/258/1 244/7/1
f 246/260/1 254/258/1 245/259/1
f 246/260/1 253/261/1 254/258/1
f 247/262/1 253/261/1 246/260/1
f 248/263/1 253/261/1 247/262/1
f 248/263/1 252/264/1 253/261/1
f 249/265/1 252/264/1 248/263/1
f 250/266/1 252/264/1 249/265/1
f 250/266/1 251/267/1 252/264/1
f 313/268/1 311/269/1 312/270/1
f 313/268/1 310/271/1 311/269/1
f 314/272/1 310/271/1 313/268/1
f 314/272/1 309/273/1 310/271/1
f 314/272/1 308/274/1 309/273/1
f 315/275/1 308/274/1 314/272/1
f 315/275/1 307/276/1 308/274/1
f 315/275/1 306/277/1 307/276/1
f 316/278/1 306/277/1 315/275/1
f 316/278/1 305/279/1 306/277/1
f 316/278/1 304/280/1 305/279/1
f 317/281/1 304/280/1 316/278/1
f 317/281/1 303/282/1 304/280/1
f 317/281/1 302/283/1 303/282/1
f 318/284/1 302/283/1 317/281/1
f 318/284/1 301/285/1 302/283/1
f 318/284/1 300/4/1 301/285/1
f 319/286/1 300/4/1 318/284/1
f 319/286/1 425/287/1 300/4/1
f 425/287/1 426/288/1 300/4/1
f 426/288/1 427/289/1 300/4/1
f 427/289/1 428/290/1 300/4/1
f 428/290/1 429/291/1 300/4/1
f 429/291/1 430/292/1 300/4/1
f 430/292/1 431/293/1 300/4/1
f 431/293/1 432/294/1 300/4/1
f 432/294/1 433/5/1 300/4/1
f 320/295/1 423/296/1 319/286/1
f 423/296/1 424/297/1 319/286/1
f 424/297/1 425/287/1 319/286/1
f 321/298/1 422/299/1 320/295/1
f 422/299/1 423/296/1 320/295/1
f 322/300/1 420/301/1 321/298/1
f 420/301/1 421/302/1 321/298/1
f 421/302/1 422/299/1 321/298/1
f 322/300/1 419/303/1 420/301/1
f 322/300/1 418/304/1 419/303/1
f 322/300/1 417/305/1 418/304/1
f 322/300/1 416/306/1 417/305/1
f 322/300/1 415/307/1 416/306/1
f 323/308/1 415/307/1 322/300/1
f 323/308/1 414/309/1 415/307/1
f 323/308/1 413/310/1 414/309/1
f 323/308/1 412/311/1 413/310/1
f 323/308/1 411/312/1 412/311/1
f 324/313/1 411/312/1 323/308/1
f 324/313/1 410/314/1 411/312/1
f 324/313/1 409/315/1 410/314/1
f 324/313/1 408/316/1 409/315/1
f 325/317/1 408/316/1 324/313/1
f 325/317/1 407/318/1 408/316/1
f 325/317/1 406/319/1 407/318/1
f 325/317/1 405/320/1 406/319/1
f 325/317/1 404/321/1 405/320/1
f 325/317/1 403/322/1 404/321/1
f 326/323/1 403/322/1 325/317/1
f 326/323/1 402/324/1 403/322/1
f 326/323/1 401/325/1 402/324/1
f 326/323/1 400/326/1 401/325/1
f 327/327/1 400/326/1 326/323/1
f 327/327/1 399/328/1 400/326/1
f 327/327/1 398/329/1 399/328/1
f 327/327/1 397/330/1 398/329/1
f 328/331/1 397/330/1 327/327/1
f 328/331/1 396/332/1 397/330/1
f 329/333/1 396/332/1 328/331/1
f 329/333/1 395/334/1 396/332/1
f 329/333/1 394/335/1 395/334/1
f 330/336/1 394/335/1 329/333/1
f 330/336/1 393/337/1 394/335/1
f 331/338/1 393/337/1 330/336/1
f 331/338/1 392/339/1 393/337/1
f 331/338/1 391/340/1 392/339/1
f 332/341/1 391/340/1 331/338/1
f 332/341/1 390/342/1 391/340/1
f 333/343/1 390/342/1 332/341/1
f 333/343/1 389/344/1 390/342/1
f 333/343/1 388/345/1 389/344/1
f 334/346/1 388/345/1 333/343/1
f 334/346/1 387/347/1 388/345/1
f 335/348/1 387/347/1 334/346/1
f 335/348/1 386/349/1 387/347/1
f 336/350/1 386/349/1 335/348/1
f 336/350/1 385/351/1 386/349/1
f 361/352/1 359/353/1 360/354/1
f 336/350/1 384/355/1 385/351/1
f 337/356/1 384/355/1 336/350/1
f 361/352/1 358/357/1 359/353/1
f 338/358/1 384/355/1 337/356/1
f 361/352/1 357/359/1 358/357/1
f 339/360/1 384/355/1 338/358/1
f 339/360/1 383/361/1 384/355/1
f 361/352/1 356/362/1 357/359/1
f 340/363/1 383/361/1 339/360/1
f 361/352/1 355/364/1 356/362/1
f 341/365/1 383/361/1 340/363/1
f 361/352/1 354/366/1 355/364/1
f 342/367/1 383/361/1 341/365/1
f 342/367/1 382/368/1 383/361/1
f 361/352/1 353/369/1 354/366/1
f 343/370/1 382/368/1 342/367/1
f 344/371/1 382/368/1 343/370/1
f 361/352/1 352/372/1 353/369/1
f 345/373/1 382/368/1 344/371/1
f 361/352/1 351/374/1 352/372/1
f 346/375/1 382/368/1 345/373/1
f 361/352/1 350/376/1 351/374/1
f 347/377/1 382/368/1 346/375/1
f 361/352/1 349/378/1 350/376/1
f 348/379/1 382/368/1 347/377/1
f 361/352/1 348/379/1 349/378/1
f 348/379/1 381/380/1 382/368/1
f 361/352/1 381/380/1 348/379/1
f 361/352/1 380/381/1 381/380/1
f 361/352/1 379/382/1 380/381/1
f 362/383/1 379/382/1 361/352/1
f 362/383/1 378/384/1 379/382/1
f 363/385/1 378/384/1 362/383/1
f 364/386/1 378/384/1 363/385/1
f 364/386/1 377/387/1 378/384/1
f 365/388/1 377/387/1 364/386/1
f 366/389/1 377/387/1 365/388/1
f 366/389/1 376/390/1 377/387/1
f 367/391/1 376/390/1 366/389/1
f 367/391/1 375/392/1 376/390/1
f 368/393/1 375/392/1 367/391/1
f 369/394/1 375/392/1 368/393/1
f 369/394/1 374/395/1 375/392/1
f 370/396/1 374/395/1 369/394/1
f 371/397/1 374/395/1 370/396/1
f 371/397/1 373/398/1 374/395/1
f 372/399/1 373/398/1 371/397/1
f 447/268/1 445/269/1 446/270/1
f 447/268/1 444/271/1 445/269/1
f 448/272/1 444/271/1 447/268/1
f 448/272/1 443/273/1 444/271/1
f 448/272/1 442/274/1 443/273/1
f 449/275/1 442/274/1 448/272/1
f 449/275/1 441/276/1 442/274/1
f 449/275/1 440/277/1 441/276/1
f 450/278/1 440/277/1 449/275/1
f 450/278/1 439/279/1 440/277/1
f 450/278/1 438/280/1 439/279/1
f 451/281/1 438/280/1 450/278/1
f 451/281/1 437/282/1 438/280/1
f 451/281/1 436/283/1 437/282/1
f 452/284/1 436/283/1 451/281/1
f 452/284/1 435/285/1 436/283/1
f 452/284/1 434/4/1 435/285/1
f 453/286/1 434/4/1 452/284/1
f 453/286/1 559/287/1 434/4/1
f 559/287/1 560/288/1 434/4/1
f 560/288/1 561/289/1 434/4/1
f 561/289/1 562/290/1 434/4/1
f 562/290/1 563/291/1 434/4/1
f 563/291/1 564/292/1 434/4/1
f 564/292/1 565/293/1 434/4/1
f 565/293/1 566/294/1 434/4/1
f 566/294/1 567/5/1 434/4/1
f 454/295/1 557/296/1 453/286/1
f 557/296/1 558/297/1 453/286/1
f 558/297/1 559/287/1 453/286/1
f 455/298/1 556/299/1 454/295/1
f 556/299/1 557/296/1 454/295/1
f 456/300/1 554/301/1 455/298/1
f 554/301/1 555/302/1 455/298/1
f 555/302/1 556/299/1 455/298/1
f 456/300/1 553/303/1 554/301/1
f 456/300/1 552/304/1 553/303/1
f 456/300/1 551/305/1 552/304/1
f 456/300/1 550/306/1 551/305/1
f 456/300/1 549/307/1 550/306/1
f 457/308/1 549/307/1 456/300/1
f 457/308/1 548/309/1 549/307/1
f 457/308/1 547/310/1 548/309/1
f 457/308/1 546/311/1 547/310/1
f 457/308/1 545/312/1 546/311/1
f 458/313/1 545/312/1 457/308/1
f 458/313/1 544/314/1 545/312/1
f 458/313/1 543/315/1 544/314/1
f 458/313/1 542/316/1 543/315/1
f 459/317/1 542/316/1 458/313/1
f 459/317/1 541/318/1 542/316/1
f 459/317/1 540/319/1 541/318/1
f 459/317/1 539/320/1 540/319/1
f 459/317/1 538/321/1 539/320/1
f 459/317/1 537/322/1 538/321/1
f 460/323/1 537/322/1 459/317/1
f 460/323/1 536/324/1 537/322/1
f 460/323/1 535/325/1 536/324/1
f 460/323/1 534/326/1 535/325/1
f 461/327/1 534/326/1 460/323/1
f 461/327/1 533/328/1 534/326/1
f 461/327/1 532/329/1 533/328/1
f 461/327/1 531/330/1 532/329/1
f 462/331/1 531/330/1 461/327/1
f 462/331/1 530/332/1 531/330/1
f 463/333/1 530/332/1 462/331/1
f 463/333/1 529/334/1 530/332/1
f 463/333/1 528/335/1 529/334/1
f 464/336/1 528/335/1 463/333/1
f 464/336/1 527/337/1 528/335/1
f 465/338/1 527/337/1 464/336/1
f 465/338/1 526/339/1 527/337/1
f 465/338/1 525/340/1 526/339/1
f 466/341/1 525/340/1 465/338/1
f 466/341/1 524/342/1 525/340/1
f 467/343/1 524/342/1 466/341/1
f 467/343/1 523/344/1 524/342/1
f 467/343/1 522/345/1 523/344/1
f 468/346/1 522/345/1 467/343/1
f 468/346/1 521/347/1 522/345/1
f 469/348/1 521/347/1 468/346/1
f 469/348/1 520/349/1 521/347/1
f 470/350/1 520/349/1 469/348/1
f 470/350/1 519/351/1 520/349/1
f 495/352/1 493/353/1 494/354/1
f 470/350/1 518/355/1 519/351/1
f 471/356/1 518/355/1 470/350/1
f 495/352/1 492/357/1 493/353/1
f 472/358/1 518/355/1 471/356/1
f 495/352/1 491/359/1 492/357/1
f 473/360/1 518/355/1 472/358/1
f 473/360/1 517/361/1 518/355/1
f 495/352/1 490/362/1 491/359/1
f 474/363/1 517/361/1 473/360/1
f 495/352/1 489/364/1 490/362/1
f 475/365/1 517/361/1 474/363/1
f 495/352/1 488/366/1 489/364/1
f 476/367/1 517/361/1 475/365/1
f 476/367/1 516/368/1 517/361/1
f 495/352/1 487/369/1 488/366/1
f 477/370/1 516/368/1 476/367/1
f 478/371/1 516/368/1 477/370/1
f 495/352/1 486/372/1 487/369/1
f 479/373/1 516/368/1 478/371/1
f 495/352/1 485/374/1 486/372/1
f 480/375/1 516/368/1 479/373/1
f 495/352/1 484/376/1 485/374/1
f 481/377/1 516/368/1 480/375/1
f 495/352/1 483/378/1 484/376/1
f 482/379/1 516/368/1 481/377/1
f 495/352/1 482/379/1 483/378/1
f 482/379/1 515/380/1 516/368/1
f 495/352/1 515/380/1 482/379/1
f 495/352/1 514/381/1 515/380/1
f 495/352/1 513/382/1 514/381/1
f 496/383/1 513/382/1 495/352/1
f 496/383/1 512/384/1 513/382/1
f 497/385/1 512/384/1 496/383/1
f 498/386/1 512/384/1 497/385/1
f 498/386/1 511/387/1 512/384/1
f 499/388/1 511/387/1 498/386/1
f 500/389/1 511/387/1 499/388/1
f 500/389/1 510/390/1 511/387/1
f 501/391/1 510/390/1 500/389/1
f 501/391/1 509/392/1 510/390/1
f 502/393/1 509/392/1 501/391/1
f 503/394/1 509/392/1 502/393/1
f 503/394/1 508/395/1 509/392/1
f 504/396/1 508/395/1 503/394/1
f 505/397/1 508/395/1 504/396/1
f 505/397/1 507/398/1 508/395/1
f 506/399/1 507/398/1 505/397/1
f 606/400/1 604/401/1 605/402/1
f 606/400/1 603/403/1 604/401/1
f 607/404/1 603/403/1 606/400/1
f 607/404/1 602/405/1 603/403/1
f 608/406/1 602/405/1 607/404/1
f 608/406/1 601/407/1 602/405/1
f 609/408/1 601/407/1 608/406/1
f 609/408/1 600/409/1 601/407/1
f 610/359/1 600/409/1 609/408/1
f 610/359/1 599/410/1 600/409/1
f 611/411/1 599/410/1 610/359/1
f 611/411/1 598/412/1 599/410/1
f 612/413/1 654/414/1 611/411/1
f 654/414/1 598/412/1 611/411/1
f 612/413/1 653/415/1 654/414/1
f 655/416/1 598/412/1 654/414/1
f 612/413/1 652/309/1 653/415/1
f 656/417/1 598/412/1 655/416/1
f 612/413/1 651/418/1 652/309/1
f 657/419/1 598/412/1 656/417/1
f 657/419/1 597/420/1 598/412/1
f 612/413/1 650/421/1 651/418/1
f 613/422/1 650/421/1 612/413/1
f 658/423/1 597/420/1 657/419/1
f 613/422/1 649/424/1 650/421/1
f 659/425/1 597/420/1 658/423/1
f 613/422/1 648/426/1 649/424/1
f 660/427/1 597/420/1 659/425/1
f 613/422/1 647/428/1 648/426/1
f 661/429/1 597/420/1 660/427/1
f 614/430/1 647/428/1 613/422/1
f 661/429/1 596/358/1 597/420/1
f 614/430/1 646/431/1 647/428/1
f 662/432/1 596/358/1 661/429/1
f 614/430/1 645/433/1 646/431/1
f 663/434/1 596/358/1 662/432/1
f 615/435/1 645/433/1 614/430/1
f 663/434/1 595/436/1 596/358/1
f 615/435/1 644/437/1 645/433/1
f 664/438/1 595/436/1 663/434/1
f 615/435/1 643/439/1 644/437/1
f 665/440/1 595/436/1 664/438/1
f 616/441/1 643/439/1 615/435/1
f 616/441/1 642/442/1 643/439/1
f 665/440/1 594/443/1 595/436/1
f 666/5/1 594/443/1 665/440/1
f 616/441/1 666/5/1 642/442/1
f 616/441/1 594/443/1 666/5/1
f 617/115/1 594/443/1 616/441/1
f 617/115/1 593/444/1 594/443/1
f 618/445/1 592/446/1 617/115/1
f 592/446/1 593/444/1 617/115/1
f 618/445/1 591/447/1 592/446/1
f 619/448/1 591/447/1 618/445/1
f 619/448/1 590/449/1 591/447/1
f 619/448/1 589/450/1 590/449/1
f 620/451/1 589/450/1 619/448/1
f 620/451/1 588/452/1 589/450/1
f 621/453/1 588/452/1 620/451/1
f 621/453/1 587/454/1 588/452/1
f 569/455/1 641/456/1 568/4/1
f 621/453/1 586/457/1 587/454/1
f 570/458/1 641/456/1 569/455/1
f 571/459/1 641/456/1 570/458/1
f 622/460/1 586/457/1 621/453/1
f 622/460/1 585/461/1 586/457/1
f 572/462/1 641/456/1 571/459/1
f 573/463/1 641/456/1 572/462/1
f 622/460/1 584/464/1 585/461/1
f 574/465/1 641/456/1 573/463/1
f 622/460/1 583/466/1 584/464/1
f 575/467/1 641/456/1 574/465/1
f 623/468/1 583/466/1 622/460/1
f 576/469/1 641/456/1 575/467/1
f 623/468/1 582/286/1 583/466/1
f 577/470/1 641/456/1 576/469/1
f 623/468/1 581/471/1 582/286/1
f 578/472/1 641/456/1 577/470/1
f 579/473/1 641/456/1 578/472/1
f 623/468/1 580/474/1 581/471/1
f 580/474/1 641/456/1 579/473/1
f 623/468/1 641/456/1 580/474/1
f 624/390/1 641/456/1 623/468/1
f 624/390/1 640/475/1 641/456/1
f 625/476/1 640/475/1 624/390/1
f 625/476/1 639/477/1 640/475/1
f 625/476/1 638/334/1 639/477/1
f 626/478/1 638/334/1 625/476/1
f 626/478/1 637/479/1 638/334/1
f 626/478/1 636/480/1 637/479/1
f 627/481/1 636/480/1 626/478/1
f 627/481/1 635/482/1 636/480/1
f 627/481/1 634/483/1 635/482/1
f 628/484/1 634/483/1 627/481/1
f 628/484/1 633/485/1 634/483/1
f 628/484/1 632/486/1 633/485/1
f 628/484/1 631/487/1 632/486/1
f 629/488/1 631/487/1 628/484/1
f 629/488/1 630/489/1 631/487/1
f 708/490/1 706/491/1 707/492/1
f 708/490/1 705/493/1 706/491/1
f 709/494/1 705/493/1 708/490/1
f 709/494/1 704/495/1 705/493/1
f 710/496/1 704/495/1 709/494/1
f 710/496/1 703/497/1 704/495/1
f 710/496/1 702/498/1 703/497/1
f 711/499/1 702/498/1 710/496/1
f 711/499/1 701/500/1 702/498/1
f 668/501/1 721/5/1 667/4/1
f 668/501/1 720/502/1 721/5/1
f 712/503/1 701/500/1 711/499/1
f 712/503/1 700/504/1 701/500/1
f 712/503/1 699/505/1 700/504/1
f 713/506/1 699/505/1 712/503/1
f 713/506/1 698/507/1 699/505/1
f 714/508/1 698/507/1 713/506/1
f 714/508/1 697/509/1 698/507/1
f 714/508/1 696/510/1 697/509/1
f 715/511/1 696/510/1 714/508/1
f 715/511/1 695/512/1 696/510/1
f 716/513/1 695/512/1 715/511/1
f 716/513/1 685/514/1 695/512/1
f 685/514/1 686/515/1 695/512/1
f 686/515/1 687/516/1 695/512/1
f 687/516/1 688/517/1 695/512/1
f 688/517/1 689/518/1 695/512/1
f 689/518/1 690/519/1 695/512/1
f 690/519/1 691/520/1 695/512/1
f 691/520/1 692/521/1 695/512/1
f 692/521/1 693/522/1 695/512/1
f 693/522/1 694/115/1 695/512/1
f 717/523/1 683/524/1 716/513/1
f 683/524/1 684/525/1 716/513/1
f 684/525/1 685/514/1 716/513/1
f 718/526/1 681/527/1 717/523/1
f 681/527/1 682/528/1 717/523/1
f 682/528/1 683/524/1 717/523/1
f 718/526/1 680/529/1 681/527/1
f 718/526/1 679/530/1 680/529/1
f 719/531/1 679/530/1 718/526/1
f 719/531/1 678/532/1 679/530/1
f 719/531/1 677/533/1 678/532/1
f 668/501/1 719/531/1 720/502/1
f 668/501/1 673/534/1 719/531/1
f 673/534/1 674/535/1 719/531/1
f 674/535/1 675/536/1 719/531/1
f 675/536/1 676/537/1 719/531/1
f 676/537/1 677/533/1 719/531/1
f 668/501/1 672/538/1 673/534/1
f 668/501/1 671/539/1 672/538/1
f 668/501/1 670/540/1 671/539/1
f 668/501/1 669/541/1 670/540/1
f 723/118/1 751/119/1 722/4/1
f 751/119/1 750/120/1 722/4/1
f 751/119/1 749/121/1 750/120/1
f 751/119/1 748/122/1 749/121/1
f 751/119/1 747/10/1 748/122/1
f 751/119/1 746/123/1 747/10/1
f 751/119/1 745/124/1 746/123/1
f 751/119/1 744/114/1 745/124/1
f 751/119/1 743/125/1 744/114/1
f 751/119/1 752/7/1 743/125/1
f 752/7/1 742/11/1 743/125/1
f 723/118/1 777/5/1 751/119/1
f 753/126/1 742/11/1 752/7/1
f 754/127/1 742/11/1 753/126/1
f 755/117/1 742/11/1 754/127/1
f 755/117/1 741/128/1 742/11/1
f 756/129/1 741/128/1 755/117/1
f 757/9/1 741/128/1 756/129/1
f 758/130/1 741/128/1 757/9/1
f 758/130/1 740/131/1 741/128/1
f 759/132/1 740/131/1 758/130/1
f 760/133/1 740/131/1 759/132/1
f 761/134/1 740/131/1 760/133/1
f 761/134/1 739/135/1 740/131/1
f 762/8/1 739/135/1 761/134/1
f 763/136/1 739/135/1 762/8/1
f 763/136/1 738/137/1 739/135/1
f 764/138/1 738/137/1 763/136/1
f 765/139/1 738/137/1 764/138/1
f 765/139/1 737/12/1 738/137/1
f 766/111/1 737/12/1 765/139/1
f 766/111/1 736/140/1 737/12/1
f 767/6/1 736/140/1 766/111/1
f 768/141/1 736/140/1 767/6/1
f 768/141/1 735/142/1 736/140/1
f 769/143/1 735/142/1 768/141/1
f 770/144/1 735/142/1 769/143/1
f 770/144/1 734/145/1 735/142/1
f 771/146/1 734/145/1 770/144/1
f 772/2/1 734/145/1 771/146/1
f 773/147/1 734/145/1 772/2/1
f 774/148/1 734/145/1 773/147/1
f 774/148/1 733/109/1 734/145/1
f 775/149/1 733/109/1 774/148/1
f 776/150/1 733/109/1 775/149/1
f 723/118/1 725/151/1 777/5/1
f 725/151/1 776/150/1 777/5/1
f 725/151/1 733/109/1 776/150/1
f 725/151/1 732/1/1 733/109/1
f 725/151/1 731/152/1 732/1/1
f 725/151/1 730/153/1 731/152/1
f 725/151/1 729/154/1 730/153/1
f 725/151/1 728/155/1 729/154/1
f 725/151/1 727/3/1 728/155/1
f 725/151/1 726/156/1 727/3/1
f 723/118/1 724/157/1 725/151/1
f 779/542/1 825/5/1 778/4/1
f 779/542/1 824/543/1 825/5/1
f 780/544/1 824/543/1 779/542/1
f 780/544/1 823/545/1 824/543/1
f 781/546/1 823/545/1 780/544/1
f 781/546/1 822/547/1 823/545/1
f 782/548/1 822/547/1 781/546/1
f 782/548/1 821/549/1 822/547/1
f 783/550/1 821/549/1 782/548/1
f 783/550/1 820/551/1 821/549/1
f 784/552/1 820/551/1 783/550/1
f 784/552/1 819/553/1 820/551/1
f 785/554/1 819/553/1 784/552/1
f 785/554/1 818/555/1 819/553/1
f 786/556/1 818/555/1 785/554/1
f 786/556/1 817/557/1 818/555/1
f 787/558/1 817/557/1 786/556/1
f 787/558/1 816/559/1 817/557/1
f 788/560/1 816/559/1 787/558/1
f 788/560/1 815/561/1 816/559/1
f 789/562/1 815/561/1 788/560/1
f 789/562/1 814/563/1 815/561/1
f 790/564/1 814/563/1 789/562/1
f 791/565/1 814/563/1 790/564/1
f 791/565/1 813/566/1 814/563/1
f 791/565/1 812/567/1 813/566/1
f 792/568/1 812/567/1 791/565/1
f 792/568/1 811/569/1 812/567/1
f 793/570/1 811/569/1 792/568/1
f 794/571/1 811/569/1 793/570/1
f 794/571/1 810/572/1 811/569/1
f 795/573/1 810/572/1 794/571/1
f 795/573/1 809/574/1 810/572/1
f 796/575/1 809/574/1 795/573/1
f 796/575/1 808/576/1 809/574/1
f 797/577/1 808/576/1 796/575/1
f 797/577/1 807/578/1 808/576/1
f 798/579/1 807/578/1 797/577/1
f 798/579/1 806/580/1 807/578/1
f 799/581/1 806/580/1 798/579/1
f 799/581/1 805/582/1 806/580/1
f 800/583/1 805/582/1 799/581/1
f 800/583/1 804/584/1 805/582/1
f 801/585/1 804/584/1 800/583/1
f 801/585/1 803/586/1 804/584/1
f 802/587/1 803/586/1 801/585/1
f 827/542/1 873/5/1 826/4/1
f 827/542/1 872/543/1 873/5/1
f 828/544/1 872/543/1 827/542/1
f 828/544/1 871/545/1 872/543/1
f 829/546/1 871/545/1 828/544/1
f 829/546/1 870/547/1 871/545/1
f 830/548/1 870/547/1 829/546/1
f 830/548/1 869/549/1 870/547/1
f 831/550/1 869/549/1 830/548/1
f 831/550/1 868/551/1 869/549/1
f 832/552/1 868/551/1 831/550/1
f 832/552/1 867/553/1 868/551/1
f 833/554/1 867/553/1 832/552/1
f 833/554/1 866/555/1 867/553/1
f 834/556/1 866/555/1 833/554/1
f 834/556/1 865/557/1 866/555/1
f 835/558/1 865/557/1 834/556/1
f 835/558/1 864/559/1 865/557/1
f 836/560/1 864/559/1 835/558/1
f 836/560/1 863/561/1 864/559/1
f 837/562/1 863/561/1 836/560/1
f 837/562/1 862/563/1 863/561/1
f 838/564/1 862/563/1 837/562/1
f 839/565/1 862/563/1 838/564/1
f 839/565/1 861/566/1 862/563/1
f 839/565/1 860/567/1 861/566/1
f 840/568/1 860/567/1 839/565/1
f 840/568/1 859/569/1 860/567/1
f 841/570/1 859/569/1 840/568/1
f 842/571/1 859/569/1 841/570/1
f 842/571/1 858/572/1 859/569/1
f 843/573/1 858/572/1 842/571/1
f 843/573/1 857/574/1 858/572/1
f 844/575/1 857/574/1 843/573/1
f 844/575/1 856/576/1 857/574/1
f 845/577/1 856/576/1 844/575/1
f 845/577/1 855/578/1 856/576/1
f 846/579/1 855/578/1 845/577/1
f 846/579/1 854/580/1 855/578/1
f 847/581/1 854/580/1 846/579/1
f 847/581/1 853/582/1 854/580/1
f 848/583/1 853/582/1 847/581/1
f 848/583/1 852/584/1 853/582/1
f 849/585/1 852/584/1 848/583/1
f 849/585/1 851/586/1 852/584/1
f 850/587/1 851/586/1 849/585/1
f 875/542/1 921/5/1 874/4/1
f 875/542/1 920/543/1 921/5/1
f 876/544/1 920/543/1 875/542/1
f 876/544/1 919/545/1 920/543/1
f 877/546/1 919/545/1 876/544/1
f 877/546/1 918/547/1 919/545/1
f 878/548/1 918/547/1 877/546/1
f 878/548/1 917/549/1 918/547/1
f 879/550/1 917/549/1 878/548/1
f 879/550/1 916/551/1 917/549/1
f 880/552/1 916/551/1 879/550/1
f 880/552/1 915/553/1 916/551/1
f 881/554/1 915/553/1 880/552/1
f 881/554/1 914/555/1 915/553/1
f 882/556/1 914/555/1 881/554/1
f 882/556/1 913/557/1 914/555/1
f 883/558/1 913/557/1 882/556/1
f 883/558/1 912/559/1 913/557/1
f 884/560/1 912/559/1 883/558/1
f 884/560/1 911/561/1 912/559/1
f 885/562/1 911/561/1 884/560/1
f 885/562/1 910/563/1 911/561/1
f 886/564/1 910/563/1 885/562/1
f 887/565/1 910/563/1 886/564/1
f 887/565/1 909/566/1 910/563/1
f 887/565/1 908/567/1 909/566/1
f 888/568/1 908/567/1 887/565/1
f 888/568/1 907/569/1 908/567/1
f 889/570/1 907/569/1 888/568/1
f 890/571/1 907/569/1 889/570/1
f 890/571/1 906/572/1 907/569/1
f 891/573/1 906/572/1 890/571/1
f 891/573/1 905/574/1 906/572/1
f 892/575/1 905/574/1 891/573/1
f 892/575/1 904/576/1 905/574/1
f 893/577/1 904/576/1 892/575/1
f 893/577/1 903/578/1 904/576/1
f 894/579/1 903/578/1 893/577/1
f 894/579/1 902/580/1 903/578/1
f 895/581/1 902/580/1 894/579/1
f 895/581/1 901/582/1 902/580/1
f 896/583/1 901/582/1 895/581/1
f 896/583/1 900/584/1 901/582/1
f 897/585/1 900/584/1 896/583/1
f 897/585/1 899/586/1 900/584/1
f 898/587/1 899/586/1 897/585/1
f 963/490/1 961/491/1 962/492/1
f 963/490/1 960/493/1 961/491/1
f 964/494/1 960/493/1 963/490/1
f 964/494/1 959/495/1 960/493/1
f 965/496/1 959/495/1 964/494/1
f 965/496/1 958/497/1 959/495/1
f 965/496/1 957/498/1 958/497/1
f 966/499/1 957/498/1 965/496/1
f 966/499/1 956/500/1 957/498/1
f 923/501/1 976/5/1 922/4/1
f 923/501/1 975/502/1 976/5/1
f 967/503/1 956/500/1 966/499/1
f 967/503/1 955/504/1 956/500/1
f 967/503/1 954/505/1 955/504/1
f 968/506/1 954/505/1 967/503/1
f 968/506/1 953/507/1 954/505/1
f 969/508/1 953/507/1 968/506/1
f 969/508/1 952/509/1 953/507/1
f 969/508/1 951/510/1 952/509/1
f 970/511/1 951/510/1 969/508/1
f 970/511/1 950/512/1 951/510/1
f 971/513/1 950/512/1 970/511/1
f 971/513/1 940/514/1 950/512/1
f 940/514/1 941/515/1 950/512/1
f 941/515/1 942/516/1 950/512/1
f 942/516/1 943/517/1 950/512/1
f 943/517/1 944/518/1 950/512/1
f 944/518/1 945/519/1 950/512/1
f 945/519/1 946/520/1 950/512/1
f 946/520/1 947/521/1 950/512/1
f 947/521/1 948/522/1 950/512/1
f 948/522/1 949/115/1 950/512/1
f 972/523/1 938/524/1 971/513/1
f 938/524/1 939/525/1 971/513/1
f 939/525/1 940/514/1 971/513/1
f 973/526/1 936/527/1 972/523/1
f 936/527/1 937/528/1 972/523/1
f 937/528/1 938/524/1 972/523/1
f 973/526/1 935/529/1 936/527/1
f 973/526/1 934/530/1 935/529/1
f 974/531/1 934/530/1 973/526/1
f 974/531/1 933/532/1 934/530/1
f 974/531/1 932/533/1 933/532/1
f 923/501/1 974/531/1 975/502/1
f 923/501/1 928/534/1 974/531/1
f 928/534/1 929/535/1 974/531/1
f 929/535/1 930/536/1 974/531/1
f 930/536/1 931/537/1 974/531/1
f 931/537/1 932/533/1 974/531/1
f 923/501/1 927/538/1 928/534/1
f 923/501/1 926/539/1 927/538/1
f 923/501/1 925/540/1 926/539/1
f 923/501/1 924/541/1 925/540/1
f 1015/400/1 1013/401/1 1014/402/1
f 1015/400/1 1012/403/1 1013/401/1
f 1016/404/1 1012/403/1 1015/400/1
f 1016/404/1 1011/405/1 1012/403/1
f 1017/406/1 1011/405/1 1016/404/1
f 1017/406/1 1010/407/1 1011/405/1
f 1018/408/1 1010/407/1 1017/406/1
f 1018/408/1 1009/409/1 1010/407/1
f 1019/359/1 1009/409/1 1018/408/1
f 1019/359/1 1008/410/1 1009/409/1
f 1020/411/1 1008/410/1 1019/359/1
f 1020/411/1 1007/412/1 1008/410/1
f 1021/413/1 1063/414/1 1020/411/1
f 1063/414/1 1007/412/1 1020/411/1
f 1021/413/1 1062/415/1 1063/414/1
f 1064/416/1 1007/412/1 1063/414/1
f 1021/413/1 1061/309/1 1062/415/1
f 1065/417/1 1007/412/1 1064/416/1
f 1021/413/1 1060/418/1 1061/309/1
f 1066/419/1 1007/412/1 1065/417/1
f 1066/419/1 1006/420/1 1007/412/1
f 1021/413/1 1059/421/1 1060/418/1
f 1022/422/1 1059/421/1 1021/413/1
f 1067/423/1 1006/420/1 1066/419/1
f 1022/422/1 1058/424/1 1059/421/1
f 1068/425/1 1006/420/1 1067/423/1
f 1022/422/1 1057/426/1 1058/424/1
f 1069/427/1 1006/420/1 1068/425/1
f 1022/422/1 1056/428/1 1057/426/1
f 1070/429/1 1006/420/1 1069/427/1
f 1023/430/1 1056/428/1 1022/422/1
f 1070/429/1 1005/358/1 1006/420/1
f 1023/430/1 1055/431/1 1056/428/1
f 1071/432/1 1005/358/1 1070/429/1
f 1023/430/1 1054/433/1 1055/431/1
f 1072/434/1 1005/358/1 1071/432/1
f 1024/435/1 1054/433/1 1023/430/1
f 1072/434/1 1004/436/1 1005/358/1
f 1024/435/1 1053/437/1 1054/433/1
f 1073/438/1 1004/436/1 1072/434/1
f 1024/435/1 1052/439/1 1053/437/1
f 1074/440/1 1004/436/1 1073/438/1
f 1025/441/1 1052/439/1 1024/435/1
f 1025/441/1 1051/442/1 1052/439/1
f 1074/440/1 1003/443/1 1004/436/1
f 1075/5/1 1003/443/1 1074/440/1
f 1025/441/1 1075/5/1 1051/442/1
f 1025/441/1 1003/443/1 1075/5/1
f 1026/115/1 1003/443/1 1025/441/1
f 1026/115/1 1002/444/1 1003/443/1
f 1027/445/1 1001/446/1 1026/115/1
f 1001/446/1 1002/444/1 1026/115/1
f 1027/445/1 1000/447/1 1001/446/1
f 1028/448/1 1000/447/1 1027/445/1
f 1028/448/1 999/449/1 1000/447/1
f 1028/448/1 998/450/1 999/449/1
f 1029/451/1 998/450/1 1028/448/1
f 1029/451/1 997/452/1 998/450/1
f 1030/453/1 997/452/1 1029/451/1
f 1030/453/1 996/454/1 997/452/1
f 978/455/1 1050/456/1 977/4/1
f 1030/453/1 995/457/1 996/454/1
f 979/458/1 1050/456/1 978/455/1
f 980/459/1 1050/456/1 979/458/1
f 1031/460/1 995/457/1 1030/453/1
f 1031/460/1 994/461/1 995/457/1
f 981/462/1 1050/456/1 980/459/1
f 982/463/1 1050/456/1 981/462/1
f 1031/460/1 993/464/1 994/461/1
f 983/465/1 1050/456/1 982/463/1
f 1031/460/1 992/466/1 993/464/1
f 984/467/1 1050/456/1 983/465/1
f 1032/468/1 992/466/1 1031/460/1
f 985/469/1 1050/456/1 984/467/1
f 1032/468/1 991/286/1 992/466/1
f 986/470/1 1050/456/1 985/469/1
f 1032/468/1 990/471/1 991/286/1
f 987/472/1 1050/456/1 986/470/1
f 988/473/1 1050/456/1 987/472/1
f 1032/468/1 989/474/1 990/471/1
f 989/474/1 1050/456/1 988/473/1
f 1032/468/1 1050/456/1 989/474/1
f 1033/390/1 1050/456/1 1032/468/1
f 1033/390/1 1049/475/1 1050/456/1
f 1034/476/1 1049/475/1 1033/390/1
f 1034/476/1 1048/477/1 1049/475/1
f 1034/476/1 1047/334/1 1048/477/1
f 1035/478/1 1047/334/1 1034/476/1
f 1035/478/1 1046/479/1 1047/334/1
f 1035/478/1 1045/480/1 1046/479/1
f 1036/481/1 1045/480/1 1035/478/1
f 1036/481/1 1044/482/1 1045/480/1
f 1036/481/1 1043/483/1 1044/482/1
f 1037/484/1 1043/483/1 1036/481/1
f 1037/484/1 1042/485/1 1043/483/1
f 1037/484/1 1041/486/1 1042/485/1
f 1037/484/1 1040/487/1 1041/486/1
f 1038/488/1 1040/487/1 1037/484/1
f 1038/488/1 1039/489/1 1040/487/1
f 1076/4/1 1081/503/1 1082/5/1
f 1076/4/1 1080/497/1 1081/503/1
f 1080/497/1 1078/514/1 1079/115/1
f 1080/497/1 1077/537/1 1078/514/1
f 1076/4/1 1077/537/1 1080/497/1
f 1120/588/1 1118/378/1 1119/589/1
f 1120/588/1 1117/590/1 1118/378/1
f 1121/114/1 1117/590/1 1120/588/1
f 1121/114/1 1116/591/1 1117/590/1
f 1122/592/1 1116/591/1 1121/114/1
f 1122/592/1 1115/593/1 1116/591/1
f 1123/362/1 1115/593/1 1122/592/1
f 1123/362/1 1114/594/1 1115/593/1
f 1124/595/1 1114/594/1 1123/362/1
f 1124/595/1 1113/367/1 1114/594/1
f 1125/596/1 1143/355/1 1124/595/1
f 1143/355/1 1113/367/1 1124/595/1
f 1125/596/1 1142/597/1 1143/355/1
f 1144/598/1 1113/367/1 1143/355/1
f 1125/596/1 1141/599/1 1142/597/1
f 1145/600/1 1113/367/1 1144/598/1
f 1125/596/1 1140/117/1 1141/599/1
f 1146/601/1 1113/367/1 1145/600/1
f 1146/601/1 1112/602/1 1113/367/1
f 1126/603/1 1140/117/1 1125/596/1
f 1126/603/1 1139/604/1 1140/117/1
f 1147/605/1 1112/602/1 1146/601/1
f 1126/603/1 1138/387/1 1139/604/1
f 1148/340/1 1112/602/1 1147/605/1
f 1148/340/1 1111/606/1 1112/602/1
f 1127/607/1 1138/387/1 1126/603/1
f 1127/607/1 1137/608/1 1138/387/1
f 1149/609/1 1111/606/1 1148/340/1
f 1127/607/1 1136/610/1 1137/608/1
f 1150/611/1 1111/606/1 1149/609/1
f 1150/611/1 1110/612/1 1111/606/1
f 1128/385/1 1136/610/1 1127/607/1
f 1128/385/1 1135/613/1 1136/610/1
f 1151/614/1 1110/612/1 1150/611/1
f 1151/614/1 1109/615/1 1110/612/1
f 1129/616/1 1135/613/1 1128/385/1
f 1129/616/1 1134/617/1 1135/613/1
f 1152/618/1 1109/615/1 1151/614/1
f 1129/616/1 1133/396/1 1134/617/1
f 1153/329/1 1109/615/1 1152/618/1
f 1153/329/1 1108/348/1 1109/615/1
f 1130/619/1 1133/396/1 1129/616/1
f 1130/619/1 1132/620/1 1133/396/1
f 1154/621/1 1108/348/1 1153/329/1
f 1154/621/1 1107/622/1 1108/348/1
f 1083/4/1 1132/620/1 1130/619/1
f 1083/4/1 1131/623/1 1132/620/1
f 1155/624/1 1107/622/1 1154/621/1
f 1084/625/1 1131/623/1 1083/4/1
f 1084/625/1 1178/5/1 1131/623/1
f 1156/626/1 1107/622/1 1155/624/1
f 1156/626/1 1106/627/1 1107/622/1
f 1157/628/1 1106/627/1 1156/626/1
f 1084/625/1 1177/629/1 1178/5/1
f 1157/628/1 1105/630/1 1106/627/1
f 1085/631/1 1177/629/1 1084/625/1
f 1158/320/1 1105/630/1 1157/628/1
f 1085/631/1 1176/632/1 1177/629/1
f 1158/320/1 1104/633/1 1105/630/1
f 1086/634/1 1176/632/1 1085/631/1
f 1159/111/1 1104/633/1 1158/320/1
f 1086/634/1 1175/635/1 1176/632/1
f 1159/111/1 1103/331/1 1104/633/1
f 1087/636/1 1175/635/1 1086/634/1
f 1160/637/1 1103/331/1 1159/111/1
f 1087/636/1 1174/638/1 1175/635/1
f 1161/639/1 1103/331/1 1160/637/1
f 1087/636/1 1173/288/1 1174/638/1
f 1161/639/1 1102/109/1 1103/331/1
f 1088/276/1 1173/288/1 1087/636/1
f 1162/640/1 1102/109/1 1161/639/1
f 1088/276/1 1172/641/1 1173/288/1
f 1163/311/1 1102/109/1 1162/640/1
f 1088/276/1 1171/642/1 1172/641/1
f 1163/311/1 1101/643/1 1102/109/1
f 1089/644/1 1171/642/1 1088/276/1
f 1164/645/1 1101/643/1 1163/311/1
f 1089/644/1 1170/646/1 1171/642/1
f 1165/647/1 1101/643/1 1164/645/1
f 1089/644/1 1169/648/1 1170/646/1
f 1165/647/1 1100/649/1 1101/643/1
f 1090/650/1 1169/648/1 1089/644/1
f 1166/651/1 1100/649/1 1165/647/1
f 1090/650/1 1168/303/1 1169/648/1
f 1167/652/1 1100/649/1 1166/651/1
f 1090/650/1 1167/652/1 1168/303/1
f 1090/650/1 1100/649/1 1167/652/1
f 1090/650/1 1099/653/1 1100/649/1
f 1091/654/1 1099/653/1 1090/650/1
f 1091/654/1 1098/298/1 1099/653/1
f 1092/655/1 1098/298/1 1091/654/1
f 1092/655/1 1097/656/1 1098/298/1
f 1093/272/1 1097/656/1 1092/655/1
f 1093/272/1 1096/657/1 1097/656/1
f 1094/658/1 1096/657/1 1093/272/1
f 1094/658/1 1095/659/1 1096/657/1
f 1217/400/1 1215/401/1 1216/402/1
f 1217/400/1 1214/403/1 1215/401/1
f 1218/404/1 1214/403/1 1217/400/1
f 1218/404/1 1213/405/1 1214/403/1
f 1219/406/1 1213/405/1 1218/404/1
f 1219/406/1 1212/407/1 1213/405/1
f 1220/408/1 1212/407/1 1219/406/1
f 1220/408/1 1211/409/1 1212/407/1
f 1221/359/1 1211/409/1 1220/408/1
f 1221/359/1 1210/410/1 1211/409/1
f 1222/411/1 1210/410/1 1221/359/1
f 1222/411/1 1209/412/1 1210/410/1
f 1223/413/1 1265/414/1 1222/411/1
f 1265/414/1 1209/412/1 1222/411/1
f 1223/413/1 1264/415/1 1265/414/1
f 1266/416/1 1209/412/1 1265/414/1
f 1223/413/1 1263/309/1 1264/415/1
f 1267/417/1 1209/412/1 1266/416/1
f 1223/413/1 1262/418/1 1263/309/1
f 1268/419/1 1209/412/1 1267/417/1
f 1268/419/1 1208/420/1 1209/412/1
f 1223/413/1 1261/421/1 1262/418/1
f 1224/422/1 1261/421/1 1223/413/1
f 1269/423/1 1208/420/1 1268/419/1
f 1224/422/1 1260/424/1 1261/421/1
f 1270/425/1 1208/420/1 1269/423/1
f 1224/422/1 1259/426/1 1260/424/1
f 1271/427/1 1208/420/1 1270/425/1
f 1224/422/1 1258/428/1 1259/426/1
f 1272/429/1 1208/420/1 1271/427/1
f 1225/430/1 1258/428/1 1224/422/1
f 1272/429/1 1207/358/1 1208/420/1
f 1225/430/1 1257/431/1 1258/428/1
f 1273/432/1 1207/358/1 1272/429/1
f 1225/430/1 1256/433/1 1257/431/1
f 1274/434/1 1207/358/1 1273/432/1
f 1226/435/1 1256/433/1 1225/430/1
f 1274/434/1 1206/436/1 1207/358/1
f 1226/435/1 1255/437/1 1256/433/1
f 1275/438/1 1206/436/1 1274/434/1
f 1226/435/1 1254/439/1 1255/437/1
f 1276/440/1 1206/436/1 1275/438/1
f 1227/441/1 1254/439/1 1226/435/1
f 1227/441/1 1253/442/1 1254/439/1
f 1276/440/1 1205/443/1 1206/436/1
f 1277/5/1 1205/443/1 1276/440/1
f 1227/441/1 1277/5/1 1253/442/1
f 1227/441/1 1205/443/1 1277/5/1
f 1228/115/1 1205/443/1 1227/441/1
f 1228/115/1 1204/444/1 1205/443/1
f 1229/445/1 1203/446/1 1228/115/1
f 1203/446/1 1204/444/1 1228/115/1
f 1229/445/1 1202/447/1 1203/446/1
f 1230/448/1 1202/447/1 1229/445/1
f 1230/448/1 1201/449/1 1202/447/1
f 1230/448/1 1200/450/1 1201/449/1
f 1231/451/1 1200/450/1 1230/448/1
f 1231/451/1 1199/452/1 1200/450/1
f 1232/453/1 1199/452/1 1231/451/1
f 1232/453/1 1198/454/1 1199/452/1
f 1180/455/1 1252/456/1 1179/4/1
f 1232/453/1 1197/457/1 1198/454/1
f 1181/458/1 1252/456/1 1180/455/1
f 1182/459/1 1252/456/1 1181/458/1
f 1233/460/1 1197/457/1 1232/453/1
f 1233/460/1 1196/461/1 1197/457/1
f 1183/462/1 1252/456/1 1182/459/1
f 1184/463/1 1252/456/1 1183/462/1
f 1233/460/1 1195/464/1 1196/461/1
f 1185/465/1 1252/456/1 1184/463/1
f 1233/460/1 1194/466/1 1195/464/1
f 1186/467/1 1252/456/1 1185/465/1
f 1234/468/1 1194/466/1 1233/460/1
f 1187/469/1 1252/456/1 1186/467/1
f 1234/468/1 1193/286/1 1194/466/1
f 1188/470/1 1252/456/1 1187/469/1
f 1234/468/1 1192/471/1 1193/286/1
f 1189/472/1 1252/456/1 1188/470/1
f 1190/473/1 1252/456/1 1189/472/1
f 1234/468/1 1191/474/1 1192/471/1
f 1191/474/1 1252/456/1 1190/473/1
f 1234/468/1 1252/456/1 1191/474/1
f 1235/390/1 1252/456/1 1234/468/1
f 1235/390/1 1251/475/1 1252/456/1
f 1236/476/1 1251/475/1 1235/390/1
f 1236/476/1 1250/477/1 1251/475/1
f 1236/476/1 1249/334/1 1250/477/1
f 1237/478/1 1249/334/1 1236/476/1
f 1237/478/1 1248/479/1 1249/334/1
f 1237/478/1 1247/480/1 1248/479/1
f 1238/481/1 1247/480/1 1237/478/1
f 1238/481/1 1246/482/1 1247/480/1
f 1238/481/1 1245/483/1 1246/482/1
f 1239/484/1 1245/483/1 1238/481/1
f 1239/484/1 1244/485/1 1245/483/1
f 1239/484/1 1243/486/1 1244/485/1
f 1239/484/1 1242/487/1 1243/486/1
f 1240/488/1 1242/487/1 1239/484/1
f 1240/488/1 1241/489/1 1242/487/1
f 1372/660/1 1370/661/1 1371/662/1
f 1348/663/1 1346/664/1 1347/665/1
f 1373/666/1 1370/661/1 1372/660/1
f 1373/666/1 1369/667/1 1370/661/1
f 1349/668/1 1346/664/1 1348/663/1
f 1349/668/1 1345/669/1 1346/664/1
f 1374/670/1 1369/667/1 1373/666/1
f 1374/670/1 1368/671/1 1369/667/1
f 1350/672/1 1345/669/1 1349/668/1
f 1375/673/1 1368/671/1 1374/670/1
f 1375/673/1 1367/674/1 1368/671/1
f 1350/672/1 1344/675/1 1345/669/1
f 1351/676/1 1344/675/1 1350/672/1
f 1376/677/1 1367/674/1 1375/673/1
f 1279/678/1 1384/5/1 1278/4/1
f 1279/678/1 1383/679/1 1384/5/1
f 1376/677/1 1366/680/1 1367/674/1
f 1352/681/1 1344/675/1 1351/676/1
f 1377/682/1 1366/680/1 1376/677/1
f 1352/681/1 1343/683/1 1344/675/1
f 1377/682/1 1365/684/1 1366/680/1
f 1378/685/1 1365/684/1 1377/682/1
f 1353/686/1 1343/683/1 1352/681/1
f 1378/685/1 1364/687/1 1365/684/1
f 1353/686/1 1342/688/1 1343/683/1
f 1379/689/1 1364/687/1 1378/685/1
f 1354/690/1 1342/688/1 1353/686/1
f 1379/689/1 1363/691/1 1364/687/1
f 1380/692/1 1363/691/1 1379/689/1
f 1355/693/1 1342/688/1 1354/690/1
f 1355/693/1 1341/694/1 1342/688/1
f 1380/692/1 1362/695/1 1363/691/1
f 1381/696/1 1362/695/1 1380/692/1
f 1356/697/1 1341/694/1 1355/693/1
f 1381/696/1 1361/698/1 1362/695/1
f 1382/699/1 1361/698/1 1381/696/1
f 1356/697/1 1340/700/1 1341/694/1
f 1357/701/1 1340/700/1 1356/697/1
f 1382/699/1 1360/702/1 1361/698/1
f 1383/679/1 1360/702/1 1382/699/1
f 1358/703/1 1340/700/1 1357/701/1
f 1358/703/1 1320/704/1 1340/700/1
f 1320/704/1 1339/705/1 1340/700/1
f 1279/678/1 1281/706/1 1383/679/1
f 1281/706/1 1282/707/1 1383/679/1
f 1282/707/1 1283/708/1 1383/679/1
f 1283/708/1 1284/709/1 1383/679/1
f 1284/709/1 1285/710/1 1383/679/1
f 1285/710/1 1286/711/1 1383/679/1
f 1286/711/1 1287/712/1 1383/679/1
f 1287/712/1 1288/713/1 1383/679/1
f 1288/713/1 1289/714/1 1383/679/1
f 1289/714/1 1290/715/1 1383/679/1
f 1290/715/1 1291/716/1 1383/679/1
f 1291/716/1 1292/717/1 1383/679/1
f 1292/717/1 1360/702/1 1383/679/1
f 1292/717/1 1293/718/1 1360/702/1
f 1293/718/1 1359/719/1 1360/702/1
f 1359/719/1 1319/720/1 1358/703/1
f 1319/720/1 1320/704/1 1358/703/1
f 1294/721/1 1359/719/1 1293/718/1
f 1321/722/1 1339/705/1 1320/704/1
f 1359/719/1 1318/723/1 1319/720/1
f 1295/724/1 1359/719/1 1294/721/1
f 1322/725/1 1339/705/1 1321/722/1
f 1359/719/1 1317/726/1 1318/723/1
f 1296/727/1 1359/719/1 1295/724/1
f 1323/728/1 1339/705/1 1322/725/1
f 1359/719/1 1316/729/1 1317/726/1
f 1297/730/1 1359/719/1 1296/727/1
f 1297/730/1 1316/729/1 1359/719/1
f 1324/731/1 1339/705/1 1323/728/1
f 1297/730/1 1315/732/1 1316/729/1
f 1324/731/1 1338/733/1 1339/705/1
f 1298/734/1 1315/732/1 1297/730/1
f 1298/734/1 1314/735/1 1315/732/1
f 1325/736/1 1338/733/1 1324/731/1
f 1298/734/1 1313/737/1 1314/735/1
f 1299/738/1 1313/737/1 1298/734/1
f 1326/739/1 1338/733/1 1325/736/1
f 1299/738/1 1312/740/1 1313/737/1
f 1300/741/1 1312/740/1 1299/738/1
f 1327/742/1 1338/733/1 1326/739/1
f 1300/741/1 1311/743/1 1312/740/1
f 1327/742/1 1337/744/1 1338/733/1
f 1301/745/1 1311/743/1 1300/741/1
f 1301/745/1 1310/746/1 1311/743/1
f 1328/747/1 1337/744/1 1327/742/1
f 1301/745/1 1309/748/1 1310/746/1
f 1302/749/1 1309/748/1 1301/745/1
f 1329/750/1 1337/744/1 1328/747/1
f 1302/749/1 1308/751/1 1309/748/1
f 1329/750/1 1336/752/1 1337/744/1
f 1303/753/1 1308/751/1 1302/749/1
f 1279/678/1 1280/754/1 1281/706/1
f 1303/753/1 1307/755/1 1308/751/1
f 1330/756/1 1336/752/1 1329/750/1
f 1304/757/1 1307/755/1 1303/753/1
f 1331/115/1 1336/752/1 1330/756/1
f 1331/115/1 1335/758/1 1336/752/1
f 1305/759/1 1307/755/1 1304/757/1
f 1332/760/1 1335/758/1 1331/115/1
f 1332/760/1 1334/761/1 1335/758/1
f 1306/762/1 1307/755/1 1305/759/1
f 1333/763/1 1334/761/1 1332/760/1
f 1423/764/1 1421/765/1 1422/766/1
f 1424/767/1 1421/765/1 1423/764/1
f 1424/767/1 1420/768/1 1421/765/1
f 1425/769/1 1420/768/1 1424/767/1
f 1426/770/1 1420/768/1 1425/769/1
f 1426/770/1 1419/771/1 1420/768/1
f 1427/772/1 1419/771/1 1426/770/1
f 1427/772/1 1418/773/1 1419/771/1
f 1428/774/1 1418/773/1 1427/772/1
f 1429/775/1 1418/773/1 1428/774/1
f 1429/775/1 1417/776/1 1418/773/1
f 1430/777/1 1417/776/1 1429/775/1
f 1430/777/1 1416/778/1 1417/776/1
f 1431/779/1 1416/778/1 1430/777/1
f 1432/780/1 1416/778/1 1431/779/1
f 1432/780/1 1415/781/1 1416/778/1
f 1433/782/1 1415/781/1 1432/780/1
f 1433/782/1 1414/783/1 1415/781/1
f 1434/784/1 1414/783/1 1433/782/1
f 1435/785/1 1436/786/1 1434/784/1
f 1436/786/1 1437/787/1 1434/784/1
f 1437/787/1 1438/788/1 1434/784/1
f 1438/788/1 1439/789/1 1434/784/1
f 1439/789/1 1440/790/1 1434/784/1
f 1440/790/1 1441/791/1 1434/784/1
f 1441/791/1 1442/792/1 1434/784/1
f 1442/792/1 1443/793/1 1434/784/1
f 1443/793/1 1444/794/1 1434/784/1
f 1444/794/1 1445/795/1 1434/784/1
f 1445/795/1 1414/783/1 1434/784/1
f 1445/795/1 1446/796/1 1414/783/1
f 1446/796/1 1447/797/1 1414/783/1
f 1447/797/1 1413/798/1 1414/783/1
f 1447/797/1 1448/799/1 1413/798/1
f 1448/799/1 1412/800/1 1413/798/1
f 1449/801/1 1412/800/1 1448/799/1
f 1450/802/1 1412/800/1 1449/801/1
f 1451/803/1 1412/800/1 1450/802/1
f 1452/804/1 1412/800/1 1451/803/1
f 1453/805/1 1412/800/1 1452/804/1
f 1453/805/1 1411/806/1 1412/800/1
f 1454/807/1 1411/806/1 1453/805/1
f 1455/808/1 1411/806/1 1454/807/1
f 1456/809/1 1411/806/1 1455/808/1
f 1456/809/1 1410/810/1 1411/806/1
f 1457/811/1 1410/810/1 1456/809/1
f 1458/812/1 1410/810/1 1457/811/1
f 1458/812/1 1409/813/1 1410/810/1
f 1459/814/1 1409/813/1 1458/812/1
f 1460/815/1 1409/813/1 1459/814/1
f 1461/816/1 1558/5/1 1460/815/1
f 1558/5/1 1409/813/1 1460/815/1
f 1462/817/1 1558/5/1 1461/816/1
f 1463/818/1 1558/5/1 1462/817/1
f 1464/819/1 1558/5/1 1463/818/1
f 1465/820/1 1558/5/1 1464/819/1
f 1465/820/1 1557/821/1 1558/5/1
f 1522/822/1 1409/813/1 1558/5/1
f 1465/820/1 1556/823/1 1557/821/1
f 1466/824/1 1556/823/1 1465/820/1
f 1466/824/1 1555/825/1 1556/823/1
f 1467/826/1 1555/825/1 1466/824/1
f 1467/826/1 1554/827/1 1555/825/1
f 1468/828/1 1554/827/1 1467/826/1
f 1468/828/1 1553/829/1 1554/827/1
f 1468/828/1 1552/830/1 1553/829/1
f 1469/831/1 1552/830/1 1468/828/1
f 1469/831/1 1551/832/1 1552/830/1
f 1470/833/1 1551/832/1 1469/831/1
f 1470/833/1 1550/834/1 1551/832/1
f 1470/833/1 1549/835/1 1550/834/1
f 1471/836/1 1549/835/1 1470/833/1
f 1471/836/1 1548/837/1 1549/835/1
f 1471/836/1 1547/838/1 1548/837/1
f 1472/839/1 1547/838/1 1471/836/1
f 1472/839/1 1546/840/1 1547/838/1
f 1473/841/1 1546/840/1 1472/839/1
f 1473/841/1 1545/842/1 1546/840/1
f 1473/841/1 1544/843/1 1545/842/1
f 1474/844/1 1544/843/1 1473/841/1
f 1474/844/1 1543/845/1 1544/843/1
f 1474/844/1 1542/846/1 1543/845/1
f 1523/847/1 1409/813/1 1522/822/1
f 1475/848/1 1542/846/1 1474/844/1
f 1524/849/1 1409/813/1 1523/847/1
f 1475/848/1 1541/850/1 1542/846/1
f 1525/851/1 1409/813/1 1524/849/1
f 1386/852/1 1521/853/1 1385/4/1
f 1525/851/1 1408/854/1 1409/813/1
f 1475/848/1 1540/855/1 1541/850/1
f 1387/856/1 1521/853/1 1386/852/1
f 1526/857/1 1408/854/1 1525/851/1
f 1526/857/1 1407/858/1 1408/854/1
f 1388/859/1 1521/853/1 1387/856/1
f 1476/860/1 1540/855/1 1475/848/1
f 1476/860/1 1539/861/1 1540/855/1
f 1526/857/1 1406/862/1 1407/858/1
f 1527/863/1 1406/862/1 1526/857/1
f 1389/864/1 1521/853/1 1388/859/1
f 1527/863/1 1405/865/1 1406/862/1
f 1528/866/1 1405/865/1 1527/863/1
f 1390/867/1 1521/853/1 1389/864/1
f 1476/860/1 1538/868/1 1539/861/1
f 1528/866/1 1404/869/1 1405/865/1
f 1391/870/1 1521/853/1 1390/867/1
f 1529/871/1 1404/869/1 1528/866/1
f 1529/871/1 1403/872/1 1404/869/1
f 1392/873/1 1521/853/1 1391/870/1
f 1476/860/1 1537/874/1 1538/868/1
f 1529/871/1 1402/875/1 1403/872/1
f 1530/876/1 1402/875/1 1529/871/1
f 1393/877/1 1521/853/1 1392/873/1
f 1530/876/1 1401/878/1 1402/875/1
f 1477/879/1 1537/874/1 1476/860/1
f 1394/880/1 1521/853/1 1393/877/1
f 1477/879/1 1536/881/1 1537/874/1
f 1531/882/1 1401/878/1 1530/876/1
f 1531/882/1 1400/883/1 1401/878/1
f 1395/884/1 1521/853/1 1394/880/1
f 1531/882/1 1399/885/1 1400/883/1
f 1396/886/1 1521/853/1 1395/884/1
f 1532/887/1 1399/885/1 1531/882/1
f 1532/887/1 1398/888/1 1399/885/1
f 1397/889/1 1521/853/1 1396/886/1
f 1532/887/1 1397/889/1 1398/888/1
f 1477/879/1 1535/890/1 1536/881/1
f 1532/887/1 1521/853/1 1397/889/1
f 1533/891/1 1521/853/1 1532/887/1
f 1477/879/1 1534/892/1 1535/890/1
f 1534/892/1 1521/853/1 1533/891/1
f 1477/879/1 1497/893/1 1534/892/1
f 1497/893/1 1521/853/1 1534/892/1
f 1478/894/1 1497/893/1 1477/879/1
f 1478/894/1 1496/895/1 1497/893/1
f 1498/896/1 1521/853/1 1497/893/1
f 1479/897/1 1496/895/1 1478/894/1
f 1479/897/1 1495/898/1 1496/895/1
f 1499/899/1 1521/853/1 1498/896/1
f 1499/899/1 1520/900/1 1521/853/1
f 1480/901/1 1495/898/1 1479/897/1
f 1480/901/1 1494/902/1 1495/898/1
f 1500/903/1 1520/900/1 1499/899/1
f 1500/903/1 1519/904/1 1520/900/1
f 1480/901/1 1493/905/1 1494/902/1
f 1501/906/1 1519/904/1 1500/903/1
f 1481/907/1 1493/905/1 1480/901/1
f 1501/906/1 1518/908/1 1519/904/1
f 1481/907/1 1492/909/1 1493/905/1
f 1502/910/1 1518/908/1 1501/906/1
f 1502/910/1 1517/911/1 1518/908/1
f 1482/912/1 1492/909/1 1481/907/1
f 1482/912/1 1491/913/1 1492/909/1
f 1503/914/1 1517/911/1 1502/910/1
f 1503/914/1 1516/915/1 1517/911/1
f 1482/912/1 1490/916/1 1491/913/1
f 1504/917/1 1516/915/1 1503/914/1
f 1504/917/1 1515/918/1 1516/915/1
f 1483/919/1 1490/916/1 1482/912/1
f 1483/919/1 1489/920/1 1490/916/1
f 1505/921/1 1515/918/1 1504/917/1
f 1505/921/1 1514/922/1 1515/918/1
f 1483/919/1 1488/923/1 1489/920/1
f 1505/921/1 1513/924/1 1514/922/1
f 1506/925/1 1513/924/1 1505/921/1
f 1484/926/1 1488/923/1 1483/919/1
f 1506/925/1 1512/927/1 1513/924/1
f 1484/926/1 1487/928/1 1488/923/1
f 1507/929/1 1512/927/1 1506/925/1
f 1507/929/1 1511/930/1 1512/927/1
f 1484/926/1 1486/931/1 1487/928/1
f 1508/932/1 1511/930/1 1507/929/1
f 1485/933/1 1486/931/1 1484/926/1
f 1508/932/1 1510/934/1 1511/930/1
f 1509/935/1 1510/934/1 1508/932/1
f 1625/936/1 1623/937/1 1624/938/1
f 1625/936/1 1622/939/1 1623/937/1
f 1625/936/1 1621/940/1 1622/939/1
f 1625/936/1 1620/941/1 1621/940/1
f 1626/942/1 1620/941/1 1625/936/1
f 1626/942/1 1619/943/1 1620/941/1
f 1626/942/1 1618/944/1 1619/943/1
f 1626/942/1 1617/945/1 1618/944/1
f 1627/946/1 1617/945/1 1626/942/1
f 1627/946/1 1616/947/1 1617/945/1
f 1627/946/1 1615/948/1 1616/947/1
f 1628/949/1 1615/948/1 1627/946/1
f 1628/949/1 1614/950/1 1615/948/1
f 1628/949/1 1613/951/1 1614/950/1
f 1629/952/1 1613/951/1 1628/949/1
f 1629/952/1 1612/953/1 1613/951/1
f 1629/952/1 1601/954/1 1612/953/1
f 1601/954/1 1602/955/1 1612/953/1
f 1602/955/1 1603/956/1 1612/953/1
f 1603/956/1 1604/957/1 1612/953/1
f 1604/957/1 1605/958/1 1612/953/1
f 1605/958/1 1606/959/1 1612/953/1
f 1606/959/1 1607/960/1 1612/953/1
f 1607/960/1 1608/961/1 1612/953/1
f 1608/961/1 1609/962/1 1612/953/1
f 1609/962/1 1610/963/1 1612/953/1
f 1610/963/1 1611/964/1 1612/953/1
f 1630/965/1 1599/966/1 1629/952/1
f 1599/966/1 1600/967/1 1629/952/1
f 1600/967/1 1601/954/1 1629/952/1
f 1630/965/1 1598/968/1 1599/966/1
f 1630/965/1 1597/969/1 1598/968/1
f 1630/965/1 1596/970/1 1597/969/1
f 1631/971/1 1596/970/1 1630/965/1
f 1631/971/1 1595/972/1 1596/970/1
f 1631/971/1 1594/973/1 1595/972/1
f 1632/974/1 1594/973/1 1631/971/1
f 1632/974/1 1593/975/1 1594/973/1
f 1632/974/1 1592/976/1 1593/975/1
f 1633/977/1 1592/976/1 1632/974/1
f 1633/977/1 1591/978/1 1592/976/1
f 1634/979/1 1591/978/1 1633/977/1
f 1634/979/1 1590/980/1 1591/978/1
f 1634/979/1 1589/981/1 1590/980/1
f 1635/982/1 1589/981/1 1634/979/1
f 1635/982/1 1588/983/1 1589/981/1
f 1636/984/1 1588/983/1 1635/982/1
f 1636/984/1 1587/985/1 1588/983/1
f 1636/984/1 1586/986/1 1587/985/1
f 1637/987/1 1586/986/1 1636/984/1
f 1561/988/1 1559/4/1 1560/989/1
f 1561/988/1 1562/990/1 1559/4/1
f 1562/990/1 1660/5/1 1559/4/1
f 1637/987/1 1585/991/1 1586/986/1
f 1638/992/1 1585/991/1 1637/987/1
f 1638/992/1 1584/993/1 1585/991/1
f 1563/994/1 1660/5/1 1562/990/1
f 1639/995/1 1584/993/1 1638/992/1
f 1639/995/1 1583/996/1 1584/993/1
f 1639/995/1 1582/997/1 1583/996/1
f 1640/998/1 1582/997/1 1639/995/1
f 1640/998/1 1581/999/1 1582/997/1
f 1641/1000/1 1581/999/1 1640/998/1
f 1641/1000/1 1580/1001/1 1581/999/1
f 1641/1000/1 1579/1002/1 1580/1001/1
f 1642/1003/1 1579/1002/1 1641/1000/1
f 1642/1003/1 1578/1004/1 1579/1002/1
f 1564/1005/1 1660/5/1 1563/994/1
f 1565/1006/1 1660/5/1 1564/1005/1
f 1566/1007/1 1660/5/1 1565/1006/1
f 1642/1003/1 1577/1008/1 1578/1004/1
f 1567/1009/1 1660/5/1 1566/1007/1
f 1568/1010/1 1660/5/1 1567/1009/1
f 1569/1011/1 1660/5/1 1568/1010/1
f 1642/1003/1 1576/1012/1 1577/1008/1
f 1643/1013/1 1576/1012/1 1642/1003/1
f 1570/1014/1 1660/5/1 1569/1011/1
f 1571/1015/1 1660/5/1 1570/1014/1
f 1572/1016/1 1660/5/1 1571/1015/1
f 1643/1013/1 1575/1017/1 1576/1012/1
f 1573/1018/1 1660/5/1 1572/1016/1
f 1574/1019/1 1660/5/1 1573/1018/1
f 1575/1017/1 1660/5/1 1574/1019/1
f 1643/1013/1 1660/5/1 1575/1017/1
f 1644/1020/1 1660/5/1 1643/1013/1
f 1644/1020/1 1659/1021/1 1660/5/1
f 1644/1020/1 1658/1022/1 1659/1021/1
f 1645/1023/1 1658/1022/1 1644/1020/1
f 1645/1023/1 1657/1024/1 1658/1022/1
f 1645/1023/1 1656/1025/1 1657/1024/1
f 1646/1026/1 1656/1025/1 1645/1023/1
f 1646/1026/1 1655/1027/1 1656/1025/1
f 1646/1026/1 1654/1028/1 1655/1027/1
f 1646/1026/1 1653/1029/1 1654/1028/1
f 1647/1030/1 1653/1029/1 1646/1026/1
f 1647/1030/1 1652/1031/1 1653/1029/1
f 1647/1030/1 1651/1032/1 1652/1031/1
f 1647/1030/1 1650/1033/1 1651/1032/1
f 1648/1034/1 1650/1033/1 1647/1030/1
f 1648/1034/1 1649/1035/1 1650/1033/1
f 1663/1/2 1662/3/2 1671/2/2
f 1671/2/2 1662/3/2 1661/4/2
f 1671/2/2 1661/4/2 1672/5/2
f 1663/1/2 1671/2/2 1670/6/2
f 1663/1/2 1670/6/2 1667/7/2
f 1667/7/2 1670/6/2 1669/8/2
f 1667/7/2 1669/8/2 1668/9/2
f 1663/1/2 1667/7/2 1666/10/2
f 1663/1/2 1666/10/2 1665/11/2
f 1663/1/2 1665/11/2 1664/12/2
f 1686/13/2 1685/15/2 1684/14/2
f 1686/13/2 1684/14/2 1683/16/2
f 1686/13/2 1683/16/2 1682/17/2
f 1687/18/2 1686/13/2 1682/17/2
f 1687/18/2 1682/17/2 1681/19/2
f 1687/18/2 1681/19/2 1680/20/2
f 1687/18/2 1680/20/2 1679/21/2
f 1688/22/2 1687/18/2 1679/21/2
f 1688/22/2 1679/21/2 1678/23/2
f 1688/22/2 1678/23/2 1677/24/2
f 1688/22/2 1677/24/2 1676/25/2
f 1689/26/2 1688/22/2 1676/25/2
f 1689/26/2 1676/25/2 1675/27/2
f 1689/26/2 1675/27/2 1674/28/2
f 1689/26/2 1674/28/2 1673/4/2
f 1690/29/2 1689/26/2 1673/4/2
f 1690/29/2 1673/4/2 1760/30/2
f 1760/30/2 1673/4/2 1761/31/2
f 1761/31/2 1673/4/2 1762/32/2
f 1762/32/2 1673/4/2 1763/33/2
f 1763/33/2 1673/4/2 1764/34/2
f 1764/34/2 1673/4/2 1765/35/2
f 1765/35/2 1673/4/2 1766/36/2
f 1766/36/2 1673/4/2 1767/37/2
f 1767/37/2 1673/4/2 1768/38/2
f 1768/38/2 1673/4/2 1769/39/2
f 1769/39/2 1673/4/2 1770/5/2
f 1691/40/2 1690/29/2 1758/41/2
f 1758/41/2 1690/29/2 1759/42/2
f 1759/42/2 1690/29/2 1760/30/2
f 1691/40/2 1758/41/2 1757/43/2
f 1691/40/2 1757/43/2 1756/44/2
f 1691/40/2 1756/44/2 1755/45/2
f 1692/46/2 1691/40/2 1755/45/2
f 1692/46/2 1755/45/2 1754/47/2
f 1692/46/2 1754/47/2 1753/48/2
f 1693/49/2 1692/46/2 1753/48/2
f 1693/49/2 1753/48/2 1752/50/2
f 1693/49/2 1752/50/2 1751/51/2
f 1694/52/2 1693/49/2 1751/51/2
f 1694/52/2 1751/51/2 1750/53/2
f 1695/54/2 1694/52/2 1750/53/2
f 1695/54/2 1750/53/2 1749/55/2
f 1695/54/2 1749/55/2 1748/56/2
f 1696/57/2 1695/54/2 1748/56/2
f 1696/57/2 1748/56/2 1747/58/2
f 1697/59/2 1696/57/2 1747/58/2
f 1697/59/2 1747/58/2 1746/60/2
f 1697/59/2 1746/60/2 1745/61/2
f 1698/62/2 1697/59/2 1745/61/2
f 1698/62/2 1745/61/2 1744/63/2
f 1699/64/2 1698/62/2 1744/63/2
f 1699/64/2 1744/63/2 1743/65/2
f 1700/66/2 1699/64/2 1743/65/2
f 1700/66/2 1743/65/2 1742/67/2
f 1701/68/2 1700/66/2 1742/67/2
f 1701/68/2 1742/67/2 1741/69/2
f 1702/70/2 1701/68/2 1741/69/2
f 1702/70/2 1741/69/2 1740/71/2
f 1723/72/2 1722/74/2 1721/73/2
f 1702/70/2 1740/71/2 1739/75/2
f 1724/76/2 1723/72/2 1721/73/2
f 1703/77/2 1702/70/2 1739/75/2
f 1725/78/2 1724/76/2 1721/73/2
f 1703/77/2 1739/75/2 1738/79/2
f 1726/80/2 1725/78/2 1721/73/2
f 1727/81/2 1726/80/2 1721/73/2
f 1703/77/2 1738/79/2 1737/82/2
f 1728/83/2 1727/81/2 1721/73/2
f 1704/84/2 1703/77/2 1737/82/2
f 1729/85/2 1728/83/2 1721/73/2
f 1704/84/2 1737/82/2 1736/86/2
f 1730/87/2 1729/85/2 1721/73/2
f 1731/88/2 1730/87/2 1721/73/2
f 1704/84/2 1736/86/2 1735/89/2
f 1732/90/2 1731/88/2 1721/73/2
f 1733/91/2 1732/90/2 1721/73/2
f 1704/84/2 1735/89/2 1734/92/2
f 1734/92/2 1733/91/2 1721/73/2
f 1704/84/2 1734/92/2 1721/73/2
f 1705/93/2 1704/84/2 1721/73/2
f 1705/93/2 1721/73/2 1720/94/2
f 1706/95/2 1705/93/2 1720/94/2
f 1706/95/2 1720/94/2 1719/96/2
f 1706/95/2 1719/96/2 1718/97/2
f 1706/95/2 1718/97/2 1717/98/2
f 1707/99/2 1706/95/2 1717/98/2
f 1707/99/2 1717/98/2 1716/100/2
f 1707/99/2 1716/100/2 1715/101/2
f 1707/99/2 1715/101/2 1714/102/2
f 1708/103/2 1707/99/2 1714/102/2
f 1708/103/2 1714/102/2 1713/104/2
f 1708/103/2 1713/104/2 1712/105/2
f 1708/103/2 1712/105/2 1711/106/2
f 1709/107/2 1708/103/2 1711/106/2
f 1709/107/2 1711/106/2 1710/108/2
f 1773/109/2 1772/110/2 1771/4/2
f 1773/109/2 1771/4/2 1779/111/2
f 1779/111/2 1771/4/2 1778/112/2
f 1773/109/2 1779/111/2 1781/5/2
f 1780/113/2 1779/111/2 1778/112/2
f 1773/109/2 1781/5/2 1775/114/2
f 1775/114/2 1781/5/2 1780/113/2
f 1775/114/2 1780/113/2 1776/115/2
f 1776/115/2 1780/113/2 1778/112/2
f 1773/109/2 1775/114/2 1774/116/2
f 1777/117/2 1776/115/2 1778/112/2
f 1783/118/2 1782/4/2 1811/119/2
f 1811/119/2 1782/4/2 1810/120/2
f 1811/119/2 1810/120/2 1809/121/2
f 1811/119/2 1809/121/2 1808/122/2
f 1811/119/2 1808/122/2 1807/10/2
f 1811/119/2 1807/10/2 1806/123/2
f 1811/119/2 1806/123/2 1805/124/2
f 1811/119/2 1805/124/2 1804/114/2
f 1811/119/2 1804/114/2 1803/125/2
f 1811/119/2 1803/125/2 1812/7/2
f 1812/7/2 1803/125/2 1802/11/2
f 1783/118/2 1811/119/2 1837/5/2
f 1813/126/2 1812/7/2 1802/11/2
f 1814/127/2 1813/126/2 1802/11/2
f 1815/117/2 1814/127/2 1802/11/2
f 1815/117/2 1802/11/2 1801/128/2
f 1816/129/2 1815/117/2 1801/128/2
f 1817/9/2 1816/129/2 1801/128/2
f 1818/130/2 1817/9/2 1801/128/2
f 1818/130/2 1801/128/2 1800/131/2
f 1819/132/2 1818/130/2 1800/131/2
f 1820/133/2 1819/132/2 1800/131/2
f 1821/134/2 1820/133/2 1800/131/2
f 1821/134/2 1800/131/2 1799/135/2
f 1822/8/2 1821/134/2 1799/135/2
f 1823/136/2 1822/8/2 1799/135/2
f 1823/136/2 1799/135/2 1798/137/2
f 1824/138/2 1823/136/2 1798/137/2
f 1825/139/2 1824/138/2 1798/137/2
f 1825/139/2 1798/137/2 1797/12/2
f 1826/111/2 1825/139/2 1797/12/2
f 1826/111/2 1797/12/2 1796/140/2
f 1827/6/2 1826/111/2 1796/140/2
f 1828/141/2 1827/6/2 1796/140/2
f 1828/141/2 1796/140/2 1795/142/2
f 1829/143/2 1828/141/2 1795/142/2
f 1830/144/2 1829/143/2 1795/142/2
f 1830/144/2 1795/142/2 1794/145/2
f 1831/146/2 1830/144/2 1794/145/2
f 1832/2/2 1831/146/2 1794/145/2
f 1833/147/2 1832/2/2 1794/145/2
f 1834/148/2 1833/147/2 1794/145/2
f 1834/148/2 1794/145/2 1793/109/2
f 1835/149/2 1834/148/2 1793/109/2
f 1836/150/2 1835/149/2 1793/109/2
f 1783/118/2 1837/5/2 1785/151/2
f 1785/151/2 1837/5/2 1836/150/2
f 1785/151/2 1836/150/2 1793/109/2
f 1785/151/2 1793/109/2 1792/1/2
f 1785/151/2 1792/1/2 1791/152/2
f 1785/151/2 1791/152/2 1790/153/2
f 1785/151/2 1790/153/2 1789/154/2
f 1785/151/2 1789/154/2 1788/155/2
f 1785/151/2 1788/155/2 1787/3/2
f 1785/151/2 1787/3/2 1786/156/2
f 1783/118/2 1785/151/2 1784/157/2
f 1851/158/2 1850/159/2 1849/3/2
f 1851/158/2 1849/3/2 1848/160/2
f 1851/158/2 1848/160/2 1847/161/2
f 1852/162/2 1851/158/2 1847/161/2
f 1852/162/2 1847/161/2 1846/163/2
f 1852/162/2 1846/163/2 1845/164/2
f 1853/165/2 1852/162/2 1845/164/2
f 1853/165/2 1845/164/2 1844/166/2
f 1853/165/2 1844/166/2 1843/167/2
f 1854/168/2 1853/165/2 1843/167/2
f 1854/168/2 1843/167/2 1842/169/2
f 1854/168/2 1842/169/2 1841/170/2
f 1855/171/2 1854/168/2 1841/170/2
f 1855/171/2 1841/170/2 1840/172/2
f 1855/171/2 1840/172/2 1839/173/2
f 1856/174/2 1855/171/2 1839/173/2
f 1856/174/2 1839/173/2 1838/4/2
f 1856/174/2 1838/4/2 1951/175/2
f 1951/175/2 1838/4/2 1952/176/2
f 1952/176/2 1838/4/2 1953/177/2
f 1953/177/2 1838/4/2 1954/178/2
f 1954/178/2 1838/4/2 1955/179/2
f 1955/179/2 1838/4/2 1956/180/2
f 1956/180/2 1838/4/2 1957/181/2
f 1957/181/2 1838/4/2 1958/182/2
f 1958/182/2 1838/4/2 1959/5/2
f 1857/183/2 1856/174/2 1949/184/2
f 1949/184/2 1856/174/2 1950/185/2
f 1950/185/3 1856/174/3 1951/175/3
f 1858/186/2 1857/183/2 1947/187/2
f 1947/187/2 1857/183/2 1948/2/2
f 1948/2/2 1857/183/2 1949/184/2
f 1859/188/2 1858/186/2 1946/189/2
f 1946/189/2 1858/186/2 1947/187/2
f 1859/188/2 1946/189/2 1945/190/2
f 1859/188/2 1945/190/2 1944/191/2
f 1859/188/2 1944/191/2 1943/192/2
f 1859/188/2 1943/192/2 1942/193/2
f 1859/188/2 1942/193/2 1941/194/2
f 1860/1/2 1859/188/2 1941/194/2
f 1860/1/2 1941/194/2 1940/195/2
f 1860/1/2 1940/195/2 1939/196/2
f 1860/1/2 1939/196/2 1938/197/2
f 1861/198/2 1860/1/2 1938/197/2
f 1861/198/2 1938/197/2 1937/6/2
f 1861/198/2 1937/6/2 1936/199/2
f 1862/200/2 1861/198/2 1936/199/2
f 1862/200/2 1936/199/2 1935/201/2
f 1862/200/2 1935/201/2 1934/202/2
f 1863/203/2 1862/200/2 1934/202/2
f 1863/203/2 1934/202/2 1933/204/2
f 1863/203/2 1933/204/2 1932/205/2
f 1864/206/2 1863/203/2 1932/205/2
f 1864/206/2 1932/205/2 1931/207/2
f 1865/208/2 1864/206/2 1931/207/2
f 1865/208/2 1931/207/2 1930/209/2
f 1865/208/2 1930/209/2 1929/210/2
f 1866/211/2 1865/208/2 1929/210/2
f 1866/211/2 1929/210/2 1928/212/2
f 1867/213/2 1866/211/2 1928/212/2
f 1867/213/2 1928/212/2 1927/214/2
f 1868/215/2 1867/213/2 1927/214/2
f 1868/215/2 1927/214/2 1926/8/2
f 1869/216/2 1868/215/2 1926/8/2
f 1869/216/2 1926/8/2 1925/217/2
f 1870/218/2 1869/216/2 1925/217/2
f 1871/12/2 1870/218/2 1925/217/2
f 1871/12/2 1925/217/2 1924/219/2
f 1872/220/2 1871/12/2 1924/219/2
f 1873/221/2 1872/220/2 1924/219/2
f 1873/221/2 1924/219/2 1923/222/2
f 1874/223/2 1873/221/2 1923/222/2
f 1899/224/2 1898/226/2 1897/225/2
f 1874/223/2 1923/222/2 1922/227/2
f 1875/228/2 1874/223/2 1922/227/2
f 1899/224/2 1897/225/2 1896/229/2
f 1876/230/2 1875/228/2 1922/227/2
f 1876/230/2 1922/227/2 1921/231/2
f 1899/224/2 1896/229/2 1895/232/2
f 1877/233/2 1876/230/2 1921/231/2
f 1899/224/2 1895/232/2 1894/234/2
f 1878/235/2 1877/233/2 1921/231/2
f 1879/236/2 1878/235/2 1921/231/2
f 1879/236/2 1921/231/2 1920/237/2
f 1899/224/2 1894/234/2 1893/10/2
f 1880/238/2 1879/236/2 1920/237/2
f 1899/224/2 1893/10/2 1892/239/2
f 1881/240/2 1880/238/2 1920/237/2
f 1899/224/2 1892/239/2 1891/241/2
f 1881/240/2 1920/237/2 1919/242/2
f 1882/11/2 1881/240/2 1919/242/2
f 1899/224/2 1891/241/2 1890/243/2
f 1883/244/2 1882/11/2 1919/242/2
f 1899/224/2 1890/243/2 1889/245/2
f 1884/246/2 1883/244/2 1919/242/2
f 1899/224/2 1889/245/2 1888/247/2
f 1885/248/2 1884/246/2 1919/242/2
f 1899/224/2 1888/247/2 1887/249/2
f 1885/248/2 1919/242/2 1918/250/2
f 1886/251/2 1885/248/2 1918/250/2
f 1899/224/2 1887/249/2 1886/251/2
f 1899/224/2 1886/251/2 1918/250/2
f 1899/224/2 1918/250/2 1917/252/2
f 1900/253/2 1899/224/2 1917/252/2
f 1901/254/2 1900/253/2 1917/252/2
f 1901/254/2 1917/252/2 1916/255/2
f 1902/256/2 1901/254/2 1916/255/2
f 1902/256/2 1916/255/2 1915/9/2
f 1903/257/2 1902/256/2 1915/9/2
f 1904/7/2 1903/257/2 1915/9/2
f 1904/7/2 1915/9/2 1914/258/2
f 1905/259/2 1904/7/2 1914/258/2
f 1906/260/2 1905/259/2 1914/258/2
f 1906/260/2 1914/258/2 1913/261/2
f 1907/262/2 1906/260/2 1913/261/2
f 1908/263/2 1907/262/2 1913/261/2
f 1908/263/2 1913/261/2 1912/264/2
f 1909/265/2 1908/263/2 1912/264/2
f 1910/266/2 1909/265/2 1912/264/2
f 1910/266/2 1912/264/2 1911/267/2
f 1973/268/2 1972/270/2 1971/269/2
f 1973/268/2 1971/269/2 1970/271/2
f 1974/272/2 1973/268/2 1970/271/2
f 1974/272/2 1970/271/2 1969/273/2
f 1974/272/2 1969/273/2 1968/274/2
f 1975/275/2 1974/272/2 1968/274/2
f 1975/275/2 1968/274/2 1967/276/2
f 1975/275/2 1967/276/2 1966/277/2
f 1976/278/2 1975/275/2 1966/277/2
f 1976/278/2 1966/277/2 1965/279/2
f 1976/278/2 1965/279/2 1964/280/2
f 1977/281/2 1976/278/2 1964/280/2
f 1977/281/2 1964/280/2 1963/282/2
f 1977/281/2 1963/282/2 1962/283/2
f 1978/284/2 1977/281/2 1962/283/2
f 1978/284/2 1962/283/2 1961/285/2
f 1978/284/2 1961/285/2 1960/4/2
f 1979/286/2 1978/284/2 1960/4/2
f 1979/286/2 1960/4/2 2085/287/2
f 2085/287/2 1960/4/2 2086/288/2
f 2086/288/2 1960/4/2 2087/289/2
f 2087/289/2 1960/4/2 2088/290/2
f 2088/290/2 1960/4/2 2089/291/2
f 2089/291/2 1960/4/2 2090/292/2
f 2090/292/2 1960/4/2 2091/293/2
f 2091/293/2 1960/4/2 2092/294/2
f 2092/294/2 1960/4/2 2093/5/2
f 1980/295/2 1979/286/2 2083/296/2
f 2083/296/2 1979/286/2 2084/297/2
f 2084/297/2 1979/286/2 2085/287/2
f 1981/298/2 1980/295/2 2082/299/2
f 2082/299/2 1980/295/2 2083/296/2
f 1982/300/2 1981/298/2 2080/301/2
f 2080/301/2 1981/298/2 2081/302/2
f 2081/302/4 1981/298/4 2082/299/4
f 1982/300/2 2080/301/2 2079/303/2
f 1982/300/2 2079/303/2 2078/304/2
f 1982/300/2 2078/304/2 2077/305/2
f 1982/300/2 2077/305/2 2076/306/2
f 1982/300/2 2076/306/2 2075/307/2
f 1983/308/2 1982/300/2 2075/307/2
f 1983/308/2 2075/307/2 2074/309/2
f 1983/308/2 2074/309/2 2073/310/2
f 1983/308/2 2073/310/2 2072/311/2
f 1983/308/2 2072/311/2 2071/312/2
f 1984/313/2 1983/308/2 2071/312/2
f 1984/313/2 2071/312/2 2070/314/2
f 1984/313/2 2070/314/2 2069/315/2
f 1984/313/2 2069/315/2 2068/316/2
f 1985/317/2 1984/313/2 2068/316/2
f 1985/317/2 2068/316/2 2067/318/2
f 1985/317/2 2067/318/2 2066/319/2
f 1985/317/2 2066/319/2 2065/320/2
f 1985/317/2 2065/320/2 2064/321/2
f 1985/317/2 2064/321/2 2063/322/2
f 1986/323/2 1985/317/2 2063/322/2
f 1986/323/2 2063/322/2 2062/324/2
f 1986/323/2 2062/324/2 2061/325/2
f 1986/323/2 2061/325/2 2060/326/2
f 1987/327/2 1986/323/2 2060/326/2
f 1987/327/2 2060/326/2 2059/328/2
f 1987/327/2 2059/328/2 2058/329/2
f 1987/327/2 2058/329/2 2057/330/2
f 1988/331/2 1987/327/2 2057/330/2
f 1988/331/2 2057/330/2 2056/332/2
f 1989/333/2 1988/331/2 2056/332/2
f 1989/333/2 2056/332/2 2055/334/2
f 1989/333/2 2055/334/2 2054/335/2
f 1990/336/2 1989/333/2 2054/335/2
f 1990/336/2 2054/335/2 2053/337/2
f 1991/338/2 1990/336/2 2053/337/2
f 1991/338/2 2053/337/2 2052/339/2
f 1991/338/2 2052/339/2 2051/340/2
f 1992/341/2 1991/338/2 2051/340/2
f 1992/341/2 2051/340/2 2050/342/2
f 1993/343/2 1992/341/2 2050/342/2
f 1993/343/2 2050/342/2 2049/344/2
f 1993/343/2 2049/344/2 2048/345/2
f 1994/346/2 1993/343/2 2048/345/2
f 1994/346/2 2048/345/2 2047/347/2
f 1995/348/2 1994/346/2 2047/347/2
f 1995/348/2 2047/347/2 2046/349/2
f 1996/350/2 1995/348/2 2046/349/2
f 1996/350/2 2046/349/2 2045/351/2
f 2021/352/2 2020/354/2 2019/353/2
f 1996/350/2 2045/351/2 2044/355/2
f 1997/356/2 1996/350/2 2044/355/2
f 2021/352/2 2019/353/2 2018/357/2
f 1998/358/2 1997/356/2 2044/355/2
f 2021/352/2 2018/357/2 2017/359/2
f 1999/360/2 1998/358/2 2044/355/2
f 1999/360/2 2044/355/2 2043/361/2
f 2021/352/2 2017/359/2 2016/362/2
f 2000/363/2 1999/360/2 2043/361/2
f 2021/352/2 2016/362/2 2015/364/2
f 2001/365/2 2000/363/2 2043/361/2
f 2021/352/2 2015/364/2 2014/366/2
f 2002/367/2 2001/365/2 2043/361/2
f 2002/367/2 2043/361/2 2042/368/2
f 2021/352/2 2014/366/2 2013/369/2
f 2003/370/2 2002/367/2 2042/368/2
f 2004/371/2 2003/370/2 2042/368/2
f 2021/352/2 2013/369/2 2012/372/2
f 2005/373/2 2004/371/2 2042/368/2
f 2021/352/2 2012/372/2 2011/374/2
f 2006/375/2 2005/373/2 2042/368/2
f 2021/352/2 2011/374/2 2010/376/2
f 2007/377/2 2006/375/2 2042/368/2
f 2021/352/2 2010/376/2 2009/378/2
f 2008/379/2 2007/377/2 2042/368/2
f 2021/352/2 2009/378/2 2008/379/2
f 2008/379/2 2042/368/2 2041/380/2
f 2021/352/2 2008/379/2 2041/380/2
f 2021/352/2 2041/380/2 2040/381/2
f 2021/352/2 2040/381/2 2039/382/2
f 2022/383/2 2021/352/2 2039/382/2
f 2022/383/2 2039/382/2 2038/384/2
f 2023/385/2 2022/383/2 2038/384/2
f 2024/386/2 2023/385/2 2038/384/2
f 2024/386/2 2038/384/2 2037/387/2
f 2025/388/2 2024/386/2 2037/387/2
f 2026/389/2 2025/388/2 2037/387/2
f 2026/389/2 2037/387/2 2036/390/2
f 2027/391/2 2026/389/2 2036/390/2
f 2027/391/2 2036/390/2 2035/392/2
f 2028/393/2 2027/391/2 2035/392/2
f 2029/394/2 2028/393/2 2035/392/2
f 2029/394/2 2035/392/2 2034/395/2
f 2030/396/2 2029/394/2 2034/395/2
f 2031/397/2 2030/396/2 2034/395/2
f 2031/397/2 2034/395/2 2033/398/2
f 2032/399/2 2031/397/2 2033/398/2
f 2107/268/2 2106/270/2 2105/269/2
f 2107/268/2 2105/269/2 2104/271/2
f 2108/272/2 2107/268/2 2104/271/2
f 2108/272/2 2104/271/2 2103/273/2
f 2108/272/2 2103/273/2 2102/274/2
f 2109/275/2 2108/272/2 2102/274/2
f 2109/275/2 2102/274/2 2101/276/2
f 2109/275/2 2101/276/2 2100/277/2
f 2110/278/2 2109/275/2 2100/277/2
f 2110/278/2 2100/277/2 2099/279/2
f 2110/278/2 2099/279/2 2098/280/2
f 2111/281/2 2110/278/2 2098/280/2
f 2111/281/2 2098/280/2 2097/282/2
f 2111/281/2 2097/282/2 2096/283/2
f 2112/284/2 2111/281/2 2096/283/2
f 2112/284/2 2096/283/2 2095/285/2
f 2112/284/2 2095/285/2 2094/4/2
f 2113/286/2 2112/284/2 2094/4/2
f 2113/286/2 2094/4/2 2219/287/2
f 2219/287/2 2094/4/2 2220/288/2
f 2220/288/2 2094/4/2 2221/289/2
f 2221/289/2 2094/4/2 2222/290/2
f 2222/290/2 2094/4/2 2223/291/2
f 2223/291/2 2094/4/2 2224/292/2
f 2224/292/2 2094/4/2 2225/293/2
f 2225/293/2 2094/4/2 2226/294/2
f 2226/294/2 2094/4/2 2227/5/2
f 2114/295/2 2113/286/2 2217/296/2
f 2217/296/2 2113/286/2 2218/297/2
f 2218/297/2 2113/286/2 2219/287/2
f 2115/298/2 2114/295/2 2216/299/2
f 2216/299/2 2114/295/2 2217/296/2
f 2116/300/2 2115/298/2 2214/301/2
f 2214/301/2 2115/298/2 2215/302/2
f 2215/302/4 2115/298/4 2216/299/4
f 2116/300/2 2214/301/2 2213/303/2
f 2116/300/2 2213/303/2 2212/304/2
f 2116/300/2 2212/304/2 2211/305/2
f 2116/300/2 2211/305/2 2210/306/2
f 2116/300/2 2210/306/2 2209/307/2
f 2117/308/2 2116/300/2 2209/307/2
f 2117/308/2 2209/307/2 2208/309/2
f 2117/308/2 2208/309/2 2207/310/2
f 2117/308/2 2207/310/2 2206/311/2
f 2117/308/2 2206/311/2 2205/312/2
f 2118/313/2 2117/308/2 2205/312/2
f 2118/313/2 2205/312/2 2204/314/2
f 2118/313/2 2204/314/2 2203/315/2
f 2118/313/2 2203/315/2 2202/316/2
f 2119/317/2 2118/313/2 2202/316/2
f 2119/317/2 2202/316/2 2201/318/2
f 2119/317/2 2201/318/2 2200/319/2
f 2119/317/2 2200/319/2 2199/320/2
f 2119/317/2 2199/320/2 2198/321/2
f 2119/317/2 2198/321/2 2197/322/2
f 2120/323/2 2119/317/2 2197/322/2
f 2120/323/2 2197/322/2 2196/324/2
f 2120/323/2 2196/324/2 2195/325/2
f 2120/323/2 2195/325/2 2194/326/2
f 2121/327/2 2120/323/2 2194/326/2
f 2121/327/2 2194/326/2 2193/328/2
f 2121/327/2 2193/328/2 2192/329/2
f 2121/327/2 2192/329/2 2191/330/2
f 2122/331/2 2121/327/2 2191/330/2
f 2122/331/2 2191/330/2 2190/332/2
f 2123/333/2 2122/331/2 2190/332/2
f 2123/333/2 2190/332/2 2189/334/2
f 2123/333/2 2189/334/2 2188/335/2
f 2124/336/2 2123/333/2 2188/335/2
f 2124/336/2 2188/335/2 2187/337/2
f 2125/338/2 2124/336/2 2187/337/2
f 2125/338/2 2187/337/2 2186/339/2
f 2125/338/2 2186/339/2 2185/340/2
f 2126/341/2 2125/338/2 2185/340/2
f 2126/341/2 2185/340/2 2184/342/2
f 2127/343/2 2126/341/2 2184/342/2
f 2127/343/2 2184/342/2 2183/344/2
f 2127/343/2 2183/344/2 2182/345/2
f 2128/346/2 2127/343/2 2182/345/2
f 2128/346/2 2182/345/2 2181/347/2
f 2129/348/2 2128/346/2 2181/347/2
f 2129/348/2 2181/347/2 2180/349/2
f 2130/350/2 2129/348/2 2180/349/2
f 2130/350/2 2180/349/2 2179/351/2
f 2155/352/2 2154/354/2 2153/353/2
f 2130/350/2 2179/351/2 2178/355/2
f 2131/356/2 2130/350/2 2178/355/2
f 2155/352/2 2153/353/2 2152/357/2
f 2132/358/2 2131/356/2 2178/355/2
f 2155/352/2 2152/357/2 2151/359/2
f 2133/360/2 2132/358/2 2178/355/2
f 2133/360/2 2178/355/2 2177/361/2
f 2155/352/2 2151/359/2 2150/362/2
f 2134/363/2 2133/360/2 2177/361/2
f 2155/352/2 2150/362/2 2149/364/2
f 2135/365/2 2134/363/2 2177/361/2
f 2155/352/2 2149/364/2 2148/366/2
f 2136/367/2 2135/365/2 2177/361/2
f 2136/367/2 2177/361/2 2176/368/2
f 2155/352/2 2148/366/2 2147/369/2
f 2137/370/2 2136/367/2 2176/368/2
f 2138/371/2 2137/370/2 2176/368/2
f 2155/352/2 2147/369/2 2146/372/2
f 2139/373/2 2138/371/2 2176/368/2
f 2155/352/2 2146/372/2 2145/374/2
f 2140/375/2 2139/373/2 2176/368/2
f 2155/352/2 2145/374/2 2144/376/2
f 2141/377/2 2140/375/2 2176/368/2
f 2155/352/2 2144/376/2 2143/378/2
f 2142/379/2 2141/377/2 2176/368/2
f 2155/352/2 2143/378/2 2142/379/2
f 2142/379/2 2176/368/2 2175/380/2
f 2155/352/2 2142/379/2 2175/380/2
f 2155/352/2 2175/380/2 2174/381/2
f 2155/352/2 2174/381/2 2173/382/2
f 2156/383/2 2155/352/2 2173/382/2
f 2156/383/2 2173/382/2 2172/384/2
f 2157/385/2 2156/383/2 2172/384/2
f 2158/386/2 2157/385/2 2172/384/2
f 2158/386/2 2172/384/2 2171/387/2
f 2159/388/2 2158/386/2 2171/387/2
f 2160/389/2 2159/388/2 2171/387/2
f 2160/389/2 2171/387/2 2170/390/2
f 2161/391/2 2160/389/2 2170/390/2
f 2161/391/2 2170/390/2 2169/392/2
f 2162/393/2 2161/391/2 2169/392/2
f 2163/394/2 2162/393/2 2169/392/2
f 2163/394/2 2169/392/2 2168/395/2
f 2164/396/2 2163/394/2 2168/395/2
f 2165/397/2 2164/396/2 2168/395/2
f 2165/397/2 2168/395/2 2167/398/2
f 2166/399/2 2165/397/2 2167/398/2
f 2266/400/2 2265/402/2 2264/401/2
f 2266/400/2 2264/401/2 2263/403/2
f 2267/404/2 2266/400/2 2263/403/2
f 2267/404/2 2263/403/2 2262/405/2
f 2268/406/2 2267/404/2 2262/405/2
f 2268/406/2 2262/405/2 2261/407/2
f 2269/408/2 2268/406/2 2261/407/2
f 2269/408/2 2261/407/2 2260/409/2
f 2270/359/2 2269/408/2 2260/409/2
f 2270/359/2 2260/409/2 2259/410/2
f 2271/411/2 2270/359/2 2259/410/2
f 2271/411/2 2259/410/2 2258/412/2
f 2272/413/2 2271/411/2 2314/414/2
f 2314/414/2 2271/411/2 2258/412/2
f 2272/413/2 2314/414/2 2313/415/2
f 2315/416/2 2314/414/2 2258/412/2
f 2272/413/2 2313/415/2 2312/309/2
f 2316/417/2 2315/416/2 2258/412/2
f 2272/413/2 2312/309/2 2311/418/2
f 2317/419/2 2316/417/2 2258/412/2
f 2317/419/2 2258/412/2 2257/420/2
f 2272/413/2 2311/418/2 2310/421/2
f 2273/422/2 2272/413/2 2310/421/2
f 2318/423/2 2317/419/2 2257/420/2
f 2273/422/2 2310/421/2 2309/424/2
f 2319/425/2 2318/423/2 2257/420/2
f 2273/422/2 2309/424/2 2308/426/2
f 2320/427/2 2319/425/2 2257/420/2
f 2273/422/2 2308/426/2 2307/428/2
f 2321/429/2 2320/427/2 2257/420/2
f 2274/430/2 2273/422/2 2307/428/2
f 2321/429/2 2257/420/2 2256/358/2
f 2274/430/2 2307/428/2 2306/431/2
f 2322/432/2 2321/429/2 2256/358/2
f 2274/430/2 2306/431/2 2305/433/2
f 2323/434/2 2322/432/2 2256/358/2
f 2275/435/2 2274/430/2 2305/433/2
f 2323/434/2 2256/358/2 2255/436/2
f 2275/435/2 2305/433/2 2304/437/2
f 2324/438/2 2323/434/2 2255/436/2
f 2275/435/2 2304/437/2 2303/439/2
f 2325/440/2 2324/438/2 2255/436/2
f 2276/441/2 2275/435/2 2303/439/2
f 2276/441/2 2303/439/2 2302/442/2
f 2325/440/2 2255/436/2 2254/443/2
f 2326/5/2 2325/440/2 2254/443/2
f 2276/441/2 2302/442/2 2326/5/2
f 2276/441/2 2326/5/2 2254/443/2
f 2277/115/2 2276/441/2 2254/443/2
f 2277/115/2 2254/443/2 2253/444/2
f 2278/445/2 2277/115/2 2252/446/2
f 2252/446/2 2277/115/2 2253/444/2
f 2278/445/2 2252/446/2 2251/447/2
f 2279/448/2 2278/445/2 2251/447/2
f 2279/448/2 2251/447/2 2250/449/2
f 2279/448/2 2250/449/2 2249/450/2
f 2280/451/2 2279/448/2 2249/450/2
f 2280/451/2 2249/450/2 2248/452/2
f 2281/453/2 2280/451/2 2248/452/2
f 2281/453/2 2248/452/2 2247/454/2
f 2229/455/2 2228/4/2 2301/456/2
f 2281/453/2 2247/454/2 2246/457/2
f 2230/458/2 2229/455/2 2301/456/2
f 2231/459/2 2230/458/2 2301/456/2
f 2282/460/2 2281/453/2 2246/457/2
f 2282/460/2 2246/457/2 2245/461/2
f 2232/462/2 2231/459/2 2301/456/2
f 2233/463/2 2232/462/2 2301/456/2
f 2282/460/2 2245/461/2 2244/464/2
f 2234/465/2 2233/463/2 2301/456/2
f 2282/460/2 2244/464/2 2243/466/2
f 2235/467/2 2234/465/2 2301/456/2
f 2283/468/2 2282/460/2 2243/466/2
f 2236/469/2 2235/467/2 2301/456/2
f 2283/468/2 2243/466/2 2242/286/2
f 2237/470/2 2236/469/2 2301/456/2
f 2283/468/2 2242/286/2 2241/471/2
f 2238/472/2 2237/470/2 2301/456/2
f 2239/473/2 2238/472/2 2301/456/2
f 2283/468/2 2241/471/2 2240/474/2
f 2240/474/2 2239/473/2 2301/456/2
f 2283/468/2 2240/474/2 2301/456/2
f 2284/390/2 2283/468/2 2301/456/2
f 2284/390/2 2301/456/2 2300/475/2
f 2285/476/2 2284/390/2 2300/475/2
f 2285/476/2 2300/475/2 2299/477/2
f 2285/476/2 2299/477/2 2298/334/2
f 2286/478/2 2285/476/2 2298/334/2
f 2286/478/2 2298/334/2 2297/479/2
f 2286/478/2 2297/479/2 2296/480/2
f 2287/481/2 2286/478/2 2296/480/2
f 2287/481/2 2296/480/2 2295/482/2
f 2287/481/2 2295/482/2 2294/483/2
f 2288/484/2 2287/481/2 2294/483/2
f 2288/484/2 2294/483/2 2293/485/2
f 2288/484/2 2293/485/2 2292/486/2
f 2288/484/2 2292/486/2 2291/487/2
f 2289/488/2 2288/484/2 2291/487/2
f 2289/488/2 2291/487/2 2290/489/2
f 2368/490/2 2367/492/2 2366/491/2
f 2368/490/2 2366/491/2 2365/493/2
f 2369/494/2 2368/490/2 2365/493/2
f 2369/494/2 2365/493/2 2364/495/2
f 2370/496/2 2369/494/2 2364/495/2
f 2370/496/2 2364/495/2 2363/497/2
f 2370/496/2 2363/497/2 2362/498/2
f 2371/499/2 2370/496/2 2362/498/2
f 2371/499/2 2362/498/2 2361/500/2
f 2328/501/2 2327/4/2 2381/5/2
f 2328/501/2 2381/5/2 2380/502/2
f 2372/503/2 2371/499/2 2361/500/2
f 2372/503/2 2361/500/2 2360/504/2
f 2372/503/2 2360/504/2 2359/505/2
f 2373/506/2 2372/503/2 2359/505/2
f 2373/506/2 2359/505/2 2358/507/2
f 2374/508/2 2373/506/2 2358/507/2
f 2374/508/2 2358/507/2 2357/509/2
f 2374/508/2 2357/509/2 2356/510/2
f 2375/511/2 2374/508/2 2356/510/2
f 2375/511/2 2356/510/2 2355/512/2
f 2376/513/2 2375/511/2 2355/512/2
f 2376/513/2 2355/512/2 2345/514/2
f 2345/514/2 2355/512/2 2346/515/2
f 2346/515/2 2355/512/2 2347/516/2
f 2347/516/2 2355/512/2 2348/517/2
f 2348/517/2 2355/512/2 2349/518/2
f 2349/518/2 2355/512/2 2350/519/2
f 2350/519/2 2355/512/2 2351/520/2
f 2351/520/2 2355/512/2 2352/521/2
f 2352/521/2 2355/512/2 2353/522/2
f 2353/522/2 2355/512/2 2354/115/2
f 2377/523/2 2376/513/2 2343/524/2
f 2343/524/2 2376/513/2 2344/525/2
f 2344/525/2 2376/513/2 2345/514/2
f 2378/526/2 2377/523/2 2341/527/2
f 2341/527/2 2377/523/2 2342/528/2
f 2342/528/2 2377/523/2 2343/524/2
f 2378/526/2 2341/527/2 2340/529/2
f 2378/526/2 2340/529/2 2339/530/2
f 2379/531/2 2378/526/2 2339/530/2
f 2379/531/2 2339/530/2 2338/532/2
f 2379/531/2 2338/532/2 2337/533/2
f 2328/501/2 2380/502/2 2379/531/2
f 2328/501/2 2379/531/2 2333/534/2
f 2333/534/2 2379/531/2 2334/535/2
f 2334/535/2 2379/531/2 2335/536/2
f 2335/536/2 2379/531/2 2336/537/2
f 2336/537/2 2379/531/2 2337/533/2
f 2328/501/2 2333/534/2 2332/538/2
f 2328/501/2 2332/538/2 2331/539/2
f 2328/501/2 2331/539/2 2330/540/2
f 2328/501/2 2330/540/2 2329/541/2
f 2383/118/2 2382/4/2 2411/119/2
f 2411/119/2 2382/4/2 2410/120/2
f 2411/119/2 2410/120/2 2409/121/2
f 2411/119/2 2409/121/2 2408/122/2
f 2411/119/2 2408/122/2 2407/10/2
f 2411/119/2 2407/10/2 2406/123/2
f 2411/119/2 2406/123/2 2405/124/2
f 2411/119/2 2405/124/2 2404/114/2
f 2411/119/2 2404/114/2 2403/125/2
f 2411/119/2 2403/125/2 2412/7/2
f 2412/7/2 2403/125/2 2402/11/2
f 2383/118/2 2411/119/2 2437/5/2
f 2413/126/2 2412/7/2 2402/11/2
f 2414/127/2 2413/126/2 2402/11/2
f 2415/117/2 2414/127/2 2402/11/2
f 2415/117/2 2402/11/2 2401/128/2
f 2416/129/2 2415/117/2 2401/128/2
f 2417/9/2 2416/129/2 2401/128/2
f 2418/130/2 2417/9/2 2401/128/2
f 2418/130/2 2401/128/2 2400/131/2
f 2419/132/2 2418/130/2 2400/131/2
f 2420/133/2 2419/132/2 2400/131/2
f 2421/134/2 2420/133/2 2400/131/2
f 2421/134/2 2400/131/2 2399/135/2
f 2422/8/2 2421/134/2 2399/135/2
f 2423/136/2 2422/8/2 2399/135/2
f 2423/136/2 2399/135/2 2398/137/2
f 2424/138/2 2423/136/2 2398/137/2
f 2425/139/2 2424/138/2 2398/137/2
f 2425/139/2 2398/137/2 2397/12/2
f 2426/111/2 2425/139/2 2397/12/2
f 2426/111/2 2397/12/2 2396/140/2
f 2427/6/2 2426/111/2 2396/140/2
f 2428/141/2 2427/6/2 2396/140/2
f 2428/141/2 2396/140/2 2395/142/2
f 2429/143/2 2428/141/2 2395/142/2
f 2430/144/2 2429/143/2 2395/142/2
f 2430/144/2 2395/142/2 2394/145/2
f 2431/146/2 2430/144/2 2394/145/2
f 2432/2/2 2431/146/2 2394/145/2
f 2433/147/2 2432/2/2 2394/145/2
f 2434/148/2 2433/147/2 2394/145/2
f 2434/148/2 2394/145/2 2393/109/2
f 2435/149/2 2434/148/2 2393/109/2
f 2436/150/2 2435/149/2 2393/109/2
f 2383/118/2 2437/5/2 2385/151/2
f 2385/151/2 2437/5/2 2436/150/2
f 2385/151/2 2436/150/2 2393/109/2
f 2385/151/2 2393/109/2 2392/1/2
f 2385/151/2 2392/1/2 2391/152/2
f 2385/151/2 2391/152/2 2390/153/2
f 2385/151/2 2390/153/2 2389/154/2
f 2385/151/2 2389/154/2 2388/155/2
f 2385/151/2 2388/155/2 2387/3/2
f 2385/151/2 2387/3/2 2386/156/2
f 2383/118/2 2385/151/2 2384/157/2
f 2439/542/2 2438/4/2 2485/5/2
f 2439/542/2 2485/5/2 2484/543/2
f 2440/544/2 2439/542/2 2484/543/2
f 2440/544/2 2484/543/2 2483/545/2
f 2441/546/2 2440/544/2 2483/545/2
f 2441/546/2 2483/545/2 2482/547/2
f 2442/548/2 2441/546/2 2482/547/2
f 2442/548/2 2482/547/2 2481/549/2
f 2443/550/2 2442/548/2 2481/549/2
f 2443/550/2 2481/549/2 2480/551/2
f 2444/552/2 2443/550/2 2480/551/2
f 2444/552/2 2480/551/2 2479/553/2
f 2445/554/2 2444/552/2 2479/553/2
f 2445/554/2 2479/553/2 2478/555/2
f 2446/556/2 2445/554/2 2478/555/2
f 2446/556/2 2478/555/2 2477/557/2
f 2447/558/2 2446/556/2 2477/557/2
f 2447/558/2 2477/557/2 2476/559/2
f 2448/560/2 2447/558/2 2476/559/2
f 2448/560/2 2476/559/2 2475/561/2
f 2449/562/2 2448/560/2 2475/561/2
f 2449/562/2 2475/561/2 2474/563/2
f 2450/564/2 2449/562/2 2474/563/2
f 2451/565/2 2450/564/2 2474/563/2
f 2451/565/2 2474/563/2 2473/566/2
f 2451/565/2 2473/566/2 2472/567/2
f 2452/568/2 2451/565/2 2472/567/2
f 2452/568/2 2472/567/2 2471/569/2
f 2453/570/2 2452/568/2 2471/569/2
f 2454/571/2 2453/570/2 2471/569/2
f 2454/571/2 2471/569/2 2470/572/2
f 2455/573/2 2454/571/2 2470/572/2
f 2455/573/2 2470/572/2 2469/574/2
f 2456/575/2 2455/573/2 2469/574/2
f 2456/575/2 2469/574/2 2468/576/2
f 2457/577/2 2456/575/2 2468/576/2
f 2457/577/2 2468/576/2 2467/578/2
f 2458/579/2 2457/577/2 2467/578/2
f 2458/579/2 2467/578/2 2466/580/2
f 2459/581/2 2458/579/2 2466/580/2
f 2459/581/2 2466/580/2 2465/582/2
f 2460/583/2 2459/581/2 2465/582/2
f 2460/583/2 2465/582/2 2464/584/2
f 2461/585/2 2460/583/2 2464/584/2
f 2461/585/2 2464/584/2 2463/586/2
f 2462/587/2 2461/585/2 2463/586/2
f 2487/542/2 2486/4/2 2533/5/2
f 2487/542/2 2533/5/2 2532/543/2
f 2488/544/2 2487/542/2 2532/543/2
f 2488/544/2 2532/543/2 2531/545/2
f 2489/546/2 2488/544/2 2531/545/2
f 2489/546/2 2531/545/2 2530/547/2
f 2490/548/2 2489/546/2 2530/547/2
f 2490/548/2 2530/547/2 2529/549/2
f 2491/550/2 2490/548/2 2529/549/2
f 2491/550/2 2529/549/2 2528/551/2
f 2492/552/2 2491/550/2 2528/551/2
f 2492/552/2 2528/551/2 2527/553/2
f 2493/554/2 2492/552/2 2527/553/2
f 2493/554/2 2527/553/2 2526/555/2
f 2494/556/2 2493/554/2 2526/555/2
f 2494/556/2 2526/555/2 2525/557/2
f 2495/558/2 2494/556/2 2525/557/2
f 2495/558/2 2525/557/2 2524/559/2
f 2496/560/2 2495/558/2 2524/559/2
f 2496/560/2 2524/559/2 2523/561/2
f 2497/562/2 2496/560/2 2523/561/2
f 2497/562/2 2523/561/2 2522/563/2
f 2498/564/2 2497/562/2 2522/563/2
f 2499/565/2 2498/564/2 2522/563/2
f 2499/565/2 2522/563/2 2521/566/2
f 2499/565/2 2521/566/2 2520/567/2
f 2500/568/2 2499/565/2 2520/567/2
f 2500/568/2 2520/567/2 2519/569/2
f 2501/570/2 2500/568/2 2519/569/2
f 2502/571/2 2501/570/2 2519/569/2
f 2502/571/2 2519/569/2 2518/572/2
f 2503/573/2 2502/571/2 2518/572/2
f 2503/573/2 2518/572/2 2517/574/2
f 2504/575/2 2503/573/2 2517/574/2
f 2504/575/2 2517/574/2 2516/576/2
f 2505/577/2 2504/575/2 2516/576/2
f 2505/577/2 2516/576/2 2515/578/2
f 2506/579/2 2505/577/2 2515/578/2
f 2506/579/2 2515/578/2 2514/580/2
f 2507/581/2 2506/579/2 2514/580/2
f 2507/581/2 2514/580/2 2513/582/2
f 2508/583/2 2507/581/2 2513/582/2
f 2508/583/2 2513/582/2 2512/584/2
f 2509/585/2 2508/583/2 2512/584/2
f 2509/585/2 2512/584/2 2511/586/2
f 2510/587/2 2509/585/2 2511/586/2
f 2535/542/2 2534/4/2 2581/5/2
f 2535/542/2 2581/5/2 2580/543/2
f 2536/544/2 2535/542/2 2580/543/2
f 2536/544/2 2580/543/2 2579/545/2
f 2537/546/2 2536/544/2 2579/545/2
f 2537/546/2 2579/545/2 2578/547/2
f 2538/548/2 2537/546/2 2578/547/2
f 2538/548/2 2578/547/2 2577/549/2
f 2539/550/2 2538/548/2 2577/549/2
f 2539/550/2 2577/549/2 2576/551/2
f 2540/552/2 2539/550/2 2576/551/2
f 2540/552/2 2576/551/2 2575/553/2
f 2541/554/2 2540/552/2 2575/553/2
f 2541/554/2 2575/553/2 2574/555/2
f 2542/556/2 2541/554/2 2574/555/2
f 2542/556/2 2574/555/2 2573/557/2
f 2543/558/2 2542/556/2 2573/557/2
f 2543/558/2 2573/557/2 2572/559/2
f 2544/560/2 2543/558/2 2572/559/2
f 2544/560/2 2572/559/2 2571/561/2
f 2545/562/2 2544/560/2 2571/561/2
f 2545/562/2 2571/561/2 2570/563/2
f 2546/564/2 2545/562/2 2570/563/2
f 2547/565/2 2546/564/2 2570/563/2
f 2547/565/2 2570/563/2 2569/566/2
f 2547/565/2 2569/566/2 2568/567/2
f 2548/568/2 2547/565/2 2568/567/2
f 2548/568/2 2568/567/2 2567/569/2
f 2549/570/2 2548/568/2 2567/569/2
f 2550/571/2 2549/570/2 2567/569/2
f 2550/571/2 2567/569/2 2566/572/2
f 2551/573/2 2550/571/2 2566/572/2
f 2551/573/2 2566/572/2 2565/574/2
f 2552/575/2 2551/573/2 2565/574/2
f 2552/575/2 2565/574/2 2564/576/2
f 2553/577/2 2552/575/2 2564/576/2
f 2553/577/2 2564/576/2 2563/578/2
f 2554/579/2 2553/577/2 2563/578/2
f 2554/579/2 2563/578/2 2562/580/2
f 2555/581/2 2554/579/2 2562/580/2
f 2555/581/2 2562/580/2 2561/582/2
f 2556/583/2 2555/581/2 2561/582/2
f 2556/583/2 2561/582/2 2560/584/2
f 2557/585/2 2556/583/2 2560/584/2
f 2557/585/2 2560/584/2 2559/586/2
f 2558/587/2 2557/585/2 2559/586/2
f 2623/490/2 2622/492/2 2621/491/2
f 2623/490/2 2621/491/2 2620/493/2
f 2624/494/2 2623/490/2 2620/493/2
f 2624/494/2 2620/493/2 2619/495/2
f 2625/496/2 2624/494/2 2619/495/2
f 2625/496/2 2619/495/2 2618/497/2
f 2625/496/2 2618/497/2 2617/498/2
f 2626/499/2 2625/496/2 2617/498/2
f 2626/499/2 2617/498/2 2616/500/2
f 2583/501/2 2582/4/2 2636/5/2
f 2583/501/2 2636/5/2 2635/502/2
f 2627/503/2 2626/499/2 2616/500/2
f 2627/503/2 2616/500/2 2615/504/2
f 2627/503/2 2615/504/2 2614/505/2
f 2628/506/2 2627/503/2 2614/505/2
f 2628/506/2 2614/505/2 2613/507/2
f 2629/508/2 2628/506/2 2613/507/2
f 2629/508/2 2613/507/2 2612/509/2
f 2629/508/2 2612/509/2 2611/510/2
f 2630/511/2 2629/508/2 2611/510/2
f 2630/511/2 2611/510/2 2610/512/2
f 2631/513/2 2630/511/2 2610/512/2
f 2631/513/2 2610/512/2 2600/514/2
f 2600/514/2 2610/512/2 2601/515/2
f 2601/515/2 2610/512/2 2602/516/2
f 2602/516/2 2610/512/2 2603/517/2
f 2603/517/2 2610/512/2 2604/518/2
f 2604/518/2 2610/512/2 2605/519/2
f 2605/519/2 2610/512/2 2606/520/2
f 2606/520/2 2610/512/2 2607/521/2
f 2607/521/2 2610/512/2 2608/522/2
f 2608/522/2 2610/512/2 2609/115/2
f 2632/523/2 2631/513/2 2598/524/2
f 2598/524/2 2631/513/2 2599/525/2
f 2599/525/2 2631/513/2 2600/514/2
f 2633/526/2 2632/523/2 2596/527/2
f 2596/527/2 2632/523/2 2597/528/2
f 2597/528/2 2632/523/2 2598/524/2
f 2633/526/2 2596/527/2 2595/529/2
f 2633/526/2 2595/529/2 2594/530/2
f 2634/531/2 2633/526/2 2594/530/2
f 2634/531/2 2594/530/2 2593/532/2
f 2634/531/2 2593/532/2 2592/533/2
f 2583/501/2 2635/502/2 2634/531/2
f 2583/501/2 2634/531/2 2588/534/2
f 2588/534/2 2634/531/2 2589/535/2
f 2589/535/2 2634/531/2 2590/536/2
f 2590/536/2 2634/531/2 2591/537/2
f 2591/537/2 2634/531/2 2592/533/2
f 2583/501/2 2588/534/2 2587/538/2
f 2583/501/2 2587/538/2 2586/539/2
f 2583/501/2 2586/539/2 2585/540/2
f 2583/501/2 2585/540/2 2584/541/2
f 2675/400/2 2674/402/2 2673/401/2
f 2675/400/2 2673/401/2 2672/403/2
f 2676/404/2 2675/400/2 2672/403/2
f 2676/404/2 2672/403/2 2671/405/2
f 2677/406/2 2676/404/2 2671/405/2
f 2677/406/2 2671/405/2 2670/407/2
f 2678/408/2 2677/406/2 2670/407/2
f 2678/408/2 2670/407/2 2669/409/2
f 2679/359/2 2678/408/2 2669/409/2
f 2679/359/2 2669/409/2 2668/410/2
f 2680/411/2 2679/359/2 2668/410/2
f 2680/411/2 2668/410/2 2667/412/2
f 2681/413/2 2680/411/2 2723/414/2
f 2723/414/2 2680/411/2 2667/412/2
f 2681/413/2 2723/414/2 2722/415/2
f 2724/416/2 2723/414/2 2667/412/2
f 2681/413/2 2722/415/2 2721/309/2
f 2725/417/2 2724/416/2 2667/412/2
f 2681/413/2 2721/309/2 2720/418/2
f 2726/419/2 2725/417/2 2667/412/2
f 2726/419/2 2667/412/2 2666/420/2
f 2681/413/2 2720/418/2 2719/421/2
f 2682/422/2 2681/413/2 2719/421/2
f 2727/423/2 2726/419/2 2666/420/2
f 2682/422/2 2719/421/2 2718/424/2
f 2728/425/2 2727/423/2 2666/420/2
f 2682/422/2 2718/424/2 2717/426/2
f 2729/427/2 2728/425/2 2666/420/2
f 2682/422/2 2717/426/2 2716/428/2
f 2730/429/2 2729/427/2 2666/420/2
f 2683/430/2 2682/422/2 2716/428/2
f 2730/429/2 2666/420/2 2665/358/2
f 2683/430/2 2716/428/2 2715/431/2
f 2731/432/2 2730/429/2 2665/358/2
f 2683/430/2 2715/431/2 2714/433/2
f 2732/434/2 2731/432/2 2665/358/2
f 2684/435/2 2683/430/2 2714/433/2
f 2732/434/2 2665/358/2 2664/436/2
f 2684/435/2 2714/433/2 2713/437/2
f 2733/438/2 2732/434/2 2664/436/2
f 2684/435/2 2713/437/2 2712/439/2
f 2734/440/2 2733/438/2 2664/436/2
f 2685/441/2 2684/435/2 2712/439/2
f 2685/441/2 2712/439/2 2711/442/2
f 2734/440/2 2664/436/2 2663/443/2
f 2735/5/2 2734/440/2 2663/443/2
f 2685/441/2 2711/442/2 2735/5/2
f 2685/441/2 2735/5/2 2663/443/2
f 2686/115/2 2685/441/2 2663/443/2
f 2686/115/2 2663/443/2 2662/444/2
f 2687/445/2 2686/115/2 2661/446/2
f 2661/446/2 2686/115/2 2662/444/2
f 2687/445/2 2661/446/2 2660/447/2
f 2688/448/2 2687/445/2 2660/447/2
f 2688/448/2 2660/447/2 2659/449/2
f 2688/448/2 2659/449/2 2658/450/2
f 2689/451/2 2688/448/2 2658/450/2
f 2689/451/2 2658/450/2 2657/452/2
f 2690/453/2 2689/451/2 2657/452/2
f 2690/453/2 2657/452/2 2656/454/2
f 2638/455/2 2637/4/2 2710/456/2
f 2690/453/2 2656/454/2 2655/457/2
f 2639/458/2 2638/455/2 2710/456/2
f 2640/459/2 2639/458/2 2710/456/2
f 2691/460/2 2690/453/2 2655/457/2
f 2691/460/2 2655/457/2 2654/461/2
f 2641/462/2 2640/459/2 2710/456/2
f 2642/463/2 2641/462/2 2710/456/2
f 2691/460/2 2654/461/2 2653/464/2
f 2643/465/2 2642/463/2 2710/456/2
f 2691/460/2 2653/464/2 2652/466/2
f 2644/467/2 2643/465/2 2710/456/2
f 2692/468/2 2691/460/2 2652/466/2
f 2645/469/2 2644/467/2 2710/456/2
f 2692/468/2 2652/466/2 2651/286/2
f 2646/470/2 2645/469/2 2710/456/2
f 2692/468/2 2651/286/2 2650/471/2
f 2647/472/2 2646/470/2 2710/456/2
f 2648/473/2 2647/472/2 2710/456/2
f 2692/468/2 2650/471/2 2649/474/2
f 2649/474/2 2648/473/2 2710/456/2
f 2692/468/2 2649/474/2 2710/456/2
f 2693/390/2 2692/468/2 2710/456/2
f 2693/390/2 2710/456/2 2709/475/2
f 2694/476/2 2693/390/2 2709/475/2
f 2694/476/2 2709/475/2 2708/477/2
f 2694/476/2 2708/477/2 2707/334/2
f 2695/478/2 2694/476/2 2707/334/2
f 2695/478/2 2707/334/2 2706/479/2
f 2695/478/2 2706/479/2 2705/480/2
f 2696/481/2 2695/478/2 2705/480/2
f 2696/481/2 2705/480/2 2704/482/2
f 2696/481/2 2704/482/2 2703/483/2
f 2697/484/2 2696/481/2 2703/483/2
f 2697/484/2 2703/483/2 2702/485/2
f 2697/484/2 2702/485/2 2701/486/2
f 2697/484/2 2701/486/2 2700/487/2
f 2698/488/2 2697/484/2 2700/487/2
f 2698/488/2 2700/487/2 2699/489/2
f 2736/4/2 2742/5/2 2741/503/2
f 2736/4/2 2741/503/2 2740/497/2
f 2740/497/2 2739/115/2 2738/514/2
f 2740/497/2 2738/514/2 2737/537/2
f 2736/4/2 2740/497/2 2737/537/2
f 2780/588/2 2779/589/2 2778/378/2
f 2780/588/2 2778/378/2 2777/590/2
f 2781/114/2 2780/588/2 2777/590/2
f 2781/114/2 2777/590/2 2776/591/2
f 2782/592/2 2781/114/2 2776/591/2
f 2782/592/2 2776/591/2 2775/593/2
f 2783/362/2 2782/592/2 2775/593/2
f 2783/362/2 2775/593/2 2774/594/2
f 2784/595/2 2783/362/2 2774/594/2
f 2784/595/2 2774/594/2 2773/367/2
f 2785/596/2 2784/595/2 2803/355/2
f 2803/355/2 2784/595/2 2773/367/2
f 2785/596/2 2803/355/2 2802/597/2
f 2804/598/2 2803/355/2 2773/367/2
f 2785/596/2 2802/597/2 2801/599/2
f 2805/600/2 2804/598/2 2773/367/2
f 2785/596/2 2801/599/2 2800/117/2
f 2806/601/2 2805/600/2 2773/367/2
f 2806/601/2 2773/367/2 2772/602/2
f 2786/603/2 2785/596/2 2800/117/2
f 2786/603/2 2800/117/2 2799/604/2
f 2807/605/2 2806/601/2 2772/602/2
f 2786/603/2 2799/604/2 2798/387/2
f 2808/340/2 2807/605/2 2772/602/2
f 2808/340/2 2772/602/2 2771/606/2
f 2787/607/2 2786/603/2 2798/387/2
f 2787/607/2 2798/387/2 2797/608/2
f 2809/609/2 2808/340/2 2771/606/2
f 2787/607/2 2797/608/2 2796/610/2
f 2810/611/2 2809/609/2 2771/606/2
f 2810/611/2 2771/606/2 2770/612/2
f 2788/385/2 2787/607/2 2796/610/2
f 2788/385/2 2796/610/2 2795/613/2
f 2811/614/2 2810/611/2 2770/612/2
f 2811/614/2 2770/612/2 2769/615/2
f 2789/616/2 2788/385/2 2795/613/2
f 2789/616/2 2795/613/2 2794/617/2
f 2812/618/2 2811/614/2 2769/615/2
f 2789/616/2 2794/617/2 2793/396/2
f 2813/329/2 2812/618/2 2769/615/2
f 2813/329/2 2769/615/2 2768/348/2
f 2790/619/2 2789/616/2 2793/396/2
f 2790/619/2 2793/396/2 2792/620/2
f 2814/621/2 2813/329/2 2768/348/2
f 2814/621/2 2768/348/2 2767/622/2
f 2743/4/2 2790/619/2 2792/620/2
f 2743/4/2 2792/620/2 2791/623/2
f 2815/624/2 2814/621/2 2767/622/2
f 2744/625/2 2743/4/2 2791/623/2
f 2744/625/2 2791/623/2 2838/5/2
f 2816/626/2 2815/624/2 2767/622/2
f 2816/626/2 2767/622/2 2766/627/2
f 2817/628/2 2816/626/2 2766/627/2
f 2744/625/2 2838/5/2 2837/629/2
f 2817/628/2 2766/627/2 2765/630/2
f 2745/631/2 2744/625/2 2837/629/2
f 2818/320/2 2817/628/2 2765/630/2
f 2745/631/2 2837/629/2 2836/632/2
f 2818/320/2 2765/630/2 2764/633/2
f 2746/634/2 2745/631/2 2836/632/2
f 2819/111/2 2818/320/2 2764/633/2
f 2746/634/2 2836/632/2 2835/635/2
f 2819/111/2 2764/633/2 2763/331/2
f 2747/636/2 2746/634/2 2835/635/2
f 2820/637/2 2819/111/2 2763/331/2
f 2747/636/2 2835/635/2 2834/638/2
f 2821/639/2 2820/637/2 2763/331/2
f 2747/636/2 2834/638/2 2833/288/2
f 2821/639/2 2763/331/2 2762/109/2
f 2748/276/2 2747/636/2 2833/288/2
f 2822/640/2 2821/639/2 2762/109/2
f 2748/276/2 2833/288/2 2832/641/2
f 2823/311/2 2822/640/2 2762/109/2
f 2748/276/2 2832/641/2 2831/642/2
f 2823/311/2 2762/109/2 2761/643/2
f 2749/644/2 2748/276/2 2831/642/2
f 2824/645/2 2823/311/2 2761/643/2
f 2749/644/2 2831/642/2 2830/646/2
f 2825/647/2 2824/645/2 2761/643/2
f 2749/644/2 2830/646/2 2829/648/2
f 2825/647/2 2761/643/2 2760/649/2
f 2750/650/2 2749/644/2 2829/648/2
f 2826/651/2 2825/647/2 2760/649/2
f 2750/650/2 2829/648/2 2828/303/2
f 2827/652/2 2826/651/2 2760/649/2
f 2750/650/2 2828/303/2 2827/652/2
f 2750/650/2 2827/652/2 2760/649/2
f 2750/650/2 2760/649/2 2759/653/2
f 2751/654/2 2750/650/2 2759/653/2
f 2751/654/2 2759/653/2 2758/298/2
f 2752/655/2 2751/654/2 2758/298/2
f 2752/655/2 2758/298/2 2757/656/2
f 2753/272/2 2752/655/2 2757/656/2
f 2753/272/2 2757/656/2 2756/657/2
f 2754/658/2 2753/272/2 2756/657/2
f 2754/658/2 2756/657/2 2755/659/2
f 2877/400/2 2876/402/2 2875/401/2
f 2877/400/2 2875/401/2 2874/403/2
f 2878/404/2 2877/400/2 2874/403/2
f 2878/404/2 2874/403/2 2873/405/2
f 2879/406/2 2878/404/2 2873/405/2
f 2879/406/2 2873/405/2 2872/407/2
f 2880/408/2 2879/406/2 2872/407/2
f 2880/408/2 2872/407/2 2871/409/2
f 2881/359/2 2880/408/2 2871/409/2
f 2881/359/2 2871/409/2 2870/410/2
f 2882/411/2 2881/359/2 2870/410/2
f 2882/411/2 2870/410/2 2869/412/2
f 2883/413/2 2882/411/2 2925/414/2
f 2925/414/2 2882/411/2 2869/412/2
f 2883/413/2 2925/414/2 2924/415/2
f 2926/416/2 2925/414/2 2869/412/2
f 2883/413/2 2924/415/2 2923/309/2
f 2927/417/2 2926/416/2 2869/412/2
f 2883/413/2 2923/309/2 2922/418/2
f 2928/419/2 2927/417/2 2869/412/2
f 2928/419/2 2869/412/2 2868/420/2
f 2883/413/2 2922/418/2 2921/421/2
f 2884/422/2 2883/413/2 2921/421/2
f 2929/423/2 2928/419/2 2868/420/2
f 2884/422/2 2921/421/2 2920/424/2
f 2930/425/2 2929/423/2 2868/420/2
f 2884/422/2 2920/424/2 2919/426/2
f 2931/427/2 2930/425/2 2868/420/2
f 2884/422/2 2919/426/2 2918/428/2
f 2932/429/2 2931/427/2 2868/420/2
f 2885/430/2 2884/422/2 2918/428/2
f 2932/429/2 2868/420/2 2867/358/2
f 2885/430/2 2918/428/2 2917/431/2
f 2933/432/2 2932/429/2 2867/358/2
f 2885/430/2 2917/431/2 2916/433/2
f 2934/434/2 2933/432/2 2867/358/2
f 2886/435/2 2885/430/2 2916/433/2
f 2934/434/2 2867/358/2 2866/436/2
f 2886/435/2 2916/433/2 2915/437/2
f 2935/438/2 2934/434/2 2866/436/2
f 2886/435/2 2915/437/2 2914/439/2
f 2936/440/2 2935/438/2 2866/436/2
f 2887/441/2 2886/435/2 2914/439/2
f 2887/441/2 2914/439/2 2913/442/2
f 2936/440/2 2866/436/2 2865/443/2
f 2937/5/2 2936/440/2 2865/443/2
f 2887/441/2 2913/442/2 2937/5/2
f 2887/441/2 2937/5/2 2865/443/2
f 2888/115/2 2887/441/2 2865/443/2
f 2888/115/2 2865/443/2 2864/444/2
f 2889/445/2 2888/115/2 2863/446/2
f 2863/446/2 2888/115/2 2864/444/2
f 2889/445/2 2863/446/2 2862/447/2
f 2890/448/2 2889/445/2 2862/447/2
f 2890/448/2 2862/447/2 2861/449/2
f 2890/448/2 2861/449/2 2860/450/2
f 2891/451/2 2890/448/2 2860/450/2
f 2891/451/2 2860/450/2 2859/452/2
f 2892/453/2 2891/451/2 2859/452/2
f 2892/453/2 2859/452/2 2858/454/2
f 2840/455/2 2839/4/2 2912/456/2
f 2892/453/2 2858/454/2 2857/457/2
f 2841/458/2 2840/455/2 2912/456/2
f 2842/459/2 2841/458/2 2912/456/2
f 2893/460/2 2892/453/2 2857/457/2
f 2893/460/2 2857/457/2 2856/461/2
f 2843/462/2 2842/459/2 2912/456/2
f 2844/463/2 2843/462/2 2912/456/2
f 2893/460/2 2856/461/2 2855/464/2
f 2845/465/2 2844/463/2 2912/456/2
f 2893/460/2 2855/464/2 2854/466/2
f 2846/467/2 2845/465/2 2912/456/2
f 2894/468/2 2893/460/2 2854/466/2
f 2847/469/2 2846/467/2 2912/456/2
f 2894/468/2 2854/466/2 2853/286/2
f 2848/470/2 2847/469/2 2912/456/2
f 2894/468/2 2853/286/2 2852/471/2
f 2849/472/2 2848/470/2 2912/456/2
f 2850/473/2 2849/472/2 2912/456/2
f 2894/468/2 2852/471/2 2851/474/2
f 2851/474/2 2850/473/2 2912/456/2
f 2894/468/2 2851/474/2 2912/456/2
f 2895/390/2 2894/468/2 2912/456/2
f 2895/390/2 2912/456/2 2911/475/2
f 2896/476/2 2895/390/2 2911/475/2
f 2896/476/2 2911/475/2 2910/477/2
f 2896/476/2 2910/477/2 2909/334/2
f 2897/478/2 2896/476/2 2909/334/2
f 2897/478/2 2909/334/2 2908/479/2
f 2897/478/2 2908/479/2 2907/480/2
f 2898/481/2 2897/478/2 2907/480/2
f 2898/481/2 2907/480/2 2906/482/2
f 2898/481/2 2906/482/2 2905/483/2
f 2899/484/2 2898/481/2 2905/483/2
f 2899/484/2 2905/483/2 2904/485/2
f 2899/484/2 2904/485/2 2903/486/2
f 2899/484/2 2903/486/2 2902/487/2
f 2900/488/2 2899/484/2 2902/487/2
f 2900/488/2 2902/487/2 2901/489/2
f 3032/660/2 3031/662/2 3030/661/2
f 3008/663/2 3007/665/2 3006/664/2
f 3033/666/2 3032/660/2 3030/661/2
f 3033/666/2 3030/661/2 3029/667/2
f 3009/668/2 3008/663/2 3006/664/2
f 3009/668/2 3006/664/2 3005/669/2
f 3034/670/2 3033/666/2 3029/667/2
f 3034/670/2 3029/667/2 3028/671/2
f 3010/672/2 3009/668/2 3005/669/2
f 3035/673/2 3034/670/2 3028/671/2
f 3035/673/2 3028/671/2 3027/674/2
f 3010/672/2 3005/669/2 3004/675/2
f 3011/676/2 3010/672/2 3004/675/2
f 3036/677/2 3035/673/2 3027/674/2
f 2939/678/2 2938/4/2 3044/5/2
f 2939/678/2 3044/5/2 3043/679/2
f 3036/677/2 3027/674/2 3026/680/2
f 3012/681/2 3011/676/2 3004/675/2
f 3037/682/2 3036/677/2 3026/680/2
f 3012/681/2 3004/675/2 3003/683/2
f 3037/682/2 3026/680/2 3025/684/2
f 3038/685/2 3037/682/2 3025/684/2
f 3013/686/2 3012/681/2 3003/683/2
f 3038/685/2 3025/684/2 3024/687/2
f 3013/686/2 3003/683/2 3002/688/2
f 3039/689/2 3038/685/2 3024/687/2
f 3014/690/2 3013/686/2 3002/688/2
f 3039/689/2 3024/687/2 3023/691/2
f 3040/692/2 3039/689/2 3023/691/2
f 3015/693/2 3014/690/2 3002/688/2
f 3015/693/2 3002/688/2 3001/694/2
f 3040/692/2 3023/691/2 3022/695/2
f 3041/696/2 3040/692/2 3022/695/2
f 3016/697/2 3015/693/2 3001/694/2
f 3041/696/2 3022/695/2 3021/698/2
f 3042/699/2 3041/696/2 3021/698/2
f 3016/697/2 3001/694/2 3000/700/2
f 3017/701/2 3016/697/2 3000/700/2
f 3042/699/2 3021/698/2 3020/702/2
f 3043/679/2 3042/699/2 3020/702/2
f 3018/703/2 3017/701/2 3000/700/2
f 3018/703/2 3000/700/2 2980/704/2
f 2980/704/2 3000/700/2 2999/705/2
f 2939/678/2 3043/679/2 2941/706/2
f 2941/706/2 3043/679/2 2942/707/2
f 2942/707/2 3043/679/2 2943/708/2
f 2943/708/2 3043/679/2 2944/709/2
f 2944/709/2 3043/679/2 2945/710/2
f 2945/710/2 3043/679/2 2946/711/2
f 2946/711/2 3043/679/2 2947/712/2
f 2947/712/2 3043/679/2 2948/713/2
f 2948/713/2 3043/679/2 2949/714/2
f 2949/714/2 3043/679/2 2950/715/2
f 2950/715/2 3043/679/2 2951/716/2
f 2951/716/2 3043/679/2 2952/717/2
f 2952/717/2 3043/679/2 3020/702/2
f 2952/717/2 3020/702/2 2953/718/2
f 2953/718/2 3020/702/2 3019/719/2
f 3019/719/2 3018/703/2 2979/720/2
f 2979/720/2 3018/703/2 2980/704/2
f 2954/721/2 2953/718/2 3019/719/2
f 2981/722/2 2980/704/2 2999/705/2
f 3019/719/2 2979/720/2 2978/723/2
f 2955/724/2 2954/721/2 3019/719/2
f 2982/725/2 2981/722/2 2999/705/2
f 3019/719/2 2978/723/2 2977/726/2
f 2956/727/2 2955/724/2 3019/719/2
f 2983/728/2 2982/725/2 2999/705/2
f 3019/719/2 2977/726/2 2976/729/2
f 2957/730/2 2956/727/2 3019/719/2
f 2957/730/2 3019/719/2 2976/729/2
f 2984/731/2 2983/728/2 2999/705/2
f 2957/730/2 2976/729/2 2975/732/2
f 2984/731/2 2999/705/2 2998/733/2
f 2958/734/2 2957/730/2 2975/732/2
f 2958/734/2 2975/732/2 2974/735/2
f 2985/736/2 2984/731/2 2998/733/2
f 2958/734/2 2974/735/2 2973/737/2
f 2959/738/2 2958/734/2 2973/737/2
f 2986/739/2 2985/736/2 2998/733/2
f 2959/738/2 2973/737/2 2972/740/2
f 2960/741/2 2959/738/2 2972/740/2
f 2987/742/2 2986/739/2 2998/733/2
f 2960/741/2 2972/740/2 2971/743/2
f 2987/742/2 2998/733/2 2997/744/2
f 2961/745/2 2960/741/2 2971/743/2
f 2961/745/2 2971/743/2 2970/746/2
f 2988/747/2 2987/742/2 2997/744/2
f 2961/745/2 2970/746/2 2969/748/2
f 2962/749/2 2961/745/2 2969/748/2
f 2989/750/2 2988/747/2 2997/744/2
f 2962/749/2 2969/748/2 2968/751/2
f 2989/750/2 2997/744/2 2996/752/2
f 2963/753/2 2962/749/2 2968/751/2
f 2939/678/2 2941/706/2 2940/754/2
f 2963/753/2 2968/751/2 2967/755/2
f 2990/756/2 2989/750/2 2996/752/2
f 2964/757/2 2963/753/2 2967/755/2
f 2991/115/2 2990/756/2 2996/752/2
f 2991/115/2 2996/752/2 2995/758/2
f 2965/759/2 2964/757/2 2967/755/2
f 2992/760/2 2991/115/2 2995/758/2
f 2992/760/2 2995/758/2 2994/761/2
f 2966/762/2 2965/759/2 2967/755/2
f 2993/763/2 2992/760/2 2994/761/2
f 3083/764/2 3082/766/2 3081/765/2
f 3084/767/2 3083/764/2 3081/765/2
f 3084/767/2 3081/765/2 3080/768/2
f 3085/769/2 3084/767/2 3080/768/2
f 3086/770/2 3085/769/2 3080/768/2
f 3086/770/2 3080/768/2 3079/771/2
f 3087/772/2 3086/770/2 3079/771/2
f 3087/772/2 3079/771/2 3078/773/2
f 3088/774/2 3087/772/2 3078/773/2
f 3089/775/2 3088/774/2 3078/773/2
f 3089/775/2 3078/773/2 3077/776/2
f 3090/777/2 3089/775/2 3077/776/2
f 3090/777/2 3077/776/2 3076/778/2
f 3091/779/2 3090/777/2 3076/778/2
f 3092/780/2 3091/779/2 3076/778/2
f 3092/780/2 3076/778/2 3075/781/2
f 3093/782/2 3092/780/2 3075/781/2
f 3093/782/2 3075/781/2 3074/783/2
f 3094/784/2 3093/782/2 3074/783/2
f 3095/785/2 3094/784/2 3096/786/2
f 3096/786/2 3094/784/2 3097/787/2
f 3097/787/2 3094/784/2 3098/788/2
f 3098/788/2 3094/784/2 3099/789/2
f 3099/789/2 3094/784/2 3100/790/2
f 3100/790/2 3094/784/2 3101/791/2
f 3101/791/2 3094/784/2 3102/792/2
f 3102/792/2 3094/784/2 3103/793/2
f 3103/793/2 3094/784/2 3104/794/2
f 3104/794/2 3094/784/2 3105/795/2
f 3105/795/2 3094/784/2 3074/783/2
f 3105/795/2 3074/783/2 3106/796/2
f 3106/796/2 3074/783/2 3107/797/2
f 3107/797/2 3074/783/2 3073/798/2
f 3107/797/2 3073/798/2 3108/799/2
f 3108/799/2 3073/798/2 3072/800/2
f 3109/801/2 3108/799/2 3072/800/2
f 3110/802/2 3109/801/2 3072/800/2
f 3111/803/2 3110/802/2 3072/800/2
f 3112/804/2 3111/803/2 3072/800/2
f 3113/805/2 3112/804/2 3072/800/2
f 3113/805/2 3072/800/2 3071/806/2
f 3114/807/2 3113/805/2 3071/806/2
f 3115/808/2 3114/807/2 3071/806/2
f 3116/809/2 3115/808/2 3071/806/2
f 3116/809/2 3071/806/2 3070/810/2
f 3117/811/2 3116/809/2 3070/810/2
f 3118/812/2 3117/811/2 3070/810/2
f 3118/812/2 3070/810/2 3069/813/2
f 3119/814/2 3118/812/2 3069/813/2
f 3120/815/2 3119/814/2 3069/813/2
f 3121/816/2 3120/815/2 3218/5/2
f 3218/5/2 3120/815/2 3069/813/2
f 3122/817/2 3121/816/2 3218/5/2
f 3123/818/2 3122/817/2 3218/5/2
f 3124/819/2 3123/818/2 3218/5/2
f 3125/820/2 3124/819/2 3218/5/2
f 3125/820/2 3218/5/2 3217/821/2
f 3182/822/2 3218/5/2 3069/813/2
f 3125/820/2 3217/821/2 3216/823/2
f 3126/824/2 3125/820/2 3216/823/2
f 3126/824/2 3216/823/2 3215/825/2
f 3127/826/2 3126/824/2 3215/825/2
f 3127/826/2 3215/825/2 3214/827/2
f 3128/828/2 3127/826/2 3214/827/2
f 3128/828/2 3214/827/2 3213/829/2
f 3128/828/2 3213/829/2 3212/830/2
f 3129/831/2 3128/828/2 3212/830/2
f 3129/831/2 3212/830/2 3211/832/2
f 3130/833/2 3129/831/2 3211/832/2
f 3130/833/2 3211/832/2 3210/834/2
f 3130/833/2 3210/834/2 3209/835/2
f 3131/836/2 3130/833/2 3209/835/2
f 3131/836/2 3209/835/2 3208/837/2
f 3131/836/2 3208/837/2 3207/838/2
f 3132/839/2 3131/836/2 3207/838/2
f 3132/839/2 3207/838/2 3206/840/2
f 3133/841/2 3132/839/2 3206/840/2
f 3133/841/2 3206/840/2 3205/842/2
f 3133/841/2 3205/842/2 3204/843/2
f 3134/844/2 3133/841/2 3204/843/2
f 3134/844/2 3204/843/2 3203/845/2
f 3134/844/2 3203/845/2 3202/846/2
f 3183/847/2 3182/822/2 3069/813/2
f 3135/848/2 3134/844/2 3202/846/2
f 3184/849/2 3183/847/2 3069/813/2
f 3135/848/2 3202/846/2 3201/850/2
f 3185/851/2 3184/849/2 3069/813/2
f 3046/852/2 3045/4/2 3181/853/2
f 3185/851/2 3069/813/2 3068/854/2
f 3135/848/2 3201/850/2 3200/855/2
f 3047/856/2 3046/852/2 3181/853/2
f 3186/857/2 3185/851/2 3068/854/2
f 3186/857/2 3068/854/2 3067/858/2
f 3048/859/2 3047/856/2 3181/853/2
f 3136/860/2 3135/848/2 3200/855/2
f 3136/860/2 3200/855/2 3199/861/2
f 3186/857/2 3067/858/2 3066/862/2
f 3187/863/2 3186/857/2 3066/862/2
f 3049/864/2 3048/859/2 3181/853/2
f 3187/863/2 3066/862/2 3065/865/2
f 3188/866/2 3187/863/2 3065/865/2
f 3050/867/2 3049/864/2 3181/853/2
f 3136/860/2 3199/861/2 3198/868/2
f 3188/866/2 3065/865/2 3064/869/2
f 3051/870/2 3050/867/2 3181/853/2
f 3189/871/2 3188/866/2 3064/869/2
f 3189/871/2 3064/869/2 3063/872/2
f 3052/873/2 3051/870/2 3181/853/2
f 3136/860/2 3198/868/2 3197/874/2
f 3189/871/2 3063/872/2 3062/875/2
f 3190/876/2 3189/871/2 3062/875/2
f 3053/877/2 3052/873/2 3181/853/2
f 3190/876/2 3062/875/2 3061/878/2
f 3137/879/2 3136/860/2 3197/874/2
f 3054/880/2 3053/877/2 3181/853/2
f 3137/879/2 3197/874/2 3196/881/2
f 3191/882/2 3190/876/2 3061/878/2
f 3191/882/2 3061/878/2 3060/883/2
f 3055/884/2 3054/880/2 3181/853/2
f 3191/882/2 3060/883/2 3059/885/2
f 3056/886/2 3055/884/2 3181/853/2
f 3192/887/2 3191/882/2 3059/885/2
f 3192/887/2 3059/885/2 3058/888/2
f 3057/889/2 3056/886/2 3181/853/2
f 3192/887/2 3058/888/2 3057/889/2
f 3137/879/2 3196/881/2 3195/890/2
f 3192/887/2 3057/889/2 3181/853/2
f 3193/891/2 3192/887/2 3181/853/2
f 3137/879/2 3195/890/2 3194/892/2
f 3194/892/2 3193/891/2 3181/853/2
f 3137/879/2 3194/892/2 3157/893/2
f 3157/893/2 3194/892/2 3181/853/2
f 3138/894/2 3137/879/2 3157/893/2
f 3138/894/2 3157/893/2 3156/895/2
f 3158/896/2 3157/893/2 3181/853/2
f 3139/897/2 3138/894/2 3156/895/2
f 3139/897/2 3156/895/2 3155/898/2
f 3159/899/2 3158/896/2 3181/853/2
f 3159/899/2 3181/853/2 3180/900/2
f 3140/901/2 3139/897/2 3155/898/2
f 3140/901/2 3155/898/2 3154/902/2
f 3160/903/2 3159/899/2 3180/900/2
f 3160/903/2 3180/900/2 3179/904/2
f 3140/901/2 3154/902/2 3153/905/2
f 3161/906/2 3160/903/2 3179/904/2
f 3141/907/2 3140/901/2 3153/905/2
f 3161/906/2 3179/904/2 3178/908/2
f 3141/907/2 3153/905/2 3152/909/2
f 3162/910/2 3161/906/2 3178/908/2
f 3162/910/2 3178/908/2 3177/911/2
f 3142/912/2 3141/907/2 3152/909/2
f 3142/912/2 3152/909/2 3151/913/2
f 3163/914/2 3162/910/2 3177/911/2
f 3163/914/2 3177/911/2 3176/915/2
f 3142/912/2 3151/913/2 3150/916/2
f 3164/917/2 3163/914/2 3176/915/2
f 3164/917/2 3176/915/2 3175/918/2
f 3143/919/2 3142/912/2 3150/916/2
f 3143/919/2 3150/916/2 3149/920/2
f 3165/921/2 3164/917/2 3175/918/2
f 3165/921/2 3175/918/2 3174/922/2
f 3143/919/2 3149/920/2 3148/923/2
f 3165/921/2 3174/922/2 3173/924/2
f 3166/925/2 3165/921/2 3173/924/2
f 3144/926/2 3143/919/2 3148/923/2
f 3166/925/2 3173/924/2 3172/927/2
f 3144/926/2 3148/923/2 3147/928/2
f 3167/929/2 3166/925/2 3172/927/2
f 3167/929/2 3172/927/2 3171/930/2
f 3144/926/2 3147/928/2 3146/931/2
f 3168/932/2 3167/929/2 3171/930/2
f 3145/933/2 3144/926/2 3146/931/2
f 3168/932/2 3171/930/2 3170/934/2
f 3169/935/2 3168/932/2 3170/934/2
f 3285/936/2 3284/938/2 3283/937/2
f 3285/936/2 3283/937/2 3282/939/2
f 3285/936/2 3282/939/2 3281/940/2
f 3285/936/2 3281/940/2 3280/941/2
f 3286/942/2 3285/936/2 3280/941/2
f 3286/942/2 3280/941/2 3279/943/2
f 3286/942/2 3279/943/2 3278/944/2
f 3286/942/2 3278/944/2 3277/945/2
f 3287/946/2 3286/942/2 3277/945/2
f 3287/946/2 3277/945/2 3276/947/2
f 3287/946/2 3276/947/2 3275/948/2
f 3288/949/2 3287/946/2 3275/948/2
f 3288/949/2 3275/948/2 3274/950/2
f 3288/949/2 3274/950/2 3273/951/2
f 3289/952/2 3288/949/2 3273/951/2
f 3289/952/2 3273/951/2 3272/953/2
f 3289/952/2 3272/953/2 3261/954/2
f 3261/954/2 3272/953/2 3262/955/2
f 3262/955/2 3272/953/2 3263/956/2
f 3263/956/2 3272/953/2 3264/957/2
f 3264/957/2 3272/953/2 3265/958/2
f 3265/958/2 3272/953/2 3266/959/2
f 3266/959/2 3272/953/2 3267/960/2
f 3267/960/2 3272/953/2 3268/961/2
f 3268/961/2 3272/953/2 3269/962/2
f 3269/962/2 3272/953/2 3270/963/2
f 3270/963/2 3272/953/2 3271/964/2
f 3290/965/2 3289/952/2 3259/966/2
f 3259/966/2 3289/952/2 3260/967/2
f 3260/967/2 3289/952/2 3261/954/2
f 3290/965/2 3259/966/2 3258/968/2
f 3290/965/2 3258/968/2 3257/969/2
f 3290/965/2 3257/969/2 3256/970/2
f 3291/971/2 3290/965/2 3256/970/2
f 3291/971/2 3256/970/2 3255/972/2
f 3291/971/2 3255/972/2 3254/973/2
f 3292/974/2 3291/971/2 3254/973/2
f 3292/974/2 3254/973/2 3253/975/2
f 3292/974/2 3253/975/2 3252/976/2
f 3293/977/2 3292/974/2 3252/976/2
f 3293/977/2 3252/976/2 3251/978/2
f 3294/979/2 3293/977/2 3251/978/2
f 3294/979/2 3251/978/2 3250/980/2
f 3294/979/2 3250/980/2 3249/981/2
f 3295/982/2 3294/979/2 3249/981/2
f 3295/982/2 3249/981/2 3248/983/2
f 3296/984/2 3295/982/2 3248/983/2
f 3296/984/2 3248/983/2 3247/985/2
f 3296/984/2 3247/985/2 3246/986/2
f 3297/987/2 3296/984/2 3246/986/2
f 3221/988/2 3220/989/2 3219/4/2
f 3221/988/2 3219/4/2 3222/990/2
f 3222/990/2 3219/4/2 3320/5/2
f 3297/987/2 3246/986/2 3245/991/2
f 3298/992/2 3297/987/2 3245/991/2
f 3298/992/2 3245/991/2 3244/993/2
f 3223/994/2 3222/990/2 3320/5/2
f 3299/995/2 3298/992/2 3244/993/2
f 3299/995/2 3244/993/2 3243/996/2
f 3299/995/2 3243/996/2 3242/997/2
f 3300/998/2 3299/995/2 3242/997/2
f 3300/998/2 3242/997/2 3241/999/2
f 3301/1000/2 3300/998/2 3241/999/2
f 3301/1000/2 3241/999/2 3240/1001/2
f 3301/1000/2 3240/1001/2 3239/1002/2
f 3302/1003/2 3301/1000/2 3239/1002/2
f 3302/1003/2 3239/1002/2 3238/1004/2
f 3224/1005/2 3223/994/2 3320/5/2
f 3225/1006/2 3224/1005/2 3320/5/2
f 3226/1007/2 3225/1006/2 3320/5/2
f 3302/1003/2 3238/1004/2 3237/1008/2
f 3227/1009/2 3226/1007/2 3320/5/2
f 3228/1010/2 3227/1009/2 3320/5/2
f 3229/1011/2 3228/1010/2 3320/5/2
f 3302/1003/2 3237/1008/2 3236/1012/2
f 3303/1013/2 3302/1003/2 3236/1012/2
f 3230/1014/2 3229/1011/2 3320/5/2
f 3231/1015/2 3230/1014/2 3320/5/2
f 3232/1016/2 3231/1015/2 3320/5/2
f 3303/1013/2 3236/1012/2 3235/1017/2
f 3233/1018/2 3232/1016/2 3320/5/2
f 3234/1019/2 3233/1018/2 3320/5/2
f 3235/1017/2 3234/1019/2 3320/5/2
f 3303/1013/2 3235/1017/2 3320/5/2
f 3304/1020/2 3303/1013/2 3320/5/2
f 3304/1020/2 3320/5/2 3319/1021/2
f 3304/1020/2 3319/1021/2 3318/1022/2
f 3305/1023/2 3304/1020/2 3318/1022/2
f 3305/1023/2 3318/1022/2 3317/1024/2
f 3305/1023/2 3317/1024/2 3316/1025/2
f 3306/1026/2 3305/1023/2 3316/1025/2
f 3306/1026/2 3316/1025/2 3315/1027/2
f 3306/1026/2 3315/1027/2 3314/1028/2
f 3306/1026/2 3314/1028/2 3313/1029/2
f 3307/1030/2 3306/1026/2 3313/1029/2
f 3307/1030/2 3313/1029/2 3312/1031/2
f 3307/1030/2 3312/1031/2 3311/1032/2
f 3307/1030/2 3311/1032/2 3310/1033/2
f 3308/1034/2 3307/1030/2 3310/1033/2
f 3308/1034/2 3310/1033/2 3309/1035/2
f 1/4/5 1662/3/5 2/3/5
f 12/5/6 1661/4/6 1/4/6
f 9/8/5 1670/6/5 10/6/5
f 25/15/7 1686/13/7 26/13/7
f 17/24/8 1678/23/8 18/23/8
f 105/35/9 1766/36/9 106/36/9
f 97/43/10 1758/41/10 98/41/10
f 33/49/11 1694/52/11 34/52/11
f 89/55/12 1750/53/12 90/53/12
f 81/69/13 1742/67/13 82/67/13
f 41/68/14 1702/70/14 42/70/14
f 65/78/15 1726/80/15 66/80/15
f 73/91/16 1734/92/16 74/92/16
f 57/98/17 1718/97/17 58/97/17
f 49/107/18 1710/108/18 50/108/18
f 113/109/19 1774/116/19 114/116/19
f 145/124/20 1806/123/20 146/123/20
f 153/126/21 1814/127/21 154/127/21
f 161/134/22 1822/8/22 162/8/22
f 137/12/23 1798/137/23 138/137/23
f 169/143/24 1830/144/24 170/144/24
f 129/154/25 1790/153/25 130/153/25
f 185/164/26 1846/163/26 186/163/26
f 193/165/27 1854/168/27 194/168/27
f 297/181/28 1958/182/28 298/182/28
f 289/184/29 1950/185/29 290/185/29
f 281/194/30 1942/193/30 282/193/30
f 201/198/31 1862/200/31 202/200/31
f 273/204/32 1934/202/32 274/202/32
f 265/217/33 1926/8/33 266/8/33
f 209/216/34 1870/218/34 210/218/34
f 217/233/35 1878/235/35 218/235/35
f 233/10/36 1894/234/36 234/234/36
f 225/248/37 1886/251/37 226/251/37
f 257/252/38 1918/250/38 258/250/38
f 241/254/39 1902/256/39 242/256/39
f 249/265/40 1910/266/40 250/266/40
f 313/268/41 1974/272/41 314/272/41
f 305/279/42 1966/277/42 306/277/42
f 425/287/43 2086/288/43 426/288/43
f 321/298/44 1982/300/44 322/300/44
f 417/305/45 2078/304/45 418/304/45
f 409/315/46 2070/314/46 410/314/46
f 401/325/47 2062/324/47 402/324/47
f 329/333/48 1990/336/48 330/336/48
f 393/337/49 2054/335/49 394/335/49
f 385/351/50 2046/349/50 386/349/50
f 337/356/51 1998/358/51 338/358/51
f 353/369/52 2014/366/52 354/366/52
f 345/373/53 2006/375/53 346/375/53
f 361/352/54 2022/383/54 362/383/54
f 377/387/55 2038/384/55 378/384/55
f 369/394/56 2030/396/56 370/396/56
f 441/276/57 2102/274/57 442/274/57
f 449/275/58 2110/278/58 450/278/58
f 561/289/59 2222/290/59 562/290/59
f 553/303/60 2214/301/60 554/301/60
f 545/312/61 2206/311/61 546/311/61
f 457/308/62 2118/313/62 458/313/62
f 537/322/63 2198/321/63 538/321/63
f 529/334/64 2190/332/64 530/332/64
f 465/338/65 2126/341/65 466/341/65
f 521/347/66 2182/345/66 522/345/66
f 473/360/67 2134/363/67 474/363/67
f 489/364/68 2150/362/68 490/362/68
f 481/377/69 2142/379/69 482/379/69
f 513/382/70 2174/381/70 514/381/70
f 497/385/71 2158/386/71 498/386/71
f 505/397/72 2166/399/72 506/399/72
f 601/407/73 2262/405/73 602/405/73
f 609/408/74 2270/359/74 610/359/74
f 657/419/75 2318/423/75 658/423/75
f 649/424/76 2310/421/76 650/421/76
f 665/440/77 2326/5/77 666/5/77
f 593/444/78 2254/443/78 594/443/78
f 617/115/79 2278/445/79 618/445/79
f 569/455/80 2230/458/80 570/458/80
f 585/461/81 2246/457/81 586/457/81
f 577/470/82 2238/472/82 578/472/82
f 625/476/83 2286/478/83 626/478/83
f 633/485/84 2294/483/84 634/483/84
f 705/493/85 2366/491/85 706/491/85
f 713/506/86 2374/508/86 714/508/86
f 697/509/87 2358/507/87 698/507/87
f 689/518/88 2350/519/88 690/519/88
f 681/527/89 2342/528/89 682/528/89
f 673/534/90 2334/535/90 674/535/90
f 745/124/20 2406/123/20 746/123/20
f 753/126/21 2414/127/21 754/127/21
f 761/134/22 2422/8/22 762/8/22
f 737/12/23 2398/137/23 738/137/23
f 769/143/24 2430/144/24 770/144/24
f 729/154/25 2390/153/25 730/153/25
f 785/554/91 2446/556/91 786/556/91
f 817/557/92 2478/555/92 818/555/92
f 793/570/93 2454/571/93 794/571/93
f 809/574/94 2470/572/94 810/572/94
f 801/585/95 2462/587/95 802/587/95
f 833/554/91 2494/556/91 834/556/91
f 865/557/92 2526/555/92 866/555/92
f 841/570/93 2502/571/93 842/571/93
f 857/574/94 2518/572/94 858/572/94
f 849/585/95 2510/587/95 850/587/95
f 881/554/96 2542/556/96 882/556/96
f 913/557/92 2574/555/92 914/555/92
f 889/570/93 2550/571/93 890/571/93
f 905/574/97 2566/572/97 906/572/97
f 897/585/95 2558/587/95 898/587/95
f 961/491/98 2622/492/98 962/492/98
f 953/507/99 2614/505/99 954/505/99
f 969/508/100 2630/511/100 970/511/100
f 945/519/101 2606/520/101 946/520/101
f 937/528/102 2598/524/102 938/524/102
f 929/535/103 2590/536/103 930/536/103
f 1017/406/104 2678/408/104 1018/408/104
f 1009/409/105 2670/407/105 1010/407/105
f 1065/417/106 2726/419/106 1066/419/106
f 1057/426/107 2718/424/107 1058/424/107
f 1073/438/108 2734/440/108 1074/440/108
f 1025/441/109 2686/115/109 1026/115/109
f 1001/446/19 2662/444/19 1002/444/19
f 977/4/110 2638/455/110 978/455/110
f 1050/456/6 2637/4/6 977/4/6
f 993/464/111 2654/461/111 994/461/111
f 985/469/112 2646/470/112 986/470/112
f 1049/475/113 2710/456/113 1050/456/113
f 1033/390/114 2694/476/114 1034/476/114
f 1041/486/115 2702/485/115 1042/485/115
f 1081/503/5 2742/5/5 1082/5/5
f 1121/114/116 2782/592/116 1122/592/116
f 1113/367/117 2774/594/117 1114/594/117
f 1145/600/118 2806/601/118 1146/601/118
f 1137/608/119 2798/387/119 1138/387/119
f 1129/616/120 2790/619/120 1130/619/120
f 1153/329/121 2814/621/121 1154/621/121
f 1177/629/122 2838/5/122 1178/5/122
f 1105/630/123 2766/627/123 1106/627/123
f 1161/639/124 2822/640/124 1162/640/124
f 1169/648/125 2830/646/125 1170/646/125
f 1089/644/126 2750/650/126 1090/650/126
f 1097/656/127 2758/298/127 1098/298/127
f 1217/400/128 2878/404/128 1218/404/128
f 1209/412/129 2870/410/129 1210/410/129
f 1265/414/130 2926/416/130 1266/416/130
f 1257/431/131 2918/428/131 1258/428/131
f 1273/432/132 2934/434/132 1274/434/132
f 1225/430/133 2886/435/133 1226/435/133
f 1201/449/134 2862/447/134 1202/447/134
f 1185/465/135 2846/467/135 1186/467/135
f 1233/460/136 2894/468/136 1234/468/136
f 1193/286/137 2854/466/137 1194/466/137
f 1249/334/138 2910/477/138 1250/477/138
f 1241/489/139 2902/487/139 1242/487/139
f 1369/667/140 3030/661/140 1370/661/140
f 1345/669/141 3006/664/141 1346/664/141
f 1377/682/142 3038/685/142 1378/685/142
f 1353/686/143 3014/690/143 1354/690/143
f 1361/698/144 3022/695/144 1362/695/144
f 1281/706/145 2942/707/145 1282/707/145
f 1289/714/146 2950/715/146 1290/715/146
f 1321/722/147 2982/725/147 1322/725/147
f 1297/730/148 2958/734/148 1298/734/148
f 1313/737/149 2974/735/149 1314/735/149
f 1337/744/150 2998/733/150 1338/733/150
f 1329/750/151 2990/756/151 1330/756/151
f 1305/759/152 2966/762/152 1306/762/152
f 1425/769/153 3086/770/153 1426/770/153
f 1417/776/154 3078/773/154 1418/773/154
f 1433/782/155 3094/784/155 1434/784/155
f 1441/791/156 3102/792/156 1442/792/156
f 1449/801/157 3110/802/157 1450/802/157
f 1457/811/158 3118/812/158 1458/812/158
f 1409/813/6 3070/810/6 1410/810/6
f 1465/820/159 3126/824/159 1466/824/159
f 1553/829/160 3214/827/160 1554/827/160
f 1545/842/161 3206/840/161 1546/840/161
f 1473/841/162 3134/844/162 1474/844/162
f 1385/4/163 3046/852/163 1386/852/163
f 1521/853/6 3045/4/6 1385/4/6
f 1537/874/164 3198/868/164 1538/868/164
f 1529/871/165 3190/876/165 1530/876/165
f 1401/878/166 3062/875/166 1402/875/166
f 1393/877/167 3054/880/167 1394/880/167
f 1497/893/168 3158/896/168 1498/896/168
f 1481/907/169 3142/912/169 1482/912/169
f 1489/920/170 3150/916/170 1490/916/170
f 1513/924/171 3174/922/171 1514/922/171
f 1505/921/172 3166/925/172 1506/925/172
f 1625/936/173 3286/942/173 1626/942/173
f 1617/945/174 3278/944/174 1618/944/174
f 1601/954/175 3262/955/175 1602/955/175
f 1609/962/176 3270/963/176 1610/963/176
f 1593/975/177 3254/973/177 1594/973/177
f 1633/977/178 3294/979/178 1634/979/178
f 1561/988/19 3222/990/19 1562/990/19
f 1585/991/179 3246/986/179 1586/986/179
f 1641/1000/180 3302/1003/180 1642/1003/180
f 1577/1008/181 3238/1004/181 1578/1004/181
f 1569/1011/182 3230/1014/182 1570/1014/182
f 1657/1024/183 3318/1022/183 1658/1022/183
f 1649/1035/184 3310/1033/184 1650/1033/184
f 2/3/152 1663/1/152 3/1/152
f 10/6/6 1671/2/6 11/2/6
f 26/13/185 1687/18/185 27/18/185
f 18/23/186 1679/21/186 19/21/186
f 106/36/187 1767/37/187 107/37/187
f 98/41/188 1759/42/188 99/42/188
f 90/53/189 1751/51/189 91/51/189
f 34/52/190 1695/54/190 35/54/190
f 82/67/191 1743/65/191 83/65/191
f 42/70/192 1703/77/192 43/77/192
f 66/80/193 1727/81/193 67/81/193
f 74/92/194 1735/89/194 75/89/194
f 58/97/195 1719/96/195 59/96/195
f 50/108/196 1711/106/196 51/106/196
f 114/116/197 1775/114/197 115/114/197
f 122/4/152 1783/118/152 123/118/152
f 150/120/5 1782/4/5 122/4/5
f 146/123/198 1807/10/198 147/10/198
f 154/127/199 1815/117/199 155/117/199
f 162/8/200 1823/136/200 163/136/200
f 138/137/201 1799/135/201 139/135/201
f 170/144/202 1831/146/202 171/146/202
f 130/153/203 1791/152/203 131/152/203
f 186/163/204 1847/161/204 187/161/204
f 194/168/205 1855/171/205 195/171/205
f 178/4/206 1839/173/206 179/173/206
f 298/182/207 1959/5/207 299/5/207
f 299/5/6 1838/4/6 178/4/6
f 290/185/208 1951/175/208 291/175/208
f 282/193/209 1943/192/209 283/192/209
f 274/202/210 1935/201/210 275/201/210
f 202/200/211 1863/203/211 203/203/211
f 266/8/212 1927/214/212 267/214/212
f 210/218/213 1871/12/213 211/12/213
f 234/234/214 1895/232/214 235/232/214
f 218/235/215 1879/236/215 219/236/215
f 258/250/216 1919/242/216 259/242/216
f 226/251/217 1887/249/217 227/249/217
f 242/256/218 1903/257/218 243/257/218
f 250/266/219 1911/267/219 251/267/219
f 314/272/220 1975/275/220 315/275/220
f 306/277/186 1967/276/186 307/276/186
f 426/288/221 2087/289/221 427/289/221
f 418/304/222 2079/303/222 419/303/222
f 322/300/223 1983/308/223 323/308/223
f 410/314/224 2071/312/224 411/312/224
f 402/324/225 2063/322/225 403/322/225
f 394/335/226 2055/334/226 395/334/226
f 330/336/227 1991/338/227 331/338/227
f 386/349/228 2047/347/228 387/347/228
f 338/358/229 1999/360/229 339/360/229
f 354/366/230 2015/364/230 355/364/230
f 346/375/231 2007/377/231 347/377/231
f 378/384/232 2039/382/232 379/382/232
f 362/383/233 2023/385/233 363/385/233
f 370/396/234 2031/397/234 371/397/234
f 442/274/235 2103/273/235 443/273/235
f 450/278/236 2111/281/236 451/281/236
f 434/4/237 2095/285/237 435/285/237
f 562/290/238 2223/291/238 563/291/238
f 567/5/6 2094/4/6 434/4/6
f 554/301/239 2215/302/239 555/302/239
f 546/311/240 2207/310/240 547/310/240
f 458/313/241 2119/317/241 459/317/241
f 538/321/242 2199/320/242 539/320/242
f 530/332/243 2191/330/243 531/330/243
f 466/341/244 2127/343/244 467/343/244
f 522/345/245 2183/344/245 523/344/245
f 490/362/246 2151/359/246 491/359/246
f 474/363/247 2135/365/247 475/365/247
f 482/379/248 2143/378/248 483/378/248
f 514/381/249 2175/380/249 515/380/249
f 498/386/250 2159/388/250 499/388/250
f 506/399/251 2167/398/251 507/398/251
f 602/405/252 2263/403/252 603/403/252
f 610/359/253 2271/411/253 611/411/253
f 650/421/254 2311/418/254 651/418/254
f 658/423/255 2319/425/255 659/425/255
f 642/442/256 2303/439/256 643/439/256
f 594/443/257 2255/436/257 595/436/257
f 666/5/5 2302/442/5 642/442/5
f 618/445/258 2279/448/258 619/448/258
f 586/457/259 2247/454/259 587/454/259
f 570/458/260 2231/459/260 571/459/260
f 578/472/261 2239/473/261 579/473/261
f 626/478/262 2287/481/262 627/481/262
f 634/483/263 2295/482/263 635/482/263
f 706/491/98 2367/492/98 707/492/98
f 698/507/99 2359/505/99 699/505/99
f 714/508/264 2375/511/264 715/511/264
f 690/519/265 2351/520/265 691/520/265
f 682/528/102 2343/524/102 683/524/102
f 674/535/103 2335/536/103 675/536/103
f 722/4/152 2383/118/152 723/118/152
f 750/120/5 2382/4/5 722/4/5
f 746/123/198 2407/10/198 747/10/198
f 754/127/199 2415/117/199 755/117/199
f 762/8/200 2423/136/200 763/136/200
f 738/137/201 2399/135/201 739/135/201
f 770/144/202 2431/146/202 771/146/202
f 730/153/203 2391/152/203 731/152/203
f 778/4/266 2439/542/266 779/542/266
f 825/5/267 2438/4/267 778/4/267
f 818/555/268 2479/553/268 819/553/268
f 786/556/269 2447/558/269 787/558/269
f 810/572/270 2471/569/270 811/569/270
f 794/571/271 2455/573/271 795/573/271
f 802/587/272 2463/586/272 803/586/272
f 826/4/266 2487/542/266 827/542/266
f 873/5/267 2486/4/267 826/4/267
f 866/555/268 2527/553/268 867/553/268
f 834/556/269 2495/558/269 835/558/269
f 858/572/270 2519/569/270 859/569/270
f 842/571/273 2503/573/273 843/573/273
f 850/587/272 2511/586/272 851/586/272
f 874/4/266 2535/542/266 875/542/266
f 921/5/267 2534/4/267 874/4/267
f 914/555/274 2575/553/274 915/553/274
f 882/556/269 2543/558/269 883/558/269
f 906/572/270 2567/569/270 907/569/270
f 890/571/273 2551/573/273 891/573/273
f 898/587/272 2559/586/272 899/586/272
f 962/492/275 2623/490/275 963/490/275
f 922/4/152 2583/501/152 923/501/152
f 976/5/5 2582/4/5 922/4/5
f 954/505/276 2615/504/276 955/504/276
f 970/511/277 2631/513/277 971/513/277
f 946/520/278 2607/521/278 947/521/278
f 938/524/279 2599/525/279 939/525/279
f 930/536/280 2591/537/280 931/537/280
f 1010/407/73 2671/405/73 1011/405/73
f 1018/408/74 2679/359/74 1019/359/74
f 1066/419/281 2727/423/281 1067/423/281
f 1058/424/76 2719/421/76 1059/421/76
f 1074/440/77 2735/5/77 1075/5/77
f 1002/444/78 2663/443/78 1003/443/78
f 1026/115/79 2687/445/79 1027/445/79
f 978/455/80 2639/458/80 979/458/80
f 994/461/81 2655/457/81 995/457/81
f 986/470/82 2647/472/82 987/472/82
f 1034/476/83 2695/478/83 1035/478/83
f 1042/485/84 2703/483/84 1043/483/84
f 1122/592/282 2783/362/282 1123/362/282
f 1114/594/283 2775/593/283 1115/593/283
f 1146/601/284 2807/605/284 1147/605/284
f 1138/387/285 2799/604/285 1139/604/285
f 1154/621/286 2815/624/286 1155/624/286
f 1106/627/287 2767/622/287 1107/622/287
f 1162/640/288 2823/311/288 1163/311/288
f 1170/646/289 2831/642/289 1171/642/289
f 1090/650/290 2751/654/290 1091/654/290
f 1098/298/291 2759/653/291 1099/653/291
f 1218/404/292 2879/406/292 1219/406/292
f 1210/410/293 2871/409/293 1211/409/293
f 1266/416/294 2927/417/294 1267/417/294
f 1258/428/295 2919/426/295 1259/426/295
f 1274/434/296 2935/438/296 1275/438/296
f 1226/435/297 2887/441/297 1227/441/297
f 1202/447/298 2863/446/298 1203/446/298
f 1194/466/299 2855/464/299 1195/464/299
f 1186/467/300 2847/469/300 1187/469/300
f 1234/468/301 2895/390/301 1235/390/301
f 1250/477/302 2911/475/302 1251/475/302
f 1242/487/303 2903/486/303 1243/486/303
f 1370/661/304 3031/662/304 1371/662/304
f 1346/664/305 3007/665/305 1347/665/305
f 1378/685/306 3039/689/306 1379/689/306
f 1354/690/307 3015/693/307 1355/693/307
f 1362/695/308 3023/691/308 1363/691/308
f 1282/707/309 2943/708/309 1283/708/309
f 1290/715/310 2951/716/310 1291/716/310
f 1322/725/311 2983/728/311 1323/728/311
f 1338/733/312 2999/705/312 1339/705/312
f 1314/735/313 2975/732/313 1315/732/313
f 1298/734/314 2959/738/314 1299/738/314
f 1330/756/315 2991/115/315 1331/115/315
f 1306/762/19 2967/755/19 1307/755/19
f 1426/770/316 3087/772/316 1427/772/316
f 1418/773/317 3079/771/317 1419/771/317
f 1434/784/152 3095/785/152 1435/785/152
f 1442/792/318 3103/793/318 1443/793/318
f 1450/802/319 3111/803/319 1451/803/319
f 1410/810/320 3071/806/320 1411/806/320
f 1458/812/321 3119/814/321 1459/814/321
f 1558/5/152 3182/822/152 1522/822/152
f 1466/824/322 3127/826/322 1467/826/322
f 1554/827/323 3215/825/323 1555/825/323
f 1546/840/324 3207/838/324 1547/838/324
f 1522/822/325 3183/847/325 1523/847/325
f 1474/844/326 3135/848/326 1475/848/326
f 1386/852/327 3047/856/327 1387/856/327
f 1538/868/328 3199/861/328 1539/861/328
f 1402/875/329 3063/872/329 1403/872/329
f 1530/876/330 3191/882/330 1531/882/330
f 1394/880/331 3055/884/331 1395/884/331
f 1498/896/332 3159/899/332 1499/899/332
f 1490/916/333 3151/913/333 1491/913/333
f 1482/912/334 3143/919/334 1483/919/334
f 1514/922/335 3175/918/335 1515/918/335
f 1506/925/336 3167/929/336 1507/929/336
f 1618/944/337 3279/943/337 1619/943/337
f 1626/942/338 3287/946/338 1627/946/338
f 1602/955/339 3263/956/339 1603/956/339
f 1610/963/340 3271/964/340 1611/964/340
f 1594/973/341 3255/972/341 1595/972/341
f 1634/979/342 3295/982/342 1635/982/342
f 1586/986/343 3247/985/343 1587/985/343
f 1562/990/152 3223/994/152 1563/994/152
f 1578/1004/344 3239/1002/344 1579/1002/344
f 1642/1003/345 3303/1013/345 1643/1013/345
f 1570/1014/346 3231/1015/346 1571/1015/346
f 1658/1022/347 3319/1021/347 1659/1021/347
f 1650/1033/348 3311/1032/348 1651/1032/348
f 11/2/19 1672/5/19 12/5/19
f 3/1/19 1664/12/19 4/12/19
f 19/21/349 1680/20/349 20/20/349
f 27/18/350 1688/22/350 28/22/350
f 107/37/351 1768/38/351 108/38/351
f 99/42/352 1760/30/352 100/30/352
f 91/51/353 1752/50/353 92/50/353
f 35/54/354 1696/57/354 36/57/354
f 83/65/355 1744/63/355 84/63/355
f 67/81/356 1728/83/356 68/83/356
f 43/77/357 1704/84/357 44/84/357
f 75/89/358 1736/86/358 76/86/358
f 59/96/359 1720/94/359 60/94/359
f 51/106/360 1712/105/360 52/105/360
f 115/114/19 1776/115/19 116/115/19
f 147/10/361 1808/122/361 148/122/361
f 155/117/362 1816/129/362 156/129/362
f 139/135/363 1800/131/363 140/131/363
f 163/136/364 1824/138/364 164/138/364
f 171/146/365 1832/2/365 172/2/365
f 131/152/366 1792/1/366 132/1/366
f 123/118/19 1784/157/19 124/157/19
f 187/161/367 1848/160/367 188/160/367
f 179/173/368 1840/172/368 180/172/368
f 195/171/369 1856/174/369 196/174/369
f 291/175/370 1952/176/370 292/176/370
f 283/192/371 1944/191/371 284/191/371
f 275/201/372 1936/199/372 276/199/372
f 203/203/373 1864/206/373 204/206/373
f 267/214/374 1928/212/374 268/212/374
f 211/12/375 1872/220/375 212/220/375
f 235/232/376 1896/229/376 236/229/376
f 219/236/377 1880/238/377 220/238/377
f 259/242/378 1920/237/378 260/237/378
f 227/249/379 1888/247/379 228/247/379
f 243/257/380 1904/7/380 244/7/380
f 251/267/381 1912/264/381 252/264/381
f 307/276/57 1968/274/57 308/274/57
f 315/275/58 1976/278/58 316/278/58
f 427/289/59 2088/290/59 428/290/59
f 419/303/60 2080/301/60 420/301/60
f 411/312/382 2072/311/382 412/311/382
f 323/308/62 1984/313/62 324/313/62
f 403/322/63 2064/321/63 404/321/63
f 395/334/383 2056/332/383 396/332/383
f 331/338/65 1992/341/65 332/341/65
f 387/347/66 2048/345/66 388/345/66
f 339/360/67 2000/363/67 340/363/67
f 355/364/68 2016/362/68 356/362/68
f 347/377/69 2008/379/69 348/379/69
f 379/382/70 2040/381/70 380/381/70
f 363/385/71 2024/386/71 364/386/71
f 371/397/72 2032/399/72 372/399/72
f 443/273/384 2104/271/384 444/271/384
f 451/281/385 2112/284/385 452/284/385
f 435/285/386 2096/283/386 436/283/386
f 563/291/387 2224/292/387 564/292/387
f 555/302/388 2216/299/388 556/299/388
f 547/310/389 2208/309/389 548/309/389
f 539/320/390 2200/319/390 540/319/390
f 459/317/391 2120/323/391 460/323/391
f 531/330/392 2192/329/392 532/329/392
f 523/344/393 2184/342/393 524/342/393
f 467/343/394 2128/346/394 468/346/394
f 491/359/395 2152/357/395 492/357/395
f 475/365/396 2136/367/396 476/367/396
f 483/378/397 2144/376/397 484/376/397
f 515/380/398 2176/368/398 516/368/398
f 499/388/399 2160/389/399 500/389/399
f 507/398/400 2168/395/400 508/395/400
f 603/403/401 2264/401/401 604/401/401
f 611/411/402 2272/413/402 612/413/402
f 651/418/403 2312/309/403 652/309/403
f 659/425/404 2320/427/404 660/427/404
f 595/436/405 2256/358/405 596/358/405
f 643/439/406 2304/437/406 644/437/406
f 619/448/407 2280/451/407 620/451/407
f 587/454/408 2248/452/408 588/452/408
f 571/459/409 2232/462/409 572/462/409
f 579/473/410 2240/474/410 580/474/410
f 635/482/411 2296/480/411 636/480/411
f 627/481/412 2288/484/412 628/484/412
f 707/492/275 2368/490/275 708/490/275
f 667/4/152 2328/501/152 668/501/152
f 721/5/5 2327/4/5 667/4/5
f 699/505/276 2360/504/276 700/504/276
f 715/511/277 2376/513/277 716/513/277
f 691/520/278 2352/521/278 692/521/278
f 683/524/279 2344/525/279 684/525/279
f 675/536/280 2336/537/280 676/537/280
f 747/10/361 2408/122/361 748/122/361
f 755/117/362 2416/129/362 756/129/362
f 739/135/363 2400/131/363 740/131/363
f 763/136/413 2424/138/413 764/138/413
f 771/146/365 2432/2/365 772/2/365
f 731/152/366 2392/1/366 732/1/366
f 723/118/19 2384/157/19 724/157/19
f 779/542/414 2440/544/414 780/544/414
f 819/553/415 2480/551/415 820/551/415
f 787/558/416 2448/560/416 788/560/416
f 811/569/417 2472/567/417 812/567/417
f 795/573/418 2456/575/418 796/575/418
f 803/586/419 2464/584/419 804/584/419
f 827/542/414 2488/544/414 828/544/414
f 867/553/415 2528/551/415 868/551/415
f 835/558/416 2496/560/416 836/560/416
f 859/569/417 2520/567/417 860/567/417
f 843/573/418 2504/575/418 844/575/418
f 851/586/419 2512/584/419 852/584/419
f 875/542/414 2536/544/414 876/544/414
f 915/553/415 2576/551/415 916/551/415
f 883/558/416 2544/560/416 884/560/416
f 907/569/417 2568/567/417 908/567/417
f 891/573/418 2552/575/418 892/575/418
f 899/586/419 2560/584/419 900/584/419
f 963/490/420 2624/494/420 964/494/420
f 955/504/421 2616/500/421 956/500/421
f 947/521/422 2608/522/422 948/522/422
f 971/513/423 2632/523/423 972/523/423
f 939/525/424 2600/514/424 940/514/424
f 931/537/425 2592/533/425 932/533/425
f 923/501/19 2584/541/19 924/541/19
f 1011/405/252 2672/403/252 1012/403/252
f 1019/359/253 2680/411/253 1020/411/253
f 1059/421/254 2720/418/254 1060/418/254
f 1067/423/255 2728/425/255 1068/425/255
f 1051/442/256 2712/439/256 1052/439/256
f 1003/443/257 2664/436/257 1004/436/257
f 1075/5/5 2711/442/5 1051/442/5
f 1027/445/258 2688/448/258 1028/448/258
f 995/457/259 2656/454/259 996/454/259
f 979/458/260 2640/459/260 980/459/260
f 987/472/261 2648/473/261 988/473/261
f 1035/478/262 2696/481/262 1036/481/262
f 1043/483/263 2704/482/263 1044/482/263
f 1115/593/426 2776/591/426 1116/591/426
f 1123/362/427 2784/595/427 1124/595/427
f 1139/604/428 2800/117/428 1140/117/428
f 1147/605/429 2808/340/429 1148/340/429
f 1107/622/430 2768/348/430 1108/348/430
f 1130/619/431 2743/4/431 1083/4/431
f 1131/623/432 2792/620/432 1132/620/432
f 1083/4/433 2744/625/433 1084/625/433
f 1178/5/434 2791/623/434 1131/623/434
f 1155/624/435 2816/626/435 1156/626/435
f 1171/642/436 2832/641/436 1172/641/436
f 1163/311/437 2824/645/437 1164/645/437
f 1099/653/438 2760/649/438 1100/649/438
f 1091/654/439 2752/655/439 1092/655/439
f 1219/406/104 2880/408/104 1220/408/104
f 1211/409/105 2872/407/105 1212/407/105
f 1267/417/106 2928/419/106 1268/419/106
f 1259/426/107 2920/424/107 1260/424/107
f 1275/438/108 2936/440/108 1276/440/108
f 1227/441/109 2888/115/109 1228/115/109
f 1203/446/19 2864/444/19 1204/444/19
f 1179/4/110 2840/455/110 1180/455/110
f 1252/456/6 2839/4/6 1179/4/6
f 1195/464/111 2856/461/111 1196/461/111
f 1187/469/112 2848/470/112 1188/470/112
f 1251/475/440 2912/456/440 1252/456/440
f 1235/390/114 2896/476/114 1236/476/114
f 1243/486/115 2904/485/115 1244/485/115
f 1371/662/441 3032/660/441 1372/660/441
f 1347/665/442 3008/663/442 1348/663/442
f 1363/691/443 3024/687/443 1364/687/443
f 1379/689/444 3040/692/444 1380/692/444
f 1355/693/445 3016/697/445 1356/697/445
f 1339/705/446 3000/700/446 1340/700/446
f 1283/708/447 2944/709/447 1284/709/447
f 1291/716/448 2952/717/448 1292/717/448
f 1323/728/75 2984/731/75 1324/731/75
f 1315/732/449 2976/729/449 1316/729/449
f 1299/738/450 2960/741/450 1300/741/450
f 1307/755/6 2968/751/6 1308/751/6
f 1331/115/451 2992/760/451 1332/760/451
f 1419/771/452 3080/768/452 1420/768/452
f 1427/772/453 3088/774/453 1428/774/453
f 1435/785/454 3096/786/454 1436/786/454
f 1443/793/455 3104/794/455 1444/794/455
f 1451/803/456 3112/804/456 1452/804/456
f 1411/806/457 3072/800/457 1412/800/457
f 1459/814/152 3120/815/152 1460/815/152
f 1555/825/458 3216/823/458 1556/823/458
f 1467/826/459 3128/828/459 1468/828/459
f 1547/838/460 3208/837/460 1548/837/460
f 1523/847/461 3184/849/461 1524/849/461
f 1387/856/462 3048/859/462 1388/859/462
f 1475/848/463 3136/860/463 1476/860/463
f 1539/861/464 3200/855/464 1540/855/464
f 1403/872/465 3064/869/465 1404/869/465
f 1395/884/466 3056/886/466 1396/886/466
f 1531/882/467 3192/887/467 1532/887/467
f 1499/899/468 3160/903/468 1500/903/468
f 1491/913/469 3152/909/469 1492/909/469
f 1515/918/470 3176/915/470 1516/915/470
f 1483/919/471 3144/926/471 1484/926/471
f 1507/929/472 3168/932/472 1508/932/472
f 1619/943/473 3280/941/473 1620/941/473
f 1627/946/474 3288/949/474 1628/949/474
f 1603/956/475 3264/957/475 1604/957/475
f 1611/964/6 3272/953/6 1612/953/6
f 1595/972/476 3256/970/476 1596/970/476
f 1635/982/477 3296/984/477 1636/984/477
f 1587/985/478 3248/983/478 1588/983/478
f 1579/1002/479 3240/1001/479 1580/1001/479
f 1563/994/480 3224/1005/480 1564/1005/480
f 1571/1015/481 3232/1016/481 1572/1016/481
f 1643/1013/482 3304/1020/482 1644/1020/482
f 1659/1021/483 3320/5/483 1660/5/483
f 1651/1032/484 3312/1031/484 1652/1031/484
f 4/12/6 1665/11/6 5/11/6
f 20/20/485 1681/19/485 21/19/485
f 28/22/486 1689/26/486 29/26/486
f 100/30/487 1761/31/487 101/31/487
f 108/38/488 1769/39/488 109/39/488
f 92/50/489 1753/48/489 93/48/489
f 36/57/490 1697/59/490 37/59/490
f 84/63/491 1745/61/491 85/61/491
f 68/83/492 1729/85/492 69/85/492
f 76/86/493 1737/82/493 77/82/493
f 44/84/494 1705/93/494 45/93/494
f 60/94/495 1721/73/495 61/73/495
f 52/105/496 1713/104/496 53/104/496
f 116/115/497 1777/117/497 117/117/497
f 148/122/498 1809/121/498 149/121/498
f 156/129/499 1817/9/499 157/9/499
f 140/131/500 1801/128/500 141/128/500
f 164/138/501 1825/139/501 165/139/501
f 172/2/502 1833/147/502 173/147/502
f 132/1/503 1793/109/503 133/109/503
f 124/157/6 1785/151/6 125/151/6
f 188/160/504 1849/3/504 189/3/504
f 180/172/505 1841/170/505 181/170/505
f 292/176/506 1953/177/506 293/177/506
f 196/174/507 1857/183/507 197/183/507
f 284/191/508 1945/190/508 285/190/508
f 276/199/509 1937/6/509 277/6/509
f 204/206/510 1865/208/510 205/208/510
f 268/212/511 1929/210/511 269/210/511
f 212/220/512 1873/221/512 213/221/512
f 236/229/513 1897/225/513 237/225/513
f 260/237/514 1921/231/514 261/231/514
f 220/238/515 1881/240/515 221/240/515
f 228/247/516 1889/245/516 229/245/516
f 244/7/517 1905/259/517 245/259/517
f 252/264/518 1913/261/518 253/261/518
f 308/274/235 1969/273/235 309/273/235
f 316/278/236 1977/281/236 317/281/236
f 300/4/237 1961/285/237 301/285/237
f 428/290/238 2089/291/238 429/291/238
f 433/5/6 1960/4/6 300/4/6
f 420/301/239 2081/302/239 421/302/239
f 412/311/240 2073/310/240 413/310/240
f 324/313/519 1985/317/519 325/317/519
f 404/321/242 2065/320/242 405/320/242
f 396/332/243 2057/330/243 397/330/243
f 332/341/244 1993/343/244 333/343/244
f 388/345/245 2049/344/245 389/344/245
f 356/362/246 2017/359/246 357/359/246
f 340/363/247 2001/365/247 341/365/247
f 348/379/248 2009/378/248 349/378/248
f 380/381/249 2041/380/249 381/380/249
f 364/386/520 2025/388/520 365/388/520
f 372/399/251 2033/398/251 373/398/251
f 444/271/521 2105/269/521 445/269/521
f 436/283/522 2097/282/522 437/282/522
f 452/284/523 2113/286/523 453/286/523
f 564/292/524 2225/293/524 565/293/524
f 556/299/525 2217/296/525 557/296/525
f 548/309/526 2209/307/526 549/307/526
f 540/319/527 2201/318/527 541/318/527
f 460/323/528 2121/327/528 461/327/528
f 532/329/529 2193/328/529 533/328/529
f 524/342/530 2185/340/530 525/340/530
f 468/346/531 2129/348/531 469/348/531
f 492/357/532 2153/353/532 493/353/532
f 516/368/533 2177/361/533 517/361/533
f 476/367/534 2137/370/534 477/370/534
f 484/376/535 2145/374/535 485/374/535
f 500/389/536 2161/391/536 501/391/536
f 508/395/537 2169/392/537 509/392/537
f 604/401/538 2265/402/538 605/402/538
f 652/309/539 2313/415/539 653/415/539
f 612/413/540 2273/422/540 613/422/540
f 660/427/541 2321/429/541 661/429/541
f 596/358/542 2257/420/542 597/420/542
f 644/437/543 2305/433/543 645/433/543
f 588/452/544 2249/450/544 589/450/544
f 620/451/545 2281/453/545 621/453/545
f 572/462/546 2233/463/546 573/463/546
f 580/474/547 2241/471/547 581/471/547
f 636/480/548 2297/479/548 637/479/548
f 628/484/549 2289/488/549 629/488/549
f 708/490/420 2369/494/420 709/494/420
f 700/504/421 2361/500/421 701/500/421
f 692/521/550 2353/522/550 693/522/550
f 716/513/423 2377/523/423 717/523/423
f 684/525/424 2345/514/424 685/514/424
f 676/537/551 2337/533/551 677/533/551
f 668/501/19 2329/541/19 669/541/19
f 748/122/498 2409/121/498 749/121/498
f 756/129/499 2417/9/499 757/9/499
f 740/131/500 2401/128/500 741/128/500
f 764/138/501 2425/139/501 765/139/501
f 772/2/502 2433/147/502 773/147/502
f 732/1/503 2393/109/503 733/109/503
f 724/157/6 2385/151/6 725/151/6
f 780/544/552 2441/546/552 781/546/552
f 820/551/553 2481/549/553 821/549/553
f 788/560/554 2449/562/554 789/562/554
f 812/567/555 2473/566/555 813/566/555
f 796/575/556 2457/577/556 797/577/556
f 804/584/557 2465/582/557 805/582/557
f 828/544/552 2489/546/552 829/546/552
f 868/551/553 2529/549/553 869/549/553
f 836/560/554 2497/562/554 837/562/554
f 860/567/555 2521/566/555 861/566/555
f 844/575/556 2505/577/556 845/577/556
f 852/584/557 2513/582/557 853/582/557
f 876/544/552 2537/546/552 877/546/552
f 916/551/553 2577/549/553 917/549/553
f 884/560/554 2545/562/554 885/562/554
f 908/567/555 2569/566/555 909/566/555
f 892/575/556 2553/577/556 893/577/556
f 900/584/557 2561/582/557 901/582/557
f 964/494/558 2625/496/558 965/496/558
f 956/500/559 2617/498/559 957/498/559
f 940/514/560 2601/515/560 941/515/560
f 948/522/561 2609/115/561 949/115/561
f 972/523/562 2633/526/562 973/526/562
f 932/533/563 2593/532/563 933/532/563
f 924/541/6 2585/540/6 925/540/6
f 1012/403/401 2673/401/401 1013/401/401
f 1020/411/402 2681/413/402 1021/413/402
f 1060/418/403 2721/309/403 1061/309/403
f 1068/425/404 2729/427/404 1069/427/404
f 1004/436/405 2665/358/405 1005/358/405
f 1052/439/406 2713/437/406 1053/437/406
f 1028/448/407 2689/451/407 1029/451/407
f 996/454/408 2657/452/408 997/452/408
f 980/459/409 2641/462/409 981/462/409
f 988/473/410 2649/474/410 989/474/410
f 1044/482/411 2705/480/411 1045/480/411
f 1036/481/412 2697/484/412 1037/484/412
f 1082/5/564 2736/4/564 1076/4/564
f 1076/4/19 2737/537/19 1077/537/19
f 1116/591/565 2777/590/565 1117/590/565
f 1124/595/566 2785/596/566 1125/596/566
f 1140/117/567 2801/599/567 1141/599/567
f 1148/340/568 2809/609/568 1149/609/568
f 1108/348/569 2769/615/569 1109/615/569
f 1132/620/570 2793/396/570 1133/396/570
f 1156/626/571 2817/628/571 1157/628/571
f 1084/625/572 2745/631/572 1085/631/572
f 1172/641/573 2833/288/573 1173/288/573
f 1164/645/574 2825/647/574 1165/647/574
f 1100/649/575 2761/643/575 1101/643/575
f 1092/655/576 2753/272/576 1093/272/576
f 1212/407/73 2873/405/73 1213/405/73
f 1220/408/74 2881/359/74 1221/359/74
f 1268/419/281 2929/423/281 1269/423/281
f 1260/424/76 2921/421/76 1261/421/76
f 1276/440/77 2937/5/77 1277/5/77
f 1204/444/78 2865/443/78 1205/443/78
f 1228/115/79 2889/445/79 1229/445/79
f 1180/455/80 2841/458/80 1181/458/80
f 1196/461/81 2857/457/81 1197/457/81
f 1188/470/82 2849/472/82 1189/472/82
f 1236/476/83 2897/478/83 1237/478/83
f 1244/485/84 2905/483/84 1245/483/84
f 1372/660/577 3033/666/577 1373/666/577
f 1348/663/578 3009/668/578 1349/668/578
f 1364/687/579 3025/684/579 1365/684/579
f 1380/692/580 3041/696/580 1381/696/580
f 1340/700/581 3001/694/581 1341/694/581
f 1356/697/582 3017/701/582 1357/701/582
f 1284/709/583 2945/710/583 1285/710/583
f 1292/717/584 2953/718/584 1293/718/584
f 1316/729/585 2977/726/585 1317/726/585
f 1324/731/586 2985/736/586 1325/736/586
f 1300/741/587 2961/745/587 1301/745/587
f 1308/751/588 2969/748/588 1309/748/588
f 1332/760/152 2993/763/152 1333/763/152
f 1420/768/589 3081/765/589 1421/765/589
f 1428/774/590 3089/775/590 1429/775/590
f 1436/786/591 3097/787/591 1437/787/591
f 1444/794/592 3105/795/592 1445/795/592
f 1412/800/593 3073/798/593 1413/798/593
f 1452/804/594 3113/805/594 1453/805/594
f 1460/815/595 3121/816/595 1461/816/595
f 1556/823/596 3217/821/596 1557/821/596
f 1468/828/597 3129/831/597 1469/831/597
f 1548/837/598 3209/835/598 1549/835/598
f 1524/849/599 3185/851/599 1525/851/599
f 1540/855/600 3201/850/600 1541/850/600
f 1388/859/601 3049/864/601 1389/864/601
f 1404/869/602 3065/865/602 1405/865/602
f 1476/860/603 3137/879/603 1477/879/603
f 1396/886/604 3057/889/604 1397/889/604
f 1532/887/605 3193/891/605 1533/891/605
f 1500/903/606 3161/906/606 1501/906/606
f 1492/909/607 3153/905/607 1493/905/607
f 1516/915/608 3177/911/608 1517/911/608
f 1484/926/609 3145/933/609 1485/933/609
f 1508/932/610 3169/935/610 1509/935/610
f 1620/941/611 3281/940/611 1621/940/611
f 1628/949/612 3289/952/612 1629/952/612
f 1612/953/613 3273/951/613 1613/951/613
f 1604/957/614 3265/958/614 1605/958/614
f 1596/970/615 3257/969/615 1597/969/615
f 1588/983/616 3249/981/616 1589/981/616
f 1636/984/617 3297/987/617 1637/987/617
f 1580/1001/618 3241/999/618 1581/999/618
f 1564/1005/619 3225/1006/619 1565/1006/619
f 1572/1016/620 3233/1018/620 1573/1018/620
f 1644/1020/621 3305/1023/621 1645/1023/621
f 1652/1031/622 3313/1029/622 1653/1029/622
f 5/11/5 1666/10/5 6/10/5
f 21/19/623 1682/17/623 22/17/623
f 13/4/624 1674/28/624 14/28/624
f 29/26/625 1690/29/625 30/29/625
f 101/31/626 1762/32/626 102/32/626
f 109/39/627 1770/5/627 110/5/627
f 110/5/6 1673/4/6 13/4/6
f 93/48/628 1754/47/628 94/47/628
f 85/61/629 1746/60/629 86/60/629
f 37/59/630 1698/62/630 38/62/630
f 61/73/6 1722/74/6 62/74/6
f 77/82/631 1738/79/631 78/79/631
f 69/85/632 1730/87/632 70/87/632
f 45/93/633 1706/95/633 46/95/633
f 53/104/634 1714/102/634 54/102/634
f 117/117/19 1778/112/19 118/112/19
f 149/121/635 1810/120/635 150/120/635
f 141/128/636 1802/11/636 142/11/636
f 157/9/637 1818/130/637 158/130/637
f 165/139/638 1826/111/638 166/111/638
f 173/147/639 1834/148/639 174/148/639
f 133/109/640 1794/145/640 134/145/640
f 125/151/19 1786/156/19 126/156/19
f 189/3/641 1850/159/641 190/159/641
f 181/170/642 1842/169/642 182/169/642
f 293/177/643 1954/178/643 294/178/643
f 197/183/644 1858/186/644 198/186/644
f 285/190/645 1946/189/645 286/189/645
f 277/6/646 1938/197/646 278/197/646
f 269/210/647 1930/209/647 270/209/647
f 205/208/648 1866/211/648 206/211/648
f 213/221/649 1874/223/649 214/223/649
f 237/225/650 1898/226/650 238/226/650
f 261/231/651 1922/227/651 262/227/651
f 221/240/652 1882/11/652 222/11/652
f 229/245/653 1890/243/653 230/243/653
f 245/259/654 1906/260/654 246/260/654
f 253/261/655 1914/258/655 254/258/655
f 309/273/384 1970/271/384 310/271/384
f 317/281/385 1978/284/385 318/284/385
f 301/285/386 1962/283/386 302/283/386
f 429/291/387 2090/292/387 430/292/387
f 421/302/388 2082/299/388 422/299/388
f 413/310/389 2074/309/389 414/309/389
f 405/320/390 2066/319/390 406/319/390
f 325/317/391 1986/323/391 326/323/391
f 397/330/392 2058/329/392 398/329/392
f 389/344/393 2050/342/393 390/342/393
f 333/343/394 1994/346/394 334/346/394
f 357/359/395 2018/357/395 358/357/395
f 341/365/396 2002/367/396 342/367/396
f 349/378/397 2010/376/397 350/376/397
f 381/380/398 2042/368/398 382/368/398
f 365/388/399 2026/389/399 366/389/399
f 373/398/400 2034/395/400 374/395/400
f 445/269/656 2106/270/656 446/270/656
f 437/282/657 2098/280/657 438/280/657
f 565/293/227 2226/294/227 566/294/227
f 453/286/658 2114/295/658 454/295/658
f 557/296/659 2218/297/659 558/297/659
f 549/307/660 2210/306/660 550/306/660
f 541/318/661 2202/316/661 542/316/661
f 533/328/662 2194/326/662 534/326/662
f 461/327/663 2122/331/663 462/331/663
f 525/340/664 2186/339/664 526/339/664
f 469/348/665 2130/350/665 470/350/665
f 493/353/666 2154/354/666 494/354/666
f 517/361/667 2178/355/667 518/355/667
f 477/370/668 2138/371/668 478/371/668
f 485/374/669 2146/372/669 486/372/669
f 509/392/670 2170/390/670 510/390/670
f 501/391/671 2162/393/671 502/393/671
f 605/402/672 2266/400/672 606/400/672
f 653/415/673 2314/414/673 654/414/673
f 597/420/674 2258/412/674 598/412/674
f 613/422/675 2274/430/675 614/430/675
f 661/429/676 2322/432/676 662/432/676
f 645/433/677 2306/431/677 646/431/677
f 589/450/678 2250/449/678 590/449/678
f 621/453/679 2282/460/679 622/460/679
f 573/463/680 2234/465/680 574/465/680
f 581/471/681 2242/286/681 582/286/681
f 637/479/682 2298/334/682 638/334/682
f 629/488/683 2290/489/683 630/489/683
f 709/494/558 2370/496/558 710/496/558
f 701/500/559 2362/498/559 702/498/559
f 685/514/684 2346/515/684 686/515/684
f 693/522/561 2354/115/561 694/115/561
f 717/523/562 2378/526/562 718/526/562
f 677/533/563 2338/532/563 678/532/563
f 669/541/6 2330/540/6 670/540/6
f 749/121/635 2410/120/635 750/120/635
f 741/128/636 2402/11/636 742/11/636
f 757/9/637 2418/130/637 758/130/637
f 765/139/638 2426/111/638 766/111/638
f 773/147/639 2434/148/639 774/148/639
f 733/109/640 2394/145/640 734/145/640
f 725/151/19 2386/156/19 726/156/19
f 781/546/685 2442/548/685 782/548/685
f 821/549/686 2482/547/686 822/547/686
f 789/562/687 2450/564/687 790/564/687
f 813/566/688 2474/563/688 814/563/688
f 797/577/689 2458/579/689 798/579/689
f 805/582/690 2466/580/690 806/580/690
f 829/546/685 2490/548/685 830/548/685
f 869/549/691 2530/547/691 870/547/691
f 837/562/687 2498/564/687 838/564/687
f 861/566/688 2522/563/688 862/563/688
f 845/577/689 2506/579/689 846/579/689
f 853/582/690 2514/580/690 854/580/690
f 877/546/685 2538/548/685 878/548/685
f 917/549/691 2578/547/691 918/547/691
f 885/562/687 2546/564/687 886/564/687
f 909/566/692 2570/563/692 910/563/692
f 893/577/689 2554/579/689 894/579/689
f 901/582/690 2562/580/690 902/580/690
f 957/498/693 2618/497/693 958/497/693
f 965/496/694 2626/499/694 966/499/694
f 941/515/695 2602/516/695 942/516/695
f 949/115/696 2610/512/696 950/512/696
f 973/526/697 2634/531/697 974/531/697
f 933/532/698 2594/530/698 934/530/698
f 925/540/699 2586/539/699 926/539/699
f 1013/401/538 2674/402/538 1014/402/538
f 1061/309/539 2722/415/539 1062/415/539
f 1021/413/540 2682/422/540 1022/422/540
f 1069/427/541 2730/429/541 1070/429/541
f 1005/358/542 2666/420/542 1006/420/542
f 1053/437/543 2714/433/543 1054/433/543
f 997/452/544 2658/450/544 998/450/544
f 1029/451/545 2690/453/545 1030/453/545
f 981/462/546 2642/463/546 982/463/546
f 989/474/547 2650/471/547 990/471/547
f 1045/480/548 2706/479/548 1046/479/548
f 1037/484/549 2698/488/549 1038/488/549
f 1077/537/700 2738/514/700 1078/514/700
f 1117/590/701 2778/378/701 1118/378/701
f 1141/599/702 2802/597/702 1142/597/702
f 1125/596/703 2786/603/703 1126/603/703
f 1149/609/704 2810/611/704 1150/611/704
f 1109/615/705 2770/612/705 1110/612/705
f 1133/396/706 2794/617/706 1134/617/706
f 1157/628/707 2818/320/707 1158/320/707
f 1085/631/708 2746/634/708 1086/634/708
f 1173/288/709 2834/638/709 1174/638/709
f 1101/643/710 2762/109/710 1102/109/710
f 1165/647/711 2826/651/711 1166/651/711
f 1093/272/712 2754/658/712 1094/658/712
f 1213/405/252 2874/403/252 1214/403/252
f 1221/359/253 2882/411/253 1222/411/253
f 1261/421/254 2922/418/254 1262/418/254
f 1269/423/255 2930/425/255 1270/425/255
f 1253/442/256 2914/439/256 1254/439/256
f 1205/443/257 2866/436/257 1206/436/257
f 1277/5/5 2913/442/5 1253/442/5
f 1229/445/258 2890/448/258 1230/448/258
f 1197/457/259 2858/454/259 1198/454/259
f 1181/458/260 2842/459/260 1182/459/260
f 1189/472/261 2850/473/261 1190/473/261
f 1237/478/262 2898/481/262 1238/481/262
f 1245/483/263 2906/482/263 1246/482/263
f 1373/666/713 3034/670/713 1374/670/713
f 1349/668/714 3010/672/714 1350/672/714
f 1365/684/715 3026/680/715 1366/680/715
f 1341/694/716 3002/688/716 1342/688/716
f 1381/696/717 3042/699/717 1382/699/717
f 1357/701/718 3018/703/718 1358/703/718
f 1285/710/719 2946/711/719 1286/711/719
f 1293/718/720 2954/721/720 1294/721/720
f 1317/726/721 2978/723/721 1318/723/721
f 1325/736/722 2986/739/722 1326/739/722
f 1309/748/723 2970/746/723 1310/746/723
f 1301/745/724 2962/749/724 1302/749/724
f 1333/763/19 2994/761/19 1334/761/19
f 1421/765/725 3082/766/725 1422/766/725
f 1429/775/726 3090/777/726 1430/777/726
f 1437/787/727 3098/788/727 1438/788/727
f 1445/795/728 3106/796/728 1446/796/728
f 1413/798/729 3074/783/729 1414/783/729
f 1453/805/730 3114/807/730 1454/807/730
f 1461/816/731 3122/817/731 1462/817/731
f 1557/821/732 3218/5/732 1558/5/732
f 1469/831/733 3130/833/733 1470/833/733
f 1549/835/734 3210/834/734 1550/834/734
f 1541/850/735 3202/846/735 1542/846/735
f 1525/851/736 3186/857/736 1526/857/736
f 1405/865/737 3066/862/737 1406/862/737
f 1389/864/738 3050/867/738 1390/867/738
f 1397/889/739 3058/888/739 1398/888/739
f 1533/891/740 3194/892/740 1534/892/740
f 1477/879/741 3138/894/741 1478/894/741
f 1493/905/742 3154/902/742 1494/902/742
f 1501/906/743 3162/910/743 1502/910/743
f 1517/911/744 3178/908/744 1518/908/744
f 1485/933/745 3146/931/745 1486/931/745
f 1509/935/746 3170/934/746 1510/934/746
f 1621/940/747 3282/939/747 1622/939/747
f 1613/951/748 3274/950/748 1614/950/748
f 1605/958/749 3266/959/749 1606/959/749
f 1629/952/750 3290/965/750 1630/965/750
f 1597/969/751 3258/968/751 1598/968/751
f 1589/981/752 3250/980/752 1590/980/752
f 1637/987/753 3298/992/753 1638/992/753
f 1581/999/754 3242/997/754 1582/997/754
f 1565/1006/755 3226/1007/755 1566/1007/755
f 1573/1018/756 3234/1019/756 1574/1019/756
f 1645/1023/757 3306/1026/757 1646/1026/757
f 1653/1029/758 3314/1028/758 1654/1028/758
f 6/10/6 1667/7/6 7/7/6
f 22/17/759 1683/16/759 23/16/759
f 14/28/760 1675/27/760 15/27/760
f 102/32/761 1763/33/761 103/33/761
f 30/29/762 1691/40/762 31/40/762
f 94/47/763 1755/45/763 95/45/763
f 86/60/764 1747/58/764 87/58/764
f 38/62/765 1699/64/765 39/64/765
f 62/74/766 1723/72/766 63/72/766
f 78/79/767 1739/75/767 79/75/767
f 70/87/768 1731/88/768 71/88/768
f 46/95/769 1707/99/769 47/99/769
f 54/102/770 1715/101/770 55/101/770
f 142/11/771 1803/125/771 143/125/771
f 158/130/772 1819/132/772 159/132/772
f 166/111/773 1827/6/773 167/6/773
f 134/145/774 1795/142/774 135/142/774
f 174/148/775 1835/149/775 175/149/775
f 126/156/776 1787/3/776 127/3/776
f 190/159/442 1851/158/442 191/158/442
f 182/169/777 1843/167/777 183/167/777
f 294/178/778 1955/179/778 295/179/778
f 198/186/779 1859/188/779 199/188/779
f 286/189/780 1947/187/780 287/187/780
f 278/197/781 1939/196/781 279/196/781
f 270/209/782 1931/207/782 271/207/782
f 206/211/783 1867/213/783 207/213/783
f 238/226/152 1899/224/152 239/224/152
f 262/227/784 1923/222/784 263/222/784
f 214/223/785 1875/228/785 215/228/785
f 230/243/786 1891/241/786 231/241/786
f 222/11/787 1883/244/787 223/244/787
f 254/258/788 1915/9/788 255/9/788
f 246/260/789 1907/262/789 247/262/789
f 310/271/521 1971/269/521 311/269/521
f 302/283/522 1963/282/522 303/282/522
f 318/284/523 1979/286/523 319/286/523
f 430/292/524 2091/293/524 431/293/524
f 422/299/525 2083/296/525 423/296/525
f 414/309/790 2075/307/790 415/307/790
f 406/319/527 2067/318/527 407/318/527
f 326/323/528 1987/327/528 327/327/528
f 398/329/529 2059/328/529 399/328/529
f 390/342/530 2051/340/530 391/340/530
f 334/346/531 1995/348/531 335/348/531
f 358/357/532 2019/353/532 359/353/532
f 382/368/533 2043/361/533 383/361/533
f 342/367/534 2003/370/534 343/370/534
f 350/376/535 2011/374/535 351/374/535
f 366/389/536 2027/391/536 367/391/536
f 374/395/537 2035/392/537 375/392/537
f 446/270/791 2107/268/791 447/268/791
f 438/280/792 2099/279/792 439/279/792
f 566/294/793 2227/5/793 567/5/793
f 558/297/794 2219/287/794 559/287/794
f 454/295/795 2115/298/795 455/298/795
f 550/306/796 2211/305/796 551/305/796
f 542/316/797 2203/315/797 543/315/797
f 534/326/798 2195/325/798 535/325/798
f 462/331/799 2123/333/799 463/333/799
f 526/339/800 2187/337/800 527/337/800
f 494/354/152 2155/352/152 495/352/152
f 518/355/801 2179/351/801 519/351/801
f 470/350/802 2131/356/802 471/356/802
f 486/372/803 2147/369/803 487/369/803
f 478/371/804 2139/373/804 479/373/804
f 510/390/805 2171/387/805 511/387/805
f 502/393/806 2163/394/806 503/394/806
f 606/400/128 2267/404/128 607/404/128
f 598/412/129 2259/410/129 599/410/129
f 654/414/130 2315/416/130 655/416/130
f 646/431/131 2307/428/131 647/428/131
f 662/432/132 2323/434/132 663/434/132
f 614/430/133 2275/435/133 615/435/133
f 590/449/134 2251/447/134 591/447/134
f 574/465/135 2235/467/135 575/467/135
f 622/460/136 2283/468/136 623/468/136
f 582/286/137 2243/466/137 583/466/137
f 638/334/138 2299/477/138 639/477/138
f 630/489/139 2291/487/139 631/487/139
f 702/498/693 2363/497/693 703/497/693
f 710/496/694 2371/499/694 711/499/694
f 686/515/695 2347/516/695 687/516/695
f 694/115/696 2355/512/696 695/512/696
f 718/526/697 2379/531/697 719/531/697
f 678/532/698 2339/530/698 679/530/698
f 670/540/699 2331/539/699 671/539/699
f 742/11/771 2403/125/771 743/125/771
f 758/130/772 2419/132/772 759/132/772
f 766/111/773 2427/6/773 767/6/773
f 734/145/774 2395/142/774 735/142/774
f 774/148/775 2435/149/775 775/149/775
f 726/156/776 2387/3/776 727/3/776
f 822/547/807 2483/545/807 823/545/807
f 782/548/808 2443/550/808 783/550/808
f 814/563/809 2475/561/809 815/561/809
f 790/564/810 2451/565/810 791/565/810
f 806/580/811 2467/578/811 807/578/811
f 798/579/812 2459/581/812 799/581/812
f 870/547/807 2531/545/807 871/545/807
f 830/548/808 2491/550/808 831/550/808
f 862/563/809 2523/561/809 863/561/809
f 838/564/810 2499/565/810 839/565/810
f 854/580/813 2515/578/813 855/578/813
f 846/579/812 2507/581/812 847/581/812
f 918/547/807 2579/545/807 919/545/807
f 878/548/808 2539/550/808 879/550/808
f 910/563/809 2571/561/809 911/561/809
f 886/564/810 2547/565/810 887/565/810
f 902/580/813 2563/578/813 903/578/813
f 894/579/812 2555/581/812 895/581/812
f 958/497/814 2619/495/814 959/495/814
f 966/499/815 2627/503/815 967/503/815
f 950/512/816 2611/510/816 951/510/816
f 942/516/817 2603/517/817 943/517/817
f 934/530/818 2595/529/818 935/529/818
f 974/531/5 2635/502/5 975/502/5
f 926/539/819 2587/538/819 927/538/819
f 1014/402/672 2675/400/672 1015/400/672
f 1062/415/673 2723/414/673 1063/414/673
f 1006/420/674 2667/412/674 1007/412/674
f 1022/422/675 2683/430/675 1023/430/675
f 1070/429/676 2731/432/676 1071/432/676
f 1054/433/677 2715/431/677 1055/431/677
f 998/450/678 2659/449/678 999/449/678
f 1030/453/679 2691/460/679 1031/460/679
f 982/463/680 2643/465/680 983/465/680
f 990/471/681 2651/286/681 991/286/681
f 1046/479/682 2707/334/682 1047/334/682
f 1038/488/683 2699/489/683 1039/489/683
f 1078/514/5 2739/115/5 1079/115/5
f 1118/378/820 2779/589/820 1119/589/820
f 1142/597/821 2803/355/821 1143/355/821
f 1126/603/822 2787/607/822 1127/607/822
f 1110/612/823 2771/606/823 1111/606/823
f 1150/611/824 2811/614/824 1151/614/824
f 1134/617/825 2795/613/825 1135/613/825
f 1158/320/826 2819/111/826 1159/111/826
f 1086/634/827 2747/636/827 1087/636/827
f 1174/638/828 2835/635/828 1175/635/828
f 1102/109/829 2763/331/829 1103/331/829
f 1166/651/830 2827/652/830 1167/652/830
f 1094/658/831 2755/659/831 1095/659/831
f 1214/403/401 2875/401/401 1215/401/401
f 1222/411/402 2883/413/402 1223/413/402
f 1262/418/403 2923/309/403 1263/309/403
f 1270/425/404 2931/427/404 1271/427/404
f 1206/436/405 2867/358/405 1207/358/405
f 1254/439/406 2915/437/406 1255/437/406
f 1230/448/407 2891/451/407 1231/451/407
f 1198/454/408 2859/452/408 1199/452/408
f 1182/459/409 2843/462/409 1183/462/409
f 1190/473/410 2851/474/410 1191/474/410
f 1246/482/411 2907/480/411 1247/480/411
f 1238/481/412 2899/484/412 1239/484/412
f 1374/670/832 3035/673/832 1375/673/832
f 1350/672/833 3011/676/833 1351/676/833
f 1278/4/152 2939/678/152 1279/678/152
f 1384/5/5 2938/4/5 1278/4/5
f 1366/680/834 3027/674/834 1367/674/834
f 1342/688/835 3003/683/835 1343/683/835
f 1382/699/836 3043/679/836 1383/679/836
f 1286/711/837 2947/712/837 1287/712/837
f 1358/703/838 3019/719/838 1359/719/838
f 1318/723/839 2979/720/839 1319/720/839
f 1294/721/147 2955/724/147 1295/724/147
f 1326/739/840 2987/742/840 1327/742/840
f 1310/746/841 2971/743/841 1311/743/841
f 1302/749/842 2963/753/842 1303/753/842
f 1334/761/6 2995/758/6 1335/758/6
f 1422/766/843 3083/764/843 1423/764/843
f 1430/777/844 3091/779/844 1431/779/844
f 1414/783/845 3075/781/845 1415/781/845
f 1438/788/846 3099/789/846 1439/789/846
f 1446/796/847 3107/797/847 1447/797/847
f 1454/807/848 3115/808/848 1455/808/848
f 1462/817/849 3123/818/849 1463/818/849
f 1550/834/850 3211/832/850 1551/832/850
f 1470/833/851 3131/836/851 1471/836/851
f 1542/846/852 3203/845/852 1543/845/852
f 1406/862/853 3067/858/853 1407/858/853
f 1526/857/854 3187/863/854 1527/863/854
f 1390/867/855 3051/870/855 1391/870/855
f 1398/888/856 3059/885/856 1399/885/856
f 1534/892/857 3195/890/857 1535/890/857
f 1478/894/858 3139/897/858 1479/897/858
f 1494/902/859 3155/898/859 1495/898/859
f 1518/908/860 3179/904/860 1519/904/860
f 1502/910/861 3163/914/861 1503/914/861
f 1486/931/862 3147/928/862 1487/928/862
f 1510/934/863 3171/930/863 1511/930/863
f 1622/939/864 3283/937/864 1623/937/864
f 1614/950/865 3275/948/865 1615/948/865
f 1606/959/866 3267/960/866 1607/960/866
f 1598/968/867 3259/966/867 1599/966/867
f 1630/965/868 3291/971/868 1631/971/868
f 1590/980/869 3251/978/869 1591/978/869
f 1638/992/870 3299/995/870 1639/995/870
f 1582/997/871 3243/996/871 1583/996/871
f 1566/1007/872 3227/1009/872 1567/1009/872
f 1574/1019/873 3235/1017/873 1575/1017/873
f 1654/1028/874 3315/1027/874 1655/1027/874
f 1646/1026/875 3307/1030/875 1647/1030/875
f 7/7/19 1668/9/19 8/9/19
f 23/16/876 1684/14/876 24/14/876
f 15/27/877 1676/25/877 16/25/877
f 103/33/878 1764/34/878 104/34/878
f 95/45/879 1756/44/879 96/44/879
f 31/40/880 1692/46/880 32/46/880
f 87/58/881 1748/56/881 88/56/881
f 39/64/882 1700/66/882 40/66/882
f 79/75/883 1740/71/883 80/71/883
f 63/72/884 1724/76/884 64/76/884
f 71/88/885 1732/90/885 72/90/885
f 55/101/886 1716/100/886 56/100/886
f 47/99/887 1708/103/887 48/103/887
f 111/4/5 1772/110/5 112/110/5
f 118/112/888 1771/4/888 111/4/888
f 121/5/889 1779/111/889 119/111/889
f 119/111/890 1780/113/890 120/113/890
f 143/125/891 1804/114/891 144/114/891
f 151/119/19 1812/7/19 152/7/19
f 177/5/6 1811/119/6 151/119/6
f 159/132/892 1820/133/892 160/133/892
f 167/6/893 1828/141/893 168/141/893
f 135/142/894 1796/140/894 136/140/894
f 175/149/895 1836/150/895 176/150/895
f 127/3/896 1788/155/896 128/155/896
f 191/158/897 1852/162/897 192/162/897
f 183/167/898 1844/166/898 184/166/898
f 295/179/899 1956/180/899 296/180/899
f 287/187/900 1948/2/900 288/2/900
f 199/188/416 1860/1/416 200/1/416
f 279/196/901 1940/195/901 280/195/901
f 271/207/902 1932/205/902 272/205/902
f 207/213/903 1868/215/903 208/215/903
f 263/222/904 1924/219/904 264/219/904
f 215/228/905 1876/230/905 216/230/905
f 231/241/906 1892/239/906 232/239/906
f 223/244/907 1884/246/907 224/246/907
f 239/224/908 1900/253/908 240/253/908
f 255/9/909 1916/255/909 256/255/909
f 247/262/910 1908/263/910 248/263/910
f 311/269/656 1972/270/656 312/270/656
f 303/282/657 1964/280/657 304/280/657
f 431/293/227 2092/294/227 432/294/227
f 319/286/658 1980/295/658 320/295/658
f 423/296/659 2084/297/659 424/297/659
f 415/307/911 2076/306/911 416/306/911
f 407/318/661 2068/316/661 408/316/661
f 399/328/662 2060/326/662 400/326/662
f 327/327/663 1988/331/663 328/331/663
f 391/340/664 2052/339/664 392/339/664
f 335/348/665 1996/350/665 336/350/665
f 359/353/666 2020/354/666 360/354/666
f 383/361/667 2044/355/667 384/355/667
f 343/370/668 2004/371/668 344/371/668
f 351/374/669 2012/372/669 352/372/669
f 375/392/670 2036/390/670 376/390/670
f 367/391/671 2028/393/671 368/393/671
f 447/268/41 2108/272/41 448/272/41
f 439/279/42 2100/277/42 440/277/42
f 559/287/43 2220/288/43 560/288/43
f 455/298/44 2116/300/44 456/300/44
f 551/305/45 2212/304/45 552/304/45
f 543/315/46 2204/314/46 544/314/46
f 535/325/47 2196/324/47 536/324/47
f 463/333/48 2124/336/48 464/336/48
f 527/337/912 2188/335/912 528/335/912
f 519/351/50 2180/349/50 520/349/50
f 471/356/51 2132/358/51 472/358/51
f 487/369/52 2148/366/52 488/366/52
f 479/373/53 2140/375/53 480/375/53
f 495/352/54 2156/383/54 496/383/54
f 511/387/55 2172/384/55 512/384/55
f 503/394/56 2164/396/56 504/396/56
f 607/404/292 2268/406/292 608/406/292
f 599/410/293 2260/409/293 600/409/293
f 655/416/294 2316/417/294 656/417/294
f 647/428/295 2308/426/295 648/426/295
f 663/434/296 2324/438/296 664/438/296
f 615/435/297 2276/441/297 616/441/297
f 591/447/298 2252/446/298 592/446/298
f 583/466/299 2244/464/299 584/464/299
f 575/467/300 2236/469/300 576/469/300
f 623/468/913 2284/390/913 624/390/913
f 639/477/302 2300/475/302 640/475/302
f 631/487/303 2292/486/303 632/486/303
f 703/497/814 2364/495/814 704/495/814
f 711/499/815 2372/503/815 712/503/815
f 695/512/816 2356/510/816 696/510/816
f 687/516/914 2348/517/914 688/517/914
f 679/530/818 2340/529/818 680/529/818
f 719/531/5 2380/502/5 720/502/5
f 671/539/915 2332/538/915 672/538/915
f 743/125/891 2404/114/891 744/114/891
f 751/119/19 2412/7/19 752/7/19
f 777/5/6 2411/119/6 751/119/6
f 759/132/892 2420/133/892 760/133/892
f 767/6/893 2428/141/893 768/141/893
f 735/142/894 2396/140/894 736/140/894
f 775/149/895 2436/150/895 776/150/895
f 727/3/896 2388/155/896 728/155/896
f 823/545/916 2484/543/916 824/543/916
f 783/550/917 2444/552/917 784/552/917
f 815/561/918 2476/559/918 816/559/918
f 791/565/919 2452/568/919 792/568/919
f 807/578/920 2468/576/920 808/576/920
f 799/581/921 2460/583/921 800/583/921
f 871/545/916 2532/543/916 872/543/916
f 831/550/917 2492/552/917 832/552/917
f 863/561/918 2524/559/918 864/559/918
f 839/565/919 2500/568/919 840/568/919
f 855/578/920 2516/576/920 856/576/920
f 847/581/921 2508/583/921 848/583/921
f 919/545/916 2580/543/916 920/543/916
f 879/550/917 2540/552/917 880/552/917
f 911/561/922 2572/559/922 912/559/922
f 887/565/919 2548/568/919 888/568/919
f 903/578/920 2564/576/920 904/576/920
f 895/581/921 2556/583/921 896/583/921
f 959/495/923 2620/493/923 960/493/923
f 975/502/6 2636/5/6 976/5/6
f 967/503/924 2628/506/924 968/506/924
f 951/510/925 2612/509/925 952/509/925
f 943/517/926 2604/518/926 944/518/926
f 935/529/927 2596/527/927 936/527/927
f 927/538/928 2588/534/928 928/534/928
f 1015/400/128 2676/404/128 1016/404/128
f 1007/412/129 2668/410/129 1008/410/129
f 1063/414/130 2724/416/130 1064/416/130
f 1055/431/131 2716/428/131 1056/428/131
f 1071/432/132 2732/434/132 1072/434/132
f 1023/430/133 2684/435/133 1024/435/133
f 999/449/134 2660/447/134 1000/447/134
f 983/465/135 2644/467/135 984/467/135
f 1031/460/136 2692/468/136 1032/468/136
f 991/286/137 2652/466/137 992/466/137
f 1047/334/138 2708/477/138 1048/477/138
f 1039/489/139 2700/487/139 1040/487/139
f 1079/115/929 2740/497/929 1080/497/929
f 1119/589/930 2780/588/930 1120/588/930
f 1143/355/720 2804/598/720 1144/598/720
f 1111/606/931 2772/602/931 1112/602/931
f 1127/607/932 2788/385/932 1128/385/932
f 1135/613/933 2796/610/933 1136/610/933
f 1151/614/934 2812/618/934 1152/618/934
f 1175/635/935 2836/632/935 1176/632/935
f 1103/331/936 2764/633/936 1104/633/936
f 1159/111/937 2820/637/937 1160/637/937
f 1087/636/938 2748/276/938 1088/276/938
f 1167/652/939 2828/303/939 1168/303/939
f 1095/659/940 2756/657/940 1096/657/940
f 1215/401/538 2876/402/538 1216/402/538
f 1263/309/539 2924/415/539 1264/415/539
f 1223/413/540 2884/422/540 1224/422/540
f 1271/427/541 2932/429/541 1272/429/541
f 1207/358/542 2868/420/542 1208/420/542
f 1255/437/543 2916/433/543 1256/433/543
f 1199/452/544 2860/450/544 1200/450/544
f 1231/451/545 2892/453/545 1232/453/545
f 1183/462/546 2844/463/546 1184/463/546
f 1191/474/547 2852/471/547 1192/471/547
f 1247/480/548 2908/479/548 1248/479/548
f 1239/484/549 2900/488/549 1240/488/549
f 1367/674/941 3028/671/941 1368/671/941
f 1375/673/942 3036/677/942 1376/677/942
f 1383/679/6 3044/5/6 1384/5/6
f 1351/676/943 3012/681/943 1352/681/943
f 1343/683/944 3004/675/944 1344/675/944
f 1287/712/945 2948/713/945 1288/713/945
f 1359/719/946 3020/702/946 1360/702/946
f 1319/720/947 2980/704/947 1320/704/947
f 1295/724/948 2956/727/948 1296/727/948
f 1311/743/949 2972/740/949 1312/740/949
f 1327/742/950 2988/747/950 1328/747/950
f 1279/678/19 2940/754/19 1280/754/19
f 1303/753/951 2964/757/951 1304/757/951
f 1335/758/952 2996/752/952 1336/752/952
f 1423/764/953 3084/767/953 1424/767/953
f 1431/779/954 3092/780/954 1432/780/954
f 1415/781/955 3076/778/955 1416/778/955
f 1439/789/956 3100/790/956 1440/790/956
f 1447/797/957 3108/799/957 1448/799/957
f 1455/808/958 3116/809/958 1456/809/958
f 1463/818/959 3124/819/959 1464/819/959
f 1551/832/960 3212/830/960 1552/830/960
f 1471/836/961 3132/839/961 1472/839/961
f 1543/845/962 3204/843/962 1544/843/962
f 1407/858/963 3068/854/963 1408/854/963
f 1527/863/964 3188/866/964 1528/866/964
f 1391/870/965 3052/873/965 1392/873/965
f 1399/885/966 3060/883/966 1400/883/966
f 1535/890/967 3196/881/967 1536/881/967
f 1495/898/968 3156/895/968 1496/895/968
f 1479/897/969 3140/901/969 1480/901/969
f 1519/904/970 3180/900/970 1520/900/970
f 1503/914/971 3164/917/971 1504/917/971
f 1487/928/972 3148/923/972 1488/923/972
f 1511/930/973 3172/927/973 1512/927/973
f 1623/937/974 3284/938/974 1624/938/974
f 1615/948/975 3276/947/975 1616/947/975
f 1607/960/976 3268/961/976 1608/961/976
f 1599/966/977 3260/967/977 1600/967/977
f 1631/971/978 3292/974/978 1632/974/978
f 1591/978/979 3252/976/979 1592/976/979
f 1559/4/5 3220/989/5 1560/989/5
f 1660/5/6 3219/4/6 1559/4/6
f 1583/996/980 3244/993/980 1584/993/980
f 1639/995/981 3300/998/981 1640/998/981
f 1567/1009/982 3228/1010/982 1568/1010/982
f 1575/1017/983 3236/1012/983 1576/1012/983
f 1655/1027/984 3316/1025/984 1656/1025/984
f 1647/1030/985 3308/1034/985 1648/1034/985
f 8/9/6 1669/8/6 9/8/6
f 24/14/986 1685/15/986 25/15/986
f 16/25/987 1677/24/987 17/24/987
f 104/34/988 1765/35/988 105/35/988
f 96/44/989 1757/43/989 97/43/989
f 32/46/990 1693/49/990 33/49/990
f 88/56/991 1749/55/991 89/55/991
f 40/66/992 1701/68/992 41/68/992
f 80/71/993 1741/69/993 81/69/993
f 64/76/994 1725/78/994 65/78/994
f 72/90/995 1733/91/995 73/91/995
f 56/100/996 1717/98/996 57/98/996
f 48/103/997 1709/107/997 49/107/997
f 112/110/998 1773/109/998 113/109/998
f 120/113/5 1781/5/5 121/5/5
f 144/114/999 1805/124/999 145/124/999
f 152/7/1000 1813/126/1000 153/126/1000
f 160/133/1001 1821/134/1001 161/134/1001
f 136/140/1002 1797/12/1002 137/12/1002
f 168/141/1003 1829/143/1003 169/143/1003
f 176/150/5 1837/5/5 177/5/5
f 128/155/1004 1789/154/1004 129/154/1004
f 192/162/1005 1853/165/1005 193/165/1005
f 184/166/1006 1845/164/1006 185/164/1006
f 296/180/1007 1957/181/1007 297/181/1007
f 288/2/1008 1949/184/1008 289/184/1008
f 280/195/1009 1941/194/1009 281/194/1009
f 200/1/1010 1861/198/1010 201/198/1010
f 272/205/1011 1933/204/1011 273/204/1011
f 208/215/1012 1869/216/1012 209/216/1012
f 264/219/1013 1925/217/1013 265/217/1013
f 216/230/1014 1877/233/1014 217/233/1014
f 232/239/1015 1893/10/1015 233/10/1015
f 224/246/1016 1885/248/1016 225/248/1016
f 240/253/1017 1901/254/1017 241/254/1017
f 256/255/1018 1917/252/1018 257/252/1018
f 248/263/1019 1909/265/1019 249/265/1019
f 312/270/791 1973/268/791 313/268/791
f 304/280/792 1965/279/792 305/279/792
f 432/294/793 2093/5/793 433/5/793
f 424/297/794 2085/287/794 425/287/794
f 320/295/795 1981/298/795 321/298/795
f 416/306/796 2077/305/796 417/305/796
f 408/316/797 2069/315/797 409/315/797
f 400/326/798 2061/325/798 401/325/798
f 328/331/799 1989/333/799 329/333/799
f 392/339/800 2053/337/800 393/337/800
f 360/354/152 2021/352/152 361/352/152
f 384/355/801 2045/351/801 385/351/801
f 336/350/802 1997/356/802 337/356/802
f 352/372/803 2013/369/803 353/369/803
f 344/371/1020 2005/373/1020 345/373/1020
f 376/390/805 2037/387/805 377/387/805
f 368/393/806 2029/394/806 369/394/806
f 448/272/220 2109/275/220 449/275/220
f 440/277/186 2101/276/186 441/276/186
f 560/288/221 2221/289/221 561/289/221
f 552/304/222 2213/303/222 553/303/222
f 456/300/1021 2117/308/1021 457/308/1021
f 544/314/1022 2205/312/1022 545/312/1022
f 536/324/225 2197/322/225 537/322/225
f 528/335/226 2189/334/226 529/334/226
f 464/336/227 2125/338/227 465/338/227
f 520/349/228 2181/347/228 521/347/228
f 472/358/229 2133/360/229 473/360/229
f 488/366/230 2149/364/230 489/364/230
f 480/375/231 2141/377/231 481/377/231
f 512/384/232 2173/382/232 513/382/232
f 496/383/233 2157/385/233 497/385/233
f 504/396/234 2165/397/234 505/397/234
f 608/406/104 2269/408/104 609/408/104
f 600/409/105 2261/407/105 601/407/105
f 656/417/106 2317/419/106 657/419/106
f 648/426/107 2309/424/107 649/424/107
f 664/438/108 2325/440/108 665/440/108
f 616/441/109 2277/115/109 617/115/109
f 592/446/19 2253/444/19 593/444/19
f 568/4/110 2229/455/110 569/455/110
f 641/456/6 2228/4/6 568/4/6
f 584/464/111 2245/461/111 585/461/111
f 576/469/112 2237/470/112 577/470/112
f 640/475/113 2301/456/113 641/456/113
f 624/390/114 2285/476/114 625/476/114
f 632/486/115 2293/485/115 633/485/115
f 704/495/1023 2365/493/1023 705/493/1023
f 720/502/6 2381/5/6 721/5/6
f 712/503/924 2373/506/924 713/506/924
f 696/510/925 2357/509/925 697/509/925
f 688/517/926 2349/518/926 689/518/926
f 680/529/927 2341/527/927 681/527/927
f 672/538/928 2333/534/928 673/534/928
f 744/114/999 2405/124/999 745/124/999
f 752/7/1000 2413/126/1000 753/126/1000
f 760/133/1001 2421/134/1001 761/134/1001
f 736/140/1024 2397/12/1024 737/12/1024
f 768/141/1003 2429/143/1003 769/143/1003
f 776/150/5 2437/5/5 777/5/5
f 728/155/1004 2389/154/1004 729/154/1004
f 824/543/1025 2485/5/1025 825/5/1025
f 784/552/1026 2445/554/1026 785/554/1026
f 816/559/1027 2477/557/1027 817/557/1027
f 792/568/1028 2453/570/1028 793/570/1028
f 808/576/1029 2469/574/1029 809/574/1029
f 800/583/1030 2461/585/1030 801/585/1030
f 872/543/1025 2533/5/1025 873/5/1025
f 832/552/1026 2493/554/1026 833/554/1026
f 864/559/1027 2525/557/1027 865/557/1027
f 840/568/1028 2501/570/1028 841/570/1028
f 856/576/1029 2517/574/1029 857/574/1029
f 848/583/1030 2509/585/1030 849/585/1030
f 920/543/1025 2581/5/1025 921/5/1025
f 880/552/1026 2541/554/1026 881/554/1026
f 912/559/1027 2573/557/1027 913/557/1027
f 888/568/1028 2549/570/1028 889/570/1028
f 904/576/1029 2565/574/1029 905/574/1029
f 896/583/1030 2557/585/1030 897/585/1030
f 960/493/1031 2621/491/1031 961/491/1031
f 968/506/86 2629/508/86 969/508/86
f 952/509/87 2613/507/87 953/507/87
f 944/518/88 2605/519/88 945/519/88
f 936/527/89 2597/528/89 937/528/89
f 928/534/90 2589/535/90 929/535/90
f 1016/404/292 2677/406/292 1017/406/292
f 1008/410/293 2669/409/293 1009/409/293
f 1064/416/294 2725/417/294 1065/417/294
f 1056/428/295 2717/426/295 1057/426/295
f 1072/434/296 2733/438/296 1073/438/296
f 1024/435/297 2685/441/297 1025/441/297
f 1000/447/298 2661/446/298 1001/446/298
f 992/466/299 2653/464/299 993/464/299
f 984/467/300 2645/469/300 985/469/300
f 1032/468/301 2693/390/301 1033/390/301
f 1048/477/302 2709/475/302 1049/475/302
f 1040/487/303 2701/486/303 1041/486/303
f 1080/497/1032 2741/503/1032 1081/503/1032
f 1120/588/1033 2781/114/1033 1121/114/1033
f 1144/598/1034 2805/600/1034 1145/600/1034
f 1112/602/1035 2773/367/1035 1113/367/1035
f 1136/610/1036 2797/608/1036 1137/608/1036
f 1128/385/1037 2789/616/1037 1129/616/1037
f 1152/618/1038 2813/329/1038 1153/329/1038
f 1176/632/1039 2837/629/1039 1177/629/1039
f 1104/633/1040 2765/630/1040 1105/630/1040
f 1160/637/1041 2821/639/1041 1161/639/1041
f 1088/276/1042 2749/644/1042 1089/644/1042
f 1168/303/1043 2829/648/1043 1169/648/1043
f 1096/657/1044 2757/656/1044 1097/656/1044
f 1216/402/672 2877/400/672 1217/400/672
f 1264/415/673 2925/414/673 1265/414/673
f 1208/420/674 2869/412/674 1209/412/674
f 1224/422/675 2885/430/675 1225/430/675
f 1272/429/676 2933/432/676 1273/432/676
f 1256/433/677 2917/431/677 1257/431/677
f 1200/450/678 2861/449/678 1201/449/678
f 1232/453/679 2893/460/679 1233/460/679
f 1184/463/680 2845/465/680 1185/465/680
f 1192/471/681 2853/286/681 1193/286/681
f 1248/479/682 2909/334/682 1249/334/682
f 1240/488/683 2901/489/683 1241/489/683
f 1368/671/1045 3029/667/1045 1369/667/1045
f 1344/675/1046 3005/669/1046 1345/669/1046
f 1376/677/1047 3037/682/1047 1377/682/1047
f 1352/681/1048 3013/686/1048 1353/686/1048
f 1360/702/1049 3021/698/1049 1361/698/1049
f 1288/713/1050 2949/714/1050 1289/714/1050
f 1320/704/1051 2981/722/1051 1321/722/1051
f 1296/727/1052 2957/730/1052 1297/730/1052
f 1312/740/1053 2973/737/1053 1313/737/1053
f 1328/747/1054 2989/750/1054 1329/750/1054
f 1336/752/1055 2997/744/1055 1337/744/1055
f 1280/754/6 2941/706/6 1281/706/6
f 1304/757/1056 2965/759/1056 1305/759/1056
f 1424/767/1057 3085/769/1057 1425/769/1057
f 1416/778/1058 3077/776/1058 1417/776/1058
f 1432/780/1059 3093/782/1059 1433/782/1059
f 1440/790/1060 3101/791/1060 1441/791/1060
f 1448/799/1061 3109/801/1061 1449/801/1061
f 1456/809/1062 3117/811/1062 1457/811/1062
f 1464/819/1063 3125/820/1063 1465/820/1063
f 1552/830/1064 3213/829/1064 1553/829/1064
f 1472/839/1065 3133/841/1065 1473/841/1065
f 1544/843/1066 3205/842/1066 1545/842/1066
f 1408/854/1067 3069/813/1067 1409/813/1067
f 1528/866/1068 3189/871/1068 1529/871/1068
f 1392/873/1069 3053/877/1069 1393/877/1069
f 1536/881/1070 3197/874/1070 1537/874/1070
f 1400/883/1071 3061/878/1071 1401/878/1071
f 1496/895/1072 3157/893/1072 1497/893/1072
f 1520/900/1073 3181/853/1073 1521/853/1073
f 1480/901/1074 3141/907/1074 1481/907/1074
f 1504/917/1075 3165/921/1075 1505/921/1075
f 1488/923/1076 3149/920/1076 1489/920/1076
f 1512/927/1077 3173/924/1077 1513/924/1077
f 1624/938/1078 3285/936/1078 1625/936/1078
f 1616/947/1079 3277/945/1079 1617/945/1079
f 1608/961/1080 3269/962/1080 1609/962/1080
f 1600/967/1081 3261/954/1081 1601/954/1081
f 1592/976/1082 3253/975/1082 1593/975/1082
f 1632/974/1083 3293/977/1083 1633/977/1083
f 1560/989/152 3221/988/152 1561/988/152
f 1584/993/1084 3245/991/1084 1585/991/1084
f 1640/998/1085 3301/1000/1085 1641/1000/1085
f 1568/1010/1086 3229/1011/1086 1569/1011/1086
f 1576/1012/1087 3237/1008/1087 1577/1008/1087
f 1656/1025/1088 3317/1024/1088 1657/1024/1088
f 1648/1034/1089 3309/1035/1089 1649/1035/1089
f 1/4/5 1661/4/5 1662/3/5
f 12/5/6 1672/5/6 1661/4/6
f 9/8/5 1669/8/5 1670/6/5
f 25/15/7 1685/15/7 1686/13/7
f 17/24/8 1677/24/8 1678/23/8
f 105/35/9 1765/35/9 1766/36/9
f 97/43/10 1757/43/10 1758/41/10
f 33/49/11 1693/49/11 1694/52/11
f 89/55/12 1749/55/12 1750/53/12
f 81/69/13 1741/69/13 1742/67/13
f 41/68/14 1701/68/14 1702/70/14
f 65/78/15 1725/78/15 1726/80/15
f 73/91/16 1733/91/16 1734/92/16
f 57/98/17 1717/98/17 1718/97/17
f 49/107/18 1709/107/18 1710/108/18
f 113/109/19 1773/109/19 1774/116/19
f 145/124/20 1805/124/20 1806/123/20
f 153/126/21 1813/126/21 1814/127/21
f 161/134/22 1821/134/22 1822/8/22
f 137/12/23 1797/12/23 1798/137/23
f 169/143/24 1829/143/24 1830/144/24
f 129/154/25 1789/154/25 1790/153/25
f 185/164/26 1845/164/26 1846/163/26
f 193/165/27 1853/165/27 1854/168/27
f 297/181/28 1957/181/28 1958/182/28
f 289/184/29 1949/184/29 1950/185/29
f 281/194/30 1941/194/30 1942/193/30
f 201/198/31 1861/198/31 1862/200/31
f 273/204/32 1933/204/32 1934/202/32
f 265/217/33 1925/217/33 1926/8/33
f 209/216/34 1869/216/34 1870/218/34
f 217/233/1090 1877/233/1090 1878/235/1090
f 233/10/36 1893/10/36 1894/234/36
f 225/248/37 1885/248/37 1886/251/37
f 257/252/38 1917/252/38 1918/250/38
f 241/254/39 1901/254/39 1902/256/39
f 249/265/40 1909/265/40 1910/266/40
f 313/268/41 1973/268/41 1974/272/41
f 305/279/42 1965/279/42 1966/277/42
f 425/287/43 2085/287/43 2086/288/43
f 321/298/44 1981/298/44 1982/300/44
f 417/305/45 2077/305/45 2078/304/45
f 409/315/46 2069/315/46 2070/314/46
f 401/325/47 2061/325/47 2062/324/47
f 329/333/48 1989/333/48 1990/336/48
f 393/337/912 2053/337/912 2054/335/912
f 385/351/50 2045/351/50 2046/349/50
f 337/356/1091 1997/356/1091 1998/358/1091
f 353/369/52 2013/369/52 2014/366/52
f 345/373/53 2005/373/53 2006/375/53
f 361/352/54 2021/352/54 2022/383/54
f 377/387/55 2037/387/55 2038/384/55
f 369/394/56 2029/394/56 2030/396/56
f 441/276/57 2101/276/57 2102/274/57
f 449/275/58 2109/275/58 2110/278/58
f 561/289/59 2221/289/59 2222/290/59
f 553/303/60 2213/303/60 2214/301/60
f 545/312/382 2205/312/382 2206/311/382
f 457/308/62 2117/308/62 2118/313/62
f 537/322/63 2197/322/63 2198/321/63
f 529/334/64 2189/334/64 2190/332/64
f 465/338/65 2125/338/65 2126/341/65
f 521/347/66 2181/347/66 2182/345/66
f 473/360/67 2133/360/67 2134/363/67
f 489/364/68 2149/364/68 2150/362/68
f 481/377/69 2141/377/69 2142/379/69
f 513/382/70 2173/382/70 2174/381/70
f 497/385/71 2157/385/71 2158/386/71
f 505/397/72 2165/397/72 2166/399/72
f 601/407/73 2261/407/73 2262/405/73
f 609/408/74 2269/408/74 2270/359/74
f 657/419/281 2317/419/281 2318/423/281
f 649/424/76 2309/424/76 2310/421/76
f 665/440/77 2325/440/77 2326/5/77
f 593/444/78 2253/444/78 2254/443/78
f 617/115/79 2277/115/79 2278/445/79
f 569/455/80 2229/455/80 2230/458/80
f 585/461/81 2245/461/81 2246/457/81
f 577/470/82 2237/470/82 2238/472/82
f 625/476/83 2285/476/83 2286/478/83
f 633/485/84 2293/485/84 2294/483/84
f 705/493/85 2365/493/85 2366/491/85
f 713/506/86 2373/506/86 2374/508/86
f 697/509/87 2357/509/87 2358/507/87
f 689/518/1092 2349/518/1092 2350/519/1092
f 681/527/89 2341/527/89 2342/528/89
f 673/534/90 2333/534/90 2334/535/90
f 745/124/20 2405/124/20 2406/123/20
f 753/126/21 2413/126/21 2414/127/21
f 761/134/22 2421/134/22 2422/8/22
f 737/12/23 2397/12/23 2398/137/23
f 769/143/24 2429/143/24 2430/144/24
f 729/154/25 2389/154/25 2390/153/25
f 785/554/96 2445/554/96 2446/556/96
f 817/557/92 2477/557/92 2478/555/92
f 793/570/93 2453/570/93 2454/571/93
f 809/574/97 2469/574/97 2470/572/97
f 801/585/95 2461/585/95 2462/587/95
f 833/554/96 2493/554/96 2494/556/96
f 865/557/92 2525/557/92 2526/555/92
f 841/570/93 2501/570/93 2502/571/93
f 857/574/97 2517/574/97 2518/572/97
f 849/585/95 2509/585/95 2510/587/95
f 881/554/91 2541/554/91 2542/556/91
f 913/557/92 2573/557/92 2574/555/92
f 889/570/93 2549/570/93 2550/571/93
f 905/574/97 2565/574/97 2566/572/97
f 897/585/95 2557/585/95 2558/587/95
f 961/491/98 2621/491/98 2622/492/98
f 953/507/99 2613/507/99 2614/505/99
f 969/508/100 2629/508/100 2630/511/100
f 945/519/265 2605/519/265 2606/520/265
f 937/528/102 2597/528/102 2598/524/102
f 929/535/103 2589/535/103 2590/536/103
f 1017/406/104 2677/406/104 2678/408/104
f 1009/409/105 2669/409/105 2670/407/105
f 1065/417/106 2725/417/106 2726/419/106
f 1057/426/107 2717/426/107 2718/424/107
f 1073/438/108 2733/438/108 2734/440/108
f 1025/441/109 2685/441/109 2686/115/109
f 1001/446/19 2661/446/19 2662/444/19
f 977/4/110 2637/4/110 2638/455/110
f 1050/456/6 2710/456/6 2637/4/6
f 993/464/111 2653/464/111 2654/461/111
f 985/469/112 2645/469/112 2646/470/112
f 1049/475/113 2709/475/113 2710/456/113
f 1033/390/114 2693/390/114 2694/476/114
f 1041/486/115 2701/486/115 2702/485/115
f 1081/503/5 2741/503/5 2742/5/5
f 1121/114/116 2781/114/116 2782/592/116
f 1113/367/117 2773/367/117 2774/594/117
f 1145/600/118 2805/600/118 2806/601/118
f 1137/608/119 2797/608/119 2798/387/119
f 1129/616/120 2789/616/120 2790/619/120
f 1153/329/121 2813/329/121 2814/621/121
f 1177/629/122 2837/629/122 2838/5/122
f 1105/630/123 2765/630/123 2766/627/123
f 1161/639/124 2821/639/124 2822/640/124
f 1169/648/125 2829/648/125 2830/646/125
f 1089/644/126 2749/644/126 2750/650/126
f 1097/656/127 2757/656/127 2758/298/127
f 1217/400/128 2877/400/128 2878/404/128
f 1209/412/129 2869/412/129 2870/410/129
f 1265/414/130 2925/414/130 2926/416/130
f 1257/431/131 2917/431/131 2918/428/131
f 1273/432/132 2933/432/132 2934/434/132
f 1225/430/133 2885/430/133 2886/435/133
f 1201/449/134 2861/449/134 2862/447/134
f 1185/465/135 2845/465/135 2846/467/135
f 1233/460/136 2893/460/136 2894/468/136
f 1193/286/137 2853/286/137 2854/466/137
f 1249/334/138 2909/334/138 2910/477/138
f 1241/489/139 2901/489/139 2902/487/139
f 1369/667/140 3029/667/140 3030/661/140
f 1345/669/141 3005/669/141 3006/664/141
f 1377/682/142 3037/682/142 3038/685/142
f 1353/686/143 3013/686/143 3014/690/143
f 1361/698/144 3021/698/144 3022/695/144
f 1281/706/145 2941/706/145 2942/707/145
f 1289/714/146 2949/714/146 2950/715/146
f 1321/722/147 2981/722/147 2982/725/147
f 1297/730/148 2957/730/148 2958/734/148
f 1313/737/149 2973/737/149 2974/735/149
f 1337/744/150 2997/744/150 2998/733/150
f 1329/750/151 2989/750/151 2990/756/151
f 1305/759/152 2965/759/152 2966/762/152
f 1425/769/153 3085/769/153 3086/770/153
f 1417/776/154 3077/776/154 3078/773/154
f 1433/782/155 3093/782/155 3094/784/155
f 1441/791/156 3101/791/156 3102/792/156
f 1449/801/157 3109/801/157 3110/802/157
f 1457/811/158 3117/811/158 3118/812/158
f 1409/813/6 3069/813/6 3070/810/6
f 1465/820/159 3125/820/159 3126/824/159
f 1553/829/160 3213/829/160 3214/827/160
f 1545/842/161 3205/842/161 3206/840/161
f 1473/841/162 3133/841/162 3134/844/162
f 1385/4/163 3045/4/163 3046/852/163
f 1521/853/6 3181/853/6 3045/4/6
f 1537/874/164 3197/874/164 3198/868/164
f 1529/871/165 3189/871/165 3190/876/165
f 1401/878/166 3061/878/166 3062/875/166
f 1393/877/167 3053/877/167 3054/880/167
f 1497/893/168 3157/893/168 3158/896/168
f 1481/907/169 3141/907/169 3142/912/169
f 1489/920/170 3149/920/170 3150/916/170
f 1513/924/171 3173/924/171 3174/922/171
f 1505/921/172 3165/921/172 3166/925/172
f 1625/936/173 3285/936/173 3286/942/173
f 1617/945/174 3277/945/174 3278/944/174
f 1601/954/175 3261/954/175 3262/955/175
f 1609/962/176 3269/962/176 3270/963/176
f 1593/975/177 3253/975/177 3254/973/177
f 1633/977/178 3293/977/178 3294/979/178
f 1561/988/19 3221/988/19 3222/990/19
f 1585/991/179 3245/991/179 3246/986/179
f 1641/1000/180 3301/1000/180 3302/1003/180
f 1577/1008/181 3237/1008/181 3238/1004/181
f 1569/1011/182 3229/1011/182 3230/1014/182
f 1657/1024/183 3317/1024/183 3318/1022/183
f 1649/1035/184 3309/1035/184 3310/1033/184
f 2/3/152 1662/3/152 1663/1/152
f 10/6/6 1670/6/6 1671/2/6
f 26/13/185 1686/13/185 1687/18/185
f 18/23/186 1678/23/186 1679/21/186
f 106/36/187 1766/36/187 1767/37/187
f 98/41/188 1758/41/188 1759/42/188
f 90/53/189 1750/53/189 1751/51/189
f 34/52/190 1694/52/190 1695/54/190
f 82/67/191 1742/67/191 1743/65/191
f 42/70/192 1702/70/192 1703/77/192
f 66/80/193 1726/80/193 1727/81/193
f 74/92/194 1734/92/194 1735/89/194
f 58/97/195 1718/97/195 1719/96/195
f 50/108/196 1710/108/196 1711/106/196
f 114/116/197 1774/116/197 1775/114/197
f 122/4/152 1782/4/152 1783/118/152
f 150/120/5 1810/120/5 1782/4/5
f 146/123/198 1806/123/198 1807/10/198
f 154/127/199 1814/127/199 1815/117/199
f 162/8/200 1822/8/200 1823/136/200
f 138/137/201 1798/137/201 1799/135/201
f 170/144/202 1830/144/202 1831/146/202
f 130/153/203 1790/153/203 1791/152/203
f 186/163/204 1846/163/204 1847/161/204
f 194/168/205 1854/168/205 1855/171/205
f 178/4/206 1838/4/206 1839/173/206
f 298/182/207 1958/182/207 1959/5/207
f 299/5/6 1959/5/6 1838/4/6
f 290/185/208 1950/185/208 1951/175/208
f 282/193/209 1942/193/209 1943/192/209
f 274/202/210 1934/202/210 1935/201/210
f 202/200/211 1862/200/211 1863/203/211
f 266/8/212 1926/8/212 1927/214/212
f 210/218/213 1870/218/213 1871/12/213
f 234/234/214 1894/234/214 1895/232/214
f 218/235/215 1878/235/215 1879/236/215
f 258/250/216 1918/250/216 1919/242/216
f 226/251/217 1886/251/217 1887/249/217
f 242/256/218 1902/256/218 1903/257/218
f 250/266/219 1910/266/219 1911/267/219
f 314/272/220 1974/272/220 1975/275/220
f 306/277/186 1966/277/186 1967/276/186
f 426/288/221 2086/288/221 2087/289/221
f 418/304/222 2078/304/222 2079/303/222
f 322/300/223 1982/300/223 1983/308/223
f 410/314/224 2070/314/224 2071/312/224
f 402/324/225 2062/324/225 2063/322/225
f 394/335/226 2054/335/226 2055/334/226
f 330/336/227 1990/336/227 1991/338/227
f 386/349/228 2046/349/228 2047/347/228
f 338/358/229 1998/358/229 1999/360/229
f 354/366/230 2014/366/230 2015/364/230
f 346/375/231 2006/375/231 2007/377/231
f 378/384/232 2038/384/232 2039/382/232
f 362/383/233 2022/383/233 2023/385/233
f 370/396/234 2030/396/234 2031/397/234
f 442/274/235 2102/274/235 2103/273/235
f 450/278/236 2110/278/236 2111/281/236
f 434/4/237 2094/4/237 2095/285/237
f 562/290/238 2222/290/238 2223/291/238
f 567/5/6 2227/5/6 2094/4/6
f 554/301/239 2214/301/239 2215/302/239
f 546/311/1093 2206/311/1093 2207/310/1093
f 458/313/519 2118/313/519 2119/317/519
f 538/321/242 2198/321/242 2199/320/242
f 530/332/243 2190/332/243 2191/330/243
f 466/341/244 2126/341/244 2127/343/244
f 522/345/1094 2182/345/1094 2183/344/1094
f 490/362/246 2150/362/246 2151/359/246
f 474/363/247 2134/363/247 2135/365/247
f 482/379/248 2142/379/248 2143/378/248
f 514/381/249 2174/381/249 2175/380/249
f 498/386/520 2158/386/520 2159/388/520
f 506/399/251 2166/399/251 2167/398/251
f 602/405/252 2262/405/252 2263/403/252
f 610/359/253 2270/359/253 2271/411/253
f 650/421/254 2310/421/254 2311/418/254
f 658/423/255 2318/423/255 2319/425/255
f 642/442/256 2302/442/256 2303/439/256
f 594/443/257 2254/443/257 2255/436/257
f 666/5/5 2326/5/5 2302/442/5
f 618/445/258 2278/445/258 2279/448/258
f 586/457/259 2246/457/259 2247/454/259
f 570/458/260 2230/458/260 2231/459/260
f 578/472/261 2238/472/261 2239/473/261
f 626/478/262 2286/478/262 2287/481/262
f 634/483/263 2294/483/263 2295/482/263
f 706/491/98 2366/491/98 2367/492/98
f 698/507/99 2358/507/99 2359/505/99
f 714/508/100 2374/508/100 2375/511/100
f 690/519/101 2350/519/101 2351/520/101
f 682/528/102 2342/528/102 2343/524/102
f 674/535/103 2334/535/103 2335/536/103
f 722/4/152 2382/4/152 2383/118/152
f 750/120/5 2410/120/5 2382/4/5
f 746/123/198 2406/123/198 2407/10/198
f 754/127/199 2414/127/199 2415/117/199
f 762/8/200 2422/8/200 2423/136/200
f 738/137/201 2398/137/201 2399/135/201
f 770/144/202 2430/144/202 2431/146/202
f 730/153/203 2390/153/203 2391/152/203
f 778/4/266 2438/4/266 2439/542/266
f 825/5/267 2485/5/267 2438/4/267
f 818/555/274 2478/555/274 2479/553/274
f 786/556/269 2446/556/269 2447/558/269
f 810/572/270 2470/572/270 2471/569/270
f 794/571/271 2454/571/271 2455/573/271
f 802/587/272 2462/587/272 2463/586/272
f 826/4/266 2486/4/266 2487/542/266
f 873/5/267 2533/5/267 2486/4/267
f 866/555/274 2526/555/274 2527/553/274
f 834/556/269 2494/556/269 2495/558/269
f 858/572/270 2518/572/270 2519/569/270
f 842/571/271 2502/571/271 2503/573/271
f 850/587/272 2510/587/272 2511/586/272
f 874/4/266 2534/4/266 2535/542/266
f 921/5/267 2581/5/267 2534/4/267
f 914/555/268 2574/555/268 2575/553/268
f 882/556/269 2542/556/269 2543/558/269
f 906/572/270 2566/572/270 2567/569/270
f 890/571/273 2550/571/273 2551/573/273
f 898/587/272 2558/587/272 2559/586/272
f 962/492/275 2622/492/275 2623/490/275
f 922/4/152 2582/4/152 2583/501/152
f 976/5/5 2636/5/5 2582/4/5
f 954/505/276 2614/505/276 2615/504/276
f 970/511/277 2630/511/277 2631/513/277
f 946/520/278 2606/520/278 2607/521/278
f 938/524/279 2598/524/279 2599/525/279
f 930/536/280 2590/536/280 2591/537/280
f 1010/407/73 2670/407/73 2671/405/73
f 1018/408/74 2678/408/74 2679/359/74
f 1066/419/75 2726/419/75 2727/423/75
f 1058/424/76 2718/424/76 2719/421/76
f 1074/440/77 2734/440/77 2735/5/77
f 1002/444/78 2662/444/78 2663/443/78
f 1026/115/79 2686/115/79 2687/445/79
f 978/455/80 2638/455/80 2639/458/80
f 994/461/81 2654/461/81 2655/457/81
f 986/470/82 2646/470/82 2647/472/82
f 1034/476/83 2694/476/83 2695/478/83
f 1042/485/84 2702/485/84 2703/483/84
f 1122/592/282 2782/592/282 2783/362/282
f 1114/594/283 2774/594/283 2775/593/283
f 1146/601/284 2806/601/284 2807/605/284
f 1138/387/285 2798/387/285 2799/604/285
f 1154/621/286 2814/621/286 2815/624/286
f 1106/627/287 2766/627/287 2767/622/287
f 1162/640/288 2822/640/288 2823/311/288
f 1170/646/289 2830/646/289 2831/642/289
f 1090/650/290 2750/650/290 2751/654/290
f 1098/298/291 2758/298/291 2759/653/291
f 1218/404/292 2878/404/292 2879/406/292
f 1210/410/293 2870/410/293 2871/409/293
f 1266/416/294 2926/416/294 2927/417/294
f 1258/428/295 2918/428/295 2919/426/295
f 1274/434/1095 2934/434/1095 2935/438/1095
f 1226/435/297 2886/435/297 2887/441/297
f 1202/447/298 2862/447/298 2863/446/298
f 1194/466/299 2854/466/299 2855/464/299
f 1186/467/300 2846/467/300 2847/469/300
f 1234/468/301 2894/468/301 2895/390/301
f 1250/477/302 2910/477/302 2911/475/302
f 1242/487/303 2902/487/303 2903/486/303
f 1370/661/304 3030/661/304 3031/662/304
f 1346/664/305 3006/664/305 3007/665/305
f 1378/685/306 3038/685/306 3039/689/306
f 1354/690/307 3014/690/307 3015/693/307
f 1362/695/308 3022/695/308 3023/691/308
f 1282/707/309 2942/707/309 2943/708/309
f 1290/715/310 2950/715/310 2951/716/310
f 1322/725/311 2982/725/311 2983/728/311
f 1338/733/312 2998/733/312 2999/705/312
f 1314/735/313 2974/735/313 2975/732/313
f 1298/734/314 2958/734/314 2959/738/314
f 1330/756/315 2990/756/315 2991/115/315
f 1306/762/19 2966/762/19 2967/755/19
f 1426/770/1096 3086/770/1096 3087/772/1096
f 1418/773/317 3078/773/317 3079/771/317
f 1434/784/152 3094/784/152 3095/785/152
f 1442/792/318 3102/792/318 3103/793/318
f 1450/802/319 3110/802/319 3111/803/319
f 1410/810/320 3070/810/320 3071/806/320
f 1458/812/321 3118/812/321 3119/814/321
f 1558/5/152 3218/5/152 3182/822/152
f 1466/824/322 3126/824/322 3127/826/322
f 1554/827/323 3214/827/323 3215/825/323
f 1546/840/324 3206/840/324 3207/838/324
f 1522/822/1097 3182/822/1097 3183/847/1097
f 1474/844/326 3134/844/326 3135/848/326
f 1386/852/327 3046/852/327 3047/856/327
f 1538/868/328 3198/868/328 3199/861/328
f 1402/875/329 3062/875/329 3063/872/329
f 1530/876/330 3190/876/330 3191/882/330
f 1394/880/331 3054/880/331 3055/884/331
f 1498/896/332 3158/896/332 3159/899/332
f 1490/916/333 3150/916/333 3151/913/333
f 1482/912/334 3142/912/334 3143/919/334
f 1514/922/335 3174/922/335 3175/918/335
f 1506/925/336 3166/925/336 3167/929/336
f 1618/944/337 3278/944/337 3279/943/337
f 1626/942/338 3286/942/338 3287/946/338
f 1602/955/339 3262/955/339 3263/956/339
f 1610/963/340 3270/963/340 3271/964/340
f 1594/973/341 3254/973/341 3255/972/341
f 1634/979/342 3294/979/342 3295/982/342
f 1586/986/343 3246/986/343 3247/985/343
f 1562/990/152 3222/990/152 3223/994/152
f 1578/1004/344 3238/1004/344 3239/1002/344
f 1642/1003/345 3302/1003/345 3303/1013/345
f 1570/1014/346 3230/1014/346 3231/1015/346
f 1658/1022/1098 3318/1022/1098 3319/1021/1098
f 1650/1033/348 3310/1033/348 3311/1032/348
f 11/2/19 1671/2/19 1672/5/19
f 3/1/19 1663/1/19 1664/12/19
f 19/21/349 1679/21/349 1680/20/349
f 27/18/350 1687/18/350 1688/22/350
f 107/37/351 1767/37/351 1768/38/351
f 99/42/352 1759/42/352 1760/30/352
f 91/51/353 1751/51/353 1752/50/353
f 35/54/354 1695/54/354 1696/57/354
f 83/65/355 1743/65/355 1744/63/355
f 67/81/356 1727/81/356 1728/83/356
f 43/77/357 1703/77/357 1704/84/357
f 75/89/358 1735/89/358 1736/86/358
f 59/96/359 1719/96/359 1720/94/359
f 51/106/360 1711/106/360 1712/105/360
f 115/114/19 1775/114/19 1776/115/19
f 147/10/361 1807/10/361 1808/122/361
f 155/117/362 1815/117/362 1816/129/362
f 139/135/363 1799/135/363 1800/131/363
f 163/136/364 1823/136/364 1824/138/364
f 171/146/365 1831/146/365 1832/2/365
f 131/152/366 1791/152/366 1792/1/366
f 123/118/19 1783/118/19 1784/157/19
f 187/161/367 1847/161/367 1848/160/367
f 179/173/368 1839/173/368 1840/172/368
f 195/171/369 1855/171/369 1856/174/369
f 291/175/370 1951/175/370 1952/176/370
f 283/192/371 1943/192/371 1944/191/371
f 275/201/372 1935/201/372 1936/199/372
f 203/203/373 1863/203/373 1864/206/373
f 267/214/374 1927/214/374 1928/212/374
f 211/12/375 1871/12/375 1872/220/375
f 235/232/376 1895/232/376 1896/229/376
f 219/236/377 1879/236/377 1880/238/377
f 259/242/378 1919/242/378 1920/237/378
f 227/249/379 1887/249/379 1888/247/379
f 243/257/380 1903/257/380 1904/7/380
f 251/267/381 1911/267/381 1912/264/381
f 307/276/57 1967/276/57 1968/274/57
f 315/275/58 1975/275/58 1976/278/58
f 427/289/59 2087/289/59 2088/290/59
f 419/303/60 2079/303/60 2080/301/60
f 411/312/382 2071/312/382 2072/311/382
f 323/308/62 1983/308/62 1984/313/62
f 403/322/63 2063/322/63 2064/321/63
f 395/334/383 2055/334/383 2056/332/383
f 331/338/65 1991/338/65 1992/341/65
f 387/347/66 2047/347/66 2048/345/66
f 339/360/67 1999/360/67 2000/363/67
f 355/364/68 2015/364/68 2016/362/68
f 347/377/69 2007/377/69 2008/379/69
f 379/382/70 2039/382/70 2040/381/70
f 363/385/71 2023/385/71 2024/386/71
f 371/397/72 2031/397/72 2032/399/72
f 443/273/384 2103/273/384 2104/271/384
f 451/281/385 2111/281/385 2112/284/385
f 435/285/386 2095/285/386 2096/283/386
f 563/291/387 2223/291/387 2224/292/387
f 555/302/388 2215/302/388 2216/299/388
f 547/310/1099 2207/310/1099 2208/309/1099
f 539/320/1100 2199/320/1100 2200/319/1100
f 459/317/391 2119/317/391 2120/323/391
f 531/330/392 2191/330/392 2192/329/392
f 523/344/393 2183/344/393 2184/342/393
f 467/343/1101 2127/343/1101 2128/346/1101
f 491/359/395 2151/359/395 2152/357/395
f 475/365/396 2135/365/396 2136/367/396
f 483/378/397 2143/378/397 2144/376/397
f 515/380/398 2175/380/398 2176/368/398
f 499/388/399 2159/388/399 2160/389/399
f 507/398/400 2167/398/400 2168/395/400
f 603/403/401 2263/403/401 2264/401/401
f 611/411/402 2271/411/402 2272/413/402
f 651/418/403 2311/418/403 2312/309/403
f 659/425/404 2319/425/404 2320/427/404
f 595/436/405 2255/436/405 2256/358/405
f 643/439/406 2303/439/406 2304/437/406
f 619/448/407 2279/448/407 2280/451/407
f 587/454/408 2247/454/408 2248/452/408
f 571/459/409 2231/459/409 2232/462/409
f 579/473/410 2239/473/410 2240/474/410
f 635/482/411 2295/482/411 2296/480/411
f 627/481/412 2287/481/412 2288/484/412
f 707/492/275 2367/492/275 2368/490/275
f 667/4/152 2327/4/152 2328/501/152
f 721/5/5 2381/5/5 2327/4/5
f 699/505/276 2359/505/276 2360/504/276
f 715/511/277 2375/511/277 2376/513/277
f 691/520/278 2351/520/278 2352/521/278
f 683/524/279 2343/524/279 2344/525/279
f 675/536/280 2335/536/280 2336/537/280
f 747/10/361 2407/10/361 2408/122/361
f 755/117/362 2415/117/362 2416/129/362
f 739/135/363 2399/135/363 2400/131/363
f 763/136/364 2423/136/364 2424/138/364
f 771/146/365 2431/146/365 2432/2/365
f 731/152/366 2391/152/366 2392/1/366
f 723/118/19 2383/118/19 2384/157/19
f 779/542/414 2439/542/414 2440/544/414
f 819/553/415 2479/553/415 2480/551/415
f 787/558/416 2447/558/416 2448/560/416
f 811/569/417 2471/569/417 2472/567/417
f 795/573/418 2455/573/418 2456/575/418
f 803/586/419 2463/586/419 2464/584/419
f 827/542/414 2487/542/414 2488/544/414
f 867/553/415 2527/553/415 2528/551/415
f 835/558/416 2495/558/416 2496/560/416
f 859/569/417 2519/569/417 2520/567/417
f 843/573/418 2503/573/418 2504/575/418
f 851/586/419 2511/586/419 2512/584/419
f 875/542/414 2535/542/414 2536/544/414
f 915/553/415 2575/553/415 2576/551/415
f 883/558/416 2543/558/416 2544/560/416
f 907/569/417 2567/569/417 2568/567/417
f 891/573/418 2551/573/418 2552/575/418
f 899/586/419 2559/586/419 2560/584/419
f 963/490/420 2623/490/420 2624/494/420
f 955/504/421 2615/504/421 2616/500/421
f 947/521/550 2607/521/550 2608/522/550
f 971/513/1102 2631/513/1102 2632/523/1102
f 939/525/424 2599/525/424 2600/514/424
f 931/537/425 2591/537/425 2592/533/425
f 923/501/19 2583/501/19 2584/541/19
f 1011/405/252 2671/405/252 2672/403/252
f 1019/359/253 2679/359/253 2680/411/253
f 1059/421/254 2719/421/254 2720/418/254
f 1067/423/255 2727/423/255 2728/425/255
f 1051/442/256 2711/442/256 2712/439/256
f 1003/443/257 2663/443/257 2664/436/257
f 1075/5/5 2735/5/5 2711/442/5
f 1027/445/258 2687/445/258 2688/448/258
f 995/457/259 2655/457/259 2656/454/259
f 979/458/260 2639/458/260 2640/459/260
f 987/472/261 2647/472/261 2648/473/261
f 1035/478/262 2695/478/262 2696/481/262
f 1043/483/263 2703/483/263 2704/482/263
f 1115/593/426 2775/593/426 2776/591/426
f 1123/362/427 2783/362/427 2784/595/427
f 1139/604/428 2799/604/428 2800/117/428
f 1147/605/429 2807/605/429 2808/340/429
f 1107/622/430 2767/622/430 2768/348/430
f 1130/619/431 2790/619/431 2743/4/431
f 1131/623/432 2791/623/432 2792/620/432
f 1083/4/433 2743/4/433 2744/625/433
f 1178/5/434 2838/5/434 2791/623/434
f 1155/624/435 2815/624/435 2816/626/435
f 1171/642/436 2831/642/436 2832/641/436
f 1163/311/437 2823/311/437 2824/645/437
f 1099/653/438 2759/653/438 2760/649/438
f 1091/654/439 2751/654/439 2752/655/439
f 1219/406/104 2879/406/104 2880/408/104
f 1211/409/105 2871/409/105 2872/407/105
f 1267/417/106 2927/417/106 2928/419/106
f 1259/426/107 2919/426/107 2920/424/107
f 1275/438/108 2935/438/108 2936/440/108
f 1227/441/109 2887/441/109 2888/115/109
f 1203/446/19 2863/446/19 2864/444/19
f 1179/4/110 2839/4/110 2840/455/110
f 1252/456/6 2912/456/6 2839/4/6
f 1195/464/111 2855/464/111 2856/461/111
f 1187/469/112 2847/469/112 2848/470/112
f 1251/475/440 2911/475/440 2912/456/440
f 1235/390/114 2895/390/114 2896/476/114
f 1243/486/115 2903/486/115 2904/485/115
f 1371/662/441 3031/662/441 3032/660/441
f 1347/665/442 3007/665/442 3008/663/442
f 1363/691/443 3023/691/443 3024/687/443
f 1379/689/444 3039/689/444 3040/692/444
f 1355/693/445 3015/693/445 3016/697/445
f 1339/705/446 2999/705/446 3000/700/446
f 1283/708/447 2943/708/447 2944/709/447
f 1291/716/448 2951/716/448 2952/717/448
f 1323/728/75 2983/728/75 2984/731/75
f 1315/732/449 2975/732/449 2976/729/449
f 1299/738/450 2959/738/450 2960/741/450
f 1307/755/6 2967/755/6 2968/751/6
f 1331/115/451 2991/115/451 2992/760/451
f 1419/771/452 3079/771/452 3080/768/452
f 1427/772/453 3087/772/453 3088/774/453
f 1435/785/454 3095/785/454 3096/786/454
f 1443/793/455 3103/793/455 3104/794/455
f 1451/803/456 3111/803/456 3112/804/456
f 1411/806/457 3071/806/457 3072/800/457
f 1459/814/152 3119/814/152 3120/815/152
f 1555/825/458 3215/825/458 3216/823/458
f 1467/826/459 3127/826/459 3128/828/459
f 1547/838/460 3207/838/460 3208/837/460
f 1523/847/461 3183/847/461 3184/849/461
f 1387/856/462 3047/856/462 3048/859/462
f 1475/848/463 3135/848/463 3136/860/463
f 1539/861/464 3199/861/464 3200/855/464
f 1403/872/465 3063/872/465 3064/869/465
f 1395/884/466 3055/884/466 3056/886/466
f 1531/882/467 3191/882/467 3192/887/467
f 1499/899/468 3159/899/468 3160/903/468
f 1491/913/469 3151/913/469 3152/909/469
f 1515/918/470 3175/918/470 3176/915/470
f 1483/919/471 3143/919/471 3144/926/471
f 1507/929/472 3167/929/472 3168/932/472
f 1619/943/473 3279/943/473 3280/941/473
f 1627/946/474 3287/946/474 3288/949/474
f 1603/956/475 3263/956/475 3264/957/475
f 1611/964/6 3271/964/6 3272/953/6
f 1595/972/476 3255/972/476 3256/970/476
f 1635/982/477 3295/982/477 3296/984/477
f 1587/985/478 3247/985/478 3248/983/478
f 1579/1002/479 3239/1002/479 3240/1001/479
f 1563/994/480 3223/994/480 3224/1005/480
f 1571/1015/481 3231/1015/481 3232/1016/481
f 1643/1013/482 3303/1013/482 3304/1020/482
f 1659/1021/483 3319/1021/483 3320/5/483
f 1651/1032/484 3311/1032/484 3312/1031/484
f 4/12/6 1664/12/6 1665/11/6
f 20/20/485 1680/20/485 1681/19/485
f 28/22/486 1688/22/486 1689/26/486
f 100/30/487 1760/30/487 1761/31/487
f 108/38/488 1768/38/488 1769/39/488
f 92/50/489 1752/50/489 1753/48/489
f 36/57/490 1696/57/490 1697/59/490
f 84/63/491 1744/63/491 1745/61/491
f 68/83/492 1728/83/492 1729/85/492
f 76/86/493 1736/86/493 1737/82/493
f 44/84/494 1704/84/494 1705/93/494
f 60/94/495 1720/94/495 1721/73/495
f 52/105/496 1712/105/496 1713/104/496
f 116/115/497 1776/115/497 1777/117/497
f 148/122/498 1808/122/498 1809/121/498
f 156/129/499 1816/129/499 1817/9/499
f 140/131/500 1800/131/500 1801/128/500
f 164/138/501 1824/138/501 1825/139/501
f 172/2/502 1832/2/502 1833/147/502
f 132/1/503 1792/1/503 1793/109/503
f 124/157/6 1784/157/6 1785/151/6
f 188/160/504 1848/160/504 1849/3/504
f 180/172/505 1840/172/505 1841/170/505
f 292/176/506 1952/176/506 1953/177/506
f 196/174/507 1856/174/507 1857/183/507
f 284/191/508 1944/191/508 1945/190/508
f 276/199/509 1936/199/509 1937/6/509
f 204/206/510 1864/206/510 1865/208/510
f 268/212/511 1928/212/511 1929/210/511
f 212/220/512 1872/220/512 1873/221/512
f 236/229/513 1896/229/513 1897/225/513
f 260/237/514 1920/237/514 1921/231/514
f 220/238/515 1880/238/515 1881/240/515
f 228/247/516 1888/247/516 1889/245/516
f 244/7/517 1904/7/517 1905/259/517
f 252/264/518 1912/264/518 1913/261/518
f 308/274/235 1968/274/235 1969/273/235
f 316/278/236 1976/278/236 1977/281/236
f 300/4/237 1960/4/237 1961/285/237
f 428/290/238 2088/290/238 2089/291/238
f 433/5/6 2093/5/6 1960/4/6
f 420/301/239 2080/301/239 2081/302/239
f 412/311/240 2072/311/240 2073/310/240
f 324/313/519 1984/313/519 1985/317/519
f 404/321/242 2064/321/242 2065/320/242
f 396/332/243 2056/332/243 2057/330/243
f 332/341/244 1992/341/244 1993/343/244
f 388/345/1094 2048/345/1094 2049/344/1094
f 356/362/246 2016/362/246 2017/359/246
f 340/363/247 2000/363/247 2001/365/247
f 348/379/248 2008/379/248 2009/378/248
f 380/381/249 2040/381/249 2041/380/249
f 364/386/250 2024/386/250 2025/388/250
f 372/399/251 2032/399/251 2033/398/251
f 444/271/521 2104/271/521 2105/269/521
f 436/283/522 2096/283/522 2097/282/522
f 452/284/523 2112/284/523 2113/286/523
f 564/292/524 2224/292/524 2225/293/524
f 556/299/525 2216/299/525 2217/296/525
f 548/309/526 2208/309/526 2209/307/526
f 540/319/527 2200/319/527 2201/318/527
f 460/323/528 2120/323/528 2121/327/528
f 532/329/529 2192/329/529 2193/328/529
f 524/342/530 2184/342/530 2185/340/530
f 468/346/531 2128/346/531 2129/348/531
f 492/357/532 2152/357/532 2153/353/532
f 516/368/533 2176/368/533 2177/361/533
f 476/367/534 2136/367/534 2137/370/534
f 484/376/535 2144/376/535 2145/374/535
f 500/389/536 2160/389/536 2161/391/536
f 508/395/537 2168/395/537 2169/392/537
f 604/401/538 2264/401/538 2265/402/538
f 652/309/539 2312/309/539 2313/415/539
f 612/413/540 2272/413/540 2273/422/540
f 660/427/541 2320/427/541 2321/429/541
f 596/358/542 2256/358/542 2257/420/542
f 644/437/543 2304/437/543 2305/433/543
f 588/452/544 2248/452/544 2249/450/544
f 620/451/545 2280/451/545 2281/453/545
f 572/462/546 2232/462/546 2233/463/546
f 580/474/547 2240/474/547 2241/471/547
f 636/480/548 2296/480/548 2297/479/548
f 628/484/549 2288/484/549 2289/488/549
f 708/490/420 2368/490/420 2369/494/420
f 700/504/421 2360/504/421 2361/500/421
f 692/521/550 2352/521/550 2353/522/550
f 716/513/1102 2376/513/1102 2377/523/1102
f 684/525/424 2344/525/424 2345/514/424
f 676/537/551 2336/537/551 2337/533/551
f 668/501/19 2328/501/19 2329/541/19
f 748/122/498 2408/122/498 2409/121/498
f 756/129/499 2416/129/499 2417/9/499
f 740/131/1103 2400/131/1103 2401/128/1103
f 764/138/501 2424/138/501 2425/139/501
f 772/2/502 2432/2/502 2433/147/502
f 732/1/503 2392/1/503 2393/109/503
f 724/157/6 2384/157/6 2385/151/6
f 780/544/552 2440/544/552 2441/546/552
f 820/551/553 2480/551/553 2481/549/553
f 788/560/554 2448/560/554 2449/562/554
f 812/567/1104 2472/567/1104 2473/566/1104
f 796/575/556 2456/575/556 2457/577/556
f 804/584/557 2464/584/557 2465/582/557
f 828/544/552 2488/544/552 2489/546/552
f 868/551/553 2528/551/553 2529/549/553
f 836/560/554 2496/560/554 2497/562/554
f 860/567/555 2520/567/555 2521/566/555
f 844/575/556 2504/575/556 2505/577/556
f 852/584/557 2512/584/557 2513/582/557
f 876/544/552 2536/544/552 2537/546/552
f 916/551/553 2576/551/553 2577/549/553
f 884/560/554 2544/560/554 2545/562/554
f 908/567/555 2568/567/555 2569/566/555
f 892/575/556 2552/575/556 2553/577/556
f 900/584/557 2560/584/557 2561/582/557
f 964/494/558 2624/494/558 2625/496/558
f 956/500/559 2616/500/559 2617/498/559
f 940/514/560 2600/514/560 2601/515/560
f 948/522/561 2608/522/561 2609/115/561
f 972/523/562 2632/523/562 2633/526/562
f 932/533/563 2592/533/563 2593/532/563
f 924/541/6 2584/541/6 2585/540/6
f 1012/403/401 2672/403/401 2673/401/401
f 1020/411/402 2680/411/402 2681/413/402
f 1060/418/403 2720/418/403 2721/309/403
f 1068/425/404 2728/425/404 2729/427/404
f 1004/436/405 2664/436/405 2665/358/405
f 1052/439/406 2712/439/406 2713/437/406
f 1028/448/407 2688/448/407 2689/451/407
f 996/454/408 2656/454/408 2657/452/408
f 980/459/409 2640/459/409 2641/462/409
f 988/473/410 2648/473/410 2649/474/410
f 1044/482/411 2704/482/411 2705/480/411
f 1036/481/412 2696/481/412 2697/484/412
f 1082/5/564 2742/5/564 2736/4/564
f 1076/4/19 2736/4/19 2737/537/19
f 1116/591/565 2776/591/565 2777/590/565
f 1124/595/566 2784/595/566 2785/596/566
f 1140/117/567 2800/117/567 2801/599/567
f 1148/340/568 2808/340/568 2809/609/568
f 1108/348/569 2768/348/569 2769/615/569
f 1132/620/570 2792/620/570 2793/396/570
f 1156/626/571 2816/626/571 2817/628/571
f 1084/625/572 2744/625/572 2745/631/572
f 1172/641/573 2832/641/573 2833/288/573
f 1164/645/574 2824/645/574 2825/647/574
f 1100/649/575 2760/649/575 2761/643/575
f 1092/655/576 2752/655/576 2753/272/576
f 1212/407/73 2872/407/73 2873/405/73
f 1220/408/74 2880/408/74 2881/359/74
f 1268/419/281 2928/419/281 2929/423/281
f 1260/424/76 2920/424/76 2921/421/76
f 1276/440/77 2936/440/77 2937/5/77
f 1204/444/78 2864/444/78 2865/443/78
f 1228/115/79 2888/115/79 2889/445/79
f 1180/455/80 2840/455/80 2841/458/80
f 1196/461/81 2856/461/81 2857/457/81
f 1188/470/82 2848/470/82 2849/472/82
f 1236/476/83 2896/476/83 2897/478/83
f 1244/485/84 2904/485/84 2905/483/84
f 1372/660/577 3032/660/577 3033/666/577
f 1348/663/578 3008/663/578 3009/668/578
f 1364/687/579 3024/687/579 3025/684/579
f 1380/692/580 3040/692/580 3041/696/580
f 1340/700/581 3000/700/581 3001/694/581
f 1356/697/582 3016/697/582 3017/701/582
f 1284/709/1105 2944/709/1105 2945/710/1105
f 1292/717/584 2952/717/584 2953/718/584
f 1316/729/585 2976/729/585 2977/726/585
f 1324/731/586 2984/731/586 2985/736/586
f 1300/741/587 2960/741/587 2961/745/587
f 1308/751/588 2968/751/588 2969/748/588
f 1332/760/152 2992/760/152 2993/763/152
f 1420/768/589 3080/768/589 3081/765/589
f 1428/774/590 3088/774/590 3089/775/590
f 1436/786/591 3096/786/591 3097/787/591
f 1444/794/592 3104/794/592 3105/795/592
f 1412/800/593 3072/800/593 3073/798/593
f 1452/804/1106 3112/804/1106 3113/805/1106
f 1460/815/595 3120/815/595 3121/816/595
f 1556/823/596 3216/823/596 3217/821/596
f 1468/828/597 3128/828/597 3129/831/597
f 1548/837/598 3208/837/598 3209/835/598
f 1524/849/1107 3184/849/1107 3185/851/1107
f 1540/855/600 3200/855/600 3201/850/600
f 1388/859/1108 3048/859/1108 3049/864/1108
f 1404/869/1109 3064/869/1109 3065/865/1109
f 1476/860/603 3136/860/603 3137/879/603
f 1396/886/604 3056/886/604 3057/889/604
f 1532/887/605 3192/887/605 3193/891/605
f 1500/903/606 3160/903/606 3161/906/606
f 1492/909/1110 3152/909/1110 3153/905/1110
f 1516/915/608 3176/915/608 3177/911/608
f 1484/926/609 3144/926/609 3145/933/609
f 1508/932/610 3168/932/610 3169/935/610
f 1620/941/611 3280/941/611 3281/940/611
f 1628/949/612 3288/949/612 3289/952/612
f 1612/953/613 3272/953/613 3273/951/613
f 1604/957/614 3264/957/614 3265/958/614
f 1596/970/615 3256/970/615 3257/969/615
f 1588/983/616 3248/983/616 3249/981/616
f 1636/984/617 3296/984/617 3297/987/617
f 1580/1001/618 3240/1001/618 3241/999/618
f 1564/1005/619 3224/1005/619 3225/1006/619
f 1572/1016/1111 3232/1016/1111 3233/1018/1111
f 1644/1020/621 3304/1020/621 3305/1023/621
f 1652/1031/622 3312/1031/622 3313/1029/622
f 5/11/5 1665/11/5 1666/10/5
f 21/19/623 1681/19/623 1682/17/623
f 13/4/624 1673/4/624 1674/28/624
f 29/26/625 1689/26/625 1690/29/625
f 101/31/626 1761/31/626 1762/32/626
f 109/39/627 1769/39/627 1770/5/627
f 110/5/6 1770/5/6 1673/4/6
f 93/48/628 1753/48/628 1754/47/628
f 85/61/629 1745/61/629 1746/60/629
f 37/59/630 1697/59/630 1698/62/630
f 61/73/6 1721/73/6 1722/74/6
f 77/82/631 1737/82/631 1738/79/631
f 69/85/632 1729/85/632 1730/87/632
f 45/93/633 1705/93/633 1706/95/633
f 53/104/634 1713/104/634 1714/102/634
f 117/117/19 1777/117/19 1778/112/19
f 149/121/635 1809/121/635 1810/120/635
f 141/128/636 1801/128/636 1802/11/636
f 157/9/637 1817/9/637 1818/130/637
f 165/139/638 1825/139/638 1826/111/638
f 173/147/639 1833/147/639 1834/148/639
f 133/109/640 1793/109/640 1794/145/640
f 125/151/19 1785/151/19 1786/156/19
f 189/3/641 1849/3/641 1850/159/641
f 181/170/642 1841/170/642 1842/169/642
f 293/177/643 1953/177/643 1954/178/643
f 197/183/644 1857/183/644 1858/186/644
f 285/190/645 1945/190/645 1946/189/645
f 277/6/646 1937/6/646 1938/197/646
f 269/210/647 1929/210/647 1930/209/647
f 205/208/648 1865/208/648 1866/211/648
f 213/221/649 1873/221/649 1874/223/649
f 237/225/650 1897/225/650 1898/226/650
f 261/231/651 1921/231/651 1922/227/651
f 221/240/652 1881/240/652 1882/11/652
f 229/245/653 1889/245/653 1890/243/653
f 245/259/654 1905/259/654 1906/260/654
f 253/261/655 1913/261/655 1914/258/655
f 309/273/384 1969/273/384 1970/271/384
f 317/281/385 1977/281/385 1978/284/385
f 301/285/386 1961/285/386 1962/283/386
f 429/291/387 2089/291/387 2090/292/387
f 421/302/388 2081/302/388 2082/299/388
f 413/310/389 2073/310/389 2074/309/389
f 405/320/390 2065/320/390 2066/319/390
f 325/317/391 1985/317/391 1986/323/391
f 397/330/392 2057/330/392 2058/329/392
f 389/344/393 2049/344/393 2050/342/393
f 333/343/1101 1993/343/1101 1994/346/1101
f 357/359/395 2017/359/395 2018/357/395
f 341/365/396 2001/365/396 2002/367/396
f 349/378/397 2009/378/397 2010/376/397
f 381/380/398 2041/380/398 2042/368/398
f 365/388/399 2025/388/399 2026/389/399
f 373/398/400 2033/398/400 2034/395/400
f 445/269/656 2105/269/656 2106/270/656
f 437/282/657 2097/282/657 2098/280/657
f 565/293/227 2225/293/227 2226/294/227
f 453/286/658 2113/286/658 2114/295/658
f 557/296/659 2217/296/659 2218/297/659
f 549/307/911 2209/307/911 2210/306/911
f 541/318/661 2201/318/661 2202/316/661
f 533/328/662 2193/328/662 2194/326/662
f 461/327/663 2121/327/663 2122/331/663
f 525/340/664 2185/340/664 2186/339/664
f 469/348/665 2129/348/665 2130/350/665
f 493/353/1112 2153/353/1112 2154/354/1112
f 517/361/667 2177/361/667 2178/355/667
f 477/370/1113 2137/370/1113 2138/371/1113
f 485/374/669 2145/374/669 2146/372/669
f 509/392/1114 2169/392/1114 2170/390/1114
f 501/391/671 2161/391/671 2162/393/671
f 605/402/672 2265/402/672 2266/400/672
f 653/415/673 2313/415/673 2314/414/673
f 597/420/674 2257/420/674 2258/412/674
f 613/422/675 2273/422/675 2274/430/675
f 661/429/676 2321/429/676 2322/432/676
f 645/433/677 2305/433/677 2306/431/677
f 589/450/678 2249/450/678 2250/449/678
f 621/453/679 2281/453/679 2282/460/679
f 573/463/680 2233/463/680 2234/465/680
f 581/471/681 2241/471/681 2242/286/681
f 637/479/682 2297/479/682 2298/334/682
f 629/488/683 2289/488/683 2290/489/683
f 709/494/1115 2369/494/1115 2370/496/1115
f 701/500/559 2361/500/559 2362/498/559
f 685/514/560 2345/514/560 2346/515/560
f 693/522/1116 2353/522/1116 2354/115/1116
f 717/523/562 2377/523/562 2378/526/562
f 677/533/563 2337/533/563 2338/532/563
f 669/541/6 2329/541/6 2330/540/6
f 749/121/635 2409/121/635 2410/120/635
f 741/128/636 2401/128/636 2402/11/636
f 757/9/637 2417/9/637 2418/130/637
f 765/139/638 2425/139/638 2426/111/638
f 773/147/639 2433/147/639 2434/148/639
f 733/109/640 2393/109/640 2394/145/640
f 725/151/19 2385/151/19 2386/156/19
f 781/546/685 2441/546/685 2442/548/685
f 821/549/691 2481/549/691 2482/547/691
f 789/562/687 2449/562/687 2450/564/687
f 813/566/692 2473/566/692 2474/563/692
f 797/577/689 2457/577/689 2458/579/689
f 805/582/690 2465/582/690 2466/580/690
f 829/546/685 2489/546/685 2490/548/685
f 869/549/691 2529/549/691 2530/547/691
f 837/562/687 2497/562/687 2498/564/687
f 861/566/688 2521/566/688 2522/563/688
f 845/577/689 2505/577/689 2506/579/689
f 853/582/690 2513/582/690 2514/580/690
f 877/546/685 2537/546/685 2538/548/685
f 917/549/686 2577/549/686 2578/547/686
f 885/562/687 2545/562/687 2546/564/687
f 909/566/688 2569/566/688 2570/563/688
f 893/577/689 2553/577/689 2554/579/689
f 901/582/690 2561/582/690 2562/580/690
f 957/498/693 2617/498/693 2618/497/693
f 965/496/694 2625/496/694 2626/499/694
f 941/515/695 2601/515/695 2602/516/695
f 949/115/696 2609/115/696 2610/512/696
f 973/526/697 2633/526/697 2634/531/697
f 933/532/698 2593/532/698 2594/530/698
f 925/540/699 2585/540/699 2586/539/699
f 1013/401/538 2673/401/538 2674/402/538
f 1061/309/539 2721/309/539 2722/415/539
f 1021/413/540 2681/413/540 2682/422/540
f 1069/427/541 2729/427/541 2730/429/541
f 1005/358/542 2665/358/542 2666/420/542
f 1053/437/543 2713/437/543 2714/433/543
f 997/452/544 2657/452/544 2658/450/544
f 1029/451/545 2689/451/545 2690/453/545
f 981/462/546 2641/462/546 2642/463/546
f 989/474/547 2649/474/547 2650/471/547
f 1045/480/548 2705/480/548 2706/479/548
f 1037/484/549 2697/484/549 2698/488/549
f 1077/537/700 2737/537/700 2738/514/700
f 1117/590/701 2777/590/701 2778/378/701
f 1141/599/702 2801/599/702 2802/597/702
f 1125/596/703 2785/596/703 2786/603/703
f 1149/609/704 2809/609/704 2810/611/704
f 1109/615/705 2769/615/705 2770/612/705
f 1133/396/706 2793/396/706 2794/617/706
f 1157/628/707 2817/628/707 2818/320/707
f 1085/631/708 2745/631/708 2746/634/708
f 1173/288/709 2833/288/709 2834/638/709
f 1101/643/710 2761/643/710 2762/109/710
f 1165/647/711 2825/647/711 2826/651/711
f 1093/272/712 2753/272/712 2754/658/712
f 1213/405/252 2873/405/252 2874/403/252
f 1221/359/253 2881/359/253 2882/411/253
f 1261/421/254 2921/421/254 2922/418/254
f 1269/423/255 2929/423/255 2930/425/255
f 1253/442/256 2913/442/256 2914/439/256
f 1205/443/257 2865/443/257 2866/436/257
f 1277/5/5 2937/5/5 2913/442/5
f 1229/445/258 2889/445/258 2890/448/258
f 1197/457/259 2857/457/259 2858/454/259
f 1181/458/260 2841/458/260 2842/459/260
f 1189/472/261 2849/472/261 2850/473/261
f 1237/478/262 2897/478/262 2898/481/262
f 1245/483/263 2905/483/263 2906/482/263
f 1373/666/1117 3033/666/1117 3034/670/1117
f 1349/668/714 3009/668/714 3010/672/714
f 1365/684/715 3025/684/715 3026/680/715
f 1341/694/716 3001/694/716 3002/688/716
f 1381/696/717 3041/696/717 3042/699/717
f 1357/701/718 3017/701/718 3018/703/718
f 1285/710/1118 2945/710/1118 2946/711/1118
f 1293/718/720 2953/718/720 2954/721/720
f 1317/726/721 2977/726/721 2978/723/721
f 1325/736/722 2985/736/722 2986/739/722
f 1309/748/723 2969/748/723 2970/746/723
f 1301/745/1119 2961/745/1119 2962/749/1119
f 1333/763/19 2993/763/19 2994/761/19
f 1421/765/725 3081/765/725 3082/766/725
f 1429/775/726 3089/775/726 3090/777/726
f 1437/787/727 3097/787/727 3098/788/727
f 1445/795/728 3105/795/728 3106/796/728
f 1413/798/1120 3073/798/1120 3074/783/1120
f 1453/805/730 3113/805/730 3114/807/730
f 1461/816/731 3121/816/731 3122/817/731
f 1557/821/732 3217/821/732 3218/5/732
f 1469/831/733 3129/831/733 3130/833/733
f 1549/835/734 3209/835/734 3210/834/734
f 1541/850/1121 3201/850/1121 3202/846/1121
f 1525/851/736 3185/851/736 3186/857/736
f 1405/865/1122 3065/865/1122 3066/862/1122
f 1389/864/738 3049/864/738 3050/867/738
f 1397/889/739 3057/889/739 3058/888/739
f 1533/891/740 3193/891/740 3194/892/740
f 1477/879/741 3137/879/741 3138/894/741
f 1493/905/742 3153/905/742 3154/902/742
f 1501/906/1123 3161/906/1123 3162/910/1123
f 1517/911/744 3177/911/744 3178/908/744
f 1485/933/745 3145/933/745 3146/931/745
f 1509/935/746 3169/935/746 3170/934/746
f 1621/940/747 3281/940/747 3282/939/747
f 1613/951/748 3273/951/748 3274/950/748
f 1605/958/749 3265/958/749 3266/959/749
f 1629/952/750 3289/952/750 3290/965/750
f 1597/969/751 3257/969/751 3258/968/751
f 1589/981/752 3249/981/752 3250/980/752
f 1637/987/753 3297/987/753 3298/992/753
f 1581/999/754 3241/999/754 3242/997/754
f 1565/1006/755 3225/1006/755 3226/1007/755
f 1573/1018/756 3233/1018/756 3234/1019/756
f 1645/1023/757 3305/1023/757 3306/1026/757
f 1653/1029/758 3313/1029/758 3314/1028/758
f 6/10/6 1666/10/6 1667/7/6
f 22/17/759 1682/17/759 1683/16/759
f 14/28/760 1674/28/760 1675/27/760
f 102/32/761 1762/32/761 1763/33/761
f 30/29/762 1690/29/762 1691/40/762
f 94/47/763 1754/47/763 1755/45/763
f 86/60/764 1746/60/764 1747/58/764
f 38/62/765 1698/62/765 1699/64/765
f 62/74/766 1722/74/766 1723/72/766
f 78/79/767 1738/79/767 1739/75/767
f 70/87/768 1730/87/768 1731/88/768
f 46/95/769 1706/95/769 1707/99/769
f 54/102/770 1714/102/770 1715/101/770
f 142/11/771 1802/11/771 1803/125/771
f 158/130/772 1818/130/772 1819/132/772
f 166/111/773 1826/111/773 1827/6/773
f 134/145/774 1794/145/774 1795/142/774
f 174/148/775 1834/148/775 1835/149/775
f 126/156/776 1786/156/776 1787/3/776
f 190/159/442 1850/159/442 1851/158/442
f 182/169/777 1842/169/777 1843/167/777
f 294/178/778 1954/178/778 1955/179/778
f 198/186/779 1858/186/779 1859/188/779
f 286/189/780 1946/189/780 1947/187/780
f 278/197/781 1938/197/781 1939/196/781
f 270/209/782 1930/209/782 1931/207/782
f 206/211/783 1866/211/783 1867/213/783
f 238/226/152 1898/226/152 1899/224/152
f 262/227/784 1922/227/784 1923/222/784
f 214/223/785 1874/223/785 1875/228/785
f 230/243/786 1890/243/786 1891/241/786
f 222/11/787 1882/11/787 1883/244/787
f 254/258/788 1914/258/788 1915/9/788
f 246/260/789 1906/260/789 1907/262/789
f 310/271/521 1970/271/521 1971/269/521
f 302/283/522 1962/283/522 1963/282/522
f 318/284/523 1978/284/523 1979/286/523
f 430/292/524 2090/292/524 2091/293/524
f 422/299/525 2082/299/525 2083/296/525
f 414/309/526 2074/309/526 2075/307/526
f 406/319/527 2066/319/527 2067/318/527
f 326/323/528 1986/323/528 1987/327/528
f 398/329/529 2058/329/529 2059/328/529
f 390/342/530 2050/342/530 2051/340/530
f 334/346/531 1994/346/531 1995/348/531
f 358/357/532 2018/357/532 2019/353/532
f 382/368/533 2042/368/533 2043/361/533
f 342/367/534 2002/367/534 2003/370/534
f 350/376/535 2010/376/535 2011/374/535
f 366/389/536 2026/389/536 2027/391/536
f 374/395/537 2034/395/537 2035/392/537
f 446/270/791 2106/270/791 2107/268/791
f 438/280/792 2098/280/792 2099/279/792
f 566/294/793 2226/294/793 2227/5/793
f 558/297/794 2218/297/794 2219/287/794
f 454/295/795 2114/295/795 2115/298/795
f 550/306/796 2210/306/796 2211/305/796
f 542/316/797 2202/316/797 2203/315/797
f 534/326/798 2194/326/798 2195/325/798
f 462/331/799 2122/331/799 2123/333/799
f 526/339/800 2186/339/800 2187/337/800
f 494/354/152 2154/354/152 2155/352/152
f 518/355/801 2178/355/801 2179/351/801
f 470/350/802 2130/350/802 2131/356/802
f 486/372/803 2146/372/803 2147/369/803
f 478/371/1020 2138/371/1020 2139/373/1020
f 510/390/805 2170/390/805 2171/387/805
f 502/393/806 2162/393/806 2163/394/806
f 606/400/128 2266/400/128 2267/404/128
f 598/412/129 2258/412/129 2259/410/129
f 654/414/130 2314/414/130 2315/416/130
f 646/431/131 2306/431/131 2307/428/131
f 662/432/132 2322/432/132 2323/434/132
f 614/430/133 2274/430/133 2275/435/133
f 590/449/134 2250/449/134 2251/447/134
f 574/465/135 2234/465/135 2235/467/135
f 622/460/136 2282/460/136 2283/468/136
f 582/286/137 2242/286/137 2243/466/137
f 638/334/138 2298/334/138 2299/477/138
f 630/489/139 2290/489/139 2291/487/139
f 702/498/693 2362/498/693 2363/497/693
f 710/496/694 2370/496/694 2371/499/694
f 686/515/695 2346/515/695 2347/516/695
f 694/115/696 2354/115/696 2355/512/696
f 718/526/697 2378/526/697 2379/531/697
f 678/532/698 2338/532/698 2339/530/698
f 670/540/699 2330/540/699 2331/539/699
f 742/11/771 2402/11/771 2403/125/771
f 758/130/1124 2418/130/1124 2419/132/1124
f 766/111/773 2426/111/773 2427/6/773
f 734/145/774 2394/145/774 2395/142/774
f 774/148/775 2434/148/775 2435/149/775
f 726/156/776 2386/156/776 2387/3/776
f 822/547/807 2482/547/807 2483/545/807
f 782/548/808 2442/548/808 2443/550/808
f 814/563/809 2474/563/809 2475/561/809
f 790/564/810 2450/564/810 2451/565/810
f 806/580/813 2466/580/813 2467/578/813
f 798/579/812 2458/579/812 2459/581/812
f 870/547/807 2530/547/807 2531/545/807
f 830/548/1125 2490/548/1125 2491/550/1125
f 862/563/809 2522/563/809 2523/561/809
f 838/564/810 2498/564/810 2499/565/810
f 854/580/811 2514/580/811 2515/578/811
f 846/579/812 2506/579/812 2507/581/812
f 918/547/807 2578/547/807 2579/545/807
f 878/548/808 2538/548/808 2539/550/808
f 910/563/809 2570/563/809 2571/561/809
f 886/564/810 2546/564/810 2547/565/810
f 902/580/813 2562/580/813 2563/578/813
f 894/579/812 2554/579/812 2555/581/812
f 958/497/814 2618/497/814 2619/495/814
f 966/499/1126 2626/499/1126 2627/503/1126
f 950/512/816 2610/512/816 2611/510/816
f 942/516/1127 2602/516/1127 2603/517/1127
f 934/530/818 2594/530/818 2595/529/818
f 974/531/5 2634/531/5 2635/502/5
f 926/539/915 2586/539/915 2587/538/915
f 1014/402/672 2674/402/672 2675/400/672
f 1062/415/673 2722/415/673 2723/414/673
f 1006/420/674 2666/420/674 2667/412/674
f 1022/422/675 2682/422/675 2683/430/675
f 1070/429/676 2730/429/676 2731/432/676
f 1054/433/677 2714/433/677 2715/431/677
f 998/450/678 2658/450/678 2659/449/678
f 1030/453/679 2690/453/679 2691/460/679
f 982/463/680 2642/463/680 2643/465/680
f 990/471/681 2650/471/681 2651/286/681
f 1046/479/682 2706/479/682 2707/334/682
f 1038/488/683 2698/488/683 2699/489/683
f 1078/514/5 2738/514/5 2739/115/5
f 1118/378/820 2778/378/820 2779/589/820
f 1142/597/821 2802/597/821 2803/355/821
f 1126/603/822 2786/603/822 2787/607/822
f 1110/612/823 2770/612/823 2771/606/823
f 1150/611/1128 2810/611/1128 2811/614/1128
f 1134/617/825 2794/617/825 2795/613/825
f 1158/320/826 2818/320/826 2819/111/826
f 1086/634/827 2746/634/827 2747/636/827
f 1174/638/828 2834/638/828 2835/635/828
f 1102/109/829 2762/109/829 2763/331/829
f 1166/651/830 2826/651/830 2827/652/830
f 1094/658/831 2754/658/831 2755/659/831
f 1214/403/401 2874/403/401 2875/401/401
f 1222/411/402 2882/411/402 2883/413/402
f 1262/418/403 2922/418/403 2923/309/403
f 1270/425/404 2930/425/404 2931/427/404
f 1206/436/405 2866/436/405 2867/358/405
f 1254/439/406 2914/439/406 2915/437/406
f 1230/448/407 2890/448/407 2891/451/407
f 1198/454/408 2858/454/408 2859/452/408
f 1182/459/409 2842/459/409 2843/462/409
f 1190/473/410 2850/473/410 2851/474/410
f 1246/482/411 2906/482/411 2907/480/411
f 1238/481/412 2898/481/412 2899/484/412
f 1374/670/832 3034/670/832 3035/673/832
f 1350/672/833 3010/672/833 3011/676/833
f 1278/4/152 2938/4/152 2939/678/152
f 1384/5/5 3044/5/5 2938/4/5
f 1366/680/834 3026/680/834 3027/674/834
f 1342/688/835 3002/688/835 3003/683/835
f 1382/699/836 3042/699/836 3043/679/836
f 1286/711/1129 2946/711/1129 2947/712/1129
f 1358/703/1130 3018/703/1130 3019/719/1130
f 1318/723/839 2978/723/839 2979/720/839
f 1294/721/147 2954/721/147 2955/724/147
f 1326/739/840 2986/739/840 2987/742/840
f 1310/746/841 2970/746/841 2971/743/841
f 1302/749/842 2962/749/842 2963/753/842
f 1334/761/6 2994/761/6 2995/758/6
f 1422/766/843 3082/766/843 3083/764/843
f 1430/777/1131 3090/777/1131 3091/779/1131
f 1414/783/845 3074/783/845 3075/781/845
f 1438/788/1132 3098/788/1132 3099/789/1132
f 1446/796/847 3106/796/847 3107/797/847
f 1454/807/848 3114/807/848 3115/808/848
f 1462/817/849 3122/817/849 3123/818/849
f 1550/834/850 3210/834/850 3211/832/850
f 1470/833/851 3130/833/851 3131/836/851
f 1542/846/1133 3202/846/1133 3203/845/1133
f 1406/862/853 3066/862/853 3067/858/853
f 1526/857/854 3186/857/854 3187/863/854
f 1390/867/855 3050/867/855 3051/870/855
f 1398/888/856 3058/888/856 3059/885/856
f 1534/892/857 3194/892/857 3195/890/857
f 1478/894/858 3138/894/858 3139/897/858
f 1494/902/859 3154/902/859 3155/898/859
f 1518/908/860 3178/908/860 3179/904/860
f 1502/910/1134 3162/910/1134 3163/914/1134
f 1486/931/862 3146/931/862 3147/928/862
f 1510/934/863 3170/934/863 3171/930/863
f 1622/939/1135 3282/939/1135 3283/937/1135
f 1614/950/865 3274/950/865 3275/948/865
f 1606/959/866 3266/959/866 3267/960/866
f 1598/968/867 3258/968/867 3259/966/867
f 1630/965/868 3290/965/868 3291/971/868
f 1590/980/869 3250/980/869 3251/978/869
f 1638/992/870 3298/992/870 3299/995/870
f 1582/997/871 3242/997/871 3243/996/871
f 1566/1007/872 3226/1007/872 3227/1009/872
f 1574/1019/873 3234/1019/873 3235/1017/873
f 1654/1028/874 3314/1028/874 3315/1027/874
f 1646/1026/875 3306/1026/875 3307/1030/875
f 7/7/19 1667/7/19 1668/9/19
f 23/16/876 1683/16/876 1684/14/876
f 15/27/877 1675/27/877 1676/25/877
f 103/33/878 1763/33/878 1764/34/878
f 95/45/879 1755/45/879 1756/44/879
f 31/40/880 1691/40/880 1692/46/880
f 87/58/881 1747/58/881 1748/56/881
f 39/64/882 1699/64/882 1700/66/882
f 79/75/883 1739/75/883 1740/71/883
f 63/72/884 1723/72/884 1724/76/884
f 71/88/885 1731/88/885 1732/90/885
f 55/101/886 1715/101/886 1716/100/886
f 47/99/887 1707/99/887 1708/103/887
f 111/4/5 1771/4/5 1772/110/5
f 118/112/888 1778/112/888 1771/4/888
f 121/5/889 1781/5/889 1779/111/889
f 119/111/890 1779/111/890 1780/113/890
f 143/125/891 1803/125/891 1804/114/891
f 151/119/19 1811/119/19 1812/7/19
f 177/5/6 1837/5/6 1811/119/6
f 159/132/892 1819/132/892 1820/133/892
f 167/6/893 1827/6/893 1828/141/893
f 135/142/894 1795/142/894 1796/140/894
f 175/149/895 1835/149/895 1836/150/895
f 127/3/896 1787/3/896 1788/155/896
f 191/158/897 1851/158/897 1852/162/897
f 183/167/898 1843/167/898 1844/166/898
f 295/179/899 1955/179/899 1956/180/899
f 287/187/900 1947/187/900 1948/2/900
f 199/188/416 1859/188/416 1860/1/416
f 279/196/901 1939/196/901 1940/195/901
f 271/207/902 1931/207/902 1932/205/902
f 207/213/903 1867/213/903 1868/215/903
f 263/222/904 1923/222/904 1924/219/904
f 215/228/905 1875/228/905 1876/230/905
f 231/241/906 1891/241/906 1892/239/906
f 223/244/907 1883/244/907 1884/246/907
f 239/224/908 1899/224/908 1900/253/908
f 255/9/909 1915/9/909 1916/255/909
f 247/262/910 1907/262/910 1908/263/910
f 311/269/656 1971/269/656 1972/270/656
f 303/282/657 1963/282/657 1964/280/657
f 431/293/227 2091/293/227 2092/294/227
f 319/286/658 1979/286/658 1980/295/658
f 423/296/659 2083/296/659 2084/297/659
f 415/307/911 2075/307/911 2076/306/911
f 407/318/661 2067/318/661 2068/316/661
f 399/328/662 2059/328/662 2060/326/662
f 327/327/663 1987/327/663 1988/331/663
f 391/340/664 2051/340/664 2052/339/664
f 335/348/665 1995/348/665 1996/350/665
f 359/353/666 2019/353/666 2020/354/666
f 383/361/667 2043/361/667 2044/355/667
f 343/370/668 2003/370/668 2004/371/668
f 351/374/669 2011/374/669 2012/372/669
f 375/392/1114 2035/392/1114 2036/390/1114
f 367/391/671 2027/391/671 2028/393/671
f 447/268/41 2107/268/41 2108/272/41
f 439/279/42 2099/279/42 2100/277/42
f 559/287/43 2219/287/43 2220/288/43
f 455/298/44 2115/298/44 2116/300/44
f 551/305/45 2211/305/45 2212/304/45
f 543/315/46 2203/315/46 2204/314/46
f 535/325/47 2195/325/47 2196/324/47
f 463/333/48 2123/333/48 2124/336/48
f 527/337/912 2187/337/912 2188/335/912
f 519/351/50 2179/351/50 2180/349/50
f 471/356/1091 2131/356/1091 2132/358/1091
f 487/369/52 2147/369/52 2148/366/52
f 479/373/53 2139/373/53 2140/375/53
f 495/352/54 2155/352/54 2156/383/54
f 511/387/55 2171/387/55 2172/384/55
f 503/394/56 2163/394/56 2164/396/56
f 607/404/292 2267/404/292 2268/406/292
f 599/410/293 2259/410/293 2260/409/293
f 655/416/294 2315/416/294 2316/417/294
f 647/428/295 2307/428/295 2308/426/295
f 663/434/296 2323/434/296 2324/438/296
f 615/435/297 2275/435/297 2276/441/297
f 591/447/298 2251/447/298 2252/446/298
f 583/466/299 2243/466/299 2244/464/299
f 575/467/300 2235/467/300 2236/469/300
f 623/468/301 2283/468/301 2284/390/301
f 639/477/302 2299/477/302 2300/475/302
f 631/487/303 2291/487/303 2292/486/303
f 703/497/814 2363/497/814 2364/495/814
f 711/499/1126 2371/499/1126 2372/503/1126
f 695/512/816 2355/512/816 2356/510/816
f 687/516/1127 2347/516/1127 2348/517/1127
f 679/530/818 2339/530/818 2340/529/818
f 719/531/5 2379/531/5 2380/502/5
f 671/539/915 2331/539/915 2332/538/915
f 743/125/891 2403/125/891 2404/114/891
f 751/119/19 2411/119/19 2412/7/19
f 777/5/6 2437/5/6 2411/119/6
f 759/132/892 2419/132/892 2420/133/892
f 767/6/1136 2427/6/1136 2428/141/1136
f 735/142/894 2395/142/894 2396/140/894
f 775/149/895 2435/149/895 2436/150/895
f 727/3/896 2387/3/896 2388/155/896
f 823/545/916 2483/545/916 2484/543/916
f 783/550/917 2443/550/917 2444/552/917
f 815/561/918 2475/561/918 2476/559/918
f 791/565/919 2451/565/919 2452/568/919
f 807/578/920 2467/578/920 2468/576/920
f 799/581/921 2459/581/921 2460/583/921
f 871/545/916 2531/545/916 2532/543/916
f 831/550/917 2491/550/917 2492/552/917
f 863/561/918 2523/561/918 2524/559/918
f 839/565/919 2499/565/919 2500/568/919
f 855/578/920 2515/578/920 2516/576/920
f 847/581/921 2507/581/921 2508/583/921
f 919/545/916 2579/545/916 2580/543/916
f 879/550/917 2539/550/917 2540/552/917
f 911/561/918 2571/561/918 2572/559/918
f 887/565/919 2547/565/919 2548/568/919
f 903/578/920 2563/578/920 2564/576/920
f 895/581/921 2555/581/921 2556/583/921
f 959/495/1023 2619/495/1023 2620/493/1023
f 975/502/6 2635/502/6 2636/5/6
f 967/503/1137 2627/503/1137 2628/506/1137
f 951/510/925 2611/510/925 2612/509/925
f 943/517/926 2603/517/926 2604/518/926
f 935/529/927 2595/529/927 2596/527/927
f 927/538/928 2587/538/928 2588/534/928
f 1015/400/128 2675/400/128 2676/404/128
f 1007/412/129 2667/412/129 2668/410/129
f 1063/414/130 2723/414/130 2724/416/130
f 1055/431/131 2715/431/131 2716/428/131
f 1071/432/132 2731/432/132 2732/434/132
f 1023/430/133 2683/430/133 2684/435/133
f 999/449/134 2659/449/134 2660/447/134
f 983/465/135 2643/465/135 2644/467/135
f 1031/460/136 2691/460/136 2692/468/136
f 991/286/137 2651/286/137 2652/466/137
f 1047/334/138 2707/334/138 2708/477/138
f 1039/489/139 2699/489/139 2700/487/139
f 1079/115/929 2739/115/929 2740/497/929
f 1119/589/930 2779/589/930 2780/588/930
f 1143/355/720 2803/355/720 2804/598/720
f 1111/606/931 2771/606/931 2772/602/931
f 1127/607/932 2787/607/932 2788/385/932
f 1135/613/933 2795/613/933 2796/610/933
f 1151/614/934 2811/614/934 2812/618/934
f 1175/635/935 2835/635/935 2836/632/935
f 1103/331/936 2763/331/936 2764/633/936
f 1159/111/937 2819/111/937 2820/637/937
f 1087/636/938 2747/636/938 2748/276/938
f 1167/652/939 2827/652/939 2828/303/939
f 1095/659/940 2755/659/940 2756/657/940
f 1215/401/538 2875/401/538 2876/402/538
f 1263/309/539 2923/309/539 2924/415/539
f 1223/413/540 2883/413/540 2884/422/540
f 1271/427/541 2931/427/541 2932/429/541
f 1207/358/542 2867/358/542 2868/420/542
f 1255/437/543 2915/437/543 2916/433/543
f 1199/452/544 2859/452/544 2860/450/544
f 1231/451/545 2891/451/545 2892/453/545
f 1183/462/546 2843/462/546 2844/463/546
f 1191/474/547 2851/474/547 2852/471/547
f 1247/480/548 2907/480/548 2908/479/548
f 1239/484/549 2899/484/549 2900/488/549
f 1367/674/941 3027/674/941 3028/671/941
f 1375/673/942 3035/673/942 3036/677/942
f 1383/679/6 3043/679/6 3044/5/6
f 1351/676/943 3011/676/943 3012/681/943
f 1343/683/944 3003/683/944 3004/675/944
f 1287/712/945 2947/712/945 2948/713/945
f 1359/719/946 3019/719/946 3020/702/946
f 1319/720/947 2979/720/947 2980/704/947
f 1295/724/948 2955/724/948 2956/727/948
f 1311/743/949 2971/743/949 2972/740/949
f 1327/742/950 2987/742/950 2988/747/950
f 1279/678/19 2939/678/19 2940/754/19
f 1303/753/951 2963/753/951 2964/757/951
f 1335/758/1138 2995/758/1138 2996/752/1138
f 1423/764/953 3083/764/953 3084/767/953
f 1431/779/954 3091/779/954 3092/780/954
f 1415/781/955 3075/781/955 3076/778/955
f 1439/789/956 3099/789/956 3100/790/956
f 1447/797/957 3107/797/957 3108/799/957
f 1455/808/958 3115/808/958 3116/809/958
f 1463/818/959 3123/818/959 3124/819/959
f 1551/832/960 3211/832/960 3212/830/960
f 1471/836/961 3131/836/961 3132/839/961
f 1543/845/962 3203/845/962 3204/843/962
f 1407/858/963 3067/858/963 3068/854/963
f 1527/863/964 3187/863/964 3188/866/964
f 1391/870/965 3051/870/965 3052/873/965
f 1399/885/966 3059/885/966 3060/883/966
f 1535/890/967 3195/890/967 3196/881/967
f 1495/898/968 3155/898/968 3156/895/968
f 1479/897/969 3139/897/969 3140/901/969
f 1519/904/970 3179/904/970 3180/900/970
f 1503/914/971 3163/914/971 3164/917/971
f 1487/928/972 3147/928/972 3148/923/972
f 1511/930/973 3171/930/973 3172/927/973
f 1623/937/974 3283/937/974 3284/938/974
f 1615/948/975 3275/948/975 3276/947/975
f 1607/960/976 3267/960/976 3268/961/976
f 1599/966/977 3259/966/977 3260/967/977
f 1631/971/1139 3291/971/1139 3292/974/1139
f 1591/978/979 3251/978/979 3252/976/979
f 1559/4/5 3219/4/5 3220/989/5
f 1660/5/6 3320/5/6 3219/4/6
f 1583/996/980 3243/996/980 3244/993/980
f 1639/995/981 3299/995/981 3300/998/981
f 1567/1009/982 3227/1009/982 3228/1010/982
f 1575/1017/983 3235/1017/983 3236/1012/983
f 1655/1027/984 3315/1027/984 3316/1025/984
f 1647/1030/985 3307/1030/985 3308/1034/985
f 8/9/6 1668/9/6 1669/8/6
f 24/14/986 1684/14/986 1685/15/986
f 16/25/987 1676/25/987 1677/24/987
f 104/34/988 1764/34/988 1765/35/988
f 96/44/989 1756/44/989 1757/43/989
f 32/46/990 1692/46/990 1693/49/990
f 88/56/991 1748/56/991 1749/55/991
f 40/66/1140 1700/66/1140 1701/68/1140
f 80/71/993 1740/71/993 1741/69/993
f 64/76/994 1724/76/994 1725/78/994
f 72/90/995 1732/90/995 1733/91/995
f 56/100/996 1716/100/996 1717/98/996
f 48/103/997 1708/103/997 1709/107/997
f 112/110/998 1772/110/998 1773/109/998
f 120/113/5 1780/113/5 1781/5/5
f 144/114/999 1804/114/999 1805/124/999
f 152/7/1000 1812/7/1000 1813/126/1000
f 160/133/1001 1820/133/1001 1821/134/1001
f 136/140/1002 1796/140/1002 1797/12/1002
f 168/141/1003 1828/141/1003 1829/143/1003
f 176/150/5 1836/150/5 1837/5/5
f 128/155/1004 1788/155/1004 1789/154/1004
f 192/162/1005 1852/162/1005 1853/165/1005
f 184/166/1006 1844/166/1006 1845/164/1006
f 296/180/1007 1956/180/1007 1957/181/1007
f 288/2/1008 1948/2/1008 1949/184/1008
f 280/195/1009 1940/195/1009 1941/194/1009
f 200/1/1010 1860/1/1010 1861/198/1010
f 272/205/1011 1932/205/1011 1933/204/1011
f 208/215/1012 1868/215/1012 1869/216/1012
f 264/219/1013 1924/219/1013 1925/217/1013
f 216/230/1014 1876/230/1014 1877/233/1014
f 232/239/1015 1892/239/1015 1893/10/1015
f 224/246/1016 1884/246/1016 1885/248/1016
f 240/253/1017 1900/253/1017 1901/254/1017
f 256/255/1018 1916/255/1018 1917/252/1018
f 248/263/1019 1908/263/1019 1909/265/1019
f 312/270/791 1972/270/791 1973/268/791
f 304/280/792 1964/280/792 1965/279/792
f 432/294/793 2092/294/793 2093/5/793
f 424/297/794 2084/297/794 2085/287/794
f 320/295/795 1980/295/795 1981/298/795
f 416/306/796 2076/306/796 2077/305/796
f 408/316/797 2068/316/797 2069/315/797
f 400/326/798 2060/326/798 2061/325/798
f 328/331/799 1988/331/799 1989/333/799
f 392/339/800 2052/339/800 2053/337/800
f 360/354/152 2020/354/152 2021/352/152
f 384/355/801 2044/355/801 2045/351/801
f 336/350/802 1996/350/802 1997/356/802
f 352/372/803 2012/372/803 2013/369/803
f 344/371/1020 2004/371/1020 2005/373/1020
f 376/390/805 2036/390/805 2037/387/805
f 368/393/806 2028/393/806 2029/394/806
f 448/272/220 2108/272/220 2109/275/220
f 440/277/186 2100/277/186 2101/276/186
f 560/288/221 2220/288/221 2221/289/221
f 552/304/222 2212/304/222 2213/303/222
f 456/300/223 2116/300/223 2117/308/223
f 544/314/1141 2204/314/1141 2205/312/1141
f 536/324/225 2196/324/225 2197/322/225
f 528/335/226 2188/335/226 2189/334/226
f 464/336/227 2124/336/227 2125/338/227
f 520/349/228 2180/349/228 2181/347/228
f 472/358/1142 2132/358/1142 2133/360/1142
f 488/366/230 2148/366/230 2149/364/230
f 480/375/231 2140/375/231 2141/377/231
f 512/384/232 2172/384/232 2173/382/232
f 496/383/233 2156/383/233 2157/385/233
f 504/396/234 2164/396/234 2165/397/234
f 608/406/104 2268/406/104 2269/408/104
f 600/409/105 2260/409/105 2261/407/105
f 656/417/106 2316/417/106 2317/419/106
f 648/426/1143 2308/426/1143 2309/424/1143
f 664/438/108 2324/438/108 2325/440/108
f 616/441/109 2276/441/109 2277/115/109
f 592/446/19 2252/446/19 2253/444/19
f 568/4/110 2228/4/110 2229/455/110
f 641/456/6 2301/456/6 2228/4/6
f 584/464/111 2244/464/111 2245/461/111
f 576/469/112 2236/469/112 2237/470/112
f 640/475/113 2300/475/113 2301/456/113
f 624/390/1144 2284/390/1144 2285/476/1144
f 632/486/115 2292/486/115 2293/485/115
f 704/495/923 2364/495/923 2365/493/923
f 720/502/6 2380/502/6 2381/5/6
f 712/503/1137 2372/503/1137 2373/506/1137
f 696/510/925 2356/510/925 2357/509/925
f 688/517/926 2348/517/926 2349/518/926
f 680/529/927 2340/529/927 2341/527/927
f 672/538/928 2332/538/928 2333/534/928
f 744/114/999 2404/114/999 2405/124/999
f 752/7/1000 2412/7/1000 2413/126/1000
f 760/133/1001 2420/133/1001 2421/134/1001
f 736/140/1002 2396/140/1002 2397/12/1002
f 768/141/1003 2428/141/1003 2429/143/1003
f 776/150/5 2436/150/5 2437/5/5
f 728/155/1004 2388/155/1004 2389/154/1004
f 824/543/1025 2484/543/1025 2485/5/1025
f 784/552/1026 2444/552/1026 2445/554/1026
f 816/559/1027 2476/559/1027 2477/557/1027
f 792/568/1028 2452/568/1028 2453/570/1028
f 808/576/1029 2468/576/1029 2469/574/1029
f 800/583/1030 2460/583/1030 2461/585/1030
f 872/543/1025 2532/543/1025 2533/5/1025
f 832/552/1026 2492/552/1026 2493/554/1026
f 864/559/1027 2524/559/1027 2525/557/1027
f 840/568/1028 2500/568/1028 2501/570/1028
f 856/576/1029 2516/576/1029 2517/574/1029
f 848/583/1030 2508/583/1030 2509/585/1030
f 920/543/1025 2580/543/1025 2581/5/1025
f 880/552/1026 2540/552/1026 2541/554/1026
f 912/559/1027 2572/559/1027 2573/557/1027
f 888/568/1028 2548/568/1028 2549/570/1028
f 904/576/1029 2564/576/1029 2565/574/1029
f 896/583/1030 2556/583/1030 2557/585/1030
f 960/493/85 2620/493/85 2621/491/85
f 968/506/86 2628/506/86 2629/508/86
f 952/509/87 2612/509/87 2613/507/87
f 944/518/88 2604/518/88 2605/519/88
f 936/527/89 2596/527/89 2597/528/89
f 928/534/90 2588/534/90 2589/535/90
f 1016/404/292 2676/404/292 2677/406/292
f 1008/410/293 2668/410/293 2669/409/293
f 1064/416/294 2724/416/294 2725/417/294
f 1056/428/295 2716/428/295 2717/426/295
f 1072/434/296 2732/434/296 2733/438/296
f 1024/435/297 2684/435/297 2685/441/297
f 1000/447/298 2660/447/298 2661/446/298
f 992/466/299 2652/466/299 2653/464/299
f 984/467/300 2644/467/300 2645/469/300
f 1032/468/913 2692/468/913 2693/390/913
f 1048/477/302 2708/477/302 2709/475/302
f 1040/487/303 2700/487/303 2701/486/303
f 1080/497/1032 2740/497/1032 2741/503/1032
f 1120/588/1033 2780/588/1033 2781/114/1033
f 1144/598/1034 2804/598/1034 2805/600/1034
f 1112/602/1035 2772/602/1035 2773/367/1035
f 1136/610/1036 2796/610/1036 2797/608/1036
f 1128/385/1037 2788/385/1037 2789/616/1037
f 1152/618/1038 2812/618/1038 2813/329/1038
f 1176/632/1039 2836/632/1039 2837/629/1039
f 1104/633/1040 2764/633/1040 2765/630/1040
f 1160/637/1041 2820/637/1041 2821/639/1041
f 1088/276/1042 2748/276/1042 2749/644/1042
f 1168/303/1043 2828/303/1043 2829/648/1043
f 1096/657/1044 2756/657/1044 2757/656/1044
f 1216/402/672 2876/402/672 2877/400/672
f 1264/415/673 2924/415/673 2925/414/673
f 1208/420/674 2868/420/674 2869/412/674
f 1224/422/675 2884/422/675 2885/430/675
f 1272/429/676 2932/429/676 2933/432/676
f 1256/433/677 2916/433/677 2917/431/677
f 1200/450/678 2860/450/678 2861/449/678
f 1232/453/679 2892/453/679 2893/460/679
f 1184/463/680 2844/463/680 2845/465/680
f 1192/471/681 2852/471/681 2853/286/681
f 1248/479/682 2908/479/682 2909/334/682
f 1240/488/683 2900/488/683 2901/489/683
f 1368/671/1045 3028/671/1045 3029/667/1045
f 1344/675/1046 3004/675/1046 3005/669/1046
f 1376/677/1047 3036/677/1047 3037/682/1047
f 1352/681/1048 3012/681/1048 3013/686/1048
f 1360/702/1049 3020/702/1049 3021/698/1049
f 1288/713/1050 2948/713/1050 2949/714/1050
f 1320/704/1051 2980/704/1051 2981/722/1051
f 1296/727/1052 2956/727/1052 2957/730/1052
f 1312/740/1053 2972/740/1053 2973/737/1053
f 1328/747/1054 2988/747/1054 2989/750/1054
f 1336/752/1055 2996/752/1055 2997/744/1055
f 1280/754/6 2940/754/6 2941/706/6
f 1304/757/1056 2964/757/1056 2965/759/1056
f 1424/767/1057 3084/767/1057 3085/769/1057
f 1416/778/1058 3076/778/1058 3077/776/1058
f 1432/780/1059 3092/780/1059 3093/782/1059
f 1440/790/1060 3100/790/1060 3101/791/1060
f 1448/799/1061 3108/799/1061 3109/801/1061
f 1456/809/1062 3116/809/1062 3117/811/1062
f 1464/819/1145 3124/819/1145 3125/820/1145
f 1552/830/1064 3212/830/1064 3213/829/1064
f 1472/839/1146 3132/839/1146 3133/841/1146
f 1544/843/1066 3204/843/1066 3205/842/1066
f 1408/854/1147 3068/854/1147 3069/813/1147
f 1528/866/1068 3188/866/1068 3189/871/1068
f 1392/873/1148 3052/873/1148 3053/877/1148
f 1536/881/1149 3196/881/1149 3197/874/1149
f 1400/883/1071 3060/883/1071 3061/878/1071
f 1496/895/1072 3156/895/1072 3157/893/1072
f 1520/900/1073 3180/900/1073 3181/853/1073
f 1480/901/1074 3140/901/1074 3141/907/1074
f 1504/917/1150 3164/917/1150 3165/921/1150
f 1488/923/1076 3148/923/1076 3149/920/1076
f 1512/927/1077 3172/927/1077 3173/924/1077
f 1624/938/1078 3284/938/1078 3285/936/1078
f 1616/947/1079 3276/947/1079 3277/945/1079
f 1608/961/1080 3268/961/1080 3269/962/1080
f 1600/967/1081 3260/967/1081 3261/954/1081
f 1592/976/1151 3252/976/1151 3253/975/1151
f 1632/974/1083 3292/974/1083 3293/977/1083
f 1560/989/152 3220/989/152 3221/988/152
f 1584/993/1084 3244/993/1084 3245/991/1084
f 1640/998/1085 3300/998/1085 3301/1000/1085
f 1568/1010/1086 3228/1010/1086 3229/1011/1086
f 1576/1012/1087 3236/1012/1087 3237/1008/1087
f 1656/1025/1088 3316/1025/1088 3317/1024/1088
f 1648/1034/1089 3308/1034/1089 3309/1035/1089
