# Blender 4.4.1
# www.blender.org
mtllib fireBall.mtl
o 球
v 0.000000 0.555570 1.087636
v 0.046602 0.831470 1.199493
v 0.000000 0.980785 0.195090
v 0.000000 1.000000 0.000000
v 0.000000 0.980785 -0.195090
v 0.000000 0.831470 -0.555570
v 0.038060 0.191342 0.980785
v 0.074658 0.375330 1.472478
v 0.108386 0.544895 1.087636
v 0.137950 0.693520 0.794994
v 0.162212 0.815493 0.555570
v 0.180240 0.906127 0.382683
v 0.191342 0.961940 0.195090
v 0.195090 0.980785 0.000000
v 0.191342 0.961940 -0.195090
v 0.180240 0.906127 -0.382683
v 0.162212 0.815493 -0.555570
v 0.137950 0.693520 -0.707107
v 0.108386 0.544895 -0.831470
v 0.074658 0.375330 -0.923880
v 0.038060 0.191342 -0.980785
v 0.074658 0.180240 0.980785
v 0.097516 0.353553 1.906092
v 0.212608 0.513280 1.087636
v 0.270598 0.653281 0.794994
v 0.318190 0.768178 0.555570
v 0.353553 0.853553 0.382683
v 0.375330 0.906127 0.195090
v 0.382683 0.923879 0.000000
v 0.375330 0.906127 -0.195090
v 0.353553 0.853553 -0.382683
v 0.318190 0.768178 -0.555570
v 0.270598 0.653282 -0.707107
v 0.212608 0.513280 -0.831470
v 0.146447 0.353553 -0.923880
v 0.074658 0.180240 -0.980785
v 0.108386 0.162212 0.980785
v 0.212608 0.318190 1.472478
v 0.308658 0.461940 1.087636
v 0.392847 0.587938 0.794994
v 0.516093 0.691342 1.188826
v 0.513280 0.768178 0.382683
v 0.544895 0.815493 0.195090
v 0.555570 0.831469 0.000000
v 0.544895 0.815493 -0.195090
v 0.513280 0.768178 -0.382683
v 0.461940 0.691342 -0.555570
v 0.392847 0.587938 -0.707107
v 0.308658 0.461940 -0.831470
v 0.212608 0.318190 -0.923880
v 0.108386 0.162212 -0.980785
v 0.137950 0.137950 0.980785
v 0.314909 0.270598 1.640024
v 0.392847 0.392847 1.087636
v 0.500000 0.500000 0.794994
v 0.587938 0.587938 0.555570
v 0.653281 0.653281 0.382683
v 0.693520 0.693520 0.195090
v 0.707107 0.707107 0.000000
v 0.693520 0.693520 -0.195090
v 0.653281 0.653281 -0.382683
v 0.587938 0.587938 -0.555570
v 0.500000 0.500000 -0.707107
v 0.392847 0.392847 -0.831470
v 0.270598 0.270598 -0.923880
v 0.137950 0.137950 -0.980785
v 0.162212 0.108386 0.980785
v 0.362501 0.212607 1.951652
v 0.461940 0.308658 1.087636
v 0.587938 0.392847 0.794994
v 0.691342 0.461940 0.555570
v 0.768178 0.513280 0.382683
v 0.815493 0.544895 0.195090
v 0.831470 0.555570 0.000000
v 0.815493 0.544895 -0.195090
v 0.768178 0.513280 -0.382683
v 0.691342 0.461940 -0.555570
v 0.587938 0.392848 -0.707107
v 0.461940 0.308658 -0.831470
v 0.318190 0.212608 -0.923880
v 0.162212 0.108386 -0.980785
v 0.000000 -0.000000 2.609979
v 0.180240 0.074658 0.980785
v 0.397865 0.146447 1.652148
v 0.513280 0.212607 1.087636
v 0.653281 0.270598 0.794994
v 0.668088 0.318190 1.397778
v 0.853553 0.353553 0.382683
v 0.906127 0.375330 0.195090
v 0.923879 0.382683 0.000000
v 0.906127 0.375330 -0.195090
v 0.853553 0.353553 -0.382683
v 0.768178 0.318190 -0.555570
v 0.653281 0.270598 -0.707107
v 0.513280 0.212607 -0.831470
v 0.353553 0.146447 -0.923880
v 0.180240 0.074658 -0.980785
v 0.191342 0.038060 0.980785
v 0.375330 0.074658 1.472478
v 0.544895 0.108386 1.087636
v 0.693520 0.137950 0.794994
v 0.815493 0.162212 0.555570
v 0.906127 0.180240 0.382683
v 0.961940 0.191342 0.195090
v 0.980785 0.195090 0.000000
v 0.961940 0.191342 -0.195090
v 0.906127 0.180240 -0.382683
v 0.815493 0.162212 -0.555570
v 0.693520 0.137950 -0.707107
v 0.544895 0.108386 -0.831470
v 0.375330 0.074658 -0.923880
v 0.191342 0.038060 -0.980785
v 0.195090 -0.000000 0.980785
v 0.382683 -0.000000 1.472478
v 0.555570 -0.000000 1.087636
v 0.707107 -0.000000 0.794994
v 0.831179 -0.000000 0.559566
v 0.923879 0.000000 0.382683
v 0.980785 -0.000000 0.195090
v 1.000000 -0.000000 -0.000000
v 0.980785 -0.000000 -0.195090
v 0.923879 0.000000 -0.382683
v 0.831469 -0.000000 -0.555570
v 0.707107 0.000000 -0.707107
v 0.555570 -0.000000 -0.831470
v 0.382683 0.000000 -0.923880
v 0.195090 0.000000 -0.980785
v 0.191342 -0.038060 0.980785
v 0.357460 -0.074658 1.849674
v 0.544895 -0.108386 1.087636
v 0.693520 -0.137950 0.794994
v 0.717439 -0.162212 1.178216
v 0.906127 -0.180240 0.382683
v 0.961940 -0.191342 0.195090
v 0.980785 -0.195090 -0.000000
v 0.961940 -0.191342 -0.195090
v 0.906127 -0.180240 -0.382683
v 0.815493 -0.162212 -0.555570
v 0.693520 -0.137950 -0.707107
v 0.544895 -0.108386 -0.831470
v 0.375330 -0.074658 -0.923880
v 0.191342 -0.038060 -0.980785
v 0.180240 -0.074658 0.980785
v 0.353553 -0.146447 1.472478
v 0.513280 -0.212608 1.087636
v 0.653281 -0.270598 0.794994
v 0.768178 -0.318190 0.555570
v 0.853553 -0.353553 0.382683
v 0.906127 -0.375330 0.195090
v 0.923879 -0.382683 -0.000000
v 0.906127 -0.375330 -0.195090
v 0.853553 -0.353553 -0.382683
v 0.768178 -0.318190 -0.555570
v 0.653281 -0.270598 -0.707107
v 0.513280 -0.212608 -0.831470
v 0.353553 -0.146447 -0.923880
v 0.180240 -0.074658 -0.980785
v 0.162212 -0.108386 0.980785
v 0.318190 -0.212608 1.472478
v 0.461940 -0.308658 1.087636
v 0.587938 -0.392847 0.794994
v 0.691341 -0.461940 0.555570
v 0.768178 -0.513280 0.382683
v 0.815493 -0.544895 0.195090
v 0.831469 -0.555570 -0.000000
v 0.815493 -0.544895 -0.195090
v 0.768178 -0.513280 -0.382683
v 0.691341 -0.461940 -0.555570
v 0.587938 -0.392847 -0.707107
v 0.461940 -0.308658 -0.831470
v 0.318190 -0.212607 -0.923880
v 0.162212 -0.108386 -0.980785
v 0.137950 -0.137950 0.980785
v 0.100351 -0.270598 1.841143
v 0.392847 -0.392847 1.087636
v 0.500000 -0.500000 0.794994
v 0.526377 -0.587938 1.142802
v 0.653281 -0.653281 0.382683
v 0.693520 -0.693520 0.195090
v 0.707106 -0.707107 -0.000000
v 0.693520 -0.693520 -0.195090
v 0.653281 -0.653281 -0.382683
v 0.587938 -0.587938 -0.555570
v 0.500000 -0.500000 -0.707107
v 0.392847 -0.392847 -0.831470
v 0.270598 -0.270598 -0.923880
v 0.137950 -0.137950 -0.980785
v 0.108386 -0.162212 0.980785
v 0.212607 -0.318190 1.472478
v 0.308658 -0.461940 1.087636
v 0.392847 -0.587938 0.794994
v 0.461940 -0.691342 0.555570
v 0.513280 -0.768178 0.382683
v 0.544895 -0.815493 0.195090
v 0.555570 -0.831469 -0.000000
v 0.544895 -0.815493 -0.195090
v 0.513280 -0.768178 -0.382683
v 0.461940 -0.691342 -0.555570
v 0.392847 -0.587938 -0.707107
v 0.308658 -0.461940 -0.831470
v 0.212607 -0.318190 -0.923880
v 0.108386 -0.162212 -0.980785
v 0.074658 -0.180240 0.980785
v 0.146447 -0.353553 1.472478
v 0.212607 -0.513280 1.087636
v 0.270598 -0.653281 0.794994
v 0.318189 -0.768178 0.555570
v 0.353553 -0.853553 0.382683
v 0.375330 -0.906127 0.195090
v 0.382683 -0.923879 -0.000000
v 0.375330 -0.906127 -0.195090
v 0.353553 -0.853553 -0.382683
v 0.318189 -0.768178 -0.555570
v 0.270598 -0.653281 -0.707107
v 0.212607 -0.513280 -0.831470
v 0.146447 -0.353553 -0.923880
v 0.074658 -0.180240 -0.980785
v 0.038060 -0.191342 0.980785
v 0.095647 -0.375330 1.801497
v 0.108386 -0.544895 1.087636
v 0.137950 -0.693520 0.794993
v 0.089334 -0.815493 1.212927
v 0.180240 -0.906127 0.382683
v 0.191342 -0.961939 0.195090
v 0.195090 -0.980785 -0.000000
v 0.191342 -0.961939 -0.195090
v 0.180240 -0.906127 -0.382683
v 0.162212 -0.815493 -0.555570
v 0.137950 -0.693520 -0.707107
v 0.108386 -0.544895 -0.831470
v 0.074658 -0.375330 -0.923880
v 0.038060 -0.191342 -0.980785
v -0.000000 -0.195090 0.980785
v -0.000000 -0.382683 1.472478
v -0.000000 -0.555570 1.087636
v -0.000000 -0.707107 0.794993
v -0.000000 -0.831469 0.555570
v 0.000000 -0.923879 0.382683
v -0.000000 -0.980785 0.195090
v -0.000000 -0.999999 -0.000000
v -0.000000 -0.980785 -0.195090
v 0.000000 -0.923879 -0.382683
v -0.000000 -0.831469 -0.555570
v -0.000000 -0.707107 -0.707107
v -0.000000 -0.555570 -0.831470
v -0.000000 -0.382683 -0.923880
v -0.000000 -0.195090 -0.980785
v -0.038060 -0.191342 0.980785
v -0.074658 -0.375330 1.472478
v -0.108386 -0.544895 1.087636
v -0.137950 -0.693520 0.794993
v -0.162212 -0.815493 0.555570
v -0.180240 -0.906127 0.382683
v -0.191342 -0.961939 0.195090
v -0.195091 -0.980785 -0.000000
v -0.191342 -0.961939 -0.195090
v -0.180240 -0.906127 -0.382683
v -0.162212 -0.815493 -0.555570
v -0.137950 -0.693520 -0.707107
v -0.108386 -0.544895 -0.831470
v -0.074658 -0.375330 -0.923880
v -0.038060 -0.191342 -0.980785
v -0.074658 -0.180240 0.980785
v -0.148841 -0.353553 1.941275
v -0.212608 -0.513280 1.087636
v -0.270598 -0.653281 0.794994
v -0.362249 -0.768177 1.292999
v -0.353553 -0.853553 0.382683
v -0.375330 -0.906127 0.195090
v -0.382683 -0.923879 -0.000000
v -0.375330 -0.906127 -0.195090
v -0.353553 -0.853553 -0.382683
v -0.318190 -0.768177 -0.555570
v -0.270598 -0.653281 -0.707107
v -0.212608 -0.513280 -0.831470
v -0.146447 -0.353553 -0.923880
v -0.074658 -0.180240 -0.980785
v -0.108386 -0.162212 0.980785
v -0.212608 -0.318190 1.472478
v -0.308658 -0.461939 1.087636
v -0.392847 -0.587938 0.794994
v -0.461940 -0.691341 0.555570
v -0.513280 -0.768178 0.382683
v -0.544895 -0.815493 0.195090
v -0.555570 -0.831469 -0.000000
v -0.544895 -0.815493 -0.195090
v -0.513280 -0.768178 -0.382683
v -0.461940 -0.691341 -0.555570
v -0.392847 -0.587938 -0.707107
v -0.308658 -0.461939 -0.831470
v -0.212608 -0.318190 -0.923880
v -0.108386 -0.162212 -0.980785
v -0.137950 -0.137950 0.980785
v -0.270598 -0.270598 1.472478
v -0.392847 -0.392847 1.087636
v -0.500000 -0.500000 0.794994
v -0.587938 -0.587937 0.555570
v -0.653281 -0.653281 0.382683
v -0.693520 -0.693520 0.195090
v -0.707106 -0.707106 -0.000000
v -0.693520 -0.693520 -0.195090
v -0.653281 -0.653281 -0.382683
v -0.587938 -0.587937 -0.555570
v -0.500000 -0.500000 -0.707107
v -0.392847 -0.392847 -0.831470
v -0.270598 -0.270598 -0.923880
v -0.137950 -0.137950 -0.980785
v 0.000000 0.000000 -1.000000
v -0.162212 -0.108386 0.980785
v -0.331574 -0.212607 1.920468
v -0.461940 -0.308658 1.087636
v -0.587938 -0.392847 0.794994
v -0.829283 -0.461939 1.344622
v -0.768177 -0.513280 0.382683
v -0.815493 -0.544895 0.195090
v -0.831469 -0.555569 -0.000000
v -0.815493 -0.544895 -0.195090
v -0.768177 -0.513280 -0.382683
v -0.691341 -0.461939 -0.555570
v -0.587938 -0.392847 -0.707107
v -0.461940 -0.308658 -0.831470
v -0.318190 -0.212607 -0.923880
v -0.162212 -0.108386 -0.980785
v -0.180240 -0.074658 0.980785
v -0.353553 -0.146447 1.472478
v -0.513280 -0.212607 1.087636
v -0.653281 -0.270598 0.794994
v -0.768177 -0.318189 0.555570
v -0.853553 -0.353553 0.382683
v -0.906127 -0.375330 0.195090
v -0.923879 -0.382683 -0.000000
v -0.906127 -0.375330 -0.195090
v -0.853553 -0.353553 -0.382683
v -0.768177 -0.318189 -0.555570
v -0.653281 -0.270598 -0.707107
v -0.513280 -0.212607 -0.831470
v -0.353553 -0.146446 -0.923880
v -0.180240 -0.074658 -0.980785
v -0.191342 -0.038060 0.980785
v -0.375330 -0.074658 1.472478
v -0.544895 -0.108386 1.087636
v -0.693520 -0.137950 0.794994
v -0.815493 -0.162211 0.555570
v -0.906127 -0.180240 0.382683
v -0.961939 -0.191341 0.195090
v -0.980784 -0.195090 -0.000000
v -0.961939 -0.191341 -0.195090
v -0.906127 -0.180240 -0.382683
v -0.815493 -0.162211 -0.555570
v -0.693520 -0.137950 -0.707107
v -0.544895 -0.108386 -0.831470
v -0.375330 -0.074658 -0.923880
v -0.191342 -0.038060 -0.980785
v -0.195090 -0.000000 0.980785
v -0.330219 0.000000 1.815605
v -0.555570 0.000000 1.087636
v -0.707107 -0.000000 0.794994
v -0.552211 0.000000 1.269219
v -0.923879 -0.000000 0.382683
v -0.980785 0.000000 0.195090
v -0.999999 0.000000 0.000000
v -0.980785 0.000000 -0.195090
v -0.923879 0.000000 -0.382683
v -0.831469 0.000000 -0.555570
v -0.707107 0.000000 -0.707107
v -0.555570 0.000000 -0.831470
v -0.382683 0.000000 -0.923880
v -0.195090 0.000000 -0.980785
v -0.191342 0.038060 0.980785
v -0.375330 0.074658 1.472478
v -0.544895 0.108386 1.087636
v -0.693520 0.137950 0.794994
v -0.815493 0.162212 0.555570
v -0.906127 0.180240 0.382683
v -0.961939 0.191342 0.195090
v -0.980784 0.195091 0.000000
v -0.961939 0.191342 -0.195090
v -0.906127 0.180240 -0.382683
v -0.815493 0.162212 -0.555570
v -0.693520 0.137950 -0.707107
v -0.544895 0.108386 -0.831470
v -0.375330 0.074658 -0.923880
v -0.191342 0.038060 -0.980785
v -0.180240 0.074658 0.980785
v -0.353553 0.146447 1.472478
v -0.513279 0.212607 1.087636
v -0.653281 0.270598 0.794994
v -0.710636 0.318190 1.341843
v -0.853553 0.353553 0.382683
v -0.906127 0.375330 0.195090
v -0.923878 0.382683 0.000000
v -0.906127 0.375330 -0.195090
v -0.853553 0.353553 -0.382683
v -0.768177 0.318190 -0.555570
v -0.653281 0.270598 -0.707107
v -0.513279 0.212608 -0.831470
v -0.353553 0.146447 -0.923880
v -0.180240 0.074658 -0.980785
v -0.162212 0.108386 0.980785
v -0.318189 0.212607 1.662709
v -0.461939 0.308658 1.087636
v -0.587938 0.392847 0.794994
v -0.691341 0.461940 0.555570
v -0.768177 0.513280 0.382683
v -0.815493 0.544895 0.195090
v -0.831468 0.555570 0.000000
v -0.815493 0.544895 -0.195090
v -0.768177 0.513280 -0.382683
v -0.691341 0.461940 -0.555570
v -0.587938 0.392847 -0.707107
v -0.461939 0.308658 -0.831470
v -0.318189 0.212608 -0.923880
v -0.162212 0.108386 -0.980785
v -0.137950 0.137950 0.980785
v -0.270598 0.270598 1.934971
v -0.392847 0.392847 1.087636
v -0.500000 0.500000 0.794994
v -0.587937 0.587938 0.555570
v -0.653281 0.653281 0.382683
v -0.693519 0.693520 0.195090
v -0.707106 0.707106 0.000000
v -0.693519 0.693520 -0.195090
v -0.653281 0.653281 -0.382683
v -0.587937 0.587938 -0.555570
v -0.500000 0.500000 -0.707107
v -0.392847 0.392847 -0.831470
v -0.270598 0.270598 -0.923880
v -0.137950 0.137950 -0.980785
v -0.108386 0.162211 0.980785
v -0.212607 0.318189 1.625562
v -0.308658 0.461939 1.087636
v -0.392847 0.587938 0.794994
v -0.399781 0.691341 1.154611
v -0.513280 0.768177 0.382683
v -0.544895 0.815493 0.195090
v -0.555569 0.831469 0.000000
v -0.544895 0.815493 -0.195090
v -0.513280 0.768177 -0.382683
v -0.461939 0.691341 -0.555570
v -0.392847 0.587938 -0.707107
v -0.308658 0.461939 -0.831470
v -0.212607 0.318190 -0.923880
v -0.108386 0.162212 -0.980785
v -0.074658 0.180240 0.980785
v -0.146446 0.353553 1.472478
v -0.212607 0.513279 1.087636
v -0.270598 0.653281 0.794994
v -0.318189 0.768177 0.555570
v -0.353553 0.853553 0.382683
v -0.375330 0.906127 0.195090
v -0.382683 0.923879 0.000000
v -0.375330 0.906127 -0.195090
v -0.353553 0.853553 -0.382683
v -0.318189 0.768177 -0.555570
v -0.270598 0.653281 -0.707107
v -0.212607 0.513280 -0.831470
v -0.146446 0.353553 -0.923880
v -0.074658 0.180240 -0.980785
v -0.038060 0.191341 0.980785
v -0.074658 0.375330 1.472478
v -0.108386 0.544894 1.087636
v -0.137950 0.693520 0.794994
v -0.162211 0.815493 0.555570
v -0.180240 0.906127 0.382683
v -0.191341 0.961939 0.195090
v -0.195090 0.980784 0.000000
v -0.191341 0.961939 -0.195090
v -0.180240 0.906127 -0.382683
v -0.162211 0.815493 -0.555570
v -0.137950 0.693520 -0.707107
v -0.108386 0.544895 -0.831470
v -0.074658 0.375330 -0.923880
v -0.038060 0.191342 -0.980785
v 0.000000 0.195090 0.980785
v -0.010240 0.382683 1.856319
v 0.000000 0.707107 0.794994
v 0.000000 0.923879 0.382683
v 0.000000 0.923879 -0.382683
v 0.000000 0.707107 -0.707107
v 0.000000 0.555570 -0.831470
v 0.000000 0.382683 -0.923880
v 0.000000 0.195090 -0.980785
v -0.022992 0.022992 2.026465
v -0.045983 0.045983 1.817329
v -0.068975 0.068975 1.608193
v -0.091966 0.091966 1.399057
v -0.114958 0.114958 1.189921
v 0.044160 0.179147 2.090864
v 0.050259 0.252671 0.961817
v 0.056359 0.283336 1.288756
v 0.062459 0.314001 1.649797
v 0.068558 0.344665 1.215435
v 0.086623 0.209125 1.886066
v 0.098587 0.238011 0.961817
v 0.110552 0.266897 1.288756
v 0.122517 0.295782 1.836529
v 0.134482 0.324668 1.215435
v 0.125757 0.182690 2.053026
v 0.143127 0.214204 0.961817
v 0.160497 0.240201 1.288756
v 0.177867 0.266197 1.649797
v 0.195237 0.292193 1.215435
v 0.167443 0.160058 1.913991
v 0.196936 0.182166 1.017665
v 0.226429 0.204274 1.372529
v 0.255923 0.226382 1.761495
v 0.285416 0.248490 1.355057
v 0.195593 0.130132 2.105076
v 0.228975 0.143127 1.121541
v 0.262356 0.160497 1.528343
v 0.295738 0.177867 1.668005
v 0.329119 0.195237 1.313506
v 0.216511 0.086623 1.916011
v 0.252781 0.098587 1.021707
v 0.289052 0.110552 1.378591
v 0.325323 0.122517 1.769577
v 0.361594 0.134482 1.365160
v 0.222006 0.056570 2.051416
v 0.252671 0.050259 0.961817
v 0.283336 0.056359 1.288756
v 0.314001 0.062459 1.649797
v 0.344665 0.068558 1.215435
v 0.226356 -0.000000 1.886066
v 0.257621 -0.000000 0.961817
v 0.288887 -0.000000 1.288756
v 0.320152 0.012294 1.981569
v 0.351418 -0.000000 1.215435
v 0.222006 -0.019683 2.125574
v 0.252671 -0.050259 0.961817
v 0.283336 -0.056359 1.288756
v 0.314001 -0.062459 1.649797
v 0.344665 -0.068558 1.215435
v 0.209125 -0.086623 1.886066
v 0.238011 -0.098587 0.961817
v 0.266897 -0.110552 1.288756
v 0.295782 -0.122517 1.649797
v 0.324668 -0.134482 1.215435
v 0.188208 -0.125757 1.886066
v 0.214204 -0.143127 0.961817
v 0.240201 -0.160497 1.288756
v 0.266197 -0.145647 1.905082
v 0.292193 -0.195237 1.215435
v 0.160058 -0.129437 2.128559
v 0.182166 -0.182166 0.961817
v 0.204274 -0.204274 1.288756
v 0.226382 -0.226382 1.649797
v 0.248490 -0.248490 1.215435
v 0.125757 -0.188208 1.886066
v 0.143127 -0.214204 0.961817
v 0.160497 -0.240201 1.288756
v 0.177867 -0.235876 1.995253
v 0.195237 -0.292193 1.215435
v 0.086623 -0.182415 2.143436
v 0.098587 -0.238011 0.961817
v 0.110552 -0.266897 1.288756
v 0.122517 -0.295782 1.649797
v 0.134482 -0.324668 1.215435
v 0.044160 -0.222006 1.886066
v 0.050259 -0.252671 0.961817
v 0.056359 -0.283336 1.288756
v 0.062459 -0.289924 1.894985
v 0.068558 -0.344665 1.215435
v -0.000000 -0.226356 1.886066
v -0.000000 -0.257621 0.961817
v -0.000000 -0.288887 1.288756
v -0.000000 -0.320152 1.649797
v -0.000000 -0.351418 1.215435
v -0.044160 -0.220992 2.004755
v -0.050259 -0.252671 0.961817
v -0.056359 -0.283336 1.288756
v -0.062459 -0.314001 1.649797
v -0.068558 -0.344665 1.215435
v -0.086623 -0.209125 1.886066
v -0.098587 -0.238011 0.961817
v -0.110552 -0.266897 1.288756
v -0.122517 -0.284977 1.965242
v -0.134482 -0.324668 1.215435
v -0.125757 -0.183324 2.027226
v -0.143127 -0.214204 0.961817
v -0.160497 -0.240201 1.288756
v -0.177867 -0.266197 1.649797
v -0.195237 -0.292193 1.215435
v -0.160058 -0.160058 1.886066
v -0.182166 -0.182166 0.961817
v -0.204274 -0.204274 1.288756
v -0.226382 -0.226382 1.649797
v -0.248490 -0.248490 1.215435
v -0.188208 -0.132566 2.109546
v -0.214204 -0.143127 0.961817
v -0.240201 -0.160497 1.288756
v -0.266197 -0.154060 1.977304
v -0.292193 -0.195237 1.215435
v -0.209125 -0.086623 1.886066
v -0.238011 -0.098587 0.961817
v -0.266897 -0.110552 1.288756
v -0.295782 -0.122517 1.649797
v -0.324668 -0.134482 1.215435
v -0.222006 -0.038303 2.067392
v -0.252671 -0.050259 0.961817
v -0.283336 -0.056359 1.288756
v -0.314001 -0.062459 1.649797
v -0.344665 -0.068558 1.215435
v -0.226356 -0.000000 1.886066
v -0.257621 -0.000000 0.961817
v -0.288887 -0.000000 1.288756
v -0.320152 -0.002100 1.986300
v -0.351418 0.000000 1.215435
v -0.222006 0.041564 2.114937
v -0.252671 0.050259 0.961817
v -0.283336 0.056359 1.288756
v -0.314001 0.062459 1.649797
v -0.344665 0.068558 1.215435
v -0.209125 0.086623 1.886066
v -0.238011 0.098587 0.961817
v -0.266896 0.110552 1.288756
v -0.295782 0.122517 1.649797
v -0.324668 0.134482 1.215435
v -0.188208 0.158280 2.109128
v -0.214204 0.143127 1.025227
v -0.240200 0.160497 1.383872
v -0.266197 0.177867 1.776618
v -0.292193 0.195237 1.373961
v -0.160058 0.160058 1.877421
v -0.182166 0.182166 1.115981
v -0.204274 0.204274 1.520002
v -0.226382 0.228714 1.509668
v -0.248490 0.248490 1.600846
v -0.125756 0.172316 2.105982
v -0.143127 0.214204 1.012845
v -0.160497 0.240200 1.365298
v -0.177867 0.266197 1.751853
v -0.195237 0.292193 1.343005
v -0.086623 0.209125 1.886066
v -0.098587 0.238011 0.961817
v -0.110552 0.266896 1.288756
v -0.122517 0.301201 2.030833
v -0.134482 0.324668 1.215435
v -0.044160 0.209456 2.007794
v -0.050259 0.252671 0.961817
v -0.056359 0.283336 1.288756
v -0.062459 0.314001 1.649797
v -0.068558 0.344665 1.215435
v 0.000000 0.226356 1.886066
v 0.000000 0.257621 0.961817
v 0.000000 0.288887 1.288756
v 0.000000 0.299052 1.916893
v 0.000000 0.351418 1.215435
vn 0.0001 0.9049 0.4256
vn 0.0765 0.0700 0.9946
vn -0.0000 0.9810 0.1939
vn -0.0000 1.0000 -0.0000
vn -0.0000 0.9810 -0.1939
vn -0.0000 0.8333 -0.5528
vn -0.0205 -0.1031 0.9945
vn -0.6302 -0.5540 0.5439
vn 0.1756 0.8828 0.4357
vn 0.1732 0.8707 0.4604
vn 0.3865 0.8455 0.3684
vn 0.1804 0.9070 0.3805
vn 0.1914 0.9622 0.1939
vn 0.1951 0.9808 -0.0000
vn 0.1914 0.9622 -0.1939
vn 0.1804 0.9070 -0.3805
vn 0.1626 0.8173 -0.5528
vn 0.1385 0.6965 -0.7041
vn 0.1092 0.5490 -0.8286
vn 0.0757 0.3804 -0.9217
vn 0.0392 0.1971 -0.9796
vn -0.0398 -0.0960 0.9946
vn -0.1099 -0.0402 0.9931
vn 0.3464 0.8358 0.4260
vn 0.3397 0.8201 0.4604
vn 0.1628 0.9085 0.3850
vn 0.3539 0.8544 0.3805
vn 0.3754 0.9063 0.1939
vn 0.3827 0.9239 -0.0000
vn 0.3754 0.9063 -0.1939
vn 0.3539 0.8544 -0.3805
vn 0.3189 0.7699 -0.5528
vn 0.2718 0.6561 -0.7041
vn 0.2142 0.5172 -0.8286
vn 0.1484 0.3584 -0.9217
vn 0.0769 0.1857 -0.9796
vn -0.0506 -0.0905 0.9946
vn 0.2871 -0.5962 0.7498
vn 0.5001 0.7484 0.4357
vn 0.2145 0.4454 0.8693
vn 0.1303 0.0605 0.9896
vn 0.5294 0.7954 0.2951
vn 0.5450 0.8157 0.1939
vn 0.5556 0.8315 -0.0000
vn 0.5450 0.8157 -0.1939
vn 0.5138 0.7689 -0.3805
vn 0.4630 0.6929 -0.5528
vn 0.3945 0.5905 -0.7041
vn 0.3110 0.4654 -0.8286
vn 0.2155 0.3225 -0.9217
vn 0.1117 0.1671 -0.9796
vn -0.0703 -0.0734 0.9948
vn -0.7324 0.6086 0.3053
vn 0.6312 0.6685 0.3934
vn 0.6277 0.6277 0.4604
vn 0.8008 0.4764 0.3630
vn 0.6539 0.6539 0.3805
vn 0.6937 0.6937 0.1939
vn 0.7071 0.7071 -0.0000
vn 0.6937 0.6937 -0.1939
vn 0.6539 0.6539 -0.3805
vn 0.5893 0.5893 -0.5528
vn 0.5021 0.5021 -0.7041
vn 0.3958 0.3958 -0.8286
vn 0.2743 0.2743 -0.9217
vn 0.1421 0.1421 -0.9796
vn -0.0835 -0.0576 0.9948
vn -0.0177 -0.0180 0.9997
vn 0.7776 0.5222 0.3502
vn 0.7381 0.4932 0.4604
vn 0.6555 0.6519 0.3813
vn 0.7689 0.5138 0.3805
vn 0.8157 0.5450 0.1939
vn 0.8315 0.5556 -0.0000
vn 0.8157 0.5450 -0.1939
vn 0.7689 0.5138 -0.3805
vn 0.6929 0.4630 -0.5528
vn 0.5905 0.3945 -0.7041
vn 0.4654 0.3110 -0.8286
vn 0.3225 0.2155 -0.9217
vn 0.1671 0.1117 -0.9796
vn 0.2034 0.2062 0.9571
vn -0.0927 -0.0397 0.9949
vn 0.3392 -0.8985 0.2786
vn 0.8621 0.3265 0.3874
vn 0.2748 0.0212 0.9613
vn -0.0850 0.0156 0.9963
vn 0.8766 0.3621 0.3170
vn 0.9063 0.3754 0.1939
vn 0.9239 0.3827 -0.0000
vn 0.9063 0.3754 -0.1939
vn 0.8544 0.3539 -0.3805
vn 0.7699 0.3189 -0.5528
vn 0.6561 0.2718 -0.7041
vn 0.5172 0.2142 -0.8286
vn 0.3584 0.1484 -0.9217
vn 0.1857 0.0769 -0.9796
vn -0.1032 -0.0071 0.9946
vn -0.3344 -0.5736 0.7478
vn 0.8828 0.1756 0.4357
vn 0.8700 0.1740 0.4613
vn 0.9189 0.0240 0.3937
vn 0.9070 0.1804 0.3805
vn 0.9622 0.1914 0.1939
vn 0.9808 0.1951 -0.0000
vn 0.9622 0.1914 -0.1939
vn 0.9070 0.1804 -0.3805
vn 0.8173 0.1626 -0.5528
vn 0.6965 0.1385 -0.7041
vn 0.5490 0.1092 -0.8286
vn 0.3804 0.0757 -0.9217
vn 0.1971 0.0392 -0.9796
vn -0.1039 -0.0000 0.9946
vn -0.1480 0.8615 0.4857
vn 0.9001 -0.0000 0.4357
vn 0.8863 -0.0000 0.4631
vn 0.9036 0.1400 0.4048
vn 0.9258 0.0010 0.3779
vn 0.9810 -0.0000 0.1939
vn 1.0000 -0.0000 -0.0000
vn 0.9810 -0.0000 -0.1939
vn 0.9248 -0.0000 -0.3805
vn 0.8333 -0.0000 -0.5528
vn 0.7101 -0.0000 -0.7041
vn 0.5598 -0.0000 -0.8286
vn 0.3879 -0.0000 -0.9217
vn 0.2010 -0.0000 -0.9796
vn -0.1023 0.0203 0.9945
vn -0.0834 0.0089 0.9965
vn 0.8870 -0.1764 0.4268
vn 0.2844 0.0052 0.9587
vn -0.1001 -0.0140 0.9949
vn 0.9267 -0.1847 0.3273
vn 0.9622 -0.1914 0.1939
vn 0.9808 -0.1951 -0.0000
vn 0.9622 -0.1914 -0.1939
vn 0.9070 -0.1804 -0.3805
vn 0.8173 -0.1626 -0.5528
vn 0.6965 -0.1385 -0.7041
vn 0.5490 -0.1092 -0.8286
vn 0.3804 -0.0757 -0.9217
vn 0.1971 -0.0392 -0.9796
vn -0.0960 0.0398 0.9946
vn -0.4762 -0.7462 0.4652
vn 0.8316 -0.3445 0.4357
vn 0.8201 -0.3397 0.4604
vn 0.7799 -0.4818 0.3996
vn 0.8544 -0.3539 0.3805
vn 0.9063 -0.3754 0.1939
vn 0.9239 -0.3827 -0.0000
vn 0.9063 -0.3754 -0.1939
vn 0.8544 -0.3539 -0.3805
vn 0.7699 -0.3189 -0.5528
vn 0.6561 -0.2718 -0.7041
vn 0.5172 -0.2142 -0.8286
vn 0.3584 -0.1484 -0.9217
vn 0.1857 -0.0769 -0.9796
vn -0.0864 0.0577 0.9946
vn 0.4676 0.4224 0.7765
vn 0.7484 -0.5001 0.4357
vn 0.7381 -0.4932 0.4604
vn 0.8362 -0.3731 0.4021
vn 0.7689 -0.5138 0.3805
vn 0.8157 -0.5450 0.1939
vn 0.8315 -0.5556 -0.0000
vn 0.8157 -0.5450 -0.1939
vn 0.7689 -0.5138 -0.3805
vn 0.6929 -0.4630 -0.5528
vn 0.5905 -0.3945 -0.7041
vn 0.4654 -0.3110 -0.8286
vn 0.3225 -0.2155 -0.9217
vn 0.1671 -0.1117 -0.9796
vn -0.0741 0.0740 0.9945
vn -0.3602 0.0043 0.9328
vn 0.6375 -0.6372 0.4331
vn 0.3669 -0.2145 0.9052
vn -0.0553 -0.0576 0.9968
vn 0.6718 -0.6698 0.3164
vn 0.6937 -0.6937 0.1939
vn 0.7071 -0.7071 -0.0000
vn 0.6937 -0.6937 -0.1939
vn 0.6539 -0.6539 -0.3805
vn 0.5893 -0.5893 -0.5528
vn 0.5021 -0.5021 -0.7041
vn 0.3958 -0.3958 -0.8286
vn 0.2743 -0.2743 -0.9217
vn 0.1421 -0.1421 -0.9796
vn -0.0577 0.0864 0.9946
vn -0.6957 -0.7144 0.0745
vn 0.5001 -0.7484 0.4357
vn 0.4932 -0.7381 0.4604
vn 0.3511 -0.8546 0.3826
vn 0.5138 -0.7689 0.3805
vn 0.5450 -0.8157 0.1939
vn 0.5556 -0.8315 -0.0000
vn 0.5450 -0.8157 -0.1939
vn 0.5138 -0.7689 -0.3805
vn 0.4630 -0.6929 -0.5528
vn 0.3945 -0.5905 -0.7041
vn 0.3110 -0.4654 -0.8286
vn 0.2155 -0.3225 -0.9217
vn 0.1117 -0.1671 -0.9796
vn -0.0401 0.0968 0.9945
vn 0.6833 0.5646 0.4629
vn 0.3445 -0.8316 0.4357
vn 0.3397 -0.8201 0.4604
vn 0.5019 -0.7686 0.3966
vn 0.3539 -0.8544 0.3805
vn 0.3754 -0.9063 0.1939
vn 0.3827 -0.9239 -0.0000
vn 0.3754 -0.9063 -0.1939
vn 0.3539 -0.8544 -0.3805
vn 0.3189 -0.7699 -0.5528
vn 0.2718 -0.6561 -0.7041
vn 0.2142 -0.5172 -0.8286
vn 0.1484 -0.3584 -0.9217
vn 0.0769 -0.1857 -0.9796
vn -0.0203 0.1020 0.9946
vn 0.0396 0.0550 0.9977
vn 0.1764 -0.8873 0.4261
vn 0.2159 -0.4025 0.8896
vn -0.1037 -0.0651 0.9925
vn 0.1881 -0.9333 0.3060
vn 0.1914 -0.9622 0.1939
vn 0.1951 -0.9808 -0.0000
vn 0.1914 -0.9622 -0.1939
vn 0.1804 -0.9070 -0.3805
vn 0.1626 -0.8173 -0.5528
vn 0.1385 -0.6965 -0.7041
vn 0.1092 -0.5490 -0.8286
vn 0.0757 -0.3804 -0.9217
vn 0.0392 -0.1971 -0.9796
vn -0.0000 0.1039 0.9946
vn -0.7859 0.2022 0.5843
vn -0.0000 -0.9001 0.4357
vn -0.0000 -0.8877 0.4604
vn -0.2161 -0.9059 0.3643
vn -0.0000 -0.9248 0.3805
vn -0.0000 -0.9810 0.1939
vn -0.0000 -1.0000 -0.0000
vn -0.0000 -0.9810 -0.1939
vn -0.0000 -0.9248 -0.3805
vn -0.0000 -0.8333 -0.5528
vn -0.0000 -0.7101 -0.7041
vn -0.0000 -0.5598 -0.8286
vn -0.0000 -0.3879 -0.9217
vn -0.0000 -0.2010 -0.9796
vn 0.0203 0.1022 0.9946
vn 0.8887 0.0620 0.4542
vn -0.1756 -0.8828 0.4357
vn -0.1732 -0.8707 0.4604
vn 0.0192 -0.9244 0.3809
vn -0.1804 -0.9070 0.3805
vn -0.1914 -0.9622 0.1939
vn -0.1951 -0.9808 -0.0000
vn -0.1914 -0.9622 -0.1939
vn -0.1804 -0.9070 -0.3805
vn -0.1626 -0.8173 -0.5528
vn -0.1385 -0.6965 -0.7041
vn -0.1092 -0.5490 -0.8286
vn -0.0757 -0.3804 -0.9217
vn -0.0392 -0.1971 -0.9796
vn 0.0398 0.0960 0.9946
vn 0.0138 0.0437 0.9989
vn -0.3465 -0.8365 0.4245
vn -0.1075 -0.4263 0.8982
vn -0.0835 -0.0512 0.9952
vn -0.3642 -0.8829 0.2963
vn -0.3754 -0.9063 0.1939
vn -0.3827 -0.9239 -0.0000
vn -0.3754 -0.9063 -0.1939
vn -0.3539 -0.8544 -0.3805
vn -0.3189 -0.7699 -0.5528
vn -0.2718 -0.6561 -0.7041
vn -0.2142 -0.5172 -0.8286
vn -0.1484 -0.3584 -0.9217
vn -0.0769 -0.1857 -0.9796
vn 0.0579 0.0867 0.9946
vn -0.5854 0.6784 0.4439
vn -0.5001 -0.7484 0.4357
vn -0.4932 -0.7381 0.4604
vn -0.6892 -0.6270 0.3631
vn -0.5138 -0.7689 0.3805
vn -0.5450 -0.8157 0.1939
vn -0.5556 -0.8315 -0.0000
vn -0.5450 -0.8157 -0.1939
vn -0.5138 -0.7689 -0.3805
vn -0.4630 -0.6929 -0.5528
vn -0.3945 -0.5905 -0.7041
vn -0.3110 -0.4654 -0.8286
vn -0.2155 -0.3225 -0.9217
vn -0.1117 -0.1671 -0.9796
vn 0.0735 0.0735 0.9946
vn 0.7738 -0.4065 0.4857
vn -0.6365 -0.6365 0.4357
vn -0.6277 -0.6277 0.4604
vn -0.4727 -0.7988 0.3722
vn -0.6539 -0.6539 0.3805
vn -0.6937 -0.6937 0.1939
vn -0.7071 -0.7071 -0.0000
vn -0.6937 -0.6937 -0.1939
vn -0.6539 -0.6539 -0.3805
vn -0.5893 -0.5893 -0.5528
vn -0.5021 -0.5021 -0.7041
vn -0.3958 -0.3958 -0.8286
vn -0.2743 -0.2743 -0.9217
vn -0.1421 -0.1421 -0.9796
vn -0.0000 -0.0000 -1.0000
vn 0.0866 0.0578 0.9946
vn 0.0175 0.0283 0.9994
vn -0.7530 -0.5032 0.4241
vn -0.3805 -0.3458 0.8577
vn -0.2183 -0.0276 0.9755
vn -0.7981 -0.5370 0.2734
vn -0.8157 -0.5450 0.1939
vn -0.8315 -0.5556 -0.0000
vn -0.8157 -0.5450 -0.1939
vn -0.7689 -0.5138 -0.3805
vn -0.6929 -0.4630 -0.5528
vn -0.5905 -0.3945 -0.7041
vn -0.4654 -0.3110 -0.8286
vn -0.3225 -0.2155 -0.9217
vn -0.1671 -0.1117 -0.9796
vn 0.0960 0.0398 0.9946
vn -0.0679 0.8898 0.4513
vn -0.8316 -0.3445 0.4357
vn -0.8201 -0.3397 0.4604
vn -0.9373 -0.0850 0.3379
vn -0.8544 -0.3539 0.3805
vn -0.9063 -0.3754 0.1939
vn -0.9239 -0.3827 -0.0000
vn -0.9063 -0.3754 -0.1939
vn -0.8544 -0.3539 -0.3805
vn -0.7699 -0.3189 -0.5528
vn -0.6561 -0.2718 -0.7041
vn -0.5172 -0.2142 -0.8286
vn -0.3584 -0.1484 -0.9217
vn -0.1857 -0.0769 -0.9796
vn 0.1022 0.0203 0.9946
vn 0.1556 -0.8584 0.4888
vn -0.8828 -0.1756 0.4357
vn -0.8707 -0.1732 0.4604
vn -0.8677 -0.2268 0.4423
vn -0.9070 -0.1804 0.3805
vn -0.9622 -0.1914 0.1939
vn -0.9808 -0.1951 -0.0000
vn -0.9622 -0.1914 -0.1939
vn -0.9070 -0.1804 -0.3805
vn -0.8173 -0.1626 -0.5528
vn -0.6965 -0.1385 -0.7041
vn -0.5490 -0.1092 -0.8286
vn -0.3804 -0.0757 -0.9217
vn -0.1971 -0.0392 -0.9796
vn 0.1039 -0.0000 0.9946
vn 0.1549 -0.0000 0.9879
vn -0.9030 -0.0000 0.4296
vn 0.3038 -0.0000 0.9527
vn 0.3479 -0.0000 0.9375
vn -0.9323 -0.0000 0.3617
vn -0.9810 -0.0000 0.1939
vn -1.0000 -0.0000 -0.0000
vn -0.9810 -0.0000 -0.1939
vn -0.9248 -0.0000 -0.3805
vn -0.8333 -0.0000 -0.5528
vn -0.7101 -0.0000 -0.7041
vn -0.5598 -0.0000 -0.8286
vn -0.3879 -0.0000 -0.9217
vn -0.2010 -0.0000 -0.9796
vn 0.1022 -0.0203 0.9946
vn 0.1556 0.8584 0.4888
vn -0.8828 0.1756 0.4357
vn -0.8707 0.1732 0.4604
vn -0.9287 0.0596 0.3660
vn -0.9070 0.1804 0.3805
vn -0.9622 0.1914 0.1939
vn -0.9808 0.1951 -0.0000
vn -0.9622 0.1914 -0.1939
vn -0.9070 0.1804 -0.3805
vn -0.8173 0.1626 -0.5528
vn -0.6965 0.1385 -0.7041
vn -0.5490 0.1092 -0.8286
vn -0.3804 0.0757 -0.9217
vn -0.1971 0.0392 -0.9796
vn 0.0960 -0.0398 0.9946
vn -0.1819 -0.7476 0.6387
vn -0.8316 0.3445 0.4357
vn -0.3214 0.0837 0.9432
vn 0.0321 0.0183 0.9993
vn -0.8784 0.3632 0.3107
vn -0.9063 0.3754 0.1939
vn -0.9239 0.3827 -0.0000
vn -0.9063 0.3754 -0.1939
vn -0.8544 0.3539 -0.3805
vn -0.7699 0.3189 -0.5528
vn -0.6561 0.2718 -0.7041
vn -0.5172 0.2142 -0.8286
vn -0.3584 0.1484 -0.9217
vn -0.1857 0.0769 -0.9796
vn 0.1295 -0.0095 0.9915
vn -0.4938 -0.8176 0.2961
vn -0.7714 0.4922 0.4034
vn -0.7381 0.4932 0.4604
vn -0.6490 0.6597 0.3790
vn -0.7689 0.5138 0.3805
vn -0.8157 0.5450 0.1939
vn -0.8315 0.5556 -0.0000
vn -0.8157 0.5450 -0.1939
vn -0.7689 0.5138 -0.3805
vn -0.6929 0.4630 -0.5528
vn -0.5905 0.3945 -0.7041
vn -0.4654 0.3110 -0.8286
vn -0.3225 0.2155 -0.9217
vn -0.1671 0.1117 -0.9796
vn 0.0855 -0.0855 0.9927
vn 0.0271 -0.0124 0.9996
vn -0.6526 0.6566 0.3781
vn -0.6277 0.6277 0.4604
vn -0.7501 0.5260 0.4008
vn -0.6539 0.6539 0.3805
vn -0.6937 0.6937 0.1939
vn -0.7071 0.7071 -0.0000
vn -0.6937 0.6937 -0.1939
vn -0.6539 0.6539 -0.3805
vn -0.5893 0.5893 -0.5528
vn -0.5021 0.5021 -0.7041
vn -0.3958 0.3958 -0.8286
vn -0.2743 0.2743 -0.9217
vn -0.1421 0.1421 -0.9796
vn 0.0096 -0.1303 0.9914
vn 0.8240 0.4914 0.2820
vn -0.4934 0.7681 0.4082
vn -0.3336 0.2875 0.8978
vn 0.0674 0.0653 0.9956
vn -0.5290 0.7886 0.3134
vn -0.5450 0.8157 0.1939
vn -0.5556 0.8315 -0.0000
vn -0.5450 0.8157 -0.1939
vn -0.5138 0.7689 -0.3805
vn -0.4630 0.6929 -0.5528
vn -0.3945 0.5905 -0.7041
vn -0.3110 0.4654 -0.8286
vn -0.2155 0.3225 -0.9217
vn -0.1117 0.1671 -0.9796
vn 0.0398 -0.0960 0.9946
vn 0.6891 0.1600 0.7068
vn -0.3445 0.8316 0.4357
vn -0.3397 0.8201 0.4604
vn -0.1686 0.9106 0.3774
vn -0.3539 0.8544 0.3805
vn -0.3754 0.9063 0.1939
vn -0.3827 0.9239 -0.0000
vn -0.3754 0.9063 -0.1939
vn -0.3539 0.8544 -0.3805
vn -0.3189 0.7699 -0.5528
vn -0.2718 0.6561 -0.7041
vn -0.2142 0.5172 -0.8286
vn -0.1484 0.3584 -0.9217
vn -0.0769 0.1857 -0.9796
vn 0.0204 -0.1024 0.9945
vn -0.7946 -0.3973 0.4591
vn -0.1756 0.8828 0.4357
vn -0.1732 0.8707 0.4604
vn -0.3552 0.8495 0.3901
vn -0.1804 0.9070 0.3805
vn -0.1914 0.9622 0.1939
vn -0.1951 0.9808 -0.0000
vn -0.1914 0.9622 -0.1939
vn -0.1804 0.9070 -0.3805
vn -0.1626 0.8173 -0.5528
vn -0.1385 0.6965 -0.7041
vn -0.1092 0.5490 -0.8286
vn -0.0757 0.3804 -0.9217
vn -0.0392 0.1971 -0.9796
vn -0.0000 -0.1039 0.9946
vn -0.0217 -0.0513 0.9984
vn -0.0840 0.4510 0.8886
vn -0.0017 0.9531 0.3027
vn -0.0000 0.9248 -0.3805
vn -0.0000 0.7101 -0.7041
vn -0.0000 0.5598 -0.8286
vn -0.0000 0.3879 -0.9217
vn -0.0000 0.2010 -0.9796
vn -0.6897 0.7192 0.0836
vn -0.6987 0.6987 0.1536
vn 0.0112 -0.0890 0.9960
vn -0.0061 -0.0309 0.9995
vn -0.1943 -0.9767 0.0907
vn 0.3096 0.5626 0.7666
vn -0.0073 -0.0368 0.9993
vn -0.0355 0.8958 0.4430
vn -0.0120 -0.0291 0.9995
vn -0.3812 -0.9202 0.0891
vn 0.0050 0.0120 0.9999
vn -0.0173 -0.0461 0.9988
vn -0.0184 0.0021 0.9998
vn -0.2460 0.1561 0.9566
vn -0.5195 -0.8494 0.0929
vn 0.3497 -0.1750 0.9204
vn -0.3134 0.1940 0.9296
vn -0.3299 0.7460 0.5785
vn -0.6071 0.3989 0.6872
vn -0.7595 -0.6436 0.0943
vn 0.0106 0.0744 0.9972
vn -0.3907 0.0118 0.9204
vn 0.0012 0.0195 0.9998
vn -0.0812 0.0113 0.9966
vn -0.8318 -0.5449 0.1056
vn 0.3083 0.3387 0.8890
vn -0.0479 0.0131 0.9988
vn 0.5608 -0.1020 0.8216
vn 0.0348 -0.7978 0.6019
vn -0.9234 -0.3720 0.0948
vn 0.0947 -0.0643 0.9934
vn -0.3796 -0.5096 0.7722
vn 0.0010 0.0403 0.9992
vn 0.0662 -0.3398 0.9381
vn -0.9922 -0.0808 0.0950
vn -0.3454 0.5661 0.7484
vn 0.0724 -0.4303 0.8998
vn 0.2930 0.9167 0.2716
vn -0.0315 -0.0000 0.9995
vn -0.9961 -0.0000 0.0885
vn 0.0076 0.0294 0.9995
vn -0.0371 -0.0001 0.9993
vn 0.0108 0.0706 0.9974
vn -0.0308 0.0061 0.9995
vn -0.9767 0.1943 0.0907
vn -0.0375 -0.9042 0.4254
vn -0.0481 0.0097 0.9988
vn -0.1547 -0.8904 0.4281
vn -0.0291 0.0120 0.9995
vn -0.9201 0.3811 0.0907
vn 0.6366 0.7014 0.3206
vn -0.0346 0.0143 0.9993
vn 0.9278 0.3129 0.2033
vn -0.0261 0.0175 0.9995
vn -0.8283 0.5534 0.0872
vn 0.0181 0.0840 0.9963
vn -0.0312 0.0208 0.9993
vn 0.0197 0.0704 0.9973
vn -0.0222 0.0222 0.9995
vn -0.7042 0.7042 0.0907
vn 0.8644 -0.1198 0.4883
vn -0.0277 0.0529 0.9982
vn 0.7320 -0.5845 0.3499
vn -0.0175 0.0262 0.9995
vn -0.5535 0.8283 0.0865
vn 0.0106 0.0547 0.9984
vn -0.0208 0.0311 0.9993
vn 0.0111 0.0480 0.9988
vn -0.0120 0.0290 0.9995
vn -0.3811 0.9201 0.0907
vn 0.2583 -0.7625 0.5932
vn -0.0143 0.0346 0.9993
vn -0.7050 -0.6140 0.3550
vn -0.0061 0.0309 0.9995
vn -0.1944 0.9771 0.0867
vn 0.0053 0.0482 0.9988
vn -0.0092 0.0442 0.9990
vn 0.8388 -0.1291 0.5289
vn -0.0000 0.0314 0.9995
vn -0.0000 0.9959 0.0907
vn -0.8012 -0.3336 0.4968
vn -0.0000 0.0374 0.9993
vn -0.0027 -0.0083 1.0000
vn 0.0061 0.0307 0.9995
vn 0.1943 0.9767 0.0907
vn 0.8283 -0.3840 0.4081
vn 0.0073 0.0368 0.9993
vn -0.0463 -0.4442 0.8947
vn 0.0120 0.0291 0.9995
vn 0.3812 0.9203 0.0877
vn -0.0050 0.0149 0.9999
vn 0.0179 0.0430 0.9989
vn -0.0095 0.0085 0.9999
vn 0.0174 0.0261 0.9995
vn 0.5533 0.8280 0.0907
vn -0.8697 0.3222 0.3738
vn 0.0208 0.0311 0.9993
vn 0.2868 -0.6681 0.6866
vn 0.0223 0.0223 0.9995
vn 0.7042 0.7042 0.0907
vn 0.4397 -0.7721 0.4588
vn 0.0265 0.0265 0.9993
vn -0.0021 -0.0229 0.9997
vn 0.0261 0.0174 0.9995
vn 0.8283 0.5534 0.0874
vn -0.0118 0.0499 0.9987
vn 0.0374 0.0247 0.9990
vn -0.4278 0.1642 0.8888
vn 0.0291 0.0120 0.9995
vn 0.9201 0.3811 0.0907
vn -0.5792 0.7580 0.2999
vn 0.0345 0.0143 0.9993
vn -0.0095 0.0203 0.9997
vn 0.0308 0.0061 0.9995
vn 0.9767 0.1943 0.0907
vn 0.0522 -0.9292 0.3660
vn 0.0368 0.0073 0.9993
vn -0.4897 -0.2667 0.8301
vn 0.0315 -0.0000 0.9995
vn 0.9961 -0.0000 0.0884
vn -0.0075 -0.0050 1.0000
vn 0.0535 -0.0000 0.9986
vn -0.0069 -0.0067 1.0000
vn 0.0308 -0.0061 0.9995
vn 0.9767 -0.1943 0.0907
vn 0.0478 0.9227 0.3825
vn 0.0367 -0.0073 0.9993
vn 0.1381 0.6436 0.7528
vn -0.1153 -0.3329 0.9359
vn 0.8903 -0.4464 0.0897
vn -0.4010 -0.6753 0.6190
vn -0.1399 -0.4065 0.9029
vn 0.0124 0.0961 0.9953
vn -0.4181 -0.6895 0.5914
vn 0.7290 -0.6777 0.0962
vn 0.0308 0.0690 0.9971
vn -0.4659 -0.7765 0.4242
vn 0.1436 -0.3648 0.9200
vn 0.1780 0.0320 0.9835
vn 0.2839 -0.2884 0.9145
vn 0.3469 -0.7924 0.5017
vn 0.5126 -0.8250 0.2381
vn -0.0133 -0.0346 0.9993
vn 0.6536 0.3927 0.6470
vn 0.6762 -0.7308 0.0927
vn -0.8236 -0.4791 0.3034
vn 0.7711 0.4604 0.4398
vn 0.0650 0.8064 0.5877
vn 0.3013 0.1018 0.9481
vn 0.4346 -0.8963 0.0880
vn 0.0157 0.0253 0.9996
vn 0.3907 0.1346 0.9106
vn -0.0069 -0.0309 0.9995
vn 0.0061 -0.0308 0.9995
vn 0.1943 -0.9767 0.0907
vn 0.3521 0.6712 0.6524
vn 0.0073 -0.0368 0.9993
vn 0.1178 0.8397 0.5301
vn -0.0000 -0.0315 0.9995
vn -0.0000 -0.9962 0.0869
vn -0.0000 -0.0380 0.9993
vn 0.0002 -0.0464 0.9989
vt 0.125064 0.747280
vt 0.137279 0.740980
vt 0.134693 0.749806
vt 0.088395 0.706881
vt 0.109125 0.699786
vt 0.091260 0.711611
vt 0.146693 0.744218
vt 0.144366 0.752161
vt 0.073705 0.714896
vt 0.077351 0.720917
vt 0.154074 0.754360
vt 0.156053 0.747605
vt 0.089403 0.727433
vt 0.056171 0.727544
vt 0.165367 0.751120
vt 0.163812 0.756427
vt 0.096489 0.738613
vt 0.099075 0.729787
vt 0.174643 0.754734
vt 0.173571 0.758390
vt 0.105959 0.741683
vt 0.108704 0.732313
vt 0.183891 0.758416
vt 0.183345 0.760280
vt 0.118284 0.735020
vt 0.115485 0.744573
vt 0.063822 0.690417
vt 0.021404 0.762134
vt 0.062139 0.689447
vt 0.193126 0.762134
vt 0.127809 0.737911
vt 0.086911 0.650633
vt 0.089135 0.639956
vt 0.681773 0.637704
vt 0.677455 0.628734
vt 0.679278 0.628067
vt 0.649785 0.564812
vt 0.662465 0.570770
vt 0.653297 0.574127
vt 0.669882 0.505148
vt 0.677014 0.459658
vt 0.681773 0.450042
vt 0.665620 0.580211
vt 0.656984 0.583373
vt 0.624595 0.487074
vt 0.636340 0.505570
vt 0.631146 0.507471
vt 0.660835 0.592553
vt 0.668607 0.589707
vt 0.642796 0.521009
vt 0.636186 0.523429
vt 0.664832 0.601670
vt 0.671442 0.599250
vt 0.648082 0.533648
vt 0.640310 0.536494
vt 0.668953 0.610732
vt 0.674146 0.608830
vt 0.651933 0.542828
vt 0.643297 0.545990
vt 0.673171 0.619749
vt 0.676748 0.618439
vt 0.646452 0.555432
vt 0.655620 0.552075
vt 0.659132 0.561389
vt 0.652290 0.586592
vt 0.667979 0.504760
vt 0.234423 0.672643
vt 0.245474 0.676632
vt 0.235619 0.678042
vt 0.311804 0.654097
vt 0.303984 0.664778
vt 0.301995 0.655798
vt 0.224927 0.675627
vt 0.225751 0.679347
vt 0.292219 0.657674
vt 0.294330 0.667206
vt 0.215452 0.678682
vt 0.215872 0.680578
vt 0.282479 0.659733
vt 0.284632 0.669452
vt 0.311066 0.665244
vt 0.392732 0.681773
vt 0.310703 0.667152
vt 0.205989 0.681773
vt 0.274893 0.671511
vt 0.272781 0.661979
vt 0.265908 0.656492
vt 0.257134 0.657303
vt 0.265116 0.673387
vt 0.263127 0.664407
vt 0.315845 0.634957
vt 0.307694 0.614620
vt 0.320422 0.631853
vt 0.253518 0.667007
vt 0.255308 0.675088
vt 0.330431 0.645265
vt 0.324605 0.649216
vt 0.243951 0.669760
vt 0.344955 0.661257
vt 0.767514 0.070707
vt 0.785437 0.026736
vt 0.790649 0.021399
vt 0.733961 0.150044
vt 0.747670 0.149071
vt 0.741813 0.156162
vt 0.736948 0.093820
vt 0.716929 0.102725
vt 0.715810 0.097309
vt 0.749773 0.162140
vt 0.755044 0.155759
vt 0.700710 0.106847
vt 0.699285 0.099953
vt 0.762310 0.162563
vt 0.757828 0.167990
vt 0.709016 0.117742
vt 0.678485 0.105789
vt 0.765961 0.173730
vt 0.769483 0.169465
vt 0.711119 0.130811
vt 0.716976 0.123720
vt 0.774156 0.179382
vt 0.776582 0.176444
vt 0.718611 0.137366
vt 0.724828 0.129838
vt 0.782392 0.184973
vt 0.783629 0.183476
vt 0.726225 0.143779
vt 0.732564 0.136104
vt 0.731345 0.145770
vt 0.765754 0.069885
vt 0.790649 0.190533
vt 0.740178 0.142516
vt 0.780923 0.595600
vt 0.767907 0.593189
vt 0.775134 0.587501
vt 0.730637 0.533932
vt 0.720833 0.529027
vt 0.723827 0.526671
vt 0.769202 0.579507
vt 0.761530 0.585545
vt 0.715437 0.520662
vt 0.716963 0.519461
vt 0.763121 0.571626
vt 0.755299 0.577783
vt 0.839153 0.592781
vt 0.860641 0.512276
vt 0.841035 0.593260
vt 0.710073 0.512276
vt 0.749217 0.569902
vt 0.756889 0.563863
vt 0.827537 0.638762
vt 0.827173 0.648680
vt 0.743285 0.561907
vt 0.750512 0.556219
vt 0.814732 0.644472
vt 0.794303 0.623761
vt 0.798649 0.620340
vt 0.744000 0.548689
vt 0.737496 0.553809
vt 0.783371 0.611091
vt 0.788902 0.606737
vt 0.731838 0.545619
vt 0.737369 0.541265
vt 0.774419 0.600719
vt 0.726291 0.537353
vt 0.404120 0.572202
vt 0.391952 0.578591
vt 0.394473 0.569746
vt 0.444949 0.572498
vt 0.429004 0.547083
vt 0.448986 0.568718
vt 0.384784 0.567463
vt 0.382515 0.575423
vt 0.460963 0.580406
vt 0.455825 0.585217
vt 0.373130 0.572104
vt 0.375059 0.565334
vt 0.442195 0.583829
vt 0.480623 0.604004
vt 0.365307 0.563338
vt 0.363791 0.568657
vt 0.430237 0.589505
vt 0.432758 0.580660
vt 0.355533 0.561447
vt 0.354489 0.565111
vt 0.423266 0.577660
vt 0.420589 0.587049
vt 0.345746 0.559628
vt 0.345214 0.561496
vt 0.413719 0.574839
vt 0.410990 0.584412
vt 0.485686 0.529708
vt 0.569008 0.529708
vt 0.485709 0.531650
vt 0.335952 0.557846
vt 0.401444 0.581591
vt 0.438186 0.532536
vt 0.428560 0.530185
vt 0.384945 0.761483
vt 0.395040 0.757210
vt 0.394889 0.761016
vt 0.325243 0.761234
vt 0.315676 0.751367
vt 0.325630 0.751478
vt 0.404906 0.758535
vt 0.404829 0.760476
vt 0.335186 0.761724
vt 0.335580 0.751777
vt 0.339579 0.731212
vt 0.256319 0.727983
vt 0.339632 0.729271
vt 0.414767 0.759898
vt 0.345523 0.752267
vt 0.345136 0.762022
vt 0.387092 0.732547
vt 0.393998 0.731137
vt 0.355454 0.752944
vt 0.355090 0.762134
vt 0.300882 0.733694
vt 0.320234 0.723421
vt 0.304457 0.737914
vt 0.365045 0.762068
vt 0.365373 0.753798
vt 0.292188 0.749296
vt 0.287639 0.743925
vt 0.375276 0.754810
vt 0.374997 0.761843
vt 0.305721 0.751432
vt 0.262904 0.762134
vt 0.385164 0.755957
vt 0.315311 0.760556
vt 0.211699 0.452541
vt 0.233529 0.454412
vt 0.231893 0.459695
vt 0.317559 0.487654
vt 0.310643 0.476367
vt 0.320006 0.479747
vt 0.249722 0.458636
vt 0.247640 0.465360
vt 0.329314 0.483277
vt 0.327233 0.490001
vt 0.262800 0.462039
vt 0.260531 0.470000
vt 0.336938 0.492216
vt 0.338573 0.486933
vt 0.272614 0.464594
vt 0.269894 0.473380
vt 0.346666 0.494327
vt 0.347793 0.490688
vt 0.279316 0.476593
vt 0.282203 0.467266
vt 0.356984 0.494511
vt 0.356410 0.496366
vt 0.288797 0.479628
vt 0.291741 0.470119
vt 0.197317 0.495857
vt 0.114032 0.498368
vt 0.197236 0.493917
vt 0.366161 0.498368
vt 0.301221 0.473154
vt 0.298334 0.482481
vt 0.243187 0.491840
vt 0.251694 0.494375
vt 0.307923 0.485153
vt 0.925068 0.599976
vt 0.927703 0.586488
vt 0.933297 0.594722
vt 0.965023 0.657021
vt 0.972781 0.663827
vt 0.971144 0.664872
vt 0.930344 0.608418
vt 0.938735 0.603060
vt 0.913732 0.626683
vt 0.966516 0.562212
vt 0.915249 0.627896
vt 0.977294 0.672700
vt 0.944011 0.611502
vt 0.935782 0.616756
vt 0.884888 0.662515
vt 0.878163 0.672700
vt 0.949127 0.620041
vt 0.941376 0.624991
vt 0.890825 0.606536
vt 0.894607 0.584954
vt 0.899726 0.587048
vt 0.947115 0.633124
vt 0.954091 0.628670
vt 0.900238 0.569195
vt 0.906753 0.571860
vt 0.958916 0.637377
vt 0.952983 0.641165
vt 0.914889 0.582650
vt 0.906597 0.550722
vt 0.958961 0.649125
vt 0.963622 0.646149
vt 0.919951 0.591437
vt 0.968234 0.654971
vt 0.818469 0.244021
vt 0.825136 0.255457
vt 0.815849 0.251872
vt 0.873144 0.289807
vt 0.884960 0.276415
vt 0.888262 0.282632
vt 0.806620 0.248140
vt 0.808849 0.241463
vt 0.872476 0.270772
vt 0.905114 0.272746
vt 0.799194 0.239036
vt 0.797443 0.244282
vt 0.865810 0.259336
vt 0.862898 0.268060
vt 0.789515 0.236712
vt 0.788309 0.240326
vt 0.856460 0.255917
vt 0.853369 0.265179
vt 0.779203 0.236302
vt 0.779818 0.234460
vt 0.847048 0.252675
vt 0.843897 0.262118
vt 0.914642 0.240715
vt 0.915079 0.324036
vt 0.912700 0.240748
vt 0.770113 0.232245
vt 0.834485 0.258876
vt 0.837576 0.249615
vt 0.911767 0.194760
vt 0.915079 0.182556
vt 0.828047 0.246733
vt 0.852048 0.295724
vt 0.870550 0.284923
vt 0.212197 0.539718
vt 0.201878 0.539787
vt 0.211644 0.537857
vt 0.146685 0.563381
vt 0.134334 0.556769
vt 0.143848 0.553839
vt 0.161672 0.595581
vt 0.244972 0.597523
vt 0.161649 0.597523
vt 0.221417 0.535964
vt 0.153416 0.551093
vt 0.156199 0.560452
vt 0.115653 0.597143
vt 0.115679 0.594890
vt 0.163035 0.548528
vt 0.165657 0.557344
vt 0.088302 0.578436
vt 0.066452 0.580062
vt 0.086725 0.573135
vt 0.175057 0.554068
vt 0.172697 0.546135
vt 0.102534 0.567647
vt 0.104541 0.574394
vt 0.182397 0.543896
vt 0.184404 0.550643
vt 0.117836 0.571086
vt 0.115476 0.563152
vt 0.193703 0.547090
vt 0.192126 0.541789
vt 0.124877 0.559877
vt 0.127498 0.568692
vt 0.202964 0.543439
vt 0.137117 0.566127
vt 0.905595 0.099972
vt 0.917659 0.103408
vt 0.911999 0.107593
vt 0.870102 0.051971
vt 0.855104 0.037921
vt 0.862575 0.021252
vt 0.918507 0.115126
vt 0.922954 0.111838
vt 0.883040 0.054772
vt 0.875645 0.060240
vt 0.925095 0.122589
vt 0.928159 0.120324
vt 0.881333 0.068410
vt 0.889183 0.062605
vt 0.931739 0.130003
vt 0.933300 0.128848
vt 0.887174 0.076470
vt 0.895178 0.070552
vt 0.853819 0.110157
vt 0.928852 0.073926
vt 0.854684 0.111896
vt 0.938410 0.137391
vt 0.901020 0.078613
vt 0.893169 0.084417
vt 0.812564 0.130501
vt 0.802257 0.137391
vt 0.906708 0.086782
vt 0.899313 0.092250
vt 0.839299 0.073036
vt 0.846801 0.052450
vt 0.851474 0.055408
vt 0.912250 0.095051
vt 0.861052 0.041685
vt 0.883939 0.934429
vt 0.814109 0.979886
vt 0.882860 0.932814
vt 0.931609 0.979886
vt 0.922936 0.974999
vt 0.924050 0.973408
vt 0.863678 0.938390
vt 0.877487 0.936025
vt 0.871887 0.944022
vt 0.921028 0.907142
vt 0.933225 0.903294
vt 0.885475 0.941965
vt 0.880200 0.949498
vt 0.849257 0.893996
vt 0.871152 0.893180
vt 0.850636 0.899351
vt 0.888609 0.954826
vt 0.893357 0.948046
vt 0.834635 0.904250
vt 0.832880 0.897434
vt 0.901140 0.954252
vt 0.897102 0.960018
vt 0.844457 0.913801
vt 0.815724 0.903707
vt 0.905666 0.965094
vt 0.908838 0.960564
vt 0.847591 0.926662
vt 0.852867 0.919129
vt 0.916468 0.966958
vt 0.914283 0.970078
vt 0.855579 0.932602
vt 0.861180 0.924605
vt 0.869388 0.930236
vt 0.554416 0.130302
vt 0.547041 0.144143
vt 0.546141 0.130472
vt 0.551408 0.050787
vt 0.545328 0.060840
vt 0.545878 0.050901
vt 0.545477 0.120540
vt 0.554672 0.120350
vt 0.550343 0.040890
vt 0.546535 0.040968
vt 0.554750 0.110396
vt 0.544989 0.110597
vt 0.549206 0.031000
vt 0.547265 0.031040
vt 0.554641 0.100442
vt 0.544689 0.100647
vt 0.518165 0.191570
vt 0.533405 0.273487
vt 0.516260 0.191947
vt 0.548032 0.021115
vt 0.544580 0.090692
vt 0.554341 0.090492
vt 0.509378 0.146419
vt 0.504725 0.134042
vt 0.544658 0.080738
vt 0.553853 0.080549
vt 0.553248 0.182148
vt 0.548139 0.160842
vt 0.553669 0.160728
vt 0.553189 0.070616
vt 0.544914 0.070787
vt 0.554079 0.143998
vt 0.552366 0.060696
vt 0.853851 0.819685
vt 0.848568 0.832661
vt 0.844734 0.823681
vt 0.909091 0.773755
vt 0.897483 0.729197
vt 0.897795 0.715803
vt 0.839305 0.836307
vt 0.835694 0.827849
vt 0.867506 0.774245
vt 0.886065 0.785891
vt 0.882194 0.789841
vt 0.826729 0.832176
vt 0.829979 0.839789
vt 0.898534 0.797052
vt 0.893607 0.802080
vt 0.820598 0.843120
vt 0.817834 0.836647
vt 0.881633 0.808737
vt 0.917055 0.809374
vt 0.809002 0.841238
vt 0.811173 0.846324
vt 0.875918 0.820676
vt 0.872307 0.812218
vt 0.800219 0.845923
vt 0.801714 0.849427
vt 0.863044 0.815864
vt 0.866877 0.824844
vt 0.791470 0.850673
vt 0.792233 0.852459
vt 0.857760 0.828840
vt 0.925448 0.855456
vt 0.907191 0.774159
vt 0.782740 0.855456
vt 0.039169 0.401975
vt 0.050607 0.399291
vt 0.043116 0.405848
vt 0.086617 0.351001
vt 0.099818 0.350022
vt 0.093182 0.357442
vt 0.032837 0.409656
vt 0.035556 0.412324
vt 0.079446 0.357905
vt 0.086415 0.364743
vt 0.027948 0.418744
vt 0.026562 0.417384
vt 0.072406 0.364943
vt 0.079511 0.371915
vt 0.209309 0.395274
vt 0.287096 0.425136
vt 0.208634 0.397095
vt 0.020316 0.425136
vt 0.072471 0.378953
vt 0.065503 0.372115
vt 0.165449 0.381257
vt 0.166232 0.379144
vt 0.065300 0.385857
vt 0.058735 0.379416
vt 0.116453 0.359824
vt 0.110245 0.380837
vt 0.110937 0.359424
vt 0.052099 0.386836
vt 0.058007 0.392633
vt 0.111395 0.342695
vt 0.118416 0.343205
vt 0.045582 0.394361
vt 0.116955 0.321008
vt 0.403964 0.128612
vt 0.371427 0.161195
vt 0.406342 0.122631
vt 0.396198 0.337417
vt 0.405485 0.347548
vt 0.396290 0.347371
vt 0.399662 0.267263
vt 0.404742 0.245950
vt 0.405191 0.267369
vt 0.396559 0.357322
vt 0.404834 0.357481
vt 0.405625 0.284098
vt 0.398587 0.283963
vt 0.404025 0.367403
vt 0.396987 0.367268
vt 0.397705 0.297635
vt 0.405981 0.297794
vt 0.397551 0.377207
vt 0.403080 0.377313
vt 0.406250 0.307745
vt 0.397054 0.307569
vt 0.402029 0.387212
vt 0.398220 0.387139
vt 0.396580 0.317512
vt 0.406342 0.317700
vt 0.400905 0.397103
vt 0.398964 0.397066
vt 0.396293 0.327463
vt 0.406246 0.327654
vt 0.372863 0.162503
vt 0.316020 0.223425
vt 0.399744 0.406990
vt 0.405959 0.337604
vt 0.575038 0.655335
vt 0.567356 0.666115
vt 0.565252 0.657162
vt 0.488444 0.677977
vt 0.499167 0.680255
vt 0.489315 0.681686
vt 0.555500 0.659162
vt 0.557734 0.668667
vt 0.479454 0.683044
vt 0.479009 0.681153
vt 0.545788 0.661346
vt 0.548065 0.671037
vt 0.611878 0.613590
vt 0.655850 0.684365
vt 0.610240 0.614634
vt 0.469587 0.684365
vt 0.538353 0.673221
vt 0.536120 0.663716
vt 0.585381 0.575932
vt 0.584042 0.569644
vt 0.528601 0.675222
vt 0.526498 0.666268
vt 0.561076 0.622775
vt 0.579852 0.634066
vt 0.576058 0.638089
vt 0.516922 0.668991
vt 0.518816 0.677048
vt 0.592532 0.644988
vt 0.587702 0.650108
vt 0.509002 0.678719
vt 0.507392 0.671866
vt 0.613501 0.660972
vt 0.497902 0.674871
vt 0.100524 0.840042
vt 0.086917 0.838107
vt 0.094135 0.832408
vt 0.106450 0.892997
vt 0.085981 0.885183
vt 0.107276 0.887529
vt 0.087612 0.824888
vt 0.081116 0.830018
vt 0.123919 0.889279
vt 0.122867 0.896240
vt 0.075444 0.821836
vt 0.080969 0.817474
vt 0.118110 0.876872
vt 0.149107 0.898833
vt 0.074226 0.810151
vt 0.069885 0.813578
vt 0.118805 0.863653
vt 0.111586 0.869352
vt 0.064415 0.805261
vt 0.067405 0.802900
vt 0.112861 0.855667
vt 0.105198 0.861718
vt 0.059006 0.796904
vt 0.060531 0.795701
vt 0.106767 0.847796
vt 0.098954 0.853964
vt 0.106267 0.925485
vt 0.189237 0.917833
vt 0.106468 0.927416
vt 0.053629 0.788527
vt 0.092861 0.846093
vt 0.060500 0.930088
vt 0.053629 0.933225
vt 0.278666 0.294253
vt 0.289010 0.290625
vt 0.288619 0.294414
vt 0.219098 0.290236
vt 0.210173 0.279785
vt 0.220100 0.280524
vt 0.298573 0.294502
vt 0.298773 0.292570
vt 0.228990 0.291353
vt 0.230012 0.281450
vt 0.071731 0.242105
vt 0.146397 0.205124
vt 0.072613 0.243835
vt 0.308528 0.294553
vt 0.239904 0.282567
vt 0.238902 0.292279
vt 0.031706 0.264868
vt 0.024358 0.266217
vt 0.249773 0.283870
vt 0.248829 0.293018
vt 0.169282 0.282970
vt 0.148468 0.276129
vt 0.169850 0.277469
vt 0.258768 0.293581
vt 0.259617 0.285347
vt 0.186556 0.278434
vt 0.185834 0.285436
vt 0.269437 0.286983
vt 0.268715 0.293984
vt 0.199385 0.287456
vt 0.200234 0.279222
vt 0.279233 0.288751
vt 0.209229 0.288934
vt 0.656744 0.885264
vt 0.667511 0.892963
vt 0.657571 0.893500
vt 0.720766 0.860845
vt 0.735143 0.871442
vt 0.729240 0.875276
vt 0.647624 0.893877
vt 0.646920 0.886874
vt 0.716143 0.879296
vt 0.755874 0.894064
vt 0.637119 0.888616
vt 0.637672 0.894119
vt 0.707122 0.888983
vt 0.706202 0.879833
vt 0.627718 0.894255
vt 0.627337 0.890464
vt 0.696273 0.880546
vt 0.697249 0.890260
vt 0.617764 0.894316
vt 0.617569 0.892384
vt 0.686359 0.881446
vt 0.687355 0.891350
vt 0.714775 0.836072
vt 0.651122 0.889840
vt 0.713504 0.834603
vt 0.607809 0.894341
vt 0.677441 0.892250
vt 0.676464 0.882536
vt 0.749668 0.806100
vt 0.756949 0.797169
vt 0.666592 0.883813
vt 0.709828 0.842424
vt 0.725404 0.857833
vt 0.402917 0.811337
vt 0.393657 0.815891
vt 0.401608 0.809902
vt 0.354241 0.861160
vt 0.340242 0.860584
vt 0.347532 0.853805
vt 0.320839 0.828632
vt 0.395918 0.864766
vt 0.320017 0.830392
vt 0.409582 0.803943
vt 0.354951 0.847167
vt 0.361530 0.854381
vt 0.278274 0.811070
vt 0.269079 0.803943
vt 0.362493 0.840671
vt 0.368691 0.847466
vt 0.309222 0.862711
vt 0.316372 0.842000
vt 0.314714 0.863360
vt 0.375728 0.840424
vt 0.370150 0.834309
vt 0.313501 0.880051
vt 0.306511 0.879224
vt 0.377908 0.828071
vt 0.382651 0.833271
vt 0.326044 0.874540
vt 0.305587 0.909894
vt 0.389477 0.826025
vt 0.385750 0.821939
vt 0.339279 0.874294
vt 0.333081 0.867499
vt 0.396224 0.818705
vt 0.346822 0.867797
vt 0.191511 0.102651
vt 0.208943 0.098763
vt 0.207959 0.105733
vt 0.280537 0.116600
vt 0.291445 0.110405
vt 0.290462 0.117375
vt 0.221425 0.108259
vt 0.222581 0.100063
vt 0.300396 0.118015
vt 0.301169 0.112539
vt 0.232492 0.100997
vt 0.231207 0.110103
vt 0.310869 0.114777
vt 0.310336 0.118549
vt 0.241021 0.111774
vt 0.242385 0.102107
vt 0.320281 0.119009
vt 0.320552 0.117086
vt 0.250864 0.113260
vt 0.252255 0.103403
vt 0.090006 0.110760
vt 0.154078 0.164027
vt 0.088782 0.112267
vt 0.330226 0.119432
vt 0.262098 0.104888
vt 0.260734 0.114556
vt 0.054393 0.081647
vt 0.045633 0.077839
vt 0.271912 0.106559
vt 0.270627 0.115666
vt 0.170435 0.098807
vt 0.192284 0.097174
vt 0.281694 0.108404
vt 0.874339 0.418594
vt 0.875361 0.432567
vt 0.867796 0.426097
vt 0.929857 0.424662
vt 0.915818 0.506793
vt 0.927939 0.424357
vt 0.811192 0.370128
vt 0.819297 0.375908
vt 0.818020 0.377372
vt 0.860357 0.419482
vt 0.866774 0.412124
vt 0.935007 0.378906
vt 0.938410 0.370128
vt 0.853044 0.412728
vt 0.859088 0.405797
vt 0.895224 0.411538
vt 0.906797 0.430142
vt 0.901586 0.431995
vt 0.851292 0.399608
vt 0.845851 0.405846
vt 0.913109 0.445641
vt 0.906477 0.447999
vt 0.838770 0.398849
vt 0.843397 0.393544
vt 0.896284 0.438845
vt 0.920867 0.469757
vt 0.835420 0.387588
vt 0.831785 0.391756
vt 0.883047 0.438894
vt 0.889092 0.431962
vt 0.824876 0.384590
vt 0.827380 0.381718
vt 0.881778 0.425209
vt 0.627609 0.069157
vt 0.618634 0.060393
vt 0.625604 0.059406
vt 0.627362 0.145103
vt 0.627782 0.129426
vt 0.640296 0.166886
vt 0.623466 0.049684
vt 0.617990 0.050459
vt 0.635038 0.118355
vt 0.625932 0.119644
vt 0.617452 0.040519
vt 0.621224 0.039985
vt 0.633924 0.108463
vt 0.624257 0.109832
vt 0.616987 0.030575
vt 0.618910 0.030303
vt 0.632624 0.098594
vt 0.622767 0.099989
vt 0.635822 0.168055
vt 0.633209 0.084773
vt 0.637762 0.167971
vt 0.616560 0.020629
vt 0.621467 0.090120
vt 0.631134 0.088751
vt 0.637645 0.214016
vt 0.640296 0.225529
vt 0.620352 0.080227
vt 0.629459 0.078938
vt 0.618163 0.159083
vt 0.603201 0.175089
vt 0.613411 0.156254
vt 0.619414 0.070317
vt 0.621313 0.141503
vt 0.458128 0.813972
vt 0.485866 0.735403
vt 0.459966 0.814598
vt 0.566571 0.868418
vt 0.565004 0.858587
vt 0.566943 0.858470
vt 0.556813 0.789416
vt 0.567254 0.798758
vt 0.557509 0.799347
vt 0.445307 0.858197
vt 0.439284 0.868418
vt 0.567572 0.808708
vt 0.558391 0.809262
vt 0.526321 0.773312
vt 0.537235 0.754314
vt 0.541333 0.758027
vt 0.559450 0.819160
vt 0.567712 0.818661
vt 0.547902 0.741419
vt 0.553118 0.746146
vt 0.567693 0.828616
vt 0.560667 0.829040
vt 0.555851 0.759571
vt 0.565608 0.719695
vt 0.562018 0.838903
vt 0.567538 0.838570
vt 0.565172 0.768970
vt 0.555992 0.769525
vt 0.567277 0.848521
vt 0.563475 0.848751
vt 0.556309 0.779474
vt 0.566054 0.778886
vt 0.566750 0.788816
vt 0.705727 0.360515
vt 0.714421 0.378020
vt 0.677702 0.360697
vt 0.771197 0.434180
vt 0.767580 0.423002
vt 0.774732 0.429927
vt 0.716485 0.391096
vt 0.722363 0.384022
vt 0.781809 0.436927
vt 0.779374 0.439857
vt 0.723957 0.397673
vt 0.730197 0.390164
vt 0.787593 0.445473
vt 0.788835 0.443980
vt 0.731551 0.404109
vt 0.737914 0.396453
vt 0.740075 0.294795
vt 0.660919 0.268775
vt 0.740660 0.292943
vt 0.795834 0.451059
vt 0.745508 0.402889
vt 0.739268 0.410398
vt 0.783890 0.308798
vt 0.795834 0.308661
vt 0.752980 0.409467
vt 0.747102 0.416540
vt 0.743810 0.362914
vt 0.722312 0.367143
vt 0.722426 0.361613
vt 0.755044 0.422542
vt 0.760334 0.416176
vt 0.705582 0.367553
vt 0.763081 0.428416
vt 0.210247 0.053370
vt 0.224379 0.043115
vt 0.222660 0.055558
vt 0.139427 0.042415
vt 0.158062 0.041721
vt 0.162248 0.041754
vt 0.237367 0.044741
vt 0.235952 0.057241
vt 0.150332 0.041756
vt 0.157340 0.040581
vt 0.157407 0.042943
vt 0.250077 0.058363
vt 0.251169 0.046405
vt 0.167797 0.038850
vt 0.167891 0.043959
vt 0.265828 0.048187
vt 0.265060 0.059004
vt 0.179390 0.044870
vt 0.180208 0.036961
vt 0.280957 0.059073
vt 0.281457 0.049981
vt 0.190307 0.038578
vt 0.188465 0.047730
vt 0.298248 0.051971
vt 0.297981 0.058760
vt 0.198800 0.050721
vt 0.200843 0.040055
vt 0.316647 0.054089
vt 0.316569 0.058003
vt 0.212197 0.041557
vt 0.093460 0.036352
vt 0.108907 0.037642
vt 0.338114 0.056309
vt 0.267597 0.037503
vt 0.283062 0.041033
vt 0.191074 0.029411
vt 0.299496 0.045293
vt 0.201675 0.029302
vt 0.317385 0.050243
vt 0.213310 0.029683
vt 0.020114 0.030620
vt 0.139798 0.037997
vt 0.078038 0.035183
vt 0.225792 0.030668
vt 0.162194 0.042062
vt 0.239017 0.032300
vt 0.150616 0.041121
vt 0.156711 0.038306
vt 0.252957 0.034555
vt 0.166243 0.033950
vt 0.155004 0.020114
vt 0.557790 0.407453
vt 0.568505 0.416060
vt 0.559389 0.417278
vt 0.579397 0.357583
vt 0.594233 0.373706
vt 0.576219 0.362110
vt 0.561163 0.427074
vt 0.569367 0.425977
vt 0.562104 0.353120
vt 0.566149 0.347360
vt 0.570070 0.435907
vt 0.563093 0.436840
vt 0.561458 0.366805
vt 0.549452 0.338281
vt 0.565156 0.446578
vt 0.570637 0.445846
vt 0.554115 0.377819
vt 0.563231 0.376601
vt 0.571098 0.455790
vt 0.567322 0.456294
vt 0.555153 0.387720
vt 0.564830 0.386426
vt 0.571486 0.465737
vt 0.569561 0.465994
vt 0.556377 0.397599
vt 0.566244 0.396280
vt 0.571716 0.338884
vt 0.616965 0.268919
vt 0.573359 0.339920
vt 0.571836 0.475686
vt 0.567468 0.406159
vt 0.548963 0.378915
vt 0.540636 0.386840
vt 0.457416 0.261314
vt 0.450026 0.253218
vt 0.453666 0.252093
vt 0.477054 0.317695
vt 0.470934 0.330001
vt 0.467725 0.320577
vt 0.449848 0.242900
vt 0.447992 0.243473
vt 0.474206 0.308156
vt 0.464695 0.311095
vt 0.449744 0.403465
vt 0.445995 0.486703
vt 0.447803 0.403400
vt 0.445995 0.233721
vt 0.461848 0.301556
vt 0.471176 0.298674
vt 0.451434 0.357498
vt 0.449433 0.351265
vt 0.459180 0.291965
vt 0.467967 0.289250
vt 0.489882 0.366376
vt 0.491740 0.388208
vt 0.484598 0.368009
vt 0.464592 0.279885
vt 0.456684 0.282329
vt 0.478941 0.352259
vt 0.485667 0.350181
vt 0.454342 0.272653
vt 0.461067 0.270575
vt 0.482217 0.336922
vt 0.474309 0.339366
vt 0.452132 0.262947
vt 0.479721 0.327286
vt 0.708077 0.704406
vt 0.725875 0.717186
vt 0.721766 0.720887
vt 0.672370 0.754090
vt 0.665516 0.765415
vt 0.663025 0.757521
vt 0.732394 0.733813
vt 0.737624 0.729102
vt 0.655855 0.767814
vt 0.653737 0.761101
vt 0.719957 0.739558
vt 0.754167 0.743021
vt 0.644497 0.764807
vt 0.646161 0.770081
vt 0.713103 0.750882
vt 0.710335 0.742112
vt 0.636445 0.772245
vt 0.635298 0.768612
vt 0.700760 0.744836
vt 0.703698 0.754147
vt 0.626712 0.774336
vt 0.626128 0.772484
vt 0.691239 0.747740
vt 0.694234 0.757233
vt 0.762353 0.701283
vt 0.798426 0.776391
vt 0.760612 0.702144
vt 0.616972 0.776391
vt 0.684712 0.760137
vt 0.681774 0.750826
vt 0.740077 0.660984
vt 0.739540 0.654375
vt 0.675138 0.762861
vt 0.707074 0.718016
vt 0.700745 0.686049
vt 0.714689 0.739044
vt 0.710504 0.717330
vt 0.722710 0.722207
vt 0.714335 0.752989
vt 0.724726 0.705430
vt 0.719947 0.721409
vt 0.727190 0.706142
vt 0.499113 0.399691
vt 0.495380 0.387083
vt 0.502448 0.421806
vt 0.495770 0.400724
vt 0.489060 0.408822
vt 0.511330 0.439277
vt 0.479259 0.395328
vt 0.491370 0.407111
vt 0.481320 0.393802
vt 0.589676 0.379896
vt 0.602883 0.374066
vt 0.607004 0.391441
vt 0.582337 0.379308
vt 0.597910 0.369487
vt 0.616965 0.402049
vt 0.588503 0.358637
vt 0.597331 0.374287
vt 0.589447 0.355116
vt 0.150613 0.041397
vt 0.147881 0.041882
vt 0.151579 0.041730
vt 0.149117 0.041848
vt 0.150026 0.041572
vt 0.148706 0.040780
vt 0.146287 0.041293
vt 0.149946 0.041586
vt 0.144849 0.041596
vt 0.149936 0.040182
vt 0.148750 0.042137
vt 0.151765 0.041876
vt 0.145043 0.040893
vt 0.743691 0.356522
vt 0.752790 0.368130
vt 0.757995 0.354231
vt 0.735960 0.352366
vt 0.753345 0.341101
vt 0.764151 0.357939
vt 0.748323 0.338576
vt 0.743478 0.325711
vt 0.739586 0.324369
vt 0.517377 0.782950
vt 0.523498 0.770754
vt 0.502412 0.799232
vt 0.514784 0.780601
vt 0.489940 0.812763
vt 0.500050 0.797092
vt 0.478626 0.825017
vt 0.487809 0.810832
vt 0.476726 0.823295
vt 0.599405 0.161982
vt 0.598592 0.192467
vt 0.602507 0.139833
vt 0.602903 0.161944
vt 0.612610 0.155509
vt 0.598905 0.122808
vt 0.619102 0.170871
vt 0.609971 0.156654
vt 0.616750 0.171892
vt 0.888957 0.423660
vt 0.894074 0.393596
vt 0.887703 0.445989
vt 0.892381 0.424376
vt 0.900338 0.432271
vt 0.881066 0.462034
vt 0.897934 0.430693
vt 0.909361 0.418245
vt 0.907218 0.416838
vt 0.157437 0.096816
vt 0.170967 0.095035
vt 0.135562 0.093572
vt 0.157926 0.093352
vt 0.117363 0.090847
vt 0.136008 0.090416
vt 0.100871 0.088363
vt 0.117765 0.087999
vt 0.101229 0.085823
vt 0.324920 0.852638
vt 0.310820 0.819657
vt 0.330579 0.874275
vt 0.321706 0.854019
vt 0.316582 0.861950
vt 0.339134 0.888705
vt 0.306143 0.848943
vt 0.318808 0.860130
vt 0.308128 0.847320
vt 0.706202 0.855580
vt 0.705309 0.819723
vt 0.709591 0.877687
vt 0.709700 0.855573
vt 0.721142 0.863045
vt 0.705492 0.894341
vt 0.726825 0.847131
vt 0.718625 0.861654
vt 0.729070 0.848371
vt 0.135014 0.278414
vt 0.148077 0.279918
vt 0.113033 0.275991
vt 0.135373 0.274934
vt 0.094744 0.273948
vt 0.113360 0.272820
vt 0.078171 0.272082
vt 0.095039 0.271087
vt 0.078434 0.269531
vt 0.096961 0.877080
vt 0.062343 0.889842
vt 0.118813 0.872317
vt 0.098209 0.880349
vt 0.107379 0.887051
vt 0.132719 0.863830
vt 0.095043 0.898275
vt 0.105424 0.884942
vt 0.093300 0.896394
vt 0.561274 0.636420
vt 0.550261 0.601207
vt 0.570713 0.656695
vt 0.564631 0.635434
vt 0.576398 0.638933
vt 0.571984 0.673019
vt 0.576142 0.622038
vt 0.573553 0.638514
vt 0.578679 0.622412
vt 0.401341 0.232734
vt 0.400933 0.245877
vt 0.401922 0.210628
vt 0.404839 0.232802
vt 0.402431 0.192232
vt 0.405108 0.210689
vt 0.405470 0.175610
vt 0.405306 0.192288
vt 0.402906 0.175561
vt 0.099291 0.372698
vt 0.116469 0.397089
vt 0.088359 0.353187
vt 0.102053 0.370551
vt 0.106668 0.356739
vt 0.078065 0.345347
vt 0.122251 0.362680
vt 0.105668 0.359435
vt 0.121360 0.365085
vt 0.867285 0.787889
vt 0.860416 0.758858
vt 0.876095 0.808446
vt 0.870670 0.787007
vt 0.883250 0.791223
vt 0.876499 0.821262
vt 0.880450 0.790566
vt 0.886908 0.774951
vt 0.884411 0.774366
vt 0.553363 0.195296
vt 0.549440 0.182226
vt 0.550476 0.217474
vt 0.549866 0.195368
vt 0.539123 0.202678
vt 0.554750 0.234984
vt 0.531393 0.187900
vt 0.541658 0.201321
vt 0.533654 0.186690
vt 0.859909 0.900913
vt 0.890527 0.889514
vt 0.838948 0.907961
vt 0.858770 0.897605
vt 0.857463 0.910196
vt 0.821602 0.911591
vt 0.874007 0.906760
vt 0.857339 0.907323
vt 0.874118 0.909322
vt 0.852431 0.076746
vt 0.820763 0.084781
vt 0.852446 0.073248
vt 0.874545 0.076684
vt 0.862169 0.090635
vt 0.887569 0.072287
vt 0.849122 0.101025
vt 0.860356 0.088403
vt 0.847506 0.099034
vt 0.054891 0.587312
vt 0.067538 0.583713
vt 0.033650 0.593467
vt 0.053894 0.583959
vt 0.052016 0.596712
vt 0.020705 0.595494
vt 0.068723 0.594187
vt 0.052049 0.593837
vt 0.068693 0.596751
vt 0.855684 0.282571
vt 0.838722 0.309959
vt 0.867201 0.263693
vt 0.858683 0.284372
vt 0.876808 0.247997
vt 0.869934 0.265333
vt 0.885527 0.233779
vt 0.879273 0.249477
vt 0.887725 0.235100
vt 0.903687 0.601976
vt 0.877775 0.621116
vt 0.901678 0.599112
vt 0.921701 0.589148
vt 0.915570 0.606761
vt 0.933227 0.576284
vt 0.907465 0.621337
vt 0.913044 0.605387
vt 0.905212 0.620111
vt 0.199185 0.448504
vt 0.212826 0.448902
vt 0.178107 0.441815
vt 0.200220 0.445162
vt 0.191293 0.455003
vt 0.162841 0.434240
vt 0.206431 0.462512
vt 0.192970 0.452666
vt 0.204936 0.464596
vt 0.323979 0.728460
vt 0.322617 0.713821
vt 0.336603 0.720166
vt 0.321684 0.736490
vt 0.342067 0.733104
vt 0.338214 0.713530
vt 0.345548 0.750994
vt 0.340400 0.738172
vt 0.343815 0.754497
vt 0.446711 0.547796
vt 0.415369 0.539342
vt 0.447375 0.565887
vt 0.443296 0.550528
vt 0.454019 0.562756
vt 0.444330 0.571130
vt 0.472673 0.553677
vt 0.462124 0.562112
vt 0.478352 0.553815
vt 0.816396 0.627522
vt 0.820379 0.659738
vt 0.813125 0.629970
vt 0.799499 0.621025
vt 0.793906 0.622216
vt 0.804070 0.615276
vt 0.807145 0.607439
vt 0.817675 0.599614
vt 0.819258 0.593966
vt 0.738953 0.086222
vt 0.745709 0.099155
vt 0.753316 0.079270
vt 0.731361 0.081917
vt 0.751974 0.064695
vt 0.759437 0.083079
vt 0.746932 0.062010
vt 0.745112 0.047928
vt 0.741147 0.046368
vt 0.321337 0.614941
vt 0.288668 0.601962
vt 0.341527 0.624561
vt 0.320321 0.618289
vt 0.325433 0.633984
vt 0.351525 0.624213
vt 0.309807 0.639813
vt 0.324403 0.631299
vt 0.308888 0.637419
vt 0.620837 0.500193
vt 0.622618 0.465085
vt 0.624006 0.522332
vt 0.624335 0.500220
vt 0.637795 0.509775
vt 0.620695 0.531772
vt 0.646003 0.495005
vt 0.635539 0.507992
vt 0.648015 0.496596
vt 0.107261 0.713304
vt 0.121071 0.683788
vt 0.095417 0.732275
vt 0.104050 0.711916
vt 0.091094 0.714134
vt 0.092848 0.745987
vt 0.092630 0.697306
vt 0.093963 0.713931
vt 0.090072 0.697487
vt 0.139555 0.040201
vt 0.124350 0.038931
vt 0.062639 0.034223
s 1
usemtl マテリアル
f 5/1/5 16/2/16 478/3/478
f 1/4/1 8/5/8 9/6/9
f 478/3/478 17/7/17 6/8/6
f 476/9/476 9/6/9 10/10/10
f 479/11/479 17/7/17 18/12/18
f 476/9/476 11/13/11 2/14/2
f 479/11/479 19/15/19 480/16/480
f 477/17/477 11/13/11 12/18/12
f 480/16/480 20/19/20 481/20/481
f 3/21/3 12/18/12 13/22/13
f 481/20/481 21/23/21 482/24/482
f 3/21/3 14/25/14 4/26/4
f 474/27/474 82/28/82 7/29/7
f 308/30/308 482/24/482 21/23/21
f 4/26/4 15/31/15 5/1/5
f 643/32/640 7/29/7 488/33/485
f 308/34/308 21/35/21 36/36/36
f 14/37/14 30/38/30 15/39/15
f 7/40/7 493/41/490 488/42/485
f 15/39/15 31/43/31 16/44/16
f 8/45/8 24/46/24 9/47/9
f 17/48/17 31/43/31 32/49/32
f 9/47/9 25/50/25 10/51/10
f 18/52/18 32/49/32 33/53/33
f 10/51/10 26/54/26 11/55/11
f 19/56/19 33/53/33 34/57/34
f 11/55/11 27/58/27 12/59/12
f 20/60/20 34/57/34 35/61/35
f 13/62/13 27/58/27 28/63/28
f 20/60/20 36/36/36 21/35/21
f 13/62/13 29/64/29 14/37/14
f 7/40/7 82/65/82 22/66/22
f 34/67/34 48/68/48 49/69/49
f 26/70/26 42/71/42 27/72/27
f 35/73/35 49/69/49 50/74/50
f 28/75/28 42/71/42 43/76/43
f 36/77/36 50/74/50 51/78/51
f 29/79/29 43/76/43 44/80/44
f 22/81/22 82/82/82 37/83/37
f 308/84/308 36/77/36 51/78/51
f 29/79/29 45/85/45 30/86/30
f 493/87/490 37/83/37 498/88/495
f 30/86/30 46/89/46 31/90/31
f 24/91/24 38/92/38 39/93/39
f 32/94/32 46/89/46 47/95/47
f 24/91/24 40/96/40 25/97/25
f 33/98/33 47/95/47 48/68/48
f 26/70/26 40/96/40 41/99/41
f 37/100/37 503/101/500 498/102/495
f 45/103/45 61/104/61 46/105/46
f 38/106/38 54/107/54 39/108/39
f 47/109/47 61/104/61 62/110/62
f 39/108/39 55/111/55 40/112/40
f 47/109/47 63/113/63 48/114/48
f 40/112/40 56/115/56 41/116/41
f 49/117/49 63/113/63 64/118/64
f 42/119/42 56/115/56 57/120/57
f 50/121/50 64/118/64 65/122/65
f 43/123/43 57/120/57 58/124/58
f 51/125/51 65/122/65 66/126/66
f 44/127/44 58/124/58 59/128/59
f 37/100/37 82/129/82 52/130/52
f 308/131/308 51/125/51 66/126/66
f 44/127/44 60/132/60 45/103/45
f 56/133/56 72/134/72 57/135/57
f 64/136/64 80/137/80 65/138/65
f 58/139/58 72/134/72 73/140/73
f 65/138/65 81/141/81 66/142/66
f 59/143/59 73/140/73 74/144/74
f 52/145/52 82/146/82 67/147/67
f 308/148/308 66/142/66 81/141/81
f 59/143/59 75/149/75 60/150/60
f 503/151/500 67/147/67 508/152/505
f 60/150/60 76/153/76 61/154/61
f 53/155/53 69/156/69 54/157/54
f 62/158/62 76/153/76 77/159/77
f 54/157/54 70/160/70 55/161/55
f 62/158/62 78/162/78 63/163/63
f 56/133/56 70/160/70 71/164/71
f 64/136/64 78/162/78 79/165/79
f 75/166/75 92/167/92 76/168/76
f 69/169/69 84/170/84 85/171/85
f 77/172/77 92/167/92 93/173/93
f 69/169/69 86/174/86 70/175/70
f 77/172/77 94/176/94 78/177/78
f 71/178/71 86/174/86 87/179/87
f 79/180/79 94/176/94 95/181/95
f 71/178/71 88/182/88 72/183/72
f 80/184/80 95/181/95 96/185/96
f 73/186/73 88/182/88 89/187/89
f 81/188/81 96/185/96 97/189/97
f 74/190/74 89/187/89 90/191/90
f 67/192/67 82/193/82 83/194/83
f 308/195/308 81/188/81 97/189/97
f 74/190/74 91/196/91 75/166/75
f 67/192/67 513/197/510 508/198/505
f 95/199/95 111/200/111 96/201/96
f 89/202/89 103/203/103 104/204/104
f 96/201/96 112/205/112 97/206/97
f 90/207/90 104/204/104 105/208/105
f 83/209/83 82/210/82 98/211/98
f 308/212/308 97/206/97 112/205/112
f 90/207/90 106/213/106 91/214/91
f 513/215/510 98/211/98 518/216/515
f 91/214/91 107/217/107 92/218/92
f 85/219/85 99/220/99 100/221/100
f 93/222/93 107/217/107 108/223/108
f 85/219/85 101/224/101 86/225/86
f 93/222/93 109/226/109 94/227/94
f 86/225/86 102/228/102 87/229/87
f 95/199/95 109/226/109 110/230/110
f 88/231/88 102/228/102 103/203/103
f 99/232/99 115/233/115 100/234/100
f 108/235/108 122/236/122 123/237/123
f 100/234/100 116/238/116 101/239/101
f 108/235/108 124/240/124 109/241/109
f 101/239/101 117/242/117 102/243/102
f 110/244/110 124/240/124 125/245/125
f 102/243/102 118/246/118 103/247/103
f 111/248/111 125/245/125 126/249/126
f 104/250/104 118/246/118 119/251/119
f 111/248/111 127/252/127 112/253/112
f 105/254/105 119/251/119 120/255/120
f 98/256/98 82/257/82 113/258/113
f 308/259/308 112/253/112 127/252/127
f 105/254/105 121/260/121 106/261/106
f 98/256/98 523/262/520 518/263/515
f 106/261/106 122/236/122 107/264/107
f 119/265/119 133/266/133 134/267/134
f 126/268/126 142/269/142 127/270/127
f 120/271/120 134/267/134 135/272/135
f 113/273/113 82/274/82 128/275/128
f 308/276/308 127/270/127 142/269/142
f 120/271/120 136/277/136 121/278/121
f 523/279/520 128/275/128 528/280/525
f 121/278/121 137/281/137 122/282/122
f 114/283/114 130/284/130 115/285/115
f 123/286/123 137/281/137 138/287/138
f 115/285/115 131/288/131 116/289/116
f 123/286/123 139/290/139 124/291/124
f 117/292/117 131/288/131 132/293/132
f 125/294/125 139/290/139 140/295/140
f 117/292/117 133/266/133 118/296/118
f 125/294/125 141/297/141 126/268/126
f 138/298/138 152/299/152 153/300/153
f 130/301/130 146/302/146 131/303/131
f 138/298/138 154/304/154 139/305/139
f 131/303/131 147/306/147 132/307/132
f 140/308/140 154/304/154 155/309/155
f 133/310/133 147/306/147 148/311/148
f 141/312/141 155/309/155 156/313/156
f 134/314/134 148/311/148 149/315/149
f 141/312/141 157/316/157 142/317/142
f 135/318/135 149/315/149 150/319/150
f 128/320/128 82/321/82 143/322/143
f 308/323/308 142/317/142 157/316/157
f 135/318/135 151/324/151 136/325/136
f 128/320/128 533/326/530 528/327/525
f 136/325/136 152/299/152 137/328/137
f 130/301/130 144/329/144 145/330/145
f 157/331/157 171/332/171 172/333/172
f 150/334/150 164/335/164 165/336/165
f 143/337/143 82/338/82 158/339/158
f 308/340/308 157/331/157 172/333/172
f 150/334/150 166/341/166 151/342/151
f 143/337/143 538/343/535 533/344/530
f 151/342/151 167/345/167 152/346/152
f 145/347/145 159/348/159 160/349/160
f 153/350/153 167/345/167 168/351/168
f 145/347/145 161/352/161 146/353/146
f 153/350/153 169/354/169 154/355/154
f 147/356/147 161/352/161 162/357/162
f 155/358/155 169/354/169 170/359/170
f 147/356/147 163/360/163 148/361/148
f 156/362/156 170/359/170 171/332/171
f 149/363/149 163/360/163 164/335/164
f 168/364/168 184/365/184 169/366/169
f 162/367/162 176/368/176 177/369/177
f 170/370/170 184/365/184 185/371/185
f 162/367/162 178/372/178 163/373/163
f 171/374/171 185/371/185 186/375/186
f 164/376/164 178/372/178 179/377/179
f 172/378/172 186/375/186 187/379/187
f 165/380/165 179/377/179 180/381/180
f 158/382/158 82/383/82 173/384/173
f 308/385/308 172/378/172 187/379/187
f 165/380/165 181/386/181 166/387/166
f 538/388/535 173/384/173 543/389/540
f 166/387/166 182/390/182 167/391/167
f 159/392/159 175/393/175 160/394/160
f 168/364/168 182/390/182 183/395/183
f 160/394/160 176/368/176 161/396/161
f 173/397/173 82/398/82 188/399/188
f 308/400/308 187/401/187 202/402/202
f 180/403/180 196/404/196 181/405/181
f 173/397/173 548/406/545 543/407/540
f 181/405/181 197/408/197 182/409/182
f 175/410/175 189/411/189 190/412/190
f 183/413/183 197/408/197 198/414/198
f 175/410/175 191/415/191 176/416/176
f 183/413/183 199/417/199 184/418/184
f 176/416/176 192/419/192 177/420/177
f 185/421/185 199/417/199 200/422/200
f 178/423/178 192/419/192 193/424/193
f 185/421/185 201/425/201 186/426/186
f 179/427/179 193/424/193 194/428/194
f 186/426/186 202/402/202 187/401/187
f 180/403/180 194/428/194 195/429/195
f 192/430/192 206/431/206 207/432/207
f 200/433/200 214/434/214 215/435/215
f 192/430/192 208/436/208 193/437/193
f 201/438/201 215/435/215 216/439/216
f 194/440/194 208/436/208 209/441/209
f 202/442/202 216/439/216 217/443/217
f 195/444/195 209/441/209 210/445/210
f 188/446/188 82/447/82 203/448/203
f 308/449/308 202/442/202 217/443/217
f 195/444/195 211/450/211 196/451/196
f 548/452/545 203/448/203 553/453/550
f 196/451/196 212/454/212 197/455/197
f 189/456/189 205/457/205 190/458/190
f 198/459/198 212/454/212 213/460/213
f 190/458/190 206/431/206 191/461/191
f 198/459/198 214/434/214 199/462/199
f 210/463/210 226/464/226 211/465/211
f 203/466/203 558/467/555 553/468/550
f 211/465/211 227/469/227 212/470/212
f 204/471/204 220/472/220 205/473/205
f 213/474/213 227/469/227 228/475/228
f 205/473/205 221/476/221 206/477/206
f 213/474/213 229/478/229 214/479/214
f 207/480/207 221/476/221 222/481/222
f 215/482/215 229/478/229 230/483/230
f 207/480/207 223/484/223 208/485/208
f 216/486/216 230/483/230 231/487/231
f 209/488/209 223/484/223 224/489/224
f 217/490/217 231/487/231 232/491/232
f 210/463/210 224/489/224 225/492/225
f 203/466/203 82/493/82 218/494/218
f 308/495/308 217/490/217 232/491/232
f 230/496/230 244/497/244 245/498/245
f 223/499/223 237/500/237 238/501/238
f 231/502/231 245/498/245 246/503/246
f 224/504/224 238/501/238 239/505/239
f 231/502/231 247/506/247 232/507/232
f 225/508/225 239/505/239 240/509/240
f 218/510/218 82/511/82 233/512/233
f 308/513/308 232/507/232 247/506/247
f 225/508/225 241/514/241 226/515/226
f 218/510/218 563/516/560 558/517/555
f 226/515/226 242/518/242 227/519/227
f 220/520/220 234/521/234 235/522/235
f 228/523/228 242/518/242 243/524/243
f 220/520/220 236/525/236 221/526/221
f 228/523/228 244/497/244 229/527/229
f 221/526/221 237/500/237 222/528/222
f 563/529/560 248/530/248 568/531/565
f 241/532/241 257/533/257 242/534/242
f 235/535/235 249/536/249 250/537/250
f 243/538/243 257/533/257 258/539/258
f 235/535/235 251/540/251 236/541/236
f 243/538/243 259/542/259 244/543/244
f 237/544/237 251/540/251 252/545/252
f 245/546/245 259/542/259 260/547/260
f 237/544/237 253/548/253 238/549/238
f 245/546/245 261/550/261 246/551/246
f 239/552/239 253/548/253 254/553/254
f 246/551/246 262/554/262 247/555/247
f 240/556/240 254/553/254 255/557/255
f 233/558/233 82/559/82 248/530/248
f 308/560/308 247/555/247 262/554/262
f 240/556/240 256/561/256 241/532/241
f 252/562/252 268/563/268 253/564/253
f 261/565/261 275/566/275 276/567/276
f 254/568/254 268/563/268 269/569/269
f 261/565/261 277/570/277 262/571/262
f 255/572/255 269/569/269 270/573/270
f 248/574/248 82/575/82 263/576/263
f 308/577/308 262/571/262 277/570/277
f 255/572/255 271/578/271 256/579/256
f 248/574/248 573/580/570 568/581/565
f 256/579/256 272/582/272 257/583/257
f 249/584/249 265/585/265 250/586/250
f 258/587/258 272/582/272 273/588/273
f 250/586/250 266/589/266 251/590/251
f 258/587/258 274/591/274 259/592/259
f 252/562/252 266/589/266 267/593/267
f 260/594/260 274/591/274 275/566/275
f 271/595/271 287/596/287 272/597/272
f 265/598/265 279/599/279 280/600/280
f 273/601/273 287/596/287 288/602/288
f 265/598/265 281/603/281 266/604/266
f 273/601/273 289/605/289 274/606/274
f 266/604/266 282/607/282 267/608/267
f 275/609/275 289/605/289 290/610/290
f 268/611/268 282/607/282 283/612/283
f 275/609/275 291/613/291 276/614/276
f 269/615/269 283/612/283 284/616/284
f 276/614/276 292/617/292 277/618/277
f 270/619/270 284/616/284 285/620/285
f 263/621/263 82/622/82 278/623/278
f 308/624/308 277/618/277 292/617/292
f 270/619/270 286/625/286 271/595/271
f 573/626/570 278/623/278 578/627/575
f 290/628/290 306/629/306 291/630/291
f 284/631/284 298/632/298 299/633/299
f 292/634/292 306/629/306 307/635/307
f 285/636/285 299/633/299 300/637/300
f 278/638/278 82/639/82 293/640/293
f 308/641/308 292/634/292 307/635/307
f 285/636/285 301/642/301 286/643/286
f 278/638/278 583/644/580 578/645/575
f 286/643/286 302/646/302 287/647/287
f 280/648/280 294/649/294 295/650/295
f 288/651/288 302/646/302 303/652/303
f 280/648/280 296/653/296 281/654/281
f 288/651/288 304/655/304 289/656/289
f 282/657/282 296/653/296 297/658/297
f 290/628/290 304/655/304 305/659/305
f 282/657/282 298/632/298 283/660/283
f 303/661/303 318/662/318 319/663/319
f 295/664/295 312/665/312 296/666/296
f 303/661/303 320/667/320 304/668/304
f 297/669/297 312/665/312 313/670/313
f 305/671/305 320/667/320 321/672/321
f 297/669/297 314/673/314 298/674/298
f 305/671/305 322/675/322 306/676/306
f 299/677/299 314/673/314 315/678/315
f 306/676/306 323/679/323 307/680/307
f 300/681/300 315/678/315 316/682/316
f 293/683/293 82/684/82 309/685/309
f 308/686/308 307/680/307 323/679/323
f 300/681/300 317/687/317 301/688/301
f 583/689/580 309/685/309 588/690/585
f 301/688/301 318/662/318 302/691/302
f 294/692/294 311/693/311 295/664/295
f 323/694/323 337/695/337 338/696/338
f 316/697/316 330/698/330 331/699/331
f 309/700/309 82/701/82 324/702/324
f 308/703/308 323/694/323 338/696/338
f 316/697/316 332/704/332 317/705/317
f 309/700/309 593/706/590 588/707/585
f 317/705/317 333/708/333 318/709/318
f 311/710/311 325/711/325 326/712/326
f 319/713/319 333/708/333 334/714/334
f 311/710/311 327/715/327 312/716/312
f 319/713/319 335/717/335 320/718/320
f 312/716/312 328/719/328 313/720/313
f 321/721/321 335/717/335 336/722/336
f 314/723/314 328/719/328 329/724/329
f 321/721/321 337/695/337 322/725/322
f 315/726/315 329/724/329 330/698/330
f 326/727/326 342/728/342 327/729/327
f 334/730/334 350/731/350 335/732/335
f 328/733/328 342/728/342 343/734/343
f 336/735/336 350/731/350 351/736/351
f 328/733/328 344/737/344 329/738/329
f 336/735/336 352/739/352 337/740/337
f 330/741/330 344/737/344 345/742/345
f 338/743/338 352/739/352 353/744/353
f 331/745/331 345/742/345 346/746/346
f 324/747/324 82/748/82 339/749/339
f 308/750/308 338/743/338 353/744/353
f 331/745/331 347/751/347 332/752/332
f 593/753/590 339/749/339 598/754/595
f 332/752/332 348/755/348 333/756/333
f 325/757/325 341/758/341 326/727/326
f 334/730/334 348/755/348 349/759/349
f 346/760/346 360/761/360 361/762/361
f 339/763/339 82/764/82 354/765/354
f 308/766/308 353/767/353 368/768/368
f 346/760/346 362/769/362 347/770/347
f 339/763/339 603/771/600 598/772/595
f 347/770/347 363/773/363 348/774/348
f 340/775/340 356/776/356 341/777/341
f 349/778/349 363/773/363 364/779/364
f 341/777/341 357/780/357 342/781/342
f 349/778/349 365/782/365 350/783/350
f 343/784/343 357/780/357 358/785/358
f 351/786/351 365/782/365 366/787/366
f 343/784/343 359/788/359 344/789/344
f 351/786/351 367/790/367 352/791/352
f 345/792/345 359/788/359 360/761/360
f 353/767/353 367/790/367 368/768/368
f 364/793/364 380/794/380 365/795/365
f 357/796/357 373/797/373 358/798/358
f 366/799/366 380/794/380 381/800/381
f 359/801/359 373/797/373 374/802/374
f 366/799/366 382/803/382 367/804/367
f 360/805/360 374/802/374 375/806/375
f 367/804/367 383/807/383 368/808/368
f 361/809/361 375/806/375 376/810/376
f 354/811/354 82/812/82 369/813/369
f 308/814/308 368/808/368 383/807/383
f 361/809/361 377/815/377 362/816/362
f 603/817/600 369/813/369 608/818/605
f 362/816/362 378/819/378 363/820/363
f 356/821/356 370/822/370 371/823/371
f 364/793/364 378/819/378 379/824/379
f 356/821/356 372/825/372 357/796/357
f 369/826/369 82/827/82 384/828/384
f 308/829/308 383/830/383 398/831/398
f 376/832/376 392/833/392 377/834/377
f 369/826/369 613/835/610 608/836/605
f 377/834/377 393/837/393 378/838/378
f 370/839/370 386/840/386 371/841/371
f 379/842/379 393/837/393 394/843/394
f 371/841/371 387/844/387 372/845/372
f 379/842/379 395/846/395 380/847/380
f 373/848/373 387/844/387 388/849/388
f 381/850/381 395/846/395 396/851/396
f 373/848/373 389/852/389 374/853/374
f 381/850/381 397/854/397 382/855/382
f 375/856/375 389/852/389 390/857/390
f 382/855/382 398/831/398 383/830/383
f 376/832/376 390/857/390 391/858/391
f 387/859/387 403/860/403 388/861/388
f 396/862/396 410/863/410 411/864/411
f 389/865/389 403/860/403 404/866/404
f 396/862/396 412/867/412 397/868/397
f 390/869/390 404/866/404 405/870/405
f 398/871/398 412/867/412 413/872/413
f 391/873/391 405/870/405 406/874/406
f 384/875/384 82/876/82 399/877/399
f 308/878/308 398/871/398 413/872/413
f 391/873/391 407/879/407 392/880/392
f 613/881/610 399/877/399 618/882/615
f 392/880/392 408/883/408 393/884/393
f 385/885/385 401/886/401 386/887/386
f 394/888/394 408/883/408 409/889/409
f 386/887/386 402/890/402 387/859/387
f 394/888/394 410/863/410 395/891/395
f 406/892/406 422/893/422 407/894/407
f 399/895/399 623/896/620 618/897/615
f 407/894/407 423/898/423 408/899/408
f 400/900/400 416/901/416 401/902/401
f 409/903/409 423/898/423 424/904/424
f 401/902/401 417/905/417 402/906/402
f 409/903/409 425/907/425 410/908/410
f 403/909/403 417/905/417 418/910/418
f 411/911/411 425/907/425 426/912/426
f 403/909/403 419/913/419 404/914/404
f 411/911/411 427/915/427 412/916/412
f 405/917/405 419/913/419 420/918/420
f 412/916/412 428/919/428 413/920/413
f 406/892/406 420/918/420 421/921/421
f 485/922/484 486/923/484 399/895/399
f 308/924/308 413/920/413 428/919/428
f 426/912/426 440/925/440 441/926/441
f 418/910/418 434/927/434 419/913/419
f 426/912/426 442/928/442 427/915/427
f 420/918/420 434/927/434 435/929/435
f 428/919/428 442/928/442 443/930/443
f 421/921/421 435/929/435 436/931/436
f 82/932/82 429/933/429 484/934/483
f 308/924/308 428/919/428 443/930/443
f 421/921/421 437/935/437 422/893/422
f 623/896/620 429/933/429 628/936/625
f 422/893/422 438/937/438 423/898/423
f 416/901/416 430/938/430 431/939/431
f 424/904/424 438/937/438 439/940/439
f 416/901/416 432/941/432 417/905/417
f 424/904/424 440/925/440 425/907/425
f 418/910/418 432/941/432 433/942/433
f 437/943/437 453/944/453 438/945/438
f 431/946/431 445/947/445 446/948/446
f 439/949/439 453/944/453 454/950/454
f 431/946/431 447/951/447 432/952/432
f 439/949/439 455/953/455 440/954/440
f 432/952/432 448/955/448 433/956/433
f 441/957/441 455/953/455 456/958/456
f 434/959/434 448/955/448 449/960/449
f 441/957/441 457/961/457 442/962/442
f 435/963/435 449/960/449 450/964/450
f 442/962/442 458/965/458 443/966/443
f 436/967/436 450/964/450 451/968/451
f 429/969/429 82/970/82 444/971/444
f 308/972/308 443/966/443 458/965/458
f 436/967/436 452/973/452 437/943/437
f 429/969/429 633/974/630 628/975/625
f 456/976/456 472/977/472 457/978/457
f 450/979/450 464/980/464 465/981/465
f 458/982/458 472/977/472 473/983/473
f 451/984/451 465/981/465 466/985/466
f 444/986/444 82/987/82 459/988/459
f 308/989/308 458/982/458 473/983/473
f 451/984/451 467/990/467 452/991/452
f 633/992/630 459/988/459 638/993/635
f 452/991/452 468/994/468 453/995/453
f 446/996/446 460/997/460 461/998/461
f 454/999/454 468/994/468 469/1000/469
f 446/996/446 462/1001/462 447/1002/447
f 454/999/454 470/1003/470 455/1004/455
f 448/1005/448 462/1001/462 463/1006/463
f 456/976/456 470/1003/470 471/1007/471
f 448/1005/448 464/980/464 449/1008/449
f 460/1009/460 1/1010/1 461/1011/461
f 468/1012/468 6/1013/6 469/1014/469
f 462/1015/462 1/1010/1 476/1016/476
f 469/1014/469 479/1017/479 470/1018/470
f 463/1019/463 476/1016/476 2/1020/2
f 471/1021/471 479/1017/479 480/1022/480
f 463/1019/463 477/1023/477 464/1024/464
f 471/1021/471 481/1025/481 472/1026/472
f 465/1027/465 477/1023/477 3/1028/3
f 472/1026/472 482/1029/482 473/1030/473
f 466/1031/466 3/1028/3 4/1032/4
f 459/1033/459 82/1034/82 474/1035/474
f 308/1036/308 473/1030/473 482/1029/482
f 466/1031/466 5/1037/5 467/1038/467
f 459/1033/459 643/1039/640 638/1040/635
f 467/1038/467 478/1041/478 468/1012/468
f 460/1009/460 647/1042/644 475/1043/475
f 641/1044/638 647/1042/644 642/1045/639
f 641/1044/638 645/1046/642 646/1047/643
f 639/1048/636 645/1046/642 640/1049/637
f 639/1048/636 643/1039/640 644/1050/641
f 637/1051/634 460/997/460 445/1052/445
f 637/1051/634 641/1053/638 642/1054/639
f 635/1055/632 641/1053/638 636/1056/633
f 634/1057/631 640/1058/637 635/1055/632
f 633/992/630 639/1059/636 634/1057/631
f 632/1060/629 445/947/445 430/1061/430
f 631/1062/628 637/1063/634 632/1060/629
f 631/1062/628 635/1064/632 636/1065/633
f 629/1066/626 635/1064/632 630/1067/627
f 629/1066/626 633/974/630 634/1068/631
f 627/1069/624 430/938/430 415/1070/415
f 627/1069/624 631/1071/628 632/1072/629
f 626/1073/623 630/1074/627 631/1071/628
f 624/1075/621 630/1074/627 625/1076/622
f 623/896/620 629/1077/626 624/1075/621
f 400/900/400 627/1069/624 415/1070/415
f 622/1078/619 626/1073/623 627/1069/624
f 620/1079/617 626/1073/623 621/1080/618
f 620/1079/617 624/1075/621 625/1076/622
f 619/1081/616 623/896/620 624/1075/621
f 385/885/385 622/1082/619 400/1083/400
f 616/1084/613 622/1082/619 617/1085/614
f 616/1084/613 620/1086/617 621/1087/618
f 615/1088/612 619/1089/616 620/1086/617
f 613/881/610 619/1089/616 614/1090/611
f 612/1091/609 385/1092/385 370/839/370
f 611/1093/608 617/1094/614 612/1091/609
f 610/1095/607 616/1096/613 611/1093/608
f 609/1097/606 615/1098/612 610/1095/607
f 609/1097/606 613/835/610 614/1099/611
f 607/1100/604 370/822/370 355/1101/355
f 607/1100/604 611/1102/608 612/1103/609
f 605/1104/602 611/1102/608 606/1105/603
f 604/1106/601 610/1107/607 605/1104/602
f 603/817/600 609/1108/606 604/1106/601
f 340/775/340 607/1109/604 355/1110/355
f 601/1111/598 607/1109/604 602/1112/599
f 601/1111/598 605/1113/602 606/1114/603
f 600/1115/597 604/1116/601 605/1113/602
f 599/1117/596 603/771/600 604/1116/601
f 597/1118/594 340/1119/340 325/757/325
f 596/1120/593 602/1121/599 597/1118/594
f 595/1122/592 601/1123/598 596/1120/593
f 594/1124/591 600/1125/597 595/1122/592
f 593/753/590 599/1126/596 594/1124/591
f 592/1127/589 325/711/325 310/1128/310
f 592/1127/589 596/1129/593 597/1130/594
f 590/1131/587 596/1129/593 591/1132/588
f 589/1133/586 595/1134/592 590/1131/587
f 589/1133/586 593/706/590 594/1135/591
f 294/692/294 592/1136/589 310/1137/310
f 586/1138/583 592/1136/589 587/1139/584
f 586/1138/583 590/1140/587 591/1141/588
f 584/1142/581 590/1140/587 585/1143/582
f 583/689/580 589/1144/586 584/1142/581
f 582/1145/579 294/649/294 279/1146/279
f 581/1147/578 587/1148/584 582/1145/579
f 580/1149/577 586/1150/583 581/1147/578
f 579/1151/576 585/1152/582 580/1149/577
f 579/1151/576 583/644/580 584/1153/581
f 577/1154/574 279/599/279 264/1155/264
f 577/1154/574 581/1156/578 582/1157/579
f 575/1158/572 581/1156/578 576/1159/573
f 574/1160/571 580/1161/577 575/1158/572
f 573/626/570 579/1162/576 574/1160/571
f 249/584/249 577/1163/574 264/1164/264
f 571/1165/568 577/1163/574 572/1166/569
f 571/1165/568 575/1167/572 576/1168/573
f 569/1169/566 575/1167/572 570/1170/567
f 569/1169/566 573/580/570 574/1171/571
f 567/1172/564 249/536/249 234/1173/234
f 566/1174/563 572/1175/569 567/1172/564
f 565/1176/562 571/1177/568 566/1174/563
f 565/1176/562 569/1178/566 570/1179/567
f 563/529/560 569/1178/566 564/1180/561
f 562/1181/559 234/521/234 219/1182/219
f 562/1181/559 566/1183/563 567/1184/564
f 560/1185/557 566/1183/563 561/1186/558
f 559/1187/556 565/1188/562 560/1185/557
f 558/517/555 564/1189/561 559/1187/556
f 204/471/204 562/1190/559 219/1191/219
f 556/1192/553 562/1190/559 557/1193/554
f 556/1192/553 560/1194/557 561/1195/558
f 555/1196/552 559/1197/556 560/1194/557
f 554/1198/551 558/467/555 559/1197/556
f 552/1199/549 204/1200/204 189/456/189
f 552/1199/549 556/1201/553 557/1202/554
f 550/1203/547 556/1201/553 551/1204/548
f 549/1205/546 555/1206/552 550/1203/547
f 548/452/545 554/1207/551 549/1205/546
f 547/1208/544 189/411/189 174/1209/174
f 546/1210/543 552/1211/549 547/1208/544
f 546/1210/543 550/1212/547 551/1213/548
f 544/1214/541 550/1212/547 545/1215/542
f 544/1214/541 548/406/545 549/1216/546
f 159/392/159 547/1217/544 174/1218/174
f 542/1219/539 546/1220/543 547/1217/544
f 540/1221/537 546/1220/543 541/1222/538
f 539/1223/536 545/1224/542 540/1221/537
f 538/388/535 544/1225/541 539/1223/536
f 537/1226/534 159/348/159 144/1227/144
f 536/1228/533 542/1229/539 537/1226/534
f 536/1228/533 540/1230/537 541/1231/538
f 534/1232/531 540/1230/537 535/1233/532
f 533/344/530 539/1234/536 534/1232/531
f 532/1235/529 144/329/144 129/1236/129
f 531/1237/528 537/1238/534 532/1235/529
f 530/1239/527 536/1240/533 531/1237/528
f 529/1241/526 535/1242/532 530/1239/527
f 529/1241/526 533/326/530 534/1243/531
f 114/283/114 532/1244/529 129/1245/129
f 527/1246/524 531/1247/528 532/1244/529
f 525/1248/522 531/1247/528 526/1249/523
f 524/1250/521 530/1251/527 525/1248/522
f 523/279/520 529/1252/526 524/1250/521
f 522/1253/519 114/1254/114 99/232/99
f 521/1255/518 527/1256/524 522/1253/519
f 521/1255/518 525/1257/522 526/1258/523
f 519/1259/516 525/1257/522 520/1260/517
f 519/1259/516 523/262/520 524/1261/521
f 517/1262/514 99/220/99 84/1263/84
f 517/1262/514 521/1264/518 522/1265/519
f 515/1266/512 521/1264/518 516/1267/513
f 514/1268/511 520/1269/517 515/1266/512
f 513/215/510 519/1270/516 514/1268/511
f 512/1271/509 84/170/84 68/1272/68
f 511/1273/508 517/1274/514 512/1271/509
f 510/1275/507 516/1276/513 511/1273/508
f 509/1277/506 515/1278/512 510/1275/507
f 509/1277/506 513/197/510 514/1279/511
f 53/155/53 512/1280/509 68/1281/68
f 507/1282/504 511/1283/508 512/1280/509
f 506/1284/503 510/1285/507 511/1283/508
f 505/1286/502 509/1287/506 510/1285/507
f 503/151/500 509/1287/506 504/1288/501
f 38/106/38 507/1289/504 53/1290/53
f 501/1291/498 507/1289/504 502/1292/499
f 501/1291/498 505/1293/502 506/1294/503
f 500/1295/497 504/1296/501 505/1293/502
f 499/1297/496 503/101/500 504/1296/501
f 497/1298/494 38/92/38 23/1299/23
f 497/1298/494 501/1300/498 502/1301/499
f 495/1302/492 501/1300/498 496/1303/493
f 494/1304/491 500/1305/497 495/1302/492
f 493/87/490 499/1306/496 494/1304/491
f 8/45/8 497/1307/494 23/1308/23
f 491/1309/488 497/1307/494 492/1310/489
f 491/1309/488 495/1311/492 496/1312/493
f 489/1313/486 495/1311/492 490/1314/487
f 489/1313/486 493/41/490 494/1315/491
f 647/1316/644 8/5/8 475/1317/475
f 647/1316/644 491/1318/488 492/1319/489
f 645/1320/642 491/1318/488 646/1321/643
f 645/1320/642 489/1322/486 490/1323/487
f 643/32/640 489/1322/486 644/1324/641
f 5/1/5 15/31/15 16/2/16
f 1/4/1 475/1317/475 8/5/8
f 478/3/478 16/2/16 17/7/17
f 476/9/476 1/4/1 9/6/9
f 479/11/479 6/8/6 17/7/17
f 476/9/476 10/10/10 11/13/11
f 479/11/479 18/12/18 19/15/19
f 477/17/477 2/14/2 11/13/11
f 480/16/480 19/15/19 20/19/20
f 3/21/3 477/17/477 12/18/12
f 481/20/481 20/19/20 21/23/21
f 3/21/3 13/22/13 14/25/14
f 4/26/4 14/25/14 15/31/15
f 643/32/640 474/27/474 7/29/7
f 14/37/14 29/64/29 30/38/30
f 7/40/7 22/66/22 493/41/490
f 15/39/15 30/38/30 31/43/31
f 8/45/8 23/1308/23 24/46/24
f 17/48/17 16/44/16 31/43/31
f 9/47/9 24/46/24 25/50/25
f 18/52/18 17/48/17 32/49/32
f 10/51/10 25/50/25 26/54/26
f 19/56/19 18/52/18 33/53/33
f 11/55/11 26/54/26 27/58/27
f 20/60/20 19/56/19 34/57/34
f 13/62/13 12/59/12 27/58/27
f 20/60/20 35/61/35 36/36/36
f 13/62/13 28/63/28 29/64/29
f 34/67/34 33/98/33 48/68/48
f 26/70/26 41/99/41 42/71/42
f 35/73/35 34/67/34 49/69/49
f 28/75/28 27/72/27 42/71/42
f 36/77/36 35/73/35 50/74/50
f 29/79/29 28/75/28 43/76/43
f 29/79/29 44/80/44 45/85/45
f 493/87/490 22/81/22 37/83/37
f 30/86/30 45/85/45 46/89/46
f 24/91/24 23/1299/23 38/92/38
f 32/94/32 31/90/31 46/89/46
f 24/91/24 39/93/39 40/96/40
f 33/98/33 32/94/32 47/95/47
f 26/70/26 25/97/25 40/96/40
f 37/100/37 52/130/52 503/101/500
f 45/103/45 60/132/60 61/104/61
f 38/106/38 53/1290/53 54/107/54
f 47/109/47 46/105/46 61/104/61
f 39/108/39 54/107/54 55/111/55
f 47/109/47 62/110/62 63/113/63
f 40/112/40 55/111/55 56/115/56
f 49/117/49 48/114/48 63/113/63
f 42/119/42 41/116/41 56/115/56
f 50/121/50 49/117/49 64/118/64
f 43/123/43 42/119/42 57/120/57
f 51/125/51 50/121/50 65/122/65
f 44/127/44 43/123/43 58/124/58
f 44/127/44 59/128/59 60/132/60
f 56/133/56 71/164/71 72/134/72
f 64/136/64 79/165/79 80/137/80
f 58/139/58 57/135/57 72/134/72
f 65/138/65 80/137/80 81/141/81
f 59/143/59 58/139/58 73/140/73
f 59/143/59 74/144/74 75/149/75
f 503/151/500 52/145/52 67/147/67
f 60/150/60 75/149/75 76/153/76
f 53/155/53 68/1281/68 69/156/69
f 62/158/62 61/154/61 76/153/76
f 54/157/54 69/156/69 70/160/70
f 62/158/62 77/159/77 78/162/78
f 56/133/56 55/161/55 70/160/70
f 64/136/64 63/163/63 78/162/78
f 75/166/75 91/196/91 92/167/92
f 69/169/69 68/1272/68 84/170/84
f 77/172/77 76/168/76 92/167/92
f 69/169/69 85/171/85 86/174/86
f 77/172/77 93/173/93 94/176/94
f 71/178/71 70/175/70 86/174/86
f 79/180/79 78/177/78 94/176/94
f 71/178/71 87/179/87 88/182/88
f 80/184/80 79/180/79 95/181/95
f 73/186/73 72/183/72 88/182/88
f 81/188/81 80/184/80 96/185/96
f 74/190/74 73/186/73 89/187/89
f 74/190/74 90/191/90 91/196/91
f 67/192/67 83/194/83 513/197/510
f 95/199/95 110/230/110 111/200/111
f 89/202/89 88/231/88 103/203/103
f 96/201/96 111/200/111 112/205/112
f 90/207/90 89/202/89 104/204/104
f 90/207/90 105/208/105 106/213/106
f 513/215/510 83/209/83 98/211/98
f 91/214/91 106/213/106 107/217/107
f 85/219/85 84/1263/84 99/220/99
f 93/222/93 92/218/92 107/217/107
f 85/219/85 100/221/100 101/224/101
f 93/222/93 108/223/108 109/226/109
f 86/225/86 101/224/101 102/228/102
f 95/199/95 94/227/94 109/226/109
f 88/231/88 87/229/87 102/228/102
f 99/232/99 114/1254/114 115/233/115
f 108/235/108 107/264/107 122/236/122
f 100/234/100 115/233/115 116/238/116
f 108/235/108 123/237/123 124/240/124
f 101/239/101 116/238/116 117/242/117
f 110/244/110 109/241/109 124/240/124
f 102/243/102 117/242/117 118/246/118
f 111/248/111 110/244/110 125/245/125
f 104/250/104 103/247/103 118/246/118
f 111/248/111 126/249/126 127/252/127
f 105/254/105 104/250/104 119/251/119
f 105/254/105 120/255/120 121/260/121
f 98/256/98 113/258/113 523/262/520
f 106/261/106 121/260/121 122/236/122
f 119/265/119 118/296/118 133/266/133
f 126/268/126 141/297/141 142/269/142
f 120/271/120 119/265/119 134/267/134
f 120/271/120 135/272/135 136/277/136
f 523/279/520 113/273/113 128/275/128
f 121/278/121 136/277/136 137/281/137
f 114/283/114 129/1245/129 130/284/130
f 123/286/123 122/282/122 137/281/137
f 115/285/115 130/284/130 131/288/131
f 123/286/123 138/287/138 139/290/139
f 117/292/117 116/289/116 131/288/131
f 125/294/125 124/291/124 139/290/139
f 117/292/117 132/293/132 133/266/133
f 125/294/125 140/295/140 141/297/141
f 138/298/138 137/328/137 152/299/152
f 130/301/130 145/330/145 146/302/146
f 138/298/138 153/300/153 154/304/154
f 131/303/131 146/302/146 147/306/147
f 140/308/140 139/305/139 154/304/154
f 133/310/133 132/307/132 147/306/147
f 141/312/141 140/308/140 155/309/155
f 134/314/134 133/310/133 148/311/148
f 141/312/141 156/313/156 157/316/157
f 135/318/135 134/314/134 149/315/149
f 135/318/135 150/319/150 151/324/151
f 128/320/128 143/322/143 533/326/530
f 136/325/136 151/324/151 152/299/152
f 130/301/130 129/1236/129 144/329/144
f 157/331/157 156/362/156 171/332/171
f 150/334/150 149/363/149 164/335/164
f 150/334/150 165/336/165 166/341/166
f 143/337/143 158/339/158 538/343/535
f 151/342/151 166/341/166 167/345/167
f 145/347/145 144/1227/144 159/348/159
f 153/350/153 152/346/152 167/345/167
f 145/347/145 160/349/160 161/352/161
f 153/350/153 168/351/168 169/354/169
f 147/356/147 146/353/146 161/352/161
f 155/358/155 154/355/154 169/354/169
f 147/356/147 162/357/162 163/360/163
f 156/362/156 155/358/155 170/359/170
f 149/363/149 148/361/148 163/360/163
f 168/364/168 183/395/183 184/365/184
f 162/367/162 161/396/161 176/368/176
f 170/370/170 169/366/169 184/365/184
f 162/367/162 177/369/177 178/372/178
f 171/374/171 170/370/170 185/371/185
f 164/376/164 163/373/163 178/372/178
f 172/378/172 171/374/171 186/375/186
f 165/380/165 164/376/164 179/377/179
f 165/380/165 180/381/180 181/386/181
f 538/388/535 158/382/158 173/384/173
f 166/387/166 181/386/181 182/390/182
f 159/392/159 174/1218/174 175/393/175
f 168/364/168 167/391/167 182/390/182
f 160/394/160 175/393/175 176/368/176
f 180/403/180 195/429/195 196/404/196
f 173/397/173 188/399/188 548/406/545
f 181/405/181 196/404/196 197/408/197
f 175/410/175 174/1209/174 189/411/189
f 183/413/183 182/409/182 197/408/197
f 175/410/175 190/412/190 191/415/191
f 183/413/183 198/414/198 199/417/199
f 176/416/176 191/415/191 192/419/192
f 185/421/185 184/418/184 199/417/199
f 178/423/178 177/420/177 192/419/192
f 185/421/185 200/422/200 201/425/201
f 179/427/179 178/423/178 193/424/193
f 186/426/186 201/425/201 202/402/202
f 180/403/180 179/427/179 194/428/194
f 192/430/192 191/461/191 206/431/206
f 200/433/200 199/462/199 214/434/214
f 192/430/192 207/432/207 208/436/208
f 201/438/201 200/433/200 215/435/215
f 194/440/194 193/437/193 208/436/208
f 202/442/202 201/438/201 216/439/216
f 195/444/195 194/440/194 209/441/209
f 195/444/195 210/445/210 211/450/211
f 548/452/545 188/446/188 203/448/203
f 196/451/196 211/450/211 212/454/212
f 189/456/189 204/1200/204 205/457/205
f 198/459/198 197/455/197 212/454/212
f 190/458/190 205/457/205 206/431/206
f 198/459/198 213/460/213 214/434/214
f 210/463/210 225/492/225 226/464/226
f 203/466/203 218/494/218 558/467/555
f 211/465/211 226/464/226 227/469/227
f 204/471/204 219/1191/219 220/472/220
f 213/474/213 212/470/212 227/469/227
f 205/473/205 220/472/220 221/476/221
f 213/474/213 228/475/228 229/478/229
f 207/480/207 206/477/206 221/476/221
f 215/482/215 214/479/214 229/478/229
f 207/480/207 222/481/222 223/484/223
f 216/486/216 215/482/215 230/483/230
f 209/488/209 208/485/208 223/484/223
f 217/490/217 216/486/216 231/487/231
f 210/463/210 209/488/209 224/489/224
f 230/496/230 229/527/229 244/497/244
f 223/499/223 222/528/222 237/500/237
f 231/502/231 230/496/230 245/498/245
f 224/504/224 223/499/223 238/501/238
f 231/502/231 246/503/246 247/506/247
f 225/508/225 224/504/224 239/505/239
f 225/508/225 240/509/240 241/514/241
f 218/510/218 233/512/233 563/516/560
f 226/515/226 241/514/241 242/518/242
f 220/520/220 219/1182/219 234/521/234
f 228/523/228 227/519/227 242/518/242
f 220/520/220 235/522/235 236/525/236
f 228/523/228 243/524/243 244/497/244
f 221/526/221 236/525/236 237/500/237
f 563/529/560 233/558/233 248/530/248
f 241/532/241 256/561/256 257/533/257
f 235/535/235 234/1173/234 249/536/249
f 243/538/243 242/534/242 257/533/257
f 235/535/235 250/537/250 251/540/251
f 243/538/243 258/539/258 259/542/259
f 237/544/237 236/541/236 251/540/251
f 245/546/245 244/543/244 259/542/259
f 237/544/237 252/545/252 253/548/253
f 245/546/245 260/547/260 261/550/261
f 239/552/239 238/549/238 253/548/253
f 246/551/246 261/550/261 262/554/262
f 240/556/240 239/552/239 254/553/254
f 240/556/240 255/557/255 256/561/256
f 252/562/252 267/593/267 268/563/268
f 261/565/261 260/594/260 275/566/275
f 254/568/254 253/564/253 268/563/268
f 261/565/261 276/567/276 277/570/277
f 255/572/255 254/568/254 269/569/269
f 255/572/255 270/573/270 271/578/271
f 248/574/248 263/576/263 573/580/570
f 256/579/256 271/578/271 272/582/272
f 249/584/249 264/1164/264 265/585/265
f 258/587/258 257/583/257 272/582/272
f 250/586/250 265/585/265 266/589/266
f 258/587/258 273/588/273 274/591/274
f 252/562/252 251/590/251 266/589/266
f 260/594/260 259/592/259 274/591/274
f 271/595/271 286/625/286 287/596/287
f 265/598/265 264/1155/264 279/599/279
f 273/601/273 272/597/272 287/596/287
f 265/598/265 280/600/280 281/603/281
f 273/601/273 288/602/288 289/605/289
f 266/604/266 281/603/281 282/607/282
f 275/609/275 274/606/274 289/605/289
f 268/611/268 267/608/267 282/607/282
f 275/609/275 290/610/290 291/613/291
f 269/615/269 268/611/268 283/612/283
f 276/614/276 291/613/291 292/617/292
f 270/619/270 269/615/269 284/616/284
f 270/619/270 285/620/285 286/625/286
f 573/626/570 263/621/263 278/623/278
f 290/628/290 305/659/305 306/629/306
f 284/631/284 283/660/283 298/632/298
f 292/634/292 291/630/291 306/629/306
f 285/636/285 284/631/284 299/633/299
f 285/636/285 300/637/300 301/642/301
f 278/638/278 293/640/293 583/644/580
f 286/643/286 301/642/301 302/646/302
f 280/648/280 279/1146/279 294/649/294
f 288/651/288 287/647/287 302/646/302
f 280/648/280 295/650/295 296/653/296
f 288/651/288 303/652/303 304/655/304
f 282/657/282 281/654/281 296/653/296
f 290/628/290 289/656/289 304/655/304
f 282/657/282 297/658/297 298/632/298
f 303/661/303 302/691/302 318/662/318
f 295/664/295 311/693/311 312/665/312
f 303/661/303 319/663/319 320/667/320
f 297/669/297 296/666/296 312/665/312
f 305/671/305 304/668/304 320/667/320
f 297/669/297 313/670/313 314/673/314
f 305/671/305 321/672/321 322/675/322
f 299/677/299 298/674/298 314/673/314
f 306/676/306 322/675/322 323/679/323
f 300/681/300 299/677/299 315/678/315
f 300/681/300 316/682/316 317/687/317
f 583/689/580 293/683/293 309/685/309
f 301/688/301 317/687/317 318/662/318
f 294/692/294 310/1137/310 311/693/311
f 323/694/323 322/725/322 337/695/337
f 316/697/316 315/726/315 330/698/330
f 316/697/316 331/699/331 332/704/332
f 309/700/309 324/702/324 593/706/590
f 317/705/317 332/704/332 333/708/333
f 311/710/311 310/1128/310 325/711/325
f 319/713/319 318/709/318 333/708/333
f 311/710/311 326/712/326 327/715/327
f 319/713/319 334/714/334 335/717/335
f 312/716/312 327/715/327 328/719/328
f 321/721/321 320/718/320 335/717/335
f 314/723/314 313/720/313 328/719/328
f 321/721/321 336/722/336 337/695/337
f 315/726/315 314/723/314 329/724/329
f 326/727/326 341/758/341 342/728/342
f 334/730/334 349/759/349 350/731/350
f 328/733/328 327/729/327 342/728/342
f 336/735/336 335/732/335 350/731/350
f 328/733/328 343/734/343 344/737/344
f 336/735/336 351/736/351 352/739/352
f 330/741/330 329/738/329 344/737/344
f 338/743/338 337/740/337 352/739/352
f 331/745/331 330/741/330 345/742/345
f 331/745/331 346/746/346 347/751/347
f 593/753/590 324/747/324 339/749/339
f 332/752/332 347/751/347 348/755/348
f 325/757/325 340/1119/340 341/758/341
f 334/730/334 333/756/333 348/755/348
f 346/760/346 345/792/345 360/761/360
f 346/760/346 361/762/361 362/769/362
f 339/763/339 354/765/354 603/771/600
f 347/770/347 362/769/362 363/773/363
f 340/775/340 355/1110/355 356/776/356
f 349/778/349 348/774/348 363/773/363
f 341/777/341 356/776/356 357/780/357
f 349/778/349 364/779/364 365/782/365
f 343/784/343 342/781/342 357/780/357
f 351/786/351 350/783/350 365/782/365
f 343/784/343 358/785/358 359/788/359
f 351/786/351 366/787/366 367/790/367
f 345/792/345 344/789/344 359/788/359
f 353/767/353 352/791/352 367/790/367
f 364/793/364 379/824/379 380/794/380
f 357/796/357 372/825/372 373/797/373
f 366/799/366 365/795/365 380/794/380
f 359/801/359 358/798/358 373/797/373
f 366/799/366 381/800/381 382/803/382
f 360/805/360 359/801/359 374/802/374
f 367/804/367 382/803/382 383/807/383
f 361/809/361 360/805/360 375/806/375
f 361/809/361 376/810/376 377/815/377
f 603/817/600 354/811/354 369/813/369
f 362/816/362 377/815/377 378/819/378
f 356/821/356 355/1101/355 370/822/370
f 364/793/364 363/820/363 378/819/378
f 356/821/356 371/823/371 372/825/372
f 376/832/376 391/858/391 392/833/392
f 369/826/369 384/828/384 613/835/610
f 377/834/377 392/833/392 393/837/393
f 370/839/370 385/1092/385 386/840/386
f 379/842/379 378/838/378 393/837/393
f 371/841/371 386/840/386 387/844/387
f 379/842/379 394/843/394 395/846/395
f 373/848/373 372/845/372 387/844/387
f 381/850/381 380/847/380 395/846/395
f 373/848/373 388/849/388 389/852/389
f 381/850/381 396/851/396 397/854/397
f 375/856/375 374/853/374 389/852/389
f 382/855/382 397/854/397 398/831/398
f 376/832/376 375/856/375 390/857/390
f 387/859/387 402/890/402 403/860/403
f 396/862/396 395/891/395 410/863/410
f 389/865/389 388/861/388 403/860/403
f 396/862/396 411/864/411 412/867/412
f 390/869/390 389/865/389 404/866/404
f 398/871/398 397/868/397 412/867/412
f 391/873/391 390/869/390 405/870/405
f 391/873/391 406/874/406 407/879/407
f 613/881/610 384/875/384 399/877/399
f 392/880/392 407/879/407 408/883/408
f 385/885/385 400/1083/400 401/886/401
f 394/888/394 393/884/393 408/883/408
f 386/887/386 401/886/401 402/890/402
f 394/888/394 409/889/409 410/863/410
f 406/892/406 421/921/421 422/893/422
f 399/895/399 414/1325/414 623/896/620
f 407/894/407 422/893/422 423/898/423
f 400/900/400 415/1070/415 416/901/416
f 409/903/409 408/899/408 423/898/423
f 401/902/401 416/901/416 417/905/417
f 409/903/409 424/904/424 425/907/425
f 403/909/403 402/906/402 417/905/417
f 411/911/411 410/908/410 425/907/425
f 403/909/403 418/910/418 419/913/419
f 411/911/411 426/912/426 427/915/427
f 405/917/405 404/914/404 419/913/419
f 412/916/412 427/915/427 428/919/428
f 406/892/406 405/917/405 420/918/420
f 414/1325/414 399/895/399 487/1326/484
f 399/895/399 82/932/82 484/934/483
f 487/1326/484 399/895/399 486/923/484
f 82/932/82 483/1327/59 484/934/483
f 484/934/483 485/922/484 399/895/399
f 426/912/426 425/907/425 440/925/440
f 418/910/418 433/942/433 434/927/434
f 426/912/426 441/926/441 442/928/442
f 420/918/420 419/913/419 434/927/434
f 428/919/428 427/915/427 442/928/442
f 421/921/421 420/918/420 435/929/435
f 429/933/429 414/1325/414 487/1326/484
f 486/923/484 485/922/484 429/933/429
f 485/922/484 484/934/483 429/933/429
f 429/933/429 487/1326/484 486/923/484
f 421/921/421 436/931/436 437/935/437
f 623/896/620 414/1325/414 429/933/429
f 422/893/422 437/935/437 438/937/438
f 416/901/416 415/1070/415 430/938/430
f 424/904/424 423/898/423 438/937/438
f 416/901/416 431/939/431 432/941/432
f 424/904/424 439/940/439 440/925/440
f 418/910/418 417/905/417 432/941/432
f 437/943/437 452/973/452 453/944/453
f 431/946/431 430/1061/430 445/947/445
f 439/949/439 438/945/438 453/944/453
f 431/946/431 446/948/446 447/951/447
f 439/949/439 454/950/454 455/953/455
f 432/952/432 447/951/447 448/955/448
f 441/957/441 440/954/440 455/953/455
f 434/959/434 433/956/433 448/955/448
f 441/957/441 456/958/456 457/961/457
f 435/963/435 434/959/434 449/960/449
f 442/962/442 457/961/457 458/965/458
f 436/967/436 435/963/435 450/964/450
f 436/967/436 451/968/451 452/973/452
f 429/969/429 444/971/444 633/974/630
f 456/976/456 471/1007/471 472/977/472
f 450/979/450 449/1008/449 464/980/464
f 458/982/458 457/978/457 472/977/472
f 451/984/451 450/979/450 465/981/465
f 451/984/451 466/985/466 467/990/467
f 633/992/630 444/986/444 459/988/459
f 452/991/452 467/990/467 468/994/468
f 446/996/446 445/1052/445 460/997/460
f 454/999/454 453/995/453 468/994/468
f 446/996/446 461/998/461 462/1001/462
f 454/999/454 469/1000/469 470/1003/470
f 448/1005/448 447/1002/447 462/1001/462
f 456/976/456 455/1004/455 470/1003/470
f 448/1005/448 463/1006/463 464/980/464
f 460/1009/460 475/1043/475 1/1010/1
f 468/1012/468 478/1041/478 6/1013/6
f 462/1015/462 461/1011/461 1/1010/1
f 469/1014/469 6/1013/6 479/1017/479
f 463/1019/463 462/1015/462 476/1016/476
f 471/1021/471 470/1018/470 479/1017/479
f 463/1019/463 2/1020/2 477/1023/477
f 471/1021/471 480/1022/480 481/1025/481
f 465/1027/465 464/1024/464 477/1023/477
f 472/1026/472 481/1025/481 482/1029/482
f 466/1031/466 465/1027/465 3/1028/3
f 466/1031/466 4/1032/4 5/1037/5
f 459/1033/459 474/1035/474 643/1039/640
f 467/1038/467 5/1037/5 478/1041/478
f 460/1009/460 642/1045/639 647/1042/644
f 641/1044/638 646/1047/643 647/1042/644
f 641/1044/638 640/1049/637 645/1046/642
f 639/1048/636 644/1050/641 645/1046/642
f 639/1048/636 638/1040/635 643/1039/640
f 637/1051/634 642/1054/639 460/997/460
f 637/1051/634 636/1056/633 641/1053/638
f 635/1055/632 640/1058/637 641/1053/638
f 634/1057/631 639/1059/636 640/1058/637
f 633/992/630 638/993/635 639/1059/636
f 632/1060/629 637/1063/634 445/947/445
f 631/1062/628 636/1065/633 637/1063/634
f 631/1062/628 630/1067/627 635/1064/632
f 629/1066/626 634/1068/631 635/1064/632
f 629/1066/626 628/975/625 633/974/630
f 627/1069/624 632/1072/629 430/938/430
f 627/1069/624 626/1073/623 631/1071/628
f 626/1073/623 625/1076/622 630/1074/627
f 624/1075/621 629/1077/626 630/1074/627
f 623/896/620 628/936/625 629/1077/626
f 400/900/400 622/1078/619 627/1069/624
f 622/1078/619 621/1080/618 626/1073/623
f 620/1079/617 625/1076/622 626/1073/623
f 620/1079/617 619/1081/616 624/1075/621
f 619/1081/616 618/897/615 623/896/620
f 385/885/385 617/1085/614 622/1082/619
f 616/1084/613 621/1087/618 622/1082/619
f 616/1084/613 615/1088/612 620/1086/617
f 615/1088/612 614/1090/611 619/1089/616
f 613/881/610 618/882/615 619/1089/616
f 612/1091/609 617/1094/614 385/1092/385
f 611/1093/608 616/1096/613 617/1094/614
f 610/1095/607 615/1098/612 616/1096/613
f 609/1097/606 614/1099/611 615/1098/612
f 609/1097/606 608/836/605 613/835/610
f 607/1100/604 612/1103/609 370/822/370
f 607/1100/604 606/1105/603 611/1102/608
f 605/1104/602 610/1107/607 611/1102/608
f 604/1106/601 609/1108/606 610/1107/607
f 603/817/600 608/818/605 609/1108/606
f 340/775/340 602/1112/599 607/1109/604
f 601/1111/598 606/1114/603 607/1109/604
f 601/1111/598 600/1115/597 605/1113/602
f 600/1115/597 599/1117/596 604/1116/601
f 599/1117/596 598/772/595 603/771/600
f 597/1118/594 602/1121/599 340/1119/340
f 596/1120/593 601/1123/598 602/1121/599
f 595/1122/592 600/1125/597 601/1123/598
f 594/1124/591 599/1126/596 600/1125/597
f 593/753/590 598/754/595 599/1126/596
f 592/1127/589 597/1130/594 325/711/325
f 592/1127/589 591/1132/588 596/1129/593
f 590/1131/587 595/1134/592 596/1129/593
f 589/1133/586 594/1135/591 595/1134/592
f 589/1133/586 588/707/585 593/706/590
f 294/692/294 587/1139/584 592/1136/589
f 586/1138/583 591/1141/588 592/1136/589
f 586/1138/583 585/1143/582 590/1140/587
f 584/1142/581 589/1144/586 590/1140/587
f 583/689/580 588/690/585 589/1144/586
f 582/1145/579 587/1148/584 294/649/294
f 581/1147/578 586/1150/583 587/1148/584
f 580/1149/577 585/1152/582 586/1150/583
f 579/1151/576 584/1153/581 585/1152/582
f 579/1151/576 578/645/575 583/644/580
f 577/1154/574 582/1157/579 279/599/279
f 577/1154/574 576/1159/573 581/1156/578
f 575/1158/572 580/1161/577 581/1156/578
f 574/1160/571 579/1162/576 580/1161/577
f 573/626/570 578/627/575 579/1162/576
f 249/584/249 572/1166/569 577/1163/574
f 571/1165/568 576/1168/573 577/1163/574
f 571/1165/568 570/1170/567 575/1167/572
f 569/1169/566 574/1171/571 575/1167/572
f 569/1169/566 568/581/565 573/580/570
f 567/1172/564 572/1175/569 249/536/249
f 566/1174/563 571/1177/568 572/1175/569
f 565/1176/562 570/1179/567 571/1177/568
f 565/1176/562 564/1180/561 569/1178/566
f 563/529/560 568/531/565 569/1178/566
f 562/1181/559 567/1184/564 234/521/234
f 562/1181/559 561/1186/558 566/1183/563
f 560/1185/557 565/1188/562 566/1183/563
f 559/1187/556 564/1189/561 565/1188/562
f 558/517/555 563/516/560 564/1189/561
f 204/471/204 557/1193/554 562/1190/559
f 556/1192/553 561/1195/558 562/1190/559
f 556/1192/553 555/1196/552 560/1194/557
f 555/1196/552 554/1198/551 559/1197/556
f 554/1198/551 553/468/550 558/467/555
f 552/1199/549 557/1202/554 204/1200/204
f 552/1199/549 551/1204/548 556/1201/553
f 550/1203/547 555/1206/552 556/1201/553
f 549/1205/546 554/1207/551 555/1206/552
f 548/452/545 553/453/550 554/1207/551
f 547/1208/544 552/1211/549 189/411/189
f 546/1210/543 551/1213/548 552/1211/549
f 546/1210/543 545/1215/542 550/1212/547
f 544/1214/541 549/1216/546 550/1212/547
f 544/1214/541 543/407/540 548/406/545
f 159/392/159 542/1219/539 547/1217/544
f 542/1219/539 541/1222/538 546/1220/543
f 540/1221/537 545/1224/542 546/1220/543
f 539/1223/536 544/1225/541 545/1224/542
f 538/388/535 543/389/540 544/1225/541
f 537/1226/534 542/1229/539 159/348/159
f 536/1228/533 541/1231/538 542/1229/539
f 536/1228/533 535/1233/532 540/1230/537
f 534/1232/531 539/1234/536 540/1230/537
f 533/344/530 538/343/535 539/1234/536
f 532/1235/529 537/1238/534 144/329/144
f 531/1237/528 536/1240/533 537/1238/534
f 530/1239/527 535/1242/532 536/1240/533
f 529/1241/526 534/1243/531 535/1242/532
f 529/1241/526 528/327/525 533/326/530
f 114/283/114 527/1246/524 532/1244/529
f 527/1246/524 526/1249/523 531/1247/528
f 525/1248/522 530/1251/527 531/1247/528
f 524/1250/521 529/1252/526 530/1251/527
f 523/279/520 528/280/525 529/1252/526
f 522/1253/519 527/1256/524 114/1254/114
f 521/1255/518 526/1258/523 527/1256/524
f 521/1255/518 520/1260/517 525/1257/522
f 519/1259/516 524/1261/521 525/1257/522
f 519/1259/516 518/263/515 523/262/520
f 517/1262/514 522/1265/519 99/220/99
f 517/1262/514 516/1267/513 521/1264/518
f 515/1266/512 520/1269/517 521/1264/518
f 514/1268/511 519/1270/516 520/1269/517
f 513/215/510 518/216/515 519/1270/516
f 512/1271/509 517/1274/514 84/170/84
f 511/1273/508 516/1276/513 517/1274/514
f 510/1275/507 515/1278/512 516/1276/513
f 509/1277/506 514/1279/511 515/1278/512
f 509/1277/506 508/198/505 513/197/510
f 53/155/53 507/1282/504 512/1280/509
f 507/1282/504 506/1284/503 511/1283/508
f 506/1284/503 505/1286/502 510/1285/507
f 505/1286/502 504/1288/501 509/1287/506
f 503/151/500 508/152/505 509/1287/506
f 38/106/38 502/1292/499 507/1289/504
f 501/1291/498 506/1294/503 507/1289/504
f 501/1291/498 500/1295/497 505/1293/502
f 500/1295/497 499/1297/496 504/1296/501
f 499/1297/496 498/102/495 503/101/500
f 497/1298/494 502/1301/499 38/92/38
f 497/1298/494 496/1303/493 501/1300/498
f 495/1302/492 500/1305/497 501/1300/498
f 494/1304/491 499/1306/496 500/1305/497
f 493/87/490 498/88/495 499/1306/496
f 8/45/8 492/1310/489 497/1307/494
f 491/1309/488 496/1312/493 497/1307/494
f 491/1309/488 490/1314/487 495/1311/492
f 489/1313/486 494/1315/491 495/1311/492
f 489/1313/486 488/42/485 493/41/490
f 647/1316/644 492/1319/489 8/5/8
f 647/1316/644 646/1321/643 491/1318/488
f 645/1320/642 490/1323/487 491/1318/488
f 645/1320/642 644/1324/641 489/1322/486
f 643/32/640 488/33/485 489/1322/486
