# Blender 4.4.1
# www.blender.org
mtllib Title.mtl
o Cube.008
v -0.304717 9.656574 0.511647
v -0.431613 7.016075 -0.334208
v -0.323196 9.654787 0.519673
v -0.411755 7.014067 -0.330771
v -0.284859 9.654566 0.515084
v -0.353255 9.640219 0.568458
v -0.363680 9.628002 0.607340
v -0.490576 6.987499 -0.238512
v -0.339585 9.649261 0.538856
v -0.480150 6.999716 -0.277398
v -0.370461 9.613083 0.654010
v -0.373336 9.596031 0.706674
v -0.372195 9.577509 0.763308
v -0.499090 6.937008 -0.082548
v -0.367081 9.558222 0.821735
v -0.500232 6.955534 -0.139181
v -0.358192 9.538914 0.879707
v -0.330584 9.503176 0.985490
v -0.312926 9.488119 1.029236
v -0.439822 6.847616 0.183381
v -0.345868 9.520327 0.935002
v -0.457479 6.862675 0.139637
v -0.293574 9.475731 1.064555
v -0.273271 9.466494 1.090088
v -0.252798 9.460760 1.104860
v -0.165462 9.537821 0.856636
v -0.232940 9.458752 1.108297
v -0.359835 6.818253 0.262442
v -0.400167 6.825993 0.244236
v -0.214462 9.460545 1.100268
v -0.184401 9.475111 1.051486
v -0.167196 9.502247 0.965931
v -0.379693 6.820261 0.259004
v -0.164320 9.519297 0.913270
v -0.291217 6.878794 0.067414
v -0.300871 6.846825 0.166749
v -0.173977 9.487328 1.012601
v -0.294090 6.861748 0.120079
v -0.311298 6.834612 0.205631
v -0.324967 6.825567 0.235232
v -0.318684 6.954500 -0.160913
v -0.472764 6.879827 0.089147
v -0.198072 9.466066 1.081086
v -0.341356 6.820044 0.254416
v -0.420470 6.835230 0.218700
v -0.493977 6.917723 -0.024120
v -0.485087 6.898415 0.033855
v -0.466481 7.008760 -0.306997
v -0.450091 7.014282 -0.326180
v -0.391281 7.008333 -0.316000
v -0.351626 6.986708 -0.255147
v -0.224730 9.627213 0.590708
v -0.244083 9.639597 0.555389
v -0.207072 9.612150 0.634449
v -0.370978 6.999096 -0.290466
v -0.333968 6.971651 -0.211401
v -0.191788 9.594999 0.684941
v -0.306361 6.935913 -0.105618
v -0.179465 9.576410 0.740232
v -0.297471 6.916605 -0.047646
v -0.170576 9.557104 0.798210
v -0.292358 6.897322 0.010780
v -0.264386 9.648832 0.529851
v -0.497357 6.972580 -0.191843
v 0.036836 13.941477 3.021826
v 0.051730 13.941013 3.015112
v 0.052944 12.605381 3.118305
v 0.021952 12.605560 3.122015
v 0.020738 13.941191 3.018823
v 0.038049 12.605850 3.125018
v 0.066062 12.604185 3.102136
v 0.092109 12.593346 2.960181
v -0.052566 12.568356 2.642313
v 0.064849 13.939814 2.998943
v 0.075689 13.937929 2.973940
v 0.005270 12.604532 3.109412
v 0.085046 12.599794 3.044253
v 0.076903 12.602297 3.077132
v 0.083833 13.935425 2.941061
v 0.088967 13.932404 2.901570
v 0.090895 13.928974 2.856987
v 0.089543 13.925278 2.809022
v 0.090181 12.596771 3.004762
v 0.090758 12.589649 2.912218
v 0.084963 13.921450 2.759523
v 0.077331 13.917637 2.710390
v 0.066939 13.913992 2.663508
v 0.054187 13.910648 2.620680
v 0.039567 13.907738 2.583559
v 0.040779 12.572105 2.686750
v 0.055401 12.575018 2.723876
v -0.009669 13.902613 2.519242
v -0.078474 13.918524 2.729041
v -0.008455 12.566982 2.622434
v -0.025766 13.902323 2.516243
v 0.008226 12.568010 2.635036
v 0.007012 13.903641 2.531845
v 0.023637 13.905373 2.553561
v -0.064619 13.905876 2.564125
v -0.072762 13.908379 2.597006
v -0.071549 12.572746 2.700199
v -0.053779 13.903984 2.539120
v -0.040660 13.902786 2.522953
v -0.063405 12.570242 2.667319
v -0.078612 12.579197 2.784271
v -0.079826 13.914829 2.681077
v -0.077898 13.911400 2.636495
v -0.054655 12.594177 2.977751
v -0.065047 12.590532 2.930869
v -0.072680 12.586723 2.881734
v -0.077260 12.582895 2.832235
v -0.076684 12.575768 2.739686
v -0.073893 13.922354 2.778542
v -0.066261 13.926161 2.827674
v -0.055870 13.929813 2.874556
v -0.043117 13.933155 2.917383
v -0.041904 12.597521 3.020576
v -0.028496 13.936062 2.954507
v -0.012568 13.938431 2.984505
v -0.011354 12.602800 3.087696
v -0.027283 12.600431 3.057699
v 0.004057 13.940163 3.006220
v -0.039446 12.567156 2.626144
v -0.024553 12.566692 2.619434
v 0.024851 12.569742 2.656753
v 0.068153 12.578360 2.766701
v 0.078544 12.582008 2.813582
v 0.086176 12.585819 2.862715
v 0.239880 9.585075 5.012866
v 0.377843 7.132698 6.304481
v 0.221392 9.588057 5.020479
v 0.397690 7.135464 6.307502
v 0.259728 9.587839 5.015888
v 0.290731 9.881334 5.563012
v 0.378491 9.763208 5.331872
v 0.418132 7.143869 6.321032
v 0.280171 9.596245 5.029422
v 0.300424 9.609961 5.052946
v 0.191251 9.610584 5.066014
v 0.171969 9.705967 5.247027
v 0.213175 9.818113 5.452891
v 0.351136 7.365740 6.744501
v 0.230750 9.840704 5.493340
v 0.197983 9.792316 5.406158
v 0.250035 9.859209 5.525954
v 0.270287 9.872931 5.549479
v 0.408250 7.420557 6.841092
v 0.387997 7.406836 6.817565
v 0.335945 7.339945 6.697773
v 0.368712 7.388329 6.784954
v 0.483449 7.420128 6.832088
v 0.342933 7.144297 6.330036
v 0.308890 7.225513 6.486084
v 0.323722 7.311928 6.646555
v 0.185761 9.764301 5.354944
v 0.176977 9.735146 5.301212
v 0.314938 7.282770 6.592824
v 0.309930 7.253592 6.538641
v 0.170928 9.677889 5.194475
v 0.173896 9.651985 5.145568
v 0.180760 9.629261 5.102196
v 0.311859 7.199612 6.437182
v 0.318721 7.176888 6.393806
v 0.329213 7.158209 6.357628
v 0.204972 9.596670 5.038423
v 0.359354 7.135681 6.312089
v 0.345488 9.872503 5.540478
v 0.359207 9.858589 5.512882
v 0.497169 7.406216 6.804496
v 0.517492 7.338911 6.676039
v 0.448541 7.431721 6.857644
v 0.467030 7.428741 6.850035
v 0.428693 7.428961 6.854622
v 0.490437 7.224482 6.464353
v 0.352476 9.676855 5.172739
v 0.337285 9.651056 5.126010
v 0.438386 7.157585 6.344559
v 0.457671 7.176098 6.377171
v 0.475246 7.198685 6.417620
v 0.511444 7.281654 6.569299
v 0.502660 7.252495 6.515565
v 0.516452 7.310835 6.623483
v 0.373482 9.734028 5.277686
v 0.379531 9.791286 5.384425
v 0.514525 7.364811 6.724942
v 0.376563 9.817186 5.433332
v 0.369700 9.839912 5.476704
v 0.507662 7.387539 6.768318
v 0.364699 9.704870 5.223956
v 0.319709 9.628473 5.085561
v 0.310578 9.884098 5.566031
v 0.329067 9.881115 5.558421
v -0.736437 7.444656 1.616634
v -0.846146 8.130260 1.322570
v -0.904943 8.131531 2.224503
v -0.636604 8.019855 0.762014
v -0.728481 7.246216 2.339787
v -0.460783 6.698883 2.281978
v -0.548898 7.171478 1.361036
v -0.128642 6.509417 2.197535
v -0.319734 7.945124 0.545559
v -0.246041 7.033075 1.207667
v 0.087558 7.167858 1.284842
v 0.041703 8.015999 0.680808
v 0.336301 7.438559 1.488208
v 0.217525 6.695024 2.200772
v 0.012372 6.397696 3.350361
v 0.500734 7.239229 2.192631
v 0.369564 6.595469 3.292142
v 0.484831 6.862213 4.359587
v 0.751546 7.396099 4.218240
v 0.665555 7.190531 3.210536
v 0.849476 8.147076 3.114429
v 0.659087 8.122637 2.037261
v 0.926393 8.289829 4.196075
v 0.910300 9.300789 3.017858
v 0.924402 10.480284 4.026836
v 0.847378 10.455200 2.936100
v 0.989260 9.389227 4.162655
v 0.657097 10.313095 1.868026
v 0.707595 9.213055 1.887873
v 0.381199 10.178577 1.016620
v 0.405946 9.141014 0.966234
v 0.383067 8.123272 1.175415
v 0.036590 9.097153 0.413608
v 0.039713 10.206459 0.511573
v -0.345165 9.083935 0.259474
v -0.678155 9.101215 0.499177
v -0.321832 10.253248 0.367229
v -0.638595 10.210314 0.592775
v -0.848014 10.185566 1.163777
v -0.552504 11.140978 1.054348
v -0.739584 10.908848 1.348986
v -0.465373 11.749603 1.891753
v -0.732087 11.215715 2.033098
v -0.906934 10.321989 2.055264
v -0.969801 9.222589 2.088685
v -0.830017 10.464741 3.136911
v -0.890841 9.311026 3.233481
v -0.639628 10.489180 4.214077
v -0.688136 9.398760 4.363465
v -0.637638 8.298719 4.383314
v -0.827919 8.156614 3.315239
v -0.477667 7.403090 4.365397
v -0.642258 7.197966 3.367102
v -0.345181 6.599533 3.377707
v -0.193477 6.866068 4.440789
v 0.153023 6.685587 4.472314
v -0.064492 7.474459 5.273184
v -0.313695 7.709068 5.030778
v -0.361741 8.433239 5.234719
v -0.020255 8.405357 5.739767
v -0.017131 9.514664 5.837730
v 0.364624 9.527884 5.991866
v 0.341290 8.358568 5.884109
v 0.658053 8.401501 5.658565
v 0.571963 7.470839 5.196992
v 0.269338 7.355423 5.369970
v 0.759043 7.702969 4.902354
v 0.867473 8.426250 5.087563
v 0.697614 9.510599 5.752162
v 0.921327 9.463366 5.128540
v 0.865605 10.481556 4.928770
v 0.656063 10.591961 5.489326
v 0.755896 11.167158 4.634706
v 0.747939 11.365599 3.911552
v 0.480241 11.912933 3.969362
v 0.568357 11.440338 4.890304
v 0.148101 12.102400 4.053805
v 0.339193 10.666693 5.705781
v 0.265500 11.578743 5.043673
v -0.068100 11.443956 4.966497
v -0.316842 11.173260 4.763130
v -0.022245 10.595818 5.570530
v -0.198066 11.916790 4.050567
v 0.007087 12.214119 2.900978
v -0.350105 12.016346 2.959197
v -0.481275 11.372587 4.058709
v -0.646096 11.421284 3.040804
v 0.212936 11.745747 1.810551
v 0.364640 12.012283 2.873631
v -0.133564 11.926231 1.779025
v 0.083951 11.137358 0.978155
v -0.249879 11.256393 0.881369
v 0.333154 10.902748 1.220561
v 0.497126 11.208727 1.885943
v 0.661717 11.413853 2.884238
v -0.363608 10.488544 5.075924
v -0.386487 9.470802 5.285105
v -0.901868 9.148451 1.122799
v -0.138158 5.677559 2.289760
v -0.185245 5.677019 2.285052
v -0.200026 7.153646 1.683156
v -0.093602 5.676476 2.273991
v -0.269916 5.593378 1.224255
v -0.314471 5.594460 1.240025
v -0.354783 5.597115 1.275660
v -0.389301 5.601246 1.329791
v -0.233054 5.674885 2.260057
v -0.279748 5.671236 2.215724
v -0.323532 5.666212 2.153768
v -0.416699 5.606689 1.400344
v -0.435926 5.613241 1.484599
v -0.446241 5.620647 1.579326
v -0.362725 5.660006 2.076560
v -0.395819 5.652859 1.987076
v -0.421543 5.645044 1.888747
v -0.438908 5.636858 1.785359
v -0.447247 5.628620 1.680879
v -0.222829 5.593916 1.228962
v -0.175021 5.596048 1.253959
v -0.053291 5.673822 2.238359
v -0.018773 5.669689 2.184224
v 0.008626 5.664248 2.113675
v -0.128326 5.599701 1.298291
v -0.084542 5.604723 1.360248
v -0.045349 5.610929 1.437456
v 0.027852 5.657692 2.029417
v 0.038167 5.650288 1.934690
v 0.039173 5.642315 1.833137
v -0.012255 5.618076 1.526939
v 0.013469 5.625891 1.625269
v 0.030834 5.634077 1.728657
v 0.271661 5.901506 5.467619
v 0.224596 5.900965 5.463090
v 0.210829 7.376978 4.869446
v 0.316238 5.900421 5.452022
v 0.142131 5.816626 4.420196
v 0.097554 5.817715 4.435793
v 0.057179 5.820391 4.470915
v 0.022559 5.824553 4.524217
v 0.176851 5.898811 5.438607
v 0.130260 5.895128 5.395115
v 0.086615 5.890060 5.334284
v -0.004978 5.830038 4.593643
v -0.024373 5.836645 4.676532
v -0.034880 5.844110 4.769695
v 0.047592 5.883801 5.258450
v 0.014689 5.876593 5.170527
v -0.010825 5.868713 5.073897
v -0.036095 5.852154 4.869555
v -0.027974 5.860458 4.972268
v 0.189196 5.817169 4.424728
v 0.236941 5.819324 4.449211
v 0.356613 5.897743 5.416900
v 0.391234 5.893581 5.363602
v 0.418770 5.888094 5.294175
v 0.283533 5.823009 4.492702
v 0.327178 5.828074 4.553534
v 0.366202 5.834333 4.629368
v 0.438165 5.881489 5.211286
v 0.448672 5.874023 5.118120
v 0.449888 5.865986 5.018263
v 0.399103 5.841543 4.717288
v 0.424618 5.849424 4.813920
v 0.441766 5.857676 4.915545
v -0.077702 12.601213 2.185453
v -0.076924 11.744781 2.251623
v -0.117857 12.602463 2.203548
v -0.034304 12.601990 2.193547
v -0.182451 12.610783 2.314556
v -0.181673 11.754353 2.380726
v -0.204407 12.617531 2.403200
v -0.153227 12.605696 2.247141
v -0.219804 12.644890 2.759173
v 0.047677 12.705996 3.540437
v -0.207456 12.655212 2.892629
v -0.206677 11.798779 2.958798
v -0.222670 11.778488 2.696033
v -0.223449 12.634918 2.629863
v -0.218250 12.625683 2.509664
v -0.186877 12.665483 3.025099
v -0.158861 12.675318 3.151490
v -0.124482 12.684332 3.266952
v -0.042117 12.698557 3.447914
v -0.219026 11.788462 2.825344
v 0.002704 12.703224 3.506463
v 0.003481 11.846792 3.572634
v -0.085062 12.692177 3.367040
v -0.041340 11.842125 3.514083
v -0.158082 11.818886 3.217660
v -0.084285 11.835745 3.433211
v -0.123704 11.827896 3.333121
v 0.173013 11.776239 2.648663
v 0.167379 11.845860 3.553011
v -0.186099 11.809052 3.091269
v 0.091854 11.850346 3.614701
v -0.152449 11.749262 2.313312
v -0.117079 11.746033 2.269719
v -0.033525 11.745556 2.259717
v 0.011448 11.748331 2.293690
v 0.010671 12.604763 2.227523
v 0.056269 11.753000 2.352239
v 0.055492 12.609428 2.286070
v 0.098437 12.615808 2.366943
v 0.099215 11.759378 2.433113
v 0.137856 12.623657 2.467035
v 0.138634 11.767227 2.533205
v 0.172234 12.632668 2.582496
v 0.233179 12.663097 2.974813
v 0.220829 12.652779 2.841355
v 0.221608 11.796345 2.907525
v 0.236823 12.673067 3.104123
v 0.233957 11.806665 3.040979
v 0.195825 12.697205 3.419431
v 0.200251 12.642504 2.708889
v 0.201030 11.786070 2.775058
v 0.217781 12.690456 3.330786
v 0.218558 11.834021 3.396956
v 0.166601 12.702290 3.486841
v 0.131232 12.705524 3.530435
v 0.231623 12.682304 3.224320
v 0.196603 11.840771 3.485597
v 0.237601 11.816633 3.170290
v 0.232402 11.825876 3.290489
v 0.091076 12.706776 3.548531
v 0.132009 11.849094 3.596604
v 0.048456 11.849567 3.606607
v -0.203629 11.761101 2.469367
v -0.217471 11.769249 2.575833
vn -0.2345 0.0856 -0.9683
vn -0.5437 0.4560 -0.7046
vn 0.0005 0.5196 -0.8544
vn 0.3373 0.0536 -0.9399
vn -0.9290 0.2417 -0.2802
vn 0.4977 0.4389 -0.7481
vn -0.9836 0.0127 -0.1799
vn -0.9710 0.1839 -0.1529
vn -0.9875 0.1465 -0.0578
vn -0.9542 0.0353 -0.2971
vn -0.8221 0.3325 -0.4622
vn -0.9910 0.1023 0.0860
vn -0.9925 0.1210 0.0191
vn -0.9980 -0.0522 0.0362
vn -0.9851 0.0873 0.1484
vn -0.9992 -0.0306 -0.0239
vn -0.9748 0.0740 0.2106
vn -0.9344 0.0479 0.3530
vn -0.9173 -0.1991 0.3447
vn -0.8941 0.0324 0.4467
vn -0.8210 0.0126 0.5708
vn -0.9503 -0.1583 0.2680
vn -0.9589 0.0613 0.2770
vn -0.6708 -0.0151 0.7415
vn -0.3373 -0.0536 0.9399
vn 0.9980 0.0522 -0.0362
vn 0.9956 0.0091 0.0934
vn -0.0005 -0.5196 0.8544
vn 0.2346 -0.0856 0.9683
vn 0.6889 -0.0812 0.7203
vn -0.4977 -0.4389 0.7481
vn -0.7462 -0.3323 0.5769
vn 0.9542 -0.0354 0.2972
vn 0.9925 -0.1210 -0.0191
vn 0.9992 0.0306 0.0239
vn 0.9875 -0.1464 0.0578
vn 0.9710 -0.1839 0.1529
vn 0.9836 -0.0127 0.1799
vn 0.9290 -0.2417 0.2801
vn 0.8221 -0.3325 0.4623
vn 0.9589 -0.0613 -0.2770
vn -0.9709 -0.1259 0.2038
vn 0.8813 -0.0591 0.4688
vn 0.5437 -0.4560 0.7046
vn -0.8814 0.0591 -0.4688
vn -0.8596 -0.2541 0.4433
vn -0.9843 -0.0987 0.1465
vn -0.9930 -0.0746 0.0918
vn -0.6889 0.0812 -0.7203
vn 0.6708 0.0151 -0.7415
vn 0.8941 -0.0323 -0.4467
vn 0.8596 0.2541 -0.4433
vn 0.9173 0.1991 -0.3447
vn 0.9503 0.1583 -0.2680
vn 0.8210 -0.0125 -0.5708
vn 0.9344 -0.0479 -0.3531
vn 0.9709 0.1260 -0.2038
vn 0.9748 -0.0740 -0.2106
vn 0.9843 0.0987 -0.1465
vn 0.9851 -0.0872 -0.1484
vn 0.9930 0.0746 -0.0918
vn 0.9910 -0.1022 -0.0860
vn 0.7461 0.3323 -0.5769
vn -0.9956 -0.0091 -0.0933
vn 0.1210 0.4847 0.8663
vn 0.5799 -0.3115 0.7528
vn 0.6241 0.3805 0.6824
vn -0.4071 0.4498 0.7949
vn 0.1143 -0.3778 0.9188
vn -0.3726 -0.3541 0.8578
vn 0.8247 -0.2204 0.5209
vn 0.9969 -0.0710 0.0340
vn -0.8614 -0.2499 -0.4422
vn 0.9715 -0.1080 0.2109
vn -0.6615 -0.2889 0.6921
vn 0.9502 0.1607 0.2668
vn 0.8613 0.2500 0.4423
vn 0.9278 -0.1524 0.3404
vn 0.9837 0.1073 0.1445
vn 0.9954 0.0798 0.0536
vn 0.9972 0.0722 -0.0195
vn 0.9935 0.0778 -0.0834
vn 0.9902 -0.0814 0.1132
vn 0.9965 -0.0759 -0.0347
vn 0.9854 0.0907 -0.1438
vn 0.9729 0.1081 -0.2046
vn 0.9543 0.1294 -0.2695
vn 0.9263 0.1555 -0.3432
vn 0.8996 -0.2245 -0.3747
vn 0.8820 0.1884 -0.4320
vn 0.3725 0.3541 -0.8578
vn 0.9393 -0.1809 -0.2914
vn -0.9965 0.0759 0.0347
vn -0.9278 0.1524 -0.3405
vn 0.4071 -0.4498 -0.7949
vn -0.1143 0.3778 -0.9188
vn 0.6954 -0.3578 -0.6232
vn 0.6614 0.2889 -0.6921
vn 0.8058 0.2316 -0.5451
vn -0.9837 -0.1073 -0.1445
vn -0.9715 0.1080 -0.2109
vn -0.9503 -0.1607 -0.2668
vn -0.8247 0.2204 -0.5209
vn -0.5797 0.3115 -0.7529
vn -0.9972 -0.0722 0.0195
vn -0.9969 0.0710 -0.0340
vn -0.9902 0.0814 -0.1133
vn -0.9935 -0.0778 0.0834
vn -0.9954 -0.0799 -0.0536
vn -0.9543 -0.1294 0.2695
vn -0.9729 -0.1081 0.2046
vn -0.9854 -0.0907 0.1438
vn -0.9909 0.0926 0.0976
vn -0.9805 0.1165 0.1585
vn -0.9642 0.1458 0.2216
vn -0.9393 0.1809 0.2915
vn -0.9263 -0.1555 0.3432
vn -0.8996 0.2244 0.3747
vn -0.8058 -0.2316 0.5450
vn -0.8304 0.2812 0.4810
vn -0.8820 -0.1884 0.4320
vn -0.6952 0.3577 0.6235
vn -0.6240 -0.3806 -0.6825
vn -0.1210 -0.4849 -0.8662
vn 0.8304 -0.2811 -0.4810
vn 0.9642 -0.1458 -0.2216
vn 0.9805 -0.1165 -0.1585
vn 0.9909 -0.0926 -0.0976
vn -0.0183 -0.9573 -0.2884
vn -0.5179 0.2810 -0.8080
vn -0.1422 0.3258 -0.9347
vn 0.3941 -0.8735 -0.2858
vn 0.2484 0.3208 -0.9140
vn -0.3941 0.8735 0.2860
vn 0.9860 0.1006 -0.1332
vn -0.9343 0.3242 0.1480
vn 0.7075 0.2396 -0.6649
vn 0.6564 -0.7112 -0.2516
vn 0.5327 0.2831 -0.7976
vn -0.8926 0.1515 -0.4247
vn -0.9984 0.0561 0.0007
vn -0.8801 -0.1687 0.4437
vn -0.8849 0.4301 0.1788
vn -0.9649 0.2340 0.1190
vn -0.8023 0.5575 0.2132
vn -0.5325 -0.2831 0.7977
vn -0.6564 0.7113 0.2514
vn -0.7074 -0.2396 0.6649
vn -0.8134 -0.2010 0.5459
vn -0.9242 -0.1417 0.3547
vn 0.7638 -0.2130 0.6093
vn -0.7443 -0.6497 -0.1544
vn -0.9893 -0.1257 0.0737
vn -0.9540 -0.1197 0.2748
vn -0.9838 0.1559 0.0888
vn -0.9943 0.0925 0.0522
vn -0.9740 -0.1040 0.2011
vn -0.9860 -0.1007 0.1332
vn -0.9960 0.0532 -0.0712
vn -0.9841 0.0719 -0.1626
vn -0.9810 -0.1926 0.0227
vn -0.9550 0.1047 -0.2774
vn -0.9534 -0.3006 -0.0273
vn -0.8879 -0.4523 -0.0841
vn -0.7638 0.2131 -0.6093
vn -0.4563 -0.8586 -0.2339
vn 0.8879 0.4523 0.0840
vn 0.7444 0.6496 0.1545
vn 0.5179 -0.2810 0.8080
vn 0.8926 -0.1516 0.4247
vn 0.9960 -0.0532 0.0712
vn 0.9649 -0.2340 -0.1190
vn 0.1420 -0.3258 0.9347
vn -0.2484 -0.3208 0.9140
vn 0.8801 0.1687 -0.4437
vn 0.9242 0.1417 -0.3547
vn 0.9838 -0.1559 -0.0887
vn 0.9343 -0.3243 -0.1479
vn 0.8023 -0.5576 -0.2132
vn 0.8850 -0.4298 -0.1788
vn 0.9943 -0.0925 -0.0522
vn 0.9984 -0.0561 -0.0007
vn 0.9740 0.1040 -0.2011
vn 0.9893 0.1257 -0.0737
vn 0.9841 -0.0719 0.1626
vn 0.9810 0.1925 -0.0226
vn 0.9534 0.3006 0.0273
vn 0.9550 -0.1047 0.2775
vn 0.9540 0.1197 -0.2748
vn 0.8134 0.2010 -0.5458
vn 0.0185 0.9572 0.2887
vn 0.4562 0.8585 0.2342
vn -0.9550 -0.2655 -0.1323
vn -0.9956 -0.0880 0.0335
vn -0.9844 -0.1142 -0.1341
vn -0.8516 -0.2286 -0.4718
vn -0.9662 -0.2570 0.0225
vn -0.7902 -0.4939 -0.3628
vn -0.8040 -0.5895 -0.0781
vn -0.0669 -0.9592 -0.2746
vn -0.1087 -0.7395 -0.6643
vn -0.1506 -0.3825 -0.9116
vn 0.6573 -0.5206 -0.5450
vn 0.6794 -0.2641 -0.6846
vn 0.8803 -0.3036 -0.3645
vn 0.7277 -0.6294 -0.2727
vn 0.9305 -0.2941 -0.2183
vn -0.0297 -0.9944 0.1015
vn 0.7786 -0.6266 -0.0336
vn 0.9567 -0.2786 -0.0841
vn 0.9637 -0.2623 0.0487
vn 0.7813 -0.5852 0.2171
vn 0.9903 -0.1011 -0.0957
vn 0.9699 -0.1167 -0.2137
vn 0.9944 0.0077 -0.1056
vn 0.9954 -0.0902 0.0334
vn 0.9956 0.0880 -0.0335
vn 0.9861 0.0888 -0.1406
vn 1.0000 0.0011 0.0017
vn 0.9632 0.1006 -0.2493
vn 0.9761 0.0036 -0.2174
vn 0.9106 -0.1483 -0.3857
vn 0.9042 0.1149 -0.4115
vn 0.9205 -0.0067 -0.3907
vn 0.6842 -0.0195 -0.7290
vn 0.6131 0.2226 -0.7580
vn -0.2183 -0.0180 -0.9757
vn -0.8867 0.0087 -0.4623
vn -0.8254 0.1919 -0.5309
vn -0.2236 0.3008 -0.9271
vn -0.7458 0.4244 -0.5135
vn -0.9701 0.1060 -0.2181
vn -0.9392 0.2501 -0.2351
vn -0.7813 0.5852 -0.2171
vn -0.9637 0.2623 -0.0487
vn -0.9954 0.0902 -0.0334
vn -1.0000 -0.0011 -0.0017
vn -0.9944 -0.0077 0.1056
vn -0.9903 0.1011 0.0957
vn -0.9699 0.1167 0.2137
vn -0.9861 -0.0888 0.1406
vn -0.9761 -0.0036 0.2174
vn -0.9632 -0.1006 0.2493
vn -0.9283 -0.2392 0.2847
vn -0.9571 -0.2433 0.1572
vn -0.7953 -0.5843 0.1618
vn -0.7401 -0.5472 0.3909
vn -0.0078 -0.8802 0.4745
vn -0.6718 -0.3929 0.6279
vn -0.8576 -0.2531 0.4478
vn -0.6131 -0.2226 0.7580
vn -0.9042 -0.1149 0.4115
vn 0.2183 0.0180 0.9757
vn -0.6842 0.0195 0.7290
vn 0.2236 -0.3008 0.9271
vn 0.7458 -0.4244 0.5135
vn 0.8254 -0.1919 0.5309
vn -0.0069 -0.5691 0.8222
vn 0.9392 -0.2501 0.2351
vn 0.9701 -0.1060 0.2181
vn 0.8867 -0.0087 0.4623
vn 0.9894 -0.0137 0.1449
vn 0.9844 0.1142 0.1341
vn 0.8516 0.2286 0.4718
vn 0.9550 0.2655 0.1323
vn 0.9662 0.2570 -0.0225
vn 0.8040 0.5895 0.0781
vn 0.7902 0.4939 0.3628
vn 0.0669 0.9592 0.2746
vn 0.1087 0.7395 0.6643
vn 0.1506 0.3825 0.9116
vn -0.6573 0.5206 0.5450
vn -0.6794 0.2641 0.6846
vn -0.7277 0.6294 0.2727
vn -0.8803 0.3036 0.3645
vn -0.9305 0.2941 0.2183
vn 0.0297 0.9944 -0.1015
vn -0.7786 0.6266 0.0336
vn -0.9567 0.2786 0.0841
vn 0.7401 0.5472 -0.3909
vn 0.7952 0.5843 -0.1618
vn 0.0078 0.8802 -0.4745
vn 0.6718 0.3929 -0.6279
vn 0.0069 0.5691 -0.8222
vn 0.8576 0.2531 -0.4478
vn 0.9283 0.2392 -0.2847
vn 0.9571 0.2433 -0.1572
vn -0.9106 0.1483 0.3857
vn -0.9205 0.0067 0.3907
vn -0.9894 0.0137 -0.1449
vn 0.1348 -0.3503 0.9269
vn 0.2814 0.5371 -0.7952
vn -0.2572 -0.3426 0.9036
vn -0.5959 0.0463 -0.8017
vn 0.5054 -0.3046 0.8073
vn -0.1992 0.0254 -0.9796
vn -0.8132 0.0571 -0.5792
vn -0.9171 0.0550 -0.3949
vn -0.5483 -0.2974 0.7816
vn -0.7286 -0.2446 0.6398
vn -0.8366 -0.1967 0.5113
vn -0.9668 0.0416 -0.2521
vn -0.9902 0.0208 -0.1381
vn -0.9991 -0.0035 -0.0420
vn -0.9032 -0.1553 0.4001
vn -0.9458 -0.1193 0.3022
vn -0.9732 -0.0869 0.2129
vn -0.9901 -0.0573 0.1283
vn -0.9986 -0.0296 0.0447
vn 0.2752 0.0065 -0.9614
vn 0.6079 0.0017 -0.7940
vn 0.7503 -0.2334 0.6185
vn 0.8828 -0.1668 0.4392
vn 0.7841 0.0073 -0.6205
vn 0.9498 -0.1130 0.2917
vn 0.8768 0.0164 -0.4805
vn 0.9298 0.0242 -0.3673
vn 0.9825 -0.0711 0.1724
vn 0.9966 -0.0380 0.0726
vn 0.9998 -0.0118 -0.0159
vn 0.9828 0.0216 -0.1832
vn 0.9623 0.0268 -0.2707
vn 0.9950 0.0084 -0.0997
vn 0.1341 -0.3506 0.9269
vn 0.2711 0.5354 -0.7999
vn -0.2520 -0.3433 0.9048
vn -0.5901 0.0406 -0.8063
vn 0.4998 -0.3059 0.8103
vn -0.1969 0.0180 -0.9803
vn -0.8087 0.0538 -0.5858
vn -0.9144 0.0539 -0.4012
vn -0.5416 -0.2991 0.7856
vn -0.7232 -0.2467 0.6451
vn -0.8330 -0.1986 0.5164
vn -0.9655 0.0418 -0.2572
vn -0.9897 0.0215 -0.1418
vn -0.9990 -0.0029 -0.0444
vn -0.9012 -0.1568 0.4041
vn -0.9447 -0.1203 0.3050
vn -0.9728 -0.0874 0.2144
vn -0.9986 -0.0292 0.0436
vn -0.9901 -0.0573 0.1284
vn 0.2710 -0.0003 -0.9626
vn 0.6022 -0.0035 -0.7984
vn 0.7446 -0.2358 0.6245
vn 0.8790 -0.1693 0.4457
vn 0.7799 0.0039 -0.6259
vn 0.9478 -0.1151 0.2973
vn 0.8742 0.0144 -0.4853
vn 0.9284 0.0232 -0.3709
vn 0.9816 -0.0725 0.1766
vn 0.9964 -0.0390 0.0756
vn 0.9998 -0.0122 -0.0142
vn 0.9617 0.0266 -0.2730
vn 0.9827 0.0217 -0.1841
vn 0.9950 0.0083 -0.0993
vn -0.1210 -0.4849 -0.8661
vn -0.5798 0.3115 -0.7529
vn 0.3726 0.3541 -0.8578
vn -0.4071 0.4499 0.7949
vn -0.8304 0.2813 0.4810
vn -0.9902 0.0814 -0.1132
vn -0.6954 0.3578 0.6232
vn -0.8996 0.2245 0.3747
vn -0.8614 -0.2500 -0.4422
vn 0.1143 -0.3779 0.9188
vn -0.6240 -0.3806 -0.6824
vn 0.4071 -0.4498 -0.7950
vn 0.6615 0.2889 -0.6921
vn 0.8304 -0.2813 -0.4810
vn 0.8058 0.2316 -0.5450
vn 0.8820 0.1884 -0.4319
vn 0.9393 -0.1809 -0.2915
vn 0.9909 -0.0926 -0.0975
vn 0.9503 0.1607 0.2668
vn 0.9805 -0.1166 -0.1585
vn 0.9278 -0.1524 0.3405
vn 0.8614 0.2500 0.4422
vn 0.6240 0.3805 0.6825
vn 0.5798 -0.3115 0.7529
vn 0.1211 0.4850 0.8661
vn -0.3725 -0.3541 0.8578
vt 0.030409 0.170451
vt 0.033295 0.298971
vt 0.030409 0.298971
vt 0.027523 0.170451
vt 0.399966 0.113964
vt 0.398861 0.111298
vt 0.398299 0.105581
vt 0.027523 0.298971
vt 0.401569 0.116363
vt 0.039066 0.298971
vt 0.041952 0.170451
vt 0.041952 0.298971
vt 0.398861 0.102751
vt 0.399966 0.100085
vt 0.039066 0.170451
vt 0.036181 0.298971
vt 0.398299 0.108467
vt 0.403610 0.095645
vt 0.401569 0.097686
vt 0.050610 0.170451
vt 0.053496 0.298971
vt 0.050610 0.298971
vt 0.047724 0.170451
vt 0.406009 0.094042
vt 0.408675 0.092937
vt 0.047724 0.298971
vt 0.414392 0.092374
vt 0.062153 0.298971
vt 0.065039 0.170451
vt 0.065039 0.298971
vt 0.417222 0.092937
vt 0.419888 0.094042
vt 0.062153 0.170451
vt 0.059267 0.298971
vt 0.411506 0.092374
vt 0.422287 0.095645
vt 0.424328 0.097686
vt 0.422287 0.118404
vt 0.425931 0.113964
vt 0.073696 0.298971
vt 0.076582 0.170451
vt 0.076582 0.298971
vt 0.425931 0.100085
vt 0.427036 0.102751
vt 0.073696 0.170451
vt 0.070810 0.170451
vt 0.070810 0.298971
vt 0.427599 0.108467
vt 0.150661 0.172280
vt 0.151224 0.175110
vt 0.151224 0.177996
vt 0.091011 0.298971
vt 0.093897 0.170451
vt 0.093897 0.298971
vt 0.424328 0.116363
vt 0.091011 0.170451
vt 0.088125 0.170451
vt 0.088125 0.298971
vt 0.427036 0.111298
vt 0.138017 0.161903
vt 0.140848 0.162466
vt 0.143514 0.163570
vt 0.085239 0.170451
vt 0.085239 0.298971
vt 0.082353 0.170451
vt 0.145913 0.165173
vt 0.147954 0.167214
vt 0.127235 0.165173
vt 0.145912 0.187932
vt 0.082353 0.298971
vt 0.079468 0.298971
vt 0.079468 0.170451
vt 0.149557 0.169614
vt 0.427599 0.105582
vt 0.125194 0.185891
vt 0.150661 0.180826
vt 0.149556 0.183492
vt 0.147953 0.185892
vt 0.059267 0.170451
vt 0.143513 0.189535
vt 0.140847 0.190640
vt 0.138016 0.191203
vt 0.056381 0.170451
vt 0.135131 0.191203
vt 0.129634 0.189535
vt 0.036181 0.170451
vt 0.033295 0.170451
vt 0.123591 0.183492
vt 0.122487 0.180826
vt 0.121924 0.177995
vt 0.121924 0.175109
vt 0.123591 0.169613
vt 0.127235 0.187932
vt 0.018866 0.170451
vt 0.021752 0.298971
vt 0.018866 0.298971
vt 0.015980 0.298971
vt 0.021752 0.170451
vt 0.015980 0.170451
vt 0.122487 0.172279
vt 0.125195 0.167213
vt 0.013094 0.298971
vt 0.013094 0.170451
vt 0.414391 0.121674
vt 0.411506 0.121674
vt 0.010208 0.170451
vt 0.010208 0.298971
vt 0.417222 0.121111
vt 0.099668 0.170451
vt 0.102554 0.170451
vt 0.102554 0.298971
vt 0.099668 0.298971
vt 0.419888 0.120007
vt 0.096782 0.170451
vt 0.096782 0.298971
vt 0.132301 0.162465
vt 0.135131 0.161903
vt 0.129635 0.163570
vt 0.024637 0.298971
vt 0.024638 0.170451
vt 0.406009 0.120007
vt 0.403610 0.118404
vt 0.408675 0.121111
vt 0.056381 0.298971
vt 0.053495 0.170451
vt 0.067924 0.170451
vt 0.067924 0.298971
vt 0.044838 0.298971
vt 0.044838 0.170451
vt 0.132300 0.190639
vt 0.283328 0.085172
vt 0.221360 0.082839
vt 0.283328 0.082839
vt 0.180702 0.163650
vt 0.182858 0.162757
vt 0.185146 0.162302
vt 0.221360 0.085172
vt 0.221360 0.012852
vt 0.283328 0.010519
vt 0.283328 0.012852
vt 0.221360 0.010519
vt 0.031936 0.418065
vt 0.032391 0.415777
vt 0.033284 0.413622
vt 0.034580 0.411682
vt 0.034580 0.426781
vt 0.055623 0.420398
vt 0.032391 0.422686
vt 0.036230 0.410033
vt 0.221360 0.080506
vt 0.283328 0.078173
vt 0.283328 0.080506
vt 0.221360 0.078173
vt 0.031936 0.420398
vt 0.283328 0.075840
vt 0.221360 0.075840
vt 0.283328 0.073508
vt 0.189767 0.162757
vt 0.191922 0.163649
vt 0.193862 0.164946
vt 0.221360 0.071175
vt 0.283328 0.071175
vt 0.195511 0.166595
vt 0.196808 0.168535
vt 0.221360 0.073508
vt 0.033284 0.424842
vt 0.221360 0.068842
vt 0.283327 0.066509
vt 0.283328 0.068842
vt 0.197700 0.170690
vt 0.198155 0.172978
vt 0.198155 0.175311
vt 0.197700 0.177599
vt 0.283328 0.059510
vt 0.221360 0.057177
vt 0.283328 0.057177
vt 0.196808 0.179755
vt 0.191922 0.184640
vt 0.221360 0.059510
vt 0.283328 0.061843
vt 0.175817 0.179755
vt 0.182858 0.185533
vt 0.221360 0.050178
vt 0.283328 0.047846
vt 0.283328 0.050178
vt 0.221360 0.052511
vt 0.189767 0.185533
vt 0.283328 0.052511
vt 0.195512 0.181694
vt 0.193862 0.183344
vt 0.283328 0.040847
vt 0.221360 0.038514
vt 0.283328 0.038514
vt 0.180702 0.184640
vt 0.221360 0.040847
vt 0.221360 0.043180
vt 0.283328 0.043180
vt 0.187479 0.185988
vt 0.185146 0.185988
vt 0.055167 0.415777
vt 0.055623 0.418065
vt 0.052979 0.411682
vt 0.221360 0.033848
vt 0.283328 0.031515
vt 0.283328 0.033848
vt 0.283328 0.036181
vt 0.221360 0.031515
vt 0.221360 0.036181
vt 0.044946 0.407389
vt 0.047234 0.407844
vt 0.049389 0.408736
vt 0.051329 0.410033
vt 0.054275 0.413622
vt 0.283327 0.029182
vt 0.221360 0.029182
vt 0.221360 0.026849
vt 0.283328 0.026849
vt 0.174924 0.177600
vt 0.174469 0.175311
vt 0.221360 0.024517
vt 0.283328 0.024517
vt 0.174469 0.172979
vt 0.174924 0.170690
vt 0.221360 0.022184
vt 0.283328 0.019851
vt 0.283328 0.022184
vt 0.175817 0.168535
vt 0.221360 0.017518
vt 0.283328 0.017518
vt 0.177113 0.166595
vt 0.221360 0.019851
vt 0.038170 0.408736
vt 0.040325 0.407844
vt 0.042613 0.407389
vt 0.283328 0.015185
vt 0.221360 0.015185
vt 0.178763 0.164946
vt 0.178763 0.183344
vt 0.177113 0.181695
vt 0.283328 0.045513
vt 0.221360 0.045513
vt 0.221360 0.047846
vt 0.055168 0.422686
vt 0.051329 0.428431
vt 0.054275 0.424842
vt 0.052979 0.426781
vt 0.283328 0.054844
vt 0.221360 0.054844
vt 0.049389 0.429727
vt 0.047234 0.430620
vt 0.042613 0.431075
vt 0.044946 0.431075
vt 0.221360 0.061843
vt 0.040325 0.430620
vt 0.221360 0.064176
vt 0.283328 0.064176
vt 0.221360 0.066509
vt 0.038170 0.429727
vt 0.036230 0.428431
vt 0.187479 0.162302
vt 0.195860 0.010536
vt 0.198746 0.139056
vt 0.195860 0.139056
vt 0.192974 0.010536
vt 0.123413 0.383104
vt 0.122850 0.385934
vt 0.121745 0.388600
vt 0.192974 0.139056
vt 0.094113 0.380218
vt 0.110205 0.367011
vt 0.097383 0.391000
vt 0.122850 0.377388
vt 0.190089 0.010536
vt 0.190089 0.139056
vt 0.123413 0.380218
vt 0.118101 0.393040
vt 0.107320 0.396311
vt 0.135258 0.010536
vt 0.138144 0.139056
vt 0.135258 0.139056
vt 0.132373 0.139056
vt 0.095780 0.388600
vt 0.094676 0.385934
vt 0.099424 0.393040
vt 0.141030 0.139056
vt 0.143916 0.010536
vt 0.143916 0.139056
vt 0.094113 0.383104
vt 0.141030 0.010536
vt 0.138144 0.010536
vt 0.175559 0.397010
vt 0.174996 0.399840
vt 0.170247 0.406946
vt 0.173891 0.402506
vt 0.172288 0.404906
vt 0.172288 0.386228
vt 0.149529 0.404905
vt 0.159466 0.410217
vt 0.132373 0.010536
vt 0.167848 0.408549
vt 0.129487 0.010536
vt 0.129487 0.139056
vt 0.126601 0.139056
vt 0.126601 0.010536
vt 0.165182 0.409654
vt 0.162351 0.410217
vt 0.123715 0.010536
vt 0.123715 0.139056
vt 0.120829 0.139056
vt 0.120829 0.010536
vt 0.113036 0.395748
vt 0.110206 0.396311
vt 0.117944 0.139056
vt 0.117944 0.010536
vt 0.115058 0.139056
vt 0.115702 0.394643
vt 0.115058 0.010536
vt 0.156635 0.409653
vt 0.153969 0.408549
vt 0.151570 0.406946
vt 0.112172 0.010536
vt 0.112172 0.139056
vt 0.109286 0.010536
vt 0.104489 0.395748
vt 0.101823 0.394644
vt 0.146259 0.394123
vt 0.109286 0.139056
vt 0.201632 0.010536
vt 0.201632 0.139056
vt 0.198746 0.010536
vt 0.147926 0.402506
vt 0.146822 0.399840
vt 0.146259 0.397009
vt 0.120142 0.391000
vt 0.155459 0.010536
vt 0.158345 0.139056
vt 0.155459 0.139056
vt 0.152573 0.010536
vt 0.158345 0.010536
vt 0.170248 0.384187
vt 0.162352 0.380917
vt 0.151570 0.384187
vt 0.173891 0.388627
vt 0.174996 0.391293
vt 0.175559 0.394124
vt 0.178545 0.010536
vt 0.181431 0.139056
vt 0.178545 0.139056
vt 0.175660 0.010536
vt 0.181431 0.010536
vt 0.146822 0.391293
vt 0.147926 0.388627
vt 0.149529 0.386228
vt 0.153969 0.382584
vt 0.156636 0.381479
vt 0.159466 0.380917
vt 0.169888 0.010536
vt 0.172774 0.139056
vt 0.169888 0.139056
vt 0.167002 0.139056
vt 0.172774 0.010536
vt 0.167002 0.010536
vt 0.107320 0.367011
vt 0.099424 0.370281
vt 0.164116 0.010536
vt 0.164116 0.139056
vt 0.104489 0.367574
vt 0.161231 0.139056
vt 0.101823 0.368678
vt 0.161231 0.010536
vt 0.165182 0.381480
vt 0.167848 0.382584
vt 0.175660 0.139056
vt 0.113036 0.367574
vt 0.115702 0.368678
vt 0.118101 0.370281
vt 0.120142 0.372322
vt 0.184317 0.139056
vt 0.184317 0.010536
vt 0.187203 0.010536
vt 0.187203 0.139056
vt 0.121745 0.374721
vt 0.146802 0.010536
vt 0.149687 0.139056
vt 0.146802 0.139056
vt 0.149687 0.010536
vt 0.152573 0.139056
vt 0.094676 0.377388
vt 0.095780 0.374722
vt 0.097383 0.372322
vt 0.873163 0.322003
vt 0.854335 0.374407
vt 0.837218 0.329140
vt 0.636028 0.064559
vt 0.627269 0.009568
vt 0.661262 0.023262
vt 0.896348 0.350384
vt 0.599213 0.033145
vt 0.928271 0.314009
vt 0.887329 0.288204
vt 0.954742 0.269726
vt 0.908716 0.244785
vt 0.601623 0.103003
vt 0.564120 0.066478
vt 0.933414 0.203160
vt 0.531725 0.102439
vt 0.564101 0.138412
vt 0.508898 0.131108
vt 0.953996 0.172838
vt 0.977388 0.223371
vt 0.990432 0.176766
vt 0.944907 0.659995
vt 0.877031 0.689534
vt 0.897665 0.639263
vt 0.927881 0.708696
vt 0.990202 0.677041
vt 0.977982 0.723874
vt 0.437948 0.918713
vt 0.372049 0.942022
vt 0.390936 0.897463
vt 0.459133 0.868672
vt 0.414394 0.965464
vt 0.421141 0.195011
vt 0.406647 0.144708
vt 0.453641 0.133127
vt 0.348101 0.178368
vt 0.388893 0.152318
vt 0.415330 0.197502
vt 0.470069 0.178649
vt 0.439609 0.246117
vt 0.369743 0.221656
vt 0.413126 0.315242
vt 0.461019 0.296062
vt 0.390308 0.268971
vt 0.507935 0.274601
vt 0.490156 0.226169
vt 0.476521 0.176413
vt 0.523485 0.164727
vt 0.552960 0.256855
vt 0.540016 0.210217
vt 0.588485 0.190437
vt 0.566994 0.143535
vt 0.590965 0.198191
vt 0.600691 0.248857
vt 0.644562 0.189233
vt 0.637327 0.166620
vt 0.658356 0.095644
vt 0.684702 0.140001
vt 0.698590 0.183409
vt 0.702884 0.234821
vt 0.612099 0.118490
vt 0.651956 0.243069
vt 0.652416 0.261761
vt 0.702747 0.273095
vt 0.691003 0.320044
vt 0.751004 0.229655
vt 0.747265 0.292075
vt 0.727535 0.322957
vt 0.710870 0.371449
vt 0.660667 0.395542
vt 0.680265 0.351291
vt 0.707449 0.407937
vt 0.755720 0.404453
vt 0.744689 0.357331
vt 0.805661 0.391511
vt 0.684502 0.509607
vt 0.726070 0.540164
vt 0.692840 0.583161
vt 0.650829 0.548694
vt 0.647100 0.478894
vt 0.509099 0.661924
vt 0.461578 0.605166
vt 0.513106 0.607731
vt 0.766120 0.572686
vt 0.736785 0.615125
vt 0.455046 0.656343
vt 0.450983 0.707774
vt 0.501948 0.715792
vt 0.444593 0.755746
vt 0.491639 0.767116
vt 0.805271 0.601136
vt 0.781065 0.643049
vt 0.477371 0.817484
vt 0.827382 0.667446
vt 0.428370 0.801342
vt 0.849480 0.620827
vt 0.101504 0.635480
vt 0.161370 0.599397
vt 0.151829 0.646843
vt 0.408497 0.848952
vt 0.195617 0.612443
vt 0.200185 0.648805
vt 0.246553 0.634942
vt 0.138890 0.218919
vt 0.172678 0.263181
vt 0.125369 0.252980
vt 0.225572 0.591331
vt 0.175312 0.214857
vt 0.179795 0.300787
vt 0.245699 0.334497
vt 0.193754 0.350454
vt 0.133526 0.314977
vt 0.228238 0.283038
vt 0.224245 0.264771
vt 0.272034 0.213760
vt 0.275762 0.262012
vt 0.277477 0.267640
vt 0.223651 0.212425
vt 0.068000 0.574133
vt 0.115177 0.584947
vt 0.052316 0.619918
vt 0.031847 0.568132
vt 0.308538 0.216996
vt 0.009568 0.597229
vt 0.363674 0.224786
vt 0.322828 0.250742
vt 0.331618 0.188529
vt 0.296628 0.315546
vt 0.344375 0.294082
vt 0.300533 0.322689
vt 0.369227 0.335615
vt 0.330522 0.364669
vt 0.334333 0.369151
vt 0.389920 0.365861
vt 0.426342 0.361799
vt 0.423708 0.410123
vt 0.376399 0.399923
vt 0.372939 0.398336
vt 0.411646 0.460285
vt 0.361308 0.445911
vt 0.304201 0.411029
vt 0.347945 0.439785
vt 0.319805 0.479164
vt 0.349840 0.492933
vt 0.277704 0.455295
vt 0.395401 0.509252
vt 0.296725 0.507631
vt 0.343336 0.528999
vt 0.372120 0.551680
vt 0.502432 0.449328
vt 0.458561 0.508952
vt 0.448835 0.458285
vt 0.509826 0.503163
vt 0.465125 0.556901
vt 0.513502 0.555383
vt 0.336313 0.584238
vt 0.612643 0.512885
vt 0.577357 0.474215
vt 0.616899 0.441078
vt 0.543465 0.431739
vt 0.554937 0.358608
vt 0.512102 0.387363
vt 0.586910 0.399097
vt 0.441558 0.407210
vt 0.491919 0.396014
vt 0.594589 0.306392
vt 0.614002 0.373542
vt 0.569355 0.347689
vt 0.638301 0.327174
vt 0.595826 0.302792
vt 0.643079 0.313271
vt 0.601309 0.254708
vt 0.560596 0.292698
vt 0.532540 0.316275
vt 0.527022 0.319074
vt 0.484783 0.342707
vt 0.432174 0.359732
vt 0.478415 0.345436
vt 0.212968 0.460293
vt 0.215616 0.390443
vt 0.249890 0.429004
vt 0.260753 0.500626
vt 0.257088 0.355330
vt 0.290980 0.397807
vt 0.292503 0.611484
vt 0.309791 0.543756
vt 0.266755 0.565904
vt 0.177989 0.426840
vt 0.142805 0.362481
vt 0.790404 0.341434
vt 0.700538 0.071919
vt 0.728544 0.111395
vt 0.750895 0.181255
vt 0.472366 0.128195
vt 0.252357 0.846345
vt 0.210279 0.907131
vt 0.246615 0.842550
vt 0.271160 0.142228
vt 0.270199 0.149044
vt 0.221121 0.145557
vt 0.257929 0.850387
vt 0.271160 0.135345
vt 0.221121 0.138673
vt 0.171258 0.842490
vt 0.165611 0.846426
vt 0.176993 0.838919
vt 0.222083 0.152244
vt 0.182706 0.835791
vt 0.223969 0.158478
vt 0.268313 0.155528
vt 0.240821 0.839081
vt 0.235079 0.836015
vt 0.265574 0.161434
vt 0.229476 0.833415
vt 0.262090 0.166533
vt 0.226707 0.164019
vt 0.188304 0.833171
vt 0.193725 0.831109
vt 0.230192 0.168654
vt 0.198944 0.829637
vt 0.257992 0.170630
vt 0.234290 0.172206
vt 0.224069 0.831334
vt 0.218870 0.829808
vt 0.253439 0.173567
vt 0.213846 0.828863
vt 0.248605 0.175231
vt 0.208919 0.828514
vt 0.243677 0.175559
vt 0.238843 0.174537
vt 0.203985 0.828771
vt 0.160172 0.850643
vt 0.222083 0.131858
vt 0.155056 0.855052
vt 0.223969 0.125373
vt 0.270199 0.128658
vt 0.268312 0.122424
vt 0.268107 0.858893
vt 0.263215 0.854594
vt 0.226707 0.119468
vt 0.272515 0.863227
vt 0.265574 0.116883
vt 0.150371 0.859571
vt 0.146206 0.864132
vt 0.230192 0.114369
vt 0.142628 0.868689
vt 0.234289 0.110272
vt 0.262089 0.112247
vt 0.276369 0.867560
vt 0.279630 0.871892
vt 0.257992 0.108696
vt 0.282286 0.876264
vt 0.253438 0.106364
vt 0.243676 0.105671
vt 0.238843 0.107335
vt 0.137347 0.877783
vt 0.135637 0.882417
vt 0.248605 0.105343
vt 0.139672 0.873230
vt 0.134506 0.887226
vt 0.049473 0.133723
vt 0.010418 0.071161
vt 0.055235 0.129959
vt 0.352856 0.119571
vt 0.351910 0.126388
vt 0.303654 0.123014
vt 0.043558 0.137243
vt 0.352856 0.112689
vt 0.303654 0.116131
vt 0.085177 0.061464
vt 0.083840 0.054713
vt 0.086152 0.068145
vt 0.304600 0.129698
vt 0.086737 0.074618
vt 0.306454 0.135928
vt 0.350056 0.132877
vt 0.060720 0.126028
vt 0.065815 0.122000
vt 0.347364 0.138788
vt 0.070424 0.117929
vt 0.343937 0.143895
vt 0.309146 0.141462
vt 0.086910 0.080770
vt 0.086650 0.086522
vt 0.312573 0.146089
vt 0.085936 0.091839
vt 0.339908 0.148000
vt 0.316602 0.149631
vt 0.074476 0.113845
vt 0.077930 0.109746
vt 0.335431 0.150948
vt 0.080777 0.105588
vt 0.330678 0.152623
vt 0.321079 0.151952
vt 0.084743 0.096738
vt 0.083036 0.101287
vt 0.325832 0.152962
vt 0.082173 0.048036
vt 0.304600 0.109315
vt 0.080208 0.041580
vt 0.306454 0.102826
vt 0.351910 0.106004
vt 0.350056 0.099775
vt 0.031752 0.143249
vt 0.037614 0.140442
vt 0.309147 0.096915
vt 0.026064 0.145602
vt 0.347364 0.094241
vt 0.077980 0.035478
vt 0.075515 0.029844
vt 0.312573 0.091808
vt 0.072829 0.024757
vt 0.316602 0.087702
vt 0.343937 0.089613
vt 0.020611 0.147449
vt 0.015407 0.148753
vt 0.339908 0.086071
vt 0.010418 0.149486
vt 0.335431 0.083751
vt 0.321079 0.084755
vt 0.069917 0.020257
vt 0.066749 0.016338
vt 0.325832 0.083080
vt 0.063264 0.012954
vt 0.330678 0.082741
vt 0.059384 0.010029
vt 0.282453 0.945733
vt 0.261017 0.911690
vt 0.266797 0.909212
vt 0.272578 0.906734
vt 0.067615 0.374306
vt 0.063167 0.378753
vt 0.052127 0.384655
vt 0.071109 0.369076
vt 0.265110 0.953168
vt 0.243674 0.919125
vt 0.249455 0.916646
vt 0.255236 0.914168
vt 0.045958 0.385882
vt 0.027689 0.382248
vt 0.057938 0.382248
vt 0.014517 0.338828
vt 0.010883 0.350807
vt 0.226331 0.926559
vt 0.236206 0.965558
vt 0.220550 0.929037
vt 0.022459 0.378753
vt 0.018012 0.374306
vt 0.241987 0.963080
vt 0.247767 0.960602
vt 0.232112 0.924081
vt 0.039668 0.385882
vt 0.033500 0.384655
vt 0.014517 0.369076
vt 0.012110 0.363266
vt 0.366639 0.014517
vt 0.372450 0.012110
vt 0.378618 0.010883
vt 0.191646 0.941427
vt 0.201521 0.980426
vt 0.185865 0.943905
vt 0.012110 0.344638
vt 0.207301 0.977948
vt 0.197427 0.938949
vt 0.010883 0.357097
vt 0.213082 0.975470
vt 0.349833 0.045958
vt 0.349833 0.039668
vt 0.356962 0.022459
vt 0.351060 0.033500
vt 0.353467 0.027689
vt 0.218863 0.972992
vt 0.203208 0.936471
vt 0.208989 0.933993
vt 0.224644 0.970514
vt 0.406564 0.063167
vt 0.361409 0.067615
vt 0.402117 0.018012
vt 0.353467 0.057938
vt 0.214770 0.931515
vt 0.230425 0.968036
vt 0.361409 0.018012
vt 0.406565 0.022459
vt 0.410059 0.027689
vt 0.412466 0.033500
vt 0.276672 0.948211
vt 0.270891 0.950689
vt 0.413693 0.039668
vt 0.396888 0.014517
vt 0.278359 0.904256
vt 0.294015 0.940777
vt 0.288234 0.943255
vt 0.299795 0.938299
vt 0.413693 0.045958
vt 0.284140 0.901778
vt 0.289921 0.899300
vt 0.305576 0.935821
vt 0.412466 0.052127
vt 0.295702 0.896822
vt 0.311357 0.933343
vt 0.410059 0.057938
vt 0.317138 0.930865
vt 0.073516 0.344638
vt 0.074743 0.350807
vt 0.074743 0.357097
vt 0.301483 0.894344
vt 0.071109 0.338827
vt 0.057938 0.325656
vt 0.318825 0.886910
vt 0.328700 0.925909
vt 0.313044 0.889388
vt 0.063167 0.329150
vt 0.067615 0.333598
vt 0.334481 0.923431
vt 0.324606 0.884432
vt 0.052127 0.323249
vt 0.033500 0.323249
vt 0.322919 0.928387
vt 0.307264 0.891866
vt 0.402117 0.067615
vt 0.396888 0.071109
vt 0.341949 0.876998
vt 0.351823 0.915997
vt 0.336168 0.879476
vt 0.039668 0.322022
vt 0.045958 0.322022
vt 0.357604 0.913519
vt 0.363385 0.911041
vt 0.347730 0.874519
vt 0.022459 0.329150
vt 0.027689 0.325656
vt 0.372449 0.073516
vt 0.366639 0.071109
vt 0.384908 0.074743
vt 0.391077 0.073516
vt 0.340261 0.920953
vt 0.378618 0.074743
vt 0.346042 0.918475
vt 0.330387 0.881954
vt 0.168523 0.951339
vt 0.178397 0.990338
vt 0.162742 0.953817
vt 0.184178 0.987860
vt 0.189959 0.985382
vt 0.174303 0.948861
vt 0.018012 0.333598
vt 0.356962 0.063167
vt 0.180084 0.946383
vt 0.073516 0.363265
vt 0.195740 0.982904
vt 0.351060 0.052127
vt 0.237893 0.921603
vt 0.253548 0.958124
vt 0.259329 0.955646
vt 0.384908 0.010883
vt 0.391077 0.012110
s 1
usemtl マテリアル.001
f 2/1/1 3/2/2 1/3/3
f 4/4/4 2/1/1 1/3/3
f 1/5/3 3/6/2 6/7/5
f 4/4/4 1/3/3 5/8/6
f 5/9/6 1/5/3 6/7/5
f 6/10/5 8/11/7 7/12/8
f 6/7/5 7/13/8 11/14/9
f 6/10/5 10/15/10 8/11/7
f 9/16/11 10/15/10 6/10/5
f 3/6/2 9/17/11 6/7/5
f 5/9/6 6/7/5 13/18/12
f 11/14/9 12/19/13 6/7/5
f 12/19/13 13/18/12 6/7/5
f 14/20/14 15/21/15 13/22/12
f 16/23/16 14/20/14 13/22/12
f 13/18/12 15/24/15 17/25/17
f 16/23/16 13/22/12 12/26/13
f 13/18/12 17/25/17 18/27/18
f 13/18/12 18/27/18 5/9/6
f 18/28/18 20/29/19 19/30/20
f 18/27/18 19/31/20 23/32/21
f 18/28/18 22/33/22 20/29/19
f 21/34/23 22/33/22 18/28/18
f 17/25/17 21/35/23 18/27/18
f 23/32/21 24/36/24 18/27/18
f 24/36/24 25/37/25 18/27/18
f 18/27/18 25/37/25 5/9/6
f 25/37/25 26/38/26 5/9/6
f 32/39/27 26/38/26 25/37/25
f 25/40/25 28/41/28 27/42/29
f 25/37/25 27/43/29 30/44/30
f 25/40/25 33/45/31 28/41/28
f 29/46/32 25/40/25 24/47/24
f 29/46/32 33/45/31 25/40/25
f 25/37/25 30/44/30 31/48/33
f 31/48/33 32/39/27 25/37/25
f 28/49/28 33/50/31 29/51/32
f 32/52/27 35/53/34 34/54/35
f 32/39/27 34/55/35 26/38/26
f 32/52/27 38/56/36 35/53/34
f 36/57/37 32/52/27 37/58/38
f 36/57/37 38/56/36 32/52/27
f 31/48/33 37/59/38 32/39/27
f 35/60/34 38/61/36 36/62/37
f 39/63/39 36/57/37 37/58/38
f 39/63/39 37/58/38 31/64/33
f 40/65/40 39/63/39 31/64/33
f 36/62/37 39/66/39 35/60/34
f 39/66/39 40/67/40 35/60/34
f 41/68/41 40/67/40 42/69/42
f 41/68/41 35/60/34 40/67/40
f 40/67/40 29/51/32 42/69/42
f 40/65/40 31/64/33 43/70/43
f 30/71/30 40/65/40 43/70/43
f 30/71/30 44/72/44 40/65/40
f 40/67/40 44/73/44 29/51/32
f 44/73/44 28/49/28 29/51/32
f 28/41/28 44/72/44 30/71/30
f 30/44/30 43/74/43 31/48/33
f 48/75/45 41/68/41 42/69/42
f 29/51/32 45/76/46 42/69/42
f 45/76/46 20/77/19 42/69/42
f 20/77/19 22/78/22 42/69/42
f 21/34/23 42/79/42 22/33/22
f 42/69/42 47/80/47 46/81/48
f 46/81/48 14/82/14 42/69/42
f 47/83/47 42/79/42 21/34/23
f 14/82/14 16/84/16 42/69/42
f 16/84/16 8/85/7 42/69/42
f 8/85/7 48/75/45 42/69/42
f 3/2/2 48/86/45 9/16/11
f 3/2/2 49/87/49 48/86/45
f 9/16/11 48/86/45 10/15/10
f 48/75/45 49/88/49 2/89/1
f 2/89/1 4/90/4 48/75/45
f 4/90/4 50/91/50 48/75/45
f 50/91/50 51/92/51 48/75/45
f 8/85/7 10/93/10 48/75/45
f 51/92/51 41/68/41 48/75/45
f 51/94/51 53/95/52 52/96/53
f 54/97/54 51/94/51 52/96/53
f 51/94/51 55/98/55 53/95/52
f 54/97/54 56/99/56 51/94/51
f 50/91/50 55/100/55 51/92/51
f 51/92/51 56/101/56 41/68/41
f 57/102/57 56/99/56 54/97/54
f 57/102/57 41/103/41 56/99/56
f 57/104/57 54/105/54 26/38/26
f 58/106/58 57/102/57 59/107/59
f 58/106/58 41/103/41 57/102/57
f 59/108/59 57/104/57 26/38/26
f 60/109/60 58/110/58 59/111/59
f 60/109/60 59/111/59 61/112/61
f 26/38/26 61/113/61 59/108/59
f 62/114/62 60/109/60 61/112/61
f 62/114/62 61/112/61 26/115/26
f 35/53/34 62/114/62 26/115/26
f 60/116/60 62/117/62 35/60/34
f 41/68/41 58/118/58 60/116/60
f 41/68/41 60/116/60 35/60/34
f 55/98/55 63/119/63 53/95/52
f 55/98/55 50/120/50 63/119/63
f 63/119/63 4/4/4 5/8/6
f 53/121/52 63/122/63 5/9/6
f 63/119/63 50/120/50 4/4/4
f 54/105/54 52/123/53 5/9/6
f 26/38/26 54/105/54 5/9/6
f 52/123/53 53/121/52 5/9/6
f 2/1/1 49/87/49 3/2/2
f 47/83/47 21/34/23 17/124/17
f 46/125/48 47/83/47 17/124/17
f 46/125/48 17/124/17 15/21/15
f 14/20/14 46/125/48 15/21/15
f 45/126/46 24/47/24 23/127/21
f 20/29/19 45/126/46 23/127/21
f 45/126/46 29/46/32 24/47/24
f 35/53/34 26/115/26 34/54/35
f 28/41/28 30/71/30 27/42/29
f 20/29/19 23/127/21 19/30/20
f 11/128/9 16/23/16 12/26/13
f 11/128/9 64/129/64 16/23/16
f 16/84/16 64/130/64 8/85/7
f 8/11/7 64/129/64 11/128/9
f 8/11/7 11/128/9 7/12/8
f 65/131/65 67/132/66 66/133/67
f 69/134/68 65/135/65 66/136/67
f 65/131/65 70/137/69 67/132/66
f 68/138/70 65/139/65 69/140/68
f 68/138/70 70/141/69 65/139/65
f 71/142/71 67/143/66 70/144/69
f 70/144/69 68/145/70 71/142/71
f 72/146/72 71/142/71 73/147/73
f 72/146/72 77/148/74 71/142/71
f 71/142/71 76/149/75 73/147/73
f 71/150/71 75/151/76 74/152/77
f 67/132/66 71/150/71 74/152/77
f 71/150/71 78/153/78 75/151/76
f 68/145/70 76/149/75 71/142/71
f 77/148/74 78/154/78 71/142/71
f 78/153/78 79/155/79 75/151/76
f 78/153/78 77/156/74 79/155/79
f 77/156/74 80/157/80 79/155/79
f 75/158/76 79/159/79 80/160/80
f 80/157/80 72/161/72 81/162/81
f 80/160/80 81/163/81 82/164/82
f 80/157/80 83/165/83 72/161/72
f 77/156/74 83/165/83 80/157/80
f 75/158/76 80/160/80 69/134/68
f 80/160/80 82/164/82 69/134/68
f 72/146/72 83/166/83 77/148/74
f 84/167/84 85/168/85 82/169/82
f 72/161/72 84/167/84 82/169/82
f 82/164/82 85/170/85 86/171/86
f 72/161/72 82/169/82 81/162/81
f 86/171/86 87/172/87 82/164/82
f 87/172/87 88/173/88 82/164/82
f 82/164/82 88/173/88 69/134/68
f 88/174/88 90/175/89 89/176/90
f 88/173/88 89/177/90 92/178/91
f 88/174/88 91/179/92 90/175/89
f 87/180/87 91/179/92 88/174/88
f 88/173/88 92/178/91 69/134/68
f 92/178/91 93/181/93 69/134/68
f 92/178/91 99/182/94 93/181/93
f 94/183/95 95/184/96 92/185/91
f 96/186/97 94/183/95 92/185/91
f 92/178/91 95/187/96 99/182/94
f 96/186/97 92/185/91 97/188/98
f 98/189/99 97/190/98 92/178/91
f 89/177/90 98/189/99 92/178/91
f 99/191/94 101/192/100 100/193/101
f 99/182/94 100/194/101 93/181/93
f 99/191/94 104/195/102 101/192/100
f 73/196/73 99/191/94 102/197/103
f 73/196/73 104/195/102 99/191/94
f 103/198/104 102/199/103 99/182/94
f 95/187/96 103/198/104 99/182/94
f 101/200/100 104/201/102 105/202/105
f 104/201/102 73/147/73 105/202/105
f 105/203/105 93/204/93 106/205/106
f 107/206/107 105/203/105 106/205/106
f 105/203/105 111/207/108 93/204/93
f 107/206/107 112/208/109 105/203/105
f 108/209/110 109/210/111 105/202/105
f 108/209/110 105/202/105 73/147/73
f 109/210/111 110/211/112 105/202/105
f 110/211/112 111/212/108 105/202/105
f 105/202/105 112/213/109 101/200/100
f 101/192/100 112/208/109 107/206/107
f 111/207/108 113/214/113 93/204/93
f 111/207/108 110/215/112 113/214/113
f 113/214/113 109/216/111 114/217/114
f 93/181/93 113/218/113 114/219/114
f 113/214/113 110/215/112 109/216/111
f 114/217/114 108/220/110 115/221/115
f 114/219/114 115/222/115 116/223/116
f 114/217/114 109/216/111 108/220/110
f 93/181/93 114/219/114 116/223/116
f 117/224/117 118/225/118 116/226/116
f 108/220/110 117/224/117 116/226/116
f 116/223/116 118/227/118 69/134/68
f 108/220/110 116/226/116 115/221/115
f 93/181/93 116/223/116 69/134/68
f 118/225/118 120/228/119 119/229/120
f 118/227/118 119/230/120 69/134/68
f 118/225/118 121/231/121 120/228/119
f 117/224/117 121/231/121 118/225/118
f 76/149/75 120/232/119 121/233/121
f 76/149/75 121/233/121 108/209/110
f 121/233/121 117/234/117 108/209/110
f 120/228/119 122/235/122 119/229/120
f 120/228/119 76/236/75 122/235/122
f 122/235/122 68/138/70 69/140/68
f 119/230/120 122/237/122 69/134/68
f 122/235/122 76/236/75 68/138/70
f 76/149/75 108/209/110 73/147/73
f 107/238/107 106/239/106 93/181/93
f 101/192/100 107/206/107 100/193/101
f 100/194/101 107/238/107 93/181/93
f 103/240/104 73/196/73 102/197/103
f 103/240/104 123/241/123 73/196/73
f 95/184/96 123/241/123 103/240/104
f 95/184/96 124/242/124 123/241/123
f 73/147/73 123/243/123 96/244/97
f 123/243/123 124/245/124 96/244/97
f 124/245/124 94/246/95 96/244/97
f 94/183/95 124/242/124 95/184/96
f 98/247/99 96/186/97 97/188/98
f 98/247/99 125/248/125 96/186/97
f 90/175/89 98/247/99 89/176/90
f 90/175/89 125/248/125 98/247/99
f 96/244/97 125/249/125 90/250/89
f 73/147/73 96/244/97 126/251/126
f 96/244/97 90/250/89 126/251/126
f 90/250/89 91/252/92 126/251/126
f 87/180/87 126/253/126 91/179/92
f 126/251/126 127/254/127 72/146/72
f 126/251/126 72/146/72 73/147/73
f 127/255/127 126/253/126 87/180/87
f 127/255/127 87/180/87 86/256/86
f 85/168/85 127/255/127 86/256/86
f 85/168/85 128/257/128 127/255/127
f 127/254/127 128/258/128 72/146/72
f 128/258/128 84/259/84 72/146/72
f 84/167/84 128/257/128 85/168/85
f 66/136/67 74/260/77 75/158/76
f 69/134/68 66/136/67 75/158/76
f 67/132/66 74/152/77 66/133/67
f 130/261/129 131/262/130 129/263/131
f 132/264/132 130/261/129 129/263/131
f 133/265/133 129/266/131 131/267/130
f 132/264/132 129/263/131 133/268/133
f 134/269/134 135/270/135 133/265/133
f 141/271/136 134/269/134 133/265/133
f 138/272/137 133/265/133 135/270/135
f 136/273/138 132/264/132 133/268/133
f 136/273/138 133/268/133 137/274/139
f 138/272/137 137/275/139 133/265/133
f 133/265/133 131/267/130 139/276/140
f 133/265/133 139/276/140 140/277/141
f 140/277/141 141/271/136 133/265/133
f 142/278/142 143/279/143 141/280/136
f 144/281/144 142/278/142 141/280/136
f 141/271/136 143/282/143 145/283/145
f 144/284/144 141/271/136 140/277/141
f 141/271/136 145/283/145 134/269/134
f 145/285/145 147/286/146 146/287/147
f 145/283/145 146/288/147 134/269/134
f 145/285/145 148/289/148 147/286/146
f 143/279/143 148/289/148 145/285/145
f 143/279/143 150/290/149 148/289/148
f 147/291/146 148/292/148 149/293/150
f 148/292/148 150/294/149 149/293/150
f 150/294/149 142/295/142 149/293/150
f 142/278/142 150/290/149 143/279/143
f 151/296/151 149/293/150 152/297/152
f 151/296/151 147/291/146 149/293/150
f 149/293/150 153/298/153 152/297/152
f 144/281/144 149/299/150 142/278/142
f 149/293/150 154/300/154 153/298/153
f 154/301/154 149/299/150 144/281/144
f 154/301/154 144/281/144 155/302/155
f 156/303/156 154/301/154 155/302/155
f 156/303/156 157/304/157 154/301/154
f 154/300/154 157/305/157 153/298/153
f 157/305/157 158/306/158 153/298/153
f 158/307/158 157/304/157 156/303/156
f 158/307/158 156/303/156 140/308/141
f 159/309/159 158/307/158 140/308/141
f 159/309/159 153/310/153 158/307/158
f 160/311/160 159/312/159 140/277/141
f 160/313/160 153/310/153 159/309/159
f 160/313/160 162/314/161 153/310/153
f 161/315/162 162/314/161 160/313/160
f 161/316/162 160/311/160 140/277/141
f 161/315/162 163/317/163 162/314/161
f 153/298/153 162/318/161 163/319/163
f 163/319/163 164/320/164 153/298/153
f 164/321/164 163/317/163 161/315/162
f 164/321/164 161/315/162 139/322/140
f 152/323/152 164/321/164 139/322/140
f 164/320/164 152/297/152 153/298/153
f 139/276/140 161/316/162 140/277/141
f 140/277/141 156/324/156 155/325/155
f 155/325/155 144/284/144 140/277/141
f 152/297/152 136/326/138 151/296/151
f 152/323/152 139/322/140 165/327/165
f 131/262/130 152/328/152 165/329/165
f 131/262/130 166/330/166 152/328/152
f 152/297/152 166/331/166 130/332/129
f 130/332/129 132/333/132 152/297/152
f 132/333/132 136/326/138 152/297/152
f 130/261/129 166/330/166 131/262/130
f 131/267/130 165/334/165 139/276/140
f 151/335/151 168/336/167 167/337/168
f 172/338/169 151/335/151 167/337/168
f 151/335/151 169/339/170 168/336/167
f 169/340/170 151/296/151 170/341/171
f 174/342/172 170/341/171 151/296/151
f 151/296/151 172/343/169 171/344/173
f 171/344/173 173/345/174 151/296/151
f 173/345/174 147/291/146 151/296/151
f 136/326/138 174/342/172 151/296/151
f 174/346/172 176/347/175 175/348/176
f 181/349/177 174/346/172 175/348/176
f 174/346/172 179/350/178 176/347/175
f 136/326/138 177/351/179 174/342/172
f 177/351/179 178/352/180 174/342/172
f 178/352/180 179/353/178 174/342/172
f 174/342/172 181/354/177 180/355/181
f 180/355/181 182/356/182 174/342/172
f 182/356/182 170/341/171 174/342/172
f 182/357/182 183/358/183 135/359/135
f 184/360/184 182/357/182 135/359/135
f 182/357/182 180/361/181 183/358/183
f 184/360/184 170/362/171 182/357/182
f 184/363/184 135/270/135 168/364/167
f 185/365/185 184/360/184 186/366/186
f 185/365/185 170/362/171 184/360/184
f 186/367/186 184/363/184 168/364/167
f 187/368/187 185/365/185 186/366/186
f 168/364/167 187/369/187 186/367/186
f 187/368/187 188/370/188 185/365/185
f 169/339/170 187/368/187 168/336/167
f 169/339/170 188/370/188 187/368/187
f 170/341/171 185/371/185 188/372/188
f 188/372/188 169/340/170 170/341/171
f 180/361/181 189/373/189 183/358/183
f 135/270/135 183/374/183 189/375/189
f 181/349/177 175/348/176 189/373/189
f 180/361/181 181/349/177 189/373/189
f 189/375/189 175/376/176 176/377/175
f 135/270/135 189/375/189 176/377/175
f 179/350/178 190/378/190 176/347/175
f 179/350/178 178/379/180 190/378/190
f 190/378/190 177/380/179 138/381/137
f 176/377/175 190/382/190 138/272/137
f 190/378/190 178/379/180 177/380/179
f 138/381/137 177/380/179 136/273/138
f 176/377/175 138/272/137 135/270/135
f 173/383/174 191/384/191 134/385/134
f 146/287/147 173/383/174 134/385/134
f 173/383/174 171/386/173 191/384/191
f 146/287/147 147/286/146 173/383/174
f 191/384/191 172/338/169 192/387/192
f 134/269/134 191/388/191 192/389/192
f 191/384/191 171/386/173 172/338/169
f 172/338/169 167/337/168 192/387/192
f 192/389/192 167/390/168 168/364/167
f 134/269/134 192/389/192 135/270/135
f 192/389/192 168/364/167 135/270/135
f 138/381/137 136/273/138 137/274/139
f 193/391/193 195/392/194 194/393/195
f 196/394/196 193/395/193 194/396/195
f 193/391/193 197/397/197 195/392/194
f 196/394/196 199/398/198 193/395/193
f 193/391/193 198/399/199 197/397/197
f 193/391/193 199/400/198 198/399/199
f 199/400/198 200/401/200 198/399/199
f 199/400/198 202/402/201 200/401/200
f 201/403/202 199/398/198 196/394/196
f 201/403/202 202/404/201 199/398/198
f 203/405/203 200/401/200 202/402/201
f 203/406/203 202/404/201 201/403/202
f 203/406/203 201/403/202 204/407/204
f 205/408/205 203/406/203 204/407/204
f 205/409/205 206/410/206 203/405/203
f 203/405/203 206/410/206 200/401/200
f 205/409/205 208/411/207 206/410/206
f 206/412/206 207/413/208 200/414/200
f 206/412/206 209/415/209 207/413/208
f 208/416/207 209/415/209 206/412/206
f 208/416/207 212/417/210 209/415/209
f 209/418/209 211/419/211 210/420/212
f 207/421/208 209/418/209 210/420/212
f 209/418/209 212/422/210 211/419/211
f 213/423/213 212/424/210 208/425/207
f 211/426/211 212/427/210 213/428/213
f 213/423/213 208/425/207 214/429/214
f 216/430/215 213/423/213 214/429/214
f 211/426/211 213/428/213 215/431/216
f 215/431/216 213/428/213 216/430/215
f 217/432/217 216/430/215 218/433/218
f 217/432/217 219/434/219 216/430/215
f 216/430/215 220/435/220 218/433/218
f 215/431/216 216/430/215 219/434/219
f 216/430/215 221/436/221 220/435/220
f 216/430/215 214/429/214 221/436/221
f 221/436/221 214/437/214 224/438/222
f 221/436/221 222/439/223 220/435/220
f 221/436/221 223/440/224 222/439/223
f 221/436/221 224/438/222 223/440/224
f 224/438/222 225/441/225 223/440/224
f 224/438/222 204/442/204 225/441/225
f 205/408/205 204/407/204 224/438/222
f 214/437/214 205/408/205 224/438/222
f 222/439/223 223/440/224 225/443/225
f 222/439/223 225/443/225 226/444/226
f 226/444/226 225/443/225 227/445/227
f 204/442/204 227/446/227 225/441/225
f 227/446/227 196/447/196 228/448/228
f 227/445/227 228/449/228 230/450/229
f 227/446/227 201/451/202 196/447/196
f 227/445/227 230/450/229 229/452/230
f 226/444/226 227/445/227 229/452/230
f 204/442/204 201/451/202 227/446/227
f 229/453/230 230/454/229 232/455/231
f 228/449/228 231/456/232 230/450/229
f 230/454/229 231/457/232 233/458/233
f 230/454/229 233/458/233 232/455/231
f 233/459/233 234/460/234 232/461/231
f 233/459/233 235/462/235 234/460/234
f 233/459/233 236/463/236 235/462/235
f 233/459/233 231/464/232 236/463/236
f 231/464/232 237/465/237 236/463/236
f 236/466/236 237/467/237 239/468/238
f 236/466/236 239/468/238 238/469/239
f 235/470/235 236/466/236 238/469/239
f 239/471/238 240/472/240 238/473/239
f 195/474/194 239/468/238 237/467/237
f 195/474/194 243/475/241 239/468/238
f 239/471/238 241/476/242 240/472/240
f 239/471/238 242/477/243 241/476/242
f 239/471/238 243/478/241 242/477/243
f 243/478/241 244/479/244 242/477/243
f 243/478/241 245/480/245 244/479/244
f 197/481/197 243/475/241 195/474/194
f 197/481/197 245/482/245 243/475/241
f 246/483/246 244/479/244 245/480/245
f 197/481/197 246/484/246 245/482/245
f 207/421/208 247/485/247 246/483/246
f 198/486/199 207/413/208 246/484/246
f 246/483/246 247/485/247 244/479/244
f 197/481/197 198/486/199 246/484/246
f 248/487/248 249/488/249 247/489/247
f 207/421/208 248/490/248 247/485/247
f 247/489/247 249/488/249 250/491/250
f 247/489/247 250/491/250 244/492/244
f 242/493/243 244/492/244 250/491/250
f 250/494/250 252/495/251 251/496/252
f 242/493/243 250/491/250 251/497/252
f 250/494/250 249/498/249 252/495/251
f 252/499/251 254/500/253 253/501/254
f 251/502/252 252/499/251 253/501/254
f 252/499/251 255/503/255 254/500/253
f 249/498/249 255/504/255 252/495/251
f 255/504/255 257/505/256 256/506/257
f 254/500/253 255/503/255 256/507/257
f 255/504/255 258/508/258 257/505/256
f 249/498/249 258/508/258 255/504/255
f 248/487/248 257/509/256 258/510/258
f 248/487/248 258/510/258 249/488/249
f 210/511/212 259/512/259 257/509/256
f 248/487/248 210/511/212 257/509/256
f 256/506/257 257/505/256 259/513/259
f 210/511/212 211/514/211 259/512/259
f 259/513/259 215/515/216 260/516/260
f 256/506/257 259/513/259 260/516/260
f 259/513/259 211/517/211 215/515/216
f 261/518/261 260/516/260 262/519/262
f 261/518/261 256/507/257 260/516/260
f 260/516/260 219/434/219 262/519/262
f 260/516/260 215/515/216 219/434/219
f 261/520/261 262/519/262 263/521/263
f 263/521/263 262/519/262 219/434/219
f 261/520/261 263/521/263 264/522/264
f 264/523/264 263/521/263 265/524/265
f 263/521/263 219/434/219 217/432/217
f 265/524/265 263/521/263 217/432/217
f 265/524/265 217/432/217 266/525/266
f 267/526/267 265/524/265 266/525/266
f 267/526/267 268/527/268 265/524/265
f 264/523/264 265/524/265 268/528/268
f 269/529/269 268/527/268 267/526/267
f 269/529/269 271/530/270 268/527/268
f 270/531/271 264/523/264 268/528/268
f 270/531/271 268/528/268 271/532/270
f 272/533/272 270/531/271 271/532/270
f 269/529/269 272/534/272 271/530/270
f 272/533/272 274/535/273 270/531/271
f 269/529/269 275/536/274 272/534/272
f 273/537/275 274/535/273 272/533/272
f 275/536/274 273/538/275 272/534/272
f 275/536/274 278/539/276 273/538/275
f 276/540/277 275/541/274 269/542/269
f 276/540/277 277/543/278 275/541/274
f 277/543/278 278/544/276 275/541/274
f 277/543/278 279/545/279 278/544/276
f 240/546/240 273/538/275 278/539/276
f 238/473/239 240/472/240 278/544/276
f 238/473/239 278/544/276 279/545/279
f 235/470/235 238/469/239 279/547/279
f 235/470/235 279/547/279 277/548/278
f 235/470/235 277/548/278 234/549/234
f 234/549/234 277/548/278 276/550/277
f 280/551/280 276/550/277 281/552/281
f 280/551/280 282/553/282 276/550/277
f 276/540/277 267/554/267 281/555/281
f 276/540/277 269/542/269 267/554/267
f 234/549/234 276/550/277 282/553/282
f 283/556/283 282/557/282 280/558/280
f 283/556/283 284/559/284 282/557/282
f 232/461/231 234/460/234 282/557/282
f 232/461/231 282/557/282 284/559/284
f 283/560/283 229/453/230 284/561/284
f 229/453/230 232/455/231 284/561/284
f 283/560/283 226/562/226 229/453/230
f 285/563/285 226/562/226 283/560/283
f 285/563/285 283/556/283 280/558/280
f 285/563/285 222/439/223 226/562/226
f 285/563/285 280/558/280 286/564/286
f 220/435/220 285/563/285 286/564/286
f 220/435/220 222/439/223 285/563/285
f 286/565/286 280/551/280 281/552/281
f 286/565/286 281/552/281 287/566/287
f 218/433/218 286/565/286 287/566/287
f 218/433/218 220/435/220 286/565/286
f 281/555/281 266/567/266 287/568/287
f 266/567/266 218/433/218 287/568/287
f 281/555/281 267/554/267 266/567/266
f 288/569/288 253/570/254 274/571/273
f 273/537/275 288/572/288 274/535/273
f 274/571/273 253/570/254 254/573/253
f 274/571/273 254/573/253 270/574/271
f 241/575/242 288/576/288 240/546/240
f 241/575/242 289/577/289 288/576/288
f 240/546/240 288/576/288 273/538/275
f 288/569/288 289/578/289 253/570/254
f 241/575/242 251/497/252 289/577/289
f 251/502/252 253/501/254 289/579/289
f 254/573/253 264/522/264 270/574/271
f 266/567/266 217/432/217 218/433/218
f 254/573/253 261/520/261 264/522/264
f 254/500/253 256/507/257 261/518/261
f 241/575/242 242/493/243 251/497/252
f 207/421/208 210/420/212 248/490/248
f 194/393/195 237/465/237 290/580/290
f 194/393/195 195/392/194 237/465/237
f 231/464/232 290/580/290 237/465/237
f 228/448/228 194/581/195 290/582/290
f 228/449/228 290/583/290 231/456/232
f 228/448/228 196/447/196 194/581/195
f 214/437/214 208/584/207 205/408/205
f 198/486/199 200/414/200 207/413/208
f 291/585/291 293/586/292 292/587/293
f 291/588/291 292/589/293 296/590/294
f 294/591/295 293/586/292 291/585/291
f 294/592/295 291/588/291 295/593/296
f 296/590/294 295/593/296 291/588/291
f 296/594/294 293/586/292 295/595/296
f 297/596/297 293/586/292 296/594/294
f 292/589/293 297/597/297 296/590/294
f 298/598/298 293/586/292 297/596/297
f 298/599/298 297/597/297 299/600/299
f 292/589/293 299/600/299 297/597/297
f 299/601/299 293/586/292 300/602/300
f 299/600/299 300/603/300 298/599/298
f 292/587/293 293/586/292 299/601/299
f 300/602/300 293/586/292 301/604/301
f 300/603/300 301/605/301 302/606/302
f 302/606/302 298/599/298 300/603/300
f 302/607/302 293/586/292 298/598/298
f 303/608/303 293/586/292 302/607/302
f 303/609/303 302/606/302 301/605/301
f 304/610/304 293/586/292 303/608/303
f 305/611/305 304/612/304 303/609/303
f 301/605/301 305/611/305 303/609/303
f 305/613/305 293/586/292 306/614/306
f 305/611/305 306/615/306 304/612/304
f 301/604/301 293/586/292 305/613/305
f 306/614/306 293/586/292 307/616/307
f 306/615/306 307/617/307 304/612/304
f 307/616/307 293/586/292 308/618/308
f 307/617/307 308/619/308 309/620/309
f 309/620/309 304/612/304 307/617/307
f 309/621/309 293/586/292 304/610/304
f 308/618/308 293/586/292 309/621/309
f 295/595/296 293/586/292 310/622/310
f 295/593/296 310/623/310 294/592/295
f 310/622/310 293/586/292 311/624/311
f 310/623/310 311/625/311 312/626/312
f 310/623/310 312/626/312 294/592/295
f 313/627/313 312/626/312 311/625/311
f 313/628/313 293/586/292 312/629/312
f 312/629/312 293/586/292 294/591/295
f 311/625/311 315/630/314 313/627/313
f 314/631/315 293/586/292 313/628/313
f 314/632/315 313/627/313 315/630/314
f 315/633/314 293/586/292 316/634/316
f 315/630/314 316/635/316 314/632/315
f 311/624/311 293/586/292 315/633/314
f 316/634/316 293/586/292 317/636/317
f 316/635/316 317/637/317 318/638/318
f 318/638/318 314/632/315 316/635/316
f 318/639/318 293/586/292 314/631/315
f 319/640/319 293/586/292 318/639/318
f 317/637/317 319/641/319 318/638/318
f 320/642/320 293/586/292 319/640/319
f 320/643/320 319/641/319 322/644/321
f 317/637/317 321/645/322 319/641/319
f 321/645/322 322/644/321 319/641/319
f 322/646/321 293/586/292 323/647/323
f 322/644/321 323/648/323 320/643/320
f 321/649/322 293/586/292 322/646/321
f 323/647/323 293/586/292 320/650/320
f 317/636/317 293/586/292 321/649/322
f 324/651/324 326/652/325 325/653/326
f 324/654/324 325/655/326 329/656/327
f 327/657/328 326/652/325 324/651/324
f 327/658/328 324/654/324 328/659/329
f 329/656/327 328/659/329 324/654/324
f 329/660/327 326/652/325 328/661/329
f 330/662/330 326/652/325 329/660/327
f 325/655/326 330/663/330 329/656/327
f 331/664/331 326/652/325 330/662/330
f 331/665/331 330/663/330 332/666/332
f 325/655/326 332/666/332 330/663/330
f 332/667/332 326/652/325 333/668/333
f 332/666/332 333/669/333 331/665/331
f 325/653/326 326/652/325 332/667/332
f 333/668/333 326/652/325 334/670/334
f 333/669/333 334/671/334 335/672/335
f 335/672/335 331/665/331 333/669/333
f 335/673/335 326/652/325 331/664/331
f 336/674/336 326/652/325 335/673/335
f 336/675/336 335/672/335 334/671/334
f 337/676/337 326/652/325 336/674/336
f 338/677/338 337/678/337 336/675/336
f 334/671/334 338/677/338 336/675/336
f 338/679/338 326/652/325 339/680/339
f 338/677/338 339/681/339 337/678/337
f 334/670/334 326/652/325 338/679/338
f 339/680/339 326/652/325 340/682/340
f 339/681/339 340/683/340 341/684/341
f 341/684/341 337/678/337 339/681/339
f 341/685/341 326/652/325 337/676/337
f 342/686/342 326/652/325 341/685/341
f 340/683/340 342/687/342 341/684/341
f 340/682/340 326/652/325 342/686/342
f 328/661/329 326/652/325 343/688/343
f 328/659/329 343/689/343 327/658/328
f 343/688/343 326/652/325 344/690/344
f 343/689/343 344/691/344 345/692/345
f 343/689/343 345/692/345 327/658/328
f 346/693/346 345/692/345 344/691/344
f 346/694/346 326/652/325 345/695/345
f 345/695/345 326/652/325 327/657/328
f 344/691/344 348/696/347 346/693/346
f 347/697/348 326/652/325 346/694/346
f 347/698/348 346/693/346 348/696/347
f 348/699/347 326/652/325 349/700/349
f 348/696/347 349/701/349 347/698/348
f 344/690/344 326/652/325 348/699/347
f 349/700/349 326/652/325 350/702/350
f 349/701/349 350/703/350 351/704/351
f 351/704/351 347/698/348 349/701/349
f 351/705/351 326/652/325 347/697/348
f 352/706/352 326/652/325 351/705/351
f 350/703/350 352/707/352 351/704/351
f 353/708/353 326/652/325 352/706/352
f 353/709/353 352/707/352 354/710/354
f 350/703/350 354/710/354 352/707/352
f 354/711/354 326/652/325 355/712/355
f 354/710/354 355/713/355 353/709/353
f 350/702/350 326/652/325 354/711/354
f 355/712/355 326/652/325 356/714/356
f 355/713/355 356/715/356 353/709/353
f 356/714/356 326/652/325 353/716/353
f 358/717/357 359/718/358 357/719/96
f 360/720/359 358/717/357 357/719/96
f 357/721/96 359/722/358 361/723/94
f 360/724/359 357/721/96 361/723/94
f 362/725/102 363/726/101 361/727/94
f 364/728/103 362/725/102 361/727/94
f 361/723/94 363/729/101 365/730/93
f 359/722/358 364/731/103 361/723/94
f 360/724/359 361/723/94 365/730/93
f 360/724/359 365/730/93 366/732/360
f 375/733/361 366/732/360 365/730/93
f 365/734/93 368/735/112 367/736/113
f 365/730/93 367/737/113 372/738/114
f 365/734/93 376/739/108 368/735/112
f 369/740/105 365/734/93 370/741/106
f 369/740/105 376/739/108 365/734/93
f 371/742/362 370/743/106 365/730/93
f 363/729/101 371/742/362 365/730/93
f 372/738/114 373/744/115 365/730/93
f 373/744/115 374/745/116 365/730/93
f 374/745/116 375/733/361 365/730/93
f 368/746/112 376/747/108 369/748/105
f 375/749/361 378/750/75 377/751/363
f 375/733/361 377/752/363 366/732/360
f 375/749/361 380/753/119 378/750/75
f 379/754/364 380/753/119 375/749/361
f 374/745/116 379/755/364 375/733/361
f 379/754/364 382/756/121 380/753/119
f 378/757/75 380/758/119 381/759/110
f 380/758/119 382/760/121 381/759/110
f 382/760/121 383/761/117 381/759/110
f 383/762/117 382/756/121 379/754/364
f 383/762/117 379/754/364 374/763/116
f 373/764/115 383/762/117 374/763/116
f 373/764/115 381/765/110 383/762/117
f 384/766/126 385/767/71 381/759/110
f 388/768/365 384/766/126 381/759/110
f 385/767/71 387/769/366 381/759/110
f 372/770/114 381/765/110 373/764/115
f 372/770/114 386/771/111 381/765/110
f 387/769/366 378/757/75 381/759/110
f 381/759/110 386/772/111 368/746/112
f 381/759/110 368/746/112 388/768/365
f 388/768/365 389/773/367 358/774/357
f 358/774/357 390/775/368 388/768/365
f 389/776/367 388/777/365 364/728/103
f 390/775/368 391/778/97 388/768/365
f 388/768/365 391/778/97 384/766/126
f 362/779/102 388/768/365 369/748/105
f 364/728/103 388/777/365 362/725/102
f 368/746/112 369/748/105 388/768/365
f 392/780/369 391/781/97 390/782/368
f 393/783/370 391/781/97 392/780/369
f 391/778/97 393/784/370 384/766/126
f 393/783/370 392/780/369 394/785/371
f 395/786/372 393/783/370 394/785/371
f 395/786/372 396/787/89 393/783/370
f 393/784/370 396/788/89 384/766/126
f 397/789/88 396/787/89 395/786/372
f 397/789/88 398/790/373 396/787/89
f 396/788/89 398/791/373 384/766/126
f 384/792/126 398/790/373 397/789/88
f 397/793/88 395/794/372 394/795/371
f 384/792/126 397/789/88 399/796/87
f 399/797/87 397/793/88 400/798/82
f 397/793/88 394/795/371 400/798/82
f 400/799/82 402/800/374 401/801/85
f 400/798/82 401/802/85 406/803/86
f 400/799/82 404/804/84 402/800/374
f 403/805/81 404/804/84 400/799/82
f 403/806/81 400/798/82 405/807/375
f 405/807/375 400/798/82 360/724/359
f 406/803/86 399/797/87 400/798/82
f 394/795/371 360/724/359 400/798/82
f 407/808/376 399/796/87 406/809/86
f 402/800/374 407/808/376 406/809/86
f 402/800/374 406/809/86 401/801/85
f 407/808/376 384/792/126 399/796/87
f 384/766/126 407/810/376 402/811/374
f 405/812/375 409/813/74 408/814/79
f 405/807/375 408/815/79 412/816/80
f 405/812/375 413/817/377 409/813/74
f 385/818/71 405/812/375 410/819/378
f 385/818/71 413/817/377 405/812/375
f 411/820/379 410/821/378 405/807/375
f 366/732/360 411/820/379 405/807/375
f 412/816/80 403/806/81 405/807/375
f 366/732/360 405/807/375 360/724/359
f 409/822/74 413/823/377 414/824/72
f 413/823/377 385/767/71 414/824/72
f 404/825/84 414/824/72 384/766/126
f 403/805/81 414/826/72 404/804/84
f 384/766/126 414/824/72 385/767/71
f 414/824/72 415/827/83 409/822/74
f 415/828/83 414/826/72 403/805/81
f 415/828/83 403/805/81 412/829/80
f 409/813/74 415/828/83 412/829/80
f 409/813/74 412/829/80 408/814/79
f 411/830/379 385/831/71 410/832/378
f 411/830/379 417/833/380 385/831/71
f 387/834/366 411/830/379 416/835/381
f 387/834/366 417/833/380 411/830/379
f 366/732/360 416/836/381 411/820/379
f 385/767/71 417/837/380 387/769/366
f 366/838/360 387/834/366 416/835/381
f 402/811/374 404/825/84 384/766/126
f 394/795/371 392/839/369 360/724/359
f 392/780/369 390/782/368 360/720/359
f 360/720/359 390/782/368 358/717/357
f 389/776/367 364/728/103 359/718/358
f 358/717/357 389/776/367 359/718/358
f 366/838/360 418/840/382 387/834/366
f 387/769/366 418/841/382 378/757/75
f 378/750/75 418/840/382 366/838/360
f 368/735/112 386/771/111 372/770/114
f 378/750/75 366/838/360 377/751/363
f 368/735/112 372/770/114 367/736/113
f 371/842/362 369/740/105 370/741/106
f 371/842/362 420/843/109 369/740/105
f 419/844/100 371/842/362 363/726/101
f 419/844/100 420/843/109 371/842/362
f 369/748/105 420/845/109 419/846/100
f 362/725/102 419/844/100 363/726/101
f 419/846/100 362/779/102 369/748/105
o Cube.013
v 0.036836 12.934435 11.174671
v 0.051729 12.935526 11.168032
v 0.052943 11.611916 10.961592
v 0.021952 11.611237 10.965242
v 0.020738 12.934845 11.171682
v 0.038049 11.610828 10.968233
v 0.066062 11.614464 10.945581
v 0.092109 11.636532 10.804932
v -0.052567 11.685242 10.489828
v 0.064848 12.938072 11.152020
v 0.075688 12.941982 11.127251
v 0.005270 11.613132 10.952742
v 0.085045 11.623491 10.888237
v 0.076902 11.618374 10.920813
v 0.083832 12.947100 11.094677
v 0.088967 12.953234 11.055548
v 0.090895 12.960140 11.011372
v 0.089543 12.967562 10.963839
v 0.090181 11.629623 10.849108
v 0.090757 11.643951 10.757402
v 0.084963 12.975208 10.914783
v 0.077330 12.982790 10.866091
v 0.066938 12.990009 10.819624
v 0.054187 12.996595 10.777174
v 0.039566 13.002293 10.740376
v 0.040779 11.678682 10.533937
v 0.055400 11.672987 10.570740
v -0.009670 13.012083 10.676603
v -0.078475 12.979364 10.884445
v -0.008455 11.688473 10.470163
v -0.025766 13.012489 10.673616
v 0.008225 11.686579 10.482666
v 0.007011 13.010189 10.689106
v 0.023637 13.006884 10.710638
v -0.064620 13.004946 10.721035
v -0.072763 12.999828 10.753613
v -0.071550 11.676216 10.547173
v -0.053780 13.008850 10.696266
v -0.040661 13.011396 10.680254
v -0.063406 11.681334 10.514599
v -0.078612 11.663177 10.630480
v -0.079827 12.986788 10.836916
v -0.077898 12.993694 10.792738
v -0.054656 11.633305 10.822226
v -0.065047 11.640528 10.775761
v -0.072681 11.648108 10.727062
v -0.077261 11.655754 10.678007
v -0.076684 11.670086 10.586300
v -0.073894 12.971718 10.933500
v -0.066262 12.964136 10.982195
v -0.055870 12.956917 11.028660
v -0.043118 12.950333 11.071112
v -0.041905 11.626719 10.864672
v -0.028497 12.944630 11.107908
v -0.012568 12.940044 11.137648
v -0.011354 11.616436 10.931208
v -0.027284 11.621023 10.901470
v 0.004057 12.936739 11.159180
v -0.039447 11.687790 10.473814
v -0.024553 11.688881 10.467178
v 0.024851 11.683273 10.504198
v 0.068152 11.666399 10.613186
v 0.078544 11.659176 10.659651
v 0.086176 11.651600 10.708345
v 0.239880 8.237118 12.111532
v 0.377843 5.553593 12.805143
v 0.221392 8.238272 12.119627
v 0.397691 5.555592 12.808720
v 0.259728 8.239115 12.115108
v 0.290731 8.399055 12.715029
v 0.378491 8.337193 12.462933
v 0.418133 5.560661 12.823818
v 0.280171 8.244186 12.130211
v 0.300424 8.252131 12.156258
v 0.191251 8.249735 12.169119
v 0.171969 8.300976 12.367205
v 0.213175 8.362825 12.593328
v 0.351136 5.679300 13.286934
v 0.230750 8.375515 12.637884
v 0.197983 8.348457 12.541920
v 0.250035 8.386036 12.673880
v 0.270287 8.393986 12.699926
v 0.408250 5.710459 13.393536
v 0.387997 5.702513 13.367485
v 0.335945 5.664932 13.235529
v 0.368712 5.691990 13.331495
v 0.483449 5.712112 13.384676
v 0.342934 5.559008 12.832680
v 0.308890 5.602200 13.003214
v 0.323723 5.649433 13.179245
v 0.185761 8.332956 12.485638
v 0.176977 8.316925 12.426643
v 0.314939 5.633400 13.120253
v 0.309931 5.617453 13.060816
v 0.170928 8.285725 12.309607
v 0.173896 8.271751 12.256058
v 0.180760 8.259600 12.208626
v 0.311859 5.588226 12.949669
v 0.318721 5.576077 12.902231
v 0.329213 5.566210 12.862730
v 0.204972 8.242533 12.139069
v 0.359354 5.554747 12.813234
v 0.345488 8.395638 12.691069
v 0.359207 8.388435 12.661015
v 0.497170 5.704910 13.354624
v 0.517492 5.668921 13.214140
v 0.448541 5.717522 13.412210
v 0.467030 5.716370 13.404121
v 0.428693 5.715528 13.408636
v 0.490438 5.606188 12.981825
v 0.352476 8.289713 12.288216
v 0.337285 8.275341 12.236809
v 0.438386 5.568605 12.849867
v 0.457672 5.579130 12.885860
v 0.475247 5.591816 12.930416
v 0.511444 5.637718 13.097101
v 0.502660 5.621685 13.038105
v 0.516452 5.653667 13.156540
v 0.373482 8.321243 12.403490
v 0.379531 8.352448 12.520531
v 0.514525 5.682890 13.267685
v 0.376563 8.366415 12.574078
v 0.369700 8.378569 12.621511
v 0.507662 5.695044 13.315123
v 0.364698 8.305208 12.344498
v 0.319709 8.262651 12.192253
v 0.310578 8.401049 12.718601
v 0.329067 8.399895 12.710510
v -0.304717 9.340895 7.747157
v -0.431613 6.965374 6.317257
v -0.323196 9.337309 7.754557
v -0.411755 6.962627 6.320141
v -0.284859 9.338150 7.750042
v -0.353255 9.311922 7.798690
v -0.363681 9.291098 7.833724
v -0.490576 6.915573 6.403827
v -0.339585 9.327524 7.771958
v -0.480150 6.936398 6.368789
v -0.370462 9.265858 7.875719
v -0.373337 9.237162 7.923057
v -0.372195 9.206123 7.973920
v -0.499090 6.830601 6.544019
v -0.367081 9.173927 8.026352
v -0.500231 6.861643 6.493157
v -0.358192 9.141817 8.078339
v -0.330584 9.082729 8.173079
v -0.312926 9.058023 8.212195
v -0.439822 6.682501 6.782295
v -0.345868 9.111021 8.127883
v -0.457479 6.707209 6.743182
v -0.293574 9.037851 8.243723
v -0.273271 9.022997 8.266451
v -0.252798 9.014023 8.279510
v -0.165462 9.146051 8.055632
v -0.232940 9.011278 8.282394
v -0.359835 6.635757 6.852494
v -0.400167 6.647476 6.836555
v -0.214462 9.014866 8.274992
v -0.184401 9.040253 8.230862
v -0.167196 9.086319 8.153831
v -0.379693 6.638504 6.849609
v -0.164320 9.115013 8.106495
v -0.291216 6.739489 6.676593
v -0.300871 6.685553 6.765926
v -0.173977 9.061077 8.195824
v -0.294090 6.710800 6.723933
v -0.311297 6.664734 6.800962
v -0.324967 6.649128 6.827694
v -0.318684 6.865631 6.471768
v -0.472764 6.735502 6.697982
v -0.198072 9.024649 8.257590
v -0.341356 6.639345 6.845095
v -0.420470 6.662334 6.813823
v -0.493977 6.798407 6.596452
v -0.485087 6.766294 6.648441
v -0.466480 6.952002 6.342060
v -0.450091 6.961784 6.324659
v -0.391281 6.953655 6.333200
v -0.351625 6.918627 6.387455
v -0.224731 9.294149 7.817357
v -0.244083 9.314318 7.785827
v -0.207072 9.269444 7.856469
v -0.370978 6.938797 6.355927
v -0.333968 6.893923 6.426572
v -0.191788 9.241150 7.901668
v -0.306361 6.834835 6.521313
v -0.179465 9.210356 7.951210
v -0.297471 6.802725 6.573299
v -0.170576 9.178246 8.003199
v -0.292358 6.770531 6.625731
v -0.264386 9.329176 7.763096
v -0.497357 6.890331 6.445821
v -0.736437 6.934269 8.314381
v -0.846146 7.669096 8.185705
v -0.904943 7.463108 9.063801
v -0.636604 7.690435 7.614779
v -0.728480 6.574989 8.972595
v -0.460782 6.055578 8.790578
v -0.548898 6.727125 8.002855
v -0.128642 5.890583 8.664863
v -0.319734 7.667435 7.386944
v -0.246041 6.627661 7.821790
v 0.087558 6.741108 7.927869
v 0.041703 7.705339 7.534860
v 0.336301 6.957840 8.187990
v 0.217525 6.070482 8.710659
v 0.012373 5.516981 9.761181
v 0.500734 6.601995 8.827769
v 0.369564 5.722841 9.749958
v 0.484831 5.737194 10.850132
v 0.751546 6.289274 10.835232
v 0.665555 6.320732 9.807255
v 0.849476 7.273769 9.933491
v 0.659087 7.497471 8.879526
v 0.926393 7.164186 11.019001
v 0.910300 8.418806 10.104578
v 0.924402 9.334929 11.357561
v 0.847378 9.561119 10.290241
v 0.989260 8.241852 11.239069
v 0.657097 9.668215 9.218092
v 0.707594 8.593040 8.984666
v 0.381199 9.732910 8.358556
v 0.405946 8.734680 8.071129
v 0.383067 7.696102 8.040882
v 0.036590 8.818962 7.523211
v 0.039713 9.876083 7.873425
v -0.345165 8.841509 7.370162
v -0.678155 8.803257 7.607424
v -0.321832 9.954786 7.743695
v -0.638595 9.861179 7.953341
v -0.848014 9.705900 8.503380
v -0.552505 10.660896 8.616392
v -0.739585 10.367281 8.849815
v -0.465373 11.060841 9.571232
v -0.732087 10.508760 9.586132
v -0.906934 9.633848 9.402363
v -0.969801 8.556183 9.182296
v -0.830017 9.524265 10.487871
v -0.890841 8.379230 10.316786
v -0.639628 9.300564 11.541838
v -0.688136 8.204992 11.436697
v -0.637638 7.129820 11.203272
v -0.827919 7.236914 10.131123
v -0.477667 6.262266 10.980057
v -0.642258 6.291996 9.961340
v -0.345181 5.707136 9.834169
v -0.193476 5.722290 10.930048
v 0.153023 5.539392 10.919264
v -0.064492 6.123158 11.879957
v -0.313694 6.407183 11.697939
v -0.361741 7.065125 12.062809
v -0.020255 6.921951 12.547939
v -0.017131 7.979073 12.898153
v 0.364624 7.956524 13.051201
v 0.341290 6.843252 12.677670
v 0.658054 6.936855 12.468023
v 0.571964 6.137138 11.804972
v 0.269339 5.985067 11.946804
v 0.759044 6.430754 11.571548
v 0.867473 7.092134 11.917984
v 0.697614 7.994778 12.813940
v 0.921327 8.092089 12.196148
v 0.865605 9.128941 12.235657
v 0.656063 9.107597 12.806583
v 0.755896 9.863764 12.106983
v 0.747938 10.223045 11.448769
v 0.480240 10.742456 11.630787
v 0.568356 10.070908 12.418507
v 0.148101 10.907452 11.756500
v 0.339193 9.130600 13.034420
v 0.265500 10.170374 12.599573
v -0.068100 10.056927 12.493494
v -0.316842 9.840193 12.233374
v -0.022245 9.092695 12.886503
v -0.198066 10.727552 11.710705
v 0.007086 11.281054 10.660183
v -0.350105 11.075195 10.671406
v -0.481275 10.196035 11.593594
v -0.646096 10.477303 10.614109
v 0.212935 11.075743 9.491315
v 0.364640 11.090899 10.587196
v -0.133564 11.258642 9.502100
v 0.083951 10.674879 8.541406
v -0.249880 10.812969 8.474559
v 0.333153 10.390852 8.723425
v 0.497126 10.535769 9.441306
v 0.661717 10.506041 10.460024
v -0.363608 9.101931 12.380482
v -0.386487 8.063354 12.350235
v -0.901868 8.705946 8.225216
v -0.138157 5.059788 8.563496
v -0.185245 5.060347 8.558790
v -0.200026 6.635759 8.312260
v -0.093602 5.062361 8.547899
v -0.269916 5.222668 7.507155
v -0.314471 5.220097 7.522750
v -0.354783 5.214495 7.558042
v -0.389301 5.206079 7.611674
v -0.233054 5.064013 8.533973
v -0.279748 5.070646 8.489987
v -0.323532 5.079992 8.428534
v -0.416699 5.195166 7.681591
v -0.435925 5.182182 7.765097
v -0.446240 5.167627 7.858991
v -0.362725 5.091690 8.351966
v -0.395818 5.105295 8.263234
v -0.421542 5.120281 8.165739
v -0.438908 5.136068 8.063238
v -0.447247 5.152054 7.959659
v -0.222828 5.222111 7.511860
v -0.175020 5.218445 7.536677
v -0.053291 5.067963 8.512611
v -0.018772 5.076378 8.458975
v 0.008626 5.087290 8.389063
v -0.128325 5.211809 7.580662
v -0.084541 5.202465 7.642116
v -0.045349 5.190765 7.718684
v 0.027852 5.100269 8.305553
v 0.038167 5.114830 8.211659
v 0.039174 5.130402 8.110991
v -0.012255 5.177162 7.807415
v 0.013469 5.162176 7.904910
v 0.030834 5.146387 8.007412
v 0.271662 4.547611 11.707794
v 0.224597 4.548124 11.703262
v 0.210830 6.121046 11.464624
v 0.316238 4.550138 11.692364
v 0.142131 4.705656 10.668890
v 0.097555 4.703131 10.684319
v 0.057180 4.697664 10.719116
v 0.022559 4.689470 10.771950
v 0.176852 4.551653 11.678940
v 0.130260 4.558064 11.635765
v 0.086615 4.567106 11.575396
v -0.004977 4.678858 10.840778
v -0.024372 4.666245 10.922968
v -0.034880 4.652103 11.015354
v 0.047592 4.578438 11.500153
v 0.014690 4.591621 11.412926
v -0.010825 4.606153 11.317070
v -0.036095 4.636986 11.114389
v -0.027974 4.621471 11.216265
v 0.189197 4.705143 10.673426
v 0.236942 4.701614 10.697748
v 0.356613 4.555603 11.657566
v 0.391234 4.563797 11.604738
v 0.418771 4.574409 11.535908
v 0.283533 4.695206 10.740923
v 0.327178 4.686161 10.801291
v 0.366202 4.674831 10.876535
v 0.438166 4.587025 11.453720
v 0.448673 4.601164 11.361330
v 0.449888 4.616282 11.262299
v 0.399103 4.661644 10.963758
v 0.424618 4.647114 11.059616
v 0.441767 4.631794 11.160419
v -0.077702 11.822187 10.052736
v -0.076924 10.973465 9.920364
v -0.117858 11.819248 10.070637
v -0.034304 11.821083 10.060793
v -0.182451 11.801838 10.180584
v -0.181673 10.953117 10.048214
v -0.204407 11.788040 10.268408
v -0.153227 11.812376 10.113806
v -0.219804 11.732880 10.621145
v 0.047676 11.612852 11.395548
v -0.207456 11.712265 10.753401
v -0.206677 10.863539 10.621029
v -0.222671 10.904163 10.360632
v -0.223449 11.752884 10.493004
v -0.218251 11.771513 10.373896
v -0.186878 11.691824 10.884687
v -0.158861 11.672356 11.009958
v -0.124482 11.654600 11.124401
v -0.042118 11.626869 11.303791
v -0.219026 10.884159 10.488773
v 0.002703 11.617958 11.361845
v 0.003481 10.769236 11.229475
v -0.085063 11.639240 11.223614
v -0.041340 10.778145 11.171419
v -0.158082 10.823633 10.877586
v -0.084285 10.790516 11.091242
v -0.123704 10.805876 10.992031
v 0.173012 10.912857 10.314011
v 0.167378 10.772835 11.210163
v -0.186099 10.843102 10.752316
v 0.091853 10.763027 11.271233
v -0.152449 10.963652 9.981434
v -0.117080 10.970524 9.938265
v -0.033525 10.972359 9.928421
v 0.011448 10.967253 9.962124
v 0.010671 11.815977 10.094498
v 0.056269 10.958345 10.020180
v 0.055491 11.807066 10.152550
v 0.098436 11.794695 10.232725
v 0.099214 10.945974 10.100355
v 0.137855 11.779335 10.331944
v 0.138634 10.930613 10.199572
v 0.172234 11.761578 10.446386
v 0.233178 11.701056 10.835199
v 0.220829 11.721674 10.702940
v 0.221607 10.872952 10.570568
v 0.236822 11.681049 10.963341
v 0.233957 10.852329 10.702824
v 0.195825 11.632097 11.275759
v 0.200251 11.742107 10.571655
v 0.201030 10.893387 10.439285
v 0.217780 11.645893 11.187935
v 0.218558 10.797171 11.055563
v 0.166601 11.621559 11.342533
v 0.131231 11.614689 11.385704
v 0.231623 11.662424 11.082443
v 0.196602 10.783373 11.143383
v 0.237601 10.832325 10.830967
v 0.232402 10.813702 10.950071
v 0.091076 11.611752 11.403605
v 0.132009 10.765968 11.253332
v 0.048455 10.764130 11.263176
v -0.203629 10.939320 10.136034
v -0.217472 10.922789 10.241526
vn 0.1264 0.1244 0.9842
vn 0.6102 -0.3489 0.7113
vn 0.6389 0.0984 0.7630
vn -0.4233 0.1168 0.8984
vn 0.1234 -0.4341 0.8924
vn -0.3978 -0.4033 0.8241
vn 0.8456 -0.2414 0.4762
vn 0.9975 -0.0698 0.0102
vn -0.8682 -0.0707 -0.4911
vn 0.9766 -0.1180 0.1797
vn -0.6896 -0.3225 0.6484
vn 0.9519 0.0566 0.3011
vn 0.8681 0.0707 0.4913
vn 0.9386 -0.1660 0.3025
vn 0.9836 0.0536 0.1721
vn 0.9952 0.0584 0.0785
vn 0.9976 0.0688 0.0044
vn 0.9948 0.0829 -0.0590
vn 0.9924 -0.0879 0.0867
vn 0.9966 -0.0601 -0.0572
vn 0.9880 0.0999 -0.1176
vn 0.9771 0.1198 -0.1758
vn 0.9608 0.1431 -0.2373
vn 0.9361 0.1713 -0.3070
vn 0.9074 -0.0690 -0.4147
vn 0.8965 0.2074 -0.3916
vn 0.3977 0.4033 -0.8241
vn 0.9440 -0.0619 -0.3241
vn -0.9966 0.0601 0.0572
vn -0.9386 0.1660 -0.3025
vn 0.4232 -0.1167 -0.8985
vn -0.1234 0.4341 -0.8924
vn 0.7125 -0.0958 -0.6951
vn 0.6895 0.3225 -0.6486
vn 0.8267 0.2558 -0.5011
vn -0.9836 -0.0536 -0.1722
vn -0.9766 0.1180 -0.1797
vn -0.9519 -0.0567 -0.3010
vn -0.8456 0.2414 -0.4762
vn -0.6103 0.3489 -0.7112
vn -0.9976 -0.0687 -0.0045
vn -0.9975 0.0698 -0.0102
vn -0.9924 0.0879 -0.0867
vn -0.9948 -0.0829 0.0590
vn -0.9952 -0.0584 -0.0785
vn -0.9608 -0.1431 0.2373
vn -0.9771 -0.1198 0.1758
vn -0.9880 -0.0999 0.1176
vn -0.9912 0.0559 0.1203
vn -0.9815 0.0553 0.1830
vn -0.9667 0.0575 0.2492
vn -0.9440 0.0619 0.3241
vn -0.9361 -0.1713 0.3070
vn -0.9074 0.0690 0.4146
vn -0.8268 -0.2558 0.5010
vn -0.8425 0.0797 0.5327
vn -0.8964 -0.2074 0.3916
vn -0.7124 0.0958 0.6952
vn -0.6389 -0.0984 -0.7630
vn -0.1263 -0.1243 -0.9842
vn 0.8425 -0.0797 -0.5328
vn 0.9667 -0.0574 -0.2493
vn 0.9815 -0.0554 -0.1830
vn 0.9912 -0.0559 -0.1203
vn -0.0265 -0.7426 -0.6692
vn -0.5816 0.2880 -0.7608
vn -0.1628 0.3503 -0.9224
vn 0.4505 -0.6426 -0.6199
vn 0.2980 0.3418 -0.8913
vn -0.4504 0.6425 0.6199
vn 0.9888 0.1095 -0.1016
vn -0.9500 0.1925 0.2459
vn 0.7680 0.2371 -0.5950
vn 0.7160 -0.4865 -0.5007
vn 0.6033 0.2895 -0.7431
vn -0.9198 0.1431 -0.3653
vn -0.9989 0.0436 0.0176
vn -0.9109 -0.1635 0.3789
vn -0.9120 0.2652 0.3129
vn -0.9729 0.1347 0.1878
vn -0.8451 0.3598 0.3955
vn -0.6033 -0.2895 0.7431
vn -0.7160 0.4864 0.5007
vn -0.7680 -0.2371 0.5950
vn -0.8580 -0.1955 0.4751
vn -0.9442 -0.1387 0.2986
vn 0.8140 -0.2070 0.5427
vn -0.7987 -0.4813 -0.3612
vn -0.9909 -0.1291 0.0390
vn -0.9661 -0.1201 0.2283
vn -0.9871 0.0889 0.1334
vn -0.9953 0.0571 0.0780
vn -0.9805 -0.1089 0.1637
vn -0.9888 -0.1096 0.1017
vn -0.9975 0.0486 -0.0514
vn -0.9889 0.0674 -0.1327
vn -0.9847 -0.1717 -0.0292
vn -0.9674 0.0982 -0.2334
vn -0.9646 -0.2393 -0.1106
vn -0.9156 -0.3390 -0.2161
vn -0.8139 0.2070 -0.5428
vn -0.5236 -0.6546 -0.5453
vn 0.9156 0.3390 0.2161
vn 0.7987 0.4813 0.3610
vn 0.5816 -0.2880 0.7608
vn 0.9198 -0.1431 0.3653
vn 0.9975 -0.0486 0.0514
vn 0.9729 -0.1347 -0.1878
vn 0.1626 -0.3503 0.9224
vn -0.2979 -0.3418 0.8913
vn 0.9109 0.1635 -0.3789
vn 0.9442 0.1387 -0.2987
vn 0.9871 -0.0890 -0.1334
vn 0.9500 -0.1925 -0.2459
vn 0.8451 -0.3599 -0.3954
vn 0.9120 -0.2651 -0.3129
vn 0.9953 -0.0571 -0.0780
vn 0.9989 -0.0436 -0.0176
vn 0.9805 0.1089 -0.1637
vn 0.9909 0.1291 -0.0390
vn 0.9889 -0.0674 0.1327
vn 0.9847 0.1717 0.0292
vn 0.9646 0.2394 0.1105
vn 0.9674 -0.0982 0.2334
vn 0.9661 0.1201 -0.2283
vn 0.8579 0.1956 -0.4751
vn 0.0266 0.7425 0.6694
vn 0.5236 0.6547 0.5452
vn -0.2069 0.2339 -0.9500
vn -0.5645 0.6332 -0.5296
vn -0.0151 0.7375 -0.6752
vn 0.3337 0.2149 -0.9179
vn -0.9339 0.3088 -0.1804
vn 0.4996 0.6190 -0.6059
vn -0.9786 0.0385 -0.2023
vn -0.9730 0.2170 -0.0790
vn -0.9882 0.1534 -0.0026
vn -0.9440 0.0754 -0.3213
vn -0.8332 0.4464 -0.3265
vn -0.9907 0.0696 0.1170
vn -0.9925 0.1064 0.0605
vn -0.9987 -0.0493 0.0147
vn -0.9844 0.0388 0.1716
vn -0.9988 -0.0209 -0.0444
vn -0.9736 0.0113 0.2279
vn -0.9311 -0.0422 0.3623
vn -0.9224 -0.2593 0.2862
vn -0.8886 -0.0728 0.4528
vn -0.8123 -0.1105 0.5726
vn -0.9544 -0.1989 0.2227
vn -0.9570 -0.0149 0.2898
vn -0.6592 -0.1592 0.7349
vn -0.3337 -0.2150 0.9179
vn 0.9987 0.0493 -0.0147
vn 0.9934 -0.0076 0.1143
vn 0.0151 -0.7375 0.6752
vn 0.2069 -0.2339 0.9500
vn 0.6557 -0.1847 0.7321
vn -0.4997 -0.6191 0.6059
vn -0.7529 -0.4583 0.4724
vn 0.9440 -0.0754 0.3213
vn 0.9925 -0.1064 -0.0605
vn 0.9988 0.0209 0.0444
vn 0.9882 -0.1533 0.0026
vn 0.9730 -0.2170 0.0790
vn 0.9786 -0.0385 0.2023
vn 0.9339 -0.3088 0.1804
vn 0.8332 -0.4464 0.3265
vn 0.9570 0.0150 -0.2898
vn -0.9740 -0.1517 0.1682
vn 0.8616 -0.1232 0.4923
vn 0.5645 -0.6332 0.5295
vn -0.8616 0.1232 -0.4924
vn -0.8659 -0.3412 0.3659
vn -0.9866 -0.1129 0.1177
vn -0.9946 -0.0794 0.0675
vn -0.6557 0.1847 -0.7321
vn 0.6591 0.1592 -0.7350
vn 0.8887 0.0728 -0.4527
vn 0.8658 0.3412 -0.3660
vn 0.9224 0.2593 -0.2862
vn 0.9544 0.1989 -0.2227
vn 0.8123 0.1105 -0.5726
vn 0.9311 0.0422 -0.3623
vn 0.9740 0.1518 -0.1682
vn 0.9736 -0.0113 -0.2279
vn 0.9866 0.1129 -0.1176
vn 0.9844 -0.0388 -0.1716
vn 0.9946 0.0794 -0.0675
vn 0.9907 -0.0696 -0.1170
vn 0.7529 0.4583 -0.4723
vn -0.9934 0.0076 -0.1143
vn -0.9525 -0.2297 -0.1999
vn -0.9956 -0.0939 0.0033
vn -0.9820 -0.0805 -0.1710
vn -0.8445 -0.1079 -0.5245
vn -0.9650 -0.2583 -0.0458
vn -0.7856 -0.3913 -0.4793
vn -0.7980 -0.5594 -0.2244
vn -0.0500 -0.8637 -0.5015
vn -0.0907 -0.5514 -0.8293
vn -0.1372 -0.1471 -0.9796
vn 0.6619 -0.3696 -0.6521
vn 0.6799 -0.0918 -0.7275
vn 0.8793 -0.2095 -0.4278
vn 0.7311 -0.5415 -0.4149
vn 0.9304 -0.2314 -0.2842
vn -0.0100 -0.9896 -0.1436
vn 0.7834 -0.5935 -0.1844
vn 0.9569 -0.2472 -0.1526
vn 0.9642 -0.2642 -0.0208
vn 0.7902 -0.6097 0.0626
vn 0.9896 -0.0747 -0.1229
vn 0.9689 -0.0624 -0.2394
vn 0.9939 0.0252 -0.1077
vn 0.9956 -0.0938 -0.0005
vn 0.9956 0.0939 -0.0033
vn 0.9868 0.1135 -0.1154
vn 1.0000 -0.0000 0.0043
vn 0.9634 0.1412 -0.2278
vn 0.9745 0.0473 -0.2193
vn 0.9091 -0.0535 -0.4132
vn 0.8982 0.1915 -0.3957
vn 0.9156 0.0802 -0.3941
vn 0.6680 0.1475 -0.7294
vn 0.6488 0.3299 -0.6857
vn -0.2282 0.1996 -0.9529
vn -0.8749 0.1073 -0.4722
vn -0.8131 0.2795 -0.5106
vn -0.1337 0.4424 -0.8868
vn -0.7704 0.5195 -0.3697
vn -0.9718 0.1432 -0.1871
vn -0.9458 0.2892 -0.1476
vn -0.7902 0.6097 -0.0626
vn -0.9642 0.2642 0.0208
vn -0.9956 0.0938 0.0005
vn -1.0000 -0.0000 -0.0043
vn -0.9939 -0.0252 0.1077
vn -0.9896 0.0747 0.1229
vn -0.9689 0.0624 0.2394
vn -0.9868 -0.1135 0.1154
vn -0.9745 -0.0473 0.2193
vn -0.9634 -0.1412 0.2278
vn -0.9288 -0.3024 0.2142
vn -0.9565 -0.2785 0.0867
vn -0.7888 -0.6146 0.0115
vn -0.7347 -0.6329 0.2443
vn 0.0243 -0.9704 0.2404
vn -0.6705 -0.5312 0.5179
vn -0.8689 -0.3365 0.3630
vn -0.6488 -0.3299 0.6857
vn -0.8982 -0.1915 0.3957
vn 0.2282 -0.1996 0.9529
vn -0.6680 -0.1475 0.7294
vn 0.1337 -0.4424 0.8868
vn 0.7704 -0.5195 0.3697
vn 0.8131 -0.2795 0.5106
vn 0.0423 -0.7555 0.6538
vn 0.9458 -0.2892 0.1476
vn 0.9718 -0.1432 0.1871
vn 0.8749 -0.1073 0.4722
vn 0.9858 -0.0396 0.1635
vn 0.9820 0.0805 0.1710
vn 0.8445 0.1079 0.5245
vn 0.9525 0.2297 0.1999
vn 0.9650 0.2583 0.0458
vn 0.7980 0.5594 0.2244
vn 0.7856 0.3913 0.4793
vn 0.0500 0.8637 0.5015
vn 0.0907 0.5514 0.8293
vn 0.1372 0.1471 0.9796
vn -0.6619 0.3696 0.6521
vn -0.6799 0.0918 0.7275
vn -0.7311 0.5415 0.4149
vn -0.8793 0.2095 0.4278
vn -0.9304 0.2314 0.2842
vn 0.0100 0.9896 0.1436
vn -0.7834 0.5935 0.1844
vn -0.9569 0.2472 0.1526
vn 0.7347 0.6329 -0.2443
vn 0.7888 0.6146 -0.0115
vn -0.0243 0.9704 -0.2404
vn 0.6705 0.5312 -0.5179
vn -0.0423 0.7555 -0.6538
vn 0.8689 0.3365 -0.3630
vn 0.9288 0.3024 -0.2142
vn 0.9565 0.2785 -0.0867
vn -0.9091 0.0535 0.4132
vn -0.9156 -0.0802 0.3941
vn -0.9858 0.0396 -0.1635
vn 0.1512 -0.3746 0.9148
vn 0.2850 0.8426 -0.4570
vn -0.2738 -0.3660 0.8895
vn -0.5790 0.1804 -0.7951
vn 0.5404 -0.3177 0.7791
vn -0.1844 0.2094 -0.9603
vn -0.8036 0.1367 -0.5793
vn -0.9127 0.0963 -0.3972
vn -0.5785 -0.3117 0.7538
vn -0.7559 -0.2513 0.6045
vn -0.8570 -0.1989 0.4755
vn -0.9647 0.0615 -0.2561
vn -0.9890 0.0307 -0.1445
vn -0.9987 0.0022 -0.0514
vn -0.9170 -0.1551 0.3674
vn -0.9544 -0.1177 0.2743
vn -0.9781 -0.0846 0.1902
vn -0.9924 -0.0543 0.1107
vn -0.9992 -0.0257 0.0316
vn 0.2723 0.1988 -0.9415
vn 0.5964 0.1628 -0.7860
vn 0.7786 -0.2366 0.5811
vn 0.8993 -0.1656 0.4048
vn 0.7751 0.1276 -0.6188
vn 0.9580 -0.1106 0.2647
vn 0.8715 0.0998 -0.4802
vn 0.9268 0.0773 -0.3674
vn 0.9859 -0.0683 0.1528
vn 0.9976 -0.0349 0.0590
vn 0.9997 -0.0073 -0.0249
vn 0.9819 0.0375 -0.1858
vn 0.9607 0.0573 -0.2716
vn 0.9943 0.0164 -0.1050
vn 0.1504 -0.3751 0.9147
vn 0.2773 0.8397 -0.4668
vn -0.2685 -0.3669 0.8907
vn -0.5737 0.1793 -0.7992
vn 0.5349 -0.3195 0.7822
vn -0.1831 0.2070 -0.9611
vn -0.7990 0.1369 -0.5855
vn -0.9099 0.0971 -0.4033
vn -0.5720 -0.3137 0.7579
vn -0.7511 -0.2536 0.6096
vn -0.8539 -0.2009 0.4801
vn -0.9633 0.0625 -0.2611
vn -0.9885 0.0317 -0.1481
vn -0.9985 0.0029 -0.0538
vn -0.9153 -0.1566 0.3711
vn -0.9536 -0.1186 0.2767
vn -0.9778 -0.0850 0.1914
vn -0.9992 -0.0253 0.0304
vn 0.2676 0.1967 -0.9433
vn 0.5907 0.1618 -0.7905
vn 0.7735 -0.2393 0.5869
vn 0.8961 -0.1682 0.4108
vn 0.7709 0.1275 -0.6241
vn 0.9563 -0.1126 0.2698
vn 0.8688 0.1000 -0.4849
vn 0.9254 0.0777 -0.3709
vn 0.9852 -0.0698 0.1566
vn 0.9975 -0.0358 0.0616
vn 0.9997 -0.0078 -0.0234
vn 0.9600 0.0577 -0.2739
vn 0.9817 0.0377 -0.1868
vn 0.9944 0.0163 -0.1047
vn 0.3978 0.4032 -0.8241
vn -0.9519 -0.0567 -0.3011
vn -0.8456 0.2414 -0.4761
vn -0.4232 0.1168 0.8985
vn -0.8425 0.0797 0.5328
vn -0.9667 0.0575 0.2493
vn -0.7125 0.0958 0.6951
vn -0.8267 -0.2558 0.5011
vn -0.9073 0.0689 0.4147
vn -0.8965 -0.2074 0.3916
vn -0.9608 -0.1430 0.2373
vn -0.9361 -0.1713 0.3071
vn 0.8456 -0.2414 0.4761
vn -0.6389 -0.0983 -0.7630
vn 0.4232 -0.1168 -0.8985
vn 0.6896 0.3225 -0.6484
vn 0.9361 0.1713 -0.3071
vn 0.9440 -0.0619 -0.3240
vn 0.9976 0.0688 0.0045
vn 0.9836 0.0536 0.1722
vn 0.8682 0.0707 0.4912
vn 0.6103 -0.3489 0.7112
vn 0.1263 0.1243 0.9842
vn -0.3977 -0.4033 0.8241
vt 0.283328 0.085172
vt 0.221360 0.082839
vt 0.283328 0.082839
vt 0.180702 0.163650
vt 0.182858 0.162757
vt 0.185146 0.162302
vt 0.221360 0.085172
vt 0.221360 0.012852
vt 0.283328 0.010519
vt 0.283328 0.012852
vt 0.221360 0.010519
vt 0.031936 0.418065
vt 0.032391 0.415777
vt 0.033284 0.413622
vt 0.034580 0.411682
vt 0.034580 0.426781
vt 0.055623 0.420398
vt 0.032391 0.422686
vt 0.036230 0.410033
vt 0.221360 0.080506
vt 0.283328 0.078173
vt 0.283328 0.080506
vt 0.221360 0.078173
vt 0.031936 0.420398
vt 0.283328 0.075840
vt 0.221360 0.075840
vt 0.283328 0.073508
vt 0.189767 0.162757
vt 0.191922 0.163649
vt 0.193862 0.164946
vt 0.221360 0.071175
vt 0.283328 0.071175
vt 0.195511 0.166595
vt 0.196808 0.168535
vt 0.221360 0.073508
vt 0.033284 0.424842
vt 0.221360 0.068842
vt 0.283327 0.066509
vt 0.283328 0.068842
vt 0.197700 0.170690
vt 0.198155 0.172978
vt 0.198155 0.175311
vt 0.197700 0.177599
vt 0.283328 0.059510
vt 0.221360 0.057177
vt 0.283328 0.057177
vt 0.196808 0.179755
vt 0.191922 0.184640
vt 0.221360 0.059510
vt 0.283328 0.061843
vt 0.175817 0.179755
vt 0.182858 0.185533
vt 0.221360 0.050178
vt 0.283328 0.047846
vt 0.283328 0.050178
vt 0.221360 0.052511
vt 0.189767 0.185533
vt 0.283328 0.052511
vt 0.195512 0.181694
vt 0.193862 0.183344
vt 0.283328 0.040847
vt 0.221360 0.038514
vt 0.283328 0.038514
vt 0.180702 0.184640
vt 0.221360 0.040847
vt 0.221360 0.043180
vt 0.283328 0.043180
vt 0.187479 0.185988
vt 0.185146 0.185988
vt 0.055167 0.415777
vt 0.055623 0.418065
vt 0.052979 0.411682
vt 0.221360 0.033848
vt 0.283328 0.031515
vt 0.283328 0.033848
vt 0.283328 0.036181
vt 0.221360 0.031515
vt 0.221360 0.036181
vt 0.044946 0.407389
vt 0.047234 0.407844
vt 0.049389 0.408736
vt 0.051329 0.410033
vt 0.054275 0.413622
vt 0.283327 0.029182
vt 0.221360 0.029182
vt 0.221360 0.026849
vt 0.283328 0.026849
vt 0.174924 0.177600
vt 0.174469 0.175311
vt 0.221360 0.024517
vt 0.283328 0.024517
vt 0.174469 0.172979
vt 0.174924 0.170690
vt 0.221360 0.022184
vt 0.283328 0.019851
vt 0.283328 0.022184
vt 0.175817 0.168535
vt 0.221360 0.017518
vt 0.283328 0.017518
vt 0.177113 0.166595
vt 0.221360 0.019851
vt 0.038170 0.408736
vt 0.040325 0.407844
vt 0.042613 0.407389
vt 0.283328 0.015185
vt 0.221360 0.015185
vt 0.178763 0.164946
vt 0.178763 0.183344
vt 0.177113 0.181695
vt 0.283328 0.045513
vt 0.221360 0.045513
vt 0.221360 0.047846
vt 0.055168 0.422686
vt 0.051329 0.428431
vt 0.054275 0.424842
vt 0.052979 0.426781
vt 0.283328 0.054844
vt 0.221360 0.054844
vt 0.049389 0.429727
vt 0.047234 0.430620
vt 0.042613 0.431075
vt 0.044946 0.431075
vt 0.221360 0.061843
vt 0.040325 0.430620
vt 0.221360 0.064176
vt 0.283328 0.064176
vt 0.221360 0.066509
vt 0.038170 0.429727
vt 0.036230 0.428431
vt 0.187479 0.162302
vt 0.195860 0.010536
vt 0.198746 0.139056
vt 0.195860 0.139056
vt 0.192974 0.010536
vt 0.123413 0.383104
vt 0.122850 0.385934
vt 0.121745 0.388600
vt 0.192974 0.139056
vt 0.094113 0.380218
vt 0.110205 0.367011
vt 0.097383 0.391000
vt 0.122850 0.377388
vt 0.190089 0.010536
vt 0.190089 0.139056
vt 0.123413 0.380218
vt 0.118101 0.393040
vt 0.107320 0.396311
vt 0.135258 0.010536
vt 0.138144 0.139056
vt 0.135258 0.139056
vt 0.132373 0.139056
vt 0.095780 0.388600
vt 0.094676 0.385934
vt 0.099424 0.393040
vt 0.141030 0.139056
vt 0.143916 0.010536
vt 0.143916 0.139056
vt 0.094113 0.383104
vt 0.141030 0.010536
vt 0.138144 0.010536
vt 0.175559 0.397010
vt 0.174996 0.399840
vt 0.170247 0.406946
vt 0.173891 0.402506
vt 0.172288 0.404906
vt 0.172288 0.386228
vt 0.149529 0.404905
vt 0.159466 0.410217
vt 0.132373 0.010536
vt 0.167848 0.408549
vt 0.129487 0.010536
vt 0.129487 0.139056
vt 0.126601 0.139056
vt 0.126601 0.010536
vt 0.165182 0.409654
vt 0.162351 0.410217
vt 0.123715 0.010536
vt 0.123715 0.139056
vt 0.120829 0.139056
vt 0.120829 0.010536
vt 0.113036 0.395748
vt 0.110206 0.396311
vt 0.117944 0.139056
vt 0.117944 0.010536
vt 0.115058 0.139056
vt 0.115702 0.394643
vt 0.115058 0.010536
vt 0.156635 0.409653
vt 0.153969 0.408549
vt 0.151570 0.406946
vt 0.112172 0.010536
vt 0.112172 0.139056
vt 0.109286 0.010536
vt 0.104489 0.395748
vt 0.101823 0.394644
vt 0.146259 0.394123
vt 0.109286 0.139056
vt 0.201632 0.010536
vt 0.201632 0.139056
vt 0.198746 0.010536
vt 0.147926 0.402506
vt 0.146822 0.399840
vt 0.146259 0.397009
vt 0.120142 0.391000
vt 0.155459 0.010536
vt 0.158345 0.139056
vt 0.155459 0.139056
vt 0.152573 0.010536
vt 0.158345 0.010536
vt 0.170248 0.384187
vt 0.162352 0.380917
vt 0.151570 0.384187
vt 0.173891 0.388627
vt 0.174996 0.391293
vt 0.175559 0.394124
vt 0.178545 0.010536
vt 0.181431 0.139056
vt 0.178545 0.139056
vt 0.175660 0.010536
vt 0.181431 0.010536
vt 0.146822 0.391293
vt 0.147926 0.388627
vt 0.149529 0.386228
vt 0.153969 0.382584
vt 0.156636 0.381479
vt 0.159466 0.380917
vt 0.169888 0.010536
vt 0.172774 0.139056
vt 0.169888 0.139056
vt 0.167002 0.139056
vt 0.172774 0.010536
vt 0.167002 0.010536
vt 0.107320 0.367011
vt 0.099424 0.370281
vt 0.164116 0.010536
vt 0.164116 0.139056
vt 0.104489 0.367574
vt 0.161231 0.139056
vt 0.101823 0.368678
vt 0.161231 0.010536
vt 0.165182 0.381480
vt 0.167848 0.382584
vt 0.175660 0.139056
vt 0.113036 0.367574
vt 0.115702 0.368678
vt 0.118101 0.370281
vt 0.120142 0.372322
vt 0.184317 0.139056
vt 0.184317 0.010536
vt 0.187203 0.010536
vt 0.187203 0.139056
vt 0.121745 0.374721
vt 0.146802 0.010536
vt 0.149687 0.139056
vt 0.146802 0.139056
vt 0.149687 0.010536
vt 0.152573 0.139056
vt 0.094676 0.377388
vt 0.095780 0.374722
vt 0.097383 0.372322
vt 0.030409 0.170451
vt 0.033295 0.298971
vt 0.030409 0.298971
vt 0.027523 0.170451
vt 0.399966 0.113964
vt 0.398861 0.111298
vt 0.398299 0.105581
vt 0.027523 0.298971
vt 0.401569 0.116363
vt 0.039066 0.298971
vt 0.041952 0.170451
vt 0.041952 0.298971
vt 0.398861 0.102751
vt 0.399966 0.100085
vt 0.039066 0.170451
vt 0.036181 0.298971
vt 0.398299 0.108467
vt 0.403610 0.095645
vt 0.401569 0.097686
vt 0.050610 0.170451
vt 0.053496 0.298971
vt 0.050610 0.298971
vt 0.047724 0.170451
vt 0.406009 0.094042
vt 0.408675 0.092937
vt 0.047724 0.298971
vt 0.414392 0.092374
vt 0.062153 0.298971
vt 0.065039 0.170451
vt 0.065039 0.298971
vt 0.417222 0.092937
vt 0.419888 0.094042
vt 0.062153 0.170451
vt 0.059267 0.298971
vt 0.411506 0.092374
vt 0.422287 0.095645
vt 0.424328 0.097686
vt 0.422287 0.118404
vt 0.425931 0.113964
vt 0.073696 0.298971
vt 0.076582 0.170451
vt 0.076582 0.298971
vt 0.425931 0.100085
vt 0.427036 0.102751
vt 0.073696 0.170451
vt 0.070810 0.170451
vt 0.070810 0.298971
vt 0.427599 0.108467
vt 0.150661 0.172280
vt 0.151224 0.175110
vt 0.151224 0.177996
vt 0.091011 0.298971
vt 0.093897 0.170451
vt 0.093897 0.298971
vt 0.424328 0.116363
vt 0.091011 0.170451
vt 0.088125 0.170451
vt 0.088125 0.298971
vt 0.427036 0.111298
vt 0.138017 0.161903
vt 0.140848 0.162466
vt 0.143514 0.163570
vt 0.085239 0.170451
vt 0.085239 0.298971
vt 0.082353 0.170451
vt 0.145913 0.165173
vt 0.147954 0.167214
vt 0.127235 0.165173
vt 0.145912 0.187932
vt 0.082353 0.298971
vt 0.079468 0.298971
vt 0.079468 0.170451
vt 0.149557 0.169614
vt 0.427599 0.105582
vt 0.125194 0.185891
vt 0.150661 0.180826
vt 0.149556 0.183492
vt 0.147953 0.185892
vt 0.059267 0.170451
vt 0.143513 0.189535
vt 0.140847 0.190640
vt 0.138016 0.191203
vt 0.056381 0.170451
vt 0.135131 0.191203
vt 0.129634 0.189535
vt 0.036181 0.170451
vt 0.033295 0.170451
vt 0.123591 0.183492
vt 0.122487 0.180826
vt 0.121924 0.177995
vt 0.121924 0.175109
vt 0.123591 0.169613
vt 0.127235 0.187932
vt 0.018866 0.170451
vt 0.021752 0.298971
vt 0.018866 0.298971
vt 0.015980 0.298971
vt 0.021752 0.170451
vt 0.015980 0.170451
vt 0.122487 0.172279
vt 0.125195 0.167213
vt 0.013094 0.298971
vt 0.013094 0.170451
vt 0.414391 0.121674
vt 0.411506 0.121674
vt 0.010208 0.170451
vt 0.010208 0.298971
vt 0.417222 0.121111
vt 0.099668 0.170451
vt 0.102554 0.170451
vt 0.102554 0.298971
vt 0.099668 0.298971
vt 0.419888 0.120007
vt 0.096782 0.170451
vt 0.096782 0.298971
vt 0.132301 0.162465
vt 0.135131 0.161903
vt 0.129635 0.163570
vt 0.024637 0.298971
vt 0.024638 0.170451
vt 0.406009 0.120007
vt 0.403610 0.118404
vt 0.408675 0.121111
vt 0.056381 0.298971
vt 0.053495 0.170451
vt 0.067924 0.170451
vt 0.067924 0.298971
vt 0.044838 0.298971
vt 0.044838 0.170451
vt 0.132300 0.190639
vt 0.873163 0.322003
vt 0.854335 0.374407
vt 0.837218 0.329140
vt 0.636028 0.064559
vt 0.627269 0.009568
vt 0.661262 0.023262
vt 0.896348 0.350384
vt 0.599213 0.033145
vt 0.928271 0.314009
vt 0.887329 0.288204
vt 0.954742 0.269726
vt 0.908716 0.244785
vt 0.601623 0.103003
vt 0.564120 0.066478
vt 0.933414 0.203160
vt 0.531725 0.102439
vt 0.564101 0.138412
vt 0.508898 0.131108
vt 0.953996 0.172838
vt 0.977388 0.223371
vt 0.990432 0.176766
vt 0.944907 0.659995
vt 0.877031 0.689534
vt 0.897665 0.639263
vt 0.927881 0.708696
vt 0.990202 0.677041
vt 0.977982 0.723874
vt 0.437948 0.918713
vt 0.372049 0.942022
vt 0.390936 0.897463
vt 0.459133 0.868672
vt 0.414394 0.965464
vt 0.421141 0.195011
vt 0.406647 0.144708
vt 0.453641 0.133127
vt 0.348101 0.178368
vt 0.388893 0.152318
vt 0.415330 0.197502
vt 0.470069 0.178649
vt 0.439609 0.246117
vt 0.369743 0.221656
vt 0.413126 0.315242
vt 0.461019 0.296062
vt 0.390308 0.268971
vt 0.507935 0.274601
vt 0.490156 0.226169
vt 0.476521 0.176413
vt 0.523485 0.164727
vt 0.552960 0.256855
vt 0.540016 0.210217
vt 0.588485 0.190437
vt 0.566994 0.143535
vt 0.590965 0.198191
vt 0.600691 0.248857
vt 0.644562 0.189233
vt 0.637327 0.166620
vt 0.658356 0.095644
vt 0.684702 0.140001
vt 0.698590 0.183409
vt 0.702884 0.234821
vt 0.612099 0.118490
vt 0.651956 0.243069
vt 0.652416 0.261761
vt 0.702747 0.273095
vt 0.691003 0.320044
vt 0.751004 0.229655
vt 0.747265 0.292075
vt 0.727535 0.322957
vt 0.710870 0.371449
vt 0.660667 0.395542
vt 0.680265 0.351291
vt 0.707449 0.407937
vt 0.755720 0.404453
vt 0.744689 0.357331
vt 0.805661 0.391511
vt 0.684502 0.509607
vt 0.726070 0.540164
vt 0.692840 0.583161
vt 0.650829 0.548694
vt 0.647100 0.478894
vt 0.509099 0.661924
vt 0.461578 0.605166
vt 0.513106 0.607731
vt 0.766120 0.572686
vt 0.736785 0.615125
vt 0.455046 0.656343
vt 0.450983 0.707774
vt 0.501948 0.715792
vt 0.444593 0.755746
vt 0.491639 0.767116
vt 0.805271 0.601136
vt 0.781065 0.643049
vt 0.477371 0.817484
vt 0.827382 0.667446
vt 0.428370 0.801342
vt 0.849480 0.620827
vt 0.101504 0.635480
vt 0.161370 0.599397
vt 0.151829 0.646843
vt 0.408497 0.848952
vt 0.195617 0.612443
vt 0.200185 0.648805
vt 0.246553 0.634942
vt 0.138890 0.218919
vt 0.172678 0.263181
vt 0.125369 0.252980
vt 0.225572 0.591331
vt 0.175312 0.214857
vt 0.179795 0.300787
vt 0.245699 0.334497
vt 0.193754 0.350454
vt 0.133526 0.314977
vt 0.228238 0.283038
vt 0.224245 0.264771
vt 0.272034 0.213760
vt 0.275762 0.262012
vt 0.277477 0.267640
vt 0.223651 0.212425
vt 0.068000 0.574133
vt 0.115177 0.584947
vt 0.052316 0.619918
vt 0.031847 0.568132
vt 0.308538 0.216996
vt 0.009568 0.597229
vt 0.363674 0.224786
vt 0.322828 0.250742
vt 0.331618 0.188529
vt 0.296628 0.315546
vt 0.344375 0.294082
vt 0.300533 0.322689
vt 0.369227 0.335615
vt 0.330522 0.364669
vt 0.334333 0.369151
vt 0.389920 0.365861
vt 0.426342 0.361799
vt 0.423708 0.410123
vt 0.376399 0.399923
vt 0.372939 0.398336
vt 0.411646 0.460285
vt 0.361308 0.445911
vt 0.304201 0.411029
vt 0.347945 0.439785
vt 0.319805 0.479164
vt 0.349840 0.492933
vt 0.277704 0.455295
vt 0.395401 0.509252
vt 0.296725 0.507631
vt 0.343336 0.528999
vt 0.372120 0.551680
vt 0.502432 0.449328
vt 0.458561 0.508952
vt 0.448835 0.458285
vt 0.509826 0.503163
vt 0.465125 0.556901
vt 0.513502 0.555383
vt 0.336313 0.584238
vt 0.612643 0.512885
vt 0.577357 0.474215
vt 0.616899 0.441078
vt 0.543465 0.431739
vt 0.554937 0.358608
vt 0.512102 0.387363
vt 0.586910 0.399097
vt 0.441558 0.407210
vt 0.491919 0.396014
vt 0.594589 0.306392
vt 0.614002 0.373542
vt 0.569355 0.347689
vt 0.638301 0.327174
vt 0.595826 0.302792
vt 0.643079 0.313271
vt 0.601309 0.254708
vt 0.560596 0.292698
vt 0.532540 0.316275
vt 0.527022 0.319074
vt 0.484783 0.342707
vt 0.432174 0.359732
vt 0.478415 0.345436
vt 0.212968 0.460293
vt 0.215616 0.390443
vt 0.249890 0.429004
vt 0.260753 0.500626
vt 0.257088 0.355330
vt 0.290980 0.397807
vt 0.292503 0.611484
vt 0.309791 0.543756
vt 0.266755 0.565904
vt 0.177989 0.426840
vt 0.142805 0.362481
vt 0.790404 0.341434
vt 0.700538 0.071919
vt 0.728544 0.111395
vt 0.750895 0.181255
vt 0.472366 0.128195
vt 0.252357 0.846345
vt 0.210279 0.907131
vt 0.246615 0.842550
vt 0.271160 0.142228
vt 0.270199 0.149044
vt 0.221121 0.145557
vt 0.257929 0.850387
vt 0.271160 0.135345
vt 0.221121 0.138673
vt 0.171258 0.842490
vt 0.165611 0.846426
vt 0.176993 0.838919
vt 0.222083 0.152244
vt 0.182706 0.835791
vt 0.223969 0.158478
vt 0.268313 0.155528
vt 0.240821 0.839081
vt 0.235079 0.836015
vt 0.265574 0.161434
vt 0.229476 0.833415
vt 0.262090 0.166533
vt 0.226707 0.164019
vt 0.188304 0.833171
vt 0.193725 0.831109
vt 0.230192 0.168654
vt 0.198944 0.829637
vt 0.257992 0.170630
vt 0.234290 0.172206
vt 0.224069 0.831334
vt 0.218870 0.829808
vt 0.253439 0.173567
vt 0.213846 0.828863
vt 0.248605 0.175231
vt 0.208919 0.828514
vt 0.243677 0.175559
vt 0.238843 0.174537
vt 0.203985 0.828771
vt 0.160172 0.850643
vt 0.222083 0.131858
vt 0.155056 0.855052
vt 0.223969 0.125373
vt 0.270199 0.128658
vt 0.268312 0.122424
vt 0.268107 0.858893
vt 0.263215 0.854594
vt 0.226707 0.119468
vt 0.272515 0.863227
vt 0.265574 0.116883
vt 0.150371 0.859571
vt 0.146206 0.864132
vt 0.230192 0.114369
vt 0.142628 0.868689
vt 0.234289 0.110272
vt 0.262089 0.112247
vt 0.276369 0.867560
vt 0.279630 0.871892
vt 0.257992 0.108696
vt 0.282286 0.876264
vt 0.253438 0.106364
vt 0.243676 0.105671
vt 0.238843 0.107335
vt 0.137347 0.877783
vt 0.135637 0.882417
vt 0.248605 0.105343
vt 0.139672 0.873230
vt 0.134506 0.887226
vt 0.049473 0.133723
vt 0.010418 0.071161
vt 0.055235 0.129959
vt 0.352856 0.119571
vt 0.351910 0.126388
vt 0.303654 0.123014
vt 0.043558 0.137243
vt 0.352856 0.112689
vt 0.303654 0.116131
vt 0.085177 0.061464
vt 0.083840 0.054713
vt 0.086152 0.068145
vt 0.304600 0.129698
vt 0.086737 0.074618
vt 0.306454 0.135928
vt 0.350056 0.132877
vt 0.060720 0.126028
vt 0.065815 0.122000
vt 0.347364 0.138788
vt 0.070424 0.117929
vt 0.343937 0.143895
vt 0.309146 0.141462
vt 0.086910 0.080770
vt 0.086650 0.086522
vt 0.312573 0.146089
vt 0.085936 0.091839
vt 0.339908 0.148000
vt 0.316602 0.149631
vt 0.074476 0.113845
vt 0.077930 0.109746
vt 0.335431 0.150948
vt 0.080777 0.105588
vt 0.330678 0.152623
vt 0.321079 0.151952
vt 0.084743 0.096738
vt 0.083036 0.101287
vt 0.325832 0.152962
vt 0.082173 0.048036
vt 0.304600 0.109315
vt 0.080208 0.041580
vt 0.306454 0.102826
vt 0.351910 0.106004
vt 0.350056 0.099775
vt 0.031752 0.143249
vt 0.037614 0.140442
vt 0.309147 0.096915
vt 0.026064 0.145602
vt 0.347364 0.094241
vt 0.077980 0.035478
vt 0.075515 0.029844
vt 0.312573 0.091808
vt 0.072829 0.024757
vt 0.316602 0.087702
vt 0.343937 0.089613
vt 0.020611 0.147449
vt 0.015407 0.148753
vt 0.339908 0.086071
vt 0.010418 0.149486
vt 0.335431 0.083751
vt 0.321079 0.084755
vt 0.069917 0.020257
vt 0.066749 0.016338
vt 0.325832 0.083080
vt 0.063264 0.012954
vt 0.330678 0.082741
vt 0.059384 0.010029
vt 0.282453 0.945733
vt 0.261017 0.911690
vt 0.266797 0.909212
vt 0.272578 0.906734
vt 0.067615 0.374306
vt 0.063167 0.378753
vt 0.052127 0.384655
vt 0.071109 0.369076
vt 0.265110 0.953168
vt 0.243674 0.919125
vt 0.249455 0.916646
vt 0.255236 0.914168
vt 0.045958 0.385882
vt 0.027689 0.382248
vt 0.057938 0.382248
vt 0.014517 0.338828
vt 0.010883 0.350807
vt 0.226331 0.926559
vt 0.236206 0.965558
vt 0.220550 0.929037
vt 0.022459 0.378753
vt 0.018012 0.374306
vt 0.241987 0.963080
vt 0.247767 0.960602
vt 0.232112 0.924081
vt 0.039668 0.385882
vt 0.033500 0.384655
vt 0.014517 0.369076
vt 0.012110 0.363266
vt 0.366639 0.014517
vt 0.372450 0.012110
vt 0.378618 0.010883
vt 0.191646 0.941427
vt 0.201521 0.980426
vt 0.185865 0.943905
vt 0.012110 0.344638
vt 0.207301 0.977948
vt 0.197427 0.938949
vt 0.010883 0.357097
vt 0.213082 0.975470
vt 0.349833 0.045958
vt 0.349833 0.039668
vt 0.356962 0.022459
vt 0.351060 0.033500
vt 0.353467 0.027689
vt 0.218863 0.972992
vt 0.203208 0.936471
vt 0.208989 0.933993
vt 0.224644 0.970514
vt 0.406564 0.063167
vt 0.361409 0.067615
vt 0.402117 0.018012
vt 0.353467 0.057938
vt 0.214770 0.931515
vt 0.230425 0.968036
vt 0.361409 0.018012
vt 0.406565 0.022459
vt 0.410059 0.027689
vt 0.412466 0.033500
vt 0.276672 0.948211
vt 0.270891 0.950689
vt 0.413693 0.039668
vt 0.396888 0.014517
vt 0.278359 0.904256
vt 0.294015 0.940777
vt 0.288234 0.943255
vt 0.299795 0.938299
vt 0.413693 0.045958
vt 0.284140 0.901778
vt 0.289921 0.899300
vt 0.305576 0.935821
vt 0.412466 0.052127
vt 0.295702 0.896822
vt 0.311357 0.933343
vt 0.410059 0.057938
vt 0.317138 0.930865
vt 0.073516 0.344638
vt 0.074743 0.350807
vt 0.074743 0.357097
vt 0.301483 0.894344
vt 0.071109 0.338827
vt 0.057938 0.325656
vt 0.318825 0.886910
vt 0.328700 0.925909
vt 0.313044 0.889388
vt 0.063167 0.329150
vt 0.067615 0.333598
vt 0.334481 0.923431
vt 0.324606 0.884432
vt 0.052127 0.323249
vt 0.033500 0.323249
vt 0.322919 0.928387
vt 0.307264 0.891866
vt 0.402117 0.067615
vt 0.396888 0.071109
vt 0.341949 0.876998
vt 0.351823 0.915997
vt 0.336168 0.879476
vt 0.039668 0.322022
vt 0.045958 0.322022
vt 0.357604 0.913519
vt 0.363385 0.911041
vt 0.347730 0.874519
vt 0.022459 0.329150
vt 0.027689 0.325656
vt 0.372449 0.073516
vt 0.366639 0.071109
vt 0.384908 0.074743
vt 0.391077 0.073516
vt 0.340261 0.920953
vt 0.378618 0.074743
vt 0.346042 0.918475
vt 0.330387 0.881954
vt 0.168523 0.951339
vt 0.178397 0.990338
vt 0.162742 0.953817
vt 0.184178 0.987860
vt 0.189959 0.985382
vt 0.174303 0.948861
vt 0.018012 0.333598
vt 0.356962 0.063167
vt 0.180084 0.946383
vt 0.073516 0.363265
vt 0.195740 0.982904
vt 0.351060 0.052127
vt 0.237893 0.921603
vt 0.253548 0.958124
vt 0.259329 0.955646
vt 0.384908 0.010883
vt 0.391077 0.012110
s 1
usemtl マテリアル
f 421/847/383 423/848/384 422/849/385
f 425/850/386 421/851/383 422/852/385
f 421/847/383 426/853/387 423/848/384
f 424/854/388 421/855/383 425/856/386
f 424/854/388 426/857/387 421/855/383
f 427/858/389 423/859/384 426/860/387
f 426/860/387 424/861/388 427/858/389
f 428/862/390 427/858/389 429/863/391
f 428/862/390 433/864/392 427/858/389
f 427/858/389 432/865/393 429/863/391
f 427/866/389 431/867/394 430/868/395
f 423/848/384 427/866/389 430/868/395
f 427/866/389 434/869/396 431/867/394
f 424/861/388 432/865/393 427/858/389
f 433/864/392 434/870/396 427/858/389
f 434/869/396 435/871/397 431/867/394
f 434/869/396 433/872/392 435/871/397
f 433/872/392 436/873/398 435/871/397
f 431/874/394 435/875/397 436/876/398
f 436/873/398 428/877/390 437/878/399
f 436/876/398 437/879/399 438/880/400
f 436/873/398 439/881/401 428/877/390
f 433/872/392 439/881/401 436/873/398
f 431/874/394 436/876/398 425/850/386
f 436/876/398 438/880/400 425/850/386
f 428/862/390 439/882/401 433/864/392
f 440/883/402 441/884/403 438/885/400
f 428/877/390 440/883/402 438/885/400
f 438/880/400 441/886/403 442/887/404
f 428/877/390 438/885/400 437/878/399
f 442/887/404 443/888/405 438/880/400
f 443/888/405 444/889/406 438/880/400
f 438/880/400 444/889/406 425/850/386
f 444/890/406 446/891/407 445/892/408
f 444/889/406 445/893/408 448/894/409
f 444/890/406 447/895/410 446/891/407
f 443/896/405 447/895/410 444/890/406
f 444/889/406 448/894/409 425/850/386
f 448/894/409 449/897/411 425/850/386
f 448/894/409 455/898/412 449/897/411
f 450/899/413 451/900/414 448/901/409
f 452/902/415 450/899/413 448/901/409
f 448/894/409 451/903/414 455/898/412
f 452/902/415 448/901/409 453/904/416
f 454/905/417 453/906/416 448/894/409
f 445/893/408 454/905/417 448/894/409
f 455/907/412 457/908/418 456/909/419
f 455/898/412 456/910/419 449/897/411
f 455/907/412 460/911/420 457/908/418
f 429/912/391 455/907/412 458/913/421
f 429/912/391 460/911/420 455/907/412
f 459/914/422 458/915/421 455/898/412
f 451/903/414 459/914/422 455/898/412
f 457/916/418 460/917/420 461/918/423
f 460/917/420 429/863/391 461/918/423
f 461/919/423 449/920/411 462/921/424
f 463/922/425 461/919/423 462/921/424
f 461/919/423 467/923/426 449/920/411
f 463/922/425 468/924/427 461/919/423
f 464/925/428 465/926/429 461/918/423
f 464/925/428 461/918/423 429/863/391
f 465/926/429 466/927/430 461/918/423
f 466/927/430 467/928/426 461/918/423
f 461/918/423 468/929/427 457/916/418
f 457/908/418 468/924/427 463/922/425
f 467/923/426 469/930/431 449/920/411
f 467/923/426 466/931/430 469/930/431
f 469/930/431 465/932/429 470/933/432
f 449/897/411 469/934/431 470/935/432
f 469/930/431 466/931/430 465/932/429
f 470/933/432 464/936/428 471/937/433
f 470/935/432 471/938/433 472/939/434
f 470/933/432 465/932/429 464/936/428
f 449/897/411 470/935/432 472/939/434
f 473/940/435 474/941/436 472/942/434
f 464/936/428 473/940/435 472/942/434
f 472/939/434 474/943/436 425/850/386
f 464/936/428 472/942/434 471/937/433
f 449/897/411 472/939/434 425/850/386
f 474/941/436 476/944/437 475/945/438
f 474/943/436 475/946/438 425/850/386
f 474/941/436 477/947/439 476/944/437
f 473/940/435 477/947/439 474/941/436
f 432/865/393 476/948/437 477/949/439
f 432/865/393 477/949/439 464/925/428
f 477/949/439 473/950/435 464/925/428
f 476/944/437 478/951/440 475/945/438
f 476/944/437 432/952/393 478/951/440
f 478/951/440 424/854/388 425/856/386
f 475/946/438 478/953/440 425/850/386
f 478/951/440 432/952/393 424/854/388
f 432/865/393 464/925/428 429/863/391
f 463/954/425 462/955/424 449/897/411
f 457/908/418 463/922/425 456/909/419
f 456/910/419 463/954/425 449/897/411
f 459/956/422 429/912/391 458/913/421
f 459/956/422 479/957/441 429/912/391
f 451/900/414 479/957/441 459/956/422
f 451/900/414 480/958/442 479/957/441
f 429/863/391 479/959/441 452/960/415
f 479/959/441 480/961/442 452/960/415
f 480/961/442 450/962/413 452/960/415
f 450/899/413 480/958/442 451/900/414
f 454/963/417 452/902/415 453/904/416
f 454/963/417 481/964/443 452/902/415
f 446/891/407 454/963/417 445/892/408
f 446/891/407 481/964/443 454/963/417
f 452/960/415 481/965/443 446/966/407
f 429/863/391 452/960/415 482/967/444
f 452/960/415 446/966/407 482/967/444
f 446/966/407 447/968/410 482/967/444
f 443/896/405 482/969/444 447/895/410
f 482/967/444 483/970/445 428/862/390
f 482/967/444 428/862/390 429/863/391
f 483/971/445 482/969/444 443/896/405
f 483/971/445 443/896/405 442/972/404
f 441/884/403 483/971/445 442/972/404
f 441/884/403 484/973/446 483/971/445
f 483/970/445 484/974/446 428/862/390
f 484/974/446 440/975/402 428/862/390
f 440/883/402 484/973/446 441/884/403
f 422/852/385 430/976/395 431/874/394
f 425/850/386 422/852/385 431/874/394
f 423/848/384 430/868/395 422/849/385
f 486/977/447 487/978/448 485/979/449
f 488/980/450 486/977/447 485/979/449
f 489/981/451 485/982/449 487/983/448
f 488/980/450 485/979/449 489/984/451
f 490/985/452 491/986/453 489/981/451
f 497/987/454 490/985/452 489/981/451
f 494/988/455 489/981/451 491/986/453
f 492/989/456 488/980/450 489/984/451
f 492/989/456 489/984/451 493/990/457
f 494/988/455 493/991/457 489/981/451
f 489/981/451 487/983/448 495/992/458
f 489/981/451 495/992/458 496/993/459
f 496/993/459 497/987/454 489/981/451
f 498/994/460 499/995/461 497/996/454
f 500/997/462 498/994/460 497/996/454
f 497/987/454 499/998/461 501/999/463
f 500/1000/462 497/987/454 496/993/459
f 497/987/454 501/999/463 490/985/452
f 501/1001/463 503/1002/464 502/1003/465
f 501/999/463 502/1004/465 490/985/452
f 501/1001/463 504/1005/466 503/1002/464
f 499/995/461 504/1005/466 501/1001/463
f 499/995/461 506/1006/467 504/1005/466
f 503/1007/464 504/1008/466 505/1009/468
f 504/1008/466 506/1010/467 505/1009/468
f 506/1010/467 498/1011/460 505/1009/468
f 498/994/460 506/1006/467 499/995/461
f 507/1012/469 505/1009/468 508/1013/470
f 507/1012/469 503/1007/464 505/1009/468
f 505/1009/468 509/1014/471 508/1013/470
f 500/997/462 505/1015/468 498/994/460
f 505/1009/468 510/1016/472 509/1014/471
f 510/1017/472 505/1015/468 500/997/462
f 510/1017/472 500/997/462 511/1018/473
f 512/1019/474 510/1017/472 511/1018/473
f 512/1019/474 513/1020/475 510/1017/472
f 510/1016/472 513/1021/475 509/1014/471
f 513/1021/475 514/1022/476 509/1014/471
f 514/1023/476 513/1020/475 512/1019/474
f 514/1023/476 512/1019/474 496/1024/459
f 515/1025/477 514/1023/476 496/1024/459
f 515/1025/477 509/1026/471 514/1023/476
f 516/1027/478 515/1028/477 496/993/459
f 516/1029/478 509/1026/471 515/1025/477
f 516/1029/478 518/1030/479 509/1026/471
f 517/1031/480 518/1030/479 516/1029/478
f 517/1032/480 516/1027/478 496/993/459
f 517/1031/480 519/1033/481 518/1030/479
f 509/1014/471 518/1034/479 519/1035/481
f 519/1035/481 520/1036/482 509/1014/471
f 520/1037/482 519/1033/481 517/1031/480
f 520/1037/482 517/1031/480 495/1038/458
f 508/1039/470 520/1037/482 495/1038/458
f 520/1036/482 508/1013/470 509/1014/471
f 495/992/458 517/1032/480 496/993/459
f 496/993/459 512/1040/474 511/1041/473
f 511/1041/473 500/1000/462 496/993/459
f 508/1013/470 492/1042/456 507/1012/469
f 508/1039/470 495/1038/458 521/1043/483
f 487/978/448 508/1044/470 521/1045/483
f 487/978/448 522/1046/484 508/1044/470
f 508/1013/470 522/1047/484 486/1048/447
f 486/1048/447 488/1049/450 508/1013/470
f 488/1049/450 492/1042/456 508/1013/470
f 486/977/447 522/1046/484 487/978/448
f 487/983/448 521/1050/483 495/992/458
f 507/1051/469 524/1052/485 523/1053/486
f 528/1054/487 507/1051/469 523/1053/486
f 507/1051/469 525/1055/488 524/1052/485
f 525/1056/488 507/1012/469 526/1057/489
f 530/1058/490 526/1057/489 507/1012/469
f 507/1012/469 528/1059/487 527/1060/491
f 527/1060/491 529/1061/492 507/1012/469
f 529/1061/492 503/1007/464 507/1012/469
f 492/1042/456 530/1058/490 507/1012/469
f 530/1062/490 532/1063/493 531/1064/494
f 537/1065/495 530/1062/490 531/1064/494
f 530/1062/490 535/1066/496 532/1063/493
f 492/1042/456 533/1067/497 530/1058/490
f 533/1067/497 534/1068/498 530/1058/490
f 534/1068/498 535/1069/496 530/1058/490
f 530/1058/490 537/1070/495 536/1071/499
f 536/1071/499 538/1072/500 530/1058/490
f 538/1072/500 526/1057/489 530/1058/490
f 538/1073/500 539/1074/501 491/1075/453
f 540/1076/502 538/1073/500 491/1075/453
f 538/1073/500 536/1077/499 539/1074/501
f 540/1076/502 526/1078/489 538/1073/500
f 540/1079/502 491/986/453 524/1080/485
f 541/1081/503 540/1076/502 542/1082/504
f 541/1081/503 526/1078/489 540/1076/502
f 542/1083/504 540/1079/502 524/1080/485
f 543/1084/505 541/1081/503 542/1082/504
f 524/1080/485 543/1085/505 542/1083/504
f 543/1084/505 544/1086/506 541/1081/503
f 525/1055/488 543/1084/505 524/1052/485
f 525/1055/488 544/1086/506 543/1084/505
f 526/1057/489 541/1087/503 544/1088/506
f 544/1088/506 525/1056/488 526/1057/489
f 536/1077/499 545/1089/507 539/1074/501
f 491/986/453 539/1090/501 545/1091/507
f 537/1065/495 531/1064/494 545/1089/507
f 536/1077/499 537/1065/495 545/1089/507
f 545/1091/507 531/1092/494 532/1093/493
f 491/986/453 545/1091/507 532/1093/493
f 535/1066/496 546/1094/508 532/1063/493
f 535/1066/496 534/1095/498 546/1094/508
f 546/1094/508 533/1096/497 494/1097/455
f 532/1093/493 546/1098/508 494/988/455
f 546/1094/508 534/1095/498 533/1096/497
f 494/1097/455 533/1096/497 492/989/456
f 532/1093/493 494/988/455 491/986/453
f 529/1099/492 547/1100/509 490/1101/452
f 502/1003/465 529/1099/492 490/1101/452
f 529/1099/492 527/1102/491 547/1100/509
f 502/1003/465 503/1002/464 529/1099/492
f 547/1100/509 528/1054/487 548/1103/510
f 490/985/452 547/1104/509 548/1105/510
f 547/1100/509 527/1102/491 528/1054/487
f 528/1054/487 523/1053/486 548/1103/510
f 548/1105/510 523/1106/486 524/1080/485
f 490/985/452 548/1105/510 491/986/453
f 548/1105/510 524/1080/485 491/986/453
f 494/1097/455 492/989/456 493/990/457
f 550/1107/511 551/1108/512 549/1109/513
f 552/1110/514 550/1107/511 549/1109/513
f 549/1111/513 551/1112/512 554/1113/515
f 552/1110/514 549/1109/513 553/1114/516
f 553/1115/516 549/1111/513 554/1113/515
f 554/1116/515 556/1117/517 555/1118/518
f 554/1113/515 555/1119/518 559/1120/519
f 554/1116/515 558/1121/520 556/1117/517
f 557/1122/521 558/1121/520 554/1116/515
f 551/1112/512 557/1123/521 554/1113/515
f 553/1115/516 554/1113/515 561/1124/522
f 559/1120/519 560/1125/523 554/1113/515
f 560/1125/523 561/1124/522 554/1113/515
f 562/1126/524 563/1127/525 561/1128/522
f 564/1129/526 562/1126/524 561/1128/522
f 561/1124/522 563/1130/525 565/1131/527
f 564/1129/526 561/1128/522 560/1132/523
f 561/1124/522 565/1131/527 566/1133/528
f 561/1124/522 566/1133/528 553/1115/516
f 566/1134/528 568/1135/529 567/1136/530
f 566/1133/528 567/1137/530 571/1138/531
f 566/1134/528 570/1139/532 568/1135/529
f 569/1140/533 570/1139/532 566/1134/528
f 565/1131/527 569/1141/533 566/1133/528
f 571/1138/531 572/1142/534 566/1133/528
f 572/1142/534 573/1143/535 566/1133/528
f 566/1133/528 573/1143/535 553/1115/516
f 573/1143/535 574/1144/536 553/1115/516
f 580/1145/537 574/1144/536 573/1143/535
f 573/1146/535 576/1147/538 575/1148/539
f 573/1143/535 575/1149/539 578/1150/540
f 573/1146/535 581/1151/541 576/1147/538
f 577/1152/542 573/1146/535 572/1153/534
f 577/1152/542 581/1151/541 573/1146/535
f 573/1143/535 578/1150/540 579/1154/543
f 579/1154/543 580/1145/537 573/1143/535
f 576/1155/538 581/1156/541 577/1157/542
f 580/1158/537 583/1159/544 582/1160/545
f 580/1145/537 582/1161/545 574/1144/536
f 580/1158/537 586/1162/546 583/1159/544
f 584/1163/547 580/1158/537 585/1164/548
f 584/1163/547 586/1162/546 580/1158/537
f 579/1154/543 585/1165/548 580/1145/537
f 583/1166/544 586/1167/546 584/1168/547
f 587/1169/549 584/1163/547 585/1164/548
f 587/1169/549 585/1164/548 579/1170/543
f 588/1171/550 587/1169/549 579/1170/543
f 584/1168/547 587/1172/549 583/1166/544
f 587/1172/549 588/1173/550 583/1166/544
f 589/1174/551 588/1173/550 590/1175/552
f 589/1174/551 583/1166/544 588/1173/550
f 588/1173/550 577/1157/542 590/1175/552
f 588/1171/550 579/1170/543 591/1176/553
f 578/1177/540 588/1171/550 591/1176/553
f 578/1177/540 592/1178/554 588/1171/550
f 588/1173/550 592/1179/554 577/1157/542
f 592/1179/554 576/1155/538 577/1157/542
f 576/1147/538 592/1178/554 578/1177/540
f 578/1150/540 591/1180/553 579/1154/543
f 596/1181/555 589/1174/551 590/1175/552
f 577/1157/542 593/1182/556 590/1175/552
f 593/1182/556 568/1183/529 590/1175/552
f 568/1183/529 570/1184/532 590/1175/552
f 569/1140/533 590/1185/552 570/1139/532
f 590/1175/552 595/1186/557 594/1187/558
f 594/1187/558 562/1188/524 590/1175/552
f 595/1189/557 590/1185/552 569/1140/533
f 562/1188/524 564/1190/526 590/1175/552
f 564/1190/526 556/1191/517 590/1175/552
f 556/1191/517 596/1181/555 590/1175/552
f 551/1108/512 596/1192/555 557/1122/521
f 551/1108/512 597/1193/559 596/1192/555
f 557/1122/521 596/1192/555 558/1121/520
f 596/1181/555 597/1194/559 550/1195/511
f 550/1195/511 552/1196/514 596/1181/555
f 552/1196/514 598/1197/560 596/1181/555
f 598/1197/560 599/1198/561 596/1181/555
f 556/1191/517 558/1199/520 596/1181/555
f 599/1198/561 589/1174/551 596/1181/555
f 599/1200/561 601/1201/562 600/1202/563
f 602/1203/564 599/1200/561 600/1202/563
f 599/1200/561 603/1204/565 601/1201/562
f 602/1203/564 604/1205/566 599/1200/561
f 598/1197/560 603/1206/565 599/1198/561
f 599/1198/561 604/1207/566 589/1174/551
f 605/1208/567 604/1205/566 602/1203/564
f 605/1208/567 589/1209/551 604/1205/566
f 605/1210/567 602/1211/564 574/1144/536
f 606/1212/568 605/1208/567 607/1213/569
f 606/1212/568 589/1209/551 605/1208/567
f 607/1214/569 605/1210/567 574/1144/536
f 608/1215/570 606/1216/568 607/1217/569
f 608/1215/570 607/1217/569 609/1218/571
f 574/1144/536 609/1219/571 607/1214/569
f 610/1220/572 608/1215/570 609/1218/571
f 610/1220/572 609/1218/571 574/1221/536
f 583/1159/544 610/1220/572 574/1221/536
f 608/1222/570 610/1223/572 583/1166/544
f 589/1174/551 606/1224/568 608/1222/570
f 589/1174/551 608/1222/570 583/1166/544
f 603/1204/565 611/1225/573 601/1201/562
f 603/1204/565 598/1226/560 611/1225/573
f 611/1225/573 552/1110/514 553/1114/516
f 601/1227/562 611/1228/573 553/1115/516
f 611/1225/573 598/1226/560 552/1110/514
f 602/1211/564 600/1229/563 553/1115/516
f 574/1144/536 602/1211/564 553/1115/516
f 600/1229/563 601/1227/562 553/1115/516
f 550/1107/511 597/1193/559 551/1108/512
f 595/1189/557 569/1140/533 565/1230/527
f 594/1231/558 595/1189/557 565/1230/527
f 594/1231/558 565/1230/527 563/1127/525
f 562/1126/524 594/1231/558 563/1127/525
f 593/1232/556 572/1153/534 571/1233/531
f 568/1135/529 593/1232/556 571/1233/531
f 593/1232/556 577/1152/542 572/1153/534
f 583/1159/544 574/1221/536 582/1160/545
f 576/1147/538 578/1177/540 575/1148/539
f 568/1135/529 571/1233/531 567/1136/530
f 559/1234/519 564/1129/526 560/1132/523
f 559/1234/519 612/1235/574 564/1129/526
f 564/1190/526 612/1236/574 556/1191/517
f 556/1117/517 612/1235/574 559/1234/519
f 556/1117/517 559/1234/519 555/1118/518
f 613/1237/575 615/1238/576 614/1239/577
f 616/1240/578 613/1241/575 614/1242/577
f 613/1237/575 617/1243/579 615/1238/576
f 616/1240/578 619/1244/580 613/1241/575
f 613/1237/575 618/1245/581 617/1243/579
f 613/1237/575 619/1246/580 618/1245/581
f 619/1246/580 620/1247/582 618/1245/581
f 619/1246/580 622/1248/583 620/1247/582
f 621/1249/584 619/1244/580 616/1240/578
f 621/1249/584 622/1250/583 619/1244/580
f 623/1251/585 620/1247/582 622/1248/583
f 623/1252/585 622/1250/583 621/1249/584
f 623/1252/585 621/1249/584 624/1253/586
f 625/1254/587 623/1252/585 624/1253/586
f 625/1255/587 626/1256/588 623/1251/585
f 623/1251/585 626/1256/588 620/1247/582
f 625/1255/587 628/1257/589 626/1256/588
f 626/1258/588 627/1259/590 620/1260/582
f 626/1258/588 629/1261/591 627/1259/590
f 628/1262/589 629/1261/591 626/1258/588
f 628/1262/589 632/1263/592 629/1261/591
f 629/1264/591 631/1265/593 630/1266/594
f 627/1267/590 629/1264/591 630/1266/594
f 629/1264/591 632/1268/592 631/1265/593
f 633/1269/595 632/1270/592 628/1271/589
f 631/1272/593 632/1273/592 633/1274/595
f 633/1269/595 628/1271/589 634/1275/596
f 636/1276/597 633/1269/595 634/1275/596
f 631/1272/593 633/1274/595 635/1277/598
f 635/1277/598 633/1274/595 636/1276/597
f 637/1278/599 636/1276/597 638/1279/600
f 637/1278/599 639/1280/601 636/1276/597
f 636/1276/597 640/1281/602 638/1279/600
f 635/1277/598 636/1276/597 639/1280/601
f 636/1276/597 641/1282/603 640/1281/602
f 636/1276/597 634/1275/596 641/1282/603
f 641/1282/603 634/1283/596 644/1284/604
f 641/1282/603 642/1285/605 640/1281/602
f 641/1282/603 643/1286/606 642/1285/605
f 641/1282/603 644/1284/604 643/1286/606
f 644/1284/604 645/1287/607 643/1286/606
f 644/1284/604 624/1288/586 645/1287/607
f 625/1254/587 624/1253/586 644/1284/604
f 634/1283/596 625/1254/587 644/1284/604
f 642/1285/605 643/1286/606 645/1289/607
f 642/1285/605 645/1289/607 646/1290/608
f 646/1290/608 645/1289/607 647/1291/609
f 624/1288/586 647/1292/609 645/1287/607
f 647/1292/609 616/1293/578 648/1294/610
f 647/1291/609 648/1295/610 650/1296/611
f 647/1292/609 621/1297/584 616/1293/578
f 647/1291/609 650/1296/611 649/1298/612
f 646/1290/608 647/1291/609 649/1298/612
f 624/1288/586 621/1297/584 647/1292/609
f 649/1299/612 650/1300/611 652/1301/613
f 648/1295/610 651/1302/614 650/1296/611
f 650/1300/611 651/1303/614 653/1304/615
f 650/1300/611 653/1304/615 652/1301/613
f 653/1305/615 654/1306/616 652/1307/613
f 653/1305/615 655/1308/617 654/1306/616
f 653/1305/615 656/1309/618 655/1308/617
f 653/1305/615 651/1310/614 656/1309/618
f 651/1310/614 657/1311/619 656/1309/618
f 656/1312/618 657/1313/619 659/1314/620
f 656/1312/618 659/1314/620 658/1315/621
f 655/1316/617 656/1312/618 658/1315/621
f 659/1317/620 660/1318/622 658/1319/621
f 615/1320/576 659/1314/620 657/1313/619
f 615/1320/576 663/1321/623 659/1314/620
f 659/1317/620 661/1322/624 660/1318/622
f 659/1317/620 662/1323/625 661/1322/624
f 659/1317/620 663/1324/623 662/1323/625
f 663/1324/623 664/1325/626 662/1323/625
f 663/1324/623 665/1326/627 664/1325/626
f 617/1327/579 663/1321/623 615/1320/576
f 617/1327/579 665/1328/627 663/1321/623
f 666/1329/628 664/1325/626 665/1326/627
f 617/1327/579 666/1330/628 665/1328/627
f 627/1267/590 667/1331/629 666/1329/628
f 618/1332/581 627/1259/590 666/1330/628
f 666/1329/628 667/1331/629 664/1325/626
f 617/1327/579 618/1332/581 666/1330/628
f 668/1333/630 669/1334/631 667/1335/629
f 627/1267/590 668/1336/630 667/1331/629
f 667/1335/629 669/1334/631 670/1337/632
f 667/1335/629 670/1337/632 664/1338/626
f 662/1339/625 664/1338/626 670/1337/632
f 670/1340/632 672/1341/633 671/1342/634
f 662/1339/625 670/1337/632 671/1343/634
f 670/1340/632 669/1344/631 672/1341/633
f 672/1345/633 674/1346/635 673/1347/636
f 671/1348/634 672/1345/633 673/1347/636
f 672/1345/633 675/1349/637 674/1346/635
f 669/1344/631 675/1350/637 672/1341/633
f 675/1350/637 677/1351/638 676/1352/639
f 674/1346/635 675/1349/637 676/1353/639
f 675/1350/637 678/1354/640 677/1351/638
f 669/1344/631 678/1354/640 675/1350/637
f 668/1333/630 677/1355/638 678/1356/640
f 668/1333/630 678/1356/640 669/1334/631
f 630/1357/594 679/1358/641 677/1355/638
f 668/1333/630 630/1357/594 677/1355/638
f 676/1352/639 677/1351/638 679/1359/641
f 630/1357/594 631/1360/593 679/1358/641
f 679/1359/641 635/1361/598 680/1362/642
f 676/1352/639 679/1359/641 680/1362/642
f 679/1359/641 631/1363/593 635/1361/598
f 681/1364/643 680/1362/642 682/1365/644
f 681/1364/643 676/1353/639 680/1362/642
f 680/1362/642 639/1280/601 682/1365/644
f 680/1362/642 635/1361/598 639/1280/601
f 681/1366/643 682/1365/644 683/1367/645
f 683/1367/645 682/1365/644 639/1280/601
f 681/1366/643 683/1367/645 684/1368/646
f 684/1369/646 683/1367/645 685/1370/647
f 683/1367/645 639/1280/601 637/1278/599
f 685/1370/647 683/1367/645 637/1278/599
f 685/1370/647 637/1278/599 686/1371/648
f 687/1372/649 685/1370/647 686/1371/648
f 687/1372/649 688/1373/650 685/1370/647
f 684/1369/646 685/1370/647 688/1374/650
f 689/1375/651 688/1373/650 687/1372/649
f 689/1375/651 691/1376/652 688/1373/650
f 690/1377/653 684/1369/646 688/1374/650
f 690/1377/653 688/1374/650 691/1378/652
f 692/1379/654 690/1377/653 691/1378/652
f 689/1375/651 692/1380/654 691/1376/652
f 692/1379/654 694/1381/655 690/1377/653
f 689/1375/651 695/1382/656 692/1380/654
f 693/1383/657 694/1381/655 692/1379/654
f 695/1382/656 693/1384/657 692/1380/654
f 695/1382/656 698/1385/658 693/1384/657
f 696/1386/659 695/1387/656 689/1388/651
f 696/1386/659 697/1389/660 695/1387/656
f 697/1389/660 698/1390/658 695/1387/656
f 697/1389/660 699/1391/661 698/1390/658
f 660/1392/622 693/1384/657 698/1385/658
f 658/1319/621 660/1318/622 698/1390/658
f 658/1319/621 698/1390/658 699/1391/661
f 655/1316/617 658/1315/621 699/1393/661
f 655/1316/617 699/1393/661 697/1394/660
f 655/1316/617 697/1394/660 654/1395/616
f 654/1395/616 697/1394/660 696/1396/659
f 700/1397/662 696/1396/659 701/1398/663
f 700/1397/662 702/1399/664 696/1396/659
f 696/1386/659 687/1400/649 701/1401/663
f 696/1386/659 689/1388/651 687/1400/649
f 654/1395/616 696/1396/659 702/1399/664
f 703/1402/665 702/1403/664 700/1404/662
f 703/1402/665 704/1405/666 702/1403/664
f 652/1307/613 654/1306/616 702/1403/664
f 652/1307/613 702/1403/664 704/1405/666
f 703/1406/665 649/1299/612 704/1407/666
f 649/1299/612 652/1301/613 704/1407/666
f 703/1406/665 646/1408/608 649/1299/612
f 705/1409/667 646/1408/608 703/1406/665
f 705/1409/667 703/1402/665 700/1404/662
f 705/1409/667 642/1285/605 646/1408/608
f 705/1409/667 700/1404/662 706/1410/668
f 640/1281/602 705/1409/667 706/1410/668
f 640/1281/602 642/1285/605 705/1409/667
f 706/1411/668 700/1397/662 701/1398/663
f 706/1411/668 701/1398/663 707/1412/669
f 638/1279/600 706/1411/668 707/1412/669
f 638/1279/600 640/1281/602 706/1411/668
f 701/1401/663 686/1413/648 707/1414/669
f 686/1413/648 638/1279/600 707/1414/669
f 701/1401/663 687/1400/649 686/1413/648
f 708/1415/670 673/1416/636 694/1417/655
f 693/1383/657 708/1418/670 694/1381/655
f 694/1417/655 673/1416/636 674/1419/635
f 694/1417/655 674/1419/635 690/1420/653
f 661/1421/624 708/1422/670 660/1392/622
f 661/1421/624 709/1423/671 708/1422/670
f 660/1392/622 708/1422/670 693/1384/657
f 708/1415/670 709/1424/671 673/1416/636
f 661/1421/624 671/1343/634 709/1423/671
f 671/1348/634 673/1347/636 709/1425/671
f 674/1419/635 684/1368/646 690/1420/653
f 686/1413/648 637/1278/599 638/1279/600
f 674/1419/635 681/1366/643 684/1368/646
f 674/1346/635 676/1353/639 681/1364/643
f 661/1421/624 662/1339/625 671/1343/634
f 627/1267/590 630/1266/594 668/1336/630
f 614/1239/577 657/1311/619 710/1426/672
f 614/1239/577 615/1238/576 657/1311/619
f 651/1310/614 710/1426/672 657/1311/619
f 648/1294/610 614/1427/577 710/1428/672
f 648/1295/610 710/1429/672 651/1302/614
f 648/1294/610 616/1293/578 614/1427/577
f 634/1283/596 628/1430/589 625/1254/587
f 618/1332/581 620/1260/582 627/1259/590
f 711/1431/673 713/1432/674 712/1433/675
f 711/1434/673 712/1435/675 716/1436/676
f 714/1437/677 713/1432/674 711/1431/673
f 714/1438/677 711/1434/673 715/1439/678
f 716/1436/676 715/1439/678 711/1434/673
f 716/1440/676 713/1432/674 715/1441/678
f 717/1442/679 713/1432/674 716/1440/676
f 712/1435/675 717/1443/679 716/1436/676
f 718/1444/680 713/1432/674 717/1442/679
f 718/1445/680 717/1443/679 719/1446/681
f 712/1435/675 719/1446/681 717/1443/679
f 719/1447/681 713/1432/674 720/1448/682
f 719/1446/681 720/1449/682 718/1445/680
f 712/1433/675 713/1432/674 719/1447/681
f 720/1448/682 713/1432/674 721/1450/683
f 720/1449/682 721/1451/683 722/1452/684
f 722/1452/684 718/1445/680 720/1449/682
f 722/1453/684 713/1432/674 718/1444/680
f 723/1454/685 713/1432/674 722/1453/684
f 723/1455/685 722/1452/684 721/1451/683
f 724/1456/686 713/1432/674 723/1454/685
f 725/1457/687 724/1458/686 723/1455/685
f 721/1451/683 725/1457/687 723/1455/685
f 725/1459/687 713/1432/674 726/1460/688
f 725/1457/687 726/1461/688 724/1458/686
f 721/1450/683 713/1432/674 725/1459/687
f 726/1460/688 713/1432/674 727/1462/689
f 726/1461/688 727/1463/689 724/1458/686
f 727/1462/689 713/1432/674 728/1464/690
f 727/1463/689 728/1465/690 729/1466/691
f 729/1466/691 724/1458/686 727/1463/689
f 729/1467/691 713/1432/674 724/1456/686
f 728/1464/690 713/1432/674 729/1467/691
f 715/1441/678 713/1432/674 730/1468/692
f 715/1439/678 730/1469/692 714/1438/677
f 730/1468/692 713/1432/674 731/1470/693
f 730/1469/692 731/1471/693 732/1472/694
f 730/1469/692 732/1472/694 714/1438/677
f 733/1473/695 732/1472/694 731/1471/693
f 733/1474/695 713/1432/674 732/1475/694
f 732/1475/694 713/1432/674 714/1437/677
f 731/1471/693 735/1476/696 733/1473/695
f 734/1477/697 713/1432/674 733/1474/695
f 734/1478/697 733/1473/695 735/1476/696
f 735/1479/696 713/1432/674 736/1480/698
f 735/1476/696 736/1481/698 734/1478/697
f 731/1470/693 713/1432/674 735/1479/696
f 736/1480/698 713/1432/674 737/1482/699
f 736/1481/698 737/1483/699 738/1484/700
f 738/1484/700 734/1478/697 736/1481/698
f 738/1485/700 713/1432/674 734/1477/697
f 739/1486/701 713/1432/674 738/1485/700
f 737/1483/699 739/1487/701 738/1484/700
f 740/1488/702 713/1432/674 739/1486/701
f 740/1489/702 739/1487/701 742/1490/703
f 737/1483/699 741/1491/704 739/1487/701
f 741/1491/704 742/1490/703 739/1487/701
f 742/1492/703 713/1432/674 743/1493/705
f 742/1490/703 743/1494/705 740/1489/702
f 741/1495/704 713/1432/674 742/1492/703
f 743/1493/705 713/1432/674 740/1496/702
f 737/1482/699 713/1432/674 741/1495/704
f 744/1497/706 746/1498/707 745/1499/708
f 744/1500/706 745/1501/708 749/1502/709
f 747/1503/710 746/1498/707 744/1497/706
f 747/1504/710 744/1500/706 748/1505/711
f 749/1502/709 748/1505/711 744/1500/706
f 749/1506/709 746/1498/707 748/1507/711
f 750/1508/712 746/1498/707 749/1506/709
f 745/1501/708 750/1509/712 749/1502/709
f 751/1510/713 746/1498/707 750/1508/712
f 751/1511/713 750/1509/712 752/1512/714
f 745/1501/708 752/1512/714 750/1509/712
f 752/1513/714 746/1498/707 753/1514/715
f 752/1512/714 753/1515/715 751/1511/713
f 745/1499/708 746/1498/707 752/1513/714
f 753/1514/715 746/1498/707 754/1516/716
f 753/1515/715 754/1517/716 755/1518/717
f 755/1518/717 751/1511/713 753/1515/715
f 755/1519/717 746/1498/707 751/1510/713
f 756/1520/718 746/1498/707 755/1519/717
f 756/1521/718 755/1518/717 754/1517/716
f 757/1522/719 746/1498/707 756/1520/718
f 758/1523/720 757/1524/719 756/1521/718
f 754/1517/716 758/1523/720 756/1521/718
f 758/1525/720 746/1498/707 759/1526/721
f 758/1523/720 759/1527/721 757/1524/719
f 754/1516/716 746/1498/707 758/1525/720
f 759/1526/721 746/1498/707 760/1528/722
f 759/1527/721 760/1529/722 761/1530/723
f 761/1530/723 757/1524/719 759/1527/721
f 761/1531/723 746/1498/707 757/1522/719
f 762/1532/690 746/1498/707 761/1531/723
f 760/1529/722 762/1533/690 761/1530/723
f 760/1528/722 746/1498/707 762/1532/690
f 748/1507/711 746/1498/707 763/1534/724
f 748/1505/711 763/1535/724 747/1504/710
f 763/1534/724 746/1498/707 764/1536/725
f 763/1535/724 764/1537/725 765/1538/726
f 763/1535/724 765/1538/726 747/1504/710
f 766/1539/727 765/1538/726 764/1537/725
f 766/1540/727 746/1498/707 765/1541/726
f 765/1541/726 746/1498/707 747/1503/710
f 764/1537/725 768/1542/728 766/1539/727
f 767/1543/729 746/1498/707 766/1540/727
f 767/1544/729 766/1539/727 768/1542/728
f 768/1545/728 746/1498/707 769/1546/730
f 768/1542/728 769/1547/730 767/1544/729
f 764/1536/725 746/1498/707 768/1545/728
f 769/1546/730 746/1498/707 770/1548/731
f 769/1547/730 770/1549/731 771/1550/732
f 771/1550/732 767/1544/729 769/1547/730
f 771/1551/732 746/1498/707 767/1543/729
f 772/1552/733 746/1498/707 771/1551/732
f 770/1549/731 772/1553/733 771/1550/732
f 773/1554/734 746/1498/707 772/1552/733
f 773/1555/734 772/1553/733 774/1556/735
f 770/1549/731 774/1556/735 772/1553/733
f 774/1557/735 746/1498/707 775/1558/736
f 774/1556/735 775/1559/736 773/1555/734
f 770/1548/731 746/1498/707 774/1557/735
f 775/1558/736 746/1498/707 776/1560/737
f 775/1559/736 776/1561/737 773/1555/734
f 776/1560/737 746/1498/707 773/1562/734
f 778/1563/442 779/1564/422 777/1565/414
f 780/1566/738 778/1563/442 777/1565/414
f 777/1567/414 779/1568/422 781/1569/412
f 780/1570/738 777/1567/414 781/1569/412
f 782/1571/739 783/1572/419 781/1573/412
f 784/1574/740 782/1571/739 781/1573/412
f 781/1569/412 783/1575/419 785/1576/411
f 779/1568/422 784/1577/740 781/1569/412
f 780/1570/738 781/1569/412 785/1576/411
f 780/1570/738 785/1576/411 786/1578/741
f 795/1579/742 786/1578/741 785/1576/411
f 785/1580/411 788/1581/430 787/1582/431
f 785/1576/411 787/1583/431 792/1584/432
f 785/1580/411 796/1585/426 788/1581/430
f 789/1586/423 785/1580/411 790/1587/424
f 789/1586/423 796/1585/426 785/1580/411
f 791/1588/425 790/1589/424 785/1576/411
f 783/1575/419 791/1588/425 785/1576/411
f 792/1584/432 793/1590/743 785/1576/411
f 793/1590/743 794/1591/434 785/1576/411
f 794/1591/434 795/1579/742 785/1576/411
f 788/1592/430 796/1593/426 789/1594/423
f 795/1595/742 798/1596/393 797/1597/744
f 795/1579/742 797/1598/744 786/1578/741
f 795/1595/742 800/1599/745 798/1596/393
f 799/1600/746 800/1599/745 795/1595/742
f 794/1591/434 799/1601/746 795/1579/742
f 799/1600/746 802/1602/747 800/1599/745
f 798/1603/393 800/1604/745 801/1605/748
f 800/1604/745 802/1606/747 801/1605/748
f 802/1606/747 803/1607/749 801/1605/748
f 803/1608/749 802/1602/747 799/1600/746
f 803/1608/749 799/1600/746 794/1609/434
f 793/1610/743 803/1608/749 794/1609/434
f 793/1610/743 801/1611/748 803/1608/749
f 804/1612/444 805/1613/750 801/1605/748
f 808/1614/391 804/1612/444 801/1605/748
f 805/1613/750 807/1615/387 801/1605/748
f 792/1616/432 801/1611/748 793/1610/743
f 792/1616/432 806/1617/429 801/1611/748
f 807/1615/387 798/1603/393 801/1605/748
f 801/1605/748 806/1618/429 788/1592/430
f 801/1605/748 788/1592/430 808/1614/391
f 808/1614/391 809/1619/751 778/1620/442
f 778/1620/442 810/1621/752 808/1614/391
f 809/1622/751 808/1623/391 784/1574/740
f 810/1621/752 811/1624/415 808/1614/391
f 808/1614/391 811/1624/415 804/1612/444
f 782/1625/739 808/1614/391 789/1594/423
f 784/1574/740 808/1623/391 782/1571/739
f 788/1592/430 789/1594/423 808/1614/391
f 812/1626/753 811/1627/415 810/1628/752
f 813/1629/443 811/1627/415 812/1626/753
f 811/1624/415 813/1630/443 804/1612/444
f 813/1629/443 812/1626/753 814/1631/417
f 815/1632/408 813/1629/443 814/1631/417
f 815/1632/408 816/1633/407 813/1629/443
f 813/1630/443 816/1634/407 804/1612/444
f 817/1635/754 816/1633/407 815/1632/408
f 817/1635/754 818/1636/755 816/1633/407
f 816/1634/407 818/1637/755 804/1612/444
f 804/1638/444 818/1636/755 817/1635/754
f 817/1639/754 815/1640/408 814/1641/417
f 804/1638/444 817/1635/754 819/1642/405
f 819/1643/405 817/1639/754 820/1644/400
f 817/1639/754 814/1641/417 820/1644/400
f 820/1645/400 822/1646/446 821/1647/403
f 820/1644/400 821/1648/403 826/1649/404
f 820/1645/400 824/1650/402 822/1646/446
f 823/1651/756 824/1650/402 820/1645/400
f 823/1652/756 820/1644/400 825/1653/394
f 825/1653/394 820/1644/400 780/1570/738
f 826/1649/404 819/1643/405 820/1644/400
f 814/1641/417 780/1570/738 820/1644/400
f 827/1654/445 819/1642/405 826/1655/404
f 822/1646/446 827/1654/445 826/1655/404
f 822/1646/446 826/1655/404 821/1647/403
f 827/1654/445 804/1638/444 819/1642/405
f 804/1612/444 827/1656/445 822/1657/446
f 825/1658/394 829/1659/392 828/1660/757
f 825/1653/394 828/1661/757 832/1662/398
f 825/1658/394 833/1663/396 829/1659/392
f 805/1664/750 825/1658/394 830/1665/758
f 805/1664/750 833/1663/396 825/1658/394
f 831/1666/385 830/1667/758 825/1653/394
f 786/1578/741 831/1666/385 825/1653/394
f 832/1662/398 823/1652/756 825/1653/394
f 786/1578/741 825/1653/394 780/1570/738
f 829/1668/392 833/1669/396 834/1670/390
f 833/1669/396 805/1613/750 834/1670/390
f 824/1671/402 834/1670/390 804/1612/444
f 823/1651/756 834/1672/390 824/1650/402
f 804/1612/444 834/1670/390 805/1613/750
f 834/1670/390 835/1673/401 829/1668/392
f 835/1674/401 834/1672/390 823/1651/756
f 835/1674/401 823/1651/756 832/1675/398
f 829/1659/392 835/1674/401 832/1675/398
f 829/1659/392 832/1675/398 828/1660/757
f 831/1676/385 805/1677/750 830/1678/758
f 831/1676/385 837/1679/759 805/1677/750
f 807/1680/387 831/1676/385 836/1681/760
f 807/1680/387 837/1679/759 831/1676/385
f 786/1578/741 836/1682/760 831/1666/385
f 805/1613/750 837/1683/759 807/1615/387
f 786/1684/741 807/1680/387 836/1681/760
f 822/1657/446 824/1671/402 804/1612/444
f 814/1641/417 812/1685/753 780/1570/738
f 812/1626/753 810/1628/752 780/1566/738
f 780/1566/738 810/1628/752 778/1563/442
f 809/1622/751 784/1574/740 779/1564/422
f 778/1563/442 809/1622/751 779/1564/422
f 786/1684/741 838/1686/761 807/1680/387
f 807/1615/387 838/1687/761 798/1603/393
f 798/1596/393 838/1686/761 786/1684/741
f 788/1581/430 806/1617/429 792/1616/432
f 798/1596/393 786/1684/741 797/1597/744
f 788/1581/430 792/1616/432 787/1582/431
f 791/1688/425 789/1586/423 790/1587/424
f 791/1688/425 840/1689/427 789/1586/423
f 839/1690/418 791/1688/425 783/1572/419
f 839/1690/418 840/1689/427 791/1688/425
f 789/1594/423 840/1691/427 839/1692/418
f 782/1571/739 839/1690/418 783/1572/419
f 839/1692/418 782/1625/739 789/1594/423
o Cube.031
v 0.500000 -7.339329 -78.755493
v 0.500000 -10.447092 -79.195892
v 0.500000 -10.153922 -58.893791
v -0.500000 -7.339329 -78.755493
v -0.500000 -10.447092 -79.195892
v -0.500000 -10.153922 -58.893791
v -0.500000 -13.261683 -59.334190
v 0.500000 -13.261683 -59.334190
v 0.500000 -8.855532 -33.944492
v 0.500000 -9.708193 -35.899807
v 0.500000 -21.351917 -28.495150
v -0.500000 -8.855532 -33.944492
v -0.500000 -9.708193 -35.899807
v -0.500000 -21.351917 -28.495150
v -0.500000 -22.204578 -30.450460
v 0.500000 -22.204578 -30.450460
v 0.500000 -19.942694 -2.298883
v 0.500000 -21.112637 0.972741
v 0.500000 -6.856197 2.380883
v -0.500000 -19.942694 -2.298883
v -0.500000 -21.112637 0.972741
v -0.500000 -6.856197 2.380883
v -0.500000 -8.026139 5.652508
v 0.500000 -8.026139 5.652508
v 0.500000 11.195332 -9.757166
v 0.500000 11.409222 -11.277544
v 0.500000 2.592808 -10.967386
v -0.500000 11.195332 -9.757166
v -0.500000 11.409222 -11.277544
v -0.500000 2.592808 -10.967386
v -0.500000 2.806698 -12.487764
v 0.500000 2.806698 -12.487764
v 0.500000 -27.602684 11.818754
v 0.500000 -27.867283 15.283201
v 0.500000 10.291964 14.712971
v -0.500000 -27.602684 11.818754
v -0.500000 -27.867283 15.283201
v -0.500000 10.291964 14.712971
v -0.500000 10.027367 18.177416
v 0.500000 10.027367 18.177416
v 0.500000 -7.987995 26.942123
v 0.500000 -9.114775 23.655384
v 0.500000 -21.134951 31.449245
v -0.500000 -7.987995 26.942123
v -0.500000 -9.114775 23.655384
v -0.500000 -21.134951 31.449245
v -0.500000 -22.261730 28.162508
v 0.500000 -22.261730 28.162508
v 0.500000 4.659161 1.854647
v 0.500000 1.194343 1.595189
v 0.500000 2.551720 29.997601
v -0.500000 4.659161 1.854647
v -0.500000 1.194343 1.595189
v -0.500000 2.551720 29.997601
v -0.500000 -0.913099 29.738144
v 0.500000 -0.913099 29.738144
v 0.742714 -8.003805 -51.561142
v 0.569848 -8.854028 -49.641563
v 0.445500 -3.608253 -49.641026
v -0.272634 -8.027864 -51.663235
v -0.445500 -8.878084 -49.743656
v -0.569848 -3.632311 -49.743118
v -0.742714 -4.482531 -47.823540
v 0.272634 -4.458475 -47.721447
v 0.535922 13.915405 -27.347357
v 0.535922 12.862581 -28.497154
v -0.535922 13.915405 -27.347357
v 0.535922 12.445736 -26.001637
v 0.535922 10.976067 -24.655918
v 0.535922 11.392912 -27.151434
v -0.535922 12.445736 -26.001637
v -0.535922 10.976067 -24.655918
v -0.535922 11.392912 -27.151434
v -0.535922 12.862581 -28.497154
v -0.535922 9.923241 -25.805712
v -0.535922 8.453571 -24.459995
v 0.535922 9.923241 -25.805712
v 0.535922 8.453571 -24.459995
v 0.535922 6.983902 -23.114277
v 0.535922 9.506397 -23.310200
v 0.535922 8.036724 -21.964479
v -0.535922 9.506397 -23.310200
v -0.535922 8.036724 -21.964479
v -0.535922 6.567055 -20.618761
v -0.535922 6.983902 -23.114277
v -0.535922 5.514233 -21.768559
v 0.535922 5.514233 -21.768559
v 0.535922 6.567055 -20.618761
v 0.500000 14.432724 -12.560928
v 0.500000 13.450470 -13.633656
v 0.500000 7.576920 -6.283336
v -0.500000 14.432724 -12.560928
v -0.500000 13.450470 -13.633656
v -0.500000 7.576920 -6.283336
v -0.500000 6.594664 -7.356063
v 0.500000 6.594664 -7.356063
v 0.500000 -9.410729 -38.715229
v 0.500000 -8.066356 -40.371407
v 0.500000 -19.995365 -47.307121
v -0.500000 -9.410729 -38.715229
v -0.500000 -8.066356 -40.371407
v -0.500000 -19.995365 -47.307121
v -0.500000 -18.650990 -48.963299
v 0.500000 -18.650990 -48.963299
v 0.500000 3.085766 -31.281771
v 0.500000 2.103510 -32.354500
v -0.500000 3.085766 -31.281771
v 0.500000 1.714603 -30.026253
v 0.500000 0.343442 -28.770733
v 0.500000 0.732349 -31.098982
v -0.500000 1.714603 -30.026253
v -0.500000 0.343442 -28.770733
v -0.500000 0.732349 -31.098982
v -0.500000 2.103510 -32.354500
v -0.500000 -0.638813 -29.843462
v -0.500000 -2.009974 -28.587944
v 0.500000 -0.638813 -29.843462
v 0.500000 -2.009974 -28.587944
v 0.500000 -3.381135 -27.332424
v 0.500000 -1.027719 -27.515213
v 0.500000 -2.398881 -26.259695
v -0.500000 -1.027719 -27.515213
v -0.500000 -2.398881 -26.259695
v -0.500000 -3.770041 -25.004175
v -0.500000 -3.381135 -27.332424
v -0.500000 -4.752296 -26.076906
v 0.500000 -4.752296 -26.076906
v 0.500000 -3.770041 -25.004175
v 0.500000 3.420597 -27.215668
v 0.500000 1.980279 -27.418293
v 0.500000 2.958866 -23.933586
v -0.500000 3.420597 -27.215668
v -0.500000 1.980279 -27.418293
v -0.500000 2.958866 -23.933586
v -0.500000 1.518550 -24.136211
v 0.500000 1.518550 -24.136211
v 0.500000 0.647247 -13.878551
v 0.500000 0.861137 -15.398930
v 0.500000 -7.955279 -15.088772
v -0.500000 0.647247 -13.878551
v -0.500000 0.861137 -15.398930
v -0.500000 -7.955279 -15.088772
v -0.500000 -7.741389 -16.609148
v 0.500000 -7.741389 -16.609148
v 0.500000 -9.780507 -21.933796
v 0.500000 -11.896876 -24.245098
v 0.500000 -24.552036 -8.408085
v -0.500000 -9.780507 -21.933796
v -0.500000 -11.896876 -24.245098
v -0.500000 -24.552036 -8.408085
v -0.500000 -26.668406 -10.719389
v 0.500000 -26.668406 -10.719389
v 0.500000 -9.059076 -13.172962
v 0.500000 -12.162388 -13.609541
v 0.500000 -10.053920 -6.101385
v -0.500000 -9.059076 -13.172962
v -0.500000 -12.162388 -13.609541
v -0.500000 -10.053920 -6.101385
v -0.500000 -13.157230 -6.537964
v 0.500000 -13.157230 -6.537964
v 0.500000 3.884640 -16.682312
v 0.500000 2.902384 -17.755041
v 0.500000 -2.971167 -10.404718
v -0.500000 3.884640 -16.682312
v -0.500000 2.902384 -17.755041
v -0.500000 -2.971167 -10.404718
v -0.500000 -3.953423 -11.477446
v 0.500000 -3.953423 -11.477446
v 1.388390 -9.149162 -47.162777
v 1.076599 -9.988204 -45.270355
v 0.049581 -4.999559 -45.543552
v 0.262211 -9.397193 -47.458294
v -0.049581 -10.236237 -45.565868
v -1.076599 -5.247591 -45.839066
v -1.388390 -6.086634 -43.946648
v -0.262211 -5.838602 -43.651127
v 0.500000 13.968681 -23.094282
v 0.500000 12.528364 -23.296909
v 0.500000 13.506954 -19.812201
v -0.500000 13.968681 -23.094282
v -0.500000 12.528364 -23.296909
v -0.500000 13.506954 -19.812201
v -0.500000 12.066635 -20.014826
v 0.500000 12.066635 -20.014826
vn 0.9859 -0.0286 -0.1649
vn 0.9281 0.1631 -0.3347
vn 0.9859 0.0286 0.1649
vn 0.9281 -0.1631 0.3347
vn -0.9859 -0.0286 -0.1649
vn -0.9281 0.1631 -0.3347
vn -0.9859 0.0286 0.1649
vn -0.9281 -0.1631 0.3347
vn -0.9128 0.1389 -0.3841
vn -0.9966 0.0760 0.0323
vn 0.9966 0.0760 0.0323
vn 0.9128 0.1389 -0.3841
vn 0.9128 -0.1389 0.3841
vn 0.9966 -0.0760 -0.0323
vn -0.9128 -0.1389 0.3841
vn -0.9966 -0.0760 -0.0323
vn -0.9587 -0.1579 0.2366
vn -0.9587 0.0280 -0.2830
vn 0.9587 0.0280 -0.2830
vn 0.9587 -0.1579 0.2366
vn 0.9587 0.1579 -0.2366
vn 0.9587 -0.0280 0.2830
vn -0.9587 0.1579 -0.2366
vn -0.9587 -0.0280 0.2830
vn 0.9280 0.1630 -0.3350
vn 0.9860 0.0288 0.1644
vn 0.9280 -0.1630 0.3350
vn 0.9860 -0.0288 -0.1644
vn -0.9280 0.1630 -0.3350
vn -0.9860 0.0288 0.1644
vn -0.9280 -0.1630 0.3350
vn -0.9860 -0.0288 -0.1644
vn 0.9230 -0.1606 0.3497
vn 0.9897 -0.0392 -0.1375
vn 0.9230 0.1606 -0.3497
vn 0.9897 0.0392 0.1375
vn -0.9230 -0.1606 0.3497
vn -0.9897 -0.0392 -0.1375
vn -0.9230 0.1606 -0.3497
vn -0.9897 0.0392 0.1375
vn 0.9130 0.1425 -0.3822
vn 0.9964 0.0718 0.0443
vn 0.9130 -0.1425 0.3822
vn 0.9964 -0.0718 -0.0443
vn -0.9130 0.1425 -0.3822
vn -0.9964 0.0718 0.0443
vn -0.9130 -0.1425 0.3822
vn -0.9964 -0.0718 -0.0443
vn 0.9898 -0.0394 -0.1369
vn 0.9229 0.1605 -0.3499
vn 0.9898 0.0394 0.1369
vn 0.9229 -0.1605 0.3499
vn -0.9898 -0.0394 -0.1369
vn -0.9229 0.1605 -0.3499
vn -0.9898 0.0394 0.1369
vn -0.9229 -0.1605 0.3499
vn 0.9698 -0.1216 0.2114
vn 0.9838 0.0356 -0.1758
vn 0.9439 0.2310 -0.2361
vn 0.7663 -0.0977 0.6350
vn -0.9439 -0.2310 0.2361
vn -0.7663 0.0977 -0.6350
vn -0.9698 0.1216 -0.2114
vn -0.9838 -0.0356 0.1758
vn -0.9150 0.1209 -0.3849
vn -0.9952 0.0957 -0.0210
vn 0.9952 0.0957 -0.0210
vn 0.9150 0.1209 -0.3849
vn 0.9968 0.0543 0.0593
vn 0.9968 -0.0543 -0.0593
vn -0.9968 0.0543 0.0593
vn -0.9968 -0.0543 -0.0593
vn -0.9150 -0.1209 0.3849
vn 0.9150 -0.1209 0.3849
vn -0.9952 -0.0957 0.0210
vn 0.9952 -0.0957 0.0210
vn 0.9924 0.1090 -0.0571
vn 0.9192 -0.1072 0.3788
vn 0.9924 -0.1090 0.0571
vn 0.9192 0.1072 -0.3788
vn -0.9924 0.1090 -0.0571
vn -0.9192 -0.1072 0.3788
vn -0.9924 -0.1090 0.0571
vn -0.9192 0.1072 -0.3788
vn 0.9585 -0.1081 0.2639
vn 0.9938 0.0323 -0.1066
vn 0.6044 0.5280 -0.5966
vn 0.1043 -0.1535 0.9826
vn -0.6044 -0.5280 0.5966
vn -0.1043 0.1535 -0.9826
vn -0.9585 0.1081 -0.2639
vn -0.9938 -0.0323 0.1066
vt 0.267662 0.875000
vt 0.321331 0.875000
vt 0.321331 0.928669
vt 0.267662 0.928669
vt 0.267662 0.821331
vt 0.321331 0.821331
vt 0.375000 0.875000
vt 0.375000 0.928669
vt 0.267662 0.767662
vt 0.321331 0.767662
vt 0.321331 0.982338
vt 0.267662 0.982338
vt 0.213993 0.875000
vt 0.213993 0.928669
vt 0.071331 0.321331
vt 0.125000 0.321331
vt 0.125000 0.375000
vt 0.071331 0.375000
vt 0.125000 0.428669
vt 0.071331 0.428669
vt 0.178669 0.375000
vt 0.178669 0.428669
vt 0.071331 0.267662
vt 0.125000 0.267662
vt 0.125000 0.482338
vt 0.071331 0.482338
vt 0.017662 0.375000
vt 0.017662 0.428669
vt 0.267662 0.321331
vt 0.321331 0.321331
vt 0.321331 0.375000
vt 0.267662 0.375000
vt 0.321331 0.428669
vt 0.267662 0.428669
vt 0.375000 0.375000
vt 0.375000 0.428669
vt 0.267662 0.267662
vt 0.321331 0.267662
vt 0.321331 0.482338
vt 0.267662 0.482338
vt 0.213993 0.375000
vt 0.213993 0.428669
vt 0.660324 0.125000
vt 0.713993 0.125000
vt 0.713993 0.178669
vt 0.660324 0.178669
vt 0.660324 0.071331
vt 0.713993 0.071331
vt 0.767662 0.125000
vt 0.767662 0.178669
vt 0.660324 0.017662
vt 0.713993 0.017662
vt 0.713993 0.232338
vt 0.660324 0.232338
vt 0.606655 0.125000
vt 0.606655 0.178669
vt 0.856655 0.125000
vt 0.910324 0.125000
vt 0.910324 0.178669
vt 0.856655 0.178669
vt 0.856655 0.071331
vt 0.910324 0.071331
vt 0.963993 0.125000
vt 0.963993 0.178669
vt 0.856655 0.017662
vt 0.910324 0.017662
vt 0.910324 0.232338
vt 0.856655 0.232338
vt 0.802986 0.125000
vt 0.802986 0.178669
vt 0.856655 0.375000
vt 0.910324 0.375000
vt 0.910324 0.428669
vt 0.856655 0.428669
vt 0.856655 0.321331
vt 0.910324 0.321331
vt 0.963993 0.375000
vt 0.963993 0.428669
vt 0.856655 0.267662
vt 0.910324 0.267662
vt 0.910324 0.482338
vt 0.856655 0.482338
vt 0.802986 0.375000
vt 0.802986 0.428669
vt 0.660324 0.375000
vt 0.713993 0.375000
vt 0.713993 0.428669
vt 0.660324 0.428669
vt 0.660324 0.321331
vt 0.713993 0.321331
vt 0.767662 0.375000
vt 0.767662 0.428669
vt 0.660324 0.267662
vt 0.713993 0.267662
vt 0.713993 0.482338
vt 0.660324 0.482338
vt 0.606655 0.375000
vt 0.606655 0.428669
vt 0.856655 0.625000
vt 0.910324 0.625000
vt 0.910324 0.678669
vt 0.856655 0.678669
vt 0.856655 0.571331
vt 0.910324 0.571331
vt 0.963993 0.625000
vt 0.963993 0.678669
vt 0.856655 0.517662
vt 0.910324 0.517662
vt 0.910324 0.732338
vt 0.856655 0.732338
vt 0.802986 0.625000
vt 0.802986 0.678669
vt 0.463993 0.071331
vt 0.517662 0.071331
vt 0.517662 0.125000
vt 0.463993 0.125000
vt 0.517662 0.135734
vt 0.463993 0.135734
vt 0.571331 0.125000
vt 0.571331 0.135734
vt 0.517662 0.146468
vt 0.463993 0.146468
vt 0.571331 0.146468
vt 0.463993 0.060597
vt 0.517662 0.060597
vt 0.463993 0.049863
vt 0.517662 0.049863
vt 0.410324 0.125000
vt 0.410324 0.135734
vt 0.410324 0.146468
vt 0.463993 0.157201
vt 0.410324 0.157201
vt 0.463993 0.039130
vt 0.517662 0.039130
vt 0.517662 0.157201
vt 0.517662 0.167935
vt 0.463993 0.167935
vt 0.410324 0.167935
vt 0.571331 0.157201
vt 0.571331 0.167935
vt 0.463993 0.028396
vt 0.517662 0.028396
vt 0.571331 0.178669
vt 0.517662 0.178669
vt 0.463993 0.017662
vt 0.517662 0.017662
vt 0.463993 0.178669
vt 0.410324 0.178669
vt 0.517662 0.232338
vt 0.463993 0.232338
vt 0.463993 0.375000
vt 0.517662 0.375000
vt 0.517662 0.428669
vt 0.463993 0.428669
vt 0.463993 0.321331
vt 0.517662 0.321331
vt 0.571331 0.375000
vt 0.571331 0.428669
vt 0.463993 0.267662
vt 0.517662 0.267662
vt 0.517662 0.482338
vt 0.463993 0.482338
vt 0.410324 0.375000
vt 0.410324 0.428669
vt 0.463993 0.625000
vt 0.517662 0.625000
vt 0.517662 0.678669
vt 0.463993 0.678669
vt 0.463993 0.571331
vt 0.517662 0.571331
vt 0.571331 0.625000
vt 0.571331 0.678669
vt 0.463993 0.517662
vt 0.517662 0.517662
vt 0.517662 0.732338
vt 0.463993 0.732338
vt 0.410324 0.625000
vt 0.410324 0.678669
vt 0.660324 0.571331
vt 0.713993 0.571331
vt 0.713993 0.625000
vt 0.660324 0.625000
vt 0.713993 0.635734
vt 0.660324 0.635734
vt 0.767662 0.625000
vt 0.767662 0.635734
vt 0.713993 0.646468
vt 0.660324 0.646468
vt 0.767662 0.646468
vt 0.660324 0.560597
vt 0.713993 0.560597
vt 0.660324 0.549863
vt 0.713993 0.549863
vt 0.606655 0.625000
vt 0.606655 0.635734
vt 0.606655 0.646468
vt 0.660324 0.657201
vt 0.606655 0.657201
vt 0.660324 0.539130
vt 0.713993 0.539130
vt 0.713993 0.657201
vt 0.713993 0.667935
vt 0.660324 0.667935
vt 0.606655 0.667935
vt 0.767662 0.657201
vt 0.767662 0.667935
vt 0.660324 0.528396
vt 0.713993 0.528396
vt 0.767662 0.678669
vt 0.713993 0.678669
vt 0.660324 0.517662
vt 0.713993 0.517662
vt 0.660324 0.678669
vt 0.606655 0.678669
vt 0.713993 0.732338
vt 0.660324 0.732338
vt 0.463993 0.875000
vt 0.517662 0.875000
vt 0.517662 0.928669
vt 0.463993 0.928669
vt 0.463993 0.821331
vt 0.517662 0.821331
vt 0.571331 0.875000
vt 0.571331 0.928669
vt 0.463993 0.767662
vt 0.517662 0.767662
vt 0.517662 0.982338
vt 0.463993 0.982338
vt 0.410324 0.875000
vt 0.410324 0.928669
vt 0.071331 0.625000
vt 0.125000 0.625000
vt 0.125000 0.678669
vt 0.071331 0.678669
vt 0.071331 0.571331
vt 0.125000 0.571331
vt 0.178669 0.625000
vt 0.178669 0.678669
vt 0.071331 0.517662
vt 0.125000 0.517662
vt 0.125000 0.732338
vt 0.071331 0.732338
vt 0.017662 0.625000
vt 0.017662 0.678669
vt 0.071331 0.125000
vt 0.125000 0.125000
vt 0.125000 0.178669
vt 0.071331 0.178669
vt 0.071331 0.071331
vt 0.125000 0.071331
vt 0.178669 0.125000
vt 0.178669 0.178669
vt 0.071331 0.017662
vt 0.125000 0.017662
vt 0.125000 0.232338
vt 0.071331 0.232338
vt 0.017662 0.125000
vt 0.017662 0.178669
vt 0.267662 0.125000
vt 0.321331 0.125000
vt 0.321331 0.178669
vt 0.267662 0.178669
vt 0.267662 0.071331
vt 0.321331 0.071331
vt 0.375000 0.125000
vt 0.375000 0.178669
vt 0.267662 0.017662
vt 0.321331 0.017662
vt 0.321331 0.232338
vt 0.267662 0.232338
vt 0.213993 0.125000
vt 0.213993 0.178669
vt 0.071331 0.875000
vt 0.125000 0.875000
vt 0.125000 0.928669
vt 0.071331 0.928669
vt 0.071331 0.821331
vt 0.125000 0.821331
vt 0.178669 0.875000
vt 0.178669 0.928669
vt 0.071331 0.767662
vt 0.125000 0.767662
vt 0.125000 0.982338
vt 0.071331 0.982338
vt 0.017662 0.875000
vt 0.017662 0.928669
vt 0.660324 0.875000
vt 0.713993 0.875000
vt 0.713993 0.928669
vt 0.660324 0.928669
vt 0.660324 0.821331
vt 0.713993 0.821331
vt 0.767662 0.875000
vt 0.767662 0.928669
vt 0.660324 0.767662
vt 0.713993 0.767662
vt 0.713993 0.982338
vt 0.660324 0.982338
vt 0.606655 0.875000
vt 0.606655 0.928669
vt 0.267662 0.625000
vt 0.321331 0.625000
vt 0.321331 0.678669
vt 0.267662 0.678669
vt 0.267662 0.571331
vt 0.321331 0.571331
vt 0.375000 0.625000
vt 0.375000 0.678669
vt 0.267662 0.517662
vt 0.321331 0.517662
vt 0.321331 0.732338
vt 0.267662 0.732338
vt 0.213993 0.625000
vt 0.213993 0.678669
s 1
usemtl マテリアル.002
f 842/1693/762 841/1694/763 843/1695/764 848/1696/765
f 845/1697/766 844/1698/767 841/1694/763 842/1693/762
f 841/1694/763 844/1699/767 846/1700/768 843/1695/764
f 847/1701/769 846/1702/768 844/1698/767 845/1697/766
f 848/1696/765 843/1695/764 846/1703/768 847/1704/769
f 845/1705/766 842/1693/762 848/1696/765 847/1706/769
f 853/1707/770 852/1708/771 849/1709/772 850/1710/773
f 850/1710/773 849/1709/772 851/1711/774 856/1712/775
f 849/1709/772 852/1713/771 854/1714/776 851/1711/774
f 855/1715/777 854/1716/776 852/1708/771 853/1707/770
f 856/1712/775 851/1711/774 854/1717/776 855/1718/777
f 853/1719/770 850/1710/773 856/1712/775 855/1720/777
f 861/1721/778 860/1722/779 857/1723/780 858/1724/781
f 858/1724/781 857/1723/780 859/1725/782 864/1726/783
f 857/1723/780 860/1727/779 862/1728/784 859/1725/782
f 863/1729/785 862/1730/784 860/1722/779 861/1721/778
f 864/1726/783 859/1725/782 862/1731/784 863/1732/785
f 861/1733/778 858/1724/781 864/1726/783 863/1734/785
f 866/1735/786 865/1736/787 867/1737/788 872/1738/789
f 869/1739/790 868/1740/791 865/1736/787 866/1735/786
f 865/1736/787 868/1741/791 870/1742/792 867/1737/788
f 871/1743/793 870/1744/792 868/1740/791 869/1739/790
f 872/1738/789 867/1737/788 870/1745/792 871/1746/793
f 869/1747/790 866/1735/786 872/1738/789 871/1748/793
f 874/1749/794 873/1750/795 875/1751/796 880/1752/797
f 877/1753/798 876/1754/799 873/1750/795 874/1749/794
f 873/1750/795 876/1755/799 878/1756/800 875/1751/796
f 879/1757/801 878/1758/800 876/1754/799 877/1753/798
f 880/1752/797 875/1751/796 878/1759/800 879/1760/801
f 877/1761/798 874/1749/794 880/1752/797 879/1762/801
f 882/1763/802 881/1764/803 883/1765/804 888/1766/805
f 885/1767/806 884/1768/807 881/1764/803 882/1763/802
f 881/1764/803 884/1769/807 886/1770/808 883/1765/804
f 887/1771/809 886/1772/808 884/1768/807 885/1767/806
f 888/1766/805 883/1765/804 886/1773/808 887/1774/809
f 885/1775/806 882/1763/802 888/1766/805 887/1776/809
f 890/1777/810 889/1778/811 891/1779/812 896/1780/813
f 893/1781/814 892/1782/815 889/1778/811 890/1777/810
f 889/1778/811 892/1783/815 894/1784/816 891/1779/812
f 895/1785/817 894/1786/816 892/1782/815 893/1781/814
f 896/1780/813 891/1779/812 894/1787/816 895/1788/817
f 893/1789/814 890/1777/810 896/1780/813 895/1790/817
f 898/1791/818 897/1792/819 899/1793/820 904/1794/821
f 901/1795/822 900/1796/823 897/1792/819 898/1791/818
f 897/1792/819 900/1797/823 902/1798/824 899/1793/820
f 903/1799/825 902/1800/824 900/1796/823 901/1795/822
f 904/1794/821 899/1793/820 902/1801/824 903/1802/825
f 901/1803/822 898/1791/818 904/1794/821 903/1804/825
f 914/1805/826 907/1806/827 905/1807/828 906/1808/829
f 906/1808/829 905/1807/828 908/1809/830 910/1810/831
f 905/1807/828 907/1811/827 911/1812/832 908/1809/830
f 910/1810/831 908/1809/830 909/1813/830 917/1814/831
f 908/1809/830 911/1812/832 912/1815/832 909/1813/830
f 913/1816/833 911/1817/832 907/1806/827 914/1805/826
f 915/1818/833 912/1819/832 911/1817/832 913/1816/833
f 914/1820/826 906/1808/829 910/1810/831 913/1821/833
f 913/1821/833 910/1810/831 917/1814/831 915/1822/833
f 915/1822/833 917/1814/831 918/1823/831 916/1824/833
f 916/1825/833 922/1826/832 912/1819/832 915/1818/833
f 917/1814/831 909/1813/830 920/1827/830 918/1823/831
f 918/1823/831 920/1827/830 921/1828/830 919/1829/831
f 916/1824/833 918/1823/831 919/1829/831 925/1830/833
f 909/1813/830 912/1815/832 922/1831/832 920/1827/830
f 920/1827/830 922/1831/832 923/1832/832 921/1828/830
f 925/1833/833 923/1834/832 922/1826/832 916/1825/833
f 921/1828/830 923/1832/832 924/1835/834 928/1836/835
f 926/1837/836 924/1838/834 923/1834/832 925/1833/833
f 925/1830/833 919/1829/831 927/1839/837 926/1840/836
f 927/1839/837 928/1836/835 924/1841/834 926/1842/836
f 919/1829/831 921/1828/830 928/1836/835 927/1839/837
f 930/1843/829 929/1844/828 931/1845/835 936/1846/837
f 933/1847/826 932/1848/827 929/1844/828 930/1843/829
f 929/1844/828 932/1849/827 934/1850/834 931/1845/835
f 935/1851/836 934/1852/834 932/1848/827 933/1847/826
f 936/1846/837 931/1845/835 934/1853/834 935/1854/836
f 933/1855/826 930/1843/829 936/1846/837 935/1856/836
f 938/1857/838 937/1858/839 939/1859/840 944/1860/841
f 941/1861/842 940/1862/843 937/1858/839 938/1857/838
f 937/1858/839 940/1863/843 942/1864/844 939/1859/840
f 943/1865/845 942/1866/844 940/1862/843 941/1861/842
f 944/1860/841 939/1859/840 942/1867/844 943/1868/845
f 941/1869/842 938/1857/838 944/1860/841 943/1870/845
f 954/1871/826 947/1872/827 945/1873/828 946/1874/829
f 946/1874/829 945/1873/828 948/1875/830 950/1876/831
f 945/1873/828 947/1877/827 951/1878/832 948/1875/830
f 950/1876/831 948/1875/830 949/1879/830 957/1880/831
f 948/1875/830 951/1878/832 952/1881/832 949/1879/830
f 953/1882/833 951/1883/832 947/1872/827 954/1871/826
f 955/1884/833 952/1885/832 951/1883/832 953/1882/833
f 954/1886/826 946/1874/829 950/1876/831 953/1887/833
f 953/1887/833 950/1876/831 957/1880/831 955/1888/833
f 955/1888/833 957/1880/831 958/1889/831 956/1890/833
f 956/1891/833 962/1892/832 952/1885/832 955/1884/833
f 957/1880/831 949/1879/830 960/1893/830 958/1889/831
f 958/1889/831 960/1893/830 961/1894/830 959/1895/831
f 956/1890/833 958/1889/831 959/1895/831 965/1896/833
f 949/1879/830 952/1881/832 962/1897/832 960/1893/830
f 960/1893/830 962/1897/832 963/1898/832 961/1894/830
f 965/1899/833 963/1900/832 962/1892/832 956/1891/833
f 961/1894/830 963/1898/832 964/1901/834 968/1902/835
f 966/1903/836 964/1904/834 963/1900/832 965/1899/833
f 965/1896/833 959/1895/831 967/1905/837 966/1906/836
f 967/1905/837 968/1902/835 964/1907/834 966/1908/836
f 959/1895/831 961/1894/830 968/1902/835 967/1905/837
f 970/1909/789 969/1910/786 971/1911/787 976/1912/788
f 973/1913/793 972/1914/790 969/1910/786 970/1909/789
f 969/1910/786 972/1915/790 974/1916/791 971/1911/787
f 975/1917/792 974/1918/791 972/1914/790 973/1913/793
f 976/1912/788 971/1911/787 974/1919/791 975/1920/792
f 973/1921/793 970/1909/789 976/1912/788 975/1922/792
f 978/1923/786 977/1924/787 979/1925/788 984/1926/789
f 981/1927/790 980/1928/791 977/1924/787 978/1923/786
f 977/1924/787 980/1929/791 982/1930/792 979/1925/788
f 983/1931/793 982/1932/792 980/1928/791 981/1927/790
f 984/1926/789 979/1925/788 982/1933/792 983/1934/793
f 981/1935/790 978/1923/786 984/1926/789 983/1936/793
f 986/1937/829 985/1938/828 987/1939/835 992/1940/837
f 989/1941/826 988/1942/827 985/1938/828 986/1937/829
f 985/1938/828 988/1943/827 990/1944/834 987/1939/835
f 991/1945/836 990/1946/834 988/1942/827 989/1941/826
f 992/1940/837 987/1939/835 990/1947/834 991/1948/836
f 989/1949/826 986/1937/829 992/1940/837 991/1950/836
f 994/1951/789 993/1952/786 995/1953/787 1000/1954/788
f 997/1955/793 996/1956/790 993/1952/786 994/1951/789
f 993/1952/786 996/1957/790 998/1958/791 995/1953/787
f 999/1959/792 998/1960/791 996/1956/790 997/1955/793
f 1000/1954/788 995/1953/787 998/1961/791 999/1962/792
f 997/1963/793 994/1951/789 1000/1954/788 999/1964/792
f 1002/1965/829 1001/1966/828 1003/1967/835 1008/1968/837
f 1005/1969/826 1004/1970/827 1001/1966/828 1002/1965/829
f 1001/1966/828 1004/1971/827 1006/1972/834 1003/1967/835
f 1007/1973/836 1006/1974/834 1004/1970/827 1005/1969/826
f 1008/1968/837 1003/1967/835 1006/1975/834 1007/1976/836
f 1005/1977/826 1002/1965/829 1008/1968/837 1007/1978/836
f 1010/1979/846 1009/1980/847 1011/1981/848 1016/1982/849
f 1013/1983/850 1012/1984/851 1009/1980/847 1010/1979/846
f 1009/1980/847 1012/1985/851 1014/1986/852 1011/1981/848
f 1015/1987/853 1014/1988/852 1012/1984/851 1013/1983/850
f 1016/1982/849 1011/1981/848 1014/1989/852 1015/1990/853
f 1013/1991/850 1010/1979/846 1016/1982/849 1015/1992/853
f 1018/1993/789 1017/1994/786 1019/1995/787 1024/1996/788
f 1021/1997/793 1020/1998/790 1017/1994/786 1018/1993/789
f 1017/1994/786 1020/1999/790 1022/2000/791 1019/1995/787
f 1023/2001/792 1022/2002/791 1020/1998/790 1021/1997/793
f 1024/1996/788 1019/1995/787 1022/2003/791 1023/2004/792
f 1021/2005/793 1018/1993/789 1024/1996/788 1023/2006/792
