# Blender 4.4.1
# www.blender.org
mtllib stone.mtl
o 立方体.020
v -62.139545 -0.579155 -23.836754
v -58.334694 3.225700 -23.836754
v -58.181271 -0.579155 -22.277828
v -58.334694 -0.579155 -27.618137
v -64.376816 -0.579155 -27.187775
v -62.139549 3.225700 -27.618137
v -61.478462 3.225700 -24.408001
v -60.495228 7.030556 -25.667229
v -58.334694 7.030557 -23.836754
v -58.507641 10.835413 -27.003510
v -60.724579 7.030557 -28.202240
v -60.468472 10.835413 -28.605251
v -61.733784 7.030557 -31.422997
v -62.139545 3.225700 -31.422993
v -63.694572 -0.579156 -35.409828
v -64.805542 -0.579155 -31.445328
v -62.139553 3.225699 -35.227848
v -60.914886 7.030557 -34.706661
v -60.188927 10.835412 -35.227852
v -60.236351 7.030555 -37.310467
v -60.063416 10.588237 -31.931007
v -59.207306 12.747686 -31.422998
v -59.142437 12.935208 -35.227852
v -58.562260 12.169617 -36.074612
v -56.579453 12.860357 -35.707516
v -56.609325 13.615740 -33.209389
v -54.836334 14.165912 -33.859974
v -54.529839 15.405172 -31.422995
v -57.533699 13.561945 -31.422995
v -58.823372 12.910518 -29.217798
v -57.609009 13.468155 -28.465868
v -54.529835 14.096655 -27.618143
v -57.100868 12.974462 -26.366381
v -58.396404 12.063871 -27.419128
v -56.754238 10.835413 -25.935062
v -54.529839 7.030557 -23.836754
v -54.165714 12.374990 -25.920181
v -53.895538 10.835413 -25.144470
v -50.724979 7.030557 -23.836754
v -51.377853 10.835413 -25.380684
v -49.121342 7.030557 -25.208897
v -49.279564 11.976783 -27.002071
v -51.334576 12.721467 -26.126348
v -49.115990 10.835413 -26.100975
v -48.770916 10.835413 -28.045170
v -47.325890 7.030557 -27.618137
v -46.653179 7.030557 -31.375233
v -47.299187 3.225700 -24.289783
v -48.483341 10.835413 -30.969513
v -45.889553 3.225700 -27.362049
v -46.920124 -0.579155 -23.836758
v -45.962040 3.225700 -31.810673
v -45.772728 -0.579155 -27.720360
v -44.591309 -0.579155 -31.706146
v -50.724979 -0.579155 -31.422997
v -50.724979 -0.579155 -27.618137
v -50.749737 -0.579155 -22.530853
v -54.529835 -0.579155 -27.618141
v -54.483215 -0.579155 -21.913200
v -54.529839 -0.579155 -31.422993
v -58.334690 -0.579155 -31.422997
v -54.529839 -0.579156 -35.227852
v -58.334690 -0.579156 -35.227852
v -62.139545 -0.579156 -39.056179
v -58.557514 -0.579156 -40.178493
v -60.957325 3.225699 -38.250652
v -54.569916 -0.579156 -40.788319
v -54.518738 3.225699 -39.599743
v -58.438824 3.225699 -39.423222
v -58.939243 7.030556 -38.894756
v -54.468403 7.030556 -39.085480
v -50.417164 3.225699 -39.758015
v -57.126980 10.835412 -37.060005
v -50.315163 7.030555 -38.714672
v -51.971989 10.835412 -36.626461
v -54.124950 10.835412 -37.108303
v -55.014126 12.736626 -35.879398
v -51.961601 12.682424 -35.514179
v -50.114052 11.872965 -35.801758
v -51.700962 13.802913 -34.335659
v -49.869034 12.302510 -33.866058
v -49.738335 11.610371 -31.433586
v -50.724979 13.699353 -31.422998
v -48.500790 9.975977 -34.412174
v -49.390633 10.835413 -36.121861
v -48.298824 7.030556 -37.470390
v -47.325890 7.030556 -35.227848
v -47.764599 3.225700 -38.166348
v -46.363140 3.225699 -35.554531
v -45.131378 -0.305157 -35.526775
v -50.724979 -0.579156 -35.227852
v -46.920124 -0.579156 -39.056179
v -50.809532 -0.579156 -40.198380
v -49.270443 12.672101 -28.812723
v -51.675041 13.813626 -28.712481
v -59.158363 10.835412 -36.708576
v -54.529839 3.225700 -23.836754
v -50.724979 3.225700 -23.836754
v -60.985806 -0.579153 5.147278
v -58.030800 12.063876 9.403152
v -45.952473 -0.579152 7.520008
v -49.455292 12.169622 10.588721
v -63.358536 -0.579151 20.180611
v -59.864082 11.976787 18.343491
v -48.325203 -0.579151 22.553341
v -51.041901 11.872970 18.891098
v -60.524612 3.225703 5.889335
v -59.434067 7.030560 7.056863
v -58.423988 10.835417 9.228476
v -48.736145 10.835417 10.098749
v -47.973560 7.030560 9.127781
v -46.932465 3.225704 8.562186
v -50.838490 10.835418 19.655575
v -49.676662 7.030561 20.944271
v -49.072506 3.225705 21.580463
v -60.779663 10.835417 18.364590
v -61.660004 7.030561 18.220226
v -62.851955 3.225704 19.876812
v -46.590607 -0.579152 18.889561
v -45.421638 -0.579152 15.267129
v -45.402325 -0.579152 11.233214
v -50.127026 12.860363 12.490057
v -50.201279 12.736631 14.063040
v -51.037926 12.682429 17.021296
v -63.142780 -0.579152 8.814115
v -64.079483 -0.579152 12.410109
v -64.051430 -0.579152 16.194229
v -60.408722 12.721471 16.177084
v -60.170994 12.374993 13.348421
v -58.100746 12.974464 11.158180
v -62.765354 3.225704 16.422276
v -62.172173 3.225704 12.663943
v -61.578991 3.225704 8.905610
v -62.765354 7.030561 16.422276
v -62.172173 7.030561 12.663942
v -61.578991 7.030560 8.905609
v -61.138519 10.835417 16.018085
v -60.979336 10.835417 13.494356
v -59.752735 10.835417 10.793866
v -46.166874 3.225704 11.232702
v -46.603661 3.225704 15.132379
v -47.086758 3.225704 19.208477
v -46.610863 7.030561 10.656015
v -47.119476 7.030561 15.101923
v -48.133247 7.030560 19.146572
v -48.705711 10.835417 12.160076
v -49.126026 10.835417 15.132932
v -49.937622 10.835417 17.184448
v -49.311817 -0.579153 5.415524
v -53.054630 -0.579153 3.700074
v -57.326965 -0.579153 3.459791
v -56.187561 12.910522 9.261821
v -53.949471 12.747690 9.226376
v -50.201248 12.935214 9.883631
v -59.701298 -0.579151 21.919434
v -55.948433 -0.579151 23.707798
v -52.090321 -0.305151 23.769974
v -52.992126 12.302516 18.831341
v -55.415230 11.610376 18.581215
v -58.077000 12.672105 18.634787
v -51.870872 3.225705 22.557602
v -55.631489 3.225705 22.370121
v -60.037018 3.225705 21.748177
v -52.043465 7.030561 21.555695
v -55.953850 7.030561 21.619553
v -59.560131 7.030561 20.369328
v -52.666000 9.975984 20.267994
v -56.069290 10.835418 19.748516
v -58.913040 10.835418 19.008549
v -57.250660 3.225703 5.736800
v -53.492329 3.225703 6.329983
v -49.733994 3.225703 6.923165
v -56.894295 7.030560 7.225527
v -53.555588 7.030560 6.730785
v -50.439739 7.030560 8.051600
v -56.536144 10.835417 7.541335
v -53.314201 10.588243 8.459931
v -50.038101 10.835417 8.849937
v -52.242668 13.802917 17.095022
v -55.112000 15.376041 16.592009
v -57.801132 14.950117 16.243959
v -52.223732 14.165918 13.923824
v -54.678696 15.405177 13.846647
v -58.437027 14.096660 13.253465
v -52.589947 13.615746 12.071091
v -54.210388 13.561950 10.879519
v -57.119614 13.468159 10.344101
v -50.327179 -0.579152 10.681499
v -54.085514 -0.579152 10.088315
v -57.843845 -0.579152 9.495132
v -50.920361 -0.579152 14.439832
v -54.678696 -0.579152 13.846648
v -58.437027 -0.579152 13.253466
v -51.513542 -0.579152 18.198166
v -55.271877 -0.579152 17.604980
v -59.030209 -0.579152 17.011799
v -27.298061 -0.579148 63.711365
v -23.493208 3.225708 63.711376
v -23.339787 -0.579148 65.270287
v -23.493208 -0.579148 59.929985
v -29.535334 -0.579148 60.360344
v -27.298061 3.225708 59.929989
v -26.636982 3.225708 63.140125
v -25.653744 7.030564 61.880898
v -23.493208 7.030564 63.711376
v -23.666157 10.835420 60.544617
v -25.883097 7.030563 59.345890
v -27.298063 3.225707 56.125134
v -25.626987 10.835421 58.942875
v -26.892298 7.030563 56.125130
v -25.221926 10.588244 55.617123
v -26.073400 7.030563 52.841465
v -27.298061 3.225707 52.320278
v -25.347439 10.835420 52.320274
v -25.394857 7.030563 50.237659
v -24.316872 10.835420 50.839546
v -26.115845 3.225707 49.297474
v -24.097755 7.030563 48.653374
v -23.597342 3.225707 48.124905
v -22.285496 10.835420 50.488121
v -19.626915 7.030564 48.462643
v -19.677250 3.225707 47.948387
v -15.575678 3.225707 47.790112
v -15.473675 7.030563 48.833454
v -17.130503 10.835419 50.921665
v -19.283463 10.835419 50.439823
v -20.172638 12.736632 51.668728
v -17.120117 12.682431 52.033951
v -15.272562 11.872972 51.746368
v -16.859478 13.802920 53.212463
v -19.994846 14.165918 53.688152
v -15.027550 12.302518 53.682064
v -14.549145 10.835420 51.426266
v -14.896844 11.610378 56.114540
v -15.883494 13.699359 56.125134
v -13.659304 9.975985 53.135952
v -13.641854 10.835419 56.578617
v -11.811690 7.030563 56.172894
v -12.484404 7.030563 59.929989
v -13.929426 10.835421 59.502960
v -14.428959 12.672109 58.735405
v -14.438084 11.976789 60.546051
v -16.493090 12.721474 61.421776
v -16.833555 13.813634 58.835651
v -19.688351 14.096662 59.929989
v -19.688351 15.405180 56.125134
v -21.767836 13.615747 54.338737
v -22.767529 13.468162 59.082260
v -22.692207 13.561952 56.125130
v -24.365814 12.747693 56.125130
v -23.981880 12.910525 58.330330
v -23.554916 12.063878 60.128998
v -21.912754 10.835421 61.613064
v -22.259380 12.974468 61.181747
v -19.324226 12.374997 61.627945
v -16.536371 10.835421 62.167435
v -19.054054 10.835421 62.403660
v -15.883492 7.030564 63.711369
v -19.688351 7.030564 63.711369
v -19.688351 3.225708 63.711369
v -15.883492 3.225708 63.711369
v -19.641729 -0.579148 65.634926
v -15.908253 -0.579148 65.017265
v -15.883492 -0.579148 59.929985
v -12.078639 -0.579148 63.711376
v -19.688351 -0.579148 59.929989
v -19.688351 -0.579149 56.125134
v -23.493206 -0.579149 56.125130
v -19.688351 -0.579149 52.320274
v -15.883494 -0.579149 56.125134
v -15.883492 -0.579149 52.320271
v -10.931243 -0.579148 59.827766
v -9.749824 -0.579149 55.841980
v -10.289894 -0.305149 52.021351
v -12.078638 -0.579149 48.491947
v -12.923114 3.225707 49.381775
v -11.120554 3.225707 55.737453
v -11.521654 3.225707 51.993591
v -12.484404 7.030563 52.320278
v -13.457336 7.030564 50.077732
v -11.048063 3.225708 60.186077
v -12.457701 3.225708 63.258347
v -14.279856 7.030565 62.339233
v -14.274504 10.835420 61.447151
v -15.968044 -0.579149 47.349743
v -19.728430 -0.579149 46.759811
v -23.716028 -0.579149 47.369629
v -23.493206 -0.579149 52.320271
v -27.298061 -0.579149 48.491947
v -28.853088 -0.579149 52.138298
v -29.964050 -0.579149 56.102798
v -24.300949 12.935216 52.320278
v -21.737965 12.860365 51.840607
v -23.720776 12.169623 51.473515
v 17.265444 -0.579149 47.355446
v 13.685173 3.225707 48.643307
v 13.013142 -0.579149 47.228321
v 14.965089 -0.579149 52.201492
v 20.504910 -0.579149 49.751408
v 18.545361 3.225707 50.913631
v 16.836735 3.225707 48.116737
v 16.337757 7.030563 49.634441
v 13.685173 7.030563 48.643307
v 14.919792 10.835419 51.564602
v 17.411619 7.030563 51.942192
v 19.833223 3.225707 54.493904
v 17.307037 10.835420 52.408104
v 19.451408 7.030563 54.631248
v 18.051582 10.588244 55.674656
v 19.792294 7.030563 57.998272
v 19.285595 10.835421 58.734417
v 20.035133 7.030564 60.678055
v 21.121086 3.225707 58.074173
v 21.031803 3.225708 61.318707
v 22.645920 -0.579149 57.719067
v 22.416893 -0.579148 61.676533
v 19.426170 -0.579148 63.945049
v 17.540812 -0.579149 59.362038
v 13.960540 -0.579148 60.649899
v 16.252949 -0.579149 55.781765
v 12.672678 -0.579149 57.069626
v 22.349407 -0.579149 53.612541
v 10.380267 -0.579148 61.937763
v 9.092404 -0.579149 58.357491
v 11.384815 -0.579149 53.489357
v 6.105906 -0.579149 49.981834
v 7.804543 -0.579149 54.777218
v 9.409946 -0.579149 48.136936
v 10.104898 3.225707 49.931168
v 6.524628 3.225707 51.219032
v 6.524628 7.030563 51.219032
v 10.104898 7.030563 49.931168
v 9.950680 10.835420 51.376392
v 12.908241 10.835420 51.152710
v 10.467463 12.374996 52.014862
v 13.383515 12.974467 52.776253
v 14.955791 12.063877 51.993343
v 14.569180 13.468161 53.244816
v 15.966372 12.910524 53.541325
v 15.499231 13.561952 56.052887
v 17.074055 12.747693 55.486404
v 15.234076 13.615748 58.046719
v 18.300880 12.935217 59.088631
v 16.051535 12.860366 60.407501
v 18.041557 12.169624 60.081791
v 18.817059 10.835421 60.476566
v 17.024534 10.835421 61.494831
v 19.350845 7.030564 62.607872
v 15.208461 7.030565 64.300621
v 14.216047 10.835420 62.556400
v 14.636773 12.736633 61.099064
v 13.785950 14.165919 59.259014
v 11.640819 12.682432 61.788616
v 9.999653 11.872972 62.684574
v 12.027075 10.835420 62.831738
v 10.996652 13.802921 60.767883
v 9.113912 12.302519 60.946064
v 9.427282 10.835421 63.230656
v 8.167581 11.610379 58.701416
v 8.011275 9.975986 61.923073
v 6.829582 10.835420 58.689518
v 6.110358 10.835420 55.840454
v 6.840202 12.672108 56.393616
v 5.244778 7.030563 59.690762
v 4.606091 7.030563 55.927738
v 3.167850 3.225707 56.172932
v 5.776999 10.835419 53.894215
v 5.480083 7.030564 53.052979
v 3.454382 3.225707 52.804878
v 2.944355 -0.579149 52.506893
v 3.179205 -0.579149 56.549641
v 4.741826 3.225708 60.334435
v 3.416620 -0.579148 60.700043
v 5.218019 -0.305148 64.112350
v 8.095804 -0.579148 66.827980
v 8.589244 3.225708 65.704826
v 6.386464 3.225708 63.721546
v 7.181816 7.030564 63.088284
v 8.856372 7.030565 64.869141
v 11.174857 7.030564 65.357483
v 11.623983 3.225708 66.304710
v 12.142251 -0.579148 66.586288
v 15.429883 3.225708 64.767487
v 15.880350 -0.579148 65.868576
v 19.058842 3.225708 63.274525
v 7.661555 10.835420 52.450848
v 6.235927 11.976789 54.686756
v 7.873224 12.721473 53.167149
v 11.384815 14.096661 53.489357
v 9.068943 14.950118 55.485386
v 10.057384 15.376043 58.010376
v 12.672678 15.405181 57.069626
v -9.963547 -0.579149 47.879639
v -10.556729 3.225707 51.637970
v -12.120517 -0.579149 51.546478
v -6.821582 -0.579149 52.227493
v -6.304706 -0.579149 46.192154
v -6.228400 3.225707 48.469162
v -9.502349 3.225707 48.621700
v -8.411807 7.030563 49.789223
v -10.556729 7.030563 51.637970
v -7.401730 10.835419 51.960838
v -5.872035 7.030563 49.957890
v -5.513881 10.835420 50.273697
v -2.533327 7.030563 49.463154
v -2.470067 3.225707 49.062347
v 1.710450 -0.579149 48.147884
v -2.032371 -0.579149 46.432438
v 1.288266 3.225707 49.655529
v 0.582523 7.030563 50.783962
v 0.984161 10.835420 51.582298
v 3.048702 7.030563 51.860142
v -2.291940 10.588244 51.192295
v -2.927209 12.747693 51.958740
v 0.821012 12.935216 52.615993
v 1.566974 12.169623 53.321087
v 0.895242 12.860365 55.222420
v -1.567687 13.615747 54.803452
v -1.201468 14.165918 56.656189
v -3.656432 15.405180 56.579014
v -3.188126 13.561952 53.611881
v -5.165298 12.910524 51.994186
v -6.097352 13.468161 53.076462
v -7.414765 14.096661 55.985828
v -7.078484 12.974467 53.890545
v -7.008538 12.063877 52.135513
v -8.730473 10.835420 53.526226
v -11.149912 7.030563 55.396305
v -9.148730 12.374996 56.080784
v -9.957073 10.835420 56.226719
v -11.743094 7.030563 59.154636
v -10.116258 10.835421 58.750446
v -10.637739 7.030565 60.952587
v -8.841822 11.976789 61.075855
v -9.386460 12.721474 58.909447
v -9.757401 10.835420 61.096947
v -7.890779 10.835421 61.740910
v -8.537870 7.030564 63.101688
v -4.931589 7.030564 64.351906
v -11.829694 3.225708 62.609173
v -5.047028 10.835420 62.480873
v -9.014758 3.225708 64.480537
v -12.336276 -0.579148 62.912968
v -4.609229 3.225708 65.102486
v -8.679036 -0.579148 64.651794
v -4.926170 -0.579148 66.440155
v -4.249615 -0.579148 60.337345
v -8.007948 -0.579148 59.744160
v -13.029168 -0.579149 58.926590
v -7.414765 -0.579149 55.985828
v -13.057217 -0.579149 55.142467
v -3.656432 -0.579149 56.579014
v -3.063250 -0.579149 52.820679
v 0.101901 -0.579149 57.172195
v -0.491282 -0.579148 60.930527
v -1.068060 -0.305148 66.502335
v 4.431656 -0.579148 61.621922
v 2.697056 -0.579148 65.285698
v 3.935503 3.225708 61.940838
v 1.949759 3.225708 64.312820
v 1.345596 7.030565 63.676636
v 2.889014 7.030564 61.878929
v -0.848607 3.225708 65.289963
v -1.021204 7.030564 64.288048
v -1.643739 9.975986 63.000359
v -1.969866 12.302519 61.563698
v 0.183770 10.835421 62.387936
v 1.084644 10.835420 59.916809
v -0.019641 11.872972 61.623459
v -0.015662 12.682432 59.753662
v 0.820982 12.736632 56.795406
v 1.896236 10.835420 57.865292
v -1.220407 13.802921 59.827381
v -4.392968 11.610379 61.313580
v -4.089736 15.376043 59.324375
v -7.054739 12.672109 61.367153
v -6.778872 14.950119 58.976330
v 3.902782 7.030564 57.834286
v 2.316551 10.835420 54.892437
v 2.286114 10.835420 52.831112
v 4.411406 7.030563 53.388378
v 4.089800 3.225707 51.294552
v 4.855389 3.225707 53.965065
v 5.619935 -0.579149 53.965576
v 4.418600 3.225707 57.864742
v 5.600628 -0.579149 57.999493
v 5.069785 -0.579149 50.252369
v 0.695084 -0.579149 53.413860
v -11.149912 3.225707 55.396305
v -11.743094 3.225708 59.154636
v 48.289917 -0.579150 34.332706
v 46.545376 3.225706 37.714050
v 45.089622 -0.579150 37.135620
v 49.905861 -0.579150 39.447826
v 52.293743 -0.579150 33.880917
v 51.650402 3.225706 36.066483
v 48.494469 3.225706 35.182117
v 49.162712 7.030562 36.633274
v 46.545376 7.030562 37.714050
v 49.438946 10.835418 39.012318
v 51.520721 7.030562 37.591766
v 55.031754 3.225706 37.811024
v 51.761448 10.835419 38.004154
v 54.845703 7.030562 38.171627
v 54.531296 10.588243 39.888996
v 57.388397 7.030562 40.404949
v 58.413097 3.225706 39.555569
v 57.518730 10.835419 41.289074
v 59.391270 7.030562 42.201817
v 58.362118 10.835419 42.883846
v 60.557384 3.225706 41.992157
v 60.204491 7.030562 44.080948
v 60.444687 3.225706 44.767963
v 57.743038 10.835420 44.850246
v 58.324085 7.030564 48.141598
v 58.804188 3.225707 48.332657
v 57.064255 3.225707 52.050255
v 56.090282 7.030563 51.662533
v 54.994167 10.835419 49.232666
v 56.409508 10.835419 47.540276
v 55.725086 12.736632 46.186615
v 54.000927 12.682431 48.731915
v 52.834080 13.802920 48.423183
v 53.848919 14.165918 45.418697
v 51.576805 12.302518 49.835892
v 53.409382 11.872972 50.505672
v 53.362164 10.835420 51.295338
v 54.059998 7.030564 52.883930
v 51.434784 9.975985 51.302235
v 51.620975 7.030563 52.720356
v 47.888744 7.030563 51.551746
v 48.367317 10.835419 49.739269
v 44.858280 7.030563 49.231266
v 49.355152 11.610378 48.836742
v 45.900333 10.835420 48.142879
v 46.811485 12.672108 48.050877
v 45.206558 11.976789 47.212578
v 45.370533 12.721473 44.984787
v 50.268330 15.376042 47.043701
v 47.824917 14.950118 45.867966
v 48.161320 14.096660 42.829178
v 51.542671 15.405180 44.573719
v 54.083672 13.615746 43.544765
v 50.326508 13.468160 40.481426
v 52.919949 13.561951 41.904209
v 51.551525 12.910523 39.746998
v 53.687305 12.747692 40.416889
v 57.038910 12.935215 42.219078
v 57.525406 12.169622 43.122917
v 56.290043 12.860365 44.716709
v 49.757294 12.063876 39.301743
v 47.685474 10.835419 40.080669
v 49.139210 12.974466 40.945816
v 46.485405 12.374995 42.374245
v 44.727722 10.835420 44.604435
v 45.672157 10.835419 42.258682
v 43.056293 7.030562 44.476742
v 44.800831 7.030562 41.095398
v 44.800831 3.225706 41.095398
v 43.056293 3.225706 44.476742
v 43.070011 -0.579150 40.254868
v 41.907097 -0.579150 43.855980
v 46.416779 -0.579149 46.210522
v 41.311749 -0.579149 47.858093
v 48.161320 -0.579150 42.829178
v 51.542671 -0.579150 44.573719
v 49.798122 -0.579149 47.955067
v 44.236996 -0.579149 50.658421
v 47.237442 -0.579149 53.535835
v 50.880440 -0.305149 54.807652
v 53.179466 -0.579149 49.699604
v 54.924015 -0.579149 46.318260
v 57.635509 -0.579149 51.903473
v 54.837135 -0.579149 54.836258
v 54.433540 3.225707 53.677784
v 51.469868 3.225707 53.725727
v 47.958824 3.225707 52.365601
v 43.972130 3.225707 50.390308
v 41.888149 3.225707 47.728931
v 43.540432 7.030563 46.531017
v 44.330757 10.835419 46.944794
v 59.883930 -0.579149 48.832142
v 61.170319 -0.579150 45.008785
v 61.815300 -0.579150 41.310867
v 56.668556 -0.579150 42.936913
v 53.287205 -0.579150 41.192371
v 59.287800 -0.579150 38.257061
v 56.273964 -0.579150 35.452023
v 17.314358 -0.579149 51.144806
v 18.463196 3.225707 54.772068
v 17.023357 -0.579149 55.389034
v 22.068089 -0.579149 53.630318
v 19.833452 -0.579149 48.000141
v 20.919252 3.225707 50.003048
v 18.058550 3.225707 51.602543
v 19.555885 7.030563 52.159679
v 18.463196 7.030563 54.772068
v 21.429930 10.835419 53.651020
v 21.903326 7.030563 51.175606
v 24.546520 3.225707 48.854198
v 22.364859 10.835420 51.298077
v 24.669041 7.030563 49.241028
v 25.657690 10.588244 50.680050
v 28.046703 7.030563 49.030235
v 28.173788 3.225707 47.705357
v 28.762768 10.835420 49.564941
v 30.733856 7.030563 48.890907
v 30.485550 10.835420 50.100311
v 31.412470 3.225707 47.919689
v 32.635857 7.030563 49.649109
v 33.290749 3.225707 49.966602
v 31.433935 10.835420 51.930767
v 34.167603 7.030564 53.853687
v 34.642666 3.225707 53.650429
v 36.031986 3.225707 57.512779
v 35.068138 7.030563 57.925045
v 32.577126 10.835420 56.976067
v 32.386414 10.835419 54.778103
v 30.946384 12.736632 54.301487
v 31.519897 12.682432 57.321808
v 32.351898 11.872972 58.996300
v 30.475082 13.802921 57.926132
v 29.074900 14.165918 55.080727
v 30.580530 12.302519 59.814346
v 32.875504 10.835421 59.589306
v 28.301062 11.610379 60.673412
v 27.993050 13.699360 59.736012
v 31.514286 9.975986 60.953835
v 28.237572 10.835420 62.009956
v 29.176962 7.030564 63.632191
v 25.392105 7.030564 64.125298
v 25.362890 10.835421 62.618782
v 25.943790 12.672109 61.910809
v 24.214897 11.976789 62.448822
v 22.759552 12.721474 60.754147
v 25.122177 13.813634 59.648712
v 23.216934 14.096662 57.257587
v 26.844212 15.405180 56.108742
v 27.919342 13.615747 53.586929
v 23.095373 13.468161 54.066158
v 25.937222 13.561952 53.245083
v 25.431887 12.747693 51.649593
v 23.445539 12.910524 52.681446
v 21.859735 12.063877 53.631573
v 20.940777 10.835420 55.645195
v 21.247305 12.974467 55.184513
v 21.708166 12.374997 58.117397
v 22.035625 10.835421 60.938030
v 21.050243 10.835421 58.609177
v 20.760883 7.030564 62.026611
v 19.612041 7.030563 58.399342
v 19.612041 3.225707 58.399342
v 20.760883 3.225708 62.026611
v 17.792339 -0.579149 59.024590
v 19.508455 -0.579148 62.397312
v 24.365780 -0.579148 60.884857
v 21.909729 -0.579148 65.653877
v 23.216934 -0.579149 57.257587
v 27.993050 -0.579148 59.736012
v 25.695366 -0.579149 52.481472
v 26.844212 -0.579149 56.108742
v 29.322634 -0.579149 51.332626
v 30.471479 -0.579149 54.959900
v 31.620319 -0.579149 58.587170
v 36.418808 -0.579148 61.058514
v 33.594231 -0.305148 63.829437
v 36.333332 -0.579149 57.005756
v 35.760315 -0.579149 53.242764
v 33.974937 -0.579149 49.625404
v 31.823437 -0.579149 46.549431
v 27.877747 -0.579150 46.167969
v 23.762840 -0.579149 46.305901
v 35.315525 3.225708 60.522129
v 30.114990 -0.579148 65.497902
v 29.800753 3.225708 64.159592
v 33.248772 3.225708 62.646790
v 32.646645 7.030564 61.827618
v 34.490753 7.030565 60.222977
v 25.581650 3.225708 65.571922
v 25.958523 -0.579148 65.575104
v 22.227154 3.225708 65.155731
v 22.553192 7.030565 63.141102
v 23.405247 10.835420 62.876842
v 29.078745 12.935216 50.562588
v 30.309893 12.860365 52.861118
v 30.061161 12.169623 50.860012
v 33.206127 -0.579149 59.286106
v 36.486149 3.225708 61.214417
v 35.828339 -0.579148 62.636063
v 38.402561 -0.579149 57.954628
v 32.975761 -0.579149 55.263462
v 35.122540 3.225707 56.026318
v 34.065525 3.225708 59.128693
v 35.551315 7.030563 58.541470
v 36.486149 7.030564 61.214417
v 37.941975 10.835420 58.396816
v 36.638348 7.030563 56.239895
v 37.050846 3.225707 52.746292
v 37.063381 10.835420 56.022270
v 37.400639 7.030563 52.951935
v 39.098064 10.588244 53.360546
v 39.770741 7.030563 50.536228
v 40.660713 10.835420 50.454845
v 41.675304 7.030563 48.635471
v 38.979149 3.225707 49.466267
v 41.530258 3.225707 47.459576
v 37.730843 -0.579149 48.521305
v 40.919353 -0.579150 46.166008
v 44.576080 -0.579149 47.013878
v 42.259178 -0.579149 51.394573
v 45.539200 -0.579149 53.322876
v 40.330868 -0.579149 54.674595
v 43.610893 -0.579149 56.602905
v 34.763912 -0.579149 51.375912
v 48.819225 -0.579149 55.251186
v 41.682587 -0.579148 59.882931
v 44.962612 -0.579148 61.811237
v 46.890919 -0.579149 58.531212
v 49.283569 -0.579148 64.232918
v 52.322029 -0.579148 61.395668
v 53.792751 -0.305149 57.828335
v 54.039452 -0.579149 53.879230
v 52.860493 3.225707 54.218342
v 51.193344 3.225708 60.610874
v 52.744965 3.225707 57.180157
v 51.749454 7.030563 56.973850
v 52.047245 7.030564 54.547554
v 50.422600 10.835420 55.156742
v 50.939640 7.030563 52.453026
v 50.323231 9.975986 57.081570
v 48.593521 10.835420 60.058208
v 50.376865 7.030564 60.635983
v 48.866940 12.302519 56.858929
v 49.636742 11.872972 55.066067
v 47.898285 12.682431 54.377632
v 47.525700 13.802920 55.525681
v 47.746841 11.610379 59.022118
v 46.006866 15.376043 58.011478
v 46.821930 12.672109 61.518593
v 45.896423 11.976789 63.074863
v 43.681061 12.721474 62.788311
v 46.863560 10.835421 62.433434
v 44.698208 14.950119 60.386353
v 41.682587 14.096662 59.882931
v 43.610893 15.405180 56.602905
v 42.723591 13.615747 54.009037
v 39.457771 13.468162 57.591602
v 41.021378 13.561952 55.080547
v 44.581738 14.165918 54.346745
v 44.015396 12.860365 51.870632
v 45.451916 12.736632 52.515770
v 44.228836 10.835420 50.427212
v 46.841255 10.835419 51.907009
v 47.547211 7.030564 50.028496
v 48.453045 10.835419 53.413506
v 43.596409 7.030563 47.927090
v 44.295620 3.225707 47.725128
v 47.764450 3.225707 49.559666
v 51.380470 3.225707 51.501904
v 51.265411 -0.579149 50.923428
v 48.322704 -0.579149 48.509098
v 42.299561 10.835420 49.700657
v 42.492138 12.169623 50.549282
v 41.562851 12.935216 50.985207
v 39.578621 12.747693 54.232357
v 38.792000 12.910524 56.327961
v 38.248505 12.063878 58.094906
v 38.912025 10.835421 60.206516
v 39.856003 12.974468 58.802700
v 41.135952 12.374997 61.531216
v 43.265842 10.835421 63.409184
v 40.975731 10.835421 62.336849
v 39.766174 7.030564 63.142719
v 43.046204 7.030564 65.071022
v 43.046204 3.225708 65.071022
v 39.766174 3.225708 63.142719
v 45.124039 7.030565 64.700874
v 45.580765 10.835420 63.934566
v 47.892841 7.030564 63.533897
v 46.229042 3.225708 66.416687
v 46.326225 -0.579148 66.999329
v 49.001263 3.225708 64.482605
v 42.363022 -0.579148 66.184250
v 38.831505 -0.579148 64.824570
v 66.831833 -0.579154 -12.577070
v 64.255219 3.225702 -15.376718
v 65.298393 -0.579154 -16.545296
v 61.472847 -0.579154 -12.816001
v 65.881180 -0.579154 -8.661590
v 64.049461 3.225702 -10.016356
v 65.963821 3.225702 -12.676658
v 64.371437 7.030558 -12.547397
v 64.255219 7.030558 -15.376719
v 62.042210 10.835414 -13.104959
v 62.661469 7.030558 -10.661955
v 62.191494 10.835415 -10.577486
v 60.975033 7.030559 -7.738314
v 61.249813 3.225703 -7.439745
v 59.369320 -0.579153 -3.595705
v 63.038757 -0.579153 -5.462964
v 58.450165 3.225703 -4.863136
v 58.004337 7.030559 -6.117197
v 57.129227 10.835416 -6.298422
v 55.628929 7.030559 -4.853202
v 59.470078 10.588240 -8.623366
v 59.264122 12.747688 -9.597318
v 56.420551 12.935211 -7.068438
v 55.404610 12.169619 -6.921915
v 54.331985 12.860360 -8.629476
v 56.190350 13.615743 -10.299209
v 54.510998 14.165914 -11.163213
v 56.096592 15.405175 -13.039036
v 58.130779 13.561947 -10.828772
v 60.626736 12.910520 -11.373159
v 60.357655 13.468156 -12.775886
v 58.896236 14.096656 -15.615647
v 60.329243 12.974463 -14.050462
v 61.661072 12.063872 -12.905362
v 61.641003 10.835415 -15.118677
v 61.678616 7.030558 -18.176357
v 59.899033 12.374991 -17.033409
v 60.286842 10.835415 -17.757507
v 59.101997 7.030558 -20.976002
v 58.408081 10.835414 -19.450077
v 57.006401 7.030559 -21.226776
v 55.794117 11.976783 -19.896027
v 57.830112 12.721467 -18.976973
v 56.346371 10.835413 -20.626606
v 54.682140 10.835414 -19.563927
v 54.017799 7.030558 -20.916367
v 50.797733 7.030558 -18.867088
v 56.448742 3.225701 -23.189949
v 52.335644 10.835414 -17.795193
v 53.233559 3.225701 -22.146660
v 56.525387 -0.579155 -23.775650
v 50.009315 3.225702 -19.080761
v 52.890793 -0.579155 -21.989975
v 49.157974 -0.579155 -20.160137
v 53.519978 -0.579154 -15.838676
v 56.319626 -0.579154 -18.415291
v 60.079662 -0.579155 -21.842129
v 56.096592 -0.579154 -13.039035
v 58.896236 -0.579154 -15.615646
v 63.062408 -0.579154 -19.513279
v 61.678616 3.225702 -18.176357
v 59.101997 3.225701 -20.976002
v 58.673206 -0.579154 -10.239390
v 53.296951 -0.579154 -10.462420
v 50.720337 -0.579154 -13.262069
v 46.712452 -0.305154 -17.175453
v 47.120235 -0.579154 -9.833861
v 45.326809 -0.579154 -13.469207
v 47.178558 3.225702 -10.420781
v 46.553429 3.225702 -13.450419
v 47.427284 7.030559 -13.528631
v 47.877174 7.030558 -11.202377
v 47.526165 3.225702 -16.250320
v 48.418503 7.030558 -15.763147
v 49.814320 9.975980 -15.451015
v 51.142723 12.302513 -14.814074
v 49.158909 10.835415 -13.638477
v 50.535690 10.835414 -11.397382
v 49.884338 11.872967 -13.322955
v 51.347080 12.682426 -12.158253
v 53.145489 12.736628 -9.664861
v 51.639107 10.835414 -9.486923
v 52.037743 13.802916 -13.148118
v 52.844036 11.610373 -16.557487
v 54.214443 15.376038 -15.084101
v 54.455643 12.672103 -18.676592
v 56.157776 14.950113 -16.975153
v 50.416874 7.030560 -7.895279
v 53.707596 10.835415 -7.310707
v 55.341808 10.835416 -6.053987
v 53.584816 7.030559 -4.734756
v 55.425381 3.225703 -3.686008
v 52.857086 3.225703 -4.745095
v 52.381721 -0.579153 -4.146298
v 50.072559 3.225703 -7.509992
v 49.232651 -0.579153 -6.667443
v 55.633251 -0.579153 -2.270629
v 55.873558 -0.579154 -7.662779
v 65.655762 -0.579151 30.675655
v 63.079151 3.225705 27.876011
v 64.122330 -0.579151 26.707428
v 60.296776 -0.579151 30.436726
v 64.705109 -0.579150 34.591137
v 62.873390 3.225706 33.236374
v 64.787758 3.225705 30.576069
v 63.195370 7.030561 30.705330
v 63.079151 7.030561 27.876011
v 60.866146 10.835417 30.147766
v 61.485401 7.030561 32.590771
v 60.073746 3.225706 35.812984
v 61.015430 10.835419 32.675243
v 59.798969 7.030562 35.514416
v 58.294010 10.588243 34.629364
v 56.828270 7.030562 37.135529
v 57.274101 3.225706 38.389591
v 55.953156 10.835419 36.954308
v 54.452866 7.030562 38.399525
v 54.165737 10.835419 37.198742
v 54.249313 3.225706 39.566719
v 52.408749 7.030562 38.517971
v 51.681023 3.225706 38.507629
v 52.531525 10.835419 35.942020
v 49.240803 7.030563 35.357449
v 48.896496 3.225706 35.742733
v 46.002491 3.225705 32.831947
v 46.701111 7.030561 32.050354
v 49.359619 10.835418 31.855343
v 50.463043 10.835418 33.765808
v 51.969421 12.736631 33.587868
v 50.171017 12.682429 31.094473
v 50.861675 13.802918 30.104609
v 53.334930 14.165917 32.089516
v 49.966652 12.302516 28.438656
v 48.708267 11.872970 29.929775
v 47.982841 10.835418 29.614250
v 46.251213 7.030562 29.724098
v 48.638252 9.975983 27.801716
v 47.242439 7.030561 27.489578
v 49.621670 7.030561 24.385635
v 51.159576 10.835417 25.457535
v 52.841732 7.030561 22.336357
v 51.667973 11.610376 26.695240
v 53.506073 10.835418 23.688801
v 53.279579 12.672106 24.576136
v 54.618046 11.976787 23.356697
v 56.654041 12.721471 24.275755
v 53.038372 15.376040 28.168623
v 54.981709 14.950116 26.277575
v 57.720169 14.096659 27.637079
v 54.920521 15.405178 30.213690
v 55.014286 13.615746 32.953522
v 59.181591 13.468159 30.476839
v 56.954708 13.561951 32.423958
v 59.450665 12.910523 31.879568
v 58.088058 12.747692 33.655411
v 55.244488 12.935215 36.184292
v 54.228542 12.169622 36.330811
v 53.155914 12.860364 34.623249
v 60.485004 12.063875 30.347363
v 60.464935 10.835418 28.134052
v 59.153179 12.974465 29.202261
v 58.722961 12.374994 26.219315
v 57.232018 10.835418 23.802650
v 59.110779 10.835418 25.495216
v 57.925930 7.030561 22.276722
v 60.502544 7.030561 25.076366
v 60.502544 3.225705 25.076366
v 57.925930 3.225705 22.276722
v 61.886345 -0.579151 23.739449
v 58.903595 -0.579151 21.410599
v 55.143559 -0.579151 24.837437
v 55.349323 -0.579152 19.477077
v 57.720169 -0.579151 27.637081
v 54.920521 -0.579151 30.213692
v 57.497139 -0.579150 33.013340
v 52.120880 -0.579150 32.790302
v 49.544266 -0.579151 29.990658
v 52.343914 -0.579151 27.414047
v 51.714722 -0.579151 21.262753
v 47.981907 -0.579151 23.092590
v 45.536381 -0.305151 26.077271
v 45.377357 3.225705 29.802307
v 48.833244 3.225705 24.171967
v 46.350094 3.225705 27.002407
v 44.150742 -0.579151 29.783520
v 45.944168 -0.579150 33.418865
v 48.056583 -0.579150 36.585285
v 51.205654 -0.579150 39.106426
v 54.457184 -0.579150 40.982101
v 54.697491 -0.579150 35.589947
v 58.193253 -0.579150 39.657024
v 61.862690 -0.579150 37.789764
v 52.057491 3.225705 21.106068
v 55.272675 3.225704 20.062778
v 55.830330 7.030561 22.025951
v 55.170307 10.835417 22.626122
v 48.822571 -0.579150 23.642975
v 52.627426 3.225706 23.642971
v 52.780849 -0.579150 25.201904
v 52.627426 -0.579150 19.861588
v 46.585297 -0.579150 20.291950
v 48.822567 3.225705 19.861588
v 49.483654 3.225706 23.071728
v 50.466892 7.030561 21.812504
v 52.627426 7.030562 23.642971
v 52.454472 10.835418 20.476215
v 50.237537 7.030561 19.277489
v 48.822571 3.225705 16.056732
v 50.493645 10.835417 18.874477
v 49.228336 7.030561 16.056732
v 50.898701 10.588243 15.548721
v 50.047230 7.030561 12.773067
v 48.822567 3.225705 12.251876
v 50.773193 10.835417 12.251875
v 50.725769 7.030561 10.169262
v 51.803757 10.835417 10.771148
v 50.004791 3.225705 9.229076
v 52.022877 7.030560 8.584971
v 52.523296 3.225705 8.056510
v 53.835140 10.835417 10.419722
v 56.493717 7.030560 8.394248
v 56.443378 3.225704 7.879986
v 60.544960 3.225704 7.721714
v 60.646954 7.030560 8.765054
v 58.990128 10.835417 10.853262
v 56.837173 10.835417 10.371425
v 55.947994 12.736631 11.600329
v 59.000511 12.682429 11.965549
v 60.848068 11.872970 11.677971
v 59.261154 13.802917 13.144065
v 56.125786 14.165918 13.619754
v 61.093082 12.302516 13.613667
v 61.571484 10.835417 11.357862
v 61.223785 11.610376 16.046139
v 60.237141 13.699357 16.056730
v 62.461323 9.975983 13.067551
v 62.478779 10.835417 16.510220
v 64.308937 7.030561 16.104492
v 63.636223 7.030561 19.861588
v 62.191200 10.835418 19.434559
v 61.691673 12.672105 18.667006
v 61.682549 11.976788 20.477657
v 59.627541 12.721472 21.353380
v 59.287075 13.813631 18.767244
v 56.432278 14.096661 19.861586
v 56.432278 15.405177 16.056730
v 54.352802 13.615746 14.270338
v 53.353107 13.468160 19.013857
v 53.428417 13.561950 16.056730
v 51.754818 12.747690 16.056730
v 52.138748 12.910522 18.261930
v 52.565716 12.063877 20.060600
v 54.207878 10.835418 21.544666
v 53.861256 12.974465 21.113348
v 56.796402 12.374994 21.559551
v 59.584263 10.835418 22.099041
v 57.066574 10.835418 22.335258
v 60.237141 7.030562 23.642975
v 56.432278 7.030562 23.642971
v 56.432278 3.225706 23.642971
v 60.237141 3.225706 23.642975
v 56.478905 -0.579150 25.566532
v 60.212379 -0.579150 24.948872
v 60.237141 -0.579150 19.861588
v 64.042000 -0.579150 23.642971
v 56.432278 -0.579150 19.861588
v 52.627426 -0.579151 16.056732
v 56.432278 -0.579151 16.056732
v 52.627430 -0.579151 12.251877
v 56.432281 -0.579151 12.251876
v 60.237137 -0.579151 12.251876
v 60.237141 -0.579151 16.056732
v 65.189392 -0.579150 19.759365
v 66.370811 -0.579151 15.773580
v 65.830742 -0.305151 11.952949
v 64.041992 -0.579151 8.423546
v 63.197521 3.225705 9.313379
v 65.000076 3.225705 15.669058
v 64.598984 3.225705 11.925196
v 63.636227 7.030561 12.251874
v 62.663292 7.030561 10.009333
v 65.072563 3.225705 20.117680
v 63.662933 3.225706 23.189945
v 61.840778 7.030562 22.270832
v 61.846127 10.835418 21.378754
v 60.152584 -0.579151 7.281343
v 56.392204 -0.579152 6.691412
v 52.404602 -0.579151 7.301232
v 48.822571 -0.579151 8.423547
v 47.267540 -0.579151 12.069902
v 46.156578 -0.579151 16.034397
v 51.819679 12.935214 12.251875
v 54.382664 12.860363 11.772211
v 52.399857 12.169622 11.405115
v 49.745983 -0.579154 -6.871374
v 49.152802 3.225703 -3.113040
v 47.589016 -0.579153 -3.204535
v 52.887955 -0.579153 -2.523517
v 53.404823 -0.579154 -8.558861
v 53.481136 3.225703 -6.281850
v 50.207188 3.225703 -6.129316
v 51.297726 7.030559 -4.961788
v 49.152802 7.030559 -3.113040
v 52.307796 10.835415 -2.790178
v 53.837494 7.030559 -4.793123
v 57.239468 3.225703 -5.688667
v 54.195652 10.835416 -4.477316
v 57.176208 7.030559 -5.287866
v 57.417595 10.588241 -3.558718
v 60.292053 7.030559 -3.967052
v 60.693699 10.835416 -3.168714
v 62.758236 7.030559 -2.890871
v 60.997803 3.225703 -5.095486
v 63.799332 3.225703 -3.456465
v 61.419983 -0.579153 -6.603127
v 64.779320 -0.579153 -4.498644
v 65.329468 -0.579153 -0.785436
v 60.404621 -0.579153 -1.337152
v 59.811440 -0.579153 2.421181
v 56.646286 -0.579153 -1.930334
v 56.053104 -0.579153 1.827999
v 57.677158 -0.579154 -8.318578
v 59.218258 -0.579153 6.179514
v 55.459923 -0.579153 5.586331
v 52.294773 -0.579153 1.234816
v 46.680363 -0.579153 4.175578
v 51.701591 -0.579153 4.993149
v 46.652321 -0.579153 0.391458
v 48.559620 3.225703 0.645292
v 47.966438 3.225703 4.403625
v 47.966438 7.030560 4.403625
v 48.559620 7.030559 0.645291
v 49.752460 10.835416 1.475705
v 50.979057 10.835416 -1.224784
v 50.560802 12.374992 1.329770
v 52.631050 12.974463 -0.860472
v 52.700993 12.063873 -2.615498
v 53.612183 13.468157 -1.674550
v 54.544231 12.910521 -2.756832
v 56.521408 13.561948 -1.139132
v 56.782326 12.747689 -2.792274
v 58.141850 13.615744 0.052441
v 60.530548 12.935212 -2.135019
v 60.604774 12.860361 0.471407
v 61.276505 12.169620 -1.429926
v 61.995644 10.835416 -1.919900
v 62.026085 10.835416 0.141424
v 64.120941 7.030559 -1.362634
v 63.612312 7.030560 3.083272
v 61.605770 10.835415 3.114281
v 60.530514 12.736629 2.044389
v 58.508068 14.165915 1.905174
v 59.693871 12.682427 5.002648
v 59.689892 11.872969 6.872445
v 60.794174 10.835415 5.165796
v 58.489132 13.802917 5.076372
v 57.739666 12.302515 6.812687
v 59.893303 10.835417 7.636921
v 55.316563 11.610375 6.562565
v 58.065796 9.975982 8.249340
v 54.662506 10.835416 7.729862
v 51.818756 10.835417 6.989896
v 52.654797 12.672105 6.616136
v 54.777946 7.030560 9.600902
v 51.171665 7.030560 8.350676
v 50.694778 3.225704 9.729527
v 49.952129 10.835416 6.345937
v 49.071789 7.030560 6.201573
v 47.879841 3.225703 7.858160
v 47.373253 -0.579152 8.161959
v 51.030495 -0.579152 9.900784
v 55.100304 3.225704 10.351471
v 54.783360 -0.579152 11.689145
v 58.641472 -0.305152 11.751322
v 62.406586 -0.579152 10.534688
v 61.659290 3.225704 9.561812
v 58.860924 3.225704 10.538952
v 58.688332 7.030560 9.537042
v 61.055130 7.030560 8.925619
v 62.598545 7.030560 7.127919
v 63.645039 3.225703 7.189825
v 64.141190 -0.579152 6.870908
v 64.128136 3.225703 3.113728
v 65.310158 -0.579153 3.248478
v 64.564919 3.225703 -0.785949
v 49.593277 10.835416 3.999432
v 50.867710 11.976786 6.324840
v 50.323071 12.721469 4.158432
v 52.294773 14.096657 1.234815
v 52.930664 14.950114 4.225312
v 55.619801 15.376039 4.573360
v 56.053104 15.405176 1.827998
v 58.577927 -0.579156 -37.910824
v 54.997650 3.225700 -36.622963
v 54.325623 -0.579156 -38.037945
v 56.277569 -0.579156 -33.064774
v 61.817387 -0.579156 -35.514866
v 59.857838 3.225700 -34.352634
v 58.149216 3.225700 -37.149532
v 57.650234 7.030556 -35.631832
v 54.997650 7.030556 -36.622963
v 56.232273 10.835412 -33.701664
v 58.724102 7.030557 -33.324078
v 58.619514 10.835413 -32.858170
v 60.763889 7.030557 -30.635021
v 61.145702 3.225701 -30.772362
v 63.958401 -0.579155 -27.547207
v 63.661888 -0.579155 -31.653728
v 62.433563 3.225701 -27.192093
v 61.104771 7.030557 -27.268002
v 60.598076 10.835414 -26.531853
v 61.347610 7.030557 -24.588215
v 59.364063 10.588239 -29.591614
v 58.386532 12.747687 -29.779863
v 59.613361 12.935210 -26.177637
v 59.354038 12.169618 -25.184479
v 57.364014 12.860359 -24.858774
v 56.546558 13.615742 -27.219553
v 55.098431 14.165913 -26.007257
v 53.985157 15.405174 -28.196646
v 56.811710 13.561946 -29.213388
v 57.278851 12.910518 -31.724951
v 55.881660 13.468154 -32.021461
v 52.697296 14.096654 -31.776915
v 54.695995 12.974461 -32.490017
v 56.268272 12.063870 -33.272926
v 54.220718 10.835413 -34.113564
v 51.417381 7.030556 -35.335102
v 51.779945 12.374990 -33.251408
v 51.263157 10.835413 -33.889877
v 47.837109 7.030557 -34.047237
v 48.974037 10.835413 -32.815426
v 46.792561 7.030558 -32.213291
v 47.548405 11.976783 -30.579514
v 49.185703 12.721466 -32.099125
v 47.089481 10.835413 -31.372055
v 47.422840 10.835414 -29.425819
v 45.918571 7.030557 -29.338535
v 46.557259 7.030557 -25.575504
v 44.766861 3.225701 -32.461391
v 48.142067 10.835413 -26.576752
v 44.480331 3.225701 -29.093338
v 44.256836 -0.579155 -32.759377
v 46.054306 3.225701 -24.931839
v 44.491684 -0.579155 -28.716633
v 44.729099 -0.579155 -24.566231
v 50.404888 -0.579155 -26.908783
v 49.117023 -0.579155 -30.489052
v 47.418385 -0.579156 -35.284435
v 52.697296 -0.579155 -31.776913
v 50.722427 -0.579156 -37.129333
v 53.985157 -0.579155 -28.196644
v 57.565430 -0.579155 -29.484509
v 55.273022 -0.579155 -24.616371
v 51.692749 -0.579155 -23.328510
v 46.530499 -0.305155 -21.153915
v 53.454731 -0.579154 -18.679989
v 49.408283 -0.579154 -18.438290
v 52.936466 3.225702 -18.961555
v 49.901726 3.225702 -19.561436
v 50.168854 7.030559 -20.397133
v 52.487339 7.030558 -19.908783
v 47.698944 3.225701 -21.544724
v 48.494297 7.030557 -22.177994
v 49.323757 9.975979 -23.343201
v 50.426392 12.302512 -24.320202
v 50.739761 10.835414 -22.035622
v 53.339558 10.835413 -22.434540
v 51.312134 11.872966 -22.581696
v 52.953297 12.682425 -23.477655
v 55.949253 12.736627 -24.167208
v 55.528526 10.835413 -22.709869
v 52.309128 13.802915 -24.498388
v 49.480061 11.610373 -26.564857
v 51.369865 15.376037 -27.255896
v 48.152683 12.672102 -28.872660
v 50.381424 14.950112 -29.780886
v 56.520939 7.030559 -20.965649
v 58.337013 10.835414 -23.771439
v 60.129539 10.835414 -24.789703
v 60.663326 7.030557 -22.658398
v 62.344284 3.225701 -23.947563
v 60.371323 3.225701 -21.991749
v 60.738647 -0.579155 -21.321224
v 56.742363 3.225702 -20.498779
v 57.192829 -0.579154 -19.397682
v 63.729374 -0.579155 -23.589737
v 58.853294 -0.579155 -25.904232
v 51.417381 3.225700 -35.335102
v 47.837109 3.225700 -34.047237
v -64.393990 -0.579150 37.572063
v -60.589138 3.225706 37.572067
v -60.435715 -0.579150 39.130993
v -60.589138 -0.579150 33.790684
v -66.631264 -0.579150 34.221046
v -64.393990 3.225706 33.790684
v -63.732910 3.225706 37.000820
v -62.749676 7.030562 35.741596
v -60.589138 7.030562 37.572067
v -60.762089 10.835418 34.405308
v -62.979027 7.030561 33.206585
v -64.393997 3.225705 29.985825
v -62.722919 10.835419 32.803574
v -63.988228 7.030561 29.985825
v -62.317856 10.588243 29.477814
v -63.169334 7.030561 26.702160
v -64.393990 3.225705 26.180969
v -62.443367 10.835418 26.180969
v -62.490788 7.030561 24.098354
v -61.412807 10.835418 24.700245
v -63.211777 3.225705 23.158169
v -61.193687 7.030561 22.514065
v -60.693268 3.225705 21.985603
v -59.381428 10.835418 24.348816
v -56.722847 7.030562 22.323341
v -56.773182 3.225705 21.809082
v -52.671608 3.225705 21.650806
v -52.569607 7.030561 22.694149
v -54.226433 10.835417 24.782356
v -56.379395 10.835417 24.300518
v -57.268570 12.736630 25.529425
v -54.216049 12.682429 25.894640
v -53.955406 13.802918 27.073160
v -57.090778 14.165916 27.548845
v -52.123482 12.302516 27.542763
v -52.368496 11.872970 25.607067
v -51.645081 10.835418 25.286961
v -50.553268 7.030562 23.938431
v -50.755238 9.975983 26.996647
v -49.580334 7.030561 26.180969
v -48.907623 7.030561 30.033585
v -50.737785 10.835417 30.439312
v -49.580338 7.030561 33.790684
v -51.992779 11.610376 29.975231
v -51.025360 10.835419 33.363655
v -51.524887 12.672107 32.596100
v -51.534008 11.976788 34.406750
v -53.589024 12.721472 35.282475
v -52.979427 13.699357 29.985823
v -53.929485 13.813632 32.696342
v -56.784279 14.096660 33.790680
v -56.784286 15.405178 29.985823
v -58.863766 13.615746 28.199434
v -59.863461 13.468160 32.942955
v -59.788143 13.561950 29.985826
v -61.077812 12.910523 32.191029
v -61.461746 12.747691 29.985826
v -61.396881 12.935214 26.180967
v -60.816704 12.169621 25.334206
v -58.833897 12.860363 25.701303
v -60.650848 12.063876 33.989697
v -59.008682 10.835419 35.473759
v -59.355312 12.974466 35.042439
v -56.420158 12.374995 35.488644
v -53.632301 10.835419 36.028137
v -56.149982 10.835419 36.264351
v -52.979424 7.030562 37.572067
v -56.784283 7.030562 37.572067
v -56.784283 3.225706 37.572067
v -52.979424 3.225706 37.572067
v -56.737663 -0.579150 39.495625
v -53.004185 -0.579150 38.877968
v -52.979424 -0.579150 33.790684
v -49.174572 -0.579150 37.572067
v -56.784279 -0.579150 33.790680
v -56.784286 -0.579151 29.985825
v -52.979427 -0.579151 29.985825
v -48.027176 -0.579150 33.688461
v -46.845757 -0.579151 29.702675
v -47.385826 -0.305151 25.882046
v -56.784283 -0.579151 26.180969
v -52.979424 -0.579151 26.180969
v -53.063976 -0.579151 21.210438
v -49.174568 -0.579151 22.352642
v -50.019043 3.225705 23.242474
v -48.617584 3.225705 25.854286
v -48.216484 3.225705 29.598148
v -48.143997 3.225706 34.046776
v -49.553635 3.225706 37.119038
v -51.375786 7.030563 36.199928
v -51.370438 10.835418 35.307846
v -56.824360 -0.579151 20.620506
v -60.811962 -0.579151 21.230328
v -64.393997 -0.579151 22.352642
v -60.589138 -0.579151 26.180973
v -60.589138 -0.579151 29.985828
v -65.949020 -0.579151 25.998993
v -67.059982 -0.579151 29.963490
v -44.008751 -0.579153 -6.304336
v -47.664261 3.225703 -7.359878
v -47.379189 -0.579154 -8.900181
v -48.713295 -0.579153 -3.726916
v -42.788933 -0.579153 -2.464182
v -45.057781 3.225703 -2.671375
v -44.802361 3.225703 -5.938910
v -46.096336 7.030559 -5.001881
v -47.664261 7.030559 -7.359878
v -48.376621 10.835415 -4.269439
v -46.579250 7.030559 -2.502742
v -46.113319 3.225703 0.984137
v -46.937107 10.835416 -2.186598
v -46.503162 7.030559 0.871569
v -48.248898 10.588241 0.896245
v -48.200871 7.030560 3.799169
v -47.168865 3.225703 4.639647
v -49.042923 10.835416 4.098507
v -49.575123 7.030560 6.112531
v -50.443817 10.835416 5.235214
v -49.143257 3.225703 7.215830
v -51.260826 7.030560 7.274796
v -51.888206 3.225703 7.643691
v -52.492958 10.835416 5.009304
v -55.609089 7.030560 6.217735
v -55.703396 3.225703 6.725774
v -59.687889 3.225703 5.739980
v -59.496441 7.030560 4.709293
v -57.325336 10.835415 3.162685
v -55.390556 10.835415 4.222883
v -54.195358 12.736629 3.288888
v -57.026745 12.682427 2.091175
v -58.881561 11.872968 1.854917
v -56.950211 13.802917 0.886609
v -53.805943 14.165915 1.299405
v -58.579956 12.302514 -0.072773
v -59.665386 10.835416 1.961771
v -58.030720 11.610374 -2.446025
v -60.046001 9.975981 0.072331
v -59.107704 10.835415 -3.240048
v -60.978588 7.030559 -3.357970
v -59.289989 7.030559 -6.780972
v -58.020153 10.835416 -5.969824
v -57.753162 12.672104 -5.093823
v -57.242085 11.976784 -6.830871
v -55.024796 12.721468 -7.102124
v -56.094597 15.376039 -1.897992
v -55.415138 14.950114 -4.523046
v -52.368805 14.096657 -4.782458
v -53.424343 15.405176 -1.126946
v -51.922062 13.615744 1.166219
v -49.645664 13.468157 -3.113777
v -50.538387 13.561948 -0.293618
v -48.930473 12.747689 0.170673
v -48.687572 12.910521 -2.054482
v -48.598797 12.063873 -3.900998
v -49.764793 10.835416 -5.782380
v -50.331535 12.974463 -4.188455
v -52.247585 12.374991 -6.514787
v -54.776352 10.835415 -7.806510
v -52.291958 10.835415 -7.334999
v -54.975285 7.030559 -9.470961
v -51.319775 7.030559 -8.415419
v -51.319775 3.225702 -8.415418
v -54.975285 3.225702 -9.470960
v -50.830936 -0.579154 -10.276407
v -54.589218 -0.579154 -10.718733
v -56.024315 -0.579153 -5.837998
v -58.630795 -0.579154 -10.526500
v -52.368805 -0.579153 -4.782457
v -57.079853 -0.579153 -2.182487
v -53.424343 -0.579153 -1.126945
v -50.824379 -0.579153 3.584108
v -49.768833 -0.579153 -0.071404
v -54.479889 -0.579153 2.528566
v -51.983700 -0.579152 8.402249
v -59.433090 -0.579153 6.271913
v -58.135399 -0.579153 1.473026
v -55.983963 -0.579152 7.881894
v -62.852962 -0.579153 4.095547
v -63.592373 -0.305153 0.208447
v -61.794773 3.225703 3.474917
v -63.051327 -0.579153 -3.612049
v -61.763390 3.225703 -3.131359
v -62.416664 3.225703 0.576824
v -61.401070 7.030559 0.530051
v -61.088451 7.030560 2.954480
v -60.598904 3.225703 -7.425480
v -60.810543 -0.579154 -7.113639
v -58.392296 3.225702 -9.986096
v -56.896641 7.030560 -8.597556
v -57.149265 10.835414 -7.741976
v -48.230919 -0.579152 8.317712
v -45.725357 -0.579153 5.245874
v -43.558170 -0.579153 1.745193
v -50.048332 12.935212 3.808191
v -52.643787 12.860361 3.558005
v -50.840649 12.169620 4.460762
v -60.754772 -0.579155 -25.627914
v -61.347954 3.225701 -21.869579
v -62.911743 -0.579155 -21.961075
v -57.612808 -0.579155 -21.280056
v -57.095928 -0.579155 -27.315403
v -57.019627 3.225701 -25.038391
v -60.293571 3.225701 -24.885860
v -59.203033 7.030557 -23.718327
v -61.347954 7.030558 -21.869579
v -58.192955 10.835413 -21.546719
v -56.663258 7.030557 -23.549664
v -53.261292 3.225701 -24.445210
v -56.305103 10.835414 -23.233860
v -53.324551 7.030557 -24.044407
v -53.083164 10.588239 -22.315258
v -50.208702 7.030557 -22.723595
v -49.807064 10.835414 -21.925255
v -47.742523 7.030558 -21.647411
v -49.502960 3.225701 -23.852024
v -46.701427 3.225701 -22.213009
v -49.080780 -0.579155 -25.359669
v -45.721439 -0.579155 -23.255184
v -45.171288 -0.579154 -19.541981
v -50.096142 -0.579154 -20.093693
v -50.689323 -0.579154 -16.335361
v -53.854473 -0.579155 -20.686874
v -54.447655 -0.579154 -16.928543
v -52.823593 -0.579155 -27.075115
v -51.282505 -0.579154 -12.577029
v -55.040836 -0.579154 -13.170211
v -58.205990 -0.579154 -17.521725
v -63.820389 -0.579154 -14.580966
v -58.799171 -0.579154 -13.763394
v -63.848434 -0.579154 -18.365086
v -61.941135 3.225702 -18.111248
v -62.534317 3.225702 -14.352918
v -62.534317 7.030558 -14.352919
v -61.941135 7.030558 -18.111248
v -60.748299 10.835415 -17.280838
v -59.521698 10.835414 -19.981323
v -59.939957 12.374991 -17.426773
v -57.869709 12.974462 -19.617014
v -57.799763 12.063871 -21.372040
v -56.888577 13.468155 -20.431097
v -55.956520 12.910519 -21.513372
v -53.979347 13.561946 -19.895678
v -53.718430 12.747687 -21.548819
v -52.358910 13.615743 -18.704103
v -49.970215 12.935210 -20.891562
v -49.895985 12.860360 -18.285139
v -49.224255 12.169618 -20.186470
v -48.505108 10.835414 -20.676445
v -48.474674 10.835415 -18.615116
v -46.379826 7.030558 -20.119179
v -46.888439 7.030559 -15.673271
v -48.894989 10.835414 -15.642262
v -49.970242 12.736628 -16.712152
v -51.992695 14.165914 -16.851370
v -50.806885 12.682426 -13.753895
v -50.810863 11.872967 -11.884098
v -49.706585 10.835414 -13.590746
v -52.011631 13.802916 -13.680172
v -52.761089 12.302513 -11.943858
v -50.607449 10.835415 -11.119619
v -55.184196 11.610373 -12.193976
v -52.434963 9.975980 -10.507203
v -55.838253 10.835414 -11.026680
v -58.682003 10.835415 -11.766647
v -57.845963 12.672103 -12.140408
v -55.722813 7.030559 -9.155644
v -59.329094 7.030558 -10.405866
v -59.805984 3.225702 -9.027017
v -60.548626 10.835414 -12.410606
v -61.428970 7.030559 -12.554969
v -62.620914 3.225702 -10.898382
v -63.127499 -0.579154 -10.594584
v -59.470261 -0.579154 -8.855758
v -55.400452 3.225702 -8.405073
v -55.717396 -0.579154 -7.067397
v -51.859283 -0.305154 -7.005221
v -48.094166 -0.579154 -8.221854
v -48.841469 3.225702 -9.194730
v -51.639835 3.225702 -8.217592
v -51.812428 7.030559 -9.219501
v -49.445625 7.030559 -9.830924
v -47.902210 7.030558 -11.628622
v -46.855721 3.225702 -11.566718
v -46.359570 -0.579154 -11.885634
v -46.372623 3.225702 -15.642814
v -45.190601 -0.579154 -15.508063
v -45.935837 3.225702 -19.542492
v -60.907482 10.835415 -14.757111
v -59.633045 11.976784 -12.431702
v -60.177685 12.721468 -14.598110
v -58.205990 14.096656 -17.521727
v -57.570099 14.950113 -14.531231
v -54.880959 15.376038 -14.183182
v -54.447655 15.405175 -16.928545
vn -0.1660 0.2228 0.9606
vn -0.6606 0.2968 0.6896
vn -0.5692 -0.5121 0.6432
vn -0.1718 -0.5224 0.8352
vn -0.0000 -1.0000 -0.0000
vn -0.8461 -0.4451 0.2932
vn -0.9052 0.4007 0.1415
vn -0.7837 0.4020 0.4735
vn -0.3372 0.2619 0.9043
vn -0.5872 0.3785 0.7155
vn -0.9353 0.2770 0.2204
vn -0.8483 0.3753 0.3736
vn -0.9779 0.2088 -0.0077
vn -0.9228 0.3847 -0.0222
vn -0.9252 0.3374 -0.1737
vn -0.8238 -0.5185 -0.2292
vn -0.8971 -0.4322 -0.0920
vn -0.9519 0.2520 -0.1743
vn -0.9269 0.3675 -0.0759
vn -0.9041 0.3526 -0.2412
vn -0.8437 0.2778 -0.4593
vn -0.7012 0.7126 -0.0241
vn -0.5558 0.7446 -0.3696
vn -0.0809 0.7772 -0.6240
vn -0.3169 0.5566 -0.7680
vn -0.3551 0.9084 -0.2206
vn -0.1440 0.8720 -0.4679
vn -0.0689 0.9961 -0.0544
vn -0.4722 0.8758 -0.1000
vn -0.4758 0.8425 0.2527
vn -0.6085 0.7674 0.2021
vn -0.0166 0.8854 0.4645
vn -0.4160 0.5582 0.7179
vn -0.6475 0.4580 0.6091
vn -0.3176 0.3652 0.8751
vn -0.0264 0.1981 0.9798
vn -0.0767 0.3986 0.9139
vn -0.0505 0.5259 0.8491
vn 0.3479 0.1894 0.9182
vn 0.2251 0.3804 0.8970
vn 0.6190 0.2760 0.7353
vn 0.6423 0.4070 0.6495
vn 0.7042 0.5686 0.4252
vn 0.2799 0.6558 0.7011
vn 0.9358 0.3297 0.1247
vn 0.8777 0.3572 0.3195
vn 0.5784 0.2632 0.7722
vn 0.9447 0.3274 -0.0200
vn 0.9610 0.1816 0.2087
vn 0.8346 0.5484 -0.0516
vn 0.5541 -0.5543 0.6210
vn 0.7245 -0.6735 0.1466
vn 0.9711 0.2363 -0.0333
vn 0.8400 -0.5408 0.0443
vn 0.0070 -1.0000 -0.0067
vn 0.1680 -0.5495 0.8184
vn 0.0283 -0.4944 0.8688
vn -0.6027 -0.4858 -0.6330
vn -0.1798 -0.5957 -0.7828
vn -0.7018 0.2641 -0.6616
vn -0.2268 0.1526 -0.9619
vn 0.0006 -0.5576 -0.8301
vn -0.0309 0.1816 -0.9829
vn -0.3854 0.2995 -0.8728
vn 0.0137 0.3202 -0.9472
vn 0.2276 0.1884 -0.9554
vn 0.2881 0.3617 -0.8867
vn -0.0683 0.5019 -0.8622
vn 0.0900 0.4979 -0.8626
vn 0.1536 0.4935 -0.8561
vn 0.0319 0.6901 -0.7230
vn 0.2142 0.6757 -0.7053
vn 0.4424 0.6823 -0.5820
vn 0.7282 0.6613 -0.1799
vn 0.3667 0.7972 -0.4796
vn 0.7219 0.6884 -0.0704
vn 0.6346 0.7709 -0.0548
vn 0.8709 0.4512 -0.1947
vn 0.6236 0.5252 -0.5791
vn 0.7117 0.3287 -0.6209
vn 0.6980 0.2651 -0.6652
vn 0.9053 0.3306 -0.2667
vn 0.9174 0.2789 -0.2838
vn 0.8242 -0.5112 -0.2435
vn 0.5821 -0.5389 -0.6088
vn 0.0187 -0.9998 0.0060
vn 0.1242 -0.6377 -0.7602
vn 0.7430 0.6653 0.0729
vn 0.3425 0.9069 0.2453
vn -0.5135 0.4679 -0.7193
vn 0.0073 0.2041 0.9789
vn 0.1339 0.1928 0.9721
vn 0.3793 0.3526 -0.8555
vn 0.8080 0.5566 -0.1933
vn 0.7906 0.4679 -0.3951
vn 0.8217 0.4935 0.2851
vn 0.5059 0.6823 0.5277
vn 0.4748 0.5252 0.7062
vn -0.2691 0.3297 0.9049
vn -0.5298 0.5686 0.6293
vn -0.7417 0.4070 0.5332
vn -0.7515 0.5050 -0.4246
vn -0.5952 0.5443 -0.5911
vn -0.6152 0.3785 -0.6916
vn -0.6998 -0.5543 0.4505
vn -0.8346 -0.5495 0.0383
vn -0.3241 0.8134 -0.4831
vn -0.6673 0.6199 -0.4129
vn -0.9230 0.2228 -0.3138
vn -0.5466 -0.5121 -0.6625
vn -0.7982 -0.5224 -0.2999
vn -0.3455 0.4020 -0.8479
vn -0.5782 0.2968 -0.7600
vn -0.8407 0.2619 -0.4741
vn -0.3560 0.1816 0.9167
vn -0.2578 -0.6735 0.6928
vn -0.4524 0.3572 0.8172
vn -0.8529 0.2632 0.4509
vn -0.8229 0.2760 0.4967
vn 0.9082 0.1884 0.3738
vn 0.5106 -0.5389 0.6699
vn 0.7315 -0.6377 0.2412
vn 0.8309 0.3617 0.4228
vn 0.5482 0.2651 0.7932
vn 0.5024 0.3286 0.7998
vn 0.3158 0.3374 -0.8868
vn 0.7192 -0.4858 -0.4967
vn 0.3548 -0.5185 -0.7780
vn 0.5853 0.2778 -0.7618
vn 0.7629 0.2641 -0.5901
vn 0.3206 0.2520 -0.9131
vn 0.9222 0.2995 -0.2446
vn 0.8623 0.5019 0.0670
vn 0.9335 0.3202 0.1612
vn 0.9855 0.1526 -0.0741
vn 0.9757 0.1816 0.1227
vn 0.8013 -0.5957 -0.0556
vn 0.8199 -0.5576 0.1300
vn -0.9211 0.3804 0.0825
vn -0.9612 0.1894 0.2005
vn -0.8908 0.3986 -0.2182
vn -0.9637 0.1981 -0.1789
vn -0.9811 0.1928 -0.0192
vn -0.9681 0.2041 -0.1454
vn -0.8625 -0.4944 -0.1075
vn -0.2000 0.5748 0.7935
vn -0.7936 0.5866 0.1615
vn -0.5224 0.8065 -0.2770
vn -0.4088 0.8778 0.2497
vn -0.7848 0.5563 -0.2730
vn -0.1577 -0.4451 -0.8815
vn 0.7092 0.6901 0.1442
vn 0.8380 0.4979 0.2234
vn 0.6633 0.6757 0.3216
vn -0.0089 -0.9998 0.0175
vn 0.0055 -1.0000 0.0080
vn 0.2308 -0.4322 -0.8718
vn 0.6290 0.7772 0.0174
vn 0.4873 0.8702 -0.0724
vn 0.2733 0.9084 -0.3164
vn 0.1287 0.9701 -0.2060
vn 0.4427 0.7560 0.4821
vn 0.1114 0.8848 0.4525
vn -0.0151 0.7272 0.6863
vn -0.0034 0.7289 0.6846
vn -0.0719 0.2770 -0.9582
vn -0.2367 0.3753 -0.8962
vn 0.1601 0.2088 -0.9648
vn 0.2195 0.3675 -0.9037
vn 0.0013 0.4007 -0.9162
vn 0.1658 0.3847 -0.9080
vn 0.0565 0.4512 0.8906
vn 0.1223 0.3306 0.9358
vn -0.1275 0.3274 0.9363
vn -0.0792 0.5484 0.8324
vn 0.1373 0.2789 0.9505
vn -0.1185 0.2363 0.9644
vn 0.1120 -0.5112 0.8521
vn -0.1747 -0.5408 0.8228
vn 0.4518 0.7446 -0.4914
vn 0.1331 0.7126 -0.6888
vn 0.1724 0.8758 -0.4508
vn -0.1048 0.7674 -0.6326
vn -0.9269 0.3675 -0.0760
vn 0.0137 0.3202 -0.9473
vn 0.7117 0.3286 -0.6209
vn -0.1689 0.2228 -0.9601
vn 0.3882 0.2968 -0.8725
vn 0.3179 -0.5121 -0.7979
vn -0.1211 -0.5224 -0.8441
vn 0.6969 -0.4451 -0.5623
vn 0.8039 0.4007 -0.4396
vn 0.5772 0.4020 -0.7108
vn 0.0112 0.2619 -0.9650
vn 0.3104 0.3785 -0.8720
vn 0.8055 0.2770 -0.5239
vn 0.8758 0.3847 -0.2914
vn 0.9228 0.2088 -0.3237
vn 0.6718 0.3753 -0.6386
vn 0.9547 0.2520 -0.1582
vn 0.8979 0.3675 -0.2423
vn 0.9324 0.3526 -0.0790
vn 0.9494 0.2778 0.1466
vn 0.9294 0.3374 -0.1497
vn 0.8843 0.2641 0.3850
vn 0.7814 -0.4858 0.3916
vn 0.8527 -0.5185 -0.0631
vn 0.4342 -0.5957 0.6757
vn 0.8753 -0.4322 -0.2170
vn -0.0196 -0.9998 0.0007
vn -0.0043 -1.0000 0.0086
vn -0.4351 -0.5495 -0.7133
vn -0.3207 -0.4944 -0.8079
vn -0.3382 0.2041 -0.9187
vn -0.4551 0.1928 -0.8693
vn -0.6381 0.1894 -0.7463
vn -0.3068 0.1981 -0.9309
vn -0.2372 0.3986 -0.8859
vn 0.0107 0.5050 -0.8631
vn -0.1382 0.5563 -0.8194
vn 0.0410 0.6199 -0.7836
vn 0.2319 0.5443 -0.8062
vn 0.2676 0.8134 -0.5165
vn 0.5042 0.7674 -0.3962
vn 0.4781 0.8758 -0.0657
vn 0.6679 0.7126 -0.2146
vn 0.4088 0.9084 0.0874
vn 0.6481 0.7446 0.1597
vn 0.2873 0.7772 0.5598
vn 0.5582 0.5566 0.6154
vn 0.7266 0.4679 0.5031
vn 0.3561 0.5019 0.7882
vn 0.6581 0.2995 0.6908
vn 0.3078 0.3202 0.8960
vn 0.2073 0.4979 0.8421
vn 0.2147 0.6901 0.6911
vn 0.2979 0.8702 0.3924
vn 0.0372 0.6757 0.7362
vn 0.1453 0.4935 0.8575
vn -0.2193 0.6823 0.6974
vn -0.6089 0.7272 0.3169
vn -0.2097 0.7560 0.6200
vn -0.3907 0.5252 0.7560
vn -0.7536 0.4512 0.4780
vn -0.6018 0.7289 0.3263
vn -0.7679 0.5484 0.3310
vn -0.8822 0.3274 0.3386
vn -0.7919 0.5748 0.2063
vn -0.9228 0.3297 0.1994
vn -0.9340 0.3572 -0.0035
vn -0.9749 0.1816 0.1289
vn -0.8056 0.2632 -0.5308
vn -0.8242 0.4070 -0.3937
vn -0.8313 0.2760 -0.4824
vn -0.7316 -0.5543 -0.3968
vn -0.7314 -0.6735 0.1073
vn -0.9025 0.2363 0.3600
vn -0.8054 -0.5408 0.2427
vn -0.6932 -0.5112 0.5081
vn -0.3417 -0.5389 0.7699
vn -0.4317 0.2651 0.8622
vn -0.7672 0.2789 0.5776
vn -0.4595 0.3286 0.8251
vn -0.7616 0.3306 0.5574
vn 0.0290 0.3617 0.9318
vn 0.1092 0.1884 0.9760
vn 0.3618 0.1816 0.9144
vn 0.1404 -0.6377 0.7573
vn 0.2805 -0.5576 0.7813
vn 0.5390 0.1526 0.8283
vn -0.5155 0.3804 -0.7679
vn -0.8066 0.5686 -0.1617
vn -0.5234 0.5866 -0.6181
vn -0.4155 0.8778 -0.2383
vn -0.0084 0.8065 -0.5912
vn -0.3431 0.8848 0.3153
vn 0.2425 0.9701 0.0137
vn -0.5298 0.5686 0.6294
vn -0.7776 0.2228 -0.5880
vn -0.3100 0.2968 -0.9032
vn -0.3106 -0.5121 -0.8008
vn -0.6635 -0.5224 -0.5356
vn 0.1274 -0.4451 -0.8864
vn 0.2893 0.4007 -0.8693
vn -0.0614 0.4020 -0.9136
vn -0.6490 0.2619 -0.7143
vn -0.3666 0.3785 -0.8499
vn 0.2330 0.2770 -0.9322
vn 0.4552 0.2088 -0.8655
vn 0.4428 0.3847 -0.8099
vn 0.0570 0.3753 -0.9251
vn 0.5913 0.2520 -0.7660
vn 0.4925 0.3675 -0.7889
vn 0.5785 0.3374 -0.7426
vn 0.7950 0.2778 -0.5392
vn 0.6289 0.3526 -0.6929
vn 0.8747 0.4679 -0.1265
vn 0.9523 0.2995 0.0576
vn 0.9097 0.2641 -0.3204
vn 0.9588 0.1526 0.2394
vn 0.8356 0.3202 0.4465
vn 0.7976 0.5019 0.3346
vn 0.8877 0.1816 0.4232
vn 0.7447 0.1884 0.6403
vn 0.6559 0.3617 0.6626
vn 0.7253 0.4978 0.4755
vn 0.6904 0.4935 0.5290
vn 0.6279 0.6901 0.3598
vn 0.5286 0.6757 0.5138
vn 0.4854 0.8702 0.0845
vn 0.3143 0.6823 0.6600
vn 0.2687 0.7560 0.5968
vn -0.2301 0.7272 0.6467
vn 0.2288 0.5252 0.8197
vn 0.2255 0.3286 0.9171
vn -0.2263 0.4512 0.8633
vn -0.4154 0.3274 0.8487
vn -0.1781 0.3306 0.9268
vn -0.3368 0.5484 0.7653
vn -0.6863 0.3572 0.6335
vn -0.5399 0.3297 0.7745
vn -0.2185 0.7289 0.6488
vn -0.4393 0.5748 0.6904
vn -0.0365 0.8848 0.4645
vn -0.7008 0.5686 0.4309
vn -0.8042 0.5866 -0.0962
vn -0.4665 0.8778 0.1085
vn 0.1869 0.9701 -0.1551
vn -0.4088 0.8065 -0.4272
vn 0.3589 0.9084 -0.2144
vn 0.3054 0.8758 -0.3738
vn -0.1558 0.8134 -0.5605
vn 0.3429 0.7126 -0.6121
vn 0.0994 0.7674 -0.6335
vn 0.5833 0.7446 -0.3245
vn 0.5917 0.7772 0.2143
vn 0.8278 0.5566 0.0705
vn -0.3792 0.5443 -0.7483
vn -0.5799 0.5050 -0.6393
vn -0.5037 0.6199 -0.6017
vn -0.6592 0.5563 -0.5059
vn -0.9004 0.3804 -0.2112
vn -0.7770 0.3986 -0.4872
vn -0.9755 0.1894 -0.1118
vn -0.8586 0.1981 -0.4727
vn -0.8733 0.2041 -0.4423
vn -0.8043 -0.5495 -0.2260
vn -0.9253 0.1928 -0.3267
vn -0.7850 -0.4944 -0.3732
vn -0.8060 -0.5543 0.2077
vn 0.0027 -1.0000 0.0093
vn -0.4625 -0.6735 0.5766
vn -0.4245 -0.5408 0.7262
vn -0.1615 -0.5112 0.8441
vn -0.0139 -0.9998 0.0139
vn 0.2741 -0.5389 0.7965
vn 0.6186 -0.6377 0.4589
vn 0.2711 0.2651 0.9253
vn -0.1684 0.2789 0.9454
vn -0.4157 0.2363 0.8783
vn -0.6261 0.1816 0.7583
vn -0.9514 0.2632 0.1599
vn -0.9373 0.2760 0.2129
vn -0.8717 0.4070 0.2730
vn 0.7375 -0.5576 0.3811
vn 0.7782 -0.5957 0.1991
vn 0.8389 -0.4858 -0.2454
vn 0.5814 -0.5185 -0.6270
vn 0.4931 -0.4322 -0.7550
vn -0.9659 0.2228 0.1318
vn -0.8569 0.2968 -0.4215
vn -0.7851 -0.5121 -0.3484
vn -0.8481 -0.5224 0.0884
vn -0.5350 -0.4451 -0.7181
vn -0.4082 0.4007 -0.8202
vn -0.6880 0.4020 -0.6042
vn -0.9639 0.2619 -0.0484
vn -0.8594 0.3785 -0.3438
vn -0.4925 0.2770 -0.8251
vn -0.2574 0.3847 -0.8864
vn -0.2879 0.2088 -0.9346
vn -0.6123 0.3753 -0.6959
vn -0.1213 0.2520 -0.9601
vn -0.2075 0.3675 -0.9066
vn -0.1138 0.3374 -0.9344
vn 0.1831 0.2778 -0.9430
vn -0.0430 0.3526 -0.9348
vn 0.5307 0.4679 -0.7067
vn 0.7157 0.2995 -0.6310
vn 0.4188 0.2641 -0.8688
vn 0.8485 0.1526 -0.5067
vn 0.9072 0.3202 -0.2730
vn 0.8014 0.5019 -0.3255
vn 0.9277 0.1816 -0.3263
vn 0.9795 0.1884 -0.0715
vn 0.9323 0.3617 0.0069
vn 0.8495 0.4979 -0.1747
vn 0.8625 0.4935 -0.1121
vn 0.6989 0.6901 -0.1879
vn 0.7371 0.6757 -0.0087
vn 0.6884 0.6823 0.2460
vn 0.3914 0.6613 0.6399
vn 0.4026 0.8720 -0.2786
vn 0.5679 0.7972 0.2047
vn 0.7404 0.5252 0.4196
vn 0.4486 0.4512 0.7715
vn 0.2851 0.6884 0.6670
vn 0.3012 0.5484 0.7801
vn 0.2438 0.7709 0.5884
vn 0.3043 0.3274 0.8946
vn -0.0395 0.3572 0.9332
vn 0.1637 0.3297 0.9298
vn 0.1548 0.6653 0.7304
vn -0.1927 0.5686 0.7998
vn -0.5839 0.6558 0.4785
vn -0.1305 0.9069 0.4006
vn 0.0311 0.9961 -0.0821
vn -0.4479 0.8854 0.1244
vn 0.1031 0.9084 -0.4051
vn -0.0472 0.8758 -0.4803
vn -0.3846 0.8425 -0.3773
vn -0.1887 0.7126 -0.6757
vn -0.3764 0.7674 -0.5191
vn -0.7762 0.4580 -0.4334
vn -0.9301 0.3652 -0.0386
vn -0.8100 0.5582 -0.1798
vn -0.8247 0.5259 0.2082
vn -0.7872 0.3804 0.4855
vn -0.8944 0.3986 0.2028
vn -0.7703 0.1894 0.6089
vn -0.9421 0.1981 0.2707
vn -0.9310 0.2041 0.3026
vn -0.7295 -0.5495 0.4072
vn -0.8862 0.1928 0.4212
vn -0.8197 -0.4944 0.2893
vn -0.4247 -0.5543 0.7158
vn 0.0085 -1.0000 0.0047
vn -0.0001 -0.9998 0.0196
vn 0.7562 -0.5390 0.3712
vn 0.4810 -0.5112 0.7122
vn 0.7622 -0.6377 -0.1111
vn 0.7916 -0.5576 -0.2501
vn 0.6920 -0.5957 -0.4078
vn 0.4215 -0.4858 -0.7657
vn -0.0302 -0.5185 -0.8545
vn -0.1831 -0.4322 -0.8830
vn 0.8449 0.2651 0.4646
vn 0.5476 0.2789 0.7889
vn 0.2114 -0.5408 0.8142
vn 0.3250 0.2363 0.9157
vn 0.8068 0.3286 0.4910
vn 0.5276 0.3306 0.7825
vn 0.0912 0.1816 0.9791
vn 0.0790 -0.6735 0.7350
vn -0.5615 0.2632 0.7845
vn -0.5141 0.2760 0.8121
vn -0.4252 0.4070 0.8084
vn 0.1846 0.7446 -0.6415
vn 0.5705 0.7772 -0.2655
vn 0.6365 0.5566 -0.5340
vn -0.6300 0.2228 0.7440
vn -0.9189 0.2968 0.2597
vn -0.8167 -0.5121 0.2660
vn -0.5714 -0.5224 0.6330
vn -0.8780 -0.4451 -0.1760
vn -0.8521 0.4007 -0.3368
vn -0.9156 0.4020 0.0110
vn -0.7490 0.2619 0.6087
vn -0.8688 0.3785 0.3192
vn -0.9179 0.2770 -0.2840
vn -0.7842 0.3847 -0.4868
vn -0.8391 0.2088 -0.5023
vn -0.9206 0.3753 -0.1079
vn -0.7323 0.2520 -0.6327
vn -0.7606 0.3675 -0.5352
vn -0.6572 0.3526 -0.6662
vn -0.4945 0.2778 -0.8236
vn -0.7096 0.3374 -0.6186
vn -0.2697 0.2641 -0.9260
vn -0.1988 -0.4858 -0.8512
vn -0.5940 -0.5185 -0.6151
vn 0.2417 -0.5957 -0.7660
vn -0.7267 -0.4322 -0.5340
vn 0.0131 -0.9998 0.0147
vn 0.0094 -1.0000 -0.0022
vn 0.8339 -0.5112 0.2078
vn 0.5503 -0.6735 0.4936
vn 0.7017 -0.5408 0.4639
vn 0.8104 -0.5389 -0.2298
vn 0.9389 0.2651 -0.2197
vn 0.9347 0.2789 0.2203
vn 0.8540 0.2363 0.4635
vn 0.9282 0.3286 -0.1746
vn 0.9156 0.3306 0.2289
vn 0.8310 0.5252 -0.1832
vn 0.8495 0.4512 0.2736
vn 0.6977 0.3617 -0.6184
vn 0.7456 0.5484 0.3785
vn 0.8245 0.3274 0.4615
vn 0.6331 0.7272 0.2654
vn 0.6763 0.6823 -0.2775
vn 0.5421 0.6757 -0.4995
vn 0.6107 0.7560 -0.2354
vn 0.6358 0.7289 0.2539
vn 0.4618 0.8848 0.0621
vn 0.6651 0.5748 0.4767
vn 0.7435 0.3297 0.5818
vn 0.3916 0.5686 0.7234
vn -0.1403 0.5866 0.7976
vn 0.0826 0.8778 0.4718
vn -0.4491 0.8065 0.3846
vn -0.1446 0.9701 -0.1952
vn -0.1943 0.9084 -0.3702
vn -0.3564 0.8758 -0.3255
vn 0.1111 0.8702 -0.4800
vn -0.5682 0.8134 0.1247
vn 0.2465 0.7772 -0.5790
vn 0.3939 0.6901 -0.6071
vn 0.3781 0.5019 -0.7779
vn 0.5147 0.4979 -0.6980
vn 0.4918 0.3202 -0.8097
vn 0.5662 0.4935 -0.6602
vn 0.2919 0.1526 -0.9442
vn 0.1101 0.2995 -0.9477
vn 0.6804 0.1884 -0.7082
vn 0.4715 0.1816 -0.8630
vn 0.4923 -0.6377 -0.5924
vn 0.4212 -0.5576 -0.7153
vn -0.0781 0.4679 -0.8803
vn 0.1160 0.5566 -0.8227
vn -0.2918 0.7446 -0.6003
vn -0.5922 0.7126 -0.3761
vn -0.6270 0.7674 -0.1342
vn -0.7680 0.5443 0.3374
vn -0.6703 0.5050 0.5438
vn -0.6286 0.6199 0.4697
vn -0.5414 0.5563 0.6304
vn -0.2605 0.3804 0.8874
vn -0.5293 0.3986 0.7490
vn -0.5194 0.1981 0.8313
vn -0.1655 0.1894 0.9679
vn 0.1609 0.2760 0.9476
vn -0.3772 0.1928 0.9059
vn -0.4898 0.2041 0.8476
vn 0.2245 0.4070 0.8854
vn 0.5947 0.3572 0.7202
vn 0.1072 0.2632 0.9588
vn 0.1630 -0.5543 0.8162
vn 0.7227 0.1816 0.6669
vn -0.2700 -0.5495 0.7907
vn -0.4159 -0.4944 0.7632
vn 0.8193 0.2228 -0.5283
vn 0.9547 0.2968 0.0191
vn 0.8588 -0.5121 -0.0167
vn 0.7309 -0.5224 -0.4392
vn 0.7887 -0.4451 0.4240
vn 0.7171 0.4007 0.5702
vn 0.8791 0.4020 0.2560
vn 0.8937 0.2619 -0.3643
vn 0.9241 0.3785 -0.0525
vn 0.7955 0.2770 0.5389
vn 0.8493 0.3753 0.3712
vn 0.6566 0.2088 0.7248
vn 0.6085 0.3847 0.6940
vn 0.4987 0.3374 0.7984
vn 0.3892 -0.5185 0.7614
vn 0.5398 -0.4322 0.7224
vn 0.5164 0.2520 0.8184
vn 0.5718 0.3675 0.7335
vn 0.4348 0.3526 0.8286
vn 0.2334 0.2778 0.9319
vn 0.4571 0.7126 0.5322
vn 0.1044 0.7446 0.6593
vn -0.4044 0.7772 0.4821
vn -0.3505 0.5566 0.7533
vn 0.0781 0.9084 0.4107
vn -0.2460 0.8702 0.4268
vn 0.0815 0.9701 0.2288
vn 0.2462 0.8758 0.4151
vn 0.5799 0.8134 0.0461
vn 0.5608 0.7674 0.3109
vn 0.5416 0.8065 -0.2373
vn 0.7381 0.6199 -0.2664
vn 0.8330 0.5443 -0.0992
vn 0.7996 0.5050 -0.3251
vn 0.7389 0.1981 -0.6441
vn 0.7244 0.3986 -0.5625
vn 0.7015 0.5563 -0.4454
vn 0.4400 0.1894 -0.8778
vn 0.5076 0.3804 -0.7731
vn 0.1219 0.2760 -0.9534
vn 0.0429 0.4070 -0.9124
vn -0.1641 0.5686 -0.8061
vn 0.3665 0.5866 -0.7222
vn -0.5420 0.3297 -0.7730
vn -0.3593 0.3572 -0.8622
vn 0.1765 0.2632 -0.9485
vn -0.6545 0.3274 -0.6816
vn -0.4972 0.1816 -0.8484
vn -0.6031 0.5484 -0.5792
vn 0.0817 -0.5543 -0.8283
vn -0.3827 -0.6735 -0.6324
vn -0.6821 0.2363 -0.6920
vn -0.5363 -0.5408 -0.6481
vn -0.0096 -1.0000 -0.0006
vn 0.4884 -0.5495 -0.6778
vn 0.6201 -0.4944 -0.6091
vn 0.7153 0.2041 -0.6683
vn 0.6245 0.1928 -0.7568
vn -0.0082 -0.9998 -0.0178
vn -0.8422 -0.5389 -0.0161
vn -0.7373 -0.5112 -0.4416
vn -0.6435 -0.6377 0.4234
vn -0.8571 0.1884 0.4795
vn -0.9622 0.2651 -0.0632
vn -0.8475 0.3617 0.3885
vn -0.9388 0.3287 -0.1032
vn -0.8301 0.2789 -0.4829
vn -0.8093 0.3306 -0.4856
vn -0.7330 0.4512 -0.5090
vn -0.5284 0.7272 -0.4382
vn -0.8484 0.5252 -0.0666
vn -0.7339 0.4935 0.4667
vn -0.7278 0.6823 0.0686
vn -0.6641 0.6757 0.3200
vn -0.5536 0.6901 0.4662
vn -0.6956 0.4979 0.5179
vn -0.6528 0.7560 0.0474
vn -0.5343 0.7289 -0.4280
vn -0.4237 0.8848 -0.1938
vn -0.4975 0.5748 -0.6497
vn 0.0583 0.8778 -0.4754
vn -0.7062 0.3202 0.6314
vn -0.5882 0.5019 0.6341
vn -0.1816 0.4679 0.8649
vn -0.3812 0.2995 0.8746
vn -0.0115 0.2641 0.9644
vn -0.5542 0.1526 0.8183
vn -0.4542 -0.5957 0.6625
vn -0.7023 0.1816 0.6884
vn -0.6112 -0.5576 0.5617
vn -0.0576 -0.4858 0.8722
vn -0.5344 0.7289 -0.4280
vn 0.5821 -0.5390 -0.6088
vn 0.5106 -0.5390 0.6699
vn 0.5024 0.3287 0.7998
vn 0.4260 0.2228 -0.8768
vn 0.8259 0.2968 -0.4793
vn 0.7253 -0.5121 -0.4601
vn 0.3967 -0.5224 -0.7548
vn 0.8942 -0.4451 -0.0470
vn 0.9089 0.4007 0.1152
vn 0.8843 0.4020 -0.2375
vn 0.5748 0.2619 -0.7752
vn 0.7627 0.3785 -0.5245
vn 0.9597 0.2770 0.0477
vn 0.8804 0.3847 0.2773
vn 0.9374 0.2088 0.2787
vn 0.9186 0.3753 -0.1236
vn 0.8662 0.2520 0.4315
vn 0.8695 0.3675 0.3301
vn 0.8407 0.3374 0.4235
vn 0.6832 0.2778 0.6754
vn 0.8017 0.3526 0.4826
vn 0.2938 0.4679 0.8335
vn 0.1282 0.2995 0.9454
vn 0.4907 0.2641 0.8303
vn -0.0489 0.1526 0.9871
vn -0.2759 0.3202 0.9063
vn -0.1736 0.5019 0.8473
vn -0.2429 0.1816 0.9529
vn -0.4837 0.1884 0.8547
vn -0.5228 0.3617 0.7719
vn -0.3258 0.4979 0.8038
vn -0.3850 0.4935 0.7799
vn -0.2312 0.6901 0.6858
vn -0.4015 0.6757 0.6182
vn -0.5865 0.6823 0.4364
vn -0.6791 0.7272 -0.1003
vn 0.0113 0.8702 0.4925
vn -0.5334 0.7560 0.3794
vn -0.7597 0.5252 0.3834
vn -0.8908 0.4512 -0.0546
vn -0.6789 0.7289 -0.0885
vn -0.8161 0.5484 -0.1820
vn -0.9132 0.3274 -0.2428
vn -0.7546 0.3572 -0.5504
vn -0.8645 0.3297 -0.3794
vn -0.7625 0.5748 -0.2971
vn -0.4628 0.8848 0.0543
vn -0.5587 0.5686 -0.6039
vn -0.0616 0.5866 -0.8075
vn -0.1970 0.8778 -0.4366
vn 0.1884 0.9701 0.1533
vn 0.3398 0.8065 -0.4839
vn 0.2799 0.9084 0.3105
vn 0.4259 0.8758 0.2271
vn 0.5196 0.8134 -0.2616
vn 0.6670 0.7126 0.2177
vn 0.6407 0.7674 -0.0254
vn 0.6605 0.5443 -0.5172
vn 0.5147 0.5050 -0.6929
vn 0.4926 0.6199 -0.6108
vn 0.3684 0.5563 -0.7448
vn 0.0326 0.3804 -0.9243
vn 0.3272 0.3986 -0.8568
vn -0.0795 0.1894 -0.9787
vn 0.2972 0.1981 -0.9340
vn 0.2645 0.2041 -0.9425
vn 0.0657 -0.5495 -0.8329
vn 0.1410 0.1928 -0.9711
vn 0.2138 -0.4944 -0.8425
vn -0.3601 -0.5543 -0.7504
vn -0.0086 -1.0000 0.0044
vn -0.0444 -0.5957 0.8020
vn -0.2308 -0.5576 0.7974
vn -0.3302 -0.6377 0.6959
vn -0.0163 -0.9998 -0.0110
vn -0.7282 -0.5389 0.4234
vn -0.8594 -0.5112 0.0053
vn -0.8552 0.2651 0.4454
vn -0.9602 0.2789 0.0181
vn -0.7948 -0.5408 -0.2756
vn -0.9422 0.2363 -0.2374
vn -0.8560 0.3287 0.3991
vn -0.9438 0.3306 0.0051
vn -0.8654 0.1816 -0.4671
vn -0.6554 -0.6735 -0.3419
vn -0.3414 0.2632 -0.9023
vn -0.3907 0.2760 -0.8782
vn -0.4369 0.4070 -0.8022
vn 0.4035 -0.4858 0.7754
vn 0.7278 -0.5185 0.4487
vn 0.8363 -0.4322 0.3373
vn 0.4315 0.7446 0.5093
vn -0.0954 0.7772 0.6220
vn 0.0914 0.5566 0.8258
vt 0.437500 0.937500
vt 0.437500 1.000000
vt 0.375000 1.000000
vt 0.375000 0.937500
vt 0.187500 0.687886
vt 0.187500 0.750000
vt 0.125000 0.750000
vt 0.125000 0.687886
vt 0.375000 0.000000
vt 0.437500 0.062114
vt 0.375000 0.062114
vt 0.437500 0.000000
vt 0.500000 1.000000
vt 0.500000 0.000000
vt 0.500000 0.937500
vt 0.562500 1.000000
vt 0.562500 0.000000
vt 0.500000 0.062114
vt 0.562500 0.062114
vt 0.500000 0.124614
vt 0.437500 0.124614
vt 0.437500 0.187114
vt 0.375000 0.187114
vt 0.375000 0.124614
vt 0.500000 0.187114
vt 0.562500 0.124614
vt 0.562500 0.187114
vt 0.500000 0.250000
vt 0.625000 0.124614
vt 0.625000 0.187114
vt 0.812500 0.500000
vt 0.875000 0.500000
vt 0.875000 0.562886
vt 0.625000 0.250000
vt 0.812500 0.562886
vt 0.875000 0.625386
vt 0.750000 0.562886
vt 0.750000 0.625386
vt 0.812500 0.625386
vt 0.812500 0.687886
vt 0.875000 0.687886
vt 0.750000 0.687886
vt 0.812500 0.750000
vt 0.875000 0.750000
vt 0.562500 0.937500
vt 0.625000 0.937500
vt 0.625000 1.000000
vt 0.625000 0.000000
vt 0.625000 0.062114
vt 0.500000 0.875000
vt 0.562500 0.875000
vt 0.625000 0.875000
vt 0.500000 0.812500
vt 0.562500 0.812500
vt 0.500000 0.750000
vt 0.562500 0.750000
vt 0.625000 0.750000
vt 0.625000 0.812500
vt 0.562500 0.687886
vt 0.500000 0.687886
vt 0.437500 0.750000
vt 0.500000 0.625386
vt 0.437500 0.687886
vt 0.562500 0.625386
vt 0.375000 0.750000
vt 0.375000 0.687886
vt 0.437500 0.625386
vt 0.312500 0.687886
vt 0.375000 0.625386
vt 0.312500 0.625386
vt 0.250000 0.687886
vt 0.312500 0.750000
vt 0.250000 0.750000
vt 0.250000 0.625386
vt 0.187500 0.625386
vt 0.187500 0.562886
vt 0.250000 0.562886
vt 0.125000 0.500000
vt 0.187500 0.500000
vt 0.125000 0.562886
vt 0.437500 0.250000
vt 0.375000 0.312500
vt 0.375000 0.250000
vt 0.437500 0.312500
vt 0.250000 0.500000
vt 0.437500 0.375000
vt 0.375000 0.375000
vt 0.500000 0.312500
vt 0.500000 0.375000
vt 0.437500 0.437500
vt 0.500000 0.437500
vt 0.562500 0.312500
vt 0.562500 0.375000
vt 0.562500 0.437500
vt 0.625000 0.375000
vt 0.625000 0.437500
vt 0.625000 0.500000
vt 0.687500 0.500000
vt 0.625000 0.562886
vt 0.750000 0.500000
vt 0.687500 0.562886
vt 0.625000 0.625386
vt 0.687500 0.625386
vt 0.562500 0.562886
vt 0.562500 0.500000
vt 0.500000 0.500000
vt 0.437500 0.500000
vt 0.500000 0.562886
vt 0.437500 0.562886
vt 0.375000 0.562886
vt 0.375000 0.500000
vt 0.312500 0.562886
vt 0.375000 0.437500
vt 0.312500 0.500000
vt 0.625000 0.687886
vt 0.687500 0.687886
vt 0.687500 0.750000
vt 0.625000 0.312500
vt 0.562500 0.250000
vt 0.125000 0.625386
vt 0.437500 0.875000
vt 0.375000 0.875000
vt 0.375000 0.812500
vt 0.437500 0.812500
vt 0.750000 0.750000
s 1
f 2/1/1 7/2/2 1/3/3
f 2/1/1 1/3/3 3/4/4
f 4/5/5 3/6/4 1/7/3
f 4/5/5 1/7/3 5/8/6
f 1/9/3 6/10/7 5/11/6
f 1/9/3 7/12/2 6/10/7
f 2/1/1 8/13/8 7/2/2
f 8/14/8 6/10/7 7/12/2
f 2/1/1 9/15/9 8/13/8
f 9/15/9 10/16/10 8/13/8
f 10/17/10 11/18/11 8/14/8
f 8/14/8 11/18/11 6/10/7
f 10/17/10 12/19/12 11/18/11
f 12/19/12 13/20/13 11/18/11
f 11/18/11 13/20/13 14/21/14
f 11/18/11 14/21/14 6/10/7
f 14/21/14 17/22/15 15/23/16
f 14/21/14 15/23/16 16/24/17
f 6/10/7 14/21/14 16/24/17
f 14/21/14 18/25/18 17/22/15
f 14/21/14 13/20/13 18/25/18
f 21/26/19 18/25/18 13/20/13
f 21/26/19 19/27/20 18/25/18
f 19/27/20 20/28/21 18/25/18
f 17/22/15 18/25/18 20/28/21
f 12/19/12 21/26/19 13/20/13
f 12/19/12 22/29/22 21/26/19
f 21/26/19 22/29/22 23/30/23
f 21/26/19 23/30/23 19/27/20
f 25/31/24 24/32/25 23/33/23
f 19/27/20 23/30/23 24/34/25
f 26/35/26 23/33/23 22/36/22
f 25/31/24 23/33/23 26/35/26
f 25/31/24 26/35/26 27/37/27
f 26/35/26 28/38/28 27/37/27
f 26/35/26 29/39/29 28/38/28
f 26/35/26 22/36/22 29/39/29
f 28/38/28 29/39/29 31/40/30
f 29/39/29 22/36/22 30/41/31
f 29/39/29 30/41/31 31/40/30
f 28/38/28 31/40/30 32/42/32
f 32/42/32 31/40/30 33/43/33
f 31/40/30 30/41/31 34/44/34
f 31/40/30 34/44/34 33/43/33
f 35/45/35 33/46/33 34/47/34
f 35/45/35 34/47/34 10/16/10
f 34/48/34 12/19/12 10/17/10
f 34/48/34 30/49/31 12/19/12
f 9/15/9 35/45/35 10/16/10
f 36/50/36 38/51/37 35/45/35
f 36/50/36 35/45/35 9/15/9
f 37/52/38 33/46/33 35/45/35
f 37/52/38 35/45/35 38/51/37
f 39/53/39 40/54/40 38/51/37
f 39/53/39 38/51/37 36/50/36
f 40/54/40 37/52/38 38/51/37
f 41/55/41 44/56/42 40/54/40
f 41/55/41 40/54/40 39/53/39
f 42/57/43 43/58/44 40/54/40
f 42/57/43 40/54/40 44/56/42
f 40/54/40 43/58/44 37/52/38
f 45/59/45 42/57/43 44/56/42
f 46/60/46 45/59/45 44/56/42
f 46/60/46 44/56/42 41/55/41
f 46/60/46 41/55/41 48/61/47
f 47/62/48 46/60/46 50/63/49
f 49/64/50 46/60/46 47/62/48
f 46/60/46 48/61/47 50/63/49
f 49/64/50 45/59/45 46/60/46
f 50/63/49 48/61/47 51/65/51
f 50/63/49 51/65/51 53/66/52
f 52/67/53 50/63/49 53/66/52
f 47/62/48 50/63/49 52/67/53
f 56/68/5 53/66/52 51/65/51
f 52/67/53 53/66/52 54/69/54
f 55/70/55 54/69/54 53/66/52
f 55/70/55 53/66/52 56/68/5
f 58/71/5 56/68/5 57/72/56
f 56/68/5 51/65/51 57/72/56
f 55/70/55 56/68/5 58/71/5
f 58/71/5 59/73/57 3/6/4
f 58/71/5 3/6/4 4/5/5
f 60/74/5 58/71/5 4/5/5
f 58/71/5 57/72/56 59/73/57
f 55/70/55 58/71/5 60/74/5
f 60/74/5 4/5/5 61/75/5
f 63/76/5 60/74/5 61/75/5
f 63/76/5 62/77/5 60/74/5
f 62/77/5 55/70/55 60/74/5
f 64/78/58 65/79/59 63/76/5
f 64/78/58 63/76/5 15/80/16
f 15/80/16 63/76/5 61/75/5
f 65/79/59 62/77/5 63/76/5
f 66/81/60 65/82/59 64/83/58
f 66/81/60 69/84/61 65/82/59
f 65/79/59 67/85/62 62/77/5
f 65/82/59 68/86/63 67/87/62
f 65/82/59 69/84/61 68/86/63
f 66/81/60 70/88/64 69/84/61
f 69/84/61 70/88/64 71/89/65
f 69/84/61 71/89/65 68/86/63
f 71/89/65 72/90/66 68/86/63
f 71/89/65 74/91/67 72/90/66
f 73/92/68 71/89/65 70/88/64
f 73/92/68 76/93/69 71/89/65
f 71/89/65 75/94/70 74/91/67
f 71/89/65 76/93/69 75/94/70
f 73/92/68 77/95/71 76/93/69
f 76/93/69 77/95/71 78/96/72
f 76/93/69 78/96/72 75/94/70
f 75/94/70 78/96/72 79/97/73
f 78/98/72 81/99/74 79/97/73
f 78/98/72 77/100/71 27/37/27
f 78/98/72 80/101/75 81/99/74
f 78/98/72 27/37/27 80/101/75
f 81/99/74 82/102/76 49/64/50
f 81/99/74 83/103/77 82/102/76
f 81/99/74 80/101/75 83/103/77
f 81/99/74 49/64/50 84/104/78
f 85/105/79 81/99/74 84/104/78
f 85/105/79 79/97/73 81/99/74
f 74/91/67 75/94/70 85/105/79
f 75/94/70 79/97/73 85/105/79
f 74/91/67 85/105/79 86/106/80
f 86/106/80 85/105/79 84/104/78
f 74/91/67 86/106/80 88/107/81
f 86/106/80 87/108/82 89/109/83
f 86/106/80 84/104/78 87/108/82
f 86/106/80 89/109/83 88/107/81
f 90/110/84 89/109/83 52/67/53
f 88/107/81 89/109/83 90/110/84
f 87/108/82 52/67/53 89/109/83
f 90/110/84 52/67/53 54/69/54
f 92/111/85 90/110/84 91/112/86
f 90/110/84 55/70/55 91/112/86
f 90/110/84 54/69/54 55/70/55
f 88/107/81 90/110/84 92/111/85
f 72/90/66 88/107/81 92/111/85
f 72/90/66 92/111/85 93/113/87
f 92/111/85 91/112/86 93/114/87
f 68/86/63 72/90/66 93/113/87
f 68/86/63 93/113/87 67/87/62
f 93/114/87 62/77/5 67/85/62
f 93/114/87 91/112/86 62/77/5
f 62/77/5 91/112/86 55/70/55
f 74/91/67 88/107/81 72/90/66
f 87/108/82 47/62/48 52/67/53
f 84/104/78 47/62/48 87/108/82
f 84/104/78 49/64/50 47/62/48
f 83/103/77 94/115/88 82/102/76
f 83/103/77 95/116/89 94/115/88
f 80/101/75 28/38/28 83/103/77
f 28/38/28 95/116/89 83/103/77
f 28/38/28 32/42/32 95/116/89
f 32/42/32 43/117/44 95/116/89
f 94/115/88 95/116/89 43/117/44
f 49/64/50 82/102/76 94/115/88
f 45/59/45 94/115/88 42/57/43
f 94/115/88 43/117/44 42/57/43
f 49/64/50 94/115/88 45/59/45
f 80/101/75 27/37/27 28/38/28
f 73/92/68 25/118/24 77/95/71
f 25/31/24 27/37/27 77/100/71
f 24/34/25 25/118/24 73/92/68
f 24/34/25 73/92/68 96/119/90
f 96/119/90 73/92/68 70/88/64
f 19/27/20 96/119/90 20/28/21
f 19/27/20 24/34/25 96/119/90
f 96/119/90 70/88/64 20/28/21
f 66/81/60 20/28/21 70/88/64
f 17/22/15 66/81/60 64/83/58
f 17/22/15 20/28/21 66/81/60
f 17/22/15 64/83/58 15/23/16
f 61/75/5 4/5/5 5/8/6
f 15/80/16 61/75/5 16/120/17
f 61/75/5 5/8/6 16/120/17
f 97/121/91 3/4/4 59/122/57
f 57/123/56 97/121/91 59/122/57
f 97/121/91 2/1/1 3/4/4
f 57/123/56 98/124/92 97/121/91
f 39/53/39 97/121/91 98/124/92
f 39/53/39 36/50/36 97/121/91
f 36/50/36 2/1/1 97/121/91
f 41/55/41 39/53/39 98/124/92
f 41/55/41 98/124/92 48/61/47
f 51/65/51 48/61/47 98/124/92
f 51/65/51 98/124/92 57/123/56
f 32/42/32 37/125/38 43/117/44
f 32/42/32 33/43/33 37/125/38
f 36/50/36 9/15/9 2/1/1
f 12/19/12 30/49/31 22/29/22
f 6/10/7 16/24/17 5/11/6
f 178/27/93 102/34/94 110/119/95
f 148/94/96 106/97/97 113/105/98
f 169/59/99 104/57/100 116/56/101
f 139/45/102 100/47/103 109/16/104
f 196/68/5 103/65/105 127/72/106
f 187/40/107 100/44/103 130/43/108
f 133/1/109 99/3/110 125/4/111
f 133/1/109 108/13/112 107/2/113
f 136/15/114 109/16/104 108/13/112
f 163/63/115 103/65/105 155/66/116
f 166/60/117 118/61/118 163/63/115
f 166/60/117 116/56/101 117/55/119
f 142/90/120 105/111/121 119/113/122
f 145/91/123 115/107/124 142/90/120
f 145/91/123 113/105/98 114/106/125
f 172/22/126 101/83/127 149/23/128
f 172/22/126 111/28/129 112/81/130
f 178/27/93 111/28/129 175/25/131
f 110/119/95 143/88/132 111/28/129
f 146/92/133 144/89/134 143/88/132
f 144/89/134 148/94/96 145/91/123
f 112/81/130 143/88/132 140/84/135
f 140/84/135 144/89/134 141/86/136
f 144/89/134 142/90/120 141/86/136
f 112/81/130 121/82/137 101/83/127
f 121/82/137 141/86/136 120/87/138
f 141/86/136 119/113/122 120/87/138
f 117/55/119 137/54/139 134/53/140
f 134/53/140 138/51/141 135/50/142
f 135/50/142 139/45/102 136/15/114
f 117/55/119 131/124/143 118/61/118
f 134/53/140 132/121/144 131/124/143
f 135/50/142 133/1/109 132/121/144
f 103/65/105 131/124/143 127/123/106
f 127/123/106 132/121/144 126/122/145
f 132/121/144 125/4/111 126/122/145
f 160/115/146 128/117/147 104/57/100
f 184/42/148 128/117/147 181/116/149
f 184/42/148 130/43/108 129/125/150
f 190/5/5 99/7/110 151/8/151
f 193/71/5 125/6/111 190/5/5
f 193/71/5 127/72/106 126/73/145
f 104/57/100 137/54/139 116/56/101
f 137/54/139 129/52/150 138/51/141
f 129/52/150 139/45/102 138/51/141
f 102/34/94 146/92/133 110/119/95
f 146/92/133 123/95/152 147/93/153
f 147/93/153 124/96/154 148/94/96
f 119/114/122 191/77/5 120/85/138
f 194/112/155 192/74/5 191/77/5
f 195/70/156 193/71/5 192/74/5
f 121/79/137 191/77/5 188/76/5
f 191/77/5 189/75/5 188/76/5
f 192/74/5 190/5/5 189/75/5
f 101/78/127 188/76/5 149/80/128
f 149/80/128 189/75/5 150/120/157
f 189/75/5 151/8/151 150/120/157
f 122/31/158 182/37/159 123/100/152
f 185/35/160 183/38/161 182/37/159
f 183/38/161 187/40/107 184/42/148
f 124/98/154 182/37/159 179/101/162
f 182/37/159 180/103/163 179/101/162
f 183/38/161 181/116/149 180/103/163
f 124/98/154 158/99/164 106/97/97
f 179/101/162 159/102/165 158/99/164
f 180/103/163 160/115/146 159/102/165
f 109/17/104 173/18/166 108/14/112
f 176/19/167 174/20/168 173/18/166
f 177/26/169 175/25/131 174/20/168
f 108/14/112 170/10/170 107/12/113
f 173/18/166 171/21/171 170/10/170
f 171/21/171 175/25/131 172/22/126
f 99/9/110 170/10/170 151/11/151
f 170/10/170 150/24/157 151/11/151
f 171/21/171 149/23/128 150/24/157
f 114/106/125 167/104/172 164/108/173
f 167/104/172 165/62/174 164/108/173
f 168/64/175 166/60/117 165/62/174
f 114/106/125 161/109/176 115/107/124
f 164/108/173 162/67/177 161/109/176
f 165/62/174 163/63/115 162/67/177
f 115/107/124 157/110/178 105/111/121
f 157/110/178 162/67/177 156/69/179
f 162/67/177 155/66/116 156/69/179
f 122/31/158 154/33/180 185/35/160
f 185/35/160 153/36/181 186/39/182
f 186/39/182 152/41/183 187/40/107
f 105/111/121 194/112/155 119/114/122
f 157/110/178 195/70/156 194/112/155
f 195/70/156 155/66/116 196/68/5
f 113/105/98 158/99/164 167/104/172
f 158/99/164 168/64/175 167/104/172
f 168/64/175 160/115/146 169/59/99
f 100/48/103 176/19/167 109/17/104
f 176/19/167 153/29/181 177/26/169
f 177/26/169 154/30/180 178/27/93
f 178/27/93 154/30/180 102/34/94
f 148/94/96 124/96/154 106/97/97
f 169/59/99 160/115/146 104/57/100
f 139/45/102 130/46/108 100/47/103
f 196/68/5 155/66/116 103/65/105
f 187/40/107 152/41/183 100/44/103
f 133/1/109 107/2/113 99/3/110
f 133/1/109 136/15/114 108/13/112
f 136/15/114 139/45/102 109/16/104
f 163/63/115 118/61/118 103/65/105
f 166/60/117 117/55/119 118/61/118
f 166/60/117 169/59/99 116/56/101
f 142/90/120 115/107/124 105/111/121
f 145/91/123 114/106/125 115/107/124
f 145/91/123 148/94/96 113/105/98
f 172/22/126 112/81/130 101/83/127
f 172/22/126 175/25/131 111/28/129
f 178/27/93 110/119/95 111/28/129
f 110/119/95 146/92/133 143/88/132
f 146/92/133 147/93/153 144/89/134
f 144/89/134 147/93/153 148/94/96
f 112/81/130 111/28/129 143/88/132
f 140/84/135 143/88/132 144/89/134
f 144/89/134 145/91/123 142/90/120
f 112/81/130 140/84/135 121/82/137
f 121/82/137 140/84/135 141/86/136
f 141/86/136 142/90/120 119/113/122
f 117/55/119 116/56/101 137/54/139
f 134/53/140 137/54/139 138/51/141
f 135/50/142 138/51/141 139/45/102
f 117/55/119 134/53/140 131/124/143
f 134/53/140 135/50/142 132/121/144
f 135/50/142 136/15/114 133/1/109
f 103/65/105 118/61/118 131/124/143
f 127/123/106 131/124/143 132/121/144
f 132/121/144 133/1/109 125/4/111
f 160/115/146 181/116/149 128/117/147
f 184/42/148 129/125/150 128/117/147
f 184/42/148 187/40/107 130/43/108
f 190/5/5 125/6/111 99/7/110
f 193/71/5 126/73/145 125/6/111
f 193/71/5 196/68/5 127/72/106
f 104/57/100 128/58/147 137/54/139
f 137/54/139 128/58/147 129/52/150
f 129/52/150 130/46/108 139/45/102
f 102/34/94 122/118/158 146/92/133
f 146/92/133 122/118/158 123/95/152
f 147/93/153 123/95/152 124/96/154
f 119/114/122 194/112/155 191/77/5
f 194/112/155 195/70/156 192/74/5
f 195/70/156 196/68/5 193/71/5
f 121/79/137 120/85/138 191/77/5
f 191/77/5 192/74/5 189/75/5
f 192/74/5 193/71/5 190/5/5
f 101/78/127 121/79/137 188/76/5
f 149/80/128 188/76/5 189/75/5
f 189/75/5 190/5/5 151/8/151
f 122/31/158 185/35/160 182/37/159
f 185/35/160 186/39/182 183/38/161
f 183/38/161 186/39/182 187/40/107
f 124/98/154 123/100/152 182/37/159
f 182/37/159 183/38/161 180/103/163
f 183/38/161 184/42/148 181/116/149
f 124/98/154 179/101/162 158/99/164
f 179/101/162 180/103/163 159/102/165
f 180/103/163 181/116/149 160/115/146
f 109/17/104 176/19/167 173/18/166
f 176/19/167 177/26/169 174/20/168
f 177/26/169 178/27/93 175/25/131
f 108/14/112 173/18/166 170/10/170
f 173/18/166 174/20/168 171/21/171
f 171/21/171 174/20/168 175/25/131
f 99/9/110 107/12/113 170/10/170
f 170/10/170 171/21/171 150/24/157
f 171/21/171 172/22/126 149/23/128
f 114/106/125 113/105/98 167/104/172
f 167/104/172 168/64/175 165/62/174
f 168/64/175 169/59/99 166/60/117
f 114/106/125 164/108/173 161/109/176
f 164/108/173 165/62/174 162/67/177
f 165/62/174 166/60/117 163/63/115
f 115/107/124 161/109/176 157/110/178
f 157/110/178 161/109/176 162/67/177
f 162/67/177 163/63/115 155/66/116
f 122/31/158 102/32/94 154/33/180
f 185/35/160 154/33/180 153/36/181
f 186/39/182 153/36/181 152/41/183
f 105/111/121 157/110/178 194/112/155
f 157/110/178 156/69/179 195/70/156
f 195/70/156 156/69/179 155/66/116
f 113/105/98 106/97/97 158/99/164
f 158/99/164 159/102/165 168/64/175
f 168/64/175 159/102/165 160/115/146
f 100/48/103 152/49/183 176/19/167
f 176/19/167 152/49/183 153/29/181
f 177/26/169 153/29/181 154/30/180
f 198/1/1 203/2/2 197/3/3
f 198/1/1 197/3/3 199/4/4
f 200/5/5 199/6/4 197/7/3
f 200/5/5 197/7/3 201/8/6
f 197/9/3 202/10/7 201/11/6
f 197/9/3 203/12/2 202/10/7
f 198/1/1 204/13/8 203/2/2
f 204/14/8 202/10/7 203/12/2
f 198/1/1 205/15/9 204/13/8
f 205/15/9 206/16/10 204/13/8
f 206/17/10 207/18/11 204/14/8
f 204/14/8 207/18/11 202/10/7
f 207/18/11 208/21/14 202/10/7
f 207/18/11 210/20/13 208/21/14
f 206/17/10 209/19/12 207/18/11
f 209/19/12 210/20/13 207/18/11
f 208/21/14 210/20/13 212/25/18
f 209/19/12 211/26/184 210/20/13
f 211/26/184 212/25/18 210/20/13
f 208/21/14 212/25/18 213/22/15
f 213/22/15 212/25/18 215/28/21
f 211/26/184 214/27/20 212/25/18
f 214/27/20 215/28/21 212/25/18
f 214/27/20 216/119/90 215/28/21
f 216/119/90 218/88/64 215/28/21
f 213/22/15 215/28/21 217/81/60
f 217/81/60 215/28/21 218/88/64
f 219/84/61 218/88/64 221/89/185
f 217/81/60 218/88/64 219/84/61
f 216/119/90 220/92/68 218/88/64
f 220/92/68 221/89/185 218/88/64
f 219/84/61 221/89/185 222/86/63
f 221/89/185 223/90/66 222/86/63
f 221/89/185 224/91/67 223/90/66
f 220/92/68 226/93/69 221/89/185
f 221/89/185 225/94/70 224/91/67
f 221/89/185 226/93/69 225/94/70
f 220/92/68 227/95/71 226/93/69
f 226/93/69 227/95/71 228/96/72
f 226/93/69 228/96/72 225/94/70
f 225/94/70 228/96/72 229/97/73
f 228/98/72 232/99/74 229/97/73
f 228/98/72 227/100/71 231/37/27
f 228/98/72 230/101/75 232/99/74
f 228/98/72 231/37/27 230/101/75
f 233/105/79 229/97/73 232/99/74
f 233/105/79 232/99/74 236/104/78
f 232/99/74 234/102/76 237/64/50
f 232/99/74 235/103/77 234/102/76
f 232/99/74 230/101/75 235/103/77
f 232/99/74 237/64/50 236/104/78
f 236/104/78 237/64/50 238/62/48
f 237/64/50 239/60/46 238/62/48
f 237/64/50 240/59/45 239/60/46
f 237/64/50 234/102/76 241/115/88
f 237/64/50 241/115/88 240/59/45
f 235/103/77 241/115/88 234/102/76
f 240/59/45 241/115/88 242/57/43
f 241/115/88 243/117/44 242/57/43
f 241/115/88 244/116/89 243/117/44
f 235/103/77 244/116/89 241/115/88
f 246/38/28 244/116/89 235/103/77
f 246/38/28 245/42/32 244/116/89
f 245/42/32 243/117/44 244/116/89
f 230/101/75 231/37/27 246/38/28
f 230/101/75 246/38/28 235/103/77
f 247/35/26 246/38/28 231/37/27
f 247/35/26 249/39/29 246/38/28
f 246/38/28 248/40/30 245/42/32
f 246/38/28 249/39/29 248/40/30
f 247/35/26 250/36/22 249/39/29
f 249/39/29 250/36/22 251/41/31
f 249/39/29 251/41/31 248/40/30
f 252/48/34 251/49/31 209/19/12
f 248/40/30 251/41/31 252/44/34
f 209/19/12 251/49/31 250/29/22
f 253/45/35 254/46/33 252/47/34
f 253/45/35 252/47/34 206/16/10
f 252/48/34 209/19/12 206/17/10
f 248/40/30 252/44/34 254/43/33
f 255/52/38 254/46/33 253/45/35
f 245/42/32 254/43/33 255/125/38
f 245/42/32 248/40/30 254/43/33
f 245/42/32 255/125/38 243/117/44
f 256/54/40 243/58/44 255/52/38
f 256/54/40 255/52/38 257/51/37
f 255/52/38 253/45/35 257/51/37
f 258/53/39 256/54/40 257/51/37
f 259/50/36 257/51/37 253/45/35
f 258/53/39 257/51/37 259/50/36
f 258/53/39 259/50/36 260/121/91
f 259/50/36 198/1/1 260/121/91
f 259/50/36 205/15/9 198/1/1
f 259/50/36 253/45/35 205/15/9
f 263/123/56 261/124/92 260/121/91
f 258/53/39 260/121/91 261/124/92
f 260/121/91 198/1/1 199/4/4
f 260/121/91 199/4/4 262/122/57
f 263/123/56 260/121/91 262/122/57
f 266/71/5 263/72/56 262/73/57
f 266/71/5 264/68/5 263/72/56
f 264/68/5 265/65/51 263/72/56
f 265/65/51 261/124/92 263/123/56
f 267/74/5 264/68/5 266/71/5
f 266/71/5 262/73/57 199/6/4
f 266/71/5 199/6/4 200/5/5
f 267/74/5 266/71/5 200/5/5
f 269/77/5 267/74/5 268/75/5
f 267/74/5 200/5/5 268/75/5
f 269/77/5 270/70/55 267/74/5
f 267/74/5 270/70/55 264/68/5
f 269/77/5 271/112/86 270/70/55
f 274/110/84 270/70/55 271/112/86
f 270/70/55 272/66/52 264/68/5
f 270/70/55 273/69/54 272/66/52
f 274/110/84 273/69/54 270/70/55
f 275/111/85 274/110/84 271/112/86
f 276/107/81 274/110/84 275/111/85
f 276/107/81 278/109/83 274/110/84
f 274/110/84 277/67/53 273/69/54
f 274/110/84 278/109/83 277/67/53
f 280/106/186 279/108/82 278/109/83
f 279/108/82 277/67/53 278/109/83
f 280/106/186 278/109/83 276/107/81
f 280/106/186 233/105/79 236/104/78
f 224/91/67 233/105/79 280/106/186
f 224/91/67 280/106/186 276/107/81
f 280/106/186 236/104/78 279/108/82
f 279/108/82 238/62/48 277/67/53
f 236/104/78 238/62/48 279/108/82
f 238/62/48 281/63/49 277/67/53
f 277/67/53 281/63/49 272/66/52
f 277/67/53 272/66/52 273/69/54
f 281/63/49 265/65/51 272/66/52
f 238/62/48 239/60/46 281/63/49
f 239/60/46 282/61/47 281/63/49
f 281/63/49 282/61/47 265/65/51
f 239/60/46 283/55/41 282/61/47
f 283/55/41 261/124/92 282/61/47
f 265/65/51 282/61/47 261/124/92
f 283/55/41 284/56/42 256/54/40
f 239/60/46 284/56/42 283/55/41
f 283/55/41 258/53/39 261/124/92
f 283/55/41 256/54/40 258/53/39
f 239/60/46 240/59/45 284/56/42
f 240/59/45 242/57/43 284/56/42
f 242/57/43 256/54/40 284/56/42
f 223/90/66 276/107/81 275/111/85
f 224/91/67 276/107/81 223/90/66
f 223/90/66 275/111/85 285/113/87
f 275/111/85 271/112/86 285/114/87
f 222/86/63 223/90/66 285/113/87
f 222/86/63 285/113/87 286/87/62
f 285/114/87 269/77/5 286/85/62
f 285/114/87 271/112/86 269/77/5
f 287/79/59 286/85/62 269/77/5
f 287/82/59 222/86/63 286/87/62
f 287/82/59 219/84/61 222/86/63
f 289/78/58 287/79/59 288/76/5
f 287/79/59 269/77/5 288/76/5
f 217/81/60 219/84/61 287/82/59
f 217/81/60 287/82/59 289/83/58
f 213/22/15 217/81/60 289/83/58
f 213/22/15 289/83/58 290/23/16
f 289/78/58 288/76/5 290/80/16
f 208/21/14 213/22/15 290/23/16
f 290/80/16 288/76/5 268/75/5
f 208/21/14 290/23/16 291/24/17
f 290/80/16 268/75/5 291/120/17
f 268/75/5 201/8/6 291/120/17
f 202/10/7 291/24/17 201/11/6
f 202/10/7 208/21/14 291/24/17
f 269/77/5 268/75/5 288/76/5
f 264/68/5 272/66/52 265/65/51
f 268/75/5 200/5/5 201/8/6
f 242/57/43 243/58/44 256/54/40
f 205/15/9 253/45/35 206/16/10
f 247/35/26 292/33/23 250/36/22
f 209/19/12 250/29/22 211/26/184
f 211/26/184 250/29/22 292/30/23
f 293/31/24 294/32/25 292/33/23
f 293/31/24 292/33/23 247/35/26
f 211/26/184 292/30/23 214/27/20
f 214/27/20 292/30/23 294/34/25
f 214/27/20 294/34/25 216/119/90
f 294/34/25 220/92/68 216/119/90
f 294/34/25 293/118/24 220/92/68
f 220/92/68 293/118/24 227/95/71
f 293/31/24 231/37/27 227/100/71
f 293/31/24 247/35/26 231/37/27
f 224/91/67 225/94/70 233/105/79
f 225/94/70 229/97/73 233/105/79
f 296/1/187 301/2/188 295/3/189
f 296/1/187 295/3/189 297/4/190
f 298/5/5 297/6/190 295/7/189
f 298/5/5 295/7/189 299/8/191
f 295/9/189 300/10/192 299/11/191
f 295/9/189 301/12/188 300/10/192
f 296/1/187 302/13/193 301/2/188
f 302/14/193 300/10/192 301/12/188
f 296/1/187 303/15/194 302/13/193
f 303/15/194 304/16/195 302/13/193
f 304/17/195 305/18/196 302/14/193
f 302/14/193 305/18/196 300/10/192
f 305/18/196 306/21/197 300/10/192
f 305/18/196 308/20/198 306/21/197
f 304/17/195 307/19/199 305/18/196
f 307/19/199 308/20/198 305/18/196
f 306/21/197 308/20/198 310/25/200
f 307/19/199 309/26/201 308/20/198
f 309/26/201 310/25/200 308/20/198
f 309/26/201 311/27/202 310/25/200
f 311/27/202 312/28/203 310/25/200
f 313/22/204 310/25/200 312/28/203
f 306/21/197 310/25/200 313/22/204
f 313/22/204 312/28/203 314/81/205
f 313/22/204 314/81/205 316/83/206
f 306/21/197 313/22/204 315/23/207
f 313/22/204 316/83/206 315/23/207
f 316/78/206 318/76/5 315/80/207
f 314/81/205 317/82/208 316/83/206
f 316/78/206 317/79/208 318/76/5
f 317/79/208 319/77/5 318/76/5
f 319/77/5 320/75/5 318/76/5
f 315/80/207 318/76/5 320/75/5
f 320/75/5 298/5/5 299/8/191
f 320/75/5 299/8/191 322/120/209
f 319/77/5 321/74/5 320/75/5
f 321/74/5 298/5/5 320/75/5
f 315/80/207 320/75/5 322/120/209
f 306/21/197 315/23/207 322/24/209
f 300/10/192 322/24/209 299/11/191
f 300/10/192 306/21/197 322/24/209
f 323/112/210 321/74/5 319/77/5
f 323/112/210 324/70/211 321/74/5
f 324/70/211 325/71/5 321/74/5
f 321/74/5 325/71/5 298/5/5
f 325/71/5 327/68/5 326/72/212
f 325/71/5 326/72/212 328/73/213
f 324/70/211 327/68/5 325/71/5
f 325/71/5 328/73/213 297/6/190
f 325/71/5 297/6/190 298/5/5
f 329/121/214 297/4/190 328/122/213
f 326/123/212 329/121/214 328/122/213
f 326/123/212 330/124/215 329/121/214
f 331/53/216 329/121/214 330/124/215
f 331/53/216 332/50/217 329/121/214
f 332/50/217 296/1/187 329/121/214
f 329/121/214 296/1/187 297/4/190
f 332/50/217 333/51/218 334/45/219
f 331/53/216 333/51/218 332/50/217
f 332/50/217 303/15/194 296/1/187
f 332/50/217 334/45/219 303/15/194
f 303/15/194 334/45/219 304/16/195
f 335/52/220 336/46/221 334/45/219
f 335/52/220 334/45/219 333/51/218
f 334/45/219 336/46/221 337/47/222
f 334/45/219 337/47/222 304/16/195
f 337/48/222 307/19/199 304/17/195
f 338/40/223 339/41/224 337/44/222
f 338/40/223 337/44/222 336/43/221
f 337/48/222 339/49/224 307/19/199
f 340/39/225 341/36/226 339/41/224
f 340/39/225 339/41/224 338/40/223
f 307/19/199 339/49/224 341/29/226
f 342/35/227 343/33/228 341/36/226
f 342/35/227 341/36/226 340/39/225
f 307/19/199 341/29/226 309/26/201
f 309/26/201 341/29/226 343/30/228
f 344/31/229 345/32/230 343/33/228
f 344/31/229 343/33/228 342/35/227
f 309/26/201 343/30/228 311/27/202
f 311/27/202 343/30/228 345/34/230
f 311/27/202 345/34/230 346/119/231
f 345/34/230 347/92/232 346/119/231
f 345/34/230 344/118/229 347/92/232
f 346/119/231 347/92/232 348/88/233
f 347/92/232 349/89/234 348/88/233
f 347/92/232 350/93/235 349/89/234
f 347/92/232 351/95/236 350/93/235
f 347/92/232 344/118/229 351/95/236
f 344/31/229 352/37/237 351/100/236
f 350/93/235 351/95/236 353/96/238
f 353/98/238 351/100/236 352/37/237
f 355/94/239 353/96/238 354/97/240
f 353/98/238 357/99/241 354/97/240
f 350/93/235 353/96/238 355/94/239
f 353/98/238 356/101/242 357/99/241
f 353/98/238 352/37/237 356/101/242
f 358/105/243 354/97/240 357/99/241
f 358/105/243 357/99/241 360/104/244
f 356/101/242 359/102/245 357/99/241
f 357/99/241 359/102/245 361/64/246
f 357/99/241 361/64/246 360/104/244
f 360/104/244 361/64/246 364/62/247
f 361/64/246 359/102/245 363/115/248
f 361/64/246 362/59/249 365/60/250
f 361/64/246 363/115/248 362/59/249
f 361/64/246 365/60/250 364/62/247
f 364/62/247 365/60/250 366/63/251
f 365/60/250 369/61/252 366/63/251
f 365/60/250 362/59/249 367/56/253
f 365/60/250 367/56/253 368/55/254
f 365/60/250 368/55/254 369/61/252
f 370/65/255 369/61/252 330/124/215
f 366/63/251 369/61/252 370/65/255
f 368/55/254 330/124/215 369/61/252
f 327/68/5 371/66/256 370/65/255
f 327/68/5 370/65/255 326/72/212
f 370/65/255 330/124/215 326/123/212
f 366/63/251 370/65/255 371/66/256
f 372/67/257 366/63/251 371/66/256
f 372/67/257 371/66/256 373/69/258
f 324/70/211 373/69/258 371/66/256
f 324/70/211 371/66/256 327/68/5
f 374/110/259 373/69/258 324/70/211
f 374/110/259 372/67/257 373/69/258
f 375/111/260 374/110/259 323/112/210
f 376/107/261 374/110/259 375/111/260
f 376/107/261 377/109/262 374/110/259
f 374/110/259 377/109/262 372/67/257
f 374/110/259 324/70/211 323/112/210
f 379/106/263 378/108/264 377/109/262
f 378/108/264 372/67/257 377/109/262
f 379/106/263 377/109/262 376/107/261
f 379/106/263 358/105/243 360/104/244
f 380/91/265 358/105/243 379/106/263
f 380/91/265 379/106/263 376/107/261
f 379/106/263 360/104/244 378/108/264
f 349/89/234 380/91/265 381/90/266
f 349/89/234 355/94/239 380/91/265
f 380/91/265 355/94/239 358/105/243
f 380/91/265 376/107/261 381/90/266
f 383/86/267 381/90/266 382/113/268
f 381/90/266 375/111/260 382/113/268
f 381/90/266 376/107/261 375/111/260
f 349/89/234 381/90/266 383/86/267
f 383/86/267 382/113/268 384/87/269
f 317/82/208 383/86/267 384/87/269
f 317/82/208 385/84/270 383/86/267
f 385/84/270 349/89/234 383/86/267
f 314/81/205 385/84/270 317/82/208
f 314/81/205 348/88/233 385/84/270
f 385/84/270 348/88/233 349/89/234
f 382/114/268 319/77/5 384/85/269
f 317/79/208 384/85/269 319/77/5
f 382/114/268 323/112/210 319/77/5
f 375/111/260 323/112/210 382/114/268
f 378/108/264 364/62/247 372/67/257
f 360/104/244 364/62/247 378/108/264
f 364/62/247 366/63/251 372/67/257
f 368/55/254 367/56/253 386/54/271
f 368/55/254 331/53/216 330/124/215
f 368/55/254 386/54/271 331/53/216
f 387/57/272 388/58/273 386/54/271
f 387/57/272 386/54/271 367/56/253
f 386/54/271 388/58/273 335/52/220
f 331/53/216 386/54/271 333/51/218
f 386/54/271 335/52/220 333/51/218
f 363/115/248 390/116/274 388/117/273
f 363/115/248 388/117/273 387/57/272
f 389/42/275 335/125/220 388/117/273
f 389/42/275 388/117/273 390/116/274
f 391/103/276 390/116/274 363/115/248
f 392/38/277 390/116/274 391/103/276
f 392/38/277 389/42/275 390/116/274
f 342/35/227 340/39/225 392/38/277
f 342/35/227 392/38/277 352/37/237
f 392/38/277 338/40/223 389/42/275
f 392/38/277 340/39/225 338/40/223
f 352/37/237 392/38/277 391/103/276
f 356/101/242 391/103/276 359/102/245
f 391/103/276 363/115/248 359/102/245
f 352/37/237 391/103/276 356/101/242
f 389/42/275 338/40/223 336/43/221
f 389/42/275 336/43/221 335/125/220
f 362/59/249 363/115/248 387/57/272
f 362/59/249 387/57/272 367/56/253
f 355/94/239 354/97/240 358/105/243
f 349/89/234 350/93/235 355/94/239
f 344/31/229 342/35/227 352/37/237
f 314/81/205 312/28/203 348/88/233
f 346/119/231 348/88/233 312/28/203
f 311/27/202 346/119/231 312/28/203
f 394/1/109 399/2/113 393/3/110
f 394/1/109 393/3/110 395/4/111
f 396/5/5 395/6/111 393/7/110
f 396/5/5 393/7/110 397/8/151
f 393/9/110 398/10/170 397/11/151
f 393/9/110 399/12/113 398/10/170
f 394/1/109 400/13/112 399/2/113
f 400/14/112 398/10/170 399/12/113
f 394/1/109 401/15/114 400/13/112
f 401/15/114 402/16/104 400/13/112
f 402/17/104 403/18/166 400/14/112
f 400/14/112 403/18/166 398/10/170
f 402/17/104 404/19/167 403/18/166
f 404/19/167 405/20/168 403/18/166
f 403/18/166 405/20/168 406/21/171
f 403/18/166 406/21/171 398/10/170
f 406/21/171 409/22/126 407/23/128
f 406/21/171 407/23/128 408/24/157
f 398/10/170 406/21/171 408/24/157
f 406/21/171 410/25/131 409/22/126
f 406/21/171 405/20/168 410/25/131
f 413/26/169 410/25/131 405/20/168
f 413/26/169 411/27/93 410/25/131
f 411/27/93 412/28/129 410/25/131
f 409/22/126 410/25/131 412/28/129
f 404/19/167 413/26/169 405/20/168
f 404/19/167 414/29/181 413/26/169
f 413/26/169 414/29/181 415/30/180
f 413/26/169 415/30/180 411/27/93
f 417/31/158 416/32/94 415/33/180
f 411/27/93 415/30/180 416/34/94
f 418/35/160 415/33/180 414/36/181
f 417/31/158 415/33/180 418/35/160
f 417/31/158 418/35/160 419/37/159
f 418/35/160 420/38/161 419/37/159
f 418/35/160 421/39/182 420/38/161
f 418/35/160 414/36/181 421/39/182
f 420/38/161 421/39/182 423/40/107
f 421/39/182 414/36/181 422/41/183
f 421/39/182 422/41/183 423/40/107
f 420/38/161 423/40/107 424/42/148
f 424/42/148 423/40/107 425/43/108
f 423/40/107 422/41/183 426/44/103
f 423/40/107 426/44/103 425/43/108
f 427/45/102 425/46/108 426/47/103
f 427/45/102 426/47/103 402/16/104
f 426/48/103 404/19/167 402/17/104
f 426/48/103 422/49/183 404/19/167
f 401/15/114 427/45/102 402/16/104
f 428/50/142 430/51/141 427/45/102
f 428/50/142 427/45/102 401/15/114
f 429/52/150 425/46/108 427/45/102
f 429/52/150 427/45/102 430/51/141
f 431/53/140 432/54/139 430/51/141
f 431/53/140 430/51/141 428/50/142
f 432/54/139 429/52/150 430/51/141
f 433/55/119 436/56/101 432/54/139
f 433/55/119 432/54/139 431/53/140
f 434/57/278 435/58/147 432/54/139
f 434/57/278 432/54/139 436/56/101
f 432/54/139 435/58/147 429/52/150
f 437/59/99 434/57/278 436/56/101
f 438/60/117 437/59/99 436/56/101
f 438/60/117 436/56/101 433/55/119
f 438/60/117 433/55/119 440/61/118
f 439/62/174 438/60/117 442/63/115
f 441/64/175 438/60/117 439/62/174
f 438/60/117 440/61/118 442/63/115
f 441/64/175 437/59/99 438/60/117
f 442/63/115 440/61/118 443/65/105
f 442/63/115 443/65/105 445/66/116
f 444/67/177 442/63/115 445/66/116
f 439/62/174 442/63/115 444/67/177
f 448/68/5 445/66/116 443/65/105
f 444/67/177 445/66/116 446/69/179
f 447/70/156 446/69/179 445/66/116
f 447/70/156 445/66/116 448/68/5
f 450/71/5 448/68/5 449/72/106
f 448/68/5 443/65/105 449/72/106
f 447/70/156 448/68/5 450/71/5
f 450/71/5 451/73/145 395/6/111
f 450/71/5 395/6/111 396/5/5
f 452/74/5 450/71/5 396/5/5
f 450/71/5 449/72/106 451/73/145
f 447/70/156 450/71/5 452/74/5
f 454/77/5 452/74/5 453/75/5
f 452/74/5 396/5/5 453/75/5
f 455/112/155 452/74/5 454/77/5
f 455/112/155 447/70/156 452/74/5
f 458/111/121 456/110/178 455/112/155
f 456/110/178 447/70/156 455/112/155
f 457/114/122 455/112/155 454/77/5
f 458/111/121 455/112/155 457/114/122
f 459/90/120 460/107/124 458/111/121
f 459/90/120 458/111/121 457/113/122
f 460/107/124 456/110/178 458/111/121
f 462/91/123 461/106/125 460/107/124
f 461/106/125 463/109/176 460/107/124
f 462/91/123 460/107/124 459/90/120
f 460/107/124 463/109/176 456/110/178
f 456/110/178 463/109/176 444/67/177
f 461/106/125 464/108/173 463/109/176
f 464/108/173 444/67/177 463/109/176
f 461/106/125 465/104/172 464/108/173
f 464/108/173 439/62/174 444/67/177
f 465/104/172 439/62/174 464/108/173
f 465/104/172 441/64/175 439/62/174
f 466/99/164 441/64/175 465/104/172
f 467/105/98 466/99/164 465/104/172
f 461/106/125 467/105/98 465/104/172
f 462/91/123 468/94/96 467/105/98
f 468/94/96 469/97/97 467/105/98
f 462/91/123 467/105/98 461/106/125
f 467/105/98 469/97/97 466/99/164
f 468/94/96 470/96/154 469/97/97
f 470/98/154 466/99/164 469/97/97
f 470/98/154 471/100/152 419/37/159
f 472/93/153 471/95/152 470/96/154
f 472/93/153 470/96/154 468/94/96
f 470/98/154 473/101/162 466/99/164
f 470/98/154 419/37/159 473/101/162
f 473/101/162 474/102/165 466/99/164
f 473/101/162 475/103/163 474/102/165
f 419/37/159 475/103/163 473/101/162
f 475/103/163 476/115/146 474/102/165
f 475/103/163 477/116/149 476/115/146
f 419/37/159 420/38/161 475/103/163
f 420/38/161 477/116/149 475/103/163
f 420/38/161 424/42/148 477/116/149
f 424/42/148 435/117/147 477/116/149
f 476/115/146 477/116/149 435/117/147
f 441/64/175 474/102/165 476/115/146
f 437/59/99 476/115/146 434/57/278
f 476/115/146 435/117/147 434/57/278
f 441/64/175 476/115/146 437/59/99
f 466/99/164 474/102/165 441/64/175
f 478/89/134 472/93/153 468/94/96
f 479/92/133 472/93/153 478/89/134
f 479/92/133 471/95/152 472/93/153
f 416/34/94 417/118/158 479/92/133
f 416/34/94 479/92/133 480/119/95
f 480/119/95 479/92/133 481/88/132
f 479/92/133 478/89/134 481/88/132
f 479/92/133 417/118/158 471/95/152
f 480/119/95 481/88/132 412/28/129
f 482/81/130 412/28/129 481/88/132
f 483/84/135 481/88/132 478/89/134
f 482/81/130 481/88/132 483/84/135
f 482/81/130 483/84/135 484/82/137
f 484/82/137 483/84/135 485/86/136
f 483/84/135 478/89/134 485/86/136
f 478/89/134 459/90/120 485/86/136
f 485/86/136 459/90/120 457/113/122
f 485/86/136 457/113/122 486/87/138
f 484/82/137 485/86/136 486/87/138
f 457/114/122 454/77/5 486/85/138
f 484/79/137 486/85/138 454/77/5
f 487/78/127 484/79/137 488/76/5
f 482/81/130 484/82/137 487/83/127
f 484/79/137 454/77/5 488/76/5
f 487/78/127 488/76/5 407/80/128
f 407/80/128 488/76/5 453/75/5
f 454/77/5 453/75/5 488/76/5
f 409/22/126 482/81/130 487/83/127
f 409/22/126 487/83/127 407/23/128
f 409/22/126 412/28/129 482/81/130
f 411/27/93 480/119/95 412/28/129
f 411/27/93 416/34/94 480/119/95
f 478/89/134 462/91/123 459/90/120
f 478/89/134 468/94/96 462/91/123
f 417/31/158 419/37/159 471/100/152
f 456/110/178 444/67/177 446/69/179
f 456/110/178 446/69/179 447/70/156
f 453/75/5 396/5/5 397/8/151
f 407/80/128 453/75/5 408/120/157
f 453/75/5 397/8/151 408/120/157
f 489/121/144 395/4/111 451/122/145
f 449/123/106 489/121/144 451/122/145
f 489/121/144 394/1/109 395/4/111
f 449/123/106 490/124/143 489/121/144
f 431/53/140 489/121/144 490/124/143
f 431/53/140 428/50/142 489/121/144
f 428/50/142 394/1/109 489/121/144
f 433/55/119 431/53/140 490/124/143
f 433/55/119 490/124/143 440/61/118
f 443/65/105 440/61/118 490/124/143
f 443/65/105 490/124/143 449/123/106
f 424/42/148 429/125/150 435/117/147
f 424/42/148 425/43/108 429/125/150
f 428/50/142 401/15/114 394/1/109
f 404/19/167 422/49/183 414/29/181
f 398/10/170 408/24/157 397/11/151
f 492/1/279 497/2/280 491/3/281
f 492/1/279 491/3/281 493/4/282
f 494/5/5 493/6/282 491/7/281
f 494/5/5 491/7/281 495/8/283
f 491/9/281 496/10/284 495/11/283
f 491/9/281 497/12/280 496/10/284
f 492/1/279 498/13/285 497/2/280
f 498/14/285 496/10/284 497/12/280
f 492/1/279 499/15/286 498/13/285
f 499/15/286 500/16/287 498/13/285
f 500/17/287 501/18/288 498/14/285
f 498/14/285 501/18/288 496/10/284
f 501/18/288 504/20/289 502/21/290
f 501/18/288 502/21/290 496/10/284
f 500/17/287 503/19/291 501/18/288
f 503/19/291 504/20/289 501/18/288
f 502/21/290 504/20/289 506/25/292
f 503/19/291 505/26/293 504/20/289
f 505/26/293 506/25/292 504/20/289
f 502/21/290 506/25/292 507/22/294
f 507/22/294 506/25/292 509/28/295
f 505/26/293 508/27/296 506/25/292
f 508/27/296 509/28/295 506/25/292
f 508/27/296 510/119/297 509/28/295
f 510/119/297 512/88/298 509/28/295
f 507/22/294 509/28/295 511/81/299
f 511/81/299 509/28/295 512/88/298
f 513/84/300 512/88/298 515/89/301
f 511/81/299 512/88/298 513/84/300
f 510/119/297 514/92/302 512/88/298
f 514/92/302 515/89/301 512/88/298
f 513/84/300 515/89/301 516/86/303
f 515/89/301 517/90/304 516/86/303
f 515/89/301 518/91/305 517/90/304
f 514/92/302 520/93/306 515/89/301
f 515/89/301 519/94/307 518/91/305
f 515/89/301 520/93/306 519/94/307
f 520/93/306 521/95/308 522/96/309
f 514/92/302 521/95/308 520/93/306
f 520/93/306 522/96/309 519/94/307
f 522/98/309 521/100/308 524/37/310
f 519/94/307 522/96/309 526/97/311
f 522/98/309 523/101/312 525/99/313
f 522/98/309 524/37/310 523/101/312
f 522/98/309 525/99/313 526/97/311
f 519/94/307 526/97/311 527/105/314
f 527/105/314 526/97/311 525/99/313
f 518/91/305 519/94/307 527/105/314
f 518/91/305 527/105/314 528/106/315
f 528/106/315 527/105/314 529/104/316
f 527/105/314 525/99/313 529/104/316
f 529/104/316 531/62/317 530/108/318
f 528/106/315 529/104/316 530/108/318
f 529/104/316 532/64/319 531/62/317
f 525/99/313 532/64/319 529/104/316
f 532/64/319 533/60/320 531/62/317
f 532/64/319 535/59/321 533/60/320
f 525/99/313 534/102/322 532/64/319
f 532/64/319 534/102/322 536/115/323
f 532/64/319 536/115/323 535/59/321
f 539/103/324 536/115/323 534/102/322
f 535/59/321 536/115/323 537/57/325
f 536/115/323 538/117/326 537/57/325
f 536/115/323 540/116/327 538/117/326
f 539/103/324 540/116/327 536/115/323
f 542/38/328 540/116/327 539/103/324
f 542/38/328 541/42/329 540/116/327
f 541/42/329 538/117/326 540/116/327
f 524/37/310 542/38/328 539/103/324
f 543/35/330 542/38/328 524/37/310
f 543/35/330 545/39/331 542/38/328
f 542/38/328 544/40/332 541/42/329
f 542/38/328 545/39/331 544/40/332
f 545/39/331 547/36/333 546/41/334
f 545/39/331 546/41/334 544/40/332
f 543/35/330 547/36/333 545/39/331
f 503/19/291 546/49/334 547/29/333
f 543/35/330 548/33/335 547/36/333
f 503/19/291 547/29/333 505/26/293
f 505/26/293 547/29/333 548/30/335
f 550/31/336 549/32/337 548/33/335
f 508/27/296 548/30/335 549/34/337
f 550/31/336 548/33/335 543/35/330
f 505/26/293 548/30/335 508/27/296
f 549/34/337 550/118/336 514/92/302
f 514/92/302 550/118/336 521/95/308
f 550/31/336 524/37/310 521/100/308
f 550/31/336 543/35/330 524/37/310
f 508/27/296 549/34/337 510/119/297
f 549/34/337 514/92/302 510/119/297
f 551/48/338 546/49/334 503/19/291
f 544/40/332 546/41/334 551/44/338
f 552/45/339 553/46/340 551/47/338
f 552/45/339 551/47/338 500/16/287
f 551/48/338 503/19/291 500/17/287
f 544/40/332 551/44/338 553/43/340
f 554/52/341 553/46/340 552/45/339
f 541/42/329 553/43/340 554/125/341
f 541/42/329 544/40/332 553/43/340
f 555/54/342 538/58/326 554/52/341
f 541/42/329 554/125/341 538/117/326
f 555/54/342 554/52/341 556/51/343
f 554/52/341 552/45/339 556/51/343
f 557/53/344 555/54/342 556/51/343
f 557/53/344 556/51/343 558/50/345
f 558/50/345 556/51/343 552/45/339
f 557/53/344 558/50/345 559/121/346
f 558/50/345 492/1/279 559/121/346
f 558/50/345 499/15/286 492/1/279
f 558/50/345 552/45/339 499/15/286
f 562/123/347 560/124/348 559/121/346
f 557/53/344 559/121/346 560/124/348
f 559/121/346 492/1/279 493/4/282
f 559/121/346 493/4/282 561/122/349
f 562/123/347 559/121/346 561/122/349
f 565/71/5 562/72/347 561/73/349
f 565/71/5 563/68/5 562/72/347
f 563/68/5 564/65/350 562/72/347
f 564/65/350 560/124/348 562/123/347
f 565/71/5 561/73/349 493/6/282
f 565/71/5 493/6/282 494/5/5
f 566/74/5 565/71/5 494/5/5
f 567/70/351 565/71/5 566/74/5
f 567/70/351 563/68/5 565/71/5
f 567/70/351 568/66/352 563/68/5
f 567/70/351 569/69/353 568/66/352
f 570/110/354 569/69/353 567/70/351
f 570/110/354 567/70/351 571/112/355
f 571/112/355 567/70/351 566/74/5
f 574/111/356 570/110/354 571/112/355
f 573/114/357 571/112/355 572/77/5
f 571/112/355 566/74/5 572/77/5
f 574/111/356 571/112/355 573/114/357
f 517/90/304 575/107/358 574/111/356
f 517/90/304 574/111/356 573/113/357
f 575/107/358 570/110/354 574/111/356
f 518/91/305 528/106/315 575/107/358
f 518/91/305 575/107/358 517/90/304
f 575/107/358 576/109/359 570/110/354
f 528/106/315 576/109/359 575/107/358
f 570/110/354 576/109/359 577/67/360
f 528/106/315 530/108/318 576/109/359
f 530/108/318 577/67/360 576/109/359
f 577/67/360 578/63/361 568/66/352
f 577/67/360 568/66/352 569/69/353
f 570/110/354 577/67/360 569/69/353
f 530/108/318 531/62/317 577/67/360
f 531/62/317 578/63/361 577/67/360
f 578/63/361 564/65/350 568/66/352
f 531/62/317 533/60/320 578/63/361
f 533/60/320 579/61/362 578/63/361
f 578/63/361 579/61/362 564/65/350
f 533/60/320 580/55/363 579/61/362
f 580/55/363 560/124/348 579/61/362
f 564/65/350 579/61/362 560/124/348
f 580/55/363 581/56/364 555/54/342
f 533/60/320 581/56/364 580/55/363
f 580/55/363 557/53/344 560/124/348
f 580/55/363 555/54/342 557/53/344
f 533/60/320 535/59/321 581/56/364
f 535/59/321 537/57/325 581/56/364
f 537/57/325 555/54/342 581/56/364
f 516/86/303 517/90/304 573/113/357
f 516/86/303 573/113/357 582/87/365
f 573/114/357 572/77/5 582/85/365
f 583/79/366 582/85/365 572/77/5
f 583/82/366 516/86/303 582/87/365
f 584/78/367 583/79/366 585/76/5
f 511/81/299 583/82/366 584/83/367
f 511/81/299 513/84/300 583/82/366
f 583/82/366 513/84/300 516/86/303
f 583/79/366 572/77/5 585/76/5
f 585/76/5 572/77/5 566/74/5
f 587/80/368 585/76/5 586/75/5
f 585/76/5 566/74/5 586/75/5
f 584/78/367 585/76/5 587/80/368
f 502/21/290 507/22/294 587/23/368
f 507/22/294 584/83/367 587/23/368
f 502/21/290 587/23/368 588/24/369
f 587/80/368 586/75/5 588/120/369
f 586/75/5 495/8/283 588/120/369
f 496/10/284 588/24/369 495/11/283
f 496/10/284 502/21/290 588/24/369
f 566/74/5 494/5/5 586/75/5
f 586/75/5 494/5/5 495/8/283
f 507/22/294 511/81/299 584/83/367
f 563/68/5 568/66/352 564/65/350
f 537/57/325 538/58/326 555/54/342
f 499/15/286 552/45/339 500/16/287
f 523/101/312 539/103/324 534/102/322
f 524/37/310 539/103/324 523/101/312
f 523/101/312 534/102/322 525/99/313
f 590/1/370 595/2/371 589/3/372
f 590/1/370 589/3/372 591/4/373
f 592/5/5 591/6/373 589/7/372
f 592/5/5 589/7/372 593/8/374
f 589/9/372 594/10/375 593/11/374
f 589/9/372 595/12/371 594/10/375
f 590/1/370 596/13/376 595/2/371
f 596/14/376 594/10/375 595/12/371
f 590/1/370 597/15/377 596/13/376
f 597/15/377 598/16/378 596/13/376
f 598/17/378 599/18/379 596/14/376
f 596/14/376 599/18/379 594/10/375
f 599/18/379 600/21/380 594/10/375
f 599/18/379 602/20/381 600/21/380
f 598/17/378 601/19/382 599/18/379
f 601/19/382 602/20/381 599/18/379
f 600/21/380 602/20/381 604/25/383
f 601/19/382 603/26/384 602/20/381
f 603/26/384 604/25/383 602/20/381
f 600/21/380 604/25/383 605/22/385
f 605/22/385 604/25/383 607/28/386
f 603/26/384 606/27/387 604/25/383
f 606/27/387 607/28/386 604/25/383
f 606/27/387 608/119/388 607/28/386
f 608/119/388 610/88/389 607/28/386
f 605/22/385 607/28/386 609/81/390
f 609/81/390 607/28/386 610/88/389
f 611/84/391 610/88/389 613/89/392
f 609/81/390 610/88/389 611/84/391
f 608/119/388 612/92/393 610/88/389
f 612/92/393 613/89/392 610/88/389
f 611/84/391 613/89/392 614/86/394
f 613/89/392 615/90/395 614/86/394
f 613/89/392 616/91/396 615/90/395
f 612/92/393 618/93/397 613/89/392
f 613/89/392 617/94/398 616/91/396
f 613/89/392 618/93/397 617/94/398
f 612/92/393 619/95/399 618/93/397
f 618/93/397 619/95/399 620/96/400
f 618/93/397 620/96/400 617/94/398
f 617/94/398 620/96/400 621/97/401
f 620/98/400 624/99/402 621/97/401
f 620/98/400 619/100/399 623/37/403
f 620/98/400 622/101/404 624/99/402
f 620/98/400 623/37/403 622/101/404
f 625/105/405 621/97/401 624/99/402
f 625/105/405 624/99/402 628/104/406
f 624/99/402 626/102/407 629/64/408
f 624/99/402 627/103/409 626/102/407
f 624/99/402 622/101/404 627/103/409
f 624/99/402 629/64/408 628/104/406
f 628/104/406 629/64/408 630/62/410
f 629/64/408 631/60/411 630/62/410
f 629/64/408 632/59/412 631/60/411
f 629/64/408 626/102/407 633/115/413
f 629/64/408 633/115/413 632/59/412
f 627/103/409 633/115/413 626/102/407
f 632/59/412 633/115/413 634/57/414
f 633/115/413 635/117/415 634/57/414
f 633/115/413 636/116/416 635/117/415
f 627/103/409 636/116/416 633/115/413
f 638/38/417 636/116/416 627/103/409
f 638/38/417 637/42/418 636/116/416
f 637/42/418 635/117/415 636/116/416
f 622/101/404 623/37/403 638/38/417
f 622/101/404 638/38/417 627/103/409
f 639/35/419 638/38/417 623/37/403
f 639/35/419 641/39/420 638/38/417
f 638/38/417 640/40/421 637/42/418
f 638/38/417 641/39/420 640/40/421
f 639/35/419 642/36/422 641/39/420
f 641/39/420 642/36/422 643/41/423
f 641/39/420 643/41/423 640/40/421
f 644/48/424 643/49/423 601/19/382
f 640/40/421 643/41/423 644/44/424
f 601/19/382 643/49/423 642/29/422
f 645/45/425 646/46/426 644/47/424
f 645/45/425 644/47/424 598/16/378
f 644/48/424 601/19/382 598/17/378
f 640/40/421 644/44/424 646/43/426
f 647/52/427 646/46/426 645/45/425
f 637/42/418 646/43/426 647/125/427
f 637/42/418 640/40/421 646/43/426
f 637/42/418 647/125/427 635/117/415
f 648/54/428 635/58/415 647/52/427
f 648/54/428 647/52/427 649/51/429
f 647/52/427 645/45/425 649/51/429
f 650/53/430 648/54/428 649/51/429
f 651/50/431 649/51/429 645/45/425
f 650/53/430 649/51/429 651/50/431
f 650/53/430 651/50/431 652/121/432
f 651/50/431 590/1/370 652/121/432
f 651/50/431 597/15/377 590/1/370
f 651/50/431 645/45/425 597/15/377
f 655/123/433 653/124/434 652/121/432
f 650/53/430 652/121/432 653/124/434
f 652/121/432 590/1/370 591/4/373
f 652/121/432 591/4/373 654/122/435
f 655/123/433 652/121/432 654/122/435
f 658/71/5 655/72/433 654/73/435
f 658/71/5 656/68/5 655/72/433
f 656/68/5 657/65/436 655/72/433
f 657/65/436 653/124/434 655/123/433
f 659/70/437 656/68/5 658/71/5
f 659/70/437 658/71/5 661/74/5
f 658/71/5 654/73/435 591/6/373
f 658/71/5 591/6/373 592/5/5
f 660/75/5 661/74/5 658/71/5
f 660/75/5 658/71/5 592/5/5
f 662/76/5 663/77/5 661/74/5
f 662/76/5 661/74/5 660/75/5
f 664/112/438 661/74/5 663/77/5
f 664/112/438 659/70/437 661/74/5
f 665/111/439 666/110/440 664/112/438
f 665/111/439 664/112/438 667/114/441
f 666/110/440 659/70/437 664/112/438
f 667/114/441 664/112/438 663/77/5
f 615/90/395 665/111/439 667/113/441
f 614/86/394 615/90/395 667/113/441
f 614/86/394 667/113/441 668/87/442
f 667/114/441 663/77/5 668/85/442
f 669/79/443 668/85/442 663/77/5
f 669/82/443 614/86/394 668/87/442
f 669/82/443 611/84/391 614/86/394
f 670/78/444 669/79/443 662/76/5
f 669/79/443 663/77/5 662/76/5
f 609/81/390 611/84/391 669/82/443
f 609/81/390 669/82/443 670/83/444
f 605/22/385 609/81/390 670/83/444
f 605/22/385 670/83/444 671/23/445
f 670/78/444 662/76/5 671/80/445
f 600/21/380 605/22/385 671/23/445
f 671/80/445 662/76/5 660/75/5
f 600/21/380 671/23/445 672/24/446
f 671/80/445 660/75/5 672/120/446
f 660/75/5 593/8/374 672/120/446
f 594/10/375 672/24/446 593/11/374
f 594/10/375 600/21/380 672/24/446
f 673/107/447 666/110/440 665/111/439
f 673/107/447 676/109/448 666/110/440
f 666/110/440 674/69/449 659/70/437
f 666/110/440 675/67/450 674/69/449
f 666/110/440 676/109/448 675/67/450
f 678/106/451 677/108/452 676/109/448
f 677/108/452 675/67/450 676/109/448
f 678/106/451 676/109/448 673/107/447
f 678/106/451 625/105/405 628/104/406
f 616/91/396 625/105/405 678/106/451
f 616/91/396 678/106/451 673/107/447
f 678/106/451 628/104/406 677/108/452
f 677/108/452 630/62/410 675/67/450
f 628/104/406 630/62/410 677/108/452
f 630/62/410 679/63/453 675/67/450
f 675/67/450 679/63/453 680/66/454
f 675/67/450 680/66/454 674/69/449
f 679/63/453 657/65/436 680/66/454
f 659/70/437 674/69/449 680/66/454
f 659/70/437 680/66/454 656/68/5
f 656/68/5 680/66/454 657/65/436
f 630/62/410 631/60/411 679/63/453
f 631/60/411 681/61/455 679/63/453
f 679/63/453 681/61/455 657/65/436
f 631/60/411 682/55/456 681/61/455
f 682/55/456 653/124/434 681/61/455
f 657/65/436 681/61/455 653/124/434
f 682/55/456 683/56/457 648/54/428
f 631/60/411 683/56/457 682/55/456
f 682/55/456 650/53/430 653/124/434
f 682/55/456 648/54/428 650/53/430
f 631/60/411 632/59/412 683/56/457
f 632/59/412 634/57/414 683/56/457
f 634/57/414 648/54/428 683/56/457
f 615/90/395 673/107/447 665/111/439
f 616/91/396 673/107/447 615/90/395
f 660/75/5 592/5/5 593/8/374
f 634/57/414 635/58/415 648/54/428
f 597/15/377 645/45/425 598/16/378
f 639/35/419 684/33/458 642/36/422
f 601/19/382 642/29/422 603/26/384
f 603/26/384 642/29/422 684/30/458
f 685/31/459 686/32/460 684/33/458
f 685/31/459 684/33/458 639/35/419
f 603/26/384 684/30/458 606/27/387
f 606/27/387 684/30/458 686/34/460
f 606/27/387 686/34/460 608/119/388
f 686/34/460 612/92/393 608/119/388
f 686/34/460 685/118/459 612/92/393
f 612/92/393 685/118/459 619/95/399
f 685/31/459 623/37/403 619/100/399
f 685/31/459 639/35/419 623/37/403
f 616/91/396 617/94/398 625/105/405
f 617/94/398 621/97/401 625/105/405
f 688/1/461 693/2/462 687/3/463
f 688/1/461 687/3/463 689/4/464
f 690/5/5 689/6/464 687/7/463
f 690/5/5 687/7/463 691/8/465
f 687/9/463 692/10/466 691/11/465
f 687/9/463 693/12/462 692/10/466
f 688/1/461 694/13/467 693/2/462
f 694/14/467 692/10/466 693/12/462
f 688/1/461 695/15/468 694/13/467
f 695/15/468 696/16/469 694/13/467
f 696/17/469 697/18/470 694/14/467
f 694/14/467 697/18/470 692/10/466
f 697/18/470 698/21/471 692/10/466
f 697/18/470 700/20/472 698/21/471
f 696/17/469 699/19/473 697/18/470
f 699/19/473 700/20/472 697/18/470
f 698/21/471 700/20/472 702/25/474
f 699/19/473 701/26/475 700/20/472
f 701/26/475 702/25/474 700/20/472
f 701/26/475 703/27/476 702/25/474
f 703/27/476 704/28/477 702/25/474
f 705/22/478 702/25/474 704/28/477
f 698/21/471 702/25/474 705/22/478
f 705/22/478 704/28/477 706/81/479
f 705/22/478 706/81/479 708/83/480
f 698/21/471 705/22/478 707/23/481
f 705/22/478 708/83/480 707/23/481
f 708/78/480 710/76/5 707/80/481
f 706/81/479 709/82/482 708/83/480
f 708/78/480 709/79/482 710/76/5
f 709/79/482 711/77/5 710/76/5
f 711/77/5 712/75/5 710/76/5
f 707/80/481 710/76/5 712/75/5
f 712/75/5 690/5/5 691/8/465
f 712/75/5 691/8/465 714/120/483
f 711/77/5 713/74/5 712/75/5
f 713/74/5 690/5/5 712/75/5
f 707/80/481 712/75/5 714/120/483
f 698/21/471 707/23/481 714/24/483
f 692/10/466 714/24/483 691/11/465
f 692/10/466 698/21/471 714/24/483
f 715/112/484 713/74/5 711/77/5
f 715/112/484 718/70/485 713/74/5
f 713/74/5 716/71/5 690/5/5
f 713/74/5 717/68/5 716/71/5
f 713/74/5 718/70/485 717/68/5
f 721/110/486 718/70/485 715/112/484
f 718/70/485 719/66/487 717/68/5
f 718/70/485 720/69/488 719/66/487
f 721/110/486 720/69/488 718/70/485
f 722/111/489 721/110/486 715/112/484
f 723/107/490 721/110/486 722/111/489
f 723/107/490 725/109/491 721/110/486
f 721/110/486 724/67/492 720/69/488
f 721/110/486 725/109/491 724/67/492
f 727/106/493 726/108/494 725/109/491
f 726/108/494 724/67/492 725/109/491
f 727/106/493 725/109/491 723/107/490
f 727/106/493 728/105/495 730/104/496
f 729/91/497 728/105/495 727/106/493
f 729/91/497 727/106/493 723/107/490
f 727/106/493 730/104/496 726/108/494
f 730/104/496 731/64/498 732/62/499
f 733/99/500 731/64/498 730/104/496
f 728/105/495 733/99/500 730/104/496
f 730/104/496 732/62/499 726/108/494
f 728/105/495 734/97/501 733/99/500
f 735/98/502 733/99/500 734/97/501
f 735/98/502 736/101/503 733/99/500
f 736/101/503 737/102/504 733/99/500
f 733/99/500 737/102/504 731/64/498
f 736/101/503 738/103/505 737/102/504
f 738/103/505 739/115/506 737/102/504
f 731/64/498 737/102/504 739/115/506
f 742/59/507 739/115/506 740/57/508
f 739/115/506 741/117/509 740/57/508
f 739/115/506 743/116/510 741/117/509
f 738/103/505 743/116/510 739/115/506
f 731/64/498 739/115/506 742/59/507
f 744/42/511 741/117/509 743/116/510
f 745/38/512 743/116/510 738/103/505
f 745/38/512 744/42/511 743/116/510
f 746/35/513 748/39/514 745/38/512
f 746/35/513 745/38/512 749/37/515
f 745/38/512 747/40/516 744/42/511
f 745/38/512 748/39/514 747/40/516
f 749/37/515 745/38/512 738/103/505
f 750/31/517 746/35/513 749/37/515
f 750/31/517 749/37/515 751/100/518
f 735/98/502 751/100/518 749/37/515
f 749/37/515 738/103/505 736/101/503
f 735/98/502 749/37/515 736/101/503
f 752/92/519 750/118/517 751/95/518
f 752/92/519 751/95/518 753/93/520
f 753/93/520 751/95/518 735/96/502
f 754/89/521 753/93/520 755/94/522
f 752/92/519 753/93/520 754/89/521
f 753/93/520 735/96/502 755/94/522
f 754/89/521 755/94/522 729/91/497
f 729/91/497 755/94/522 728/105/495
f 755/94/522 734/97/501 728/105/495
f 755/94/522 735/96/502 734/97/501
f 757/84/523 756/88/524 754/89/521
f 752/92/519 754/89/521 756/88/524
f 754/89/521 729/91/497 759/90/525
f 757/84/523 754/89/521 758/86/526
f 754/89/521 759/90/525 758/86/526
f 758/86/526 759/90/525 760/113/527
f 759/90/525 722/111/489 760/113/527
f 759/90/525 723/107/490 722/111/489
f 729/91/497 723/107/490 759/90/525
f 758/86/526 760/113/527 761/87/528
f 760/114/527 711/77/5 761/85/528
f 760/114/527 715/112/484 711/77/5
f 722/111/489 715/112/484 760/114/527
f 709/79/482 761/85/528 711/77/5
f 709/82/482 758/86/526 761/87/528
f 709/82/482 757/84/523 758/86/526
f 706/81/479 757/84/523 709/82/482
f 706/81/479 756/88/524 757/84/523
f 706/81/479 704/28/477 756/88/524
f 762/119/529 756/88/524 704/28/477
f 762/119/529 752/92/519 756/88/524
f 703/27/476 762/119/529 704/28/477
f 703/27/476 763/34/530 762/119/529
f 763/34/530 752/92/519 762/119/529
f 703/27/476 764/30/531 763/34/530
f 763/34/530 750/118/517 752/92/519
f 750/31/517 763/32/530 764/33/531
f 701/26/475 765/29/532 764/30/531
f 746/35/513 764/33/531 765/36/532
f 750/31/517 764/33/531 746/35/513
f 701/26/475 764/30/531 703/27/476
f 699/19/473 766/49/533 765/29/532
f 748/39/514 765/36/532 766/41/533
f 746/35/513 765/36/532 748/39/514
f 699/19/473 765/29/532 701/26/475
f 748/39/514 766/41/533 747/40/516
f 747/40/516 766/41/533 767/44/534
f 767/48/534 766/49/533 699/19/473
f 768/45/535 769/46/536 767/47/534
f 768/45/535 767/47/534 696/16/469
f 767/48/534 699/19/473 696/17/469
f 747/40/516 767/44/534 769/43/536
f 770/52/537 769/46/536 768/45/535
f 744/42/511 769/43/536 770/125/537
f 744/42/511 747/40/516 769/43/536
f 771/54/538 741/58/509 770/52/537
f 744/42/511 770/125/537 741/117/509
f 771/54/538 770/52/537 772/51/539
f 770/52/537 768/45/535 772/51/539
f 773/50/540 772/51/539 768/45/535
f 774/53/541 772/51/539 773/50/540
f 774/53/541 771/54/538 772/51/539
f 777/55/542 774/53/541 775/124/543
f 774/53/541 776/121/544 775/124/543
f 774/53/541 773/50/540 776/121/544
f 777/55/542 771/54/538 774/53/541
f 777/55/542 778/56/545 771/54/538
f 779/60/546 778/56/545 777/55/542
f 779/60/546 777/55/542 780/61/547
f 777/55/542 775/124/543 780/61/547
f 781/65/548 780/61/547 775/124/543
f 782/63/549 780/61/547 781/65/548
f 779/60/546 780/61/547 782/63/549
f 782/63/549 781/65/548 719/66/487
f 724/67/492 782/63/549 719/66/487
f 732/62/499 782/63/549 724/67/492
f 732/62/499 779/60/546 782/63/549
f 717/68/5 719/66/487 781/65/548
f 717/68/5 781/65/548 783/72/550
f 781/65/548 775/124/543 783/123/550
f 716/71/5 717/68/5 783/72/550
f 783/123/550 775/124/543 776/121/544
f 783/123/550 776/121/544 784/122/551
f 716/71/5 783/72/550 784/73/551
f 716/71/5 784/73/551 689/6/464
f 776/121/544 689/4/464 784/122/551
f 779/60/546 742/59/507 778/56/545
f 731/64/498 779/60/546 732/62/499
f 731/64/498 742/59/507 779/60/546
f 740/57/508 771/54/538 778/56/545
f 742/59/507 740/57/508 778/56/545
f 773/50/540 688/1/461 776/121/544
f 776/121/544 688/1/461 689/4/464
f 773/50/540 695/15/468 688/1/461
f 773/50/540 768/45/535 695/15/468
f 740/57/508 741/58/509 771/54/538
f 695/15/468 768/45/535 696/16/469
f 726/108/494 732/62/499 724/67/492
f 724/67/492 719/66/487 720/69/488
f 716/71/5 689/6/464 690/5/5
f 786/1/552 791/2/553 785/3/554
f 786/1/552 785/3/554 787/4/555
f 788/5/5 787/6/555 785/7/554
f 788/5/5 785/7/554 789/8/556
f 785/9/554 790/10/557 789/11/556
f 785/9/554 791/12/553 790/10/557
f 786/1/552 792/13/558 791/2/553
f 792/14/558 790/10/557 791/12/553
f 786/1/552 793/15/559 792/13/558
f 793/15/559 794/16/560 792/13/558
f 794/17/560 795/18/561 792/14/558
f 792/14/558 795/18/561 790/10/557
f 794/17/560 796/19/562 795/18/561
f 796/19/562 797/20/563 795/18/561
f 795/18/561 797/20/563 798/21/564
f 795/18/561 798/21/564 790/10/557
f 798/21/564 801/22/565 799/23/566
f 798/21/564 799/23/566 800/24/567
f 790/10/557 798/21/564 800/24/567
f 798/21/564 802/25/568 801/22/565
f 798/21/564 797/20/563 802/25/568
f 805/26/569 802/25/568 797/20/563
f 805/26/569 803/27/570 802/25/568
f 803/27/570 804/28/571 802/25/568
f 801/22/565 802/25/568 804/28/571
f 796/19/562 805/26/569 797/20/563
f 796/19/562 806/29/572 805/26/569
f 805/26/569 806/29/572 807/30/573
f 805/26/569 807/30/573 803/27/570
f 809/31/574 808/32/575 807/33/573
f 803/27/570 807/30/573 808/34/575
f 810/35/576 807/33/573 806/36/572
f 809/31/574 807/33/573 810/35/576
f 809/31/574 810/35/576 811/37/577
f 810/35/576 812/38/578 811/37/577
f 810/35/576 813/39/579 812/38/578
f 810/35/576 806/36/572 813/39/579
f 812/38/578 813/39/579 815/40/580
f 813/39/579 806/36/572 814/41/581
f 813/39/579 814/41/581 815/40/580
f 812/38/578 815/40/580 816/42/582
f 816/42/582 815/40/580 817/43/583
f 815/40/580 814/41/581 818/44/584
f 815/40/580 818/44/584 817/43/583
f 819/45/585 817/46/583 818/47/584
f 819/45/585 818/47/584 794/16/560
f 818/48/584 796/19/562 794/17/560
f 818/48/584 814/49/581 796/19/562
f 793/15/559 819/45/585 794/16/560
f 820/50/586 822/51/587 819/45/585
f 820/50/586 819/45/585 793/15/559
f 821/52/588 817/46/583 819/45/585
f 821/52/588 819/45/585 822/51/587
f 823/53/589 824/54/590 822/51/587
f 823/53/589 822/51/587 820/50/586
f 824/54/590 821/52/588 822/51/587
f 825/55/591 828/56/592 824/54/590
f 825/55/591 824/54/590 823/53/589
f 826/57/593 827/58/594 824/54/590
f 826/57/593 824/54/590 828/56/592
f 824/54/590 827/58/594 821/52/588
f 829/59/595 826/57/593 828/56/592
f 830/60/596 829/59/595 828/56/592
f 830/60/596 828/56/592 825/55/591
f 830/60/596 825/55/591 832/61/597
f 831/62/598 830/60/596 834/63/599
f 833/64/600 830/60/596 831/62/598
f 830/60/596 832/61/597 834/63/599
f 833/64/600 829/59/595 830/60/596
f 834/63/599 832/61/597 835/65/601
f 834/63/599 835/65/601 837/66/602
f 836/67/603 834/63/599 837/66/602
f 831/62/598 834/63/599 836/67/603
f 840/68/5 837/66/602 835/65/601
f 836/67/603 837/66/602 838/69/604
f 839/70/605 838/69/604 837/66/602
f 839/70/605 837/66/602 840/68/5
f 843/71/5 840/68/5 841/72/606
f 840/68/5 835/65/601 841/72/606
f 842/74/5 839/70/605 840/68/5
f 842/74/5 840/68/5 843/71/5
f 843/71/5 844/73/607 787/6/555
f 843/71/5 787/6/555 788/5/5
f 842/74/5 843/71/5 788/5/5
f 843/71/5 841/72/606 844/73/607
f 845/121/608 787/4/555 844/122/607
f 841/123/606 845/121/608 844/122/607
f 845/121/608 786/1/552 787/4/555
f 841/123/606 846/124/609 845/121/608
f 823/53/589 845/121/608 846/124/609
f 823/53/589 820/50/586 845/121/608
f 820/50/586 786/1/552 845/121/608
f 825/55/591 823/53/589 846/124/609
f 825/55/591 846/124/609 832/61/597
f 835/65/601 832/61/597 846/124/609
f 835/65/601 846/124/609 841/123/606
f 848/77/5 842/74/5 847/75/5
f 842/74/5 788/5/5 847/75/5
f 849/112/610 842/74/5 848/77/5
f 849/112/610 839/70/605 842/74/5
f 852/111/611 850/110/612 849/112/610
f 850/110/612 839/70/605 849/112/610
f 851/114/613 849/112/610 848/77/5
f 852/111/611 849/112/610 851/114/613
f 853/90/614 854/107/615 852/111/611
f 853/90/614 852/111/611 851/113/613
f 854/107/615 850/110/612 852/111/611
f 856/91/616 855/106/617 854/107/615
f 855/106/617 857/109/618 854/107/615
f 856/91/616 854/107/615 853/90/614
f 854/107/615 857/109/618 850/110/612
f 850/110/612 857/109/618 836/67/603
f 855/106/617 858/108/619 857/109/618
f 858/108/619 836/67/603 857/109/618
f 855/106/617 859/104/620 858/108/619
f 858/108/619 831/62/598 836/67/603
f 859/104/620 831/62/598 858/108/619
f 859/104/620 833/64/600 831/62/598
f 860/99/621 833/64/600 859/104/620
f 861/105/622 860/99/621 859/104/620
f 855/106/617 861/105/622 859/104/620
f 856/91/616 862/94/623 861/105/622
f 862/94/623 863/97/624 861/105/622
f 856/91/616 861/105/622 855/106/617
f 861/105/622 863/97/624 860/99/621
f 862/94/623 864/96/625 863/97/624
f 864/98/625 860/99/621 863/97/624
f 864/98/625 865/100/626 811/37/577
f 866/93/627 865/95/626 864/96/625
f 866/93/627 864/96/625 862/94/623
f 864/98/625 867/101/628 860/99/621
f 864/98/625 811/37/577 867/101/628
f 867/101/628 868/102/629 860/99/621
f 867/101/628 869/103/630 868/102/629
f 811/37/577 869/103/630 867/101/628
f 869/103/630 870/115/631 868/102/629
f 869/103/630 871/116/632 870/115/631
f 811/37/577 812/38/578 869/103/630
f 812/38/578 871/116/632 869/103/630
f 812/38/578 816/42/582 871/116/632
f 816/42/582 827/117/594 871/116/632
f 870/115/631 871/116/632 827/117/594
f 833/64/600 868/102/629 870/115/631
f 829/59/595 870/115/631 826/57/593
f 870/115/631 827/117/594 826/57/593
f 833/64/600 870/115/631 829/59/595
f 860/99/621 868/102/629 833/64/600
f 872/89/633 866/93/627 862/94/623
f 873/92/634 866/93/627 872/89/633
f 873/92/634 865/95/626 866/93/627
f 808/34/575 809/118/574 873/92/634
f 808/34/575 873/92/634 874/119/635
f 874/119/635 873/92/634 875/88/636
f 873/92/634 872/89/633 875/88/636
f 873/92/634 809/118/574 865/95/626
f 874/119/635 875/88/636 804/28/571
f 876/81/637 804/28/571 875/88/636
f 877/84/638 875/88/636 872/89/633
f 876/81/637 875/88/636 877/84/638
f 876/81/637 877/84/638 878/82/639
f 878/82/639 877/84/638 879/86/640
f 877/84/638 872/89/633 879/86/640
f 872/89/633 853/90/614 879/86/640
f 879/86/640 853/90/614 851/113/613
f 879/86/640 851/113/613 880/87/641
f 878/82/639 879/86/640 880/87/641
f 851/114/613 848/77/5 880/85/641
f 878/79/639 880/85/641 848/77/5
f 881/78/642 878/79/639 882/76/5
f 876/81/637 878/82/639 881/83/642
f 878/79/639 848/77/5 882/76/5
f 881/78/642 882/76/5 799/80/566
f 799/80/566 882/76/5 847/75/5
f 848/77/5 847/75/5 882/76/5
f 801/22/565 876/81/637 881/83/642
f 801/22/565 881/83/642 799/23/566
f 801/22/565 804/28/571 876/81/637
f 803/27/570 874/119/635 804/28/571
f 803/27/570 808/34/575 874/119/635
f 872/89/633 856/91/616 853/90/614
f 872/89/633 862/94/623 856/91/616
f 809/31/574 811/37/577 865/100/626
f 850/110/612 836/67/603 838/69/604
f 850/110/612 838/69/604 839/70/605
f 847/75/5 788/5/5 789/8/556
f 799/80/566 847/75/5 800/120/567
f 847/75/5 789/8/556 800/120/567
f 816/42/582 821/125/588 827/117/594
f 816/42/582 817/43/583 821/125/588
f 820/50/586 793/15/559 786/1/552
f 796/19/562 814/49/581 806/29/572
f 790/10/557 800/24/567 789/11/556
f 884/1/552 889/2/553 883/3/554
f 884/1/552 883/3/554 885/4/555
f 886/5/5 885/6/555 883/7/554
f 886/5/5 883/7/554 887/8/556
f 883/9/554 888/10/557 887/11/556
f 883/9/554 889/12/553 888/10/557
f 884/1/552 890/13/558 889/2/553
f 890/14/558 888/10/557 889/12/553
f 884/1/552 891/15/559 890/13/558
f 891/15/559 892/16/560 890/13/558
f 892/17/560 893/18/561 890/14/558
f 890/14/558 893/18/561 888/10/557
f 893/18/561 896/20/563 894/21/564
f 893/18/561 894/21/564 888/10/557
f 892/17/560 895/19/562 893/18/561
f 895/19/562 896/20/563 893/18/561
f 894/21/564 896/20/563 898/25/568
f 895/19/562 897/26/569 896/20/563
f 897/26/569 898/25/568 896/20/563
f 894/21/564 898/25/568 899/22/565
f 899/22/565 898/25/568 901/28/571
f 897/26/569 900/27/570 898/25/568
f 900/27/570 901/28/571 898/25/568
f 900/27/570 902/119/635 901/28/571
f 902/119/635 904/88/636 901/28/571
f 899/22/565 901/28/571 903/81/637
f 903/81/637 901/28/571 904/88/636
f 905/84/638 904/88/636 907/89/633
f 903/81/637 904/88/636 905/84/638
f 902/119/635 906/92/634 904/88/636
f 906/92/634 907/89/633 904/88/636
f 905/84/638 907/89/633 908/86/640
f 907/89/633 909/90/614 908/86/640
f 907/89/633 910/91/616 909/90/614
f 906/92/634 912/93/627 907/89/633
f 907/89/633 911/94/623 910/91/616
f 907/89/633 912/93/627 911/94/623
f 912/93/627 913/95/626 914/96/625
f 906/92/634 913/95/626 912/93/627
f 912/93/627 914/96/625 911/94/623
f 914/98/625 913/100/626 916/37/577
f 911/94/623 914/96/625 918/97/624
f 914/98/625 915/101/628 917/99/621
f 914/98/625 916/37/577 915/101/628
f 914/98/625 917/99/621 918/97/624
f 911/94/623 918/97/624 919/105/622
f 919/105/622 918/97/624 917/99/621
f 910/91/616 911/94/623 919/105/622
f 910/91/616 919/105/622 920/106/617
f 920/106/617 919/105/622 921/104/620
f 919/105/622 917/99/621 921/104/620
f 921/104/620 923/62/598 922/108/619
f 920/106/617 921/104/620 922/108/619
f 921/104/620 924/64/600 923/62/598
f 917/99/621 924/64/600 921/104/620
f 924/64/600 925/60/596 923/62/598
f 924/64/600 927/59/595 925/60/596
f 917/99/621 926/102/643 924/64/600
f 924/64/600 926/102/643 928/115/631
f 924/64/600 928/115/631 927/59/595
f 931/103/630 928/115/631 926/102/643
f 927/59/595 928/115/631 929/57/593
f 928/115/631 930/117/594 929/57/593
f 928/115/631 932/116/632 930/117/594
f 931/103/630 932/116/632 928/115/631
f 934/38/578 932/116/632 931/103/630
f 934/38/578 933/42/582 932/116/632
f 933/42/582 930/117/594 932/116/632
f 916/37/577 934/38/578 931/103/630
f 935/35/576 934/38/578 916/37/577
f 935/35/576 937/39/579 934/38/578
f 934/38/578 936/40/580 933/42/582
f 934/38/578 937/39/579 936/40/580
f 937/39/579 939/36/572 938/41/581
f 937/39/579 938/41/581 936/40/580
f 935/35/576 939/36/572 937/39/579
f 895/19/562 938/49/581 939/29/572
f 935/35/576 940/33/573 939/36/572
f 895/19/562 939/29/572 897/26/569
f 897/26/569 939/29/572 940/30/573
f 942/31/574 941/32/575 940/33/573
f 900/27/570 940/30/573 941/34/575
f 942/31/574 940/33/573 935/35/576
f 897/26/569 940/30/573 900/27/570
f 941/34/575 942/118/574 906/92/634
f 906/92/634 942/118/574 913/95/626
f 942/31/574 916/37/577 913/100/626
f 942/31/574 935/35/576 916/37/577
f 900/27/570 941/34/575 902/119/635
f 941/34/575 906/92/634 902/119/635
f 943/48/584 938/49/581 895/19/562
f 936/40/580 938/41/581 943/44/584
f 944/45/585 945/46/583 943/47/584
f 944/45/585 943/47/584 892/16/560
f 943/48/584 895/19/562 892/17/560
f 936/40/580 943/44/584 945/43/583
f 946/52/588 945/46/583 944/45/585
f 933/42/582 945/43/583 946/125/588
f 933/42/582 936/40/580 945/43/583
f 947/54/590 930/58/594 946/52/588
f 933/42/582 946/125/588 930/117/594
f 947/54/590 946/52/588 948/51/587
f 946/52/588 944/45/585 948/51/587
f 949/53/589 947/54/590 948/51/587
f 949/53/589 948/51/587 950/50/586
f 950/50/586 948/51/587 944/45/585
f 949/53/589 950/50/586 951/121/608
f 950/50/586 884/1/552 951/121/608
f 950/50/586 891/15/559 884/1/552
f 950/50/586 944/45/585 891/15/559
f 954/123/606 952/124/609 951/121/608
f 949/53/589 951/121/608 952/124/609
f 951/121/608 884/1/552 885/4/555
f 951/121/608 885/4/555 953/122/607
f 954/123/606 951/121/608 953/122/607
f 957/71/5 954/72/606 953/73/607
f 957/71/5 955/68/5 954/72/606
f 955/68/5 956/65/601 954/72/606
f 956/65/601 952/124/609 954/123/606
f 957/71/5 953/73/607 885/6/555
f 957/71/5 885/6/555 886/5/5
f 958/74/5 957/71/5 886/5/5
f 958/74/5 955/68/5 957/71/5
f 960/77/5 958/74/5 959/75/5
f 958/74/5 886/5/5 959/75/5
f 961/112/610 958/74/5 960/77/5
f 961/112/610 962/70/605 958/74/5
f 958/74/5 962/70/605 955/68/5
f 962/70/605 963/66/602 955/68/5
f 962/70/605 964/69/604 963/66/602
f 965/110/612 964/69/604 962/70/605
f 965/110/612 962/70/605 961/112/610
f 966/107/615 968/109/618 965/110/612
f 966/107/615 965/110/612 969/111/611
f 965/110/612 967/67/603 964/69/604
f 965/110/612 968/109/618 967/67/603
f 969/111/611 965/110/612 961/112/610
f 909/90/614 966/107/615 969/111/611
f 909/90/614 969/111/611 970/113/613
f 969/111/611 961/112/610 970/114/613
f 908/86/640 909/90/614 970/113/613
f 908/86/640 970/113/613 971/87/641
f 970/114/613 960/77/5 971/85/641
f 970/114/613 961/112/610 960/77/5
f 972/79/639 971/85/641 960/77/5
f 972/82/639 908/86/640 971/87/641
f 973/78/642 972/79/639 974/76/5
f 903/81/637 972/82/639 973/83/642
f 903/81/637 905/84/638 972/82/639
f 972/82/639 905/84/638 908/86/640
f 972/79/639 960/77/5 974/76/5
f 960/77/5 959/75/5 974/76/5
f 975/80/566 974/76/5 959/75/5
f 973/78/642 974/76/5 975/80/566
f 894/21/564 899/22/565 975/23/566
f 899/22/565 973/83/642 975/23/566
f 894/21/564 975/23/566 976/24/567
f 975/80/566 959/75/5 976/120/567
f 959/75/5 887/8/556 976/120/567
f 888/10/557 976/24/567 887/11/556
f 888/10/557 894/21/564 976/24/567
f 899/22/565 903/81/637 973/83/642
f 920/106/617 968/109/618 966/107/615
f 920/106/617 922/108/619 968/109/618
f 922/108/619 967/67/603 968/109/618
f 967/67/603 977/63/599 963/66/602
f 967/67/603 963/66/602 964/69/604
f 922/108/619 923/62/598 967/67/603
f 923/62/598 977/63/599 967/67/603
f 977/63/599 956/65/601 963/66/602
f 923/62/598 925/60/596 977/63/599
f 925/60/596 978/61/597 977/63/599
f 977/63/599 978/61/597 956/65/601
f 925/60/596 979/55/591 978/61/597
f 979/55/591 952/124/609 978/61/597
f 956/65/601 978/61/597 952/124/609
f 979/55/591 980/56/592 947/54/590
f 925/60/596 980/56/592 979/55/591
f 979/55/591 949/53/589 952/124/609
f 979/55/591 947/54/590 949/53/589
f 925/60/596 927/59/595 980/56/592
f 927/59/595 929/57/593 980/56/592
f 929/57/593 947/54/590 980/56/592
f 910/91/616 920/106/617 966/107/615
f 910/91/616 966/107/615 909/90/614
f 955/68/5 963/66/602 956/65/601
f 959/75/5 886/5/5 887/8/556
f 929/57/593 930/58/594 947/54/590
f 891/15/559 944/45/585 892/16/560
f 915/101/628 931/103/630 926/102/643
f 916/37/577 931/103/630 915/101/628
f 915/101/628 926/102/643 917/99/621
f 982/1/1 987/2/2 981/3/3
f 982/1/1 981/3/3 983/4/4
f 984/5/5 983/6/4 981/7/3
f 984/5/5 981/7/3 985/8/6
f 981/9/3 986/10/7 985/11/6
f 981/9/3 987/12/2 986/10/7
f 982/1/1 988/13/8 987/2/2
f 988/14/8 986/10/7 987/12/2
f 982/1/1 989/15/9 988/13/8
f 989/15/9 990/16/10 988/13/8
f 990/17/10 991/18/11 988/14/8
f 988/14/8 991/18/11 986/10/7
f 991/18/11 992/21/14 986/10/7
f 991/18/11 994/20/13 992/21/14
f 990/17/10 993/19/12 991/18/11
f 993/19/12 994/20/13 991/18/11
f 992/21/14 994/20/13 996/25/18
f 993/19/12 995/26/19 994/20/13
f 995/26/19 996/25/18 994/20/13
f 992/21/14 996/25/18 997/22/15
f 997/22/15 996/25/18 999/28/21
f 995/26/19 998/27/20 996/25/18
f 998/27/20 999/28/21 996/25/18
f 998/27/20 1000/119/90 999/28/21
f 1000/119/90 1002/88/64 999/28/21
f 997/22/15 999/28/21 1001/81/60
f 1001/81/60 999/28/21 1002/88/64
f 1003/84/61 1002/88/64 1005/89/185
f 1001/81/60 1002/88/64 1003/84/61
f 1000/119/90 1004/92/68 1002/88/64
f 1004/92/68 1005/89/185 1002/88/64
f 1003/84/61 1005/89/185 1006/86/63
f 1005/89/185 1007/90/66 1006/86/63
f 1005/89/185 1008/91/67 1007/90/66
f 1004/92/68 1010/93/69 1005/89/185
f 1005/89/185 1009/94/70 1008/91/67
f 1005/89/185 1010/93/69 1009/94/70
f 1004/92/68 1011/95/71 1010/93/69
f 1010/93/69 1011/95/71 1012/96/72
f 1010/93/69 1012/96/72 1009/94/70
f 1009/94/70 1012/96/72 1013/97/73
f 1012/98/72 1016/99/74 1013/97/73
f 1012/98/72 1011/100/71 1015/37/27
f 1012/98/72 1014/101/75 1016/99/74
f 1012/98/72 1015/37/27 1014/101/75
f 1017/105/79 1013/97/73 1016/99/74
f 1017/105/79 1016/99/74 1020/104/78
f 1016/99/74 1018/102/76 1021/64/50
f 1016/99/74 1019/103/77 1018/102/76
f 1016/99/74 1014/101/75 1019/103/77
f 1016/99/74 1021/64/50 1020/104/78
f 1020/104/78 1021/64/50 1022/62/48
f 1021/64/50 1023/60/46 1022/62/48
f 1021/64/50 1024/59/45 1023/60/46
f 1021/64/50 1018/102/76 1025/115/88
f 1021/64/50 1025/115/88 1024/59/45
f 1019/103/77 1025/115/88 1018/102/76
f 1024/59/45 1025/115/88 1026/57/43
f 1025/115/88 1027/117/44 1026/57/43
f 1025/115/88 1028/116/89 1027/117/44
f 1019/103/77 1028/116/89 1025/115/88
f 1030/38/28 1028/116/89 1019/103/77
f 1030/38/28 1029/42/32 1028/116/89
f 1029/42/32 1027/117/44 1028/116/89
f 1014/101/75 1015/37/27 1030/38/28
f 1014/101/75 1030/38/28 1019/103/77
f 1031/35/26 1030/38/28 1015/37/27
f 1031/35/26 1033/39/29 1030/38/28
f 1030/38/28 1032/40/30 1029/42/32
f 1030/38/28 1033/39/29 1032/40/30
f 1031/35/26 1034/36/22 1033/39/29
f 1033/39/29 1034/36/22 1035/41/31
f 1033/39/29 1035/41/31 1032/40/30
f 1036/48/34 1035/49/31 993/19/12
f 1032/40/30 1035/41/31 1036/44/34
f 993/19/12 1035/49/31 1034/29/22
f 1037/45/35 1038/46/33 1036/47/34
f 1037/45/35 1036/47/34 990/16/10
f 1036/48/34 993/19/12 990/17/10
f 1032/40/30 1036/44/34 1038/43/33
f 1039/52/38 1038/46/33 1037/45/35
f 1029/42/32 1038/43/33 1039/125/38
f 1029/42/32 1032/40/30 1038/43/33
f 1029/42/32 1039/125/38 1027/117/44
f 1040/54/40 1027/58/44 1039/52/38
f 1040/54/40 1039/52/38 1041/51/37
f 1039/52/38 1037/45/35 1041/51/37
f 1042/53/39 1040/54/40 1041/51/37
f 1043/50/36 1041/51/37 1037/45/35
f 1042/53/39 1041/51/37 1043/50/36
f 1042/53/39 1043/50/36 1044/121/91
f 1043/50/36 982/1/1 1044/121/91
f 1043/50/36 989/15/9 982/1/1
f 1043/50/36 1037/45/35 989/15/9
f 1047/123/56 1045/124/92 1044/121/91
f 1042/53/39 1044/121/91 1045/124/92
f 1044/121/91 982/1/1 983/4/4
f 1044/121/91 983/4/4 1046/122/57
f 1047/123/56 1044/121/91 1046/122/57
f 1050/71/5 1047/72/56 1046/73/57
f 1050/71/5 1048/68/5 1047/72/56
f 1048/68/5 1049/65/51 1047/72/56
f 1049/65/51 1045/124/92 1047/123/56
f 1052/74/5 1048/68/5 1050/71/5
f 1050/71/5 1046/73/57 983/6/4
f 1050/71/5 983/6/4 984/5/5
f 1051/75/5 1052/74/5 1050/71/5
f 1051/75/5 1050/71/5 984/5/5
f 1053/76/5 1054/77/5 1052/74/5
f 1053/76/5 1052/74/5 1051/75/5
f 1055/112/86 1052/74/5 1054/77/5
f 1055/112/86 1056/70/55 1052/74/5
f 1052/74/5 1056/70/55 1048/68/5
f 1059/110/84 1056/70/55 1055/112/86
f 1056/70/55 1057/66/52 1048/68/5
f 1056/70/55 1058/69/54 1057/66/52
f 1059/110/84 1058/69/54 1056/70/55
f 1060/111/644 1059/110/84 1055/112/86
f 1061/107/81 1059/110/84 1060/111/644
f 1061/107/81 1063/109/83 1059/110/84
f 1059/110/84 1062/67/53 1058/69/54
f 1059/110/84 1063/109/83 1062/67/53
f 1065/106/186 1064/108/82 1063/109/83
f 1064/108/82 1062/67/53 1063/109/83
f 1065/106/186 1063/109/83 1061/107/81
f 1065/106/186 1017/105/79 1020/104/78
f 1008/91/67 1017/105/79 1065/106/186
f 1008/91/67 1065/106/186 1061/107/81
f 1065/106/186 1020/104/78 1064/108/82
f 1064/108/82 1022/62/48 1062/67/53
f 1020/104/78 1022/62/48 1064/108/82
f 1022/62/48 1066/63/49 1062/67/53
f 1062/67/53 1066/63/49 1057/66/52
f 1062/67/53 1057/66/52 1058/69/54
f 1066/63/49 1049/65/51 1057/66/52
f 1022/62/48 1023/60/46 1066/63/49
f 1023/60/46 1067/61/47 1066/63/49
f 1066/63/49 1067/61/47 1049/65/51
f 1023/60/46 1068/55/41 1067/61/47
f 1068/55/41 1045/124/92 1067/61/47
f 1049/65/51 1067/61/47 1045/124/92
f 1068/55/41 1069/56/42 1040/54/40
f 1023/60/46 1069/56/42 1068/55/41
f 1068/55/41 1042/53/39 1045/124/92
f 1068/55/41 1040/54/40 1042/53/39
f 1023/60/46 1024/59/45 1069/56/42
f 1024/59/45 1026/57/43 1069/56/42
f 1026/57/43 1040/54/40 1069/56/42
f 1007/90/66 1061/107/81 1060/111/644
f 1008/91/67 1061/107/81 1007/90/66
f 1007/90/66 1060/111/644 1070/113/87
f 1060/111/644 1055/112/86 1070/114/87
f 1006/86/63 1007/90/66 1070/113/87
f 1006/86/63 1070/113/87 1071/87/62
f 1070/114/87 1054/77/5 1071/85/62
f 1070/114/87 1055/112/86 1054/77/5
f 1072/79/59 1071/85/62 1054/77/5
f 1072/82/59 1006/86/63 1071/87/62
f 1072/82/59 1003/84/61 1006/86/63
f 1073/78/58 1072/79/59 1053/76/5
f 1072/79/59 1054/77/5 1053/76/5
f 1001/81/60 1003/84/61 1072/82/59
f 1001/81/60 1072/82/59 1073/83/58
f 997/22/15 1001/81/60 1073/83/58
f 997/22/15 1073/83/58 1074/23/16
f 1073/78/58 1053/76/5 1074/80/16
f 992/21/14 997/22/15 1074/23/16
f 1074/80/16 1053/76/5 1051/75/5
f 992/21/14 1074/23/16 1075/24/17
f 1074/80/16 1051/75/5 1075/120/17
f 1051/75/5 985/8/6 1075/120/17
f 986/10/7 1075/24/17 985/11/6
f 986/10/7 992/21/14 1075/24/17
f 1048/68/5 1057/66/52 1049/65/51
f 1051/75/5 984/5/5 985/8/6
f 1026/57/43 1027/58/44 1040/54/40
f 989/15/9 1037/45/35 990/16/10
f 1031/35/26 1076/33/23 1034/36/22
f 993/19/12 1034/29/22 995/26/19
f 995/26/19 1034/29/22 1076/30/23
f 1077/31/24 1078/32/25 1076/33/23
f 1077/31/24 1076/33/23 1031/35/26
f 995/26/19 1076/30/23 998/27/20
f 998/27/20 1076/30/23 1078/34/25
f 998/27/20 1078/34/25 1000/119/90
f 1078/34/25 1004/92/68 1000/119/90
f 1078/34/25 1077/118/24 1004/92/68
f 1004/92/68 1077/118/24 1011/95/71
f 1077/31/24 1015/37/27 1011/100/71
f 1077/31/24 1031/35/26 1015/37/27
f 1008/91/67 1009/94/70 1017/105/79
f 1009/94/70 1013/97/73 1017/105/79
f 1080/1/109 1085/2/113 1079/3/110
f 1080/1/109 1079/3/110 1081/4/111
f 1082/5/5 1081/6/111 1079/7/110
f 1082/5/5 1079/7/110 1083/8/151
f 1079/9/110 1084/10/170 1083/11/151
f 1079/9/110 1085/12/113 1084/10/170
f 1080/1/109 1086/13/112 1085/2/113
f 1086/14/112 1084/10/170 1085/12/113
f 1080/1/109 1087/15/114 1086/13/112
f 1087/15/114 1088/16/104 1086/13/112
f 1088/17/104 1089/18/166 1086/14/112
f 1086/14/112 1089/18/166 1084/10/170
f 1089/18/166 1090/21/171 1084/10/170
f 1089/18/166 1092/20/168 1090/21/171
f 1088/17/104 1091/19/167 1089/18/166
f 1091/19/167 1092/20/168 1089/18/166
f 1090/21/171 1092/20/168 1094/25/131
f 1091/19/167 1093/26/169 1092/20/168
f 1093/26/169 1094/25/131 1092/20/168
f 1093/26/169 1095/27/93 1094/25/131
f 1095/27/93 1096/28/129 1094/25/131
f 1097/22/126 1094/25/131 1096/28/129
f 1090/21/171 1094/25/131 1097/22/126
f 1097/22/126 1096/28/129 1098/81/130
f 1097/22/126 1098/81/130 1100/83/127
f 1090/21/171 1097/22/126 1099/23/128
f 1097/22/126 1100/83/127 1099/23/128
f 1100/78/127 1102/76/5 1099/80/128
f 1098/81/130 1101/82/137 1100/83/127
f 1100/78/127 1101/79/137 1102/76/5
f 1101/79/137 1103/77/5 1102/76/5
f 1103/77/5 1104/75/5 1102/76/5
f 1099/80/128 1102/76/5 1104/75/5
f 1104/75/5 1082/5/5 1083/8/151
f 1104/75/5 1083/8/151 1106/120/157
f 1103/77/5 1105/74/5 1104/75/5
f 1105/74/5 1082/5/5 1104/75/5
f 1099/80/128 1104/75/5 1106/120/157
f 1090/21/171 1099/23/128 1106/24/157
f 1084/10/170 1106/24/157 1083/11/151
f 1084/10/170 1090/21/171 1106/24/157
f 1107/112/155 1105/74/5 1103/77/5
f 1107/112/155 1108/70/156 1105/74/5
f 1108/70/156 1109/71/5 1105/74/5
f 1105/74/5 1109/71/5 1082/5/5
f 1109/71/5 1111/68/5 1110/72/106
f 1109/71/5 1110/72/106 1112/73/145
f 1108/70/156 1111/68/5 1109/71/5
f 1109/71/5 1112/73/145 1081/6/111
f 1109/71/5 1081/6/111 1082/5/5
f 1113/121/144 1081/4/111 1112/122/145
f 1110/123/106 1113/121/144 1112/122/145
f 1110/123/106 1114/124/143 1113/121/144
f 1115/53/140 1113/121/144 1114/124/143
f 1115/53/140 1116/50/142 1113/121/144
f 1116/50/142 1080/1/109 1113/121/144
f 1113/121/144 1080/1/109 1081/4/111
f 1116/50/142 1117/51/141 1118/45/102
f 1115/53/140 1117/51/141 1116/50/142
f 1116/50/142 1087/15/114 1080/1/109
f 1116/50/142 1118/45/102 1087/15/114
f 1087/15/114 1118/45/102 1088/16/104
f 1119/52/150 1120/46/108 1118/45/102
f 1119/52/150 1118/45/102 1117/51/141
f 1118/45/102 1120/46/108 1121/47/103
f 1118/45/102 1121/47/103 1088/16/104
f 1121/48/103 1091/19/167 1088/17/104
f 1122/40/107 1123/41/183 1121/44/103
f 1122/40/107 1121/44/103 1120/43/108
f 1121/48/103 1123/49/183 1091/19/167
f 1124/39/182 1125/36/181 1123/41/183
f 1124/39/182 1123/41/183 1122/40/107
f 1091/19/167 1123/49/183 1125/29/181
f 1126/35/160 1127/33/180 1125/36/181
f 1126/35/160 1125/36/181 1124/39/182
f 1091/19/167 1125/29/181 1093/26/169
f 1093/26/169 1125/29/181 1127/30/180
f 1128/31/158 1129/32/94 1127/33/180
f 1128/31/158 1127/33/180 1126/35/160
f 1093/26/169 1127/30/180 1095/27/93
f 1095/27/93 1127/30/180 1129/34/94
f 1095/27/93 1129/34/94 1130/119/95
f 1129/34/94 1131/92/133 1130/119/95
f 1129/34/94 1128/118/158 1131/92/133
f 1130/119/95 1131/92/133 1132/88/132
f 1131/92/133 1133/89/134 1132/88/132
f 1131/92/133 1134/93/153 1133/89/134
f 1131/92/133 1135/95/152 1134/93/153
f 1131/92/133 1128/118/158 1135/95/152
f 1128/31/158 1136/37/159 1135/100/152
f 1134/93/153 1135/95/152 1137/96/154
f 1137/98/154 1135/100/152 1136/37/159
f 1139/94/96 1137/96/154 1138/97/97
f 1137/98/154 1141/99/164 1138/97/97
f 1134/93/153 1137/96/154 1139/94/96
f 1137/98/154 1140/101/162 1141/99/164
f 1137/98/154 1136/37/159 1140/101/162
f 1142/105/98 1138/97/97 1141/99/164
f 1142/105/98 1141/99/164 1144/104/172
f 1140/101/162 1143/102/165 1141/99/164
f 1141/99/164 1143/102/165 1145/64/175
f 1141/99/164 1145/64/175 1144/104/172
f 1144/104/172 1145/64/175 1148/62/174
f 1145/64/175 1143/102/165 1147/115/146
f 1145/64/175 1146/59/99 1149/60/117
f 1145/64/175 1147/115/146 1146/59/99
f 1145/64/175 1149/60/117 1148/62/174
f 1148/62/174 1149/60/117 1150/63/115
f 1149/60/117 1153/61/118 1150/63/115
f 1149/60/117 1146/59/99 1151/56/101
f 1149/60/117 1151/56/101 1152/55/119
f 1149/60/117 1152/55/119 1153/61/118
f 1154/65/105 1153/61/118 1114/124/143
f 1150/63/115 1153/61/118 1154/65/105
f 1152/55/119 1114/124/143 1153/61/118
f 1111/68/5 1155/66/116 1154/65/105
f 1111/68/5 1154/65/105 1110/72/106
f 1154/65/105 1114/124/143 1110/123/106
f 1150/63/115 1154/65/105 1155/66/116
f 1156/67/177 1150/63/115 1155/66/116
f 1156/67/177 1155/66/116 1157/69/179
f 1108/70/156 1157/69/179 1155/66/116
f 1108/70/156 1155/66/116 1111/68/5
f 1158/110/178 1157/69/179 1108/70/156
f 1158/110/178 1156/67/177 1157/69/179
f 1159/111/645 1158/110/178 1107/112/155
f 1160/107/124 1158/110/178 1159/111/645
f 1160/107/124 1161/109/176 1158/110/178
f 1158/110/178 1161/109/176 1156/67/177
f 1158/110/178 1108/70/156 1107/112/155
f 1163/106/646 1162/108/173 1161/109/176
f 1162/108/173 1156/67/177 1161/109/176
f 1163/106/646 1161/109/176 1160/107/124
f 1163/106/646 1142/105/98 1144/104/172
f 1164/91/123 1142/105/98 1163/106/646
f 1164/91/123 1163/106/646 1160/107/124
f 1163/106/646 1144/104/172 1162/108/173
f 1133/89/134 1164/91/123 1165/90/120
f 1133/89/134 1139/94/96 1164/91/123
f 1164/91/123 1139/94/96 1142/105/98
f 1164/91/123 1160/107/124 1165/90/120
f 1167/86/136 1165/90/120 1166/113/122
f 1165/90/120 1159/111/645 1166/113/122
f 1165/90/120 1160/107/124 1159/111/645
f 1133/89/134 1165/90/120 1167/86/136
f 1167/86/136 1166/113/122 1168/87/138
f 1101/82/137 1167/86/136 1168/87/138
f 1101/82/137 1169/84/135 1167/86/136
f 1169/84/135 1133/89/134 1167/86/136
f 1098/81/130 1169/84/135 1101/82/137
f 1098/81/130 1132/88/132 1169/84/135
f 1169/84/135 1132/88/132 1133/89/134
f 1166/114/122 1103/77/5 1168/85/138
f 1101/79/137 1168/85/138 1103/77/5
f 1166/114/122 1107/112/155 1103/77/5
f 1159/111/645 1107/112/155 1166/114/122
f 1162/108/173 1148/62/174 1156/67/177
f 1144/104/172 1148/62/174 1162/108/173
f 1148/62/174 1150/63/115 1156/67/177
f 1152/55/119 1151/56/101 1170/54/139
f 1152/55/119 1115/53/140 1114/124/143
f 1152/55/119 1170/54/139 1115/53/140
f 1171/57/100 1172/58/147 1170/54/139
f 1171/57/100 1170/54/139 1151/56/101
f 1170/54/139 1172/58/147 1119/52/150
f 1115/53/140 1170/54/139 1117/51/141
f 1170/54/139 1119/52/150 1117/51/141
f 1147/115/146 1174/116/149 1172/117/147
f 1147/115/146 1172/117/147 1171/57/100
f 1173/42/148 1119/125/150 1172/117/147
f 1173/42/148 1172/117/147 1174/116/149
f 1175/103/163 1174/116/149 1147/115/146
f 1176/38/161 1174/116/149 1175/103/163
f 1176/38/161 1173/42/148 1174/116/149
f 1126/35/160 1124/39/182 1176/38/161
f 1126/35/160 1176/38/161 1136/37/159
f 1176/38/161 1122/40/107 1173/42/148
f 1176/38/161 1124/39/182 1122/40/107
f 1136/37/159 1176/38/161 1175/103/163
f 1140/101/162 1175/103/163 1143/102/165
f 1175/103/163 1147/115/146 1143/102/165
f 1136/37/159 1175/103/163 1140/101/162
f 1173/42/148 1122/40/107 1120/43/108
f 1173/42/148 1120/43/108 1119/125/150
f 1146/59/99 1147/115/146 1171/57/100
f 1146/59/99 1171/57/100 1151/56/101
f 1139/94/96 1138/97/97 1142/105/98
f 1133/89/134 1134/93/153 1139/94/96
f 1128/31/158 1126/35/160 1136/37/159
f 1098/81/130 1096/28/129 1132/88/132
f 1130/119/95 1132/88/132 1096/28/129
f 1095/27/93 1130/119/95 1096/28/129
f 1178/1/187 1183/2/188 1177/3/189
f 1178/1/187 1177/3/189 1179/4/190
f 1180/5/5 1179/6/190 1177/7/189
f 1180/5/5 1177/7/189 1181/8/191
f 1177/9/189 1182/10/192 1181/11/191
f 1177/9/189 1183/12/188 1182/10/192
f 1178/1/187 1184/13/193 1183/2/188
f 1184/14/193 1182/10/192 1183/12/188
f 1178/1/187 1185/15/194 1184/13/193
f 1185/15/194 1186/16/195 1184/13/193
f 1186/17/195 1187/18/196 1184/14/193
f 1184/14/193 1187/18/196 1182/10/192
f 1186/17/195 1188/19/199 1187/18/196
f 1188/19/199 1189/20/198 1187/18/196
f 1187/18/196 1189/20/198 1190/21/197
f 1187/18/196 1190/21/197 1182/10/192
f 1190/21/197 1193/22/204 1191/23/207
f 1190/21/197 1191/23/207 1192/24/209
f 1182/10/192 1190/21/197 1192/24/209
f 1190/21/197 1194/25/200 1193/22/204
f 1190/21/197 1189/20/198 1194/25/200
f 1197/26/201 1194/25/200 1189/20/198
f 1197/26/201 1195/27/202 1194/25/200
f 1195/27/202 1196/28/203 1194/25/200
f 1193/22/204 1194/25/200 1196/28/203
f 1188/19/199 1197/26/201 1189/20/198
f 1188/19/199 1198/29/226 1197/26/201
f 1197/26/201 1198/29/226 1199/30/228
f 1197/26/201 1199/30/228 1195/27/202
f 1201/31/229 1200/32/230 1199/33/228
f 1195/27/202 1199/30/228 1200/34/230
f 1202/35/227 1199/33/228 1198/36/226
f 1201/31/229 1199/33/228 1202/35/227
f 1201/31/229 1202/35/227 1203/37/237
f 1202/35/227 1204/38/277 1203/37/237
f 1202/35/227 1205/39/225 1204/38/277
f 1202/35/227 1198/36/226 1205/39/225
f 1204/38/277 1205/39/225 1207/40/223
f 1205/39/225 1198/36/226 1206/41/224
f 1205/39/225 1206/41/224 1207/40/223
f 1204/38/277 1207/40/223 1208/42/275
f 1208/42/275 1207/40/223 1209/43/221
f 1207/40/223 1206/41/224 1210/44/222
f 1207/40/223 1210/44/222 1209/43/221
f 1211/45/219 1209/46/221 1210/47/222
f 1211/45/219 1210/47/222 1186/16/195
f 1210/48/222 1188/19/199 1186/17/195
f 1210/48/222 1206/49/224 1188/19/199
f 1185/15/194 1211/45/219 1186/16/195
f 1212/50/217 1214/51/218 1211/45/219
f 1212/50/217 1211/45/219 1185/15/194
f 1213/52/220 1209/46/221 1211/45/219
f 1213/52/220 1211/45/219 1214/51/218
f 1215/53/216 1216/54/271 1214/51/218
f 1215/53/216 1214/51/218 1212/50/217
f 1216/54/271 1213/52/220 1214/51/218
f 1217/55/254 1220/56/253 1216/54/271
f 1217/55/254 1216/54/271 1215/53/216
f 1218/57/272 1219/58/273 1216/54/271
f 1218/57/272 1216/54/271 1220/56/253
f 1216/54/271 1219/58/273 1213/52/220
f 1221/59/249 1218/57/272 1220/56/253
f 1222/60/250 1221/59/249 1220/56/253
f 1222/60/250 1220/56/253 1217/55/254
f 1222/60/250 1217/55/254 1224/61/252
f 1223/62/247 1222/60/250 1226/63/251
f 1225/64/246 1222/60/250 1223/62/247
f 1222/60/250 1224/61/252 1226/63/251
f 1225/64/246 1221/59/249 1222/60/250
f 1226/63/251 1224/61/252 1227/65/255
f 1226/63/251 1227/65/255 1229/66/256
f 1228/67/257 1226/63/251 1229/66/256
f 1223/62/247 1226/63/251 1228/67/257
f 1232/68/5 1229/66/256 1227/65/255
f 1228/67/257 1229/66/256 1230/69/258
f 1231/70/211 1230/69/258 1229/66/256
f 1231/70/211 1229/66/256 1232/68/5
f 1234/71/5 1232/68/5 1233/72/212
f 1232/68/5 1227/65/255 1233/72/212
f 1231/70/211 1232/68/5 1234/71/5
f 1234/71/5 1235/73/213 1179/6/190
f 1234/71/5 1179/6/190 1180/5/5
f 1236/74/5 1234/71/5 1180/5/5
f 1234/71/5 1233/72/212 1235/73/213
f 1231/70/211 1234/71/5 1236/74/5
f 1238/77/5 1236/74/5 1237/75/5
f 1236/74/5 1180/5/5 1237/75/5
f 1239/112/210 1236/74/5 1238/77/5
f 1239/112/210 1231/70/211 1236/74/5
f 1242/111/260 1240/110/259 1239/112/210
f 1240/110/259 1231/70/211 1239/112/210
f 1241/114/268 1239/112/210 1238/77/5
f 1242/111/260 1239/112/210 1241/114/268
f 1243/90/266 1244/107/261 1242/111/260
f 1243/90/266 1242/111/260 1241/113/268
f 1244/107/261 1240/110/259 1242/111/260
f 1246/91/265 1245/106/263 1244/107/261
f 1245/106/263 1247/109/262 1244/107/261
f 1246/91/265 1244/107/261 1243/90/266
f 1244/107/261 1247/109/262 1240/110/259
f 1240/110/259 1247/109/262 1228/67/257
f 1245/106/263 1248/108/264 1247/109/262
f 1248/108/264 1228/67/257 1247/109/262
f 1245/106/263 1249/104/244 1248/108/264
f 1248/108/264 1223/62/247 1228/67/257
f 1249/104/244 1223/62/247 1248/108/264
f 1249/104/244 1225/64/246 1223/62/247
f 1250/99/241 1225/64/246 1249/104/244
f 1251/105/243 1250/99/241 1249/104/244
f 1245/106/263 1251/105/243 1249/104/244
f 1246/91/265 1252/94/239 1251/105/243
f 1252/94/239 1253/97/240 1251/105/243
f 1246/91/265 1251/105/243 1245/106/263
f 1251/105/243 1253/97/240 1250/99/241
f 1252/94/239 1254/96/238 1253/97/240
f 1254/98/238 1250/99/241 1253/97/240
f 1254/98/238 1255/100/236 1203/37/237
f 1256/93/235 1255/95/236 1254/96/238
f 1256/93/235 1254/96/238 1252/94/239
f 1254/98/238 1257/101/242 1250/99/241
f 1254/98/238 1203/37/237 1257/101/242
f 1257/101/242 1258/102/245 1250/99/241
f 1257/101/242 1259/103/276 1258/102/245
f 1203/37/237 1259/103/276 1257/101/242
f 1259/103/276 1260/115/248 1258/102/245
f 1259/103/276 1261/116/274 1260/115/248
f 1203/37/237 1204/38/277 1259/103/276
f 1204/38/277 1261/116/274 1259/103/276
f 1204/38/277 1208/42/275 1261/116/274
f 1208/42/275 1219/117/273 1261/116/274
f 1260/115/248 1261/116/274 1219/117/273
f 1225/64/246 1258/102/245 1260/115/248
f 1221/59/249 1260/115/248 1218/57/272
f 1260/115/248 1219/117/273 1218/57/272
f 1225/64/246 1260/115/248 1221/59/249
f 1250/99/241 1258/102/245 1225/64/246
f 1262/89/234 1256/93/235 1252/94/239
f 1263/92/232 1256/93/235 1262/89/234
f 1263/92/232 1255/95/236 1256/93/235
f 1200/34/230 1201/118/229 1263/92/232
f 1200/34/230 1263/92/232 1264/119/231
f 1264/119/231 1263/92/232 1265/88/233
f 1263/92/232 1262/89/234 1265/88/233
f 1263/92/232 1201/118/229 1255/95/236
f 1264/119/231 1265/88/233 1196/28/203
f 1266/81/205 1196/28/203 1265/88/233
f 1267/84/270 1265/88/233 1262/89/234
f 1266/81/205 1265/88/233 1267/84/270
f 1266/81/205 1267/84/270 1268/82/208
f 1268/82/208 1267/84/270 1269/86/267
f 1267/84/270 1262/89/234 1269/86/267
f 1262/89/234 1243/90/266 1269/86/267
f 1269/86/267 1243/90/266 1241/113/268
f 1269/86/267 1241/113/268 1270/87/269
f 1268/82/208 1269/86/267 1270/87/269
f 1241/114/268 1238/77/5 1270/85/269
f 1268/79/208 1270/85/269 1238/77/5
f 1271/78/206 1268/79/208 1272/76/5
f 1266/81/205 1268/82/208 1271/83/206
f 1268/79/208 1238/77/5 1272/76/5
f 1271/78/206 1272/76/5 1191/80/207
f 1191/80/207 1272/76/5 1237/75/5
f 1238/77/5 1237/75/5 1272/76/5
f 1193/22/204 1266/81/205 1271/83/206
f 1193/22/204 1271/83/206 1191/23/207
f 1193/22/204 1196/28/203 1266/81/205
f 1195/27/202 1264/119/231 1196/28/203
f 1195/27/202 1200/34/230 1264/119/231
f 1262/89/234 1246/91/265 1243/90/266
f 1262/89/234 1252/94/239 1246/91/265
f 1201/31/229 1203/37/237 1255/100/236
f 1240/110/259 1228/67/257 1230/69/258
f 1240/110/259 1230/69/258 1231/70/211
f 1237/75/5 1180/5/5 1181/8/191
f 1191/80/207 1237/75/5 1192/120/209
f 1237/75/5 1181/8/191 1192/120/209
f 1273/121/214 1179/4/190 1235/122/213
f 1233/123/212 1273/121/214 1235/122/213
f 1273/121/214 1178/1/187 1179/4/190
f 1233/123/212 1274/124/215 1273/121/214
f 1215/53/216 1273/121/214 1274/124/215
f 1215/53/216 1212/50/217 1273/121/214
f 1212/50/217 1178/1/187 1273/121/214
f 1217/55/254 1215/53/216 1274/124/215
f 1217/55/254 1274/124/215 1224/61/252
f 1227/65/255 1224/61/252 1274/124/215
f 1227/65/255 1274/124/215 1233/123/212
f 1208/42/275 1213/125/220 1219/117/273
f 1208/42/275 1209/43/221 1213/125/220
f 1212/50/217 1185/15/194 1178/1/187
f 1188/19/199 1206/49/224 1198/29/226
f 1182/10/192 1192/24/209 1181/11/191
f 1276/1/1 1281/2/2 1275/3/3
f 1276/1/1 1275/3/3 1277/4/4
f 1278/5/5 1277/6/4 1275/7/3
f 1278/5/5 1275/7/3 1279/8/6
f 1275/9/3 1280/10/7 1279/11/6
f 1275/9/3 1281/12/2 1280/10/7
f 1276/1/1 1282/13/8 1281/2/2
f 1282/14/8 1280/10/7 1281/12/2
f 1276/1/1 1283/15/9 1282/13/8
f 1283/15/9 1284/16/10 1282/13/8
f 1284/17/10 1285/18/11 1282/14/8
f 1282/14/8 1285/18/11 1280/10/7
f 1285/18/11 1288/20/13 1286/21/14
f 1285/18/11 1286/21/14 1280/10/7
f 1284/17/10 1287/19/12 1285/18/11
f 1287/19/12 1288/20/13 1285/18/11
f 1286/21/14 1288/20/13 1290/25/18
f 1287/19/12 1289/26/184 1288/20/13
f 1289/26/184 1290/25/18 1288/20/13
f 1286/21/14 1290/25/18 1291/22/15
f 1291/22/15 1290/25/18 1293/28/21
f 1289/26/184 1292/27/20 1290/25/18
f 1292/27/20 1293/28/21 1290/25/18
f 1292/27/20 1294/119/90 1293/28/21
f 1294/119/90 1296/88/64 1293/28/21
f 1291/22/15 1293/28/21 1295/81/60
f 1295/81/60 1293/28/21 1296/88/64
f 1297/84/61 1296/88/64 1299/89/185
f 1295/81/60 1296/88/64 1297/84/61
f 1294/119/90 1298/92/68 1296/88/64
f 1298/92/68 1299/89/185 1296/88/64
f 1297/84/61 1299/89/185 1300/86/63
f 1299/89/185 1301/90/66 1300/86/63
f 1299/89/185 1302/91/67 1301/90/66
f 1298/92/68 1304/93/69 1299/89/185
f 1299/89/185 1303/94/70 1302/91/67
f 1299/89/185 1304/93/69 1303/94/70
f 1304/93/69 1305/95/71 1306/96/72
f 1298/92/68 1305/95/71 1304/93/69
f 1304/93/69 1306/96/72 1303/94/70
f 1306/98/72 1305/100/71 1308/37/27
f 1303/94/70 1306/96/72 1310/97/73
f 1306/98/72 1307/101/75 1309/99/74
f 1306/98/72 1308/37/27 1307/101/75
f 1306/98/72 1309/99/74 1310/97/73
f 1303/94/70 1310/97/73 1311/105/79
f 1311/105/79 1310/97/73 1309/99/74
f 1302/91/67 1303/94/70 1311/105/79
f 1302/91/67 1311/105/79 1312/106/186
f 1312/106/186 1311/105/79 1313/104/78
f 1311/105/79 1309/99/74 1313/104/78
f 1313/104/78 1315/62/48 1314/108/82
f 1312/106/186 1313/104/78 1314/108/82
f 1313/104/78 1316/64/50 1315/62/48
f 1309/99/74 1316/64/50 1313/104/78
f 1316/64/50 1317/60/46 1315/62/48
f 1316/64/50 1319/59/45 1317/60/46
f 1309/99/74 1318/102/76 1316/64/50
f 1316/64/50 1318/102/76 1320/115/88
f 1316/64/50 1320/115/88 1319/59/45
f 1323/103/77 1320/115/88 1318/102/76
f 1319/59/45 1320/115/88 1321/57/43
f 1320/115/88 1322/117/44 1321/57/43
f 1320/115/88 1324/116/89 1322/117/44
f 1323/103/77 1324/116/89 1320/115/88
f 1326/38/28 1324/116/89 1323/103/77
f 1326/38/28 1325/42/32 1324/116/89
f 1325/42/32 1322/117/44 1324/116/89
f 1307/101/75 1308/37/27 1326/38/28
f 1307/101/75 1326/38/28 1323/103/77
f 1327/35/26 1326/38/28 1308/37/27
f 1327/35/26 1329/39/29 1326/38/28
f 1326/38/28 1328/40/30 1325/42/32
f 1326/38/28 1329/39/29 1328/40/30
f 1329/39/29 1331/36/22 1330/41/31
f 1329/39/29 1330/41/31 1328/40/30
f 1327/35/26 1331/36/22 1329/39/29
f 1287/19/12 1330/49/31 1331/29/22
f 1327/35/26 1332/33/23 1331/36/22
f 1287/19/12 1331/29/22 1289/26/184
f 1289/26/184 1331/29/22 1332/30/23
f 1334/31/24 1333/32/25 1332/33/23
f 1292/27/20 1332/30/23 1333/34/25
f 1334/31/24 1332/33/23 1327/35/26
f 1289/26/184 1332/30/23 1292/27/20
f 1333/34/25 1334/118/24 1298/92/68
f 1298/92/68 1334/118/24 1305/95/71
f 1334/31/24 1308/37/27 1305/100/71
f 1334/31/24 1327/35/26 1308/37/27
f 1292/27/20 1333/34/25 1294/119/90
f 1333/34/25 1298/92/68 1294/119/90
f 1335/48/34 1330/49/31 1287/19/12
f 1328/40/30 1330/41/31 1335/44/34
f 1336/45/35 1337/46/33 1335/47/34
f 1336/45/35 1335/47/34 1284/16/10
f 1335/48/34 1287/19/12 1284/17/10
f 1328/40/30 1335/44/34 1337/43/33
f 1338/52/38 1337/46/33 1336/45/35
f 1325/42/32 1337/43/33 1338/125/38
f 1325/42/32 1328/40/30 1337/43/33
f 1339/54/40 1322/58/44 1338/52/38
f 1325/42/32 1338/125/38 1322/117/44
f 1339/54/40 1338/52/38 1340/51/37
f 1338/52/38 1336/45/35 1340/51/37
f 1341/53/39 1339/54/40 1340/51/37
f 1341/53/39 1340/51/37 1342/50/36
f 1342/50/36 1340/51/37 1336/45/35
f 1341/53/39 1342/50/36 1343/121/91
f 1342/50/36 1276/1/1 1343/121/91
f 1342/50/36 1283/15/9 1276/1/1
f 1342/50/36 1336/45/35 1283/15/9
f 1346/123/56 1344/124/92 1343/121/91
f 1341/53/39 1343/121/91 1344/124/92
f 1343/121/91 1276/1/1 1277/4/4
f 1343/121/91 1277/4/4 1345/122/57
f 1346/123/56 1343/121/91 1345/122/57
f 1349/71/5 1346/72/56 1345/73/57
f 1349/71/5 1347/68/5 1346/72/56
f 1347/68/5 1348/65/51 1346/72/56
f 1348/65/51 1344/124/92 1346/123/56
f 1349/71/5 1345/73/57 1277/6/4
f 1349/71/5 1277/6/4 1278/5/5
f 1350/74/5 1349/71/5 1278/5/5
f 1351/70/55 1349/71/5 1350/74/5
f 1351/70/55 1347/68/5 1349/71/5
f 1351/70/55 1352/66/52 1347/68/5
f 1351/70/55 1353/69/54 1352/66/52
f 1354/110/84 1353/69/54 1351/70/55
f 1354/110/84 1351/70/55 1356/112/86
f 1355/77/5 1356/112/86 1351/70/55
f 1355/77/5 1351/70/55 1350/74/5
f 1358/111/644 1354/110/84 1356/112/86
f 1357/114/87 1356/112/86 1355/77/5
f 1358/111/644 1356/112/86 1357/114/87
f 1301/90/66 1359/107/81 1358/111/644
f 1301/90/66 1358/111/644 1357/113/87
f 1359/107/81 1354/110/84 1358/111/644
f 1302/91/67 1312/106/186 1359/107/81
f 1302/91/67 1359/107/81 1301/90/66
f 1359/107/81 1360/109/83 1354/110/84
f 1312/106/186 1360/109/83 1359/107/81
f 1354/110/84 1360/109/83 1361/67/53
f 1312/106/186 1314/108/82 1360/109/83
f 1314/108/82 1361/67/53 1360/109/83
f 1361/67/53 1362/63/49 1352/66/52
f 1361/67/53 1352/66/52 1353/69/54
f 1354/110/84 1361/67/53 1353/69/54
f 1314/108/82 1315/62/48 1361/67/53
f 1315/62/48 1362/63/49 1361/67/53
f 1362/63/49 1348/65/51 1352/66/52
f 1315/62/48 1317/60/46 1362/63/49
f 1317/60/46 1363/61/47 1362/63/49
f 1362/63/49 1363/61/47 1348/65/51
f 1317/60/46 1364/55/41 1363/61/47
f 1364/55/41 1344/124/92 1363/61/47
f 1348/65/51 1363/61/47 1344/124/92
f 1364/55/41 1365/56/42 1339/54/40
f 1317/60/46 1365/56/42 1364/55/41
f 1364/55/41 1341/53/39 1344/124/92
f 1364/55/41 1339/54/40 1341/53/39
f 1317/60/46 1319/59/45 1365/56/42
f 1319/59/45 1321/57/43 1365/56/42
f 1321/57/43 1339/54/40 1365/56/42
f 1300/86/63 1301/90/66 1357/113/87
f 1300/86/63 1357/113/87 1366/87/62
f 1357/114/87 1355/77/5 1366/85/62
f 1367/79/59 1366/85/62 1355/77/5
f 1367/82/59 1300/86/63 1366/87/62
f 1368/78/58 1367/79/59 1369/76/5
f 1295/81/60 1367/82/59 1368/83/58
f 1295/81/60 1297/84/61 1367/82/59
f 1367/82/59 1297/84/61 1300/86/63
f 1367/79/59 1355/77/5 1369/76/5
f 1355/77/5 1370/75/5 1369/76/5
f 1371/80/16 1369/76/5 1370/75/5
f 1368/78/58 1369/76/5 1371/80/16
f 1286/21/14 1291/22/15 1371/23/16
f 1291/22/15 1368/83/58 1371/23/16
f 1286/21/14 1371/23/16 1372/24/17
f 1371/80/16 1370/75/5 1372/120/17
f 1370/75/5 1279/8/6 1372/120/17
f 1280/10/7 1372/24/17 1279/11/6
f 1280/10/7 1286/21/14 1372/24/17
f 1355/77/5 1350/74/5 1370/75/5
f 1350/74/5 1278/5/5 1370/75/5
f 1370/75/5 1278/5/5 1279/8/6
f 1291/22/15 1295/81/60 1368/83/58
f 1347/68/5 1352/66/52 1348/65/51
f 1321/57/43 1322/58/44 1339/54/40
f 1283/15/9 1336/45/35 1284/16/10
f 1309/99/74 1307/101/75 1323/103/77
f 1309/99/74 1323/103/77 1318/102/76
f 1374/1/647 1379/2/648 1373/3/649
f 1374/1/647 1373/3/649 1375/4/650
f 1376/5/5 1375/6/650 1373/7/649
f 1376/5/5 1373/7/649 1377/8/651
f 1373/9/649 1378/10/652 1377/11/651
f 1373/9/649 1379/12/648 1378/10/652
f 1374/1/647 1380/13/653 1379/2/648
f 1380/14/653 1378/10/652 1379/12/648
f 1374/1/647 1381/15/654 1380/13/653
f 1381/15/654 1382/16/655 1380/13/653
f 1382/17/655 1383/18/656 1380/14/653
f 1380/14/653 1383/18/656 1378/10/652
f 1383/18/656 1384/21/657 1378/10/652
f 1383/18/656 1386/20/658 1384/21/657
f 1382/17/655 1385/19/659 1383/18/656
f 1385/19/659 1386/20/658 1383/18/656
f 1384/21/657 1386/20/658 1388/25/660
f 1385/19/659 1387/26/661 1386/20/658
f 1387/26/661 1388/25/660 1386/20/658
f 1384/21/657 1388/25/660 1389/22/662
f 1389/22/662 1388/25/660 1391/28/663
f 1387/26/661 1390/27/664 1388/25/660
f 1390/27/664 1391/28/663 1388/25/660
f 1390/27/664 1392/119/665 1391/28/663
f 1392/119/665 1394/88/666 1391/28/663
f 1389/22/662 1391/28/663 1393/81/667
f 1393/81/667 1391/28/663 1394/88/666
f 1395/84/668 1394/88/666 1397/89/669
f 1393/81/667 1394/88/666 1395/84/668
f 1392/119/665 1396/92/670 1394/88/666
f 1396/92/670 1397/89/669 1394/88/666
f 1395/84/668 1397/89/669 1398/86/671
f 1397/89/669 1399/90/672 1398/86/671
f 1397/89/669 1400/91/673 1399/90/672
f 1396/92/670 1402/93/674 1397/89/669
f 1397/89/669 1401/94/675 1400/91/673
f 1397/89/669 1402/93/674 1401/94/675
f 1396/92/670 1403/95/676 1402/93/674
f 1402/93/674 1403/95/676 1404/96/677
f 1402/93/674 1404/96/677 1401/94/675
f 1401/94/675 1404/96/677 1405/97/678
f 1404/98/677 1408/99/679 1405/97/678
f 1404/98/677 1403/100/676 1407/37/680
f 1404/98/677 1406/101/681 1408/99/679
f 1404/98/677 1407/37/680 1406/101/681
f 1409/105/682 1405/97/678 1408/99/679
f 1409/105/682 1408/99/679 1411/104/683
f 1406/101/681 1410/102/684 1408/99/679
f 1408/99/679 1410/102/684 1412/64/685
f 1408/99/679 1412/64/685 1411/104/683
f 1411/104/683 1412/64/685 1413/62/686
f 1412/64/685 1414/60/687 1413/62/686
f 1412/64/685 1415/59/688 1414/60/687
f 1412/64/685 1410/102/684 1416/115/689
f 1412/64/685 1416/115/689 1415/59/688
f 1419/103/690 1416/115/689 1410/102/684
f 1415/59/688 1416/115/689 1417/57/691
f 1416/115/689 1418/117/692 1417/57/691
f 1416/115/689 1420/116/693 1418/117/692
f 1419/103/690 1420/116/693 1416/115/689
f 1422/38/694 1420/116/693 1419/103/690
f 1422/38/694 1421/42/695 1420/116/693
f 1421/42/695 1418/117/692 1420/116/693
f 1407/37/680 1422/38/694 1419/103/690
f 1423/35/696 1422/38/694 1407/37/680
f 1423/35/696 1425/39/697 1422/38/694
f 1422/38/694 1424/40/698 1421/42/695
f 1422/38/694 1425/39/697 1424/40/698
f 1423/35/696 1426/36/699 1425/39/697
f 1425/39/697 1426/36/699 1427/41/700
f 1425/39/697 1427/41/700 1424/40/698
f 1428/48/701 1427/49/700 1385/19/659
f 1424/40/698 1427/41/700 1428/44/701
f 1385/19/659 1427/49/700 1426/29/699
f 1429/45/702 1430/46/703 1428/47/701
f 1429/45/702 1428/47/701 1382/16/655
f 1428/48/701 1385/19/659 1382/17/655
f 1424/40/698 1428/44/701 1430/43/703
f 1431/52/704 1430/46/703 1429/45/702
f 1421/42/695 1430/43/703 1431/125/704
f 1421/42/695 1424/40/698 1430/43/703
f 1421/42/695 1431/125/704 1418/117/692
f 1432/54/705 1418/58/692 1431/52/704
f 1432/54/705 1431/52/704 1433/51/706
f 1431/52/704 1429/45/702 1433/51/706
f 1434/53/707 1432/54/705 1433/51/706
f 1435/50/708 1433/51/706 1429/45/702
f 1434/53/707 1433/51/706 1435/50/708
f 1434/53/707 1435/50/708 1436/121/709
f 1435/50/708 1374/1/647 1436/121/709
f 1435/50/708 1381/15/654 1374/1/647
f 1435/50/708 1429/45/702 1381/15/654
f 1439/123/710 1437/124/711 1436/121/709
f 1434/53/707 1436/121/709 1437/124/711
f 1436/121/709 1374/1/647 1375/4/650
f 1436/121/709 1375/4/650 1438/122/712
f 1439/123/710 1436/121/709 1438/122/712
f 1442/71/5 1439/72/710 1438/73/712
f 1442/71/5 1440/68/5 1439/72/710
f 1440/68/5 1441/65/713 1439/72/710
f 1441/65/713 1437/124/711 1439/123/710
f 1443/70/714 1440/68/5 1442/71/5
f 1443/70/714 1442/71/5 1444/74/5
f 1442/71/5 1438/73/712 1375/6/650
f 1442/71/5 1375/6/650 1376/5/5
f 1444/74/5 1442/71/5 1376/5/5
f 1445/76/5 1447/77/5 1444/74/5
f 1445/76/5 1444/74/5 1446/75/5
f 1444/74/5 1376/5/5 1446/75/5
f 1447/77/5 1443/70/714 1444/74/5
f 1448/79/715 1451/85/716 1447/77/5
f 1448/79/715 1447/77/5 1445/76/5
f 1449/114/717 1450/112/718 1447/77/5
f 1449/114/717 1447/77/5 1451/85/716
f 1447/77/5 1450/112/718 1443/70/714
f 1398/86/671 1449/113/717 1451/87/716
f 1448/82/715 1398/86/671 1451/87/716
f 1452/111/719 1453/110/720 1450/112/718
f 1452/111/719 1450/112/718 1449/114/717
f 1453/110/720 1443/70/714 1450/112/718
f 1454/107/721 1453/110/720 1452/111/719
f 1454/107/721 1457/109/722 1453/110/720
f 1453/110/720 1455/69/723 1443/70/714
f 1453/110/720 1456/67/724 1455/69/723
f 1453/110/720 1457/109/722 1456/67/724
f 1459/106/725 1458/108/726 1457/109/722
f 1458/108/726 1456/67/724 1457/109/722
f 1459/106/725 1457/109/722 1454/107/721
f 1459/106/725 1409/105/682 1411/104/683
f 1400/91/673 1409/105/682 1459/106/725
f 1400/91/673 1459/106/725 1454/107/721
f 1459/106/725 1411/104/683 1458/108/726
f 1458/108/726 1413/62/686 1456/67/724
f 1411/104/683 1413/62/686 1458/108/726
f 1413/62/686 1460/63/727 1456/67/724
f 1456/67/724 1460/63/727 1461/66/728
f 1456/67/724 1461/66/728 1455/69/723
f 1460/63/727 1441/65/713 1461/66/728
f 1443/70/714 1455/69/723 1461/66/728
f 1443/70/714 1461/66/728 1440/68/5
f 1440/68/5 1461/66/728 1441/65/713
f 1413/62/686 1414/60/687 1460/63/727
f 1414/60/687 1462/61/729 1460/63/727
f 1460/63/727 1462/61/729 1441/65/713
f 1414/60/687 1463/55/730 1462/61/729
f 1463/55/730 1437/124/711 1462/61/729
f 1441/65/713 1462/61/729 1437/124/711
f 1463/55/730 1464/56/731 1432/54/705
f 1414/60/687 1464/56/731 1463/55/730
f 1463/55/730 1434/53/707 1437/124/711
f 1463/55/730 1432/54/705 1434/53/707
f 1414/60/687 1415/59/688 1464/56/731
f 1415/59/688 1417/57/691 1464/56/731
f 1417/57/691 1432/54/705 1464/56/731
f 1399/90/672 1454/107/721 1452/111/719
f 1400/91/673 1454/107/721 1399/90/672
f 1399/90/672 1452/111/719 1449/113/717
f 1398/86/671 1399/90/672 1449/113/717
f 1448/82/715 1395/84/668 1398/86/671
f 1465/78/732 1448/79/715 1445/76/5
f 1393/81/667 1395/84/668 1448/82/715
f 1393/81/667 1448/82/715 1465/83/732
f 1389/22/662 1393/81/667 1465/83/732
f 1389/22/662 1465/83/732 1466/23/733
f 1465/78/732 1445/76/5 1466/80/733
f 1384/21/657 1389/22/662 1466/23/733
f 1466/80/733 1445/76/5 1446/75/5
f 1384/21/657 1466/23/733 1467/24/734
f 1466/80/733 1446/75/5 1467/120/734
f 1446/75/5 1377/8/651 1467/120/734
f 1378/10/652 1467/24/734 1377/11/651
f 1378/10/652 1384/21/657 1467/24/734
f 1446/75/5 1376/5/5 1377/8/651
f 1417/57/691 1418/58/692 1432/54/705
f 1381/15/654 1429/45/702 1382/16/655
f 1423/35/696 1468/33/735 1426/36/699
f 1385/19/659 1426/29/699 1387/26/661
f 1387/26/661 1426/29/699 1468/30/735
f 1469/31/736 1470/32/737 1468/33/735
f 1469/31/736 1468/33/735 1423/35/696
f 1387/26/661 1468/30/735 1390/27/664
f 1390/27/664 1468/30/735 1470/34/737
f 1390/27/664 1470/34/737 1392/119/665
f 1470/34/737 1396/92/670 1392/119/665
f 1470/34/737 1469/118/736 1396/92/670
f 1396/92/670 1469/118/736 1403/95/676
f 1469/31/736 1407/37/680 1403/100/676
f 1469/31/736 1423/35/696 1407/37/680
f 1406/101/681 1419/103/690 1410/102/684
f 1407/37/680 1419/103/690 1406/101/681
f 1400/91/673 1401/94/675 1409/105/682
f 1401/94/675 1405/97/678 1409/105/682
f 1472/1/109 1477/2/113 1471/3/110
f 1472/1/109 1471/3/110 1473/4/111
f 1474/5/5 1473/6/111 1471/7/110
f 1474/5/5 1471/7/110 1475/8/151
f 1471/9/110 1476/10/170 1475/11/151
f 1471/9/110 1477/12/113 1476/10/170
f 1472/1/109 1478/13/112 1477/2/113
f 1478/14/112 1476/10/170 1477/12/113
f 1472/1/109 1479/15/114 1478/13/112
f 1479/15/114 1480/16/104 1478/13/112
f 1480/17/104 1481/18/166 1478/14/112
f 1478/14/112 1481/18/166 1476/10/170
f 1481/18/166 1482/21/171 1476/10/170
f 1481/18/166 1484/20/168 1482/21/171
f 1480/17/104 1483/19/167 1481/18/166
f 1483/19/167 1484/20/168 1481/18/166
f 1482/21/171 1484/20/168 1486/25/131
f 1483/19/167 1485/26/169 1484/20/168
f 1485/26/169 1486/25/131 1484/20/168
f 1485/26/169 1487/27/93 1486/25/131
f 1487/27/93 1488/28/129 1486/25/131
f 1489/22/126 1486/25/131 1488/28/129
f 1482/21/171 1486/25/131 1489/22/126
f 1489/22/126 1488/28/129 1490/81/130
f 1489/22/126 1490/81/130 1492/83/127
f 1482/21/171 1489/22/126 1491/23/128
f 1489/22/126 1492/83/127 1491/23/128
f 1492/78/127 1494/76/5 1491/80/128
f 1490/81/130 1493/82/137 1492/83/127
f 1492/78/127 1493/79/137 1494/76/5
f 1493/79/137 1495/77/5 1494/76/5
f 1495/77/5 1496/75/5 1494/76/5
f 1491/80/128 1494/76/5 1496/75/5
f 1496/75/5 1474/5/5 1475/8/151
f 1496/75/5 1475/8/151 1498/120/157
f 1495/77/5 1497/74/5 1496/75/5
f 1497/74/5 1474/5/5 1496/75/5
f 1491/80/128 1496/75/5 1498/120/157
f 1482/21/171 1491/23/128 1498/24/157
f 1476/10/170 1498/24/157 1475/11/151
f 1476/10/170 1482/21/171 1498/24/157
f 1499/112/155 1497/74/5 1495/77/5
f 1499/112/155 1500/70/156 1497/74/5
f 1500/70/156 1501/71/5 1497/74/5
f 1497/74/5 1501/71/5 1474/5/5
f 1501/71/5 1503/68/5 1502/72/106
f 1501/71/5 1502/72/106 1504/73/145
f 1500/70/156 1503/68/5 1501/71/5
f 1501/71/5 1504/73/145 1473/6/111
f 1501/71/5 1473/6/111 1474/5/5
f 1505/121/144 1473/4/111 1504/122/145
f 1502/123/106 1505/121/144 1504/122/145
f 1502/123/106 1506/124/143 1505/121/144
f 1507/53/140 1505/121/144 1506/124/143
f 1507/53/140 1508/50/142 1505/121/144
f 1508/50/142 1472/1/109 1505/121/144
f 1505/121/144 1472/1/109 1473/4/111
f 1508/50/142 1509/51/141 1510/45/102
f 1507/53/140 1509/51/141 1508/50/142
f 1508/50/142 1479/15/114 1472/1/109
f 1508/50/142 1510/45/102 1479/15/114
f 1479/15/114 1510/45/102 1480/16/104
f 1511/52/150 1512/46/108 1510/45/102
f 1511/52/150 1510/45/102 1509/51/141
f 1510/45/102 1512/46/108 1513/47/103
f 1510/45/102 1513/47/103 1480/16/104
f 1513/48/103 1483/19/167 1480/17/104
f 1514/40/107 1515/41/183 1513/44/103
f 1514/40/107 1513/44/103 1512/43/108
f 1513/48/103 1515/49/183 1483/19/167
f 1516/39/182 1517/36/181 1515/41/183
f 1516/39/182 1515/41/183 1514/40/107
f 1483/19/167 1515/49/183 1517/29/181
f 1518/35/160 1519/33/180 1517/36/181
f 1518/35/160 1517/36/181 1516/39/182
f 1483/19/167 1517/29/181 1485/26/169
f 1485/26/169 1517/29/181 1519/30/180
f 1520/31/158 1521/32/94 1519/33/180
f 1520/31/158 1519/33/180 1518/35/160
f 1485/26/169 1519/30/180 1487/27/93
f 1487/27/93 1519/30/180 1521/34/94
f 1487/27/93 1521/34/94 1522/119/95
f 1521/34/94 1523/92/133 1522/119/95
f 1521/34/94 1520/118/158 1523/92/133
f 1522/119/95 1523/92/133 1524/88/132
f 1523/92/133 1525/89/134 1524/88/132
f 1523/92/133 1526/93/153 1525/89/134
f 1523/92/133 1527/95/152 1526/93/153
f 1523/92/133 1520/118/158 1527/95/152
f 1520/31/158 1528/37/159 1527/100/152
f 1526/93/153 1527/95/152 1529/96/154
f 1529/98/154 1527/100/152 1528/37/159
f 1531/94/96 1529/96/154 1530/97/97
f 1529/98/154 1533/99/164 1530/97/97
f 1526/93/153 1529/96/154 1531/94/96
f 1529/98/154 1532/101/162 1533/99/164
f 1529/98/154 1528/37/159 1532/101/162
f 1534/105/98 1530/97/97 1533/99/164
f 1534/105/98 1533/99/164 1536/104/172
f 1532/101/162 1535/102/165 1533/99/164
f 1533/99/164 1535/102/165 1537/64/175
f 1533/99/164 1537/64/175 1536/104/172
f 1536/104/172 1537/64/175 1540/62/174
f 1537/64/175 1535/102/165 1539/115/146
f 1537/64/175 1538/59/99 1541/60/117
f 1537/64/175 1539/115/146 1538/59/99
f 1537/64/175 1541/60/117 1540/62/174
f 1540/62/174 1541/60/117 1542/63/115
f 1541/60/117 1545/61/118 1542/63/115
f 1541/60/117 1538/59/99 1543/56/101
f 1541/60/117 1543/56/101 1544/55/119
f 1541/60/117 1544/55/119 1545/61/118
f 1546/65/105 1545/61/118 1506/124/143
f 1542/63/115 1545/61/118 1546/65/105
f 1544/55/119 1506/124/143 1545/61/118
f 1503/68/5 1547/66/116 1546/65/105
f 1503/68/5 1546/65/105 1502/72/106
f 1546/65/105 1506/124/143 1502/123/106
f 1542/63/115 1546/65/105 1547/66/116
f 1548/67/177 1542/63/115 1547/66/116
f 1548/67/177 1547/66/116 1549/69/179
f 1500/70/156 1549/69/179 1547/66/116
f 1500/70/156 1547/66/116 1503/68/5
f 1550/110/178 1549/69/179 1500/70/156
f 1550/110/178 1548/67/177 1549/69/179
f 1551/111/121 1550/110/178 1499/112/155
f 1552/107/124 1550/110/178 1551/111/121
f 1552/107/124 1553/109/176 1550/110/178
f 1550/110/178 1553/109/176 1548/67/177
f 1550/110/178 1500/70/156 1499/112/155
f 1555/106/125 1554/108/173 1553/109/176
f 1554/108/173 1548/67/177 1553/109/176
f 1555/106/125 1553/109/176 1552/107/124
f 1555/106/125 1534/105/98 1536/104/172
f 1556/91/123 1534/105/98 1555/106/125
f 1556/91/123 1555/106/125 1552/107/124
f 1555/106/125 1536/104/172 1554/108/173
f 1525/89/134 1556/91/123 1557/90/120
f 1525/89/134 1531/94/96 1556/91/123
f 1556/91/123 1531/94/96 1534/105/98
f 1556/91/123 1552/107/124 1557/90/120
f 1559/86/136 1557/90/120 1558/113/122
f 1557/90/120 1551/111/121 1558/113/122
f 1557/90/120 1552/107/124 1551/111/121
f 1525/89/134 1557/90/120 1559/86/136
f 1559/86/136 1558/113/122 1560/87/138
f 1493/82/137 1559/86/136 1560/87/138
f 1493/82/137 1561/84/135 1559/86/136
f 1561/84/135 1525/89/134 1559/86/136
f 1490/81/130 1561/84/135 1493/82/137
f 1490/81/130 1524/88/132 1561/84/135
f 1561/84/135 1524/88/132 1525/89/134
f 1558/114/122 1495/77/5 1560/85/138
f 1493/79/137 1560/85/138 1495/77/5
f 1558/114/122 1499/112/155 1495/77/5
f 1551/111/121 1499/112/155 1558/114/122
f 1554/108/173 1540/62/174 1548/67/177
f 1536/104/172 1540/62/174 1554/108/173
f 1540/62/174 1542/63/115 1548/67/177
f 1544/55/119 1543/56/101 1562/54/139
f 1544/55/119 1507/53/140 1506/124/143
f 1544/55/119 1562/54/139 1507/53/140
f 1563/57/278 1564/58/147 1562/54/139
f 1563/57/278 1562/54/139 1543/56/101
f 1562/54/139 1564/58/147 1511/52/150
f 1507/53/140 1562/54/139 1509/51/141
f 1562/54/139 1511/52/150 1509/51/141
f 1539/115/146 1566/116/149 1564/117/147
f 1539/115/146 1564/117/147 1563/57/278
f 1565/42/148 1511/125/150 1564/117/147
f 1565/42/148 1564/117/147 1566/116/149
f 1567/103/163 1566/116/149 1539/115/146
f 1568/38/161 1566/116/149 1567/103/163
f 1568/38/161 1565/42/148 1566/116/149
f 1518/35/160 1516/39/182 1568/38/161
f 1518/35/160 1568/38/161 1528/37/159
f 1568/38/161 1514/40/107 1565/42/148
f 1568/38/161 1516/39/182 1514/40/107
f 1528/37/159 1568/38/161 1567/103/163
f 1532/101/162 1567/103/163 1535/102/165
f 1567/103/163 1539/115/146 1535/102/165
f 1528/37/159 1567/103/163 1532/101/162
f 1565/42/148 1514/40/107 1512/43/108
f 1565/42/148 1512/43/108 1511/125/150
f 1538/59/99 1539/115/146 1563/57/278
f 1538/59/99 1563/57/278 1543/56/101
f 1531/94/96 1530/97/97 1534/105/98
f 1525/89/134 1526/93/153 1531/94/96
f 1520/31/158 1518/35/160 1528/37/159
f 1490/81/130 1488/28/129 1524/88/132
f 1522/119/95 1524/88/132 1488/28/129
f 1487/27/93 1522/119/95 1488/28/129
