# Blender 4.4.3
# www.blender.org
mtllib boss.mtl
o 平面.005
v -2.349406 0.685033 -1.758545
v -2.241019 0.685033 -1.744850
v -2.349406 0.777443 -1.536743
v -2.349406 0.560670 -1.952955
v -2.457791 0.685033 -1.744849
v -2.424063 0.777443 -1.527310
v -2.487355 0.560670 -1.935525
v -2.562012 0.685033 -1.704289
v -2.495852 0.777443 -1.499371
v -2.620003 0.560670 -1.883902
v -2.658063 0.685033 -1.638424
v -2.562013 0.777443 -1.454003
v -2.742253 0.560671 -1.800070
v -2.742252 0.685032 -1.549783
v -2.620003 0.777442 -1.392946
v -2.849405 0.560670 -1.687252
v -2.811345 0.685033 -1.441774
v -2.667595 0.777443 -1.318548
v -2.937343 0.560670 -1.549783
v -2.862685 0.685033 -1.318548
v -2.702958 0.777443 -1.233668
v -3.002687 0.560670 -1.392946
v -2.894300 0.685033 -1.184840
v -2.724735 0.777443 -1.141568
v -3.042925 0.560670 -1.222767
v -2.904975 0.685033 -1.045788
v -2.732089 0.777442 -1.045788
v -3.056512 0.560670 -1.045788
v -2.894300 0.685033 -0.906736
v -2.724735 0.777443 -0.950007
v -3.042925 0.560670 -0.868808
v -2.862685 0.685033 -0.773028
v -2.702959 0.777443 -0.857907
v -3.002687 0.560670 -0.698630
v -2.811345 0.685032 -0.649801
v -2.667595 0.777443 -0.773027
v -2.937343 0.560670 -0.541792
v -2.742253 0.685033 -0.541792
v -2.620003 0.777443 -0.698630
v -2.849405 0.560670 -0.404323
v -2.658063 0.685033 -0.453152
v -2.562013 0.777443 -0.637573
v -2.742253 0.560671 -0.291505
v -2.562013 0.685034 -0.387286
v -2.495852 0.777443 -0.592204
v -2.620003 0.560670 -0.207674
v -2.457792 0.685033 -0.346726
v -2.424063 0.777443 -0.564266
v -2.487355 0.560670 -0.156051
v -2.349406 0.685033 -0.333031
v -2.349406 0.777443 -0.554832
v -2.349406 0.560670 -0.138620
v -2.241019 0.685033 -0.346726
v -2.274748 0.777443 -0.564266
v -2.211456 0.560670 -0.156051
v -2.136798 0.685033 -0.387286
v -2.202959 0.777443 -0.592204
v -2.078808 0.560670 -0.207674
v -2.040748 0.685033 -0.453152
v -2.136798 0.777443 -0.637573
v -1.956558 0.560671 -0.291505
v -1.956559 0.685033 -0.541792
v -2.078808 0.777443 -0.698630
v -1.849406 0.560670 -0.404323
v -1.887466 0.685033 -0.649801
v -2.031216 0.777443 -0.773027
v -1.761468 0.560670 -0.541792
v -1.836126 0.685033 -0.773027
v -1.995852 0.777443 -0.857907
v -1.696124 0.560670 -0.698630
v -1.804511 0.685033 -0.906735
v -1.974076 0.777443 -0.950007
v -1.655886 0.560670 -0.868808
v -1.793836 0.685033 -1.045788
v -1.966722 0.777442 -1.045787
v -1.642299 0.560670 -1.045788
v -1.804511 0.685033 -1.184840
v -1.974076 0.777443 -1.141568
v -1.655886 0.560670 -1.222767
v -1.836126 0.685033 -1.318548
v -1.995852 0.777443 -1.233668
v -1.696124 0.560670 -1.392946
v -1.887466 0.685033 -1.441774
v -2.031216 0.777443 -1.318548
v -1.761468 0.560670 -1.549783
v -1.956558 0.685032 -1.549783
v -2.078808 0.777442 -1.392946
v -1.849406 0.560670 -1.687252
v -2.040748 0.685033 -1.638424
v -2.136798 0.777443 -1.454003
v -1.956558 0.560671 -1.800070
v -2.136798 0.685033 -1.704289
v -2.202959 0.777443 -1.499372
v -2.078808 0.560670 -1.883902
v -2.031216 0.409134 -2.031305
v -2.211456 0.560670 -1.935525
v -2.187194 0.409134 -2.092008
v -2.169166 0.236247 -2.208285
v -2.349406 0.409133 -2.112504
v -2.349406 0.236247 -2.231059
v -2.511617 0.409134 -2.092007
v -2.529645 0.236247 -2.208285
v -2.667595 0.409134 -2.031305
v -2.702958 0.236247 -2.140836
v -2.811345 0.409133 -1.932730
v -2.862685 0.236247 -2.031305
v -2.937343 0.409133 -1.800070
v -3.002687 0.236247 -1.883901
v -3.040746 0.409133 -1.638424
v -3.117583 0.236247 -1.704289
v -3.117583 0.409134 -1.454002
v -3.202958 0.236247 -1.499372
v -3.164898 0.409134 -1.253894
v -3.255532 0.236247 -1.277023
v -3.180875 0.409134 -1.045788
v -3.273284 0.236247 -1.045788
v -3.164898 0.409133 -0.837682
v -3.255532 0.236247 -0.814552
v -3.117583 0.409133 -0.637573
v -3.202959 0.236247 -0.592204
v -3.040747 0.409134 -0.453152
v -3.117583 0.236248 -0.387286
v -2.937343 0.409134 -0.291505
v -3.002687 0.236248 -0.207674
v -2.811345 0.409134 -0.158846
v -2.862685 0.236247 -0.060271
v -2.667595 0.409133 -0.060271
v -2.702959 0.236247 0.049260
v -2.511617 0.409134 0.000432
v -2.529645 0.236247 0.116709
v -2.349406 0.409134 0.020929
v -2.349406 0.236248 0.139484
v -2.187194 0.409134 0.000432
v -2.169166 0.236247 0.116709
v -2.031216 0.409133 -0.060271
v -1.995852 0.236247 0.049261
v -1.887466 0.409134 -0.158845
v -1.836126 0.236247 -0.060270
v -1.761468 0.409134 -0.291505
v -1.696124 0.236248 -0.207674
v -1.658064 0.409134 -0.453152
v -1.581228 0.236248 -0.387286
v -1.581228 0.409133 -0.637573
v -1.495853 0.236247 -0.592204
v -1.533913 0.409133 -0.837682
v -1.443279 0.236247 -0.814552
v -1.517936 0.409134 -1.045787
v -1.425526 0.236247 -1.045788
v -1.533913 0.409134 -1.253894
v -1.443279 0.236247 -1.277023
v -1.581228 0.409134 -1.454002
v -1.495853 0.236247 -1.499372
v -1.658064 0.409133 -1.638424
v -1.581228 0.236247 -1.704289
v -1.761468 0.409133 -1.800070
v -1.696124 0.236247 -1.883902
v -1.887466 0.409134 -1.932730
v -1.836126 0.236247 -2.031306
v -1.804511 0.048654 -2.092008
v -1.995852 0.236247 -2.140836
v -1.974076 0.048654 -2.208285
v -2.158064 0.048654 -2.279889
v -2.349406 0.048654 -2.304066
v -2.540747 0.048655 -2.279888
v -2.724735 0.048654 -2.208284
v -2.894300 0.048654 -2.092007
v -3.042925 0.048654 -1.935524
v -3.164898 0.048654 -1.744850
v -3.255532 0.048654 -1.527310
v -3.311345 0.048654 -1.291266
v -3.330190 0.048654 -1.045788
v -3.311345 0.048654 -0.800310
v -3.255532 0.048654 -0.564266
v -3.164898 0.048654 -0.346726
v -3.042925 0.048654 -0.156051
v -2.894300 0.048654 0.000432
v -2.724735 0.048654 0.116709
v -2.540747 0.048654 0.188312
v -2.349406 0.048654 0.212490
v -2.158064 0.048654 0.188312
v -1.974076 0.048654 0.116709
v -1.804511 0.048654 0.000432
v -1.655886 0.048654 -0.156051
v -1.533913 0.048654 -0.346726
v -1.443279 0.048653 -0.564266
v -1.387466 0.048654 -0.800310
v -1.368621 0.048654 -1.045788
v -1.387466 0.048654 -1.291265
v -1.443279 0.048654 -1.527310
v -1.533913 0.048654 -1.744849
v -1.655886 0.048654 -1.935524
v -2.274748 0.834349 -1.277023
v -2.274748 0.777443 -1.527310
v -2.311345 0.834349 -1.291265
v -2.349406 0.853563 -1.045788
v -2.349406 0.834349 -1.296075
v -2.387466 0.834349 -1.291265
v -2.424063 0.834349 -1.277022
v -2.457792 0.834348 -1.253894
v -2.487355 0.834349 -1.222767
v -2.511617 0.834349 -1.184840
v -2.529645 0.834349 -1.141568
v -2.540747 0.834349 -1.094616
v -2.544496 0.834349 -1.045788
v -2.540747 0.834349 -0.996959
v -2.529645 0.834349 -0.950007
v -2.511617 0.834349 -0.906736
v -2.487355 0.834349 -0.868808
v -2.457792 0.834348 -0.837681
v -2.424063 0.834349 -0.814553
v -2.387466 0.834349 -0.800310
v -2.349406 0.834349 -0.795501
v -2.311345 0.834349 -0.800310
v -2.274748 0.834349 -0.814553
v -2.241019 0.834348 -0.837681
v -2.211456 0.834349 -0.868808
v -2.187194 0.834349 -0.906736
v -2.169166 0.834349 -0.950007
v -2.158064 0.834349 -0.996959
v -2.154315 0.834349 -1.045788
v -2.158064 0.834349 -1.094616
v -2.169166 0.834349 -1.141568
v -2.187194 0.834349 -1.184840
v -2.211456 0.834349 -1.222767
v -2.241019 0.834348 -1.253894
v -3.183564 4.995489 -4.089012
v 3.178457 4.995489 -4.089015
v -4.372494 1.046100 -3.770582
v 4.367384 1.046100 -3.770582
v -4.461707 5.001502 -2.532264
v -5.033895 5.013220 0.204641
v -4.245944 4.994916 2.582270
v -2.423785 5.012718 4.249451
v -0.002555 4.943350 4.885337
v 2.418676 5.012718 4.249453
v 4.240835 4.994916 2.582271
v 5.028788 5.013220 0.204641
v 4.456600 5.001502 -2.532265
v 5.241331 1.040438 -2.537223
v 4.527750 0.943449 0.139254
v 4.659037 1.041624 3.260643
v 2.381472 0.994366 3.788102
v -0.002555 0.970572 5.372372
v -2.386582 0.994366 3.788102
v -4.664147 1.041624 3.260643
v -4.532859 0.943449 0.139254
v -5.246441 1.040438 -2.537223
v -0.002555 10.257280 -2.953996
v 0.539377 10.257280 -2.900620
v -0.002554 10.719330 -2.089561
v -0.002554 9.635467 -3.711677
v -0.544485 10.257280 -2.900617
v -0.375843 10.719330 -2.052795
v -0.692302 9.635467 -3.643744
v -1.065590 10.257280 -2.742542
v -0.734787 10.719330 -1.943911
v -1.355544 9.635468 -3.442552
v -1.545844 10.257280 -2.485842
v -1.065591 10.719330 -1.767092
v -1.966791 9.635467 -3.115833
v -1.966789 10.257280 -2.140381
v -1.355544 10.719331 -1.529134
v -2.502553 9.635468 -2.676144
v -2.312250 10.257280 -1.719435
v -1.593502 10.719329 -1.239182
v -2.942242 9.635468 -2.140382
v -2.568951 10.257280 -1.239182
v -1.770321 10.719330 -0.908377
v -3.268960 9.635468 -1.529135
v -2.727027 10.257280 -0.718077
v -1.879205 10.719331 -0.549434
v -3.470153 9.635466 -0.865893
v -2.780403 10.257280 -0.176146
v -1.915971 10.719330 -0.176145
v -3.538087 9.635466 -0.176145
v -2.727028 10.257280 0.365786
v -1.879205 10.719330 0.197144
v -3.470153 9.635466 0.513603
v -2.568952 10.257281 0.886891
v -1.770321 10.719330 0.556088
v -3.268961 9.635467 1.176845
v -2.312252 10.257281 1.367145
v -1.593503 10.719330 0.886892
v -2.942242 9.635468 1.788092
v -1.966791 10.257280 1.788091
v -1.355545 10.719330 1.176844
v -2.502554 9.635467 2.323854
v -1.545846 10.257280 2.133552
v -1.065592 10.719330 1.414803
v -1.966792 9.635468 2.763543
v -1.065592 10.257280 2.390253
v -0.734788 10.719330 1.591622
v -1.355545 9.635468 3.090261
v -0.544487 10.257280 2.548328
v -0.375844 10.719330 1.700506
v -0.692303 9.635468 3.291455
v -0.002555 10.257281 2.601706
v -0.002555 10.719330 1.737272
v -0.002555 9.635466 3.359388
v 0.539376 10.257280 2.548330
v 0.370734 10.719330 1.700506
v 0.687194 9.635466 3.291455
v 1.060482 10.257280 2.390254
v 0.729678 10.719330 1.591622
v 1.350435 9.635468 3.090263
v 1.540735 10.257280 2.133553
v 1.060482 10.719330 1.414803
v 1.961682 9.635468 2.763544
v 1.961681 10.257280 1.788092
v 1.350435 10.719330 1.176846
v 2.497445 9.635467 2.323855
v 2.307143 10.257281 1.367146
v 1.588393 10.719330 0.886893
v 2.937134 9.635468 1.788092
v 2.563844 10.257280 0.886893
v 1.765212 10.719330 0.556088
v 3.263852 9.635467 1.176845
v 2.721920 10.257280 0.365787
v 1.874096 10.719330 0.197145
v 3.465044 9.635466 0.513603
v 2.775295 10.257280 -0.176145
v 1.910862 10.719330 -0.176144
v 3.532978 9.635466 -0.176145
v 2.721920 10.257279 -0.718076
v 1.874096 10.719331 -0.549434
v 3.465044 9.635466 -0.865893
v 2.563845 10.257280 -1.239182
v 1.765212 10.719330 -0.908377
v 3.263852 9.635468 -1.529135
v 2.307144 10.257280 -1.719436
v 1.588393 10.719329 -1.239182
v 2.937134 9.635468 -2.140382
v 1.961682 10.257280 -2.140382
v 1.350435 10.719331 -1.529135
v 2.497445 9.635468 -2.676145
v 1.540736 10.257280 -2.485843
v 1.060483 10.719330 -1.767093
v 1.961682 9.635467 -3.115834
v 1.060483 10.257280 -2.742544
v 0.729678 10.719330 -1.943912
v 1.350435 9.635468 -3.442552
v 1.588393 8.877785 -4.017033
v 0.687194 9.635466 -3.643744
v 0.808504 8.877785 -4.253610
v 0.898645 8.013350 -4.706782
v -0.002555 8.877785 -4.333493
v -0.002554 8.013351 -4.795540
v -0.813611 8.877784 -4.253608
v -0.903754 8.013350 -4.706779
v -1.593501 8.877785 -4.017031
v -1.770321 8.013351 -4.443910
v -2.312250 8.877784 -3.632852
v -2.568953 8.013350 -4.017032
v -2.942240 8.877784 -3.115833
v -3.268960 8.013351 -3.442551
v -3.459260 8.877785 -2.485843
v -3.843441 8.013351 -2.742544
v -3.843440 8.877785 -1.767093
v -4.270319 8.013350 -1.943911
v -4.080017 8.877785 -0.987203
v -4.533189 8.013350 -1.077344
v -4.159900 8.877785 -0.176146
v -4.621950 8.013351 -0.176145
v -4.080018 8.877784 0.634912
v -4.533190 8.013351 0.725054
v -3.843441 8.877785 1.414802
v -4.270319 8.013351 1.591621
v -3.459261 8.877784 2.133552
v -3.843441 8.013350 2.390254
v -2.942242 8.877785 2.763543
v -3.268960 8.013351 3.090261
v -2.312252 8.877784 3.280563
v -2.568953 8.013350 3.664743
v -1.593503 8.877785 3.664742
v -1.770321 8.013351 4.091621
v -0.813613 8.877785 3.901320
v -0.903754 8.013351 4.354490
v -0.002555 8.877785 3.981201
v -0.002555 8.013350 4.443251
v 0.808503 8.877785 3.901320
v 0.898645 8.013351 4.354491
v 1.588392 8.877785 3.664742
v 1.765212 8.013351 4.091621
v 2.307142 8.877784 3.280563
v 2.563845 8.013350 3.664743
v 2.937133 8.877785 2.763544
v 3.263852 8.013351 3.090261
v 3.454152 8.877784 2.133553
v 3.838333 8.013350 2.390254
v 3.838332 8.877784 1.414803
v 4.265212 8.013351 1.591621
v 4.074910 8.877784 0.634914
v 4.528081 8.013351 0.725054
v 4.154792 8.877785 -0.176145
v 4.616841 8.013351 -0.176145
v 4.074910 8.877785 -0.987203
v 4.528081 8.013350 -1.077345
v 3.838333 8.877785 -1.767092
v 4.265212 8.013351 -1.943912
v 3.454153 8.877785 -2.485843
v 3.838333 8.013351 -2.742545
v 2.937134 8.877784 -3.115833
v 3.263852 8.013351 -3.442552
v 2.307143 8.877784 -3.632853
v 2.563845 8.013350 -4.017034
v 2.721920 7.075385 -4.253610
v 1.765212 8.013350 -4.443912
v 1.874096 7.075385 -4.706781
v 1.910862 6.099934 -4.795542
v 0.954154 7.075385 -4.985843
v 0.972897 6.099934 -5.080072
v -0.002555 7.075385 -5.080071
v -0.002555 6.099934 -5.176146
v -0.959261 7.075385 -4.985841
v -0.978003 6.099934 -5.080065
v -1.879204 7.075385 -4.706780
v -1.915967 6.099934 -4.795538
v -2.727027 7.075386 -4.253609
v -2.780401 6.099934 -4.333489
v -3.470151 7.075385 -3.643744
v -3.538083 6.099934 -3.711676
v -4.080017 7.075386 -2.900620
v -4.159896 6.099934 -2.953995
v -4.533188 7.075386 -2.052797
v -4.621946 6.099934 -2.089562
v -4.812250 7.075386 -1.132854
v -4.906476 6.099934 -1.151598
v -4.906478 7.075385 -0.176146
v -5.002550 6.099934 -0.176147
v -4.812252 7.075385 0.780562
v -4.906476 6.099934 0.799304
v -4.533190 7.075385 1.700504
v -4.621949 6.099934 1.737268
v -4.080019 7.075386 2.548328
v -4.159900 6.099934 2.601702
v -3.470153 7.075386 3.291453
v -3.538086 6.099934 3.359384
v -2.727030 7.075386 3.901319
v -2.780405 6.099935 3.981200
v -1.879206 7.075386 4.354490
v -1.915972 6.099934 4.443249
v -0.959264 7.075386 4.633551
v -0.978007 6.099934 4.727777
v -0.002555 7.075385 4.727779
v -0.002556 6.099934 4.823852
v 0.954153 7.075386 4.633552
v 0.972895 6.099934 4.727778
v 1.874095 7.075386 4.354490
v 1.910860 6.099934 4.443251
v 2.721919 7.075386 3.901321
v 2.775293 6.099934 3.981202
v 3.465043 7.075386 3.291454
v 3.532976 6.099934 3.359389
v 4.074910 7.075386 2.548331
v 4.154790 6.099934 2.601706
v 4.528081 7.075386 1.700506
v 4.616839 6.099934 1.737272
v 4.807142 7.075386 0.780564
v 4.901369 6.099934 0.799307
v 4.901370 7.075385 -0.176144
v 4.997442 6.099934 -0.176144
v 4.807142 7.075385 -1.132853
v 4.901369 6.099934 -1.151595
v 4.528081 7.075385 -2.052795
v 4.616841 6.099934 -2.089561
v 4.074911 7.075385 -2.900620
v 4.154793 6.099934 -2.953995
v 3.465044 7.075385 -3.643744
v 3.532979 6.099934 -3.711677
v 3.465044 5.124483 -3.643744
v 2.775296 6.099934 -4.333492
v 2.721920 5.124483 -4.253611
v 2.563845 4.186517 -4.017033
v 1.874096 5.124483 -4.706782
v 1.765212 4.186517 -4.443912
v 0.954154 5.124483 -4.985844
v 0.898645 4.186517 -4.706782
v -0.002555 5.124482 -5.080071
v -0.002554 4.186517 -4.795540
v -0.959261 5.124482 -4.985841
v -0.903754 4.186517 -4.706780
v -1.879204 5.124483 -4.706780
v -1.770321 4.186517 -4.443910
v -2.727027 5.124482 -4.253609
v -2.568953 4.186517 -4.017032
v -3.470151 5.124483 -3.643744
v -3.268960 4.186517 -3.442550
v -4.080017 5.124483 -2.900620
v -3.843441 4.186517 -2.742543
v -4.533188 5.124483 -2.052796
v -4.270319 4.186517 -1.943911
v -4.812250 5.124483 -1.132854
v -4.533189 4.186517 -1.077344
v -4.906478 5.124483 -0.176146
v -4.621950 4.186517 -0.176145
v -4.812252 5.124483 0.780562
v -4.533190 4.186517 0.725054
v -4.533190 5.124482 1.700505
v -4.270319 4.186517 1.591621
v -4.080019 5.124482 2.548328
v -3.843441 4.186517 2.390254
v -3.470153 5.124483 3.291453
v -3.268960 4.186517 3.090262
v -2.727030 5.124483 3.901320
v -2.568953 4.186517 3.664742
v -1.879206 5.124483 4.354489
v -1.770321 4.186518 4.091620
v -0.959264 5.124483 4.633552
v -0.903754 4.186517 4.354491
v -0.002555 5.124482 4.727780
v -0.002555 4.186518 4.443253
v 0.954153 5.124482 4.633552
v 0.898645 4.186517 4.354491
v 1.874095 5.124483 4.354492
v 1.765212 4.186518 4.091620
v 2.721919 5.124483 3.901320
v 2.563845 4.186517 3.664742
v 3.465043 5.124483 3.291455
v 3.263852 4.186517 3.090262
v 4.074910 5.124482 2.548330
v 3.838333 4.186517 2.390254
v 4.528081 5.124482 1.700506
v 4.265212 4.186517 1.591621
v 4.807142 5.124483 0.780564
v 4.528081 4.186517 0.725054
v 4.901370 5.124483 -0.176144
v 4.616841 4.186517 -0.176145
v 4.807142 5.124483 -1.132853
v 4.528081 4.186517 -1.077345
v 4.528081 5.124483 -2.052796
v 4.265212 4.186517 -1.943912
v 4.074911 5.124483 -2.900620
v 3.838333 4.186517 -2.742545
v 3.454153 3.322083 -2.485843
v 3.263852 4.186517 -3.442552
v 2.937134 3.322083 -3.115833
v 2.497445 2.564401 -2.676145
v 2.307143 3.322083 -3.632853
v 1.961682 2.564401 -3.115834
v 1.588393 3.322083 -4.017033
v 1.350435 2.564400 -3.442552
v 0.808504 3.322083 -4.253611
v 0.687194 2.564401 -3.643744
v -0.002555 3.322083 -4.333493
v -0.002554 2.564401 -3.711678
v -0.813611 3.322083 -4.253607
v -0.692302 2.564401 -3.643744
v -1.593501 3.322083 -4.017031
v -1.355544 2.564400 -3.442551
v -2.312250 3.322083 -3.632851
v -1.966791 2.564401 -3.115833
v -2.942240 3.322083 -3.115832
v -2.502553 2.564401 -2.676144
v -3.459260 3.322083 -2.485843
v -2.942242 2.564401 -2.140382
v -3.843440 3.322083 -1.767093
v -3.268960 2.564400 -1.529135
v -4.080017 3.322083 -0.987204
v -3.470153 2.564401 -0.865893
v -4.159900 3.322083 -0.176146
v -3.538087 2.564401 -0.176145
v -4.080018 3.322083 0.634912
v -3.470153 2.564401 0.513604
v -3.843441 3.322083 1.414802
v -3.268961 2.564401 1.176845
v -3.459261 3.322083 2.133552
v -2.942242 2.564401 1.788092
v -2.942242 3.322083 2.763542
v -2.502554 2.564401 2.323854
v -2.312252 3.322083 3.280562
v -1.966792 2.564401 2.763543
v -1.593503 3.322084 3.664742
v -1.355545 2.564401 3.090262
v -0.813613 3.322083 3.901319
v -0.692303 2.564401 3.291454
v -0.002555 3.322083 3.981202
v -0.002555 2.564401 3.359388
v 0.808503 3.322083 3.901319
v 0.687194 2.564401 3.291454
v 1.588392 3.322084 3.664742
v 1.350435 2.564401 3.090262
v 2.307142 3.322083 3.280563
v 1.961682 2.564401 2.763543
v 2.937133 3.322083 2.763543
v 2.497445 2.564401 2.323854
v 3.454152 3.322083 2.133554
v 2.937134 2.564401 1.788092
v 3.838332 3.322083 1.414803
v 3.263852 2.564401 1.176845
v 4.074910 3.322083 0.634914
v 3.465044 2.564401 0.513604
v 4.154792 3.322084 -0.176145
v 3.532978 2.564401 -0.176145
v 4.074910 3.322083 -0.987203
v 3.465044 2.564401 -0.865893
v 3.838333 3.322083 -1.767093
v 3.263852 2.564401 -1.529135
v 2.563845 1.942587 -1.239182
v 2.937134 2.564401 -2.140383
v 2.307144 1.942587 -1.719436
v 1.588393 1.480537 -1.239183
v 1.961682 1.942587 -2.140382
v 1.350435 1.480538 -1.529135
v 1.540736 1.942587 -2.485844
v 1.060483 1.480538 -1.767093
v 1.060483 1.942587 -2.742545
v 0.729678 1.480537 -1.943912
v 0.539377 1.942587 -2.900620
v 0.370734 1.480538 -2.052797
v -0.002554 1.942587 -2.953993
v -0.002554 1.480538 -2.089561
v -0.544485 1.942587 -2.900618
v -0.375843 1.480537 -2.052795
v -1.065590 1.942587 -2.742543
v -0.734787 1.480537 -1.943911
v -1.545844 1.942587 -2.485842
v -1.065591 1.480538 -1.767092
v -1.966789 1.942586 -2.140381
v -1.355544 1.480538 -1.529134
v -2.312250 1.942587 -1.719436
v -1.593502 1.480537 -1.239182
v -2.568951 1.942587 -1.239183
v -1.770321 1.480538 -0.908378
v -2.727027 1.942587 -0.718077
v -1.879205 1.480538 -0.549434
v -2.780403 1.942587 -0.176146
v -1.915971 1.480537 -0.176145
v -2.727028 1.942587 0.365786
v -1.879205 1.480538 0.197144
v -2.568952 1.942587 0.886891
v -1.770321 1.480538 0.556088
v -2.312252 1.942587 1.367144
v -1.593503 1.480537 0.886892
v -1.966791 1.942587 1.788091
v -1.355545 1.480538 1.176845
v -1.545846 1.942587 2.133552
v -1.065592 1.480538 1.414803
v -1.065592 1.942587 2.390253
v -0.734788 1.480537 1.591621
v -0.544487 1.942587 2.548329
v -0.375844 1.480538 1.700506
v -0.002555 1.942587 2.601705
v -0.002555 1.480538 1.737271
v 0.539376 1.942587 2.548329
v 0.370734 1.480538 1.700506
v 1.060482 1.942587 2.390254
v 0.729678 1.480537 1.591621
v 1.540735 1.942587 2.133553
v 1.060482 1.480538 1.414803
v 1.961681 1.942587 1.788092
v 1.350435 1.480538 1.176845
v 2.307143 1.942587 1.367146
v 1.588393 1.480538 0.886893
v 2.563844 1.942587 0.886893
v 1.765212 1.480538 0.556088
v 2.721920 1.942587 0.365787
v 1.874096 1.480538 0.197144
v 2.775295 1.942587 -0.176145
v 1.910862 1.480537 -0.176145
v 2.721920 1.942587 -0.718076
v 1.874096 1.480538 -0.549434
v 0.954154 1.196009 -0.366446
v 1.765212 1.480538 -0.908378
v 0.898645 1.196009 -0.549434
v 0.808503 1.196009 -0.718077
v -0.002555 1.099935 -0.176145
v -0.692303 1.196008 0.513603
v -0.002555 1.196009 -1.151596
v 0.187746 1.196009 -1.132854
v 0.370734 1.196009 -1.077345
v 0.539377 1.196009 -0.987203
v 0.687194 1.196009 -0.865893
v 0.972897 1.196008 -0.176145
v 0.954153 1.196009 0.014156
v 0.898645 1.196009 0.197144
v 0.808503 1.196009 0.365787
v 0.687193 1.196009 0.513603
v 0.539377 1.196009 0.634913
v 0.370734 1.196009 0.725054
v 0.187746 1.196009 0.780563
v -0.002555 1.196009 0.799306
v -0.192856 1.196009 0.780563
v -0.375844 1.196009 0.725054
v -0.544486 1.196009 0.634913
v -0.813612 1.196009 0.365786
v -0.903754 1.196009 0.197144
v -0.959262 1.196009 0.014156
v -0.978005 1.196008 -0.176145
v -0.959262 1.196009 -0.366446
v -0.903753 1.196009 -0.549434
v -0.813612 1.196009 -0.718076
v -0.692302 1.196009 -0.865893
v -0.544486 1.196009 -0.987202
v -0.375843 1.196009 -1.077344
v -0.192856 1.196008 -1.132852
v 0.370734 11.003860 -1.077344
v 0.370734 10.719330 -2.052796
v 0.187746 11.003859 -1.132854
v -0.002555 11.099932 -0.176145
v -0.002555 11.003859 -1.151595
v -0.192856 11.003859 -1.132852
v -0.375843 11.003860 -1.077344
v -0.544486 11.003860 -0.987202
v -0.692302 11.003859 -0.865892
v -0.813612 11.003859 -0.718076
v -0.903753 11.003860 -0.549434
v -0.959262 11.003859 -0.366446
v -0.978005 11.003859 -0.176145
v -0.959262 11.003860 0.014156
v -0.903754 11.003859 0.197144
v -0.813612 11.003860 0.365786
v -0.692303 11.003859 0.513603
v -0.544486 11.003859 0.634913
v -0.375844 11.003859 0.725054
v -0.192856 11.003859 0.780563
v -0.002555 11.003859 0.799306
v 0.187746 11.003859 0.780563
v 0.370734 11.003859 0.725054
v 0.539377 11.003859 0.634913
v 0.687193 11.003859 0.513603
v 0.808503 11.003860 0.365787
v 0.898645 11.003859 0.197144
v 0.954153 11.003860 0.014156
v 0.972897 11.003859 -0.176145
v 0.954154 11.003859 -0.366446
v 0.898645 11.003860 -0.549434
v 0.808503 11.003859 -0.718076
v 0.687194 11.003859 -0.865893
v 0.539377 11.003860 -0.987203
v 2.292874 0.685033 -1.758545
v 2.401260 0.685033 -1.744850
v 2.292874 0.777443 -1.536743
v 2.292874 0.560670 -1.952955
v 2.184488 0.685033 -1.744849
v 2.218216 0.777443 -1.527310
v 2.154924 0.560670 -1.935525
v 2.080267 0.685033 -1.704289
v 2.146428 0.777443 -1.499371
v 2.022276 0.560670 -1.883902
v 1.984216 0.685033 -1.638424
v 2.080266 0.777443 -1.454003
v 1.900027 0.560671 -1.800070
v 1.900027 0.685032 -1.549783
v 2.022276 0.777442 -1.392946
v 1.792874 0.560670 -1.687252
v 1.830935 0.685033 -1.441774
v 1.974685 0.777443 -1.318548
v 1.704936 0.560670 -1.549783
v 1.779595 0.685033 -1.318548
v 1.939321 0.777443 -1.233668
v 1.639593 0.560670 -1.392946
v 1.747979 0.685033 -1.184840
v 1.917544 0.777443 -1.141568
v 1.599354 0.560670 -1.222767
v 1.737304 0.685033 -1.045788
v 1.910191 0.777442 -1.045788
v 1.585767 0.560670 -1.045788
v 1.747979 0.685033 -0.906736
v 1.917544 0.777443 -0.950007
v 1.599354 0.560670 -0.868808
v 1.779594 0.685033 -0.773028
v 1.939321 0.777443 -0.857907
v 1.639593 0.560670 -0.698630
v 1.830934 0.685032 -0.649801
v 1.974684 0.777443 -0.773027
v 1.704936 0.560670 -0.541792
v 1.900027 0.685033 -0.541792
v 2.022276 0.777443 -0.698630
v 1.792874 0.560670 -0.404323
v 1.984216 0.685033 -0.453152
v 2.080266 0.777443 -0.637573
v 1.900027 0.560671 -0.291505
v 2.080266 0.685034 -0.387286
v 2.146427 0.777443 -0.592204
v 2.022276 0.560670 -0.207674
v 2.184488 0.685033 -0.346726
v 2.218216 0.777443 -0.564266
v 2.154924 0.560670 -0.156051
v 2.292874 0.685033 -0.333031
v 2.292874 0.777443 -0.554832
v 2.292874 0.560670 -0.138620
v 2.401260 0.685033 -0.346726
v 2.367532 0.777443 -0.564266
v 2.430824 0.560670 -0.156051
v 2.505481 0.685033 -0.387286
v 2.439321 0.777443 -0.592204
v 2.563472 0.560670 -0.207674
v 2.601532 0.685033 -0.453152
v 2.505481 0.777443 -0.637573
v 2.685721 0.560671 -0.291505
v 2.685721 0.685033 -0.541792
v 2.563472 0.777443 -0.698630
v 2.792874 0.560670 -0.404323
v 2.754814 0.685033 -0.649801
v 2.611064 0.777443 -0.773027
v 2.880812 0.560670 -0.541792
v 2.806154 0.685033 -0.773027
v 2.646427 0.777443 -0.857907
v 2.946155 0.560670 -0.698630
v 2.837769 0.685033 -0.906735
v 2.668204 0.777443 -0.950007
v 2.986394 0.560670 -0.868808
v 2.848444 0.685033 -1.045788
v 2.675557 0.777442 -1.045787
v 2.999981 0.560670 -1.045788
v 2.837769 0.685033 -1.184840
v 2.668204 0.777443 -1.141568
v 2.986394 0.560670 -1.222767
v 2.806154 0.685033 -1.318548
v 2.646427 0.777443 -1.233668
v 2.946155 0.560670 -1.392946
v 2.754814 0.685033 -1.441774
v 2.611064 0.777443 -1.318548
v 2.880812 0.560670 -1.549783
v 2.685721 0.685032 -1.549783
v 2.563472 0.777442 -1.392946
v 2.792874 0.560670 -1.687252
v 2.601532 0.685033 -1.638424
v 2.505481 0.777443 -1.454003
v 2.685721 0.560671 -1.800070
v 2.505481 0.685033 -1.704289
v 2.439321 0.777443 -1.499372
v 2.563472 0.560670 -1.883902
v 2.611064 0.409134 -2.031305
v 2.430824 0.560670 -1.935525
v 2.455086 0.409134 -2.092008
v 2.473114 0.236247 -2.208285
v 2.292874 0.409133 -2.112504
v 2.292874 0.236247 -2.231059
v 2.130663 0.409134 -2.092007
v 2.112634 0.236247 -2.208285
v 1.974685 0.409134 -2.031305
v 1.939321 0.236247 -2.140836
v 1.830935 0.409133 -1.932730
v 1.779594 0.236247 -2.031305
v 1.704937 0.409133 -1.800070
v 1.639593 0.236247 -1.883901
v 1.601533 0.409133 -1.638424
v 1.524697 0.236247 -1.704289
v 1.524697 0.409134 -1.454002
v 1.439321 0.236247 -1.499372
v 1.477381 0.409134 -1.253894
v 1.386747 0.236247 -1.277023
v 1.461405 0.409134 -1.045788
v 1.368995 0.236247 -1.045788
v 1.477381 0.409133 -0.837682
v 1.386747 0.236247 -0.814552
v 1.524697 0.409133 -0.637573
v 1.439321 0.236247 -0.592204
v 1.601533 0.409134 -0.453152
v 1.524697 0.236248 -0.387286
v 1.704936 0.409134 -0.291505
v 1.639593 0.236248 -0.207674
v 1.830934 0.409134 -0.158846
v 1.779594 0.236247 -0.060271
v 1.974684 0.409133 -0.060271
v 1.939321 0.236247 0.049260
v 2.130662 0.409134 0.000432
v 2.112634 0.236247 0.116709
v 2.292874 0.409134 0.020929
v 2.292874 0.236248 0.139484
v 2.455086 0.409134 0.000432
v 2.473114 0.236247 0.116709
v 2.611064 0.409133 -0.060271
v 2.646427 0.236247 0.049261
v 2.754814 0.409134 -0.158845
v 2.806154 0.236247 -0.060270
v 2.880811 0.409134 -0.291505
v 2.946155 0.236248 -0.207674
v 2.984215 0.409134 -0.453152
v 3.061052 0.236248 -0.387286
v 3.061052 0.409133 -0.637573
v 3.146427 0.236247 -0.592204
v 3.108367 0.409133 -0.837682
v 3.199001 0.236247 -0.814552
v 3.124343 0.409134 -1.045787
v 3.216753 0.236247 -1.045788
v 3.108367 0.409134 -1.253894
v 3.199001 0.236247 -1.277023
v 3.061052 0.409134 -1.454002
v 3.146427 0.236247 -1.499372
v 2.984216 0.409133 -1.638424
v 3.061052 0.236247 -1.704289
v 2.880812 0.409133 -1.800070
v 2.946155 0.236247 -1.883902
v 2.754814 0.409134 -1.932730
v 2.806154 0.236247 -2.031306
v 2.837769 0.048654 -2.092008
v 2.646427 0.236247 -2.140836
v 2.668204 0.048654 -2.208285
v 2.484216 0.048654 -2.279889
v 2.292874 0.048654 -2.304066
v 2.101533 0.048655 -2.279888
v 1.917544 0.048654 -2.208284
v 1.747979 0.048654 -2.092007
v 1.599355 0.048654 -1.935524
v 1.477381 0.048654 -1.744850
v 1.386747 0.048654 -1.527310
v 1.330935 0.048654 -1.291266
v 1.312089 0.048654 -1.045788
v 1.330935 0.048654 -0.800310
v 1.386747 0.048654 -0.564266
v 1.477381 0.048654 -0.346726
v 1.599354 0.048654 -0.156051
v 1.747979 0.048654 0.000432
v 1.917544 0.048654 0.116709
v 2.101532 0.048654 0.188312
v 2.292874 0.048654 0.212490
v 2.484215 0.048654 0.188312
v 2.668204 0.048654 0.116709
v 2.837769 0.048654 0.000432
v 2.986394 0.048654 -0.156051
v 3.108367 0.048654 -0.346726
v 3.199001 0.048653 -0.564266
v 3.254813 0.048654 -0.800310
v 3.273659 0.048654 -1.045788
v 3.254813 0.048654 -1.291265
v 3.199001 0.048654 -1.527310
v 3.108367 0.048654 -1.744849
v 2.986394 0.048654 -1.935524
v 2.367532 0.834349 -1.277023
v 2.367532 0.777443 -1.527310
v 2.330934 0.834349 -1.291265
v 2.292874 0.853563 -1.045788
v 2.292874 0.834349 -1.296075
v 2.254814 0.834349 -1.291265
v 2.218216 0.834349 -1.277022
v 2.184488 0.834348 -1.253894
v 2.154924 0.834349 -1.222767
v 2.130662 0.834349 -1.184840
v 2.112634 0.834349 -1.141568
v 2.101532 0.834349 -1.094616
v 2.097784 0.834349 -1.045788
v 2.101532 0.834349 -0.996959
v 2.112634 0.834349 -0.950007
v 2.130662 0.834349 -0.906736
v 2.154924 0.834349 -0.868808
v 2.184488 0.834348 -0.837681
v 2.218216 0.834349 -0.814553
v 2.254814 0.834349 -0.800310
v 2.292874 0.834349 -0.795501
v 2.330934 0.834349 -0.800310
v 2.367532 0.834349 -0.814553
v 2.401260 0.834348 -0.837681
v 2.430824 0.834349 -0.868808
v 2.455086 0.834349 -0.906736
v 2.473114 0.834349 -0.950007
v 2.484216 0.834349 -0.996959
v 2.487964 0.834349 -1.045788
v 2.484216 0.834349 -1.094616
v 2.473114 0.834349 -1.141568
v 2.455086 0.834349 -1.184840
v 2.430824 0.834349 -1.222767
v 2.401260 0.834348 -1.253894
v 2.292874 0.236006 -0.661279
v 2.365860 0.236007 -0.654091
v 2.292874 2.236007 -0.661280
v 2.219888 0.236007 -0.654091
v 2.149707 0.236007 -0.632802
v 2.219888 2.236007 -0.654091
v 2.149707 2.236006 -0.632801
v 2.085028 2.236007 -0.598230
v 2.028336 2.236007 -0.551704
v 2.085028 0.236007 -0.598230
v 2.028336 0.236007 -0.551704
v 1.981810 0.236007 -0.495012
v 1.947239 0.236007 -0.430333
v 1.981810 2.236006 -0.495012
v 1.947239 2.236006 -0.430333
v 1.925950 2.236006 -0.360152
v 1.918761 2.236007 -0.287167
v 1.925950 0.236007 -0.360153
v 1.918761 0.236006 -0.287166
v 1.925950 0.236007 -0.214181
v 1.947239 0.236007 -0.144000
v 1.925950 2.236006 -0.214180
v 1.947239 2.236006 -0.144000
v 1.981810 2.236006 -0.079321
v 2.028336 2.236006 -0.022629
v 1.981810 0.236007 -0.079321
v 2.028336 0.236007 -0.022629
v 2.085028 0.236006 0.023897
v 2.149707 0.236007 0.058468
v 2.085028 2.236007 0.023897
v 2.149707 2.236006 0.058469
v 2.219888 2.236007 0.079758
v 2.292874 2.236007 0.086946
v 2.219888 0.236007 0.079758
v 2.292874 0.236007 0.086946
v 2.365860 0.236007 0.079758
v 2.436041 0.236007 0.058468
v 2.365860 2.236007 0.079758
v 2.436041 2.236006 0.058469
v 2.500720 2.236007 0.023897
v 2.557412 2.236006 -0.022629
v 2.500720 0.236006 0.023897
v 2.557412 0.236007 -0.022629
v 2.603938 0.236007 -0.079321
v 2.638509 0.236007 -0.144000
v 2.603938 2.236006 -0.079321
v 2.638509 2.236006 -0.144000
v 2.659798 2.236006 -0.214180
v 2.666987 2.236007 -0.287167
v 2.659798 0.236007 -0.214181
v 2.666987 0.236006 -0.287166
v 2.659798 0.236007 -0.360153
v 2.638509 0.236007 -0.430333
v 2.659798 2.236006 -0.360152
v 2.638509 2.236006 -0.430333
v 2.603938 2.236006 -0.495012
v 2.557412 2.236007 -0.551704
v 2.603938 0.236007 -0.495012
v 2.557412 0.236007 -0.551704
v 2.500720 0.236007 -0.598230
v 2.436041 0.236007 -0.632802
v 2.500720 2.236007 -0.598230
v 2.436041 2.236006 -0.632801
v 2.365860 2.236007 -0.654091
v -2.349406 0.236006 -0.661279
v -2.276420 0.236007 -0.654091
v -2.349406 2.236007 -0.661280
v -2.422391 0.236007 -0.654091
v -2.492572 0.236007 -0.632802
v -2.422391 2.236007 -0.654091
v -2.492572 2.236006 -0.632801
v -2.557251 2.236007 -0.598230
v -2.613943 2.236007 -0.551704
v -2.557251 0.236007 -0.598230
v -2.613943 0.236007 -0.551704
v -2.660469 0.236007 -0.495012
v -2.695041 0.236007 -0.430333
v -2.660469 2.236006 -0.495012
v -2.695041 2.236006 -0.430333
v -2.716330 2.236006 -0.360152
v -2.723518 2.236007 -0.287167
v -2.716330 0.236007 -0.360153
v -2.723518 0.236006 -0.287166
v -2.716330 0.236007 -0.214181
v -2.695041 0.236007 -0.144000
v -2.716330 2.236006 -0.214180
v -2.695041 2.236006 -0.144000
v -2.660469 2.236006 -0.079321
v -2.613943 2.236006 -0.022629
v -2.660469 0.236007 -0.079321
v -2.613943 0.236007 -0.022629
v -2.557251 0.236006 0.023897
v -2.492572 0.236007 0.058468
v -2.557251 2.236007 0.023897
v -2.492572 2.236006 0.058469
v -2.422391 2.236007 0.079758
v -2.349406 2.236007 0.086946
v -2.422391 0.236007 0.079758
v -2.349406 0.236007 0.086946
v -2.276420 0.236007 0.079758
v -2.206239 0.236007 0.058468
v -2.276420 2.236007 0.079758
v -2.206239 2.236006 0.058469
v -2.141560 2.236007 0.023897
v -2.084868 2.236006 -0.022629
v -2.141560 0.236006 0.023897
v -2.084868 0.236007 -0.022629
v -2.038342 0.236007 -0.079321
v -2.003771 0.236007 -0.144000
v -2.038342 2.236006 -0.079321
v -2.003771 2.236006 -0.144000
v -1.982481 2.236006 -0.214180
v -1.975293 2.236007 -0.287167
v -1.982481 0.236007 -0.214181
v -1.975293 0.236006 -0.287166
v -1.982481 0.236007 -0.360153
v -2.003771 0.236007 -0.430333
v -1.982481 2.236006 -0.360152
v -2.003771 2.236006 -0.430333
v -2.038342 2.236006 -0.495012
v -2.084868 2.236007 -0.551704
v -2.038342 0.236007 -0.495012
v -2.084868 0.236007 -0.551704
v -2.141560 0.236007 -0.598230
v -2.206239 0.236007 -0.632802
v -2.141560 2.236007 -0.598230
v -2.206239 2.236006 -0.632801
v -2.276420 2.236007 -0.654091
v -0.516289 11.165693 -0.035501
v -0.625857 11.166019 -0.535501
v -0.391132 11.775589 -0.201666
v -0.016289 11.166020 0.074067
v 0.483711 11.165693 -0.035501
v -0.016289 11.775590 -0.012577
v 0.358554 11.775589 -0.201666
v -0.618686 13.118595 0.109783
v 0.586108 13.118595 0.109783
v -0.016289 12.108677 -0.535501
v -0.618686 13.118595 -1.180785
v 0.586108 13.118595 -1.180785
v -0.016289 11.775589 -1.058425
v -0.444334 11.775589 -0.535501
v 0.411756 11.775589 -0.535501
v 0.358554 11.775587 -0.869336
v 0.593279 11.166019 -0.535501
v 0.483711 11.175310 -1.035501
v -0.016289 11.166020 -1.145069
v -0.516289 11.175310 -1.035501
v -0.391132 11.775587 -0.869336
v 1.617421 6.735263 -5.187224
v 1.427525 6.686594 -5.187224
v 1.231782 6.675907 -5.187224
v 1.037715 6.703613 -5.187224
v 0.852783 6.768648 -5.187224
v 0.684092 6.868511 -5.187224
v 0.538124 6.999365 -5.187224
v 0.420490 7.156182 -5.187224
v 1.431047 6.687876 -5.149164
v 1.238692 6.678422 -5.112566
v 1.047747 6.707264 -5.078837
v 0.865551 6.773294 -5.049274
v 0.699105 6.873975 -5.025012
v 0.554806 7.005437 -5.006984
v 0.438199 7.162628 -4.995882
v 1.441479 6.691673 -5.112566
v 1.259155 6.685870 -5.040777
v 1.077455 6.718078 -4.974617
v 0.903362 6.787057 -4.916626
v 0.743567 6.890158 -4.869034
v 0.604209 7.023418 -4.833671
v 0.490645 7.181717 -4.811893
v 1.458421 6.697839 -5.078837
v 1.292386 6.697966 -4.974617
v 1.125699 6.735637 -4.878566
v 0.964765 6.809406 -4.794376
v 0.815769 6.916437 -4.725284
v 0.684436 7.052618 -4.673944
v 0.575813 7.212715 -4.642329
v 1.481219 6.706137 -5.049274
v 1.337108 6.714243 -4.916626
v 1.190625 6.759268 -4.794376
v 1.047400 6.839482 -4.687224
v 0.912937 6.951804 -4.599286
v 0.792403 7.091915 -4.533943
v 0.690431 7.254433 -4.493704
v 1.509000 6.716249 -5.025012
v 1.391601 6.734076 -4.869034
v 1.269737 6.788062 -4.725284
v 1.148090 6.876131 -4.599286
v 1.031336 6.994897 -4.495883
v 0.923961 7.139798 -4.419046
v 0.830092 7.305265 -4.371731
v 1.540694 6.727784 -5.006984
v 1.453772 6.756705 -4.833671
v 1.359995 6.820913 -4.673944
v 1.262967 6.917942 -4.533943
v 1.166417 7.044063 -4.419046
v 1.074055 7.194428 -4.333671
v 0.989431 7.363260 -4.281096
v 1.575085 6.740301 -4.995883
v 1.521231 6.781258 -4.811894
v 1.457931 6.856559 -4.642329
v 1.387616 6.963311 -4.493704
v 1.312989 7.097410 -4.371731
v 1.236917 7.253705 -4.281096
v 1.162324 7.426188 -4.225285
v 1.610850 6.753319 -4.992134
v 1.591387 6.806793 -4.804541
v 1.559781 6.893630 -4.631654
v 1.517246 7.010492 -4.480117
v 1.465418 7.152890 -4.355755
v 1.406287 7.315351 -4.263345
v 1.342126 7.491631 -4.206439
v 1.646615 6.766336 -4.995883
v 1.661542 6.832327 -4.811894
v 1.661631 6.930700 -4.642329
v 1.646876 7.057674 -4.493704
v 1.617847 7.208370 -4.371731
v 1.575657 7.376996 -4.281097
v 1.521929 7.557073 -4.225285
v 1.681005 6.778853 -5.006984
v 1.729002 6.856880 -4.833671
v 1.759566 6.966346 -4.673944
v 1.771525 7.103043 -4.533943
v 1.764418 7.261717 -4.419046
v 1.738518 7.436273 -4.333671
v 1.694821 7.620001 -4.281097
v 1.712699 6.790389 -5.025012
v 1.791172 6.879508 -4.869034
v 1.849824 6.999197 -4.725285
v 1.886402 7.144854 -4.599286
v 1.899499 7.310883 -4.495883
v 1.888612 7.490902 -4.419046
v 1.854160 7.677996 -4.371731
v 1.740480 6.800500 -5.049274
v 1.845666 6.899343 -4.916626
v 1.928936 7.027991 -4.794377
v 1.987092 7.181502 -4.687224
v 2.017898 7.353976 -4.599287
v 2.020170 7.538786 -4.533943
v 1.993822 7.728828 -4.493704
v 1.763279 6.808798 -5.078838
v 1.890387 6.915620 -4.974617
v 1.993862 7.051622 -4.878566
v 2.069727 7.211579 -4.794376
v 2.115066 7.389343 -4.725285
v 2.128137 7.578083 -4.673944
v 2.108439 7.770545 -4.642329
v 1.780220 6.814964 -5.112566
v 1.923618 6.927715 -5.040777
v 2.042106 7.069181 -4.974617
v 2.131130 7.233928 -4.916626
v 2.187268 7.415622 -4.869035
v 2.208364 7.607283 -4.833671
v 2.193607 7.801544 -4.811894
v 1.790652 6.818761 -5.149164
v 1.944082 6.935163 -5.112566
v 2.071814 7.079994 -5.078838
v 2.168941 7.247690 -5.049274
v 2.231730 7.431805 -5.025012
v 2.257768 7.625264 -5.006984
v 2.246053 7.820633 -4.995883
v 1.794174 6.820044 -5.187224
v 1.950991 6.937678 -5.187224
v 2.081845 7.083646 -5.187224
v 2.181709 7.252337 -5.187224
v 2.246743 7.437269 -5.187224
v 2.274449 7.631336 -5.187224
v 2.263762 7.827079 -5.187224
v -1.645092 6.746724 -5.187224
v -1.813783 6.846587 -5.187224
v -1.959751 6.977442 -5.187224
v -2.077385 7.134259 -5.187224
v -2.162166 7.311012 -5.187224
v -2.210835 7.500909 -5.187224
v -2.221522 7.696651 -5.187224
v -2.193816 7.890718 -5.187224
v -1.810386 6.845003 -5.149164
v -1.953087 6.974334 -5.112566
v -2.067710 7.129747 -5.078837
v -2.149852 7.305270 -5.049274
v -2.196355 7.494157 -5.025012
v -2.205433 7.689149 -5.006984
v -2.176736 7.882753 -4.995882
v -1.800324 6.840312 -5.112566
v -1.933350 6.965131 -5.040777
v -2.039057 7.116386 -4.974617
v -2.113384 7.288264 -4.916626
v -2.153473 7.474160 -4.869034
v -2.157785 7.666930 -4.833671
v -2.126153 7.859166 -4.811893
v -1.783985 6.832692 -5.078837
v -1.901300 6.950186 -4.974617
v -1.992527 7.094689 -4.878566
v -2.054163 7.260649 -4.794376
v -2.083836 7.441688 -4.725284
v -2.080408 7.630849 -4.673944
v -2.044010 7.820862 -4.642329
v -1.761996 6.822439 -5.049274
v -1.858167 6.930073 -4.916626
v -1.929909 7.065489 -4.794376
v -1.974464 7.223485 -4.687224
v -1.990120 7.397987 -4.599286
v -1.976277 7.582292 -4.533943
v -1.933465 7.769314 -4.493704
v -1.735203 6.809945 -5.025012
v -1.805610 6.905565 -4.869034
v -1.853607 7.029909 -4.725284
v -1.877351 7.178200 -4.599286
v -1.875927 7.344738 -4.495883
v -1.849392 7.523125 -4.419046
v -1.798765 7.706503 -4.371731
v -1.704634 6.795691 -5.006984
v -1.745648 6.877604 -4.833671
v -1.766556 6.989316 -4.673944
v -1.766555 7.126535 -4.533943
v -1.745645 7.283987 -4.419046
v -1.704631 7.455621 -4.333671
v -1.645087 7.634841 -4.281096
v -1.671466 6.780224 -4.995883
v -1.680585 6.847264 -4.811894
v -1.672099 6.945271 -4.642329
v -1.646335 7.070476 -4.493704
v -1.604281 7.218068 -4.371731
v -1.547556 7.382376 -4.281096
v -1.478337 7.557085 -4.225285
v -1.636971 6.764139 -4.992134
v -1.612922 6.815713 -4.804541
v -1.573868 6.899465 -4.631654
v -1.521310 7.012176 -4.480117
v -1.457268 7.149514 -4.355755
v -1.384203 7.306203 -4.263345
v -1.304922 7.476220 -4.206439
v -1.602477 6.748054 -4.995883
v -1.545259 6.784161 -4.811894
v -1.475636 6.853659 -4.642329
v -1.396285 6.953876 -4.493704
v -1.310254 7.080961 -4.371731
v -1.220850 7.230030 -4.281097
v -1.131508 7.395356 -4.225285
v -1.569309 6.732587 -5.006984
v -1.480196 6.753822 -4.833671
v -1.381180 6.809613 -4.673944
v -1.276065 6.897816 -4.533943
v -1.168890 7.015041 -4.419046
v -1.063775 7.156785 -4.333671
v -0.964758 7.317599 -4.281097
v -1.538740 6.718333 -5.025012
v -1.420234 6.725861 -4.869034
v -1.294129 6.769020 -4.725285
v -1.165269 6.846151 -4.599286
v -1.038608 6.954290 -4.495883
v -0.919013 7.089282 -4.419046
v -0.811080 7.245937 -4.371731
v -1.511947 6.705839 -5.049274
v -1.367677 6.701353 -4.916626
v -1.217827 6.733440 -4.794377
v -1.068156 6.800867 -4.687224
v -0.924415 6.901041 -4.599287
v -0.792129 7.030114 -4.533943
v -0.676380 7.183126 -4.493704
v -1.489958 6.695585 -5.078838
v -1.324544 6.681240 -4.974617
v -1.155209 6.704241 -4.878566
v -0.988458 6.763702 -4.794376
v -0.830700 6.857341 -4.725285
v -0.687998 6.981557 -4.673944
v -0.565835 7.131578 -4.642329
v -1.473619 6.687966 -5.112566
v -1.292494 6.666295 -5.040777
v -1.108679 6.682543 -4.974617
v -0.929236 6.736087 -4.916626
v -0.761063 6.824869 -4.869035
v -0.610621 6.945476 -4.833671
v -0.483692 7.093274 -4.811894
v -1.463557 6.683274 -5.149164
v -1.272758 6.657091 -5.112566
v -1.080026 6.669182 -5.078838
v -0.892768 6.719081 -5.049274
v -0.718180 6.804872 -5.025012
v -0.562973 6.923257 -5.006984
v -0.433109 7.069687 -4.995883
v -1.460160 6.681690 -5.187224
v -1.266093 6.653984 -5.187224
v -1.070351 6.664671 -5.187224
v -0.880454 6.713339 -5.187224
v -0.703701 6.798120 -5.187224
v -0.546884 6.915755 -5.187224
v -0.416030 7.061723 -5.187224
vn -0.0000 0.8832 -0.4689
vn 0.1172 0.8810 -0.4584
vn -0.0000 0.9494 -0.3142
vn -0.0000 0.7836 -0.6212
vn -0.1172 0.8810 -0.4584
vn -0.0789 0.9483 -0.3075
vn -0.1545 0.7801 -0.6062
vn -0.2278 0.8746 -0.4280
vn -0.1539 0.9452 -0.2881
vn -0.2988 0.7704 -0.5632
vn -0.3264 0.8654 -0.3802
vn -0.2216 0.9406 -0.2571
vn -0.4252 0.7565 -0.4968
vn -0.4094 0.8549 -0.3187
vn -0.2795 0.9354 -0.2167
vn -0.5292 0.7411 -0.4132
vn -0.4747 0.8448 -0.2470
vn -0.3258 0.9302 -0.1688
vn -0.6092 0.7265 -0.3178
vn -0.5215 0.8365 -0.1682
vn -0.3595 0.9260 -0.1155
vn -0.6653 0.7148 -0.2152
vn -0.5495 0.8311 -0.0851
vn -0.3799 0.9232 -0.0586
vn -0.6985 0.7073 -0.1085
vn -0.5589 0.8293 -0.0000
vn -0.3868 0.9222 -0.0000
vn -0.7095 0.7047 -0.0000
vn -0.5495 0.8311 0.0851
vn -0.3799 0.9232 0.0586
vn -0.6985 0.7073 0.1085
vn -0.5215 0.8365 0.1682
vn -0.3595 0.9260 0.1155
vn -0.6653 0.7148 0.2152
vn -0.4747 0.8448 0.2470
vn -0.3258 0.9302 0.1688
vn -0.6092 0.7265 0.3178
vn -0.4094 0.8549 0.3187
vn -0.2795 0.9354 0.2167
vn -0.5292 0.7411 0.4132
vn -0.3264 0.8654 0.3802
vn -0.2216 0.9406 0.2572
vn -0.4252 0.7565 0.4968
vn -0.2278 0.8746 0.4280
vn -0.1539 0.9452 0.2881
vn -0.2988 0.7704 0.5632
vn -0.1172 0.8810 0.4584
vn -0.0789 0.9483 0.3075
vn -0.1545 0.7801 0.6062
vn -0.0000 0.8832 0.4689
vn -0.0000 0.9494 0.3142
vn -0.0000 0.7836 0.6212
vn 0.1172 0.8810 0.4584
vn 0.0789 0.9483 0.3075
vn 0.1545 0.7801 0.6062
vn 0.2278 0.8746 0.4280
vn 0.1539 0.9452 0.2881
vn 0.2988 0.7704 0.5632
vn 0.3264 0.8654 0.3802
vn 0.2216 0.9406 0.2572
vn 0.4252 0.7565 0.4968
vn 0.4094 0.8549 0.3187
vn 0.2795 0.9354 0.2167
vn 0.5292 0.7411 0.4132
vn 0.4747 0.8448 0.2470
vn 0.3258 0.9302 0.1688
vn 0.6092 0.7265 0.3178
vn 0.5215 0.8365 0.1682
vn 0.3595 0.9260 0.1155
vn 0.6653 0.7148 0.2152
vn 0.5495 0.8311 0.0851
vn 0.3799 0.9232 0.0586
vn 0.6985 0.7073 0.1085
vn 0.5589 0.8293 -0.0000
vn 0.3868 0.9222 -0.0000
vn 0.7095 0.7047 -0.0000
vn 0.5495 0.8311 -0.0851
vn 0.3799 0.9232 -0.0586
vn 0.6985 0.7073 -0.1085
vn 0.5215 0.8365 -0.1682
vn 0.3595 0.9260 -0.1155
vn 0.6653 0.7148 -0.2152
vn 0.4747 0.8448 -0.2470
vn 0.3258 0.9302 -0.1688
vn 0.6092 0.7265 -0.3178
vn 0.4094 0.8549 -0.3187
vn 0.2795 0.9354 -0.2167
vn 0.5292 0.7411 -0.4132
vn 0.3264 0.8654 -0.3802
vn 0.2216 0.9406 -0.2571
vn 0.4252 0.7565 -0.4968
vn 0.2278 0.8746 -0.4280
vn 0.1539 0.9452 -0.2881
vn 0.2988 0.7704 -0.5632
vn 0.3637 0.6287 -0.6874
vn 0.1545 0.7801 -0.6062
vn 0.1891 0.6405 -0.7443
vn 0.2182 0.4594 -0.8610
vn -0.0000 0.6448 -0.7644
vn -0.0000 0.4634 -0.8861
vn -0.1891 0.6405 -0.7443
vn -0.2182 0.4594 -0.8610
vn -0.3637 0.6287 -0.6874
vn -0.4172 0.4482 -0.7906
vn -0.5134 0.6121 -0.6014
vn -0.5845 0.4329 -0.6863
vn -0.6334 0.5941 -0.4958
vn -0.7153 0.4166 -0.5610
vn -0.7234 0.5775 -0.3783
vn -0.8111 0.4019 -0.4250
vn -0.7852 0.5645 -0.2546
vn -0.8756 0.3905 -0.2843
vn -0.8212 0.5562 -0.1278
vn -0.9125 0.3834 -0.1423
vn -0.8329 0.5534 -0.0000
vn -0.9246 0.3810 -0.0000
vn -0.8212 0.5562 0.1278
vn -0.9125 0.3834 0.1423
vn -0.7852 0.5645 0.2546
vn -0.8756 0.3905 0.2843
vn -0.7234 0.5775 0.3783
vn -0.8111 0.4019 0.4250
vn -0.6334 0.5941 0.4958
vn -0.7153 0.4166 0.5610
vn -0.5134 0.6121 0.6014
vn -0.5845 0.4329 0.6863
vn -0.3637 0.6287 0.6874
vn -0.4172 0.4482 0.7906
vn -0.1891 0.6405 0.7443
vn -0.2182 0.4594 0.8610
vn -0.0000 0.6448 0.7644
vn -0.0000 0.4634 0.8861
vn 0.1891 0.6405 0.7443
vn 0.2182 0.4594 0.8610
vn 0.3637 0.6287 0.6874
vn 0.4172 0.4482 0.7906
vn 0.5134 0.6121 0.6014
vn 0.5845 0.4329 0.6863
vn 0.6334 0.5941 0.4958
vn 0.7153 0.4166 0.5610
vn 0.7234 0.5775 0.3783
vn 0.8111 0.4019 0.4250
vn 0.7852 0.5645 0.2546
vn 0.8756 0.3905 0.2843
vn 0.8212 0.5562 0.1278
vn 0.9125 0.3834 0.1423
vn 0.8329 0.5534 -0.0000
vn 0.9246 0.3810 -0.0000
vn 0.8212 0.5562 -0.1278
vn 0.9125 0.3834 -0.1423
vn 0.7852 0.5645 -0.2546
vn 0.8756 0.3905 -0.2843
vn 0.7234 0.5775 -0.3783
vn 0.8111 0.4019 -0.4250
vn 0.6334 0.5941 -0.4958
vn 0.7153 0.4166 -0.5610
vn 0.5134 0.6121 -0.6014
vn 0.5845 0.4329 -0.6863
vn 0.5379 -0.5521 -0.6371
vn 0.4172 0.4482 -0.7906
vn 0.3888 -0.5440 -0.7436
vn 0.2052 -0.5380 -0.8176
vn -0.0000 -0.5357 -0.8444
vn -0.2052 -0.5380 -0.8176
vn -0.3888 -0.5440 -0.7436
vn -0.5379 -0.5521 -0.6371
vn -0.6496 -0.5604 -0.5137
vn -0.7280 -0.5677 -0.3844
vn -0.7788 -0.5731 -0.2548
vn -0.8072 -0.5765 -0.1268
vn -0.8163 -0.5776 -0.0000
vn -0.8072 -0.5765 0.1268
vn -0.7789 -0.5731 0.2548
vn -0.7280 -0.5677 0.3844
vn -0.6496 -0.5604 0.5137
vn -0.5379 -0.5521 0.6371
vn -0.3888 -0.5440 0.7436
vn -0.2052 -0.5380 0.8176
vn -0.0000 -0.5357 0.8444
vn 0.2052 -0.5380 0.8176
vn 0.3888 -0.5440 0.7436
vn 0.5379 -0.5521 0.6371
vn 0.6496 -0.5604 0.5137
vn 0.7280 -0.5677 0.3844
vn 0.7788 -0.5731 0.2548
vn 0.8072 -0.5765 0.1268
vn 0.8163 -0.5776 -0.0000
vn 0.8072 -0.5765 -0.1268
vn 0.7789 -0.5731 -0.2548
vn 0.7280 -0.5677 -0.3844
vn 0.6496 -0.5604 -0.5137
vn 0.0790 0.9860 -0.1466
vn 0.0789 0.9483 -0.3075
vn 0.0405 0.9869 -0.1565
vn -0.0000 1.0000 -0.0000
vn -0.0000 0.9871 -0.1598
vn -0.0405 0.9869 -0.1565
vn -0.0790 0.9860 -0.1466
vn -0.1139 0.9848 -0.1310
vn -0.1438 0.9834 -0.1105
vn -0.1679 0.9820 -0.0862
vn -0.1854 0.9809 -0.0590
vn -0.1961 0.9801 -0.0300
vn -0.1997 0.9799 -0.0000
vn -0.1961 0.9801 0.0300
vn -0.1854 0.9809 0.0590
vn -0.1679 0.9820 0.0862
vn -0.1438 0.9834 0.1105
vn -0.1139 0.9848 0.1310
vn -0.0790 0.9860 0.1466
vn -0.0405 0.9869 0.1565
vn -0.0000 0.9871 0.1598
vn 0.0405 0.9869 0.1565
vn 0.0790 0.9860 0.1466
vn 0.1139 0.9848 0.1310
vn 0.1438 0.9834 0.1105
vn 0.1679 0.9820 0.0862
vn 0.1854 0.9809 0.0590
vn 0.1961 0.9801 0.0300
vn 0.1997 0.9799 -0.0000
vn 0.1961 0.9801 -0.0300
vn 0.1854 0.9809 -0.0590
vn 0.1679 0.9820 -0.0862
vn 0.1438 0.9834 -0.1105
vn 0.1139 0.9848 -0.1310
vn 0.7601 -0.1785 0.6248
vn -0.7601 -0.1785 0.6248
vn 0.7937 -0.1654 0.5853
vn -0.7937 -0.1654 0.5853
vn 0.8840 -0.1871 0.4284
vn 0.9893 0.0240 -0.1437
vn 0.8453 0.0182 -0.5340
vn 0.4723 0.1049 -0.8752
vn -0.0000 0.0326 -0.9995
vn -0.4723 0.1049 -0.8752
vn -0.8453 0.0182 -0.5340
vn -0.9893 0.0240 -0.1437
vn -0.8840 -0.1871 0.4284
vn -0.9657 -0.0802 0.2470
vn -0.9843 0.0514 -0.1687
vn -0.7680 -0.1864 -0.6127
vn -0.4210 -0.0609 -0.9050
vn -0.0000 -0.1217 -0.9926
vn 0.4210 -0.0609 -0.9050
vn 0.7680 -0.1864 -0.6127
vn 0.9843 0.0514 -0.1687
vn 0.9657 -0.0802 0.2470
vn -0.0000 0.8286 -0.5598
vn 0.1092 0.8286 -0.5490
vn -0.0000 0.9217 -0.3879
vn -0.0000 0.7041 -0.7101
vn -0.1092 0.8286 -0.5490
vn -0.0757 0.9217 -0.3804
vn -0.1385 0.7041 -0.6965
vn -0.2142 0.8286 -0.5172
vn -0.1484 0.9217 -0.3584
vn -0.2718 0.7041 -0.6561
vn -0.3110 0.8286 -0.4654
vn -0.2155 0.9217 -0.3225
vn -0.3945 0.7041 -0.5905
vn -0.3958 0.8286 -0.3958
vn -0.2743 0.9217 -0.2743
vn -0.5021 0.7041 -0.5021
vn -0.4654 0.8286 -0.3110
vn -0.3225 0.9217 -0.2155
vn -0.5905 0.7041 -0.3945
vn -0.5172 0.8286 -0.2142
vn -0.3584 0.9217 -0.1484
vn -0.6561 0.7041 -0.2718
vn -0.5490 0.8286 -0.1092
vn -0.3804 0.9217 -0.0757
vn -0.6965 0.7041 -0.1385
vn -0.5598 0.8286 -0.0000
vn -0.3879 0.9217 -0.0000
vn -0.7101 0.7041 -0.0000
vn -0.5490 0.8286 0.1092
vn -0.3804 0.9217 0.0757
vn -0.6965 0.7041 0.1385
vn -0.5172 0.8286 0.2142
vn -0.3584 0.9217 0.1484
vn -0.6561 0.7041 0.2718
vn -0.4654 0.8286 0.3110
vn -0.3225 0.9217 0.2155
vn -0.5905 0.7041 0.3945
vn -0.3958 0.8286 0.3958
vn -0.2743 0.9217 0.2743
vn -0.5021 0.7041 0.5021
vn -0.3110 0.8286 0.4654
vn -0.2155 0.9217 0.3225
vn -0.3945 0.7041 0.5905
vn -0.2142 0.8286 0.5172
vn -0.1484 0.9217 0.3584
vn -0.2718 0.7041 0.6561
vn -0.1092 0.8286 0.5490
vn -0.0757 0.9217 0.3804
vn -0.1385 0.7041 0.6965
vn -0.0000 0.8286 0.5598
vn -0.0000 0.9217 0.3879
vn -0.0000 0.7041 0.7101
vn 0.1092 0.8286 0.5490
vn 0.0757 0.9217 0.3804
vn 0.1385 0.7041 0.6965
vn 0.2142 0.8286 0.5172
vn 0.1484 0.9217 0.3584
vn 0.2718 0.7041 0.6561
vn 0.3110 0.8286 0.4654
vn 0.2155 0.9217 0.3225
vn 0.3945 0.7041 0.5905
vn 0.3958 0.8286 0.3958
vn 0.2743 0.9217 0.2743
vn 0.5021 0.7041 0.5021
vn 0.4654 0.8286 0.3110
vn 0.3225 0.9217 0.2155
vn 0.5905 0.7041 0.3945
vn 0.5172 0.8286 0.2142
vn 0.3584 0.9217 0.1484
vn 0.6561 0.7041 0.2718
vn 0.5490 0.8286 0.1092
vn 0.3804 0.9217 0.0757
vn 0.6965 0.7041 0.1385
vn 0.5598 0.8286 -0.0000
vn 0.3879 0.9217 -0.0000
vn 0.7101 0.7041 -0.0000
vn 0.5490 0.8286 -0.1092
vn 0.3804 0.9217 -0.0757
vn 0.6965 0.7041 -0.1385
vn 0.5172 0.8286 -0.2142
vn 0.3584 0.9217 -0.1484
vn 0.6561 0.7041 -0.2718
vn 0.4654 0.8286 -0.3110
vn 0.3225 0.9217 -0.2155
vn 0.5905 0.7041 -0.3945
vn 0.3958 0.8286 -0.3958
vn 0.2743 0.9217 -0.2743
vn 0.5021 0.7041 -0.5021
vn 0.3110 0.8286 -0.4654
vn 0.2155 0.9217 -0.3225
vn 0.3945 0.7041 -0.5905
vn 0.2142 0.8286 -0.5172
vn 0.1484 0.9217 -0.3584
vn 0.2718 0.7041 -0.6561
vn 0.3189 0.5528 -0.7699
vn 0.1385 0.7041 -0.6965
vn 0.1626 0.5528 -0.8173
vn 0.1804 0.3805 -0.9070
vn -0.0000 0.5528 -0.8333
vn -0.0000 0.3805 -0.9248
vn -0.1626 0.5528 -0.8173
vn -0.1804 0.3805 -0.9070
vn -0.3189 0.5528 -0.7699
vn -0.3539 0.3805 -0.8544
vn -0.4630 0.5528 -0.6929
vn -0.5138 0.3805 -0.7689
vn -0.5893 0.5528 -0.5893
vn -0.6539 0.3805 -0.6539
vn -0.6929 0.5528 -0.4630
vn -0.7689 0.3805 -0.5138
vn -0.7699 0.5528 -0.3189
vn -0.8544 0.3805 -0.3539
vn -0.8173 0.5528 -0.1626
vn -0.9070 0.3805 -0.1804
vn -0.8333 0.5528 -0.0000
vn -0.9248 0.3805 -0.0000
vn -0.8173 0.5528 0.1626
vn -0.9070 0.3805 0.1804
vn -0.7699 0.5528 0.3189
vn -0.8544 0.3805 0.3539
vn -0.6929 0.5528 0.4630
vn -0.7689 0.3805 0.5138
vn -0.5893 0.5528 0.5893
vn -0.6539 0.3805 0.6539
vn -0.4630 0.5528 0.6929
vn -0.5138 0.3805 0.7689
vn -0.3189 0.5528 0.7699
vn -0.3539 0.3805 0.8544
vn -0.1626 0.5528 0.8173
vn -0.1804 0.3805 0.9070
vn -0.0000 0.5528 0.8333
vn -0.0000 0.3805 0.9248
vn 0.1626 0.5528 0.8173
vn 0.1804 0.3805 0.9070
vn 0.3189 0.5528 0.7699
vn 0.3539 0.3805 0.8544
vn 0.4630 0.5528 0.6929
vn 0.5138 0.3805 0.7689
vn 0.5893 0.5528 0.5893
vn 0.6539 0.3805 0.6539
vn 0.6929 0.5528 0.4630
vn 0.7689 0.3805 0.5138
vn 0.7699 0.5528 0.3189
vn 0.8544 0.3805 0.3539
vn 0.8173 0.5528 0.1626
vn 0.9070 0.3805 0.1804
vn 0.8333 0.5528 -0.0000
vn 0.9248 0.3805 -0.0000
vn 0.8173 0.5528 -0.1626
vn 0.9070 0.3805 -0.1804
vn 0.7699 0.5528 -0.3189
vn 0.8544 0.3805 -0.3539
vn 0.6929 0.5528 -0.4630
vn 0.7689 0.3805 -0.5138
vn 0.5893 0.5528 -0.5893
vn 0.6539 0.3805 -0.6539
vn 0.4630 0.5528 -0.6929
vn 0.5138 0.3805 -0.7689
vn 0.5450 0.1939 -0.8157
vn 0.3539 0.3805 -0.8544
vn 0.3754 0.1939 -0.9063
vn 0.3827 -0.0000 -0.9239
vn 0.1914 0.1939 -0.9622
vn 0.1951 -0.0000 -0.9808
vn -0.0000 0.1939 -0.9810
vn -0.0000 -0.0000 -1.0000
vn -0.1914 0.1939 -0.9622
vn -0.1951 -0.0000 -0.9808
vn -0.3754 0.1939 -0.9063
vn -0.3827 -0.0000 -0.9239
vn -0.5450 0.1939 -0.8157
vn -0.5556 -0.0000 -0.8315
vn -0.6937 0.1939 -0.6937
vn -0.7071 -0.0000 -0.7071
vn -0.8157 0.1939 -0.5450
vn -0.8315 -0.0000 -0.5556
vn -0.9063 0.1939 -0.3754
vn -0.9239 -0.0000 -0.3827
vn -0.9622 0.1939 -0.1914
vn -0.9808 -0.0000 -0.1951
vn -0.9810 0.1939 -0.0000
vn -1.0000 -0.0000 -0.0000
vn -0.9622 0.1939 0.1914
vn -0.9808 -0.0000 0.1951
vn -0.9063 0.1939 0.3754
vn -0.9239 -0.0000 0.3827
vn -0.8157 0.1939 0.5450
vn -0.8315 -0.0000 0.5556
vn -0.6937 0.1939 0.6937
vn -0.7071 -0.0000 0.7071
vn -0.5450 0.1939 0.8157
vn -0.5556 -0.0000 0.8315
vn -0.3754 0.1939 0.9063
vn -0.3827 -0.0000 0.9239
vn -0.1914 0.1939 0.9622
vn -0.1951 -0.0000 0.9808
vn -0.0000 0.1939 0.9810
vn -0.0000 -0.0000 1.0000
vn 0.1914 0.1939 0.9622
vn 0.1951 -0.0000 0.9808
vn 0.3754 0.1939 0.9063
vn 0.3827 -0.0000 0.9239
vn 0.5450 0.1939 0.8157
vn 0.5556 -0.0000 0.8315
vn 0.6937 0.1939 0.6937
vn 0.7071 -0.0000 0.7071
vn 0.8157 0.1939 0.5450
vn 0.8315 -0.0000 0.5556
vn 0.9063 0.1939 0.3754
vn 0.9239 -0.0000 0.3827
vn 0.9622 0.1939 0.1914
vn 0.9808 -0.0000 0.1951
vn 0.9810 0.1939 -0.0000
vn 1.0000 -0.0000 -0.0000
vn 0.9622 0.1939 -0.1914
vn 0.9808 -0.0000 -0.1951
vn 0.9063 0.1939 -0.3754
vn 0.9239 -0.0000 -0.3827
vn 0.8157 0.1939 -0.5450
vn 0.8315 -0.0000 -0.5556
vn 0.6937 0.1939 -0.6937
vn 0.7071 -0.0000 -0.7071
vn 0.6937 -0.1939 -0.6937
vn 0.5556 -0.0000 -0.8315
vn 0.5450 -0.1939 -0.8157
vn 0.5138 -0.3805 -0.7689
vn 0.3754 -0.1939 -0.9063
vn 0.3539 -0.3805 -0.8544
vn 0.1914 -0.1939 -0.9622
vn 0.1804 -0.3805 -0.9070
vn -0.0000 -0.1939 -0.9810
vn -0.0000 -0.3805 -0.9248
vn -0.1914 -0.1939 -0.9622
vn -0.1804 -0.3805 -0.9070
vn -0.3754 -0.1939 -0.9063
vn -0.3539 -0.3805 -0.8544
vn -0.5450 -0.1939 -0.8157
vn -0.5138 -0.3805 -0.7689
vn -0.6937 -0.1939 -0.6937
vn -0.6539 -0.3805 -0.6539
vn -0.8157 -0.1939 -0.5450
vn -0.7689 -0.3805 -0.5138
vn -0.9063 -0.1939 -0.3754
vn -0.8544 -0.3805 -0.3539
vn -0.9622 -0.1939 -0.1914
vn -0.9070 -0.3805 -0.1804
vn -0.9810 -0.1939 -0.0000
vn -0.9248 -0.3805 -0.0000
vn -0.9622 -0.1939 0.1914
vn -0.9070 -0.3805 0.1804
vn -0.9063 -0.1939 0.3754
vn -0.8544 -0.3805 0.3539
vn -0.8157 -0.1939 0.5450
vn -0.7689 -0.3805 0.5138
vn -0.6937 -0.1939 0.6937
vn -0.6539 -0.3805 0.6539
vn -0.5450 -0.1939 0.8157
vn -0.5138 -0.3805 0.7689
vn -0.3754 -0.1939 0.9063
vn -0.3539 -0.3805 0.8544
vn -0.1914 -0.1939 0.9622
vn -0.1804 -0.3805 0.9070
vn -0.0000 -0.1939 0.9810
vn -0.0000 -0.3805 0.9248
vn 0.1914 -0.1939 0.9622
vn 0.1804 -0.3805 0.9070
vn 0.3754 -0.1939 0.9063
vn 0.3539 -0.3805 0.8544
vn 0.5450 -0.1939 0.8157
vn 0.5138 -0.3805 0.7689
vn 0.6937 -0.1939 0.6937
vn 0.6539 -0.3805 0.6539
vn 0.8157 -0.1939 0.5450
vn 0.7689 -0.3805 0.5138
vn 0.9063 -0.1939 0.3754
vn 0.8544 -0.3805 0.3539
vn 0.9622 -0.1939 0.1914
vn 0.9070 -0.3805 0.1804
vn 0.9810 -0.1939 -0.0000
vn 0.9248 -0.3805 -0.0000
vn 0.9622 -0.1939 -0.1914
vn 0.9070 -0.3805 -0.1804
vn 0.9063 -0.1939 -0.3754
vn 0.8544 -0.3805 -0.3539
vn 0.8157 -0.1939 -0.5450
vn 0.7689 -0.3805 -0.5138
vn 0.6929 -0.5528 -0.4630
vn 0.6539 -0.3805 -0.6539
vn 0.5893 -0.5528 -0.5893
vn 0.5021 -0.7041 -0.5021
vn 0.4630 -0.5528 -0.6929
vn 0.3945 -0.7041 -0.5905
vn 0.3189 -0.5528 -0.7699
vn 0.2718 -0.7041 -0.6561
vn 0.1626 -0.5528 -0.8173
vn 0.1385 -0.7041 -0.6965
vn -0.0000 -0.5528 -0.8333
vn -0.0000 -0.7041 -0.7101
vn -0.1626 -0.5528 -0.8173
vn -0.1385 -0.7041 -0.6965
vn -0.3189 -0.5528 -0.7699
vn -0.2718 -0.7041 -0.6561
vn -0.4630 -0.5528 -0.6929
vn -0.3945 -0.7041 -0.5905
vn -0.5893 -0.5528 -0.5893
vn -0.5021 -0.7041 -0.5021
vn -0.6929 -0.5528 -0.4630
vn -0.5905 -0.7041 -0.3945
vn -0.7699 -0.5528 -0.3189
vn -0.6561 -0.7041 -0.2718
vn -0.8173 -0.5528 -0.1626
vn -0.6965 -0.7041 -0.1385
vn -0.8333 -0.5528 -0.0000
vn -0.7101 -0.7041 -0.0000
vn -0.8173 -0.5528 0.1626
vn -0.6965 -0.7041 0.1385
vn -0.7699 -0.5528 0.3189
vn -0.6561 -0.7041 0.2718
vn -0.6929 -0.5528 0.4630
vn -0.5905 -0.7041 0.3945
vn -0.5893 -0.5528 0.5893
vn -0.5021 -0.7041 0.5021
vn -0.4630 -0.5528 0.6929
vn -0.3945 -0.7041 0.5905
vn -0.3189 -0.5528 0.7699
vn -0.2718 -0.7041 0.6561
vn -0.1626 -0.5528 0.8173
vn -0.1385 -0.7041 0.6965
vn -0.0000 -0.5528 0.8333
vn -0.0000 -0.7041 0.7101
vn 0.1626 -0.5528 0.8173
vn 0.1385 -0.7041 0.6965
vn 0.3189 -0.5528 0.7699
vn 0.2718 -0.7041 0.6561
vn 0.4630 -0.5528 0.6929
vn 0.3945 -0.7041 0.5905
vn 0.5893 -0.5528 0.5893
vn 0.5021 -0.7041 0.5021
vn 0.6929 -0.5528 0.4630
vn 0.5905 -0.7041 0.3945
vn 0.7699 -0.5528 0.3189
vn 0.6561 -0.7041 0.2718
vn 0.8173 -0.5528 0.1626
vn 0.6965 -0.7041 0.1385
vn 0.8333 -0.5528 -0.0000
vn 0.7101 -0.7041 -0.0000
vn 0.8173 -0.5528 -0.1626
vn 0.6965 -0.7041 -0.1385
vn 0.7699 -0.5528 -0.3189
vn 0.6561 -0.7041 -0.2718
vn 0.5172 -0.8286 -0.2142
vn 0.5905 -0.7041 -0.3945
vn 0.4654 -0.8286 -0.3110
vn 0.3225 -0.9217 -0.2155
vn 0.3958 -0.8286 -0.3958
vn 0.2743 -0.9217 -0.2743
vn 0.3110 -0.8286 -0.4654
vn 0.2155 -0.9217 -0.3225
vn 0.2142 -0.8286 -0.5172
vn 0.1484 -0.9217 -0.3584
vn 0.1092 -0.8286 -0.5490
vn 0.0757 -0.9217 -0.3804
vn -0.0000 -0.8286 -0.5598
vn -0.0000 -0.9217 -0.3879
vn -0.1092 -0.8286 -0.5490
vn -0.0757 -0.9217 -0.3804
vn -0.2142 -0.8286 -0.5172
vn -0.1484 -0.9217 -0.3584
vn -0.3110 -0.8286 -0.4654
vn -0.2155 -0.9217 -0.3225
vn -0.3958 -0.8286 -0.3958
vn -0.2743 -0.9217 -0.2743
vn -0.4654 -0.8286 -0.3110
vn -0.3225 -0.9217 -0.2155
vn -0.5172 -0.8286 -0.2142
vn -0.3584 -0.9217 -0.1484
vn -0.5490 -0.8286 -0.1092
vn -0.3804 -0.9217 -0.0757
vn -0.5598 -0.8286 -0.0000
vn -0.3879 -0.9217 -0.0000
vn -0.5490 -0.8286 0.1092
vn -0.3804 -0.9217 0.0757
vn -0.5172 -0.8286 0.2142
vn -0.3584 -0.9217 0.1484
vn -0.4654 -0.8286 0.3110
vn -0.3225 -0.9217 0.2155
vn -0.3958 -0.8286 0.3958
vn -0.2743 -0.9217 0.2743
vn -0.3110 -0.8286 0.4654
vn -0.2155 -0.9217 0.3225
vn -0.2142 -0.8286 0.5172
vn -0.1484 -0.9217 0.3584
vn -0.1092 -0.8286 0.5490
vn -0.0757 -0.9217 0.3804
vn -0.0000 -0.8286 0.5598
vn -0.0000 -0.9217 0.3879
vn 0.1092 -0.8286 0.5490
vn 0.0757 -0.9217 0.3804
vn 0.2142 -0.8286 0.5172
vn 0.1484 -0.9217 0.3584
vn 0.3110 -0.8286 0.4654
vn 0.2155 -0.9217 0.3225
vn 0.3958 -0.8286 0.3958
vn 0.2743 -0.9217 0.2743
vn 0.4654 -0.8286 0.3110
vn 0.3225 -0.9217 0.2155
vn 0.5172 -0.8286 0.2142
vn 0.3584 -0.9217 0.1484
vn 0.5490 -0.8286 0.1092
vn 0.3804 -0.9217 0.0757
vn 0.5598 -0.8286 -0.0000
vn 0.3879 -0.9217 -0.0000
vn 0.5490 -0.8286 -0.1092
vn 0.3804 -0.9217 -0.0757
vn 0.1971 -0.9796 -0.0392
vn 0.3584 -0.9217 -0.1484
vn 0.1857 -0.9796 -0.0769
vn 0.1671 -0.9796 -0.1117
vn -0.0000 -1.0000 -0.0000
vn -0.1421 -0.9796 0.1421
vn -0.0000 -0.9796 -0.2010
vn 0.0392 -0.9796 -0.1971
vn 0.0769 -0.9796 -0.1857
vn 0.1116 -0.9796 -0.1671
vn 0.1421 -0.9796 -0.1421
vn 0.2010 -0.9796 -0.0000
vn 0.1971 -0.9796 0.0392
vn 0.1857 -0.9796 0.0769
vn 0.1671 -0.9796 0.1117
vn 0.1421 -0.9796 0.1421
vn 0.1116 -0.9796 0.1671
vn 0.0769 -0.9796 0.1857
vn 0.0392 -0.9796 0.1971
vn -0.0000 -0.9796 0.2010
vn -0.0392 -0.9796 0.1971
vn -0.0769 -0.9796 0.1857
vn -0.1116 -0.9796 0.1671
vn -0.1671 -0.9796 0.1117
vn -0.1857 -0.9796 0.0769
vn -0.1971 -0.9796 0.0392
vn -0.2010 -0.9796 -0.0000
vn -0.1971 -0.9796 -0.0392
vn -0.1857 -0.9796 -0.0769
vn -0.1671 -0.9796 -0.1116
vn -0.1421 -0.9796 -0.1421
vn -0.1116 -0.9796 -0.1671
vn -0.0769 -0.9796 -0.1857
vn -0.0392 -0.9796 -0.1971
vn 0.0769 0.9796 -0.1857
vn 0.0757 0.9217 -0.3804
vn 0.0392 0.9796 -0.1971
vn -0.0000 0.9796 -0.2010
vn -0.0392 0.9796 -0.1971
vn -0.0769 0.9796 -0.1857
vn -0.1117 0.9796 -0.1671
vn -0.1421 0.9796 -0.1421
vn -0.1671 0.9796 -0.1117
vn -0.1857 0.9796 -0.0769
vn -0.1971 0.9796 -0.0392
vn -0.2010 0.9796 -0.0000
vn -0.1971 0.9796 0.0392
vn -0.1857 0.9796 0.0769
vn -0.1671 0.9796 0.1117
vn -0.1421 0.9796 0.1421
vn -0.1117 0.9796 0.1671
vn -0.0769 0.9796 0.1857
vn -0.0392 0.9796 0.1971
vn -0.0000 0.9796 0.2010
vn 0.0392 0.9796 0.1971
vn 0.0769 0.9796 0.1857
vn 0.1117 0.9796 0.1671
vn 0.1421 0.9796 0.1421
vn 0.1671 0.9796 0.1117
vn 0.1857 0.9796 0.0769
vn 0.1971 0.9796 0.0392
vn 0.2010 0.9796 -0.0000
vn 0.1971 0.9796 -0.0392
vn 0.1857 0.9796 -0.0769
vn 0.1671 0.9796 -0.1117
vn 0.1421 0.9796 -0.1421
vn 0.1117 0.9796 -0.1671
vn -0.9126 0.3834 -0.1423
vn 0.9126 0.3834 -0.1423
vn -0.0000 -0.6857 -0.7279
vn 0.1420 -0.6857 -0.7139
vn -0.0000 0.6857 -0.7279
vn -0.1420 -0.6857 -0.7139
vn -0.2785 -0.6857 -0.6725
vn -0.1420 0.6857 -0.7139
vn -0.2786 0.6857 -0.6725
vn -0.4044 0.6857 -0.6052
vn -0.5147 0.6857 -0.5147
vn -0.4044 -0.6857 -0.6052
vn -0.5147 -0.6857 -0.5147
vn -0.6052 -0.6857 -0.4044
vn -0.6725 -0.6857 -0.2785
vn -0.6052 0.6857 -0.4044
vn -0.6725 0.6857 -0.2786
vn -0.7139 0.6857 -0.1420
vn -0.7279 0.6857 -0.0000
vn -0.7139 -0.6857 -0.1420
vn -0.7278 -0.6857 -0.0000
vn -0.7139 -0.6857 0.1420
vn -0.6725 -0.6857 0.2786
vn -0.7139 0.6857 0.1420
vn -0.6725 0.6857 0.2786
vn -0.6052 0.6857 0.4044
vn -0.5147 0.6857 0.5147
vn -0.6052 -0.6857 0.4044
vn -0.5147 -0.6857 0.5147
vn -0.4044 -0.6857 0.6052
vn -0.2786 -0.6857 0.6725
vn -0.4044 0.6857 0.6052
vn -0.2786 0.6857 0.6725
vn -0.1420 0.6857 0.7139
vn -0.0000 0.6857 0.7279
vn -0.1420 -0.6857 0.7139
vn -0.0000 -0.6857 0.7279
vn 0.1420 -0.6857 0.7139
vn 0.2786 -0.6857 0.6725
vn 0.1420 0.6857 0.7139
vn 0.2786 0.6857 0.6725
vn 0.4044 0.6857 0.6052
vn 0.5147 0.6857 0.5147
vn 0.4044 -0.6857 0.6052
vn 0.5148 -0.6856 0.5147
vn 0.6052 -0.6857 0.4044
vn 0.6725 -0.6857 0.2786
vn 0.6052 0.6857 0.4044
vn 0.6725 0.6857 0.2786
vn 0.7139 0.6857 0.1420
vn 0.7279 0.6857 -0.0000
vn 0.7139 -0.6857 0.1420
vn 0.7279 -0.6857 -0.0000
vn 0.7139 -0.6857 -0.1420
vn 0.6725 -0.6857 -0.2786
vn 0.7139 0.6857 -0.1420
vn 0.6725 0.6857 -0.2786
vn 0.6052 0.6857 -0.4044
vn 0.5147 0.6857 -0.5147
vn 0.6052 -0.6857 -0.4044
vn 0.5147 -0.6857 -0.5147
vn 0.4044 -0.6857 -0.6052
vn 0.2785 -0.6857 -0.6725
vn 0.4044 0.6857 -0.6052
vn 0.2786 0.6857 -0.6725
vn 0.1420 0.6857 -0.7139
vn -0.7279 -0.6857 -0.0000
vn -0.5147 -0.6856 0.5147
vn 0.6725 -0.6857 -0.2785
vn -0.6120 -0.4801 0.6285
vn -0.8293 -0.5588 -0.0016
vn -0.5419 0.7202 0.4333
vn -0.0000 -0.5698 0.8218
vn 0.6120 -0.4801 0.6285
vn -0.0000 0.9674 0.2534
vn 0.5419 0.7202 0.4333
vn 0.3343 -0.8786 -0.3410
vn -0.3343 -0.8786 -0.3410
vn 0.3343 -0.8786 0.3410
vn -0.3343 -0.8786 0.3410
vn -0.0000 0.9674 -0.2534
vn -0.1361 0.9907 -0.0000
vn 0.1361 0.9907 -0.0000
vn 0.5413 0.7210 -0.4326
vn 0.8293 -0.5588 -0.0016
vn 0.6190 -0.4609 -0.6359
vn -0.0000 -0.5712 -0.8208
vn -0.6190 -0.4609 -0.6359
vn -0.5413 0.7210 -0.4326
vn 0.2563 -0.7041 -0.6622
vn 0.1074 -0.7267 -0.6785
vn -0.0365 -0.7399 -0.6717
vn -0.1811 -0.7241 -0.6655
vn -0.3204 -0.6795 -0.6600
vn -0.4486 -0.6075 -0.6555
vn -0.5601 -0.5109 -0.6521
vn -0.8170 0.2181 -0.5337
vn 0.1498 -0.9879 0.0392
vn -0.0422 -0.9962 0.0757
vn -0.2325 -0.9664 0.1092
vn -0.4137 -0.8998 0.1385
vn -0.5790 -0.7990 0.1626
vn -0.7221 -0.6678 0.1804
vn -0.9514 0.2632 0.1599
vn 0.1606 -0.9840 0.0769
vn -0.0215 -0.9887 0.1484
vn -0.2026 -0.9556 0.2142
vn -0.3757 -0.8860 0.2718
vn -0.5344 -0.7827 0.3189
vn -0.6727 -0.6498 0.3539
vn -0.9075 0.2793 0.3137
vn 0.1780 -0.9777 0.1117
vn 0.0122 -0.9764 0.2155
vn -0.1540 -0.9379 0.3110
vn -0.3141 -0.8635 0.3945
vn -0.4621 -0.7564 0.4630
vn -0.5924 -0.6206 0.5138
vn -0.8364 0.3052 0.4554
vn 0.2015 -0.9691 0.1421
vn 0.0575 -0.9599 0.2743
vn -0.0885 -0.9140 0.3958
vn -0.2311 -0.8333 0.5021
vn -0.3647 -0.7210 0.5893
vn -0.4843 -0.5812 0.6539
vn -0.7406 0.3400 0.5796
vn 0.2301 -0.9587 0.1671
vn 0.1127 -0.9398 0.3225
vn -0.0088 -0.8850 0.4654
vn -0.1299 -0.7965 0.5905
vn -0.2460 -0.6778 0.6929
vn -0.3526 -0.5333 0.7689
vn -0.6238 0.3825 0.6816
vn 0.2628 -0.9468 0.1857
vn 0.1758 -0.9169 0.3584
vn 0.0821 -0.8519 0.5172
vn -0.0146 -0.7545 0.6561
vn -0.1106 -0.6285 0.7699
vn -0.2024 -0.4786 0.8544
vn -0.4907 0.4310 0.7573
vn 0.2982 -0.9339 0.1971
vn 0.2441 -0.8920 0.3804
vn 0.1808 -0.8160 0.5490
vn 0.1106 -0.7090 0.6965
vn 0.0363 -0.5750 0.8173
vn -0.0394 -0.4193 0.9070
vn -0.3462 0.4836 0.8039
vn 0.3350 -0.9205 0.2010
vn 0.3152 -0.8661 0.3879
vn 0.2834 -0.7787 0.5598
vn 0.2408 -0.6616 0.7101
vn 0.1891 -0.5194 0.8333
vn 0.1302 -0.3576 0.9248
vn -0.1959 0.5383 0.8197
vn 0.3719 -0.9071 0.1971
vn 0.3864 -0.8402 0.3804
vn 0.3860 -0.7413 0.5490
vn 0.3710 -0.6142 0.6965
vn 0.3418 -0.4638 0.8173
vn 0.2997 -0.2959 0.9070
vn -0.0456 0.5929 0.8040
vn 0.4073 -0.8942 0.1857
vn 0.4547 -0.8154 0.3584
vn 0.4847 -0.7054 0.5172
vn 0.4962 -0.5687 0.6561
vn 0.4887 -0.4104 0.7699
vn 0.4627 -0.2365 0.8544
vn 0.0989 0.6455 0.7573
vn 0.4400 -0.8823 0.1671
vn 0.5177 -0.7924 0.3225
vn 0.5757 -0.6723 0.4654
vn 0.6115 -0.5267 0.5905
vn 0.6241 -0.3611 0.6929
vn 0.6129 -0.1819 0.7689
vn 0.2320 0.6940 0.6816
vn 0.4686 -0.8719 0.1421
vn 0.5730 -0.7723 0.2743
vn 0.6554 -0.6433 0.3958
vn 0.7127 -0.4899 0.5021
vn 0.7428 -0.3179 0.5893
vn 0.7446 -0.1339 0.6539
vn 0.3487 0.7365 0.5796
vn 0.4921 -0.8634 0.1117
vn 0.6183 -0.7558 0.2155
vn 0.7208 -0.6195 0.3110
vn 0.7957 -0.4596 0.3945
vn 0.8402 -0.2824 0.4630
vn 0.8527 -0.0946 0.5138
vn 0.4445 0.7714 0.4554
vn 0.5095 -0.8570 0.0769
vn 0.6520 -0.7436 0.1484
vn 0.7694 -0.6018 0.2142
vn 0.8573 -0.4372 0.2718
vn 0.9125 -0.2561 0.3189
vn 0.9330 -0.0654 0.3539
vn 0.5157 0.7973 0.3137
vn 0.5203 -0.8531 0.0392
vn 0.6727 -0.7360 0.0757
vn 0.7993 -0.5909 0.1092
vn 0.8953 -0.4234 0.1385
vn 0.9571 -0.2399 0.1626
vn 0.9824 -0.0474 0.1804
vn 0.5596 0.8132 0.1599
vn 0.3849 -0.6257 -0.6785
vn 0.5036 -0.5433 -0.6717
vn 0.6042 -0.4383 -0.6655
vn 0.6822 -0.3146 -0.6600
vn 0.7342 -0.1770 -0.6555
vn 0.7575 -0.0313 -0.6521
vn 0.4857 0.6922 -0.5338
vn -0.3167 -0.6791 -0.6622
vn -0.4379 -0.5898 -0.6785
vn -0.5490 -0.4974 -0.6717
vn -0.6401 -0.3840 -0.6655
vn -0.7071 -0.2539 -0.6600
vn -0.7468 -0.1124 -0.6555
vn -0.7573 0.0348 -0.6521
vn -0.4235 0.7320 -0.5337
vn -0.5926 -0.8045 0.0392
vn -0.7343 -0.6746 0.0757
vn -0.8478 -0.5190 0.1092
vn -0.9288 -0.3437 0.1385
vn -0.9744 -0.1556 0.1626
vn -0.9828 0.0384 0.1804
vn -0.4866 0.8589 0.1599
vn -0.5823 -0.8094 0.0769
vn -0.7143 -0.6839 0.1484
vn -0.8189 -0.5324 0.2142
vn -0.8922 -0.3608 0.2718
vn -0.9314 -0.1756 0.3189
vn -0.9351 0.0162 0.3539
vn -0.4443 0.8392 0.3137
vn -0.5654 -0.8172 0.1117
vn -0.6818 -0.6990 0.2155
vn -0.7720 -0.5543 0.3110
vn -0.8327 -0.3886 0.3945
vn -0.8616 -0.2081 0.4630
vn -0.8577 -0.0199 0.5138
vn -0.3756 0.8072 0.4554
vn -0.5428 -0.8278 0.1421
vn -0.6381 -0.7194 0.2743
vn -0.7089 -0.5837 0.3958
vn -0.7526 -0.4259 0.5021
vn -0.7677 -0.2519 0.5893
vn -0.7535 -0.0685 0.6539
vn -0.2832 0.7641 0.5796
vn -0.5152 -0.8406 0.1671
vn -0.5848 -0.7443 0.3225
vn -0.6321 -0.6196 0.4654
vn -0.6551 -0.4714 0.5905
vn -0.6532 -0.3053 0.6929
vn -0.6265 -0.1278 0.7689
vn -0.1707 0.7116 0.6816
vn -0.4837 -0.8553 0.1857
vn -0.5241 -0.7726 0.3584
vn -0.5443 -0.6605 0.5172
vn -0.5438 -0.5232 0.6561
vn -0.5226 -0.3662 0.7699
vn -0.4816 -0.1953 0.8544
vn -0.0422 0.6517 0.7573
vn -0.4495 -0.8712 0.1971
vn -0.4581 -0.8034 0.3804
vn -0.4492 -0.7049 0.5490
vn -0.4231 -0.5795 0.6965
vn -0.3809 -0.4323 0.8173
vn -0.3243 -0.2686 0.9070
vn 0.0971 0.5867 0.8040
vn -0.4140 -0.8878 0.2010
vn -0.3895 -0.8354 0.3879
vn -0.3502 -0.7510 0.5598
vn -0.2975 -0.6381 0.7101
vn -0.2336 -0.5010 0.8333
vn -0.1608 -0.3449 0.9248
vn 0.2421 0.5191 0.8197
vn -0.3785 -0.9044 0.1971
vn -0.3209 -0.8673 0.3804
vn -0.2512 -0.7972 0.5490
vn -0.1720 -0.6966 0.6965
vn -0.0863 -0.5697 0.8173
vn 0.0027 -0.4211 0.9070
vn 0.3870 0.4515 0.8039
vn -0.3443 -0.9203 0.1857
vn -0.2550 -0.8981 0.3584
vn -0.1561 -0.8415 0.5172
vn -0.0513 -0.7529 0.6561
vn 0.0554 -0.6357 0.7699
vn 0.1599 -0.4944 0.8544
vn 0.5264 0.3866 0.7573
vn -0.3128 -0.9350 0.1671
vn -0.1942 -0.9264 0.3225
vn -0.0683 -0.8824 0.4654
vn 0.0600 -0.8048 0.5905
vn 0.1860 -0.6966 0.6929
vn 0.3048 -0.5620 0.7689
vn 0.6548 0.3267 0.6815
vn -0.2852 -0.9479 0.1421
vn -0.1410 -0.9513 0.2743
vn 0.0085 -0.9183 0.3958
vn 0.1576 -0.8503 0.5021
vn 0.3004 -0.7500 0.5893
vn 0.4318 -0.6212 0.6539
vn 0.7674 0.2742 0.5796
vn -0.2626 -0.9584 0.1116
vn -0.0972 -0.9717 0.2155
vn 0.0716 -0.9477 0.3110
vn 0.2376 -0.8876 0.3945
vn 0.3944 -0.7938 0.4630
vn 0.5360 -0.6698 0.5138
vn 0.8598 0.2311 0.4554
vn -0.2457 -0.9663 0.0769
vn -0.0647 -0.9868 0.1484
vn 0.1185 -0.9696 0.2142
vn 0.2971 -0.9154 0.2718
vn 0.4642 -0.8263 0.3189
vn 0.6135 -0.7060 0.3539
vn 0.9284 0.1991 0.3137
vn -0.2354 -0.9711 0.0392
vn -0.0447 -0.9961 0.0757
vn 0.1474 -0.9830 0.1092
vn 0.3337 -0.9324 0.1385
vn 0.5071 -0.8464 0.1626
vn 0.6612 -0.7282 0.1804
vn 0.9707 0.1794 0.1599
vn -0.1703 -0.7146 -0.6785
vn -0.0281 -0.7403 -0.6717
vn 0.1173 -0.7372 -0.6655
vn 0.2600 -0.7048 -0.6600
vn 0.3940 -0.6443 -0.6555
vn 0.5135 -0.5578 -0.6521
vn 0.8329 0.1460 -0.5338
vt 0.352900 0.682744
vt 0.354411 0.687174
vt 0.352384 0.687174
vt 0.354512 0.691433
vt 0.351931 0.691433
vt 0.129515 0.661777
vt 0.131027 0.657347
vt 0.131543 0.661777
vt 0.129415 0.666036
vt 0.131996 0.666036
vt 0.680224 0.767599
vt 0.681616 0.763316
vt 0.682297 0.767694
vt 0.680238 0.771795
vt 0.682877 0.771915
vt 0.802781 0.819125
vt 0.804189 0.815040
vt 0.804933 0.819325
vt 0.802809 0.823220
vt 0.805548 0.823475
vt 0.680451 0.833085
vt 0.681912 0.829192
vt 0.682705 0.833340
vt 0.680485 0.837059
vt 0.683354 0.837383
vt 0.517570 0.835555
vt 0.519115 0.831815
vt 0.519937 0.835801
vt 0.517602 0.839404
vt 0.520614 0.839717
vt 0.806045 0.887251
vt 0.804400 0.890904
vt 0.803573 0.887082
vt 0.806025 0.883511
vt 0.802879 0.883296
vt 0.023027 0.921386
vt 0.021282 0.925036
vt 0.020477 0.921353
vt 0.023023 0.917721
vt 0.019778 0.917679
vt 0.171113 0.918276
vt 0.173141 0.914646
vt 0.173701 0.918276
vt 0.170897 0.921908
vt 0.174192 0.921908
vt 0.241398 0.942784
vt 0.243427 0.946414
vt 0.240838 0.946414
vt 0.243642 0.950046
vt 0.240348 0.950046
vt 0.477692 0.906458
vt 0.475946 0.902807
vt 0.478496 0.902775
vt 0.475950 0.899142
vt 0.479195 0.899101
vt 0.886425 0.888516
vt 0.884780 0.884863
vt 0.887252 0.884694
vt 0.884800 0.881123
vt 0.887946 0.880908
vt 0.061784 0.861474
vt 0.060239 0.857734
vt 0.062606 0.857488
vt 0.060270 0.853885
vt 0.063282 0.853572
vt 0.641105 0.829192
vt 0.642566 0.833085
vt 0.640312 0.833340
vt 0.642532 0.837059
vt 0.639663 0.837383
vt 0.804491 0.682389
vt 0.805900 0.686474
vt 0.803747 0.686674
vt 0.805871 0.690569
vt 0.803132 0.690824
vt 0.477439 0.777520
vt 0.476047 0.773236
vt 0.478120 0.773141
vt 0.476061 0.769041
vt 0.478700 0.768920
vt 0.763465 0.682744
vt 0.764977 0.687174
vt 0.762949 0.687174
vt 0.765078 0.691433
vt 0.762497 0.691433
vt 0.351397 0.753862
vt 0.352909 0.749432
vt 0.353425 0.753862
vt 0.351296 0.758121
vt 0.353877 0.758121
vt 0.561019 0.773236
vt 0.559627 0.777520
vt 0.558945 0.773142
vt 0.561005 0.769041
vt 0.558366 0.768921
vt 0.284671 0.792916
vt 0.283263 0.797000
vt 0.282519 0.792715
vt 0.284643 0.788821
vt 0.281903 0.788566
vt 0.846952 0.689302
vt 0.845490 0.693195
vt 0.844697 0.689047
vt 0.846918 0.685328
vt 0.844048 0.685004
vt 0.174337 0.858407
vt 0.172793 0.862147
vt 0.171970 0.858161
vt 0.174306 0.854558
vt 0.171294 0.854245
vt 0.884699 0.684931
vt 0.886344 0.681278
vt 0.887171 0.685100
vt 0.884719 0.688671
vt 0.887866 0.688886
vt 0.060256 0.917751
vt 0.062002 0.914101
vt 0.062806 0.917784
vt 0.060260 0.921416
vt 0.063505 0.921458
vt 0.376305 0.948779
vt 0.374276 0.952409
vt 0.373716 0.948779
vt 0.376520 0.945147
vt 0.373226 0.945147
vt 0.332567 0.941496
vt 0.334595 0.945126
vt 0.332007 0.945126
vt 0.334810 0.948758
vt 0.331516 0.948758
vt 0.927839 0.887380
vt 0.926093 0.883730
vt 0.928643 0.883697
vt 0.926097 0.880065
vt 0.929342 0.880023
vt 0.130549 0.866231
vt 0.128904 0.862578
vt 0.131376 0.862409
vt 0.128924 0.858838
vt 0.132070 0.858623
vt 0.283066 0.862147
vt 0.281521 0.858407
vt 0.283888 0.858161
vt 0.281552 0.854558
vt 0.284565 0.854245
vt 0.845254 0.760585
vt 0.843793 0.756691
vt 0.846047 0.756436
vt 0.843827 0.752718
vt 0.846696 0.752393
vt 0.172217 0.797000
vt 0.170808 0.792916
vt 0.172961 0.792715
vt 0.170837 0.788821
vt 0.173576 0.788566
vt 0.614697 0.774507
vt 0.613305 0.770224
vt 0.615378 0.770129
vt 0.613319 0.766029
vt 0.615958 0.765908
vt 0.613304 0.762007
vt 0.616407 0.761865
vt 0.170805 0.784869
vt 0.174026 0.784569
vt 0.354595 0.695500
vt 0.351560 0.695500
vt 0.354656 0.699381
vt 0.351284 0.699381
vt 0.613253 0.758152
vt 0.616701 0.757994
vt 0.129332 0.670103
vt 0.132367 0.670103
vt 0.129271 0.673984
vt 0.132643 0.673984
vt 0.680223 0.775816
vt 0.683326 0.775958
vt 0.680172 0.779671
vt 0.683620 0.779829
vt 0.802777 0.827172
vt 0.805998 0.827472
vt 0.802672 0.830985
vt 0.806251 0.831318
vt 0.680444 0.840926
vt 0.683818 0.841308
vt 0.680313 0.844691
vt 0.684062 0.845115
vt 0.517563 0.843185
vt 0.521105 0.843553
vt 0.517439 0.846901
vt 0.521375 0.847310
vt 0.806052 0.879804
vt 0.802352 0.879551
vt 0.806135 0.876128
vt 0.802024 0.875848
vt 0.023029 0.914064
vt 0.019212 0.914016
vt 0.023044 0.910416
vt 0.018804 0.910362
vt 0.170721 0.925543
vt 0.174594 0.925543
vt 0.170589 0.929179
vt 0.174894 0.929179
vt 0.243819 0.953680
vt 0.239945 0.953680
vt 0.243950 0.957316
vt 0.239646 0.957316
vt 0.475945 0.895486
vt 0.479761 0.895437
vt 0.475929 0.891837
vt 0.480170 0.891784
vt 0.884773 0.877416
vt 0.888473 0.877164
vt 0.884691 0.873741
vt 0.888801 0.873460
vt 0.060231 0.850103
vt 0.063773 0.849736
vt 0.060108 0.846387
vt 0.064044 0.845979
vt 0.642573 0.840926
vt 0.639199 0.841308
vt 0.642704 0.844691
vt 0.638954 0.845115
vt 0.805903 0.694521
vt 0.802682 0.694821
vt 0.806009 0.698334
vt 0.802429 0.698667
vt 0.476046 0.765020
vt 0.479149 0.764877
vt 0.475995 0.761165
vt 0.479443 0.761007
vt 0.765160 0.695500
vt 0.762126 0.695500
vt 0.765222 0.699381
vt 0.761850 0.699381
vt 0.351214 0.762188
vt 0.354248 0.762188
vt 0.351152 0.766069
vt 0.354524 0.766069
vt 0.561020 0.765020
vt 0.557917 0.764877
vt 0.561071 0.761165
vt 0.557623 0.761007
vt 0.284675 0.784869
vt 0.281453 0.784569
vt 0.284780 0.781056
vt 0.281201 0.780723
vt 0.846958 0.681461
vt 0.843584 0.681079
vt 0.847089 0.677696
vt 0.843340 0.677272
vt 0.174345 0.850776
vt 0.170803 0.850408
vt 0.174469 0.847060
vt 0.170532 0.846652
vt 0.884693 0.692378
vt 0.888392 0.692631
vt 0.884610 0.696053
vt 0.888720 0.696334
vt 0.060255 0.925073
vt 0.064071 0.925121
vt 0.060239 0.928721
vt 0.064479 0.928775
vt 0.376697 0.941513
vt 0.372823 0.941513
vt 0.376828 0.937877
vt 0.372524 0.937877
vt 0.334987 0.952392
vt 0.331113 0.952392
vt 0.335118 0.956028
vt 0.330814 0.956028
vt 0.926092 0.876408
vt 0.929908 0.876360
vt 0.926076 0.872760
vt 0.930316 0.872706
vt 0.128897 0.855131
vt 0.132597 0.854879
vt 0.128814 0.851456
vt 0.132925 0.851175
vt 0.281513 0.850776
vt 0.285055 0.850408
vt 0.281390 0.847060
vt 0.285326 0.846652
vt 0.843786 0.748850
vt 0.847160 0.748469
vt 0.843655 0.745086
vt 0.847405 0.744662
vt 0.170700 0.781056
vt 0.174279 0.780723
vt 0.170509 0.777355
vt 0.174308 0.777001
vt 0.843421 0.741406
vt 0.847401 0.740956
vt 0.613160 0.754432
vt 0.616820 0.754264
vt 0.481144 0.714302
vt 0.478171 0.716986
vt 0.455476 0.712331
vt 0.354694 0.703114
vt 0.351114 0.703114
vt 0.129233 0.677716
vt 0.132812 0.677716
vt 0.680079 0.783392
vt 0.683739 0.783559
vt 0.802481 0.834686
vt 0.806280 0.835040
vt 0.680079 0.848371
vt 0.684059 0.848821
vt 0.517221 0.850564
vt 0.521399 0.850998
vt 0.806280 0.872478
vt 0.801917 0.872180
vt 0.023072 0.906774
vt 0.018570 0.906717
vt 0.170509 0.932816
vt 0.175078 0.932816
vt 0.244031 0.960953
vt 0.239462 0.960953
vt 0.475902 0.888195
vt 0.480403 0.888138
vt 0.884545 0.870091
vt 0.888909 0.869793
vt 0.059889 0.842725
vt 0.064068 0.842291
vt 0.642938 0.848371
vt 0.638958 0.848821
vt 0.806199 0.702035
vt 0.802400 0.702389
vt 0.475902 0.757444
vt 0.479562 0.757277
vt 0.765260 0.703114
vt 0.761680 0.703114
vt 0.351114 0.769801
vt 0.354694 0.769801
vt 0.561164 0.757444
vt 0.557503 0.757277
vt 0.284971 0.777355
vt 0.281171 0.777001
vt 0.847324 0.674016
vt 0.843343 0.673566
vt 0.174687 0.843398
vt 0.170509 0.842964
vt 0.884464 0.699703
vt 0.888828 0.700002
vt 0.060212 0.932363
vt 0.064713 0.932420
vt 0.376909 0.934239
vt 0.372339 0.934239
vt 0.335199 0.959665
vt 0.330630 0.959665
vt 0.926049 0.869118
vt 0.930550 0.869061
vt 0.128669 0.847806
vt 0.133032 0.847508
vt 0.281171 0.843398
vt 0.285350 0.842964
vt 0.613946 0.779002
vt 0.613269 0.774573
vt 0.171385 0.801386
vt 0.170734 0.797139
vt 0.353460 0.678189
vt 0.354296 0.682744
vt 0.613160 0.783559
vt 0.613218 0.779036
vt 0.354042 0.673566
vt 0.354172 0.678189
vt 0.129630 0.657347
vt 0.130467 0.652791
vt 0.129755 0.652791
vt 0.129885 0.648169
vt 0.680188 0.763250
vt 0.680865 0.758821
vt 0.680137 0.758787
vt 0.680079 0.754264
vt 0.802707 0.814902
vt 0.803357 0.810655
vt 0.802602 0.810585
vt 0.802481 0.806217
vt 0.680359 0.829016
vt 0.681020 0.824966
vt 0.680229 0.824877
vt 0.680079 0.820700
vt 0.517485 0.831646
vt 0.518193 0.827777
vt 0.517362 0.827691
vt 0.517221 0.823712
vt 0.806103 0.891020
vt 0.805317 0.894753
vt 0.806185 0.894812
vt 0.806280 0.898616
vt 0.023038 0.925059
vt 0.022158 0.928726
vt 0.023053 0.928738
vt 0.023072 0.932420
vt 0.171358 0.914646
vt 0.172534 0.911018
vt 0.171625 0.911018
vt 0.171902 0.907390
vt 0.242006 0.939155
vt 0.243181 0.942784
vt 0.242638 0.935527
vt 0.242915 0.939155
vt 0.476815 0.910148
vt 0.475936 0.906480
vt 0.475902 0.913841
vt 0.475920 0.910159
vt 0.885508 0.892365
vt 0.884723 0.888632
vt 0.884545 0.896228
vt 0.884640 0.892424
vt 0.060862 0.865511
vt 0.060153 0.861643
vt 0.059889 0.869577
vt 0.060030 0.865598
vt 0.641997 0.824966
vt 0.642658 0.829016
vt 0.642938 0.820700
vt 0.642788 0.824877
vt 0.805323 0.678004
vt 0.805974 0.682251
vt 0.806199 0.673566
vt 0.806079 0.677934
vt 0.476688 0.782015
vt 0.476011 0.777585
vt 0.475902 0.786572
vt 0.475960 0.782048
vt 0.764025 0.678189
vt 0.764862 0.682744
vt 0.764608 0.673566
vt 0.764737 0.678189
vt 0.351512 0.749432
vt 0.352349 0.744876
vt 0.351637 0.744876
vt 0.351766 0.740254
vt 0.561055 0.777585
vt 0.560377 0.782015
vt 0.561106 0.782048
vt 0.561164 0.786572
vt 0.284745 0.797139
vt 0.284094 0.801386
vt 0.284850 0.801456
vt 0.284971 0.805824
vt 0.847043 0.693371
vt 0.846382 0.697421
vt 0.847174 0.697510
vt 0.847324 0.701688
vt 0.174423 0.862316
vt 0.173714 0.866184
vt 0.174546 0.866271
vt 0.174687 0.870250
vt 0.884642 0.681162
vt 0.885427 0.677429
vt 0.884559 0.677370
vt 0.884464 0.673566
vt 0.060245 0.914078
vt 0.061125 0.910411
vt 0.060230 0.910399
vt 0.060212 0.906717
vt 0.376059 0.952409
vt 0.374884 0.956037
vt 0.375793 0.956037
vt 0.375516 0.959665
vt 0.333174 0.937867
vt 0.334349 0.941496
vt 0.333806 0.934239
vt 0.334083 0.937867
vt 0.926962 0.891070
vt 0.926082 0.887403
vt 0.926049 0.894764
vt 0.926067 0.891082
vt 0.129632 0.870080
vt 0.128669 0.873943
vt 0.128764 0.870139
vt 0.128847 0.866348
vt 0.282144 0.866184
vt 0.281435 0.862316
vt 0.281171 0.870250
vt 0.281313 0.866271
vt 0.844363 0.764810
vt 0.843701 0.760760
vt 0.843421 0.769077
vt 0.843571 0.764900
vt 0.170509 0.805824
vt 0.170629 0.801456
vt 0.121398 0.435752
vt 0.056865 0.477653
vt 0.048025 0.451026
vt 0.121398 0.060472
vt 0.056865 0.018570
vt 0.133368 0.025055
vt 0.109077 0.110883
vt 0.048025 0.045197
vt 0.097915 0.156014
vt 0.034665 0.094874
vt 0.022586 0.195135
vt 0.023188 0.151740
vt 0.092857 0.248112
vt 0.097359 0.201850
vt 0.022586 0.301088
vt 0.018570 0.248112
vt 0.097915 0.340209
vt 0.097359 0.294373
vt 0.034665 0.401349
vt 0.023188 0.344483
vt 0.109077 0.385340
vt 0.628181 0.254541
vt 0.619821 0.272746
vt 0.618075 0.254638
vt 0.629385 0.236389
vt 0.616522 0.236512
vt 0.683513 0.582039
vt 0.675153 0.600244
vt 0.673406 0.582136
vt 0.684717 0.563887
vt 0.671854 0.564011
vt 0.792430 0.254638
vt 0.783722 0.272679
vt 0.782323 0.254541
vt 0.781119 0.236389
vt 0.793982 0.236512
vt 0.903093 0.254638
vt 0.894385 0.272679
vt 0.892986 0.254541
vt 0.891782 0.236389
vt 0.904645 0.236512
vt 0.088923 0.750764
vt 0.080563 0.768969
vt 0.078816 0.750861
vt 0.077264 0.732735
vt 0.090127 0.732612
vt 0.031846 0.750861
vt 0.023138 0.768902
vt 0.021740 0.750764
vt 0.020536 0.732612
vt 0.033399 0.732736
vt 0.960169 0.254541
vt 0.951809 0.272746
vt 0.950062 0.254638
vt 0.948510 0.236512
vt 0.961373 0.236389
vt 0.794175 0.582039
vt 0.785815 0.600244
vt 0.784069 0.582136
vt 0.782516 0.564010
vt 0.795379 0.563887
vt 0.735352 0.600244
vt 0.726992 0.582039
vt 0.737098 0.582136
vt 0.725788 0.563887
vt 0.738651 0.564010
vt 0.240861 0.254541
vt 0.232502 0.272746
vt 0.230755 0.254638
vt 0.229202 0.236513
vt 0.242065 0.236389
vt 0.903093 0.582136
vt 0.894384 0.600177
vt 0.892986 0.582039
vt 0.891782 0.563887
vt 0.904645 0.564010
vt 0.958771 0.600177
vt 0.950063 0.582136
vt 0.960169 0.582039
vt 0.948510 0.564010
vt 0.961373 0.563887
vt 0.292700 0.272746
vt 0.284341 0.254541
vt 0.294447 0.254638
vt 0.283137 0.236389
vt 0.296000 0.236513
vt 0.237369 0.600244
vt 0.229010 0.582039
vt 0.239116 0.582136
vt 0.227805 0.563887
vt 0.240669 0.564011
vt 0.294447 0.582136
vt 0.285739 0.600177
vt 0.284341 0.582039
vt 0.283137 0.563887
vt 0.296000 0.564011
vt 0.849507 0.254541
vt 0.841147 0.272746
vt 0.839400 0.254638
vt 0.837848 0.236512
vt 0.850711 0.236389
vt 0.350126 0.272679
vt 0.341418 0.254638
vt 0.351524 0.254541
vt 0.339865 0.236512
vt 0.352728 0.236389
vt 0.183785 0.582136
vt 0.175076 0.600177
vt 0.173678 0.582039
vt 0.172474 0.563887
vt 0.185337 0.564011
vt 0.514026 0.600244
vt 0.505666 0.582039
vt 0.515773 0.582136
vt 0.517326 0.564011
vt 0.504462 0.563887
vt 0.405457 0.272679
vt 0.396749 0.254638
vt 0.406856 0.254541
vt 0.408060 0.236389
vt 0.395197 0.236512
vt 0.735352 0.272746
vt 0.726992 0.254541
vt 0.737099 0.254638
vt 0.725788 0.236389
vt 0.738651 0.236512
vt 0.458695 0.600244
vt 0.450335 0.582039
vt 0.460442 0.582136
vt 0.461994 0.564011
vt 0.449131 0.563887
vt 0.458695 0.272746
vt 0.450335 0.254541
vt 0.460442 0.254638
vt 0.449131 0.236389
vt 0.461994 0.236513
vt 0.682114 0.272679
vt 0.673406 0.254638
vt 0.683513 0.254541
vt 0.671854 0.236512
vt 0.684717 0.236389
vt 0.514026 0.272746
vt 0.505667 0.254541
vt 0.515773 0.254638
vt 0.504462 0.236389
vt 0.517326 0.236512
vt 0.846015 0.600244
vt 0.837655 0.582039
vt 0.847761 0.582136
vt 0.836451 0.563887
vt 0.849314 0.564010
vt 0.406856 0.582039
vt 0.398496 0.600244
vt 0.396749 0.582136
vt 0.408060 0.563887
vt 0.395197 0.564011
vt 0.624689 0.600244
vt 0.616329 0.582039
vt 0.626436 0.582136
vt 0.615125 0.563887
vt 0.627988 0.564011
vt 0.351524 0.582039
vt 0.343164 0.600244
vt 0.341418 0.582136
vt 0.339865 0.564011
vt 0.352728 0.563887
vt 0.569358 0.600244
vt 0.560998 0.582039
vt 0.571104 0.582136
vt 0.559794 0.563887
vt 0.572657 0.564011
vt 0.182038 0.272746
vt 0.173678 0.254541
vt 0.183785 0.254638
vt 0.172474 0.236389
vt 0.185337 0.236513
vt 0.571451 0.272679
vt 0.562743 0.254638
vt 0.572850 0.254541
vt 0.561191 0.236512
vt 0.574054 0.236389
vt 0.559885 0.218367
vt 0.575010 0.218222
vt 0.186643 0.218368
vt 0.171517 0.218222
vt 0.630342 0.218222
vt 0.615217 0.218367
vt 0.631008 0.200042
vt 0.614202 0.200204
vt 0.558870 0.200204
vt 0.575676 0.200042
vt 0.685673 0.545720
vt 0.670548 0.545865
vt 0.669533 0.527702
vt 0.686339 0.527540
vt 0.795288 0.218367
vt 0.780163 0.218222
vt 0.779497 0.200042
vt 0.796303 0.200204
vt 0.905951 0.218367
vt 0.890825 0.218222
vt 0.890159 0.200042
vt 0.906966 0.200204
vt 0.091084 0.714445
vt 0.075958 0.714590
vt 0.074943 0.696427
vt 0.091750 0.696265
vt 0.034704 0.714590
vt 0.019579 0.714445
vt 0.018913 0.696265
vt 0.035720 0.696427
vt 0.962330 0.218222
vt 0.947204 0.218367
vt 0.946190 0.200204
vt 0.962996 0.200042
vt 0.796336 0.545720
vt 0.781211 0.545865
vt 0.780195 0.527702
vt 0.797002 0.527540
vt 0.739957 0.545865
vt 0.724831 0.545720
vt 0.724165 0.527540
vt 0.740972 0.527702
vt 0.243022 0.218222
vt 0.227897 0.218368
vt 0.226882 0.200204
vt 0.243688 0.200042
vt 0.905951 0.545865
vt 0.890825 0.545720
vt 0.890159 0.527540
vt 0.906966 0.527702
vt 0.962330 0.545720
vt 0.947205 0.545865
vt 0.946190 0.527702
vt 0.962996 0.527540
vt 0.297305 0.218368
vt 0.282180 0.218222
vt 0.298321 0.200204
vt 0.281514 0.200042
vt 0.226849 0.545720
vt 0.241974 0.545866
vt 0.226183 0.527540
vt 0.242989 0.527702
vt 0.297306 0.545866
vt 0.282180 0.545720
vt 0.281514 0.527540
vt 0.298321 0.527702
vt 0.836542 0.218367
vt 0.851667 0.218222
vt 0.835527 0.200204
vt 0.852333 0.200042
vt 0.353685 0.218222
vt 0.338560 0.218367
vt 0.337545 0.200204
vt 0.354351 0.200042
vt 0.171517 0.545720
vt 0.186643 0.545865
vt 0.170851 0.527540
vt 0.187658 0.527702
vt 0.518631 0.545866
vt 0.503506 0.545720
vt 0.502840 0.527540
vt 0.519646 0.527702
vt 0.393891 0.218367
vt 0.409016 0.218222
vt 0.392876 0.200204
vt 0.409682 0.200042
vt 0.724831 0.218222
vt 0.739957 0.218367
vt 0.724165 0.200042
vt 0.740972 0.200204
vt 0.463300 0.545866
vt 0.448174 0.545720
vt 0.447508 0.527540
vt 0.464315 0.527702
vt 0.448174 0.218222
vt 0.463300 0.218368
vt 0.447508 0.200042
vt 0.464315 0.200204
vt 0.685673 0.218222
vt 0.670548 0.218367
vt 0.669533 0.200204
vt 0.686339 0.200042
vt 0.518631 0.218368
vt 0.503506 0.218222
vt 0.519646 0.200204
vt 0.502840 0.200042
vt 0.835494 0.545720
vt 0.850619 0.545865
vt 0.834828 0.527540
vt 0.851635 0.527702
vt 0.409016 0.545720
vt 0.393891 0.545866
vt 0.392876 0.527702
vt 0.409682 0.527540
vt 0.629294 0.545865
vt 0.614168 0.545720
vt 0.613503 0.527540
vt 0.630309 0.527702
vt 0.353685 0.545720
vt 0.338560 0.545866
vt 0.337545 0.527702
vt 0.354351 0.527541
vt 0.558837 0.545720
vt 0.573963 0.545865
vt 0.558171 0.527540
vt 0.574978 0.527702
vt 0.187658 0.200204
vt 0.170851 0.200042
vt 0.188350 0.182025
vt 0.170509 0.181854
vt 0.557828 0.509352
vt 0.575670 0.509523
vt 0.558178 0.182025
vt 0.576019 0.181854
vt 0.557828 0.163836
vt 0.576019 0.163662
vt 0.170509 0.163662
vt 0.188700 0.163836
vt 0.631351 0.181854
vt 0.613509 0.182025
vt 0.631351 0.163662
vt 0.613160 0.163836
vt 0.686682 0.491160
vt 0.668841 0.509523
vt 0.668491 0.491334
vt 0.686682 0.509352
vt 0.796995 0.182025
vt 0.779154 0.181854
vt 0.797345 0.163836
vt 0.779154 0.163662
vt 0.907658 0.182025
vt 0.889817 0.181854
vt 0.908008 0.163836
vt 0.889817 0.163662
vt 0.092093 0.678077
vt 0.074251 0.678248
vt 0.092093 0.659885
vt 0.073901 0.660059
vt 0.036412 0.678248
vt 0.018570 0.678077
vt 0.036761 0.660059
vt 0.018570 0.659885
vt 0.963339 0.181854
vt 0.945497 0.182025
vt 0.963339 0.163662
vt 0.945148 0.163836
vt 0.797345 0.509352
vt 0.779503 0.509523
vt 0.797345 0.491160
vt 0.779154 0.491334
vt 0.741664 0.509523
vt 0.723822 0.509352
vt 0.742014 0.491334
vt 0.723822 0.491160
vt 0.244031 0.181854
vt 0.226189 0.182025
vt 0.244031 0.163662
vt 0.225840 0.163836
vt 0.907658 0.509523
vt 0.889816 0.509351
vt 0.908008 0.491334
vt 0.889816 0.491159
vt 0.963339 0.509351
vt 0.945497 0.509523
vt 0.963339 0.491159
vt 0.945148 0.491334
vt 0.299013 0.182025
vt 0.281171 0.181854
vt 0.299362 0.163837
vt 0.281171 0.163662
vt 0.243682 0.509523
vt 0.225840 0.509352
vt 0.244031 0.491335
vt 0.225840 0.491160
vt 0.299013 0.509523
vt 0.281171 0.509352
vt 0.299362 0.491335
vt 0.281171 0.491160
vt 0.852676 0.181854
vt 0.834835 0.182025
vt 0.852676 0.163662
vt 0.834485 0.163836
vt 0.354694 0.181854
vt 0.336852 0.182025
vt 0.354694 0.163662
vt 0.336503 0.163836
vt 0.188350 0.509523
vt 0.170509 0.509352
vt 0.188700 0.491334
vt 0.170508 0.491160
vt 0.520338 0.509523
vt 0.502497 0.509352
vt 0.520688 0.491334
vt 0.502497 0.491160
vt 0.410025 0.181854
vt 0.392184 0.182025
vt 0.410025 0.163662
vt 0.391834 0.163836
vt 0.741664 0.182025
vt 0.723822 0.181854
vt 0.742014 0.163836
vt 0.723822 0.163662
vt 0.447166 0.509352
vt 0.465007 0.509523
vt 0.465357 0.491334
vt 0.447166 0.491160
vt 0.465007 0.182025
vt 0.447166 0.181854
vt 0.465357 0.163836
vt 0.447166 0.163662
vt 0.686682 0.181854
vt 0.668841 0.182025
vt 0.686682 0.163662
vt 0.668491 0.163836
vt 0.520339 0.182025
vt 0.502497 0.181854
vt 0.520688 0.163836
vt 0.502497 0.163662
vt 0.852327 0.509523
vt 0.834485 0.509351
vt 0.852676 0.491334
vt 0.834485 0.491160
vt 0.410025 0.509352
vt 0.392184 0.509523
vt 0.391834 0.491335
vt 0.410025 0.491160
vt 0.631001 0.509523
vt 0.613160 0.509352
vt 0.631351 0.491334
vt 0.613160 0.491160
vt 0.354694 0.509352
vt 0.336852 0.509523
vt 0.354694 0.491160
vt 0.336503 0.491335
vt 0.557828 0.491160
vt 0.576019 0.491334
vt 0.558178 0.472971
vt 0.576019 0.473142
vt 0.336503 0.473143
vt 0.354344 0.472971
vt 0.188700 0.145644
vt 0.170858 0.145473
vt 0.188357 0.127456
vt 0.171550 0.127294
vt 0.558870 0.454792
vt 0.575677 0.454954
vt 0.557828 0.145644
vt 0.575670 0.145473
vt 0.558171 0.127456
vt 0.574978 0.127294
vt 0.631001 0.145473
vt 0.613160 0.145644
vt 0.613503 0.127456
vt 0.630309 0.127294
vt 0.668491 0.473142
vt 0.686333 0.472971
vt 0.668834 0.454954
vt 0.685640 0.454792
vt 0.779503 0.145473
vt 0.797345 0.145644
vt 0.780196 0.127294
vt 0.797002 0.127456
vt 0.890166 0.145473
vt 0.908008 0.145644
vt 0.890858 0.127294
vt 0.907665 0.127456
vt 0.073901 0.641867
vt 0.091743 0.641696
vt 0.074244 0.623679
vt 0.091051 0.623517
vt 0.018920 0.641696
vt 0.036761 0.641867
vt 0.019612 0.623517
vt 0.036418 0.623679
vt 0.945148 0.145644
vt 0.962990 0.145473
vt 0.945491 0.127456
vt 0.962297 0.127294
vt 0.779154 0.473142
vt 0.796995 0.472971
vt 0.779497 0.454954
vt 0.796303 0.454792
vt 0.724172 0.472971
vt 0.742014 0.473142
vt 0.724864 0.454792
vt 0.741671 0.454954
vt 0.225840 0.145644
vt 0.243681 0.145473
vt 0.226183 0.127456
vt 0.242989 0.127294
vt 0.890166 0.472971
vt 0.908008 0.473142
vt 0.890858 0.454792
vt 0.907665 0.454954
vt 0.945148 0.473142
vt 0.962989 0.472971
vt 0.945491 0.454954
vt 0.962297 0.454792
vt 0.281521 0.145473
vt 0.299362 0.145645
vt 0.282213 0.127294
vt 0.299020 0.127456
vt 0.226189 0.472971
vt 0.244031 0.473143
vt 0.226882 0.454792
vt 0.243688 0.454954
vt 0.281521 0.472971
vt 0.299362 0.473143
vt 0.282213 0.454792
vt 0.299020 0.454954
vt 0.834485 0.145644
vt 0.852327 0.145473
vt 0.834828 0.127456
vt 0.851635 0.127294
vt 0.336503 0.145644
vt 0.354344 0.145473
vt 0.336846 0.127456
vt 0.353652 0.127294
vt 0.170858 0.472971
vt 0.188700 0.473143
vt 0.171550 0.454792
vt 0.188357 0.454954
vt 0.502846 0.472971
vt 0.520688 0.473142
vt 0.503539 0.454792
vt 0.520345 0.454954
vt 0.391834 0.145644
vt 0.409676 0.145473
vt 0.392177 0.127456
vt 0.408984 0.127294
vt 0.724172 0.145473
vt 0.742014 0.145644
vt 0.724864 0.127294
vt 0.741671 0.127456
vt 0.447515 0.472971
vt 0.465357 0.473142
vt 0.448207 0.454792
vt 0.465014 0.454954
vt 0.447515 0.145473
vt 0.465357 0.145645
vt 0.448207 0.127294
vt 0.465014 0.127456
vt 0.668491 0.145644
vt 0.686333 0.145473
vt 0.668834 0.127456
vt 0.685640 0.127294
vt 0.502846 0.145473
vt 0.520688 0.145645
vt 0.503539 0.127294
vt 0.520345 0.127456
vt 0.834835 0.472971
vt 0.852676 0.473142
vt 0.835527 0.454792
vt 0.852333 0.454954
vt 0.391834 0.473143
vt 0.409676 0.472971
vt 0.392177 0.454954
vt 0.408983 0.454792
vt 0.613509 0.472971
vt 0.631351 0.473142
vt 0.614202 0.454792
vt 0.631008 0.454954
vt 0.336846 0.454954
vt 0.353652 0.454792
vt 0.352637 0.436629
vt 0.337512 0.436774
vt 0.630342 0.436774
vt 0.615217 0.436629
vt 0.559885 0.436629
vt 0.575011 0.436774
vt 0.561191 0.418484
vt 0.574054 0.418607
vt 0.338468 0.418607
vt 0.351331 0.418484
vt 0.187691 0.109276
vt 0.172565 0.109131
vt 0.173871 0.090986
vt 0.186734 0.091109
vt 0.573962 0.109131
vt 0.558837 0.109276
vt 0.572657 0.090986
vt 0.559794 0.091109
vt 0.614168 0.109276
vt 0.629294 0.109131
vt 0.615125 0.091109
vt 0.627988 0.090986
vt 0.669500 0.436774
vt 0.684625 0.436629
vt 0.670457 0.418607
vt 0.683320 0.418484
vt 0.796336 0.109276
vt 0.781211 0.109131
vt 0.782516 0.090986
vt 0.795379 0.091109
vt 0.906999 0.109276
vt 0.891873 0.109131
vt 0.893179 0.090986
vt 0.906042 0.091109
vt 0.090036 0.605354
vt 0.074910 0.605499
vt 0.075867 0.587332
vt 0.088730 0.587209
vt 0.035752 0.605499
vt 0.020627 0.605354
vt 0.021933 0.587209
vt 0.034796 0.587332
vt 0.961283 0.109131
vt 0.946157 0.109276
vt 0.947114 0.091109
vt 0.959977 0.090986
vt 0.795288 0.436629
vt 0.780163 0.436774
vt 0.781119 0.418607
vt 0.793982 0.418483
vt 0.741005 0.436774
vt 0.725879 0.436629
vt 0.727185 0.418484
vt 0.740048 0.418607
vt 0.241974 0.109131
vt 0.226849 0.109276
vt 0.227805 0.091109
vt 0.240669 0.090986
vt 0.906999 0.436774
vt 0.891873 0.436629
vt 0.893179 0.418483
vt 0.906042 0.418607
vt 0.961282 0.436628
vt 0.946157 0.436774
vt 0.947114 0.418607
vt 0.959977 0.418483
vt 0.298354 0.109276
vt 0.283228 0.109131
vt 0.284534 0.090986
vt 0.297397 0.091109
vt 0.243022 0.436774
vt 0.227897 0.436629
vt 0.242065 0.418607
vt 0.229202 0.418484
vt 0.298354 0.436774
vt 0.283228 0.436629
vt 0.284534 0.418484
vt 0.297397 0.418607
vt 0.850619 0.109131
vt 0.835494 0.109276
vt 0.836451 0.091109
vt 0.849314 0.090986
vt 0.352637 0.109131
vt 0.337512 0.109276
vt 0.351331 0.090986
vt 0.338468 0.091109
vt 0.172566 0.436629
vt 0.187691 0.436774
vt 0.173871 0.418484
vt 0.186734 0.418607
vt 0.519679 0.436774
vt 0.504554 0.436629
vt 0.505859 0.418484
vt 0.518723 0.418607
vt 0.407968 0.109131
vt 0.392843 0.109276
vt 0.406663 0.090986
vt 0.393800 0.091109
vt 0.741005 0.109276
vt 0.725879 0.109131
vt 0.727185 0.090985
vt 0.740048 0.091109
vt 0.464348 0.436774
vt 0.449223 0.436629
vt 0.450528 0.418484
vt 0.463391 0.418607
vt 0.464348 0.109276
vt 0.449222 0.109131
vt 0.450528 0.090986
vt 0.463391 0.091109
vt 0.684625 0.109131
vt 0.669500 0.109276
vt 0.670457 0.091109
vt 0.683320 0.090985
vt 0.519679 0.109276
vt 0.504554 0.109131
vt 0.518723 0.091109
vt 0.505859 0.090986
vt 0.851668 0.436774
vt 0.836542 0.436629
vt 0.837848 0.418483
vt 0.850711 0.418607
vt 0.407968 0.436629
vt 0.392843 0.436774
vt 0.406663 0.418484
vt 0.393800 0.418607
vt 0.616522 0.418484
vt 0.629385 0.418607
vt 0.628181 0.400455
vt 0.618075 0.400358
vt 0.405110 0.400358
vt 0.395004 0.400455
vt 0.349779 0.400358
vt 0.339672 0.400455
vt 0.348032 0.382250
vt 0.341071 0.382317
vt 0.619821 0.382250
vt 0.626783 0.382317
vt 0.562743 0.400358
vt 0.572850 0.400455
vt 0.564490 0.382250
vt 0.571451 0.382317
vt 0.185530 0.072957
vt 0.175424 0.072860
vt 0.184132 0.054819
vt 0.177170 0.054752
vt 0.571104 0.072860
vt 0.560998 0.072957
vt 0.569358 0.054752
vt 0.562396 0.054819
vt 0.616329 0.072957
vt 0.626436 0.072860
vt 0.617728 0.054819
vt 0.624689 0.054752
vt 0.681767 0.400358
vt 0.671661 0.400455
vt 0.680021 0.382250
vt 0.673059 0.382317
vt 0.794175 0.072957
vt 0.784069 0.072860
vt 0.785815 0.054752
vt 0.792777 0.054819
vt 0.904838 0.072957
vt 0.894732 0.072860
vt 0.896478 0.054752
vt 0.903440 0.054819
vt 0.087178 0.569083
vt 0.077071 0.569180
vt 0.078470 0.551042
vt 0.085431 0.550975
vt 0.033592 0.569180
vt 0.023485 0.569083
vt 0.025232 0.550975
vt 0.032193 0.551042
vt 0.958425 0.072860
vt 0.948318 0.072957
vt 0.949717 0.054819
vt 0.956678 0.054752
vt 0.792430 0.400358
vt 0.782323 0.400455
vt 0.783722 0.382317
vt 0.790683 0.382250
vt 0.738844 0.400455
vt 0.728737 0.400358
vt 0.730484 0.382250
vt 0.737446 0.382317
vt 0.239116 0.072860
vt 0.229010 0.072957
vt 0.230408 0.054819
vt 0.237369 0.054752
vt 0.904838 0.400455
vt 0.894732 0.400358
vt 0.903440 0.382317
vt 0.896478 0.382250
vt 0.958424 0.400358
vt 0.948318 0.400455
vt 0.949716 0.382317
vt 0.956677 0.382250
vt 0.296193 0.072957
vt 0.286086 0.072860
vt 0.294794 0.054819
vt 0.287833 0.054752
vt 0.240861 0.400455
vt 0.230755 0.400358
vt 0.232502 0.382250
vt 0.239463 0.382317
vt 0.296193 0.400455
vt 0.286086 0.400358
vt 0.287833 0.382250
vt 0.294794 0.382317
vt 0.847761 0.072860
vt 0.837655 0.072957
vt 0.846015 0.054752
vt 0.839053 0.054819
vt 0.349779 0.072860
vt 0.339672 0.072957
vt 0.341071 0.054819
vt 0.348032 0.054752
vt 0.185530 0.400455
vt 0.175424 0.400358
vt 0.184132 0.382317
vt 0.177170 0.382250
vt 0.517519 0.400455
vt 0.507412 0.400358
vt 0.509159 0.382250
vt 0.516120 0.382317
vt 0.405110 0.072860
vt 0.395004 0.072957
vt 0.403364 0.054752
vt 0.396402 0.054819
vt 0.738844 0.072957
vt 0.728737 0.072860
vt 0.730484 0.054752
vt 0.737445 0.054819
vt 0.462187 0.400455
vt 0.452081 0.400358
vt 0.460789 0.382317
vt 0.453827 0.382250
vt 0.462187 0.072957
vt 0.452081 0.072860
vt 0.453827 0.054752
vt 0.460789 0.054819
vt 0.681767 0.072860
vt 0.671661 0.072957
vt 0.680020 0.054752
vt 0.673059 0.054819
vt 0.517518 0.072957
vt 0.507412 0.072860
vt 0.509159 0.054752
vt 0.516120 0.054819
vt 0.849507 0.400455
vt 0.839400 0.400358
vt 0.848108 0.382317
vt 0.841147 0.382250
vt 0.396402 0.382317
vt 0.403364 0.382250
vt 0.397934 0.364190
vt 0.401483 0.364156
vt 0.846576 0.364190
vt 0.843027 0.364155
vt 0.625251 0.364190
vt 0.621702 0.364156
vt 0.623650 0.346068
vt 0.399535 0.346068
vt 0.236330 0.346068
vt 0.237931 0.364190
vt 0.234382 0.364156
vt 0.291662 0.018570
vt 0.293262 0.036692
vt 0.289713 0.036658
vt 0.620860 0.018570
vt 0.622809 0.036657
vt 0.619260 0.036692
vt 0.676192 0.346068
vt 0.678141 0.364156
vt 0.674592 0.364190
vt 0.565529 0.018570
vt 0.567478 0.036657
vt 0.563929 0.036692
vt 0.180999 0.018570
vt 0.182599 0.036692
vt 0.179051 0.036657
vt 0.568319 0.346068
vt 0.569919 0.364190
vt 0.566370 0.364156
vt 0.344204 0.346068
vt 0.346152 0.364156
vt 0.342603 0.364190
vt 0.844976 0.346068
vt 0.512987 0.018570
vt 0.514588 0.036692
vt 0.511039 0.036657
vt 0.676192 0.018570
vt 0.678140 0.036657
vt 0.674591 0.036692
vt 0.457656 0.018570
vt 0.459256 0.036692
vt 0.455708 0.036658
vt 0.457656 0.346068
vt 0.459256 0.364190
vt 0.455707 0.364156
vt 0.734313 0.018570
vt 0.735913 0.036691
vt 0.732364 0.036657
vt 0.399535 0.018570
vt 0.401483 0.036657
vt 0.397934 0.036692
vt 0.512987 0.346068
vt 0.514588 0.364190
vt 0.511039 0.364156
vt 0.180999 0.346068
vt 0.182600 0.364190
vt 0.179051 0.364156
vt 0.344204 0.018570
vt 0.346152 0.036657
vt 0.342603 0.036692
vt 0.842186 0.018570
vt 0.844134 0.036657
vt 0.840585 0.036692
vt 0.291662 0.346068
vt 0.293262 0.364190
vt 0.289713 0.364156
vt 0.952849 0.346068
vt 0.954797 0.364155
vt 0.951248 0.364190
vt 0.900307 0.346068
vt 0.901907 0.364190
vt 0.898359 0.364155
vt 0.233541 0.018570
vt 0.235489 0.036657
vt 0.231940 0.036692
vt 0.734313 0.346068
vt 0.735913 0.364190
vt 0.732364 0.364156
vt 0.786855 0.346068
vt 0.788803 0.364155
vt 0.785254 0.364190
vt 0.952850 0.018570
vt 0.954798 0.036657
vt 0.951249 0.036692
vt 0.029060 0.514793
vt 0.030661 0.532915
vt 0.027112 0.532880
vt 0.081602 0.514793
vt 0.083551 0.532881
vt 0.080002 0.532915
vt 0.900307 0.018570
vt 0.901907 0.036692
vt 0.898358 0.036657
vt 0.789644 0.018570
vt 0.791244 0.036692
vt 0.787696 0.036657
vt 0.566370 0.290841
vt 0.564490 0.272746
vt 0.180158 0.290841
vt 0.175076 0.272679
vt 0.626783 0.272679
vt 0.621702 0.290841
vt 0.569919 0.290806
vt 0.568318 0.308928
vt 0.625251 0.290806
vt 0.623650 0.308928
vt 0.680582 0.618304
vt 0.682114 0.600177
vt 0.678981 0.636426
vt 0.677033 0.618339
vt 0.790683 0.272746
vt 0.785254 0.290806
vt 0.788803 0.290841
vt 0.786855 0.308928
vt 0.901346 0.272746
vt 0.895917 0.290806
vt 0.899466 0.290840
vt 0.897517 0.308928
vt 0.087525 0.768902
vt 0.082443 0.787064
vt 0.085992 0.787029
vt 0.084392 0.805151
vt 0.028219 0.787064
vt 0.030100 0.768969
vt 0.026271 0.805151
vt 0.024671 0.787030
vt 0.958770 0.272679
vt 0.953689 0.290840
vt 0.957238 0.290806
vt 0.955637 0.308928
vt 0.791244 0.618304
vt 0.792777 0.600177
vt 0.789644 0.636426
vt 0.787696 0.618338
vt 0.733472 0.618339
vt 0.728390 0.600177
vt 0.731523 0.636426
vt 0.729923 0.618304
vt 0.239463 0.272679
vt 0.234382 0.290841
vt 0.237931 0.290807
vt 0.236330 0.308928
vt 0.899466 0.618338
vt 0.901346 0.600244
vt 0.897517 0.636426
vt 0.895917 0.618304
vt 0.957239 0.618304
vt 0.951810 0.600244
vt 0.955638 0.636426
vt 0.953690 0.618338
vt 0.290820 0.290841
vt 0.285739 0.272679
vt 0.288872 0.308928
vt 0.287271 0.290807
vt 0.231940 0.618305
vt 0.230408 0.600177
vt 0.235489 0.618339
vt 0.233541 0.636426
vt 0.292701 0.600244
vt 0.287272 0.618305
vt 0.290821 0.618339
vt 0.288872 0.636426
vt 0.848108 0.272679
vt 0.843027 0.290840
vt 0.846576 0.290806
vt 0.844975 0.308928
vt 0.348594 0.290806
vt 0.343164 0.272746
vt 0.346993 0.308928
vt 0.345045 0.290841
vt 0.182038 0.600244
vt 0.176609 0.618305
vt 0.180158 0.618339
vt 0.178209 0.636426
vt 0.512146 0.618339
vt 0.507065 0.600177
vt 0.510198 0.636426
vt 0.508597 0.618304
vt 0.403925 0.290806
vt 0.398496 0.272746
vt 0.402324 0.308928
vt 0.400376 0.290841
vt 0.729923 0.290806
vt 0.728391 0.272679
vt 0.733472 0.290840
vt 0.731523 0.308928
vt 0.453266 0.618304
vt 0.451734 0.600177
vt 0.456815 0.618339
vt 0.454866 0.636426
vt 0.456815 0.290841
vt 0.451733 0.272679
vt 0.454866 0.308928
vt 0.453266 0.290807
vt 0.677033 0.290841
vt 0.675153 0.272746
vt 0.680582 0.290806
vt 0.678981 0.308928
vt 0.512146 0.290841
vt 0.507065 0.272679
vt 0.510198 0.308928
vt 0.508597 0.290807
vt 0.840585 0.618304
vt 0.839053 0.600177
vt 0.844134 0.618338
vt 0.842186 0.636426
vt 0.403925 0.618305
vt 0.405457 0.600177
vt 0.402324 0.636426
vt 0.400376 0.618339
vt 0.622809 0.618339
vt 0.620860 0.636426
vt 0.619260 0.618304
vt 0.617727 0.600177
vt 0.350126 0.600177
vt 0.345045 0.618339
vt 0.348594 0.618305
vt 0.346993 0.636426
vt 0.567477 0.618339
vt 0.562396 0.600177
vt 0.565529 0.636426
vt 0.563929 0.618305
vt 0.178209 0.308928
vt 0.176609 0.290807
vt 0.131018 0.523971
vt 0.132530 0.528401
vt 0.130502 0.528401
vt 0.132630 0.532660
vt 0.130050 0.532660
vt 0.240734 0.687174
vt 0.242246 0.682744
vt 0.242762 0.687174
vt 0.240633 0.691434
vt 0.243214 0.691433
vt 0.516848 0.770612
vt 0.518240 0.766329
vt 0.518921 0.770707
vt 0.516862 0.774807
vt 0.519501 0.774928
vt 0.129533 0.794452
vt 0.130941 0.790368
vt 0.131685 0.794653
vt 0.129561 0.798547
vt 0.132300 0.798803
vt 0.351082 0.819327
vt 0.352543 0.815434
vt 0.353337 0.819582
vt 0.351116 0.823301
vt 0.353986 0.823626
vt 0.476252 0.835555
vt 0.477796 0.831815
vt 0.478619 0.835801
vt 0.476283 0.839404
vt 0.479295 0.839717
vt 0.243796 0.887022
vt 0.242151 0.890675
vt 0.241324 0.886853
vt 0.243776 0.883282
vt 0.240630 0.883067
vt 0.930425 0.688967
vt 0.928679 0.692618
vt 0.927875 0.688935
vt 0.930421 0.685302
vt 0.927176 0.685261
vt 0.281775 0.918276
vt 0.283804 0.914646
vt 0.284364 0.918276
vt 0.281560 0.921908
vt 0.284855 0.921908
vt 0.130606 0.918340
vt 0.132634 0.921970
vt 0.130046 0.921970
vt 0.132849 0.925602
vt 0.129555 0.925602
vt 0.927839 0.760961
vt 0.926093 0.757310
vt 0.928643 0.757278
vt 0.926097 0.753645
vt 0.929342 0.753604
vt 0.435033 0.862000
vt 0.433388 0.858347
vt 0.435860 0.858178
vt 0.433408 0.854607
vt 0.436555 0.854392
vt 0.560434 0.842895
vt 0.558889 0.839155
vt 0.561256 0.838909
vt 0.558921 0.835306
vt 0.561933 0.834993
vt 0.845571 0.814710
vt 0.847033 0.818603
vt 0.844778 0.818858
vt 0.846999 0.822577
vt 0.844129 0.822901
vt 0.393542 0.797313
vt 0.392134 0.793229
vt 0.394286 0.793028
vt 0.392162 0.789134
vt 0.394902 0.788878
vt 0.241908 0.760498
vt 0.240516 0.756214
vt 0.242589 0.756119
vt 0.240530 0.752019
vt 0.243169 0.751898
vt 0.131027 0.601851
vt 0.129516 0.597421
vt 0.131543 0.597421
vt 0.129415 0.593161
vt 0.131996 0.593161
vt 0.129516 0.728465
vt 0.131027 0.724035
vt 0.131543 0.728465
vt 0.129415 0.732724
vt 0.131996 0.732724
vt 0.765196 0.756214
vt 0.763803 0.760497
vt 0.763122 0.756119
vt 0.765182 0.752019
vt 0.762543 0.751898
vt 0.436274 0.793229
vt 0.434865 0.797313
vt 0.434121 0.793028
vt 0.436245 0.789134
vt 0.433506 0.788878
vt 0.243659 0.822426
vt 0.242198 0.826319
vt 0.241405 0.822171
vt 0.243625 0.818452
vt 0.240756 0.818127
vt 0.022399 0.857734
vt 0.020854 0.861474
vt 0.020032 0.857488
vt 0.022368 0.853885
vt 0.019355 0.853572
vt 0.884780 0.817582
vt 0.886425 0.813929
vt 0.887252 0.817751
vt 0.884800 0.821322
vt 0.887946 0.821537
vt 0.433197 0.917887
vt 0.434943 0.914236
vt 0.435747 0.917919
vt 0.433201 0.921552
vt 0.436446 0.921593
vt 0.926653 0.942791
vt 0.928681 0.939161
vt 0.929241 0.942791
vt 0.926438 0.946423
vt 0.929732 0.946423
vt 0.886276 0.940625
vt 0.888304 0.944255
vt 0.885716 0.944255
vt 0.888520 0.947887
vt 0.885225 0.947887
vt 0.927839 0.824537
vt 0.926093 0.820886
vt 0.928643 0.820854
vt 0.926097 0.817221
vt 0.929342 0.817180
vt 0.886425 0.761365
vt 0.884780 0.757712
vt 0.887252 0.757543
vt 0.884800 0.753972
vt 0.887946 0.753757
vt 0.393729 0.862459
vt 0.392184 0.858719
vt 0.394551 0.858473
vt 0.392215 0.854870
vt 0.395227 0.854557
vt 0.723036 0.840328
vt 0.721575 0.836435
vt 0.723829 0.836180
vt 0.721609 0.832461
vt 0.724478 0.832137
vt 0.804189 0.760254
vt 0.802781 0.756169
vt 0.804933 0.755969
vt 0.802809 0.752074
vt 0.805548 0.751819
vt 0.722417 0.774507
vt 0.721024 0.770224
vt 0.723098 0.770129
vt 0.721038 0.766029
vt 0.723677 0.765908
vt 0.721023 0.762007
vt 0.724127 0.761865
vt 0.802777 0.748122
vt 0.805998 0.747822
vt 0.132713 0.536728
vt 0.129679 0.536728
vt 0.132775 0.540609
vt 0.129403 0.540609
vt 0.720973 0.758152
vt 0.724421 0.757994
vt 0.240551 0.695501
vt 0.243585 0.695501
vt 0.240489 0.699382
vt 0.243861 0.699382
vt 0.516847 0.778829
vt 0.519950 0.778971
vt 0.516796 0.782683
vt 0.520244 0.782841
vt 0.129529 0.802499
vt 0.132750 0.802799
vt 0.129424 0.806312
vt 0.133003 0.806646
vt 0.351076 0.827169
vt 0.354450 0.827550
vt 0.350945 0.830933
vt 0.354694 0.831357
vt 0.476244 0.843185
vt 0.479786 0.843553
vt 0.476120 0.846902
vt 0.480057 0.847310
vt 0.243803 0.879575
vt 0.240103 0.879322
vt 0.243885 0.875900
vt 0.239775 0.875619
vt 0.930426 0.681646
vt 0.926610 0.681597
vt 0.930442 0.677997
vt 0.926202 0.677944
vt 0.281383 0.925542
vt 0.285257 0.925542
vt 0.281252 0.929178
vt 0.285557 0.929178
vt 0.133026 0.929236
vt 0.129152 0.929236
vt 0.133157 0.932872
vt 0.128853 0.932872
vt 0.926092 0.749989
vt 0.929908 0.749941
vt 0.926076 0.746341
vt 0.930316 0.746287
vt 0.433382 0.850900
vt 0.437081 0.850648
vt 0.433299 0.847225
vt 0.437409 0.846944
vt 0.558881 0.831525
vt 0.562424 0.831157
vt 0.558758 0.827808
vt 0.562694 0.827400
vt 0.847039 0.826444
vt 0.843665 0.826825
vt 0.847170 0.830208
vt 0.843421 0.830632
vt 0.392130 0.785182
vt 0.395351 0.784882
vt 0.392025 0.781369
vt 0.395604 0.781035
vt 0.240515 0.747997
vt 0.243618 0.747855
vt 0.240464 0.744143
vt 0.243912 0.743985
vt 0.129332 0.589094
vt 0.132367 0.589094
vt 0.129271 0.585213
vt 0.132643 0.585213
vt 0.129332 0.736791
vt 0.132367 0.736791
vt 0.129271 0.740672
vt 0.132643 0.740672
vt 0.765197 0.747997
vt 0.762094 0.747855
vt 0.765248 0.744143
vt 0.761800 0.743984
vt 0.436277 0.785182
vt 0.433056 0.784882
vt 0.436383 0.781369
vt 0.432803 0.781035
vt 0.243666 0.814584
vt 0.240291 0.814203
vt 0.243796 0.810820
vt 0.240047 0.810396
vt 0.022407 0.850103
vt 0.018865 0.849736
vt 0.022530 0.846387
vt 0.018594 0.845979
vt 0.884773 0.825029
vt 0.888473 0.825282
vt 0.884691 0.828704
vt 0.888801 0.828985
vt 0.433196 0.925208
vt 0.437012 0.925257
vt 0.433180 0.928856
vt 0.437420 0.928910
vt 0.926261 0.950057
vt 0.930135 0.950057
vt 0.926130 0.953693
vt 0.930434 0.953693
vt 0.888696 0.951521
vt 0.884823 0.951521
vt 0.888828 0.955157
vt 0.884523 0.955157
vt 0.926092 0.813565
vt 0.929908 0.813516
vt 0.926076 0.809916
vt 0.930316 0.809862
vt 0.884773 0.750265
vt 0.888473 0.750012
vt 0.884691 0.746590
vt 0.888801 0.746309
vt 0.392176 0.851089
vt 0.395718 0.850721
vt 0.392053 0.847373
vt 0.395989 0.846964
vt 0.721568 0.828594
vt 0.724942 0.828212
vt 0.721437 0.824830
vt 0.725187 0.824406
vt 0.802672 0.744309
vt 0.806251 0.743976
vt 0.802481 0.740608
vt 0.806280 0.740254
vt 0.721203 0.821150
vt 0.725183 0.820700
vt 0.720879 0.754432
vt 0.724540 0.754264
vt 0.557112 0.712331
vt 0.554584 0.715438
vt 0.531444 0.714302
vt 0.132812 0.544341
vt 0.129233 0.544341
vt 0.240452 0.703114
vt 0.244031 0.703114
vt 0.516703 0.786404
vt 0.520363 0.786572
vt 0.129233 0.810013
vt 0.133033 0.810368
vt 0.350710 0.834613
vt 0.354690 0.835063
vt 0.475902 0.850564
vt 0.480081 0.850998
vt 0.244031 0.872250
vt 0.239667 0.871952
vt 0.930469 0.674355
vt 0.925968 0.674298
vt 0.281171 0.932816
vt 0.285741 0.932816
vt 0.133238 0.936510
vt 0.128669 0.936510
vt 0.926049 0.742699
vt 0.930550 0.742642
vt 0.433153 0.843575
vt 0.437517 0.843277
vt 0.558540 0.824146
vt 0.562718 0.823712
vt 0.847405 0.833888
vt 0.843424 0.834339
vt 0.391834 0.777667
vt 0.395634 0.777313
vt 0.240371 0.740422
vt 0.244031 0.740254
vt 0.129233 0.581481
vt 0.132812 0.581481
vt 0.129233 0.744404
vt 0.132813 0.744404
vt 0.765341 0.740422
vt 0.761680 0.740254
vt 0.436573 0.777667
vt 0.432774 0.777313
vt 0.244031 0.807140
vt 0.240051 0.806690
vt 0.022749 0.842725
vt 0.018570 0.842291
vt 0.884545 0.832354
vt 0.888909 0.832653
vt 0.433153 0.932499
vt 0.437654 0.932556
vt 0.926049 0.957331
vt 0.930618 0.957331
vt 0.888909 0.958795
vt 0.884339 0.958795
vt 0.926049 0.806274
vt 0.930550 0.806217
vt 0.884545 0.742940
vt 0.888909 0.742642
vt 0.391834 0.843711
vt 0.396013 0.843277
vt 0.721666 0.779002
vt 0.720988 0.774573
vt 0.803357 0.764639
vt 0.802707 0.760392
vt 0.131578 0.519416
vt 0.132415 0.523971
vt 0.720879 0.783559
vt 0.720938 0.779036
vt 0.132160 0.514793
vt 0.132290 0.519416
vt 0.240849 0.682744
vt 0.241686 0.678189
vt 0.240974 0.678189
vt 0.241103 0.673566
vt 0.516812 0.766263
vt 0.517489 0.761833
vt 0.516761 0.761800
vt 0.516703 0.757277
vt 0.129459 0.790230
vt 0.130109 0.785983
vt 0.129354 0.785912
vt 0.129233 0.781545
vt 0.350990 0.815259
vt 0.351652 0.811208
vt 0.350860 0.811119
vt 0.350710 0.806942
vt 0.476166 0.831646
vt 0.476875 0.827778
vt 0.476043 0.827691
vt 0.475902 0.823712
vt 0.243853 0.890791
vt 0.243068 0.894524
vt 0.243936 0.894583
vt 0.244031 0.898387
vt 0.930436 0.692640
vt 0.929556 0.696308
vt 0.930451 0.696319
vt 0.930469 0.700002
vt 0.282021 0.914646
vt 0.283196 0.911018
vt 0.282288 0.911018
vt 0.282565 0.907390
vt 0.131213 0.914711
vt 0.132388 0.918340
vt 0.131845 0.911083
vt 0.132122 0.914711
vt 0.926962 0.764651
vt 0.926082 0.760983
vt 0.926049 0.768345
vt 0.926067 0.764663
vt 0.434116 0.865849
vt 0.433331 0.862116
vt 0.433153 0.869712
vt 0.433248 0.865908
vt 0.559512 0.846933
vt 0.558804 0.843064
vt 0.558540 0.850998
vt 0.558681 0.847019
vt 0.846463 0.810484
vt 0.847124 0.814534
vt 0.847405 0.806217
vt 0.847255 0.810394
vt 0.392711 0.801698
vt 0.392060 0.797451
vt 0.391834 0.806136
vt 0.391955 0.801769
vt 0.241157 0.764993
vt 0.240480 0.760563
vt 0.240371 0.769550
vt 0.240429 0.765026
vt 0.130467 0.606406
vt 0.129630 0.601851
vt 0.129885 0.611029
vt 0.129755 0.606406
vt 0.129631 0.724035
vt 0.130467 0.719479
vt 0.129755 0.719479
vt 0.129885 0.714857
vt 0.765232 0.760563
vt 0.764554 0.764993
vt 0.765282 0.765026
vt 0.765341 0.769549
vt 0.436348 0.797451
vt 0.435697 0.801698
vt 0.436453 0.801769
vt 0.436573 0.806136
vt 0.243751 0.826494
vt 0.243089 0.830544
vt 0.243881 0.830634
vt 0.244031 0.834811
vt 0.022485 0.861643
vt 0.021776 0.865511
vt 0.022607 0.865598
vt 0.022749 0.869577
vt 0.884723 0.813813
vt 0.885508 0.810080
vt 0.884640 0.810021
vt 0.884545 0.806217
vt 0.433186 0.914214
vt 0.434066 0.910546
vt 0.433171 0.910535
vt 0.433153 0.906852
vt 0.926899 0.939161
vt 0.928074 0.935532
vt 0.927165 0.935532
vt 0.927442 0.931904
vt 0.886883 0.936996
vt 0.888059 0.940625
vt 0.887515 0.933368
vt 0.887792 0.936996
vt 0.926962 0.828227
vt 0.926082 0.824559
vt 0.926049 0.831921
vt 0.926067 0.828238
vt 0.885508 0.765214
vt 0.884545 0.769077
vt 0.884640 0.765273
vt 0.884723 0.761481
vt 0.392807 0.866497
vt 0.392098 0.862628
vt 0.391834 0.870562
vt 0.391976 0.866583
vt 0.722145 0.844554
vt 0.721483 0.840504
vt 0.721203 0.848821
vt 0.721353 0.844644
vt 0.802481 0.769077
vt 0.802602 0.764709
vt 0.724540 0.673566
vt 0.687420 0.674927
vt 0.687420 0.673566
vt 0.559326 0.960357
vt 0.562177 0.950960
vt 0.571573 0.953811
vt 0.687420 0.715762
vt 0.724540 0.717124
vt 0.687420 0.717124
vt 0.724540 0.714401
vt 0.687420 0.714401
vt 0.711474 0.949539
vt 0.713979 0.954226
vt 0.707750 0.961817
vt 0.687420 0.713040
vt 0.687420 0.711679
vt 0.724540 0.713040
vt 0.724540 0.710318
vt 0.687420 0.710318
vt 0.724540 0.708957
vt 0.687420 0.708957
vt 0.687420 0.707595
vt 0.724540 0.706234
vt 0.687420 0.706234
vt 0.687420 0.704873
vt 0.687420 0.703512
vt 0.724540 0.704873
vt 0.724540 0.702151
vt 0.687420 0.702151
vt 0.687420 0.700790
vt 0.724540 0.699428
vt 0.687420 0.699428
vt 0.687420 0.698067
vt 0.724540 0.696706
vt 0.687420 0.696706
vt 0.687420 0.695345
vt 0.724540 0.693984
vt 0.687420 0.693984
vt 0.687420 0.692623
vt 0.724540 0.691261
vt 0.687420 0.691261
vt 0.687420 0.689900
vt 0.724540 0.688539
vt 0.687420 0.688539
vt 0.687420 0.687178
vt 0.724540 0.685817
vt 0.687420 0.685817
vt 0.724540 0.684456
vt 0.687420 0.684456
vt 0.687420 0.683094
vt 0.724540 0.681733
vt 0.687420 0.681733
vt 0.687420 0.680372
vt 0.687420 0.679011
vt 0.724540 0.680372
vt 0.724540 0.677650
vt 0.687420 0.677650
vt 0.724540 0.676288
vt 0.687420 0.676288
vt 0.650280 0.715762
vt 0.613160 0.717124
vt 0.613160 0.715762
vt 0.483493 0.950982
vt 0.488179 0.953487
vt 0.477445 0.962297
vt 0.613160 0.714401
vt 0.650280 0.713040
vt 0.613160 0.713040
vt 0.967610 0.680528
vt 0.975201 0.674298
vt 0.981430 0.681889
vt 0.613160 0.711679
vt 0.613160 0.710318
vt 0.650280 0.711679
vt 0.650280 0.708957
vt 0.613160 0.708957
vt 0.650280 0.707595
vt 0.613160 0.707595
vt 0.613160 0.706234
vt 0.650280 0.704873
vt 0.613160 0.704873
vt 0.613160 0.703512
vt 0.613160 0.702151
vt 0.650280 0.703512
vt 0.650280 0.700790
vt 0.613160 0.700790
vt 0.613160 0.699428
vt 0.650280 0.698067
vt 0.613160 0.698067
vt 0.613160 0.696706
vt 0.650280 0.695345
vt 0.613160 0.695345
vt 0.613160 0.693984
vt 0.650280 0.692623
vt 0.613160 0.692623
vt 0.613160 0.691261
vt 0.650280 0.689900
vt 0.613160 0.689900
vt 0.613160 0.688539
vt 0.650280 0.687178
vt 0.613160 0.687178
vt 0.613160 0.685817
vt 0.650280 0.684456
vt 0.613160 0.684456
vt 0.650280 0.683094
vt 0.613160 0.683094
vt 0.613160 0.681733
vt 0.650280 0.680372
vt 0.613160 0.680372
vt 0.613160 0.679011
vt 0.613160 0.677650
vt 0.650280 0.679011
vt 0.650280 0.676289
vt 0.613160 0.676289
vt 0.650280 0.674927
vt 0.613160 0.674927
vt 0.613160 0.673566
vt 0.402362 0.699093
vt 0.410877 0.688469
vt 0.414198 0.697370
vt 0.815390 0.935756
vt 0.824019 0.949229
vt 0.801917 0.944385
vt 0.414284 0.706870
vt 0.402362 0.714646
vt 0.414198 0.716370
vt 0.638955 0.958832
vt 0.645273 0.947997
vt 0.654646 0.956331
vt 0.342137 0.872218
vt 0.353180 0.880767
vt 0.330630 0.897099
vt 0.330630 0.872203
vt 0.732710 0.910842
vt 0.721203 0.910856
vt 0.721203 0.885961
vt 0.745267 0.892341
vt 0.743753 0.902293
vt 0.354694 0.890719
vt 0.640469 0.894525
vt 0.663019 0.910856
vt 0.638954 0.904477
vt 0.651511 0.885976
vt 0.663019 0.885961
vt 0.581090 0.896702
vt 0.582604 0.906654
vt 0.558540 0.913033
vt 0.558540 0.888138
vt 0.570047 0.888152
vt 0.397288 0.726109
vt 0.410877 0.725270
vt 0.406366 0.733633
vt 0.399473 0.740173
vt 0.397288 0.687631
vt 0.399473 0.673566
vt 0.406366 0.680106
vt 0.191226 0.706713
vt 0.187082 0.673566
vt 0.191226 0.673566
vt 0.182939 0.706713
vt 0.182939 0.673566
vt 0.178795 0.673566
vt 0.178796 0.706713
vt 0.174652 0.673566
vt 0.170509 0.706713
vt 0.170509 0.673566
vt 0.187082 0.706713
vt 0.191226 0.708785
vt 0.187082 0.708785
vt 0.182939 0.708785
vt 0.178796 0.708785
vt 0.174652 0.708785
vt 0.174652 0.706713
vt 0.170509 0.708785
vt 0.195369 0.706713
vt 0.199512 0.707749
vt 0.195369 0.708785
vt 0.174652 0.710857
vt 0.170509 0.710857
vt 0.199512 0.709821
vt 0.195369 0.710857
vt 0.191226 0.710857
vt 0.187082 0.710857
vt 0.182939 0.710857
vt 0.178796 0.710857
vt 0.187082 0.712928
vt 0.182939 0.712928
vt 0.178796 0.712928
vt 0.174652 0.712928
vt 0.170509 0.712928
vt 0.199512 0.711893
vt 0.195369 0.712928
vt 0.191226 0.712928
vt 0.174652 0.715000
vt 0.170509 0.715000
vt 0.199512 0.713964
vt 0.195369 0.715000
vt 0.191226 0.715000
vt 0.187082 0.715000
vt 0.182939 0.715000
vt 0.178796 0.715000
vt 0.182939 0.717072
vt 0.178795 0.717072
vt 0.174652 0.717072
vt 0.170509 0.717072
vt 0.199512 0.716036
vt 0.195369 0.717072
vt 0.191226 0.717072
vt 0.187082 0.717072
vt 0.199512 0.718108
vt 0.195369 0.719144
vt 0.191226 0.719143
vt 0.187082 0.719143
vt 0.182939 0.719144
vt 0.178796 0.719143
vt 0.174652 0.719143
vt 0.170509 0.719144
vt 0.182939 0.721215
vt 0.178796 0.721215
vt 0.174652 0.721215
vt 0.170509 0.721215
vt 0.199512 0.720179
vt 0.195369 0.721215
vt 0.191226 0.721215
vt 0.187082 0.721215
vt 0.199512 0.722251
vt 0.195369 0.723287
vt 0.191226 0.723287
vt 0.187082 0.723287
vt 0.182939 0.723287
vt 0.178796 0.723287
vt 0.174652 0.723287
vt 0.170509 0.723287
vt 0.182939 0.725359
vt 0.178796 0.725359
vt 0.174652 0.725359
vt 0.170509 0.725359
vt 0.199512 0.724323
vt 0.195369 0.725359
vt 0.191226 0.725359
vt 0.187082 0.725359
vt 0.195369 0.727430
vt 0.191226 0.727430
vt 0.187082 0.727430
vt 0.182939 0.727430
vt 0.178796 0.727430
vt 0.174652 0.727430
vt 0.170509 0.727430
vt 0.199512 0.726394
vt 0.174652 0.729502
vt 0.170509 0.729502
vt 0.199512 0.728466
vt 0.195369 0.729502
vt 0.191226 0.729502
vt 0.187082 0.729502
vt 0.182939 0.729502
vt 0.178795 0.729502
vt 0.191226 0.731574
vt 0.187082 0.731574
vt 0.182939 0.731574
vt 0.178796 0.731574
vt 0.174652 0.731574
vt 0.170509 0.731574
vt 0.199512 0.730538
vt 0.195369 0.731574
vt 0.174652 0.733645
vt 0.170509 0.733645
vt 0.199512 0.732610
vt 0.195369 0.733645
vt 0.191226 0.733645
vt 0.187082 0.733645
vt 0.182939 0.733645
vt 0.178796 0.733645
vt 0.187082 0.735717
vt 0.182939 0.735717
vt 0.178796 0.735717
vt 0.174652 0.735717
vt 0.170509 0.735717
vt 0.199512 0.734681
vt 0.195369 0.735717
vt 0.191226 0.735717
vt 0.170509 0.737789
vt 0.199512 0.736753
vt 0.195369 0.737789
vt 0.191226 0.737789
vt 0.187082 0.737789
vt 0.182939 0.737789
vt 0.178796 0.737789
vt 0.174652 0.737789
vt 0.191226 0.739860
vt 0.187082 0.739860
vt 0.182939 0.739860
vt 0.178795 0.739860
vt 0.174652 0.739860
vt 0.170509 0.739860
vt 0.199512 0.738825
vt 0.195369 0.739860
vt 0.195369 0.673566
vt 0.199512 0.705677
vt 0.301888 0.706713
vt 0.297745 0.673566
vt 0.301888 0.673566
vt 0.293601 0.706713
vt 0.293602 0.673566
vt 0.289458 0.673566
vt 0.289458 0.706713
vt 0.285315 0.673566
vt 0.285315 0.706713
vt 0.281171 0.673566
vt 0.297745 0.706713
vt 0.301888 0.708785
vt 0.297745 0.708785
vt 0.293601 0.708785
vt 0.289458 0.708785
vt 0.285315 0.708785
vt 0.281171 0.706713
vt 0.281171 0.708785
vt 0.306032 0.706713
vt 0.310175 0.707749
vt 0.306032 0.708785
vt 0.285315 0.710857
vt 0.281171 0.710857
vt 0.310175 0.709821
vt 0.306032 0.710857
vt 0.301889 0.710857
vt 0.297745 0.710857
vt 0.293601 0.710857
vt 0.289458 0.710857
vt 0.297745 0.712928
vt 0.293601 0.712928
vt 0.289458 0.712928
vt 0.285315 0.712928
vt 0.281171 0.712928
vt 0.310175 0.711893
vt 0.306032 0.712928
vt 0.301888 0.712928
vt 0.285315 0.715000
vt 0.281171 0.715000
vt 0.310175 0.713964
vt 0.306032 0.715000
vt 0.301888 0.715000
vt 0.297745 0.715000
vt 0.293601 0.715000
vt 0.289458 0.715000
vt 0.293601 0.717072
vt 0.289458 0.717072
vt 0.285315 0.717072
vt 0.281171 0.717072
vt 0.310175 0.716036
vt 0.306032 0.717072
vt 0.301888 0.717072
vt 0.297745 0.717072
vt 0.310175 0.718108
vt 0.306032 0.719143
vt 0.301888 0.719143
vt 0.297745 0.719143
vt 0.293601 0.719143
vt 0.289458 0.719144
vt 0.285315 0.719143
vt 0.281171 0.719143
vt 0.293601 0.721215
vt 0.289458 0.721215
vt 0.285315 0.721215
vt 0.281171 0.721215
vt 0.310175 0.720179
vt 0.306032 0.721215
vt 0.301888 0.721215
vt 0.297745 0.721215
vt 0.310175 0.722251
vt 0.306032 0.723287
vt 0.301888 0.723287
vt 0.297745 0.723287
vt 0.293601 0.723287
vt 0.289458 0.723287
vt 0.285315 0.723287
vt 0.281171 0.723287
vt 0.289458 0.725359
vt 0.285315 0.725359
vt 0.281171 0.725359
vt 0.310175 0.724323
vt 0.306032 0.725359
vt 0.301888 0.725359
vt 0.297745 0.725359
vt 0.293601 0.725359
vt 0.306032 0.727430
vt 0.301889 0.727430
vt 0.297745 0.727430
vt 0.293601 0.727430
vt 0.289458 0.727430
vt 0.285315 0.727430
vt 0.281171 0.727430
vt 0.310175 0.726394
vt 0.285315 0.729502
vt 0.281171 0.729502
vt 0.310175 0.728466
vt 0.306032 0.729502
vt 0.301888 0.729502
vt 0.297745 0.729502
vt 0.293601 0.729502
vt 0.289458 0.729502
vt 0.301888 0.731574
vt 0.297745 0.731574
vt 0.293601 0.731574
vt 0.289458 0.731574
vt 0.285315 0.731574
vt 0.281171 0.731574
vt 0.310175 0.730538
vt 0.306032 0.731574
vt 0.285315 0.733645
vt 0.281171 0.733645
vt 0.310175 0.732610
vt 0.306032 0.733645
vt 0.301888 0.733645
vt 0.297745 0.733645
vt 0.293601 0.733645
vt 0.289458 0.733645
vt 0.297745 0.735717
vt 0.293601 0.735717
vt 0.289458 0.735717
vt 0.285315 0.735717
vt 0.281171 0.735717
vt 0.310175 0.734681
vt 0.306032 0.735717
vt 0.301889 0.735717
vt 0.285315 0.737789
vt 0.281171 0.737789
vt 0.310175 0.736753
vt 0.306032 0.737789
vt 0.301888 0.737789
vt 0.297745 0.737789
vt 0.293601 0.737789
vt 0.289458 0.737789
vt 0.301888 0.739860
vt 0.297745 0.739860
vt 0.293602 0.739860
vt 0.289458 0.739860
vt 0.285315 0.739860
vt 0.281171 0.739860
vt 0.310175 0.738825
vt 0.306032 0.739860
vt 0.306032 0.673566
vt 0.310175 0.705677
vt 0.474868 0.718897
vt 0.471361 0.719961
vt 0.460977 0.717831
vt 0.467786 0.720136
vt 0.464280 0.719417
vt 0.458004 0.715438
vt 0.453489 0.708629
vt 0.452121 0.704475
vt 0.483672 0.710946
vt 0.451424 0.700027
vt 0.487026 0.702761
vt 0.451424 0.695458
vt 0.487724 0.698245
vt 0.452121 0.690942
vt 0.487724 0.693675
vt 0.453489 0.686653
vt 0.487026 0.689228
vt 0.455476 0.682756
vt 0.458004 0.679401
vt 0.485658 0.685073
vt 0.460977 0.676716
vt 0.483672 0.681372
vt 0.464280 0.674805
vt 0.481144 0.678265
vt 0.467786 0.673742
vt 0.478171 0.675872
vt 0.471361 0.673566
vt 0.474868 0.674285
vt 0.485658 0.707049
vt 0.133368 0.471168
vt 0.551611 0.717831
vt 0.548308 0.719417
vt 0.537720 0.718897
vt 0.544802 0.720136
vt 0.541226 0.719961
vt 0.534417 0.716986
vt 0.528916 0.710946
vt 0.526930 0.707049
vt 0.559098 0.708629
vt 0.525561 0.702761
vt 0.561164 0.700027
vt 0.524864 0.698245
vt 0.561164 0.695458
vt 0.524864 0.693675
vt 0.560466 0.690942
vt 0.525561 0.689228
vt 0.559098 0.686653
vt 0.526930 0.685073
vt 0.528916 0.681371
vt 0.557112 0.682756
vt 0.531444 0.678264
vt 0.554584 0.679401
vt 0.534417 0.675872
vt 0.551611 0.676716
vt 0.537720 0.674285
vt 0.548308 0.674805
vt 0.541226 0.673566
vt 0.544802 0.673742
vt 0.560466 0.704475
vt 0.724540 0.674927
vt 0.572094 0.955068
vt 0.572360 0.956403
vt 0.572360 0.957765
vt 0.572094 0.959100
vt 0.571573 0.960357
vt 0.570817 0.961489
vt 0.569855 0.962451
vt 0.568723 0.963208
vt 0.567465 0.963728
vt 0.563434 0.963728
vt 0.566130 0.963994
vt 0.564769 0.963994
vt 0.562176 0.963208
vt 0.561045 0.962451
vt 0.560082 0.961489
vt 0.558805 0.959099
vt 0.558540 0.957764
vt 0.558540 0.956403
vt 0.558805 0.955068
vt 0.559326 0.953811
vt 0.560082 0.952679
vt 0.561045 0.951716
vt 0.563434 0.950439
vt 0.564769 0.950174
vt 0.566130 0.950174
vt 0.567465 0.950439
vt 0.568723 0.950960
vt 0.569855 0.951716
vt 0.570817 0.952679
vt 0.724540 0.715762
vt 0.706388 0.961817
vt 0.705053 0.961551
vt 0.703796 0.961030
vt 0.702664 0.960274
vt 0.701702 0.959312
vt 0.700945 0.958180
vt 0.700424 0.956922
vt 0.700159 0.955587
vt 0.700159 0.954226
vt 0.701702 0.950502
vt 0.700424 0.952891
vt 0.700945 0.951634
vt 0.702664 0.949539
vt 0.703796 0.948783
vt 0.705053 0.948262
vt 0.706389 0.947997
vt 0.707750 0.947997
vt 0.709085 0.948262
vt 0.710342 0.948783
vt 0.712436 0.950502
vt 0.713193 0.951634
vt 0.713714 0.952891
vt 0.713979 0.955588
vt 0.713714 0.956923
vt 0.713193 0.958180
vt 0.712436 0.959312
vt 0.711474 0.960274
vt 0.710342 0.961031
vt 0.709085 0.961551
vt 0.724540 0.711679
vt 0.724540 0.707595
vt 0.724540 0.703512
vt 0.724540 0.700790
vt 0.724540 0.698067
vt 0.724540 0.695345
vt 0.724540 0.692623
vt 0.724540 0.689900
vt 0.724540 0.687178
vt 0.724540 0.683094
vt 0.724540 0.679011
vt 0.650280 0.717124
vt 0.488936 0.954619
vt 0.489457 0.955876
vt 0.489722 0.957211
vt 0.489722 0.958572
vt 0.489457 0.959907
vt 0.488936 0.961165
vt 0.488180 0.962297
vt 0.487217 0.963259
vt 0.486085 0.964015
vt 0.482132 0.964802
vt 0.484828 0.964536
vt 0.483493 0.964802
vt 0.480796 0.964536
vt 0.479539 0.964015
vt 0.478407 0.963259
vt 0.476688 0.961165
vt 0.476168 0.959907
vt 0.475902 0.958572
vt 0.475902 0.957211
vt 0.476168 0.955876
vt 0.476688 0.954619
vt 0.477445 0.953487
vt 0.478407 0.952524
vt 0.479539 0.951768
vt 0.480797 0.951247
vt 0.482132 0.950982
vt 0.484828 0.951247
vt 0.486085 0.951768
vt 0.487217 0.952524
vt 0.650280 0.714401
vt 0.981164 0.683224
vt 0.978925 0.686576
vt 0.980643 0.684482
vt 0.979887 0.685613
vt 0.977793 0.687332
vt 0.976535 0.687853
vt 0.975200 0.688118
vt 0.973839 0.688118
vt 0.972504 0.687853
vt 0.971246 0.687332
vt 0.970115 0.686576
vt 0.969152 0.685613
vt 0.968396 0.684481
vt 0.967875 0.683224
vt 0.967610 0.681889
vt 0.967875 0.679193
vt 0.970115 0.675841
vt 0.968396 0.677935
vt 0.969153 0.676803
vt 0.971247 0.675085
vt 0.972504 0.674564
vt 0.973839 0.674298
vt 0.976536 0.674564
vt 0.977793 0.675085
vt 0.978925 0.675841
vt 0.979887 0.676803
vt 0.980644 0.677935
vt 0.981164 0.679193
vt 0.981430 0.680528
vt 0.650280 0.710318
vt 0.650280 0.706234
vt 0.650280 0.702151
vt 0.650280 0.699428
vt 0.650280 0.696706
vt 0.650280 0.693984
vt 0.650280 0.691261
vt 0.650280 0.688539
vt 0.650280 0.685817
vt 0.650280 0.681733
vt 0.650280 0.677650
vt 0.650280 0.673566
vt 0.400083 0.693248
vt 0.824022 0.939727
vt 0.820048 0.957861
vt 0.810546 0.957859
vt 0.801917 0.953886
vt 0.805890 0.935756
vt 0.402856 0.706870
vt 0.648327 0.967166
vt 0.640905 0.964795
vt 0.638955 0.952557
vt 0.652695 0.950368
vt 0.654646 0.962605
vt 0.400083 0.720492
vt 0.391834 0.731674
vt 0.391834 0.682065
s 1
usemtl マテリアル.003
f 3/1/3 2/2/2 1/3/1
f 1/3/1 96/4/96 4/5/4
f 5/6/5 3/7/3 1/8/1
f 7/9/7 1/8/1 4/10/4
f 8/11/8 6/12/6 5/13/5
f 10/14/10 5/13/5 7/15/7
f 11/16/11 9/17/9 8/18/8
f 13/19/13 8/18/8 10/20/10
f 14/21/14 12/22/12 11/23/11
f 16/24/16 11/23/11 13/25/13
f 17/26/17 15/27/15 14/28/14
f 19/29/19 14/28/14 16/30/16
f 20/31/20 18/32/18 17/33/17
f 22/34/22 17/33/17 19/35/19
f 23/36/23 21/37/21 20/38/20
f 25/39/25 20/38/20 22/40/22
f 26/41/26 24/42/24 23/43/23
f 28/44/28 23/43/23 25/45/25
f 30/46/30 26/47/26 29/48/29
f 29/48/29 28/49/28 31/50/31
f 33/51/33 29/52/29 32/53/32
f 32/53/32 31/54/31 34/55/34
f 36/56/36 32/57/32 35/58/35
f 35/58/35 34/59/34 37/60/37
f 39/61/39 35/62/35 38/63/38
f 38/63/38 37/64/37 40/65/40
f 42/66/42 38/67/38 41/68/41
f 41/68/41 40/69/40 43/70/43
f 45/71/45 41/72/41 44/73/44
f 44/73/44 43/74/43 46/75/46
f 48/76/48 44/77/44 47/78/47
f 47/78/47 46/79/46 49/80/49
f 51/81/51 47/82/47 50/83/50
f 50/83/50 49/84/49 52/85/52
f 53/86/53 51/87/51 50/88/50
f 55/89/55 50/88/50 52/90/52
f 56/91/56 54/92/54 53/93/53
f 58/94/58 53/93/53 55/95/55
f 59/96/59 57/97/57 56/98/56
f 61/99/61 56/98/56 58/100/58
f 62/101/62 60/102/60 59/103/59
f 64/104/64 59/103/59 61/105/61
f 65/106/65 63/107/63 62/108/62
f 67/109/67 62/108/62 64/110/64
f 68/111/68 66/112/66 65/113/65
f 70/114/70 65/113/65 67/115/67
f 71/116/71 69/117/69 68/118/68
f 73/119/73 68/118/68 70/120/70
f 74/121/74 72/122/72 71/123/71
f 76/124/76 71/123/71 73/125/73
f 78/126/78 74/127/74 77/128/77
f 77/128/77 76/129/76 79/130/79
f 81/131/81 77/132/77 80/133/80
f 80/133/80 79/134/79 82/135/82
f 84/136/84 80/137/80 83/138/83
f 83/138/83 82/139/82 85/140/85
f 87/141/87 83/142/83 86/143/86
f 86/143/86 85/144/85 88/145/88
f 90/146/90 86/147/86 89/148/89
f 89/148/89 88/149/88 91/150/91
f 93/151/93 89/152/89 92/153/92
f 92/153/92 91/154/91 94/155/94
f 193/156/193 92/157/92 2/158/2
f 2/158/2 94/159/94 96/160/96
f 96/160/96 95/161/95 97/162/97
f 94/155/94 157/163/157 95/164/95
f 4/5/4 97/165/97 99/166/99
f 99/166/99 98/167/98 100/168/100
f 97/162/97 160/169/160 98/170/98
f 101/171/101 4/10/4 99/172/99
f 102/173/102 99/172/99 100/174/100
f 103/175/103 7/15/7 101/176/101
f 104/177/104 101/176/101 102/178/102
f 105/179/105 10/20/10 103/180/103
f 106/181/106 103/180/103 104/182/104
f 107/183/107 13/25/13 105/184/105
f 108/185/108 105/184/105 106/186/106
f 109/187/109 16/30/16 107/188/107
f 110/189/110 107/188/107 108/190/108
f 111/191/111 19/35/19 109/192/109
f 112/193/112 109/192/109 110/194/110
f 113/195/113 22/40/22 111/196/111
f 114/197/114 111/196/111 112/198/112
f 115/199/115 25/45/25 113/200/113
f 116/201/116 113/200/113 114/202/114
f 31/50/31 115/203/115 117/204/117
f 117/204/117 116/205/116 118/206/118
f 34/55/34 117/207/117 119/208/119
f 119/208/119 118/209/118 120/210/120
f 37/60/37 119/211/119 121/212/121
f 121/212/121 120/213/120 122/214/122
f 40/65/40 121/215/121 123/216/123
f 123/216/123 122/217/122 124/218/124
f 43/70/43 123/219/123 125/220/125
f 125/220/125 124/221/124 126/222/126
f 46/75/46 125/223/125 127/224/127
f 127/224/127 126/225/126 128/226/128
f 49/80/49 127/227/127 129/228/129
f 129/228/129 128/229/128 130/230/130
f 52/85/52 129/231/129 131/232/131
f 131/232/131 130/233/130 132/234/132
f 133/235/133 52/90/52 131/236/131
f 134/237/134 131/236/131 132/238/132
f 135/239/135 55/95/55 133/240/133
f 136/241/136 133/240/133 134/242/134
f 137/243/137 58/100/58 135/244/135
f 138/245/138 135/244/135 136/246/136
f 139/247/139 61/105/61 137/248/137
f 140/249/140 137/248/137 138/250/138
f 141/251/141 64/110/64 139/252/139
f 142/253/142 139/252/139 140/254/140
f 143/255/143 67/115/67 141/256/141
f 144/257/144 141/256/141 142/258/142
f 145/259/145 70/120/70 143/260/143
f 146/261/146 143/260/143 144/262/144
f 147/263/147 73/125/73 145/264/145
f 148/265/148 145/264/145 146/266/146
f 79/130/79 147/267/147 149/268/149
f 149/268/149 148/269/148 150/270/150
f 82/135/82 149/271/149 151/272/151
f 151/272/151 150/273/150 152/274/152
f 85/140/85 151/275/151 153/276/153
f 153/276/153 152/277/152 154/278/154
f 88/145/88 153/279/153 155/280/155
f 155/280/155 154/281/154 156/282/156
f 91/150/91 155/283/155 157/284/157
f 157/284/157 156/285/156 158/286/158
f 95/164/95 158/287/158 160/288/160
f 160/288/160 159/289/159 161/290/161
f 158/286/158 191/291/191 159/292/159
f 98/170/98 161/293/161 162/294/162
f 167/295/167 166/296/166 191/297/191
f 100/168/100 162/298/162 163/299/163
f 164/300/164 100/174/100 163/301/163
f 165/302/165 102/178/102 164/303/164
f 166/304/166 104/182/104 165/305/165
f 167/306/167 106/186/106 166/307/166
f 168/308/168 108/190/108 167/309/167
f 169/310/169 110/194/110 168/311/168
f 170/312/170 112/198/112 169/313/169
f 171/314/171 114/202/114 170/315/170
f 118/206/118 171/316/171 172/317/172
f 120/210/120 172/318/172 173/319/173
f 122/214/122 173/320/173 174/321/174
f 124/218/124 174/322/174 175/323/175
f 126/222/126 175/324/175 176/325/176
f 128/226/128 176/326/176 177/327/177
f 130/230/130 177/328/177 178/329/178
f 132/234/132 178/330/178 179/331/179
f 180/332/180 132/238/132 179/333/179
f 181/334/181 134/242/134 180/335/180
f 182/336/182 136/246/136 181/337/181
f 183/338/183 138/250/138 182/339/182
f 184/340/184 140/254/140 183/341/183
f 185/342/185 142/258/142 184/343/184
f 186/344/186 144/262/144 185/345/185
f 187/346/187 146/266/146 186/347/186
f 150/270/150 187/348/187 188/349/188
f 152/274/152 188/350/188 189/351/189
f 154/278/154 189/352/189 190/353/190
f 156/282/156 190/354/190 191/355/191
f 194/356/194 93/357/93 193/156/193
f 192/358/192 90/359/90 93/151/93
f 196/360/196 193/361/193 3/1/3
f 194/356/194 195/362/195 192/363/192
f 196/360/196 195/364/195 194/365/194
f 6/366/6 196/367/196 3/7/3
f 197/368/197 195/369/195 196/367/196
f 9/370/9 197/371/197 6/12/6
f 198/372/198 195/373/195 197/371/197
f 12/374/12 198/375/198 9/17/9
f 199/376/199 195/377/195 198/375/198
f 15/378/15 199/379/199 12/22/12
f 200/380/200 195/381/195 199/379/199
f 18/382/18 200/383/200 15/27/15
f 201/384/201 195/385/195 200/383/200
f 21/386/21 201/387/201 18/32/18
f 202/388/202 195/389/195 201/387/201
f 24/390/24 202/391/202 21/37/21
f 203/392/203 195/393/195 202/391/202
f 27/394/27 203/395/203 24/42/24
f 204/396/204 195/397/195 203/395/203
f 205/398/205 27/399/27 30/46/30
f 205/398/205 195/400/195 204/401/204
f 206/402/206 30/403/30 33/51/33
f 206/402/206 195/404/195 205/405/205
f 207/406/207 33/407/33 36/56/36
f 207/406/207 195/408/195 206/409/206
f 208/410/208 36/411/36 39/61/39
f 208/410/208 195/412/195 207/413/207
f 209/414/209 39/415/39 42/66/42
f 209/414/209 195/416/195 208/417/208
f 210/418/210 42/419/42 45/71/45
f 210/418/210 195/420/195 209/421/209
f 211/422/211 45/423/45 48/76/48
f 211/422/211 195/424/195 210/425/210
f 212/426/212 48/427/48 51/81/51
f 212/426/212 195/428/195 211/429/211
f 54/430/54 212/431/212 51/87/51
f 213/432/213 195/433/195 212/431/212
f 57/434/57 213/435/213 54/92/54
f 214/436/214 195/437/195 213/435/213
f 60/438/60 214/439/214 57/97/57
f 215/440/215 195/441/195 214/439/214
f 63/442/63 215/443/215 60/102/60
f 216/444/216 195/445/195 215/443/215
f 66/446/66 216/447/216 63/107/63
f 217/448/217 195/449/195 216/447/216
f 69/450/69 217/451/217 66/112/66
f 218/452/218 195/453/195 217/451/217
f 72/454/72 218/455/218 69/117/69
f 219/456/219 195/457/195 218/455/218
f 75/458/75 219/459/219 72/122/72
f 220/460/220 195/461/195 219/459/219
f 221/462/221 75/463/75 78/126/78
f 221/462/221 195/464/195 220/465/220
f 222/466/222 78/467/78 81/131/81
f 222/466/222 195/468/195 221/469/221
f 223/470/223 195/471/195 222/472/222
f 223/470/223 81/473/81 84/136/84
f 224/474/224 84/475/84 87/141/87
f 224/474/224 195/476/195 223/477/223
f 225/478/225 87/479/87 90/146/90
f 225/478/225 195/480/195 224/481/224
f 192/358/192 195/482/195 225/483/225
f 238/484/238 229/485/229 239/486/239
f 230/487/230 228/488/228 226/489/226
f 231/490/231 247/491/247 230/487/230
f 232/492/232 246/493/246 231/490/231
f 232/492/232 244/494/244 245/495/245
f 234/496/234 244/494/244 233/497/233
f 234/496/234 242/498/242 243/499/243
f 236/500/236 242/498/242 235/501/235
f 236/500/236 240/502/240 241/503/241
f 237/504/237 239/486/239 240/502/240
f 248/505/248 697/506/697 249/507/249
f 251/508/251 249/507/249 343/509/343
f 252/510/252 250/511/250 248/512/248
f 254/513/254 248/512/248 251/514/251
f 255/515/255 253/516/253 252/517/252
f 255/515/255 254/518/254 257/519/257
f 258/520/258 256/521/256 255/522/255
f 258/520/258 257/523/257 260/524/260
f 261/525/261 259/526/259 258/527/258
f 261/525/261 260/528/260 263/529/263
f 264/530/264 262/531/262 261/532/261
f 264/530/264 263/533/263 266/534/266
f 267/535/267 265/536/265 264/537/264
f 267/535/267 266/538/266 269/539/269
f 270/540/270 268/541/268 267/542/267
f 270/540/270 269/543/269 272/544/272
f 274/545/274 270/546/270 273/547/273
f 273/547/273 272/548/272 275/549/275
f 276/550/276 274/551/274 273/552/273
f 276/550/276 275/553/275 278/554/278
f 279/555/279 277/556/277 276/557/276
f 279/555/279 278/558/278 281/559/281
f 283/560/283 279/561/279 282/562/282
f 282/562/282 281/563/281 284/564/284
f 286/565/286 282/566/282 285/567/285
f 285/567/285 284/568/284 287/569/287
f 289/570/289 285/571/285 288/572/288
f 288/572/288 287/573/287 290/574/290
f 291/575/291 289/576/289 288/577/288
f 291/575/291 290/578/290 293/579/293
f 294/580/294 292/581/292 291/582/291
f 294/580/294 293/583/293 296/584/296
f 298/585/298 294/586/294 297/587/297
f 297/587/297 296/588/296 299/589/299
f 300/590/300 298/591/298 297/592/297
f 300/590/300 299/593/299 302/594/302
f 304/595/304 300/596/300 303/597/303
f 305/598/305 300/596/300 302/599/302
f 307/600/307 303/601/303 306/602/306
f 308/603/308 303/601/303 305/604/305
f 310/605/310 306/606/306 309/607/309
f 309/607/309 308/608/308 311/609/311
f 313/610/313 309/611/309 312/612/312
f 314/613/314 309/611/309 311/614/311
f 316/615/316 312/616/312 315/617/315
f 315/617/315 314/618/314 317/619/317
f 319/620/319 315/621/315 318/622/318
f 318/622/318 317/623/317 320/624/320
f 322/625/322 318/626/318 321/627/321
f 321/627/321 320/628/320 323/629/323
f 325/630/325 321/631/321 324/632/324
f 324/632/324 323/633/323 326/634/326
f 327/635/327 325/636/325 324/637/324
f 329/638/329 324/637/324 326/639/326
f 331/640/331 327/641/327 330/642/330
f 330/642/330 329/643/329 332/644/332
f 333/645/333 331/646/331 330/647/330
f 333/645/333 332/648/332 335/649/335
f 337/650/337 333/651/333 336/652/336
f 336/652/336 335/653/335 338/654/338
f 340/655/340 336/656/336 339/657/339
f 339/657/339 338/658/338 341/659/341
f 697/660/697 339/661/339 249/662/249
f 249/662/249 341/663/341 343/664/343
f 343/664/343 342/665/342 344/666/344
f 342/667/342 338/658/338 404/668/404
f 346/669/346 343/509/343 344/670/344
f 347/671/347 344/670/344 345/672/345
f 344/666/344 407/673/407 345/674/345
f 348/675/348 251/514/251 346/676/346
f 348/675/348 347/677/347 349/678/349
f 350/679/350 254/518/254 348/680/348
f 350/679/350 349/681/349 351/682/351
f 352/683/352 257/523/257 350/684/350
f 352/683/352 351/685/351 353/686/353
f 354/687/354 260/528/260 352/688/352
f 354/687/354 353/689/353 355/690/355
f 356/691/356 263/533/263 354/692/354
f 356/691/356 355/693/355 357/694/357
f 358/695/358 266/538/266 356/696/356
f 358/695/358 357/697/357 359/698/359
f 360/699/360 269/543/269 358/700/358
f 360/699/360 359/701/359 361/702/361
f 362/703/362 272/548/272 360/704/360
f 362/703/362 361/705/361 363/706/363
f 364/707/364 275/553/275 362/708/362
f 364/707/364 363/709/363 365/710/365
f 366/711/366 278/558/278 364/712/364
f 366/711/366 365/713/365 367/714/367
f 368/715/368 281/563/281 366/716/366
f 368/715/368 367/717/367 369/718/369
f 370/719/370 284/568/284 368/720/368
f 371/721/371 368/720/368 369/722/369
f 290/574/290 370/723/370 372/724/372
f 372/724/372 371/725/371 373/726/373
f 374/727/374 290/578/290 372/728/372
f 374/727/374 373/729/373 375/730/375
f 296/584/296 374/731/374 376/732/376
f 376/732/376 375/733/375 377/734/377
f 378/735/378 296/588/296 376/736/376
f 378/735/378 377/737/377 379/738/379
f 302/594/302 378/739/378 380/740/380
f 380/740/380 379/741/379 381/742/381
f 382/743/382 302/599/302 380/744/380
f 382/743/382 381/745/381 383/746/383
f 308/603/308 382/747/382 384/748/384
f 384/748/384 383/749/383 385/750/385
f 311/609/311 384/751/384 386/752/386
f 386/752/386 385/753/385 387/754/387
f 388/755/388 311/614/311 386/756/386
f 388/755/388 387/757/387 389/758/389
f 317/619/317 388/759/388 390/760/390
f 390/760/390 389/761/389 391/762/391
f 392/763/392 317/623/317 390/764/390
f 392/763/392 391/765/391 393/766/393
f 394/767/394 320/628/320 392/768/392
f 395/769/395 392/768/392 393/770/393
f 326/634/326 394/771/394 396/772/396
f 396/772/396 395/773/395 397/774/397
f 398/775/398 326/639/326 396/776/396
f 398/775/398 397/777/397 399/778/399
f 400/779/400 329/643/329 398/780/398
f 400/779/400 399/781/399 401/782/401
f 402/783/402 332/648/332 400/784/400
f 402/783/402 401/785/401 403/786/403
f 338/654/338 402/787/402 404/788/404
f 404/788/404 403/789/403 405/790/405
f 407/791/407 404/668/404 405/792/405
f 408/793/408 405/792/405 406/794/406
f 405/790/405 468/795/468 406/796/406
f 345/674/345 408/797/408 410/798/410
f 410/798/410 409/799/409 411/800/411
f 408/793/408 471/801/471 409/802/409
f 412/803/412 345/672/345 410/804/410
f 413/805/413 410/804/410 411/806/411
f 415/807/415 412/808/412 413/809/413
f 414/810/414 347/677/347 412/808/412
f 416/811/416 349/681/349 414/812/414
f 417/813/417 414/812/414 415/814/415
f 418/815/418 351/685/351 416/816/416
f 419/817/419 416/816/416 417/818/417
f 420/819/420 353/689/353 418/820/418
f 421/821/421 418/820/418 419/822/419
f 422/823/422 355/693/355 420/824/420
f 423/825/423 420/824/420 421/826/421
f 424/827/424 357/697/357 422/828/422
f 425/829/425 422/828/422 423/830/423
f 426/831/426 359/701/359 424/832/424
f 427/833/427 424/832/424 425/834/425
f 428/835/428 361/705/361 426/836/426
f 429/837/429 426/836/426 427/838/427
f 430/839/430 363/709/363 428/840/428
f 431/841/431 428/840/428 429/842/429
f 432/843/432 365/713/365 430/844/430
f 433/845/433 430/844/430 431/846/431
f 434/847/434 367/717/367 432/848/432
f 435/849/435 432/848/432 433/850/433
f 436/851/436 369/722/369 434/852/434
f 437/853/437 434/852/434 435/854/435
f 438/855/438 371/725/371 436/856/436
f 439/857/439 436/856/436 437/858/437
f 440/859/440 373/729/373 438/860/438
f 441/861/441 438/860/438 439/862/439
f 442/863/442 375/733/375 440/864/440
f 443/865/443 440/864/440 441/866/441
f 444/867/444 377/737/377 442/868/442
f 445/869/445 442/868/442 443/870/443
f 446/871/446 379/741/379 444/872/444
f 447/873/447 444/872/444 445/874/445
f 448/875/448 381/745/381 446/876/446
f 449/877/449 446/876/446 447/878/447
f 450/879/450 383/749/383 448/880/448
f 451/881/451 448/880/448 449/882/449
f 452/883/452 385/753/385 450/884/450
f 453/885/453 450/884/450 451/886/451
f 389/758/389 452/887/452 454/888/454
f 455/889/455 452/887/452 453/890/453
f 456/891/456 389/761/389 454/892/454
f 457/893/457 454/892/454 455/894/455
f 458/895/458 391/765/391 456/896/456
f 459/897/459 456/896/456 457/898/457
f 460/899/460 393/770/393 458/900/458
f 461/901/461 458/900/458 459/902/459
f 462/903/462 395/773/395 460/904/460
f 463/905/463 460/904/460 461/906/461
f 464/907/464 397/777/397 462/908/462
f 464/907/464 463/909/463 465/910/465
f 466/911/466 399/781/399 464/912/464
f 467/913/467 464/912/464 465/914/465
f 468/915/468 401/785/401 466/916/466
f 469/917/469 466/916/466 467/918/467
f 406/796/406 469/919/469 471/920/471
f 471/920/471 470/921/470 472/922/472
f 469/917/469 532/923/532 470/924/470
f 474/925/474 471/801/471 472/926/472
f 475/927/475 472/926/472 473/928/473
f 472/922/472 535/929/535 473/930/473
f 411/800/411 474/931/474 476/932/476
f 476/932/476 475/933/475 477/934/477
f 478/935/478 411/806/411 476/936/476
f 478/935/478 477/937/477 479/938/479
f 415/807/415 478/939/478 480/940/480
f 480/940/480 479/941/479 481/942/481
f 417/813/417 480/943/480 482/944/482
f 482/944/482 481/945/481 483/946/483
f 419/817/419 482/947/482 484/948/484
f 484/948/484 483/949/483 485/950/485
f 421/821/421 484/951/484 486/952/486
f 486/952/486 485/953/485 487/954/487
f 423/825/423 486/955/486 488/956/488
f 488/956/488 487/957/487 489/958/489
f 425/829/425 488/959/488 490/960/490
f 490/960/490 489/961/489 491/962/491
f 427/833/427 490/963/490 492/964/492
f 492/964/492 491/965/491 493/966/493
f 429/837/429 492/967/492 494/968/494
f 494/968/494 493/969/493 495/970/495
f 431/841/431 494/971/494 496/972/496
f 496/972/496 495/973/495 497/974/497
f 433/845/433 496/975/496 498/976/498
f 498/976/498 497/977/497 499/978/499
f 435/849/435 498/979/498 500/980/500
f 500/980/500 499/981/499 501/982/501
f 437/853/437 500/983/500 502/984/502
f 502/984/502 501/985/501 503/986/503
f 439/857/439 502/987/502 504/988/504
f 504/988/504 503/989/503 505/990/505
f 441/861/441 504/991/504 506/992/506
f 506/992/506 505/993/505 507/994/507
f 443/865/443 506/995/506 508/996/508
f 508/996/508 507/997/507 509/998/509
f 445/869/445 508/999/508 510/1000/510
f 510/1000/510 509/1001/509 511/1002/511
f 447/873/447 510/1003/510 512/1004/512
f 512/1004/512 511/1005/511 513/1006/513
f 449/877/449 512/1007/512 514/1008/514
f 514/1008/514 513/1009/513 515/1010/515
f 451/881/451 514/1011/514 516/1012/516
f 516/1012/516 515/1013/515 517/1014/517
f 453/885/453 516/1015/516 518/1016/518
f 518/1016/518 517/1017/517 519/1018/519
f 455/889/455 518/1019/518 520/1020/520
f 520/1020/520 519/1021/519 521/1022/521
f 457/893/457 520/1023/520 522/1024/522
f 522/1024/522 521/1025/521 523/1026/523
f 459/897/459 522/1027/522 524/1028/524
f 524/1028/524 523/1029/523 525/1030/525
f 461/901/461 524/1031/524 526/1032/526
f 526/1032/526 525/1033/525 527/1034/527
f 463/905/463 526/1035/526 528/1036/528
f 528/1036/528 527/1037/527 529/1038/529
f 465/910/465 528/1039/528 530/1040/530
f 530/1040/530 529/1041/529 531/1042/531
f 467/913/467 530/1043/530 532/1044/532
f 532/1044/532 531/1045/531 533/1046/533
f 470/924/470 533/1047/533 535/1048/535
f 536/1049/536 533/1047/533 534/1050/534
f 534/1051/534 531/1045/531 596/1052/596
f 473/930/473 536/1053/536 538/1054/538
f 538/1054/538 537/1055/537 539/1056/539
f 536/1049/536 599/1057/599 537/1058/537
f 540/1059/540 473/928/473 538/1060/538
f 540/1059/540 539/1061/539 541/1062/541
f 542/1063/542 475/933/475 540/1064/540
f 543/1065/543 540/1064/540 541/1066/541
f 479/938/479 542/1067/542 544/1068/544
f 544/1068/544 543/1069/543 545/1070/545
f 481/942/481 544/1071/544 546/1072/546
f 546/1072/546 545/1073/545 547/1074/547
f 548/1075/548 481/945/481 546/1076/546
f 548/1075/548 547/1077/547 549/1078/549
f 550/1079/550 483/949/483 548/1080/548
f 550/1079/550 549/1081/549 551/1082/551
f 552/1083/552 485/953/485 550/1084/550
f 552/1083/552 551/1085/551 553/1086/553
f 554/1087/554 487/957/487 552/1088/552
f 554/1087/554 553/1089/553 555/1090/555
f 556/1091/556 489/961/489 554/1092/554
f 556/1091/556 555/1093/555 557/1094/557
f 558/1095/558 491/965/491 556/1096/556
f 558/1095/558 557/1097/557 559/1098/559
f 560/1099/560 493/969/493 558/1100/558
f 560/1099/560 559/1101/559 561/1102/561
f 562/1103/562 495/973/495 560/1104/560
f 562/1103/562 561/1105/561 563/1106/563
f 564/1107/564 497/977/497 562/1108/562
f 564/1107/564 563/1109/563 565/1110/565
f 566/1111/566 499/981/499 564/1112/564
f 566/1111/566 565/1113/565 567/1114/567
f 568/1115/568 501/985/501 566/1116/566
f 568/1115/568 567/1117/567 569/1118/569
f 570/1119/570 503/989/503 568/1120/568
f 571/1121/571 568/1120/568 569/1122/569
f 572/1123/572 505/993/505 570/1124/570
f 572/1123/572 571/1125/571 573/1126/573
f 574/1127/574 507/997/507 572/1128/572
f 574/1127/574 573/1129/573 575/1130/575
f 576/1131/576 509/1001/509 574/1132/574
f 577/1133/577 574/1132/574 575/1134/575
f 513/1006/513 576/1135/576 578/1136/578
f 578/1136/578 577/1137/577 579/1138/579
f 580/1139/580 513/1009/513 578/1140/578
f 580/1139/580 579/1141/579 581/1142/581
f 582/1143/582 515/1013/515 580/1144/580
f 583/1145/583 580/1144/580 581/1146/581
f 584/1147/584 517/1017/517 582/1148/582
f 584/1147/584 583/1149/583 585/1150/585
f 586/1151/586 519/1021/519 584/1152/584
f 586/1151/586 585/1153/585 587/1154/587
f 588/1155/588 521/1025/521 586/1156/586
f 588/1155/588 587/1157/587 589/1158/589
f 590/1159/590 523/1029/523 588/1160/588
f 590/1159/590 589/1161/589 591/1162/591
f 592/1163/592 525/1033/525 590/1164/590
f 593/1165/593 590/1164/590 591/1166/591
f 594/1167/594 527/1037/527 592/1168/592
f 594/1167/594 593/1169/593 595/1170/595
f 596/1171/596 529/1041/529 594/1172/594
f 597/1173/597 594/1172/594 595/1174/595
f 534/1051/534 597/1175/597 599/1176/599
f 600/1177/600 597/1175/597 598/1178/598
f 598/1179/598 595/1174/595 660/1180/660
f 602/1181/602 599/1057/599 600/1182/600
f 603/1183/603 600/1182/600 601/1184/601
f 600/1177/600 663/1185/663 601/1186/601
f 539/1056/539 602/1187/602 604/1188/604
f 604/1188/604 603/1189/603 605/1190/605
f 606/1191/606 539/1061/539 604/1192/604
f 607/1193/607 604/1192/604 605/1194/605
f 608/1195/608 541/1066/541 606/1196/606
f 609/1197/609 606/1196/606 607/1198/607
f 545/1070/545 608/1199/608 610/1200/610
f 610/1200/610 609/1201/609 611/1202/611
f 612/1203/612 545/1073/545 610/1204/610
f 613/1205/613 610/1204/610 611/1206/611
f 614/1207/614 547/1077/547 612/1208/612
f 614/1207/614 613/1209/613 615/1210/615
f 616/1211/616 549/1081/549 614/1212/614
f 616/1211/616 615/1213/615 617/1214/617
f 618/1215/618 551/1085/551 616/1216/616
f 618/1215/618 617/1217/617 619/1218/619
f 620/1219/620 553/1089/553 618/1220/618
f 620/1219/620 619/1221/619 621/1222/621
f 622/1223/622 555/1093/555 620/1224/620
f 622/1223/622 621/1225/621 623/1226/623
f 624/1227/624 557/1097/557 622/1228/622
f 624/1227/624 623/1229/623 625/1230/625
f 626/1231/626 559/1101/559 624/1232/624
f 626/1231/626 625/1233/625 627/1234/627
f 628/1235/628 561/1105/561 626/1236/626
f 628/1235/628 627/1237/627 629/1238/629
f 630/1239/630 563/1109/563 628/1240/628
f 631/1241/631 628/1240/628 629/1242/629
f 632/1243/632 565/1113/565 630/1244/630
f 632/1243/632 631/1245/631 633/1246/633
f 634/1247/634 567/1117/567 632/1248/632
f 635/1249/635 632/1248/632 633/1250/633
f 636/1251/636 569/1122/569 634/1252/634
f 636/1251/636 635/1253/635 637/1254/637
f 638/1255/638 571/1125/571 636/1256/636
f 638/1255/638 637/1257/637 639/1258/639
f 640/1259/640 573/1129/573 638/1260/638
f 641/1261/641 638/1260/638 639/1262/639
f 642/1263/642 575/1134/575 640/1264/640
f 642/1263/642 641/1265/641 643/1266/643
f 644/1267/644 577/1137/577 642/1268/642
f 645/1269/645 642/1268/642 643/1270/643
f 646/1271/646 579/1141/579 644/1272/644
f 646/1271/646 645/1273/645 647/1274/647
f 648/1275/648 581/1146/581 646/1276/646
f 649/1277/649 646/1276/646 647/1278/647
f 650/1279/650 583/1149/583 648/1280/648
f 650/1279/650 649/1281/649 651/1282/651
f 652/1283/652 585/1153/585 650/1284/650
f 653/1285/653 650/1284/650 651/1286/651
f 654/1287/654 587/1157/587 652/1288/652
f 654/1287/654 653/1289/653 655/1290/655
f 656/1291/656 589/1161/589 654/1292/654
f 657/1293/657 654/1292/654 655/1294/655
f 658/1295/658 591/1166/591 656/1296/656
f 658/1295/658 657/1297/657 659/1298/659
f 660/1299/660 593/1169/593 658/1300/658
f 661/1301/661 658/1300/658 659/1302/659
f 598/1179/598 661/1303/661 663/1304/663
f 663/1304/663 662/1305/662 664/1306/664
f 662/1307/662 659/1302/659 673/1308/673
f 665/1309/665 663/1185/663 664/1310/664
f 666/1311/666 665/1309/665 664/1310/664
f 666/1312/666 664/1306/664 662/1305/662
f 666/1313/666 684/1314/684 667/1315/667
f 666/1316/666 667/1317/667 685/1318/685
f 666/1319/666 668/1320/668 669/1321/669
f 666/1322/666 695/1323/695 668/1324/668
f 666/1325/666 669/1326/669 670/1327/670
f 666/1328/666 670/1329/670 671/1330/671
f 666/1331/666 671/1332/671 672/1333/672
f 666/1334/666 672/1335/672 665/1336/665
f 666/1337/666 662/1307/662 673/1308/673
f 666/1338/666 673/1339/673 674/1340/674
f 666/1341/666 674/1342/674 675/1343/675
f 666/1344/666 675/1345/675 676/1346/676
f 666/1347/666 676/1348/676 677/1349/677
f 666/1350/666 677/1351/677 678/1352/678
f 666/1353/666 678/1354/678 679/1355/679
f 666/1356/666 679/1357/679 680/1358/680
f 666/1359/666 680/1360/680 681/1361/681
f 666/1362/666 681/1363/681 682/1364/682
f 666/1365/666 682/1366/682 683/1367/683
f 666/1368/666 683/1369/683 684/1370/684
f 666/1371/666 685/1372/685 686/1373/686
f 666/1374/666 686/1375/686 687/1376/687
f 666/1377/666 687/1378/687 688/1379/688
f 666/1380/666 688/1381/688 689/1382/689
f 666/1383/666 689/1384/689 690/1385/690
f 666/1386/666 690/1387/690 691/1388/691
f 666/1389/666 691/1390/691 692/1391/692
f 666/1392/666 692/1393/692 693/1394/693
f 666/1395/666 693/1396/693 694/1397/694
f 666/1398/666 694/1399/694 695/1400/695
f 694/1399/694 613/1209/613 695/1400/695
f 613/1205/613 668/1324/668 695/1323/695
f 617/1214/617 694/1397/694 693/1396/693
f 619/1218/619 693/1394/693 692/1393/692
f 621/1222/621 692/1391/692 691/1390/691
f 690/1387/690 621/1225/621 691/1388/691
f 625/1230/625 690/1385/690 689/1384/689
f 627/1234/627 689/1382/689 688/1381/688
f 687/1378/687 627/1237/627 688/1379/688
f 686/1375/686 629/1242/629 687/1376/687
f 633/1246/633 686/1373/686 685/1372/685
f 667/1317/667 633/1250/633 685/1318/685
f 683/1369/683 637/1257/637 684/1370/684
f 637/1254/637 667/1315/667 684/1314/684
f 682/1366/682 639/1262/639 683/1367/683
f 643/1266/643 682/1364/682 681/1363/681
f 680/1360/680 643/1270/643 681/1361/681
f 647/1274/647 680/1358/680 679/1357/679
f 678/1354/678 647/1278/647 679/1355/679
f 651/1282/651 678/1352/678 677/1351/677
f 676/1348/676 651/1286/651 677/1349/677
f 655/1290/655 676/1346/676 675/1345/675
f 657/1293/657 675/1343/675 674/1342/674
f 659/1298/659 674/1340/674 673/1339/673
f 671/1332/671 603/1189/603 672/1333/672
f 672/1335/672 601/1184/601 665/1336/665
f 607/1193/607 671/1330/671 670/1329/670
f 669/1326/669 607/1198/607 670/1327/670
f 611/1202/611 669/1321/669 668/1320/668
f 697/660/697 696/1401/696 340/1402/340
f 696/1403/696 337/1404/337 340/655/340
f 250/1405/250 698/1406/698 697/506/697
f 698/1407/698 699/1408/195 696/1401/696
f 700/1409/699 699/1410/195 698/1406/698
f 701/1411/700 250/511/250 253/1412/253
f 701/1411/700 699/1413/195 700/1414/699
f 256/1415/256 701/1416/700 253/516/253
f 702/1417/701 699/1418/195 701/1416/700
f 259/1419/259 702/1420/701 256/521/256
f 703/1421/702 699/1422/195 702/1420/701
f 262/1423/262 703/1424/702 259/526/259
f 704/1425/703 699/1426/195 703/1424/702
f 705/1427/704 262/531/262 265/1428/265
f 705/1427/704 699/1429/195 704/1430/703
f 268/1431/268 705/1432/704 265/536/265
f 706/1433/705 699/1434/195 705/1432/704
f 707/1435/706 268/541/268 271/1436/271
f 707/1435/706 699/1437/195 706/1438/705
f 708/1439/707 271/1440/271 274/545/274
f 708/1439/707 699/1441/195 707/1442/706
f 277/1443/277 708/1444/707 274/551/274
f 709/1445/708 699/1446/195 708/1444/707
f 710/1447/709 277/556/277 280/1448/280
f 710/1447/709 699/1449/195 709/1450/708
f 711/1451/710 280/1452/280 283/560/283
f 711/1451/710 699/1453/195 710/1454/709
f 712/1455/711 283/1456/283 286/565/286
f 712/1455/711 699/1457/195 711/1458/710
f 289/570/289 712/1459/711 286/1460/286
f 713/1461/712 699/1462/195 712/1459/711
f 292/1463/292 713/1464/712 289/576/289
f 714/1465/713 699/1466/195 713/1464/712
f 295/1467/295 714/1468/713 292/581/292
f 715/1469/714 699/1470/195 714/1468/713
f 716/1471/715 295/1472/295 298/585/298
f 716/1471/715 699/1473/195 715/1474/714
f 301/1475/301 716/1476/715 298/591/298
f 717/1477/716 699/1478/195 716/1476/715
f 718/1479/717 301/1480/301 304/595/304
f 718/1479/717 699/1481/195 717/1482/716
f 719/1483/718 304/1484/304 307/600/307
f 719/1483/718 699/1485/195 718/1486/717
f 310/605/310 719/1487/718 307/1488/307
f 720/1489/719 699/1490/195 719/1487/718
f 313/610/313 720/1491/719 310/1492/310
f 721/1493/720 699/1494/195 720/1491/719
f 722/1495/721 313/1496/313 316/615/316
f 722/1495/721 699/1497/195 721/1498/720
f 319/620/319 722/1499/721 316/1500/316
f 723/1501/722 699/1502/195 722/1499/721
f 724/1503/723 319/1504/319 322/625/322
f 724/1503/723 699/1505/195 723/1506/722
f 325/630/325 724/1507/723 322/1508/322
f 725/1509/724 699/1510/195 724/1507/723
f 726/1511/725 325/636/325 328/1512/328
f 726/1511/725 699/1513/195 725/1514/724
f 727/1515/726 699/1516/195 726/1517/725
f 727/1515/726 328/1518/328 331/640/331
f 334/1519/334 727/1520/726 331/646/331
f 728/1521/727 699/1522/195 727/1520/726
f 729/1523/728 334/1524/334 337/650/337
f 729/1523/728 699/1525/195 728/1526/727
f 696/1403/696 699/1527/195 729/1528/728
f 732/1529/3 731/1530/2 730/1531/1
f 730/1531/1 825/1532/96 733/1533/4
f 734/1534/5 732/1535/3 730/1536/1
f 736/1537/7 730/1536/1 733/1538/4
f 737/1539/8 735/1540/6 734/1541/5
f 739/1542/10 734/1541/5 736/1543/7
f 740/1544/11 738/1545/9 737/1546/8
f 742/1547/13 737/1546/8 739/1548/10
f 743/1549/14 741/1550/12 740/1551/11
f 745/1552/16 740/1551/11 742/1553/13
f 746/1554/17 744/1555/15 743/1556/14
f 748/1557/19 743/1556/14 745/1558/16
f 749/1559/20 747/1560/18 746/1561/17
f 751/1562/22 746/1561/17 748/1563/19
f 752/1564/23 750/1565/21 749/1566/20
f 754/1567/25 749/1566/20 751/1568/22
f 755/1569/26 753/1570/24 752/1571/23
f 757/1572/28 752/1571/23 754/1573/25
f 759/1574/30 755/1575/26 758/1576/29
f 758/1576/29 757/1577/28 760/1578/31
f 762/1579/33 758/1580/29 761/1581/32
f 761/1581/32 760/1582/31 763/1583/34
f 765/1584/36 761/1585/32 764/1586/35
f 764/1586/35 763/1587/34 766/1588/37
f 768/1589/39 764/1590/35 767/1591/38
f 767/1591/38 766/1592/37 769/1593/40
f 771/1594/42 767/1595/38 770/1596/41
f 770/1596/41 769/1597/40 772/1598/43
f 774/1599/45 770/1600/41 773/1601/44
f 773/1601/44 772/1602/43 775/1603/46
f 777/1604/48 773/1605/44 776/1606/47
f 776/1606/47 775/1607/46 778/1608/49
f 780/1609/51 776/1610/47 779/1611/50
f 779/1611/50 778/1612/49 781/1613/52
f 782/1614/53 780/1615/51 779/1616/50
f 784/1617/55 779/1616/50 781/1618/52
f 785/1619/56 783/1620/54 782/1621/53
f 787/1622/58 782/1621/53 784/1623/55
f 788/1624/59 786/1625/57 785/1626/56
f 790/1627/61 785/1626/56 787/1628/58
f 791/1629/62 789/1630/60 788/1631/59
f 793/1632/64 788/1631/59 790/1633/61
f 794/1634/65 792/1635/63 791/1636/62
f 796/1637/67 791/1636/62 793/1638/64
f 797/1639/68 795/1640/66 794/1641/65
f 799/1642/70 794/1641/65 796/1643/67
f 800/1644/71 798/1645/69 797/1646/68
f 802/1647/73 797/1646/68 799/1648/70
f 803/1649/74 801/1650/72 800/1651/71
f 805/1652/76 800/1651/71 802/1653/73
f 807/1654/78 803/1655/74 806/1656/77
f 806/1656/77 805/1657/76 808/1658/79
f 810/1659/81 806/1660/77 809/1661/80
f 809/1661/80 808/1662/79 811/1663/82
f 813/1664/84 809/1665/80 812/1666/83
f 812/1666/83 811/1667/82 814/1668/85
f 816/1669/87 812/1670/83 815/1671/86
f 815/1671/86 814/1672/85 817/1673/88
f 819/1674/90 815/1675/86 818/1676/89
f 818/1676/89 817/1677/88 820/1678/91
f 822/1679/93 818/1680/89 821/1681/92
f 821/1681/92 820/1682/91 823/1683/94
f 922/1684/193 821/1685/92 731/1686/2
f 731/1686/2 823/1687/94 825/1688/96
f 825/1688/96 824/1689/95 826/1690/97
f 823/1683/94 886/1691/157 824/1692/95
f 733/1533/4 826/1693/97 828/1694/99
f 828/1694/99 827/1695/98 829/1696/100
f 826/1690/97 889/1697/160 827/1698/98
f 830/1699/101 733/1538/4 828/1700/99
f 831/1701/102 828/1700/99 829/1702/100
f 832/1703/103 736/1543/7 830/1704/101
f 833/1705/104 830/1704/101 831/1706/102
f 834/1707/105 739/1548/10 832/1708/103
f 835/1709/106 832/1708/103 833/1710/104
f 836/1711/107 742/1553/13 834/1712/105
f 837/1713/108 834/1712/105 835/1714/106
f 838/1715/109 745/1558/16 836/1716/107
f 839/1717/110 836/1716/107 837/1718/108
f 840/1719/111 748/1563/19 838/1720/109
f 841/1721/112 838/1720/109 839/1722/110
f 842/1723/113 751/1568/22 840/1724/111
f 843/1725/729 840/1724/111 841/1726/112
f 844/1727/115 754/1573/25 842/1728/113
f 845/1729/116 842/1728/113 843/1730/729
f 760/1578/31 844/1731/115 846/1732/117
f 846/1732/117 845/1733/116 847/1734/118
f 763/1583/34 846/1735/117 848/1736/119
f 848/1736/119 847/1737/118 849/1738/120
f 766/1588/37 848/1739/119 850/1740/121
f 850/1740/121 849/1741/120 851/1742/122
f 769/1593/40 850/1743/121 852/1744/123
f 852/1744/123 851/1745/122 853/1746/124
f 772/1598/43 852/1747/123 854/1748/125
f 854/1748/125 853/1749/124 855/1750/126
f 775/1603/46 854/1751/125 856/1752/127
f 856/1752/127 855/1753/126 857/1754/128
f 778/1608/49 856/1755/127 858/1756/129
f 858/1756/129 857/1757/128 859/1758/130
f 781/1613/52 858/1759/129 860/1760/131
f 860/1760/131 859/1761/130 861/1762/132
f 862/1763/133 781/1618/52 860/1764/131
f 863/1765/134 860/1764/131 861/1766/132
f 864/1767/135 784/1623/55 862/1768/133
f 865/1769/136 862/1768/133 863/1770/134
f 866/1771/137 787/1628/58 864/1772/135
f 867/1773/138 864/1772/135 865/1774/136
f 868/1775/139 790/1633/61 866/1776/137
f 869/1777/140 866/1776/137 867/1778/138
f 870/1779/141 793/1638/64 868/1780/139
f 871/1781/142 868/1780/139 869/1782/140
f 872/1783/143 796/1643/67 870/1784/141
f 873/1785/144 870/1784/141 871/1786/142
f 874/1787/145 799/1648/70 872/1788/143
f 875/1789/146 872/1788/143 873/1790/144
f 876/1791/147 802/1653/73 874/1792/145
f 877/1793/148 874/1792/145 875/1794/146
f 808/1658/79 876/1795/147 878/1796/149
f 878/1796/149 877/1797/148 879/1798/730
f 811/1663/82 878/1799/149 880/1800/151
f 880/1800/151 879/1801/730 881/1802/152
f 814/1668/85 880/1803/151 882/1804/153
f 882/1804/153 881/1805/152 883/1806/154
f 817/1673/88 882/1807/153 884/1808/155
f 884/1808/155 883/1809/154 885/1810/156
f 820/1678/91 884/1811/155 886/1812/157
f 886/1812/157 885/1813/156 887/1814/158
f 824/1692/95 887/1815/158 889/1816/160
f 889/1816/160 888/1817/159 890/1818/161
f 887/1814/158 920/1819/191 888/1820/159
f 827/1698/98 890/1821/161 891/1822/162
f 896/1823/167 895/1824/166 920/1825/191
f 829/1696/100 891/1826/162 892/1827/163
f 893/1828/164 829/1702/100 892/1829/163
f 894/1830/165 831/1706/102 893/1831/164
f 895/1832/166 833/1710/104 894/1833/165
f 896/1834/167 835/1714/106 895/1835/166
f 897/1836/168 837/1718/108 896/1837/167
f 898/1838/169 839/1722/110 897/1839/168
f 899/1840/170 841/1726/112 898/1841/169
f 900/1842/171 843/1730/729 899/1843/170
f 847/1734/118 900/1844/171 901/1845/172
f 849/1738/120 901/1846/172 902/1847/173
f 851/1742/122 902/1848/173 903/1849/174
f 853/1746/124 903/1850/174 904/1851/175
f 855/1750/126 904/1852/175 905/1853/176
f 857/1754/128 905/1854/176 906/1855/177
f 859/1758/130 906/1856/177 907/1857/178
f 861/1762/132 907/1858/178 908/1859/179
f 909/1860/180 861/1766/132 908/1861/179
f 910/1862/181 863/1770/134 909/1863/180
f 911/1864/182 865/1774/136 910/1865/181
f 912/1866/183 867/1778/138 911/1867/182
f 913/1868/184 869/1782/140 912/1869/183
f 914/1870/185 871/1786/142 913/1871/184
f 915/1872/186 873/1790/144 914/1873/185
f 916/1874/187 875/1794/146 915/1875/186
f 879/1798/730 916/1876/187 917/1877/188
f 881/1802/152 917/1878/188 918/1879/189
f 883/1806/154 918/1880/189 919/1881/190
f 885/1810/156 919/1882/190 920/1883/191
f 923/1884/194 822/1885/93 922/1684/193
f 921/1886/192 819/1887/90 822/1679/93
f 925/1888/196 922/1889/193 732/1529/3
f 923/1884/194 924/1890/195 921/1891/192
f 925/1888/196 924/1892/195 923/1893/194
f 735/1894/6 925/1895/196 732/1535/3
f 926/1896/197 924/1897/195 925/1895/196
f 738/1898/9 926/1899/197 735/1540/6
f 927/1900/198 924/1901/195 926/1899/197
f 741/1902/12 927/1903/198 738/1545/9
f 928/1904/199 924/1905/195 927/1903/198
f 744/1906/15 928/1907/199 741/1550/12
f 929/1908/200 924/1909/195 928/1907/199
f 747/1910/18 929/1911/200 744/1555/15
f 930/1912/201 924/1913/195 929/1911/200
f 750/1914/21 930/1915/201 747/1560/18
f 931/1916/202 924/1917/195 930/1915/201
f 753/1918/24 931/1919/202 750/1565/21
f 932/1920/203 924/1921/195 931/1919/202
f 756/1922/27 932/1923/203 753/1570/24
f 933/1924/204 924/1925/195 932/1923/203
f 934/1926/205 756/1927/27 759/1574/30
f 934/1926/205 924/1928/195 933/1929/204
f 935/1930/206 759/1931/30 762/1579/33
f 935/1930/206 924/1932/195 934/1933/205
f 936/1934/207 762/1935/33 765/1584/36
f 936/1934/207 924/1936/195 935/1937/206
f 937/1938/208 765/1939/36 768/1589/39
f 937/1938/208 924/1940/195 936/1941/207
f 938/1942/209 768/1943/39 771/1594/42
f 938/1942/209 924/1944/195 937/1945/208
f 939/1946/210 771/1947/42 774/1599/45
f 939/1946/210 924/1948/195 938/1949/209
f 940/1950/211 774/1951/45 777/1604/48
f 940/1950/211 924/1952/195 939/1953/210
f 941/1954/212 777/1955/48 780/1609/51
f 941/1954/212 924/1956/195 940/1957/211
f 783/1958/54 941/1959/212 780/1615/51
f 942/1960/213 924/1961/195 941/1959/212
f 786/1962/57 942/1963/213 783/1620/54
f 943/1964/214 924/1965/195 942/1963/213
f 789/1966/60 943/1967/214 786/1625/57
f 944/1968/215 924/1969/195 943/1967/214
f 792/1970/63 944/1971/215 789/1630/60
f 945/1972/216 924/1973/195 944/1971/215
f 795/1974/66 945/1975/216 792/1635/63
f 946/1976/217 924/1977/195 945/1975/216
f 798/1978/69 946/1979/217 795/1640/66
f 947/1980/218 924/1981/195 946/1979/217
f 801/1982/72 947/1983/218 798/1645/69
f 948/1984/219 924/1985/195 947/1983/218
f 804/1986/75 948/1987/219 801/1650/72
f 949/1988/220 924/1989/195 948/1987/219
f 950/1990/221 804/1991/75 807/1654/78
f 950/1990/221 924/1992/195 949/1993/220
f 951/1994/222 807/1995/78 810/1659/81
f 951/1994/222 924/1996/195 950/1997/221
f 952/1998/223 924/1999/195 951/2000/222
f 952/1998/223 810/2001/81 813/1664/84
f 953/2002/224 813/2003/84 816/1669/87
f 953/2002/224 924/2004/195 952/2005/223
f 954/2006/225 816/2007/87 819/1674/90
f 954/2006/225 924/2008/195 953/2009/224
f 921/1886/192 924/2010/195 954/2011/225
f 957/2012/733 956/2013/732 955/2014/731
f 990/2015/766 974/2016/750 958/2017/734
f 958/2018/734 957/2019/733 955/2020/731
f 961/2021/737 958/2018/734 959/2022/735
f 993/2023/769 1001/2024/777 1017/2025/793
f 964/2026/740 961/2021/737 959/2022/735
f 965/2027/741 962/2028/738 964/2026/740
f 968/2029/744 965/2027/741 966/2030/742
f 969/2031/745 966/2030/742 967/2032/743
f 972/2033/748 969/2031/745 967/2032/743
f 971/2034/747 972/2033/748 973/2035/749
f 974/2036/750 971/2034/747 973/2035/749
f 975/2037/751 976/2038/752 974/2036/750
f 978/2039/754 975/2037/751 980/2040/756
f 981/2041/757 978/2039/754 980/2040/756
f 984/2042/760 981/2041/757 982/2043/758
f 983/2044/759 984/2042/760 982/2043/758
f 986/2045/762 983/2044/759 988/2046/764
f 989/2047/765 986/2045/762 988/2046/764
f 992/2048/768 989/2047/765 990/2049/766
f 991/2050/767 992/2048/768 990/2049/766
f 994/2051/770 991/2050/767 996/2052/772
f 997/2053/773 994/2051/770 996/2052/772
f 1000/2054/776 997/2053/773 998/2055/774
f 999/2056/775 1000/2054/776 998/2055/774
f 1002/2057/778 999/2056/775 1004/2058/780
f 1003/2059/779 1004/2058/780 1005/2060/781
f 1006/2061/782 1003/2059/779 1005/2060/781
f 1009/2062/785 1006/2061/782 1007/2063/783
f 1012/2064/788 1009/2062/785 1007/2063/783
f 1013/2065/789 1010/2066/786 1012/2064/788
f 1016/2067/792 1013/2065/789 1014/2068/790
f 1017/2069/793 1014/2068/790 1015/2070/791
f 956/2013/732 1017/2069/793 1015/2070/791
f 1021/2071/733 1020/2072/732 1019/2073/731
f 1030/2074/742 1022/2075/734 1054/2076/766
f 1022/2077/734 1021/2071/733 1019/2073/731
f 1025/2078/737 1022/2077/734 1023/2079/735
f 1049/2080/761 1065/2081/777 1081/2082/793
f 1028/2083/740 1025/2078/737 1023/2079/735
f 1029/2084/741 1026/2085/738 1028/2083/740
f 1032/2086/744 1029/2084/741 1030/2087/742
f 1033/2088/745 1030/2087/742 1031/2089/743
f 1036/2090/748 1033/2088/745 1031/2089/743
f 1035/2091/747 1036/2090/748 1037/2092/795
f 1038/2093/750 1035/2091/747 1037/2092/795
f 1039/2094/751 1040/2095/752 1038/2093/750
f 1042/2096/754 1039/2094/751 1044/2097/756
f 1045/2098/796 1042/2096/754 1044/2097/756
f 1048/2099/760 1045/2098/796 1046/2100/758
f 1047/2101/759 1048/2099/760 1046/2100/758
f 1050/2102/762 1047/2101/759 1052/2103/764
f 1053/2104/765 1050/2102/762 1052/2103/764
f 1056/2105/768 1053/2104/765 1054/2106/766
f 1055/2107/767 1056/2105/768 1054/2106/766
f 1058/2108/770 1055/2107/767 1060/2109/772
f 1061/2110/773 1058/2108/770 1060/2109/772
f 1064/2111/776 1061/2110/773 1062/2112/774
f 1063/2113/775 1064/2111/776 1062/2112/774
f 1066/2114/778 1063/2113/775 1068/2115/780
f 1067/2116/779 1068/2115/780 1069/2117/781
f 1070/2118/782 1067/2116/779 1069/2117/781
f 1073/2119/785 1070/2118/782 1071/2120/797
f 1076/2121/788 1073/2119/785 1071/2120/797
f 1077/2122/789 1074/2123/786 1076/2121/788
f 1080/2124/792 1077/2122/789 1078/2125/790
f 1081/2126/793 1078/2125/790 1079/2127/791
f 1020/2128/732 1081/2126/793 1079/2127/791
f 1085/2129/800 1084/2130/799 1083/2131/798
f 1084/2132/799 1101/2133/815 1086/2134/801
f 1086/2135/801 1085/2129/800 1083/2131/798
f 1089/2136/804 1086/2135/801 1087/2137/802
f 1097/2138/811 1095/2139/809 1096/2140/810
f 1088/2141/803 1096/2142/810 1090/2143/805
f 1092/2144/666 1088/2141/803 1090/2143/805
f 1088/2145/803 1092/2146/666 1091/2147/806
f 1092/2148/666 1097/2149/811 1091/2147/806
f 1096/2142/810 1092/2150/666 1090/2143/805
f 1096/2151/810 1093/2152/807 1092/2153/666
f 1095/2154/809 1092/2155/666 1093/2152/807
f 1097/2156/811 1092/2157/666 1094/2158/808
f 1092/2159/666 1095/2160/809 1094/2158/808
f 1098/2161/812 1099/2162/813 1100/2163/814
f 1095/2160/809 1097/2156/811 1094/2158/808
f 1099/2162/813 1089/2136/804 1087/2137/802
f 1101/2164/815 1098/2161/812 1100/2163/814
f 1103/2165/817 1101/2166/815 1102/2167/816
f 1084/2130/799 1103/2165/817 1102/2167/816
f 1096/2151/810 1095/2154/809 1093/2152/807
f 1106/2168/820 1219/2169/933 1218/2170/932
f 1219/2169/933 1108/2171/822 1220/2172/934
f 1108/2171/822 1221/2173/935 1220/2172/934
f 1109/2174/823 1222/2175/936 1221/2173/935
f 1222/2175/936 1111/2176/825 1223/2177/937
f 1107/2178/821 1113/2179/827 1114/2180/828
f 1107/2178/821 1115/2181/829 1108/2171/822
f 1109/2174/823 1115/2181/829 1116/2182/830
f 1109/2174/823 1117/2183/831 1110/2184/824
f 1111/2176/825 1117/2183/831 1118/2185/832
f 1105/2186/819 1104/2187/818 1112/2188/826
f 1106/2168/820 1112/2188/826 1113/2179/827
f 1118/2185/832 1124/2189/838 1125/2190/839
f 1112/2188/826 1104/2191/818 1119/2192/833
f 1113/2179/827 1119/2192/833 1120/2193/834
f 1113/2179/827 1121/2194/835 1114/2180/828
f 1114/2180/828 1122/2195/836 1115/2181/829
f 1116/2182/830 1122/2195/836 1123/2196/837
f 1116/2182/830 1124/2189/838 1117/2183/831
f 1120/2193/834 1128/2197/842 1121/2194/835
f 1122/2195/836 1128/2197/842 1129/2198/843
f 1123/2196/837 1129/2198/843 1130/2199/844
f 1123/2196/837 1131/2200/845 1124/2189/838
f 1125/2190/839 1131/2200/845 1132/2201/846
f 1119/2192/833 1104/2202/818 1126/2203/840
f 1119/2192/833 1127/2204/841 1120/2193/834
f 1132/2201/846 1138/2205/852 1139/2206/853
f 1126/2203/840 1104/2207/818 1133/2208/847
f 1126/2203/840 1134/2209/848 1127/2204/841
f 1128/2197/842 1134/2209/848 1135/2210/849
f 1129/2198/843 1135/2210/849 1136/2211/850
f 1130/2199/844 1136/2211/850 1137/2212/851
f 1130/2199/844 1138/2205/852 1131/2200/845
f 1135/2210/849 1143/2213/857 1136/2211/850
f 1136/2211/850 1144/2214/858 1137/2212/851
f 1137/2212/851 1145/2215/859 1138/2205/852
f 1139/2206/853 1145/2215/859 1146/2216/860
f 1133/2208/847 1104/2217/818 1140/2218/854
f 1134/2209/848 1140/2218/854 1141/2219/855
f 1135/2210/849 1141/2219/855 1142/2220/856
f 1140/2218/854 1104/2221/818 1147/2222/861
f 1141/2219/855 1147/2222/861 1148/2223/862
f 1141/2219/855 1149/2224/863 1142/2220/856
f 1142/2220/856 1150/2225/864 1143/2213/857
f 1143/2213/857 1151/2226/865 1144/2214/858
f 1144/2214/858 1152/2227/866 1145/2215/859
f 1146/2216/860 1152/2227/866 1153/2228/867
f 1149/2224/863 1157/2229/871 1150/2225/864
f 1150/2225/864 1158/2230/872 1151/2226/865
f 1151/2226/865 1159/2231/873 1152/2227/866
f 1153/2228/867 1159/2231/873 1160/2232/874
f 1147/2222/861 1104/2233/818 1154/2234/868
f 1147/2222/861 1155/2235/869 1148/2223/862
f 1148/2223/862 1156/2236/870 1149/2224/863
f 1154/2234/868 1104/2237/818 1161/2238/875
f 1155/2235/869 1161/2238/875 1162/2239/876
f 1156/2236/870 1162/2239/876 1163/2240/877
f 1157/2229/871 1163/2240/877 1164/2241/878
f 1158/2230/872 1164/2241/878 1165/2242/879
f 1158/2230/872 1166/2243/880 1159/2231/873
f 1160/2232/874 1166/2243/880 1167/2244/881
f 1165/2242/879 1171/2245/885 1172/2246/886
f 1165/2242/879 1173/2247/887 1166/2243/880
f 1167/2244/881 1173/2247/887 1174/2248/888
f 1161/2238/875 1104/2249/818 1168/2250/882
f 1161/2238/875 1169/2251/883 1162/2239/876
f 1162/2239/876 1170/2252/884 1163/2240/877
f 1163/2240/877 1171/2245/885 1164/2241/878
f 1169/2251/883 1175/2253/889 1176/2254/890
f 1170/2252/884 1176/2254/890 1177/2255/891
f 1170/2252/884 1178/2256/892 1171/2245/885
f 1172/2246/886 1178/2256/892 1179/2257/893
f 1173/2247/887 1179/2257/893 1180/2258/894
f 1174/2248/888 1180/2258/894 1181/2259/895
f 1168/2250/882 1104/2260/818 1175/2253/889
f 1179/2257/893 1187/2261/901 1180/2258/894
f 1181/2259/895 1187/2261/901 1188/2262/902
f 1175/2253/889 1104/2263/818 1182/2264/896
f 1175/2253/889 1183/2265/897 1176/2254/890
f 1177/2255/891 1183/2265/897 1184/2266/898
f 1177/2255/891 1185/2267/899 1178/2256/892
f 1179/2257/893 1185/2267/899 1186/2268/900
f 1182/2264/896 1190/2269/904 1183/2265/897
f 1183/2265/897 1191/2270/905 1184/2266/898
f 1184/2266/898 1192/2271/906 1185/2267/899
f 1185/2267/899 1193/2272/907 1186/2268/900
f 1186/2268/900 1194/2273/908 1187/2261/901
f 1188/2262/902 1194/2273/908 1195/2274/909
f 1182/2264/896 1104/2275/818 1189/2276/903
f 1193/2272/907 1201/2277/915 1194/2273/908
f 1195/2274/909 1201/2277/915 1202/2278/916
f 1189/2276/903 1104/2279/818 1196/2280/910
f 1189/2276/903 1197/2281/911 1190/2269/904
f 1191/2270/905 1197/2281/911 1198/2282/912
f 1191/2270/905 1199/2283/913 1192/2271/906
f 1193/2272/907 1199/2283/913 1200/2284/914
f 1197/2281/911 1205/2285/919 1198/2282/912
f 1198/2282/912 1206/2286/920 1199/2283/913
f 1200/2284/914 1206/2286/920 1207/2287/921
f 1200/2284/914 1208/2288/922 1201/2277/915
f 1202/2278/916 1208/2288/922 1209/2289/923
f 1196/2280/910 1104/2290/818 1203/2291/917
f 1197/2281/911 1203/2291/917 1204/2292/918
f 1208/2288/922 1216/2293/930 1209/2289/923
f 1203/2291/917 1104/2294/818 1210/2295/924
f 1203/2291/917 1211/2296/925 1204/2292/918
f 1204/2292/918 1212/2297/926 1205/2285/919
f 1205/2285/919 1213/2298/927 1206/2286/920
f 1207/2287/921 1213/2298/927 1214/2299/928
f 1207/2287/921 1215/2300/929 1208/2288/922
f 1212/2297/926 1218/2301/932 1219/2302/933
f 1212/2297/926 1220/2303/934 1213/2298/927
f 1213/2298/927 1221/2304/935 1214/2299/928
f 1214/2299/928 1222/2305/936 1215/2300/929
f 1216/2293/930 1222/2305/936 1223/2306/937
f 1210/2295/924 1104/2307/818 1217/2308/931
f 1211/2296/925 1217/2308/931 1218/2301/932
f 1118/2185/832 1174/2248/888 1202/2278/916
f 1217/2309/931 1104/2310/818 1105/2186/819
f 1105/2186/819 1218/2170/932 1217/2309/931
f 1226/2311/940 1339/2312/1053 1338/2313/1052
f 1339/2312/1053 1228/2314/942 1340/2315/1054
f 1228/2314/942 1341/2316/1055 1340/2315/1054
f 1229/2317/943 1342/2318/1056 1341/2316/1055
f 1230/2319/944 1343/2320/1057 1342/2318/1056
f 1227/2321/941 1233/2322/947 1234/2323/948
f 1227/2321/941 1235/2324/949 1228/2314/942
f 1229/2317/943 1235/2324/949 1236/2325/950
f 1229/2317/943 1237/2326/951 1230/2319/944
f 1231/2327/945 1237/2326/951 1238/2328/952
f 1225/2329/939 1224/2330/938 1232/2331/946
f 1226/2311/940 1232/2331/946 1233/2322/947
f 1238/2328/952 1244/2332/958 1245/2333/959
f 1232/2331/946 1224/2334/938 1239/2335/953
f 1233/2322/947 1239/2335/953 1240/2336/954
f 1233/2322/947 1241/2337/955 1234/2323/948
f 1234/2323/948 1242/2338/956 1235/2324/949
f 1236/2325/950 1242/2338/956 1243/2339/957
f 1236/2325/950 1244/2332/958 1237/2326/951
f 1240/2336/954 1248/2340/962 1241/2337/955
f 1242/2338/956 1248/2340/962 1249/2341/963
f 1243/2339/957 1249/2341/963 1250/2342/964
f 1244/2332/958 1250/2342/964 1251/2343/965
f 1245/2333/959 1251/2343/965 1252/2344/966
f 1239/2335/953 1224/2345/938 1246/2346/960
f 1239/2335/953 1247/2347/961 1240/2336/954
f 1252/2344/966 1258/2348/972 1259/2349/973
f 1246/2346/960 1224/2350/938 1253/2351/967
f 1246/2346/960 1254/2352/968 1247/2347/961
f 1248/2340/962 1254/2352/968 1255/2353/969
f 1248/2340/962 1256/2354/970 1249/2341/963
f 1249/2341/963 1257/2355/971 1250/2342/964
f 1250/2342/964 1258/2348/972 1251/2343/965
f 1255/2353/969 1263/2356/977 1256/2354/970
f 1256/2354/970 1264/2357/978 1257/2355/971
f 1257/2355/971 1265/2358/979 1258/2348/972
f 1259/2349/973 1265/2358/979 1266/2359/980
f 1253/2351/967 1224/2360/938 1260/2361/974
f 1254/2352/968 1260/2361/974 1261/2362/975
f 1255/2353/969 1261/2362/975 1262/2363/976
f 1260/2361/974 1224/2364/938 1267/2365/981
f 1261/2362/975 1267/2365/981 1268/2366/982
f 1261/2362/975 1269/2367/983 1262/2363/976
f 1262/2363/976 1270/2368/984 1263/2356/977
f 1264/2357/978 1270/2368/984 1271/2369/985
f 1265/2358/979 1271/2369/985 1272/2370/986
f 1266/2359/980 1272/2370/986 1273/2371/987
f 1269/2367/983 1277/2372/991 1270/2368/984
f 1270/2368/984 1278/2373/992 1271/2369/985
f 1271/2369/985 1279/2374/993 1272/2370/986
f 1273/2371/987 1279/2374/993 1280/2375/994
f 1267/2365/981 1224/2376/938 1274/2377/988
f 1267/2365/981 1275/2378/989 1268/2366/982
f 1268/2366/982 1276/2379/990 1269/2367/983
f 1274/2377/988 1224/2380/938 1281/2381/995
f 1275/2378/989 1281/2381/995 1282/2382/996
f 1276/2379/990 1282/2382/996 1283/2383/997
f 1277/2372/991 1283/2383/997 1284/2384/998
f 1278/2373/992 1284/2384/998 1285/2385/999
f 1278/2373/992 1286/2386/1000 1279/2374/993
f 1280/2375/994 1286/2386/1000 1287/2387/1001
f 1284/2384/998 1292/2388/1006 1285/2385/999
f 1285/2385/999 1293/2389/1007 1286/2386/1000
f 1287/2387/1001 1293/2389/1007 1294/2390/1008
f 1281/2381/995 1224/2391/938 1288/2392/1002
f 1281/2381/995 1289/2393/1003 1282/2382/996
f 1282/2382/996 1290/2394/1004 1283/2383/997
f 1283/2383/997 1291/2395/1005 1284/2384/998
f 1289/2393/1003 1295/2396/1009 1296/2397/1010
f 1290/2394/1004 1296/2397/1010 1297/2398/1011
f 1290/2394/1004 1298/2399/1012 1291/2395/1005
f 1292/2388/1006 1298/2399/1012 1299/2400/1013
f 1292/2388/1006 1300/2401/1014 1293/2389/1007
f 1294/2390/1008 1300/2401/1014 1301/2402/1015
f 1288/2392/1002 1224/2403/938 1295/2396/1009
f 1299/2400/1013 1307/2404/1021 1300/2401/1014
f 1301/2402/1015 1307/2404/1021 1308/2405/1022
f 1295/2396/1009 1224/2406/938 1302/2407/1016
f 1296/2397/1010 1302/2407/1016 1303/2408/1017
f 1297/2398/1011 1303/2408/1017 1304/2409/1018
f 1297/2398/1011 1305/2410/1019 1298/2399/1012
f 1299/2400/1013 1305/2410/1019 1306/2411/1020
f 1302/2407/1016 1310/2412/1024 1303/2408/1017
f 1303/2408/1017 1311/2413/1025 1304/2409/1018
f 1304/2409/1018 1312/2414/1026 1305/2410/1019
f 1306/2411/1020 1312/2414/1026 1313/2415/1027
f 1306/2411/1020 1314/2416/1028 1307/2404/1021
f 1308/2405/1022 1314/2416/1028 1315/2417/1029
f 1302/2407/1016 1224/2418/938 1309/2419/1023
f 1313/2415/1027 1321/2420/1035 1314/2416/1028
f 1315/2417/1029 1321/2420/1035 1322/2421/1036
f 1309/2419/1023 1224/2422/938 1316/2423/1030
f 1309/2419/1023 1317/2424/1031 1310/2412/1024
f 1311/2413/1025 1317/2424/1031 1318/2425/1032
f 1311/2413/1025 1319/2426/1033 1312/2414/1026
f 1313/2415/1027 1319/2426/1033 1320/2427/1034
f 1317/2424/1031 1325/2428/1039 1318/2425/1032
f 1318/2425/1032 1326/2429/1040 1319/2426/1033
f 1320/2427/1034 1326/2429/1040 1327/2430/1041
f 1320/2427/1034 1328/2431/1042 1321/2420/1035
f 1322/2421/1036 1328/2431/1042 1329/2432/1043
f 1316/2423/1030 1224/2433/938 1323/2434/1037
f 1317/2424/1031 1323/2434/1037 1324/2435/1038
f 1329/2432/1043 1335/2436/1049 1336/2437/1050
f 1323/2434/1037 1224/2438/938 1330/2439/1044
f 1323/2434/1037 1331/2440/1045 1324/2435/1038
f 1325/2428/1039 1331/2440/1045 1332/2441/1046
f 1325/2428/1039 1333/2442/1047 1326/2429/1040
f 1327/2430/1041 1333/2442/1047 1334/2443/1048
f 1327/2430/1041 1335/2436/1049 1328/2431/1042
f 1332/2441/1046 1338/2444/1052 1339/2445/1053
f 1332/2441/1046 1340/2446/1054 1333/2442/1047
f 1333/2442/1047 1341/2447/1055 1334/2443/1048
f 1335/2436/1049 1341/2447/1055 1342/2448/1056
f 1336/2437/1050 1342/2448/1056 1343/2449/1057
f 1330/2439/1044 1224/2450/938 1337/2451/1051
f 1330/2439/1044 1338/2444/1052 1331/2440/1045
f 1308/2405/1022 1322/2421/1036 1238/2328/952
f 1337/2452/1051 1224/2453/938 1225/2329/939
f 1225/2329/939 1338/2313/1052 1337/2452/1051
f 3/1/3 193/361/193 2/2/2
f 1/3/1 2/2/2 96/4/96
f 5/6/5 6/366/6 3/7/3
f 7/9/7 5/6/5 1/8/1
f 8/11/8 9/370/9 6/12/6
f 10/14/10 8/11/8 5/13/5
f 11/16/11 12/374/12 9/17/9
f 13/19/13 11/16/11 8/18/8
f 14/21/14 15/378/15 12/22/12
f 16/24/16 14/21/14 11/23/11
f 17/26/17 18/382/18 15/27/15
f 19/29/19 17/26/17 14/28/14
f 20/31/20 21/386/21 18/32/18
f 22/34/22 20/31/20 17/33/17
f 23/36/23 24/390/24 21/37/21
f 25/39/25 23/36/23 20/38/20
f 26/41/26 27/394/27 24/42/24
f 28/44/28 26/41/26 23/43/23
f 30/46/30 27/399/27 26/47/26
f 29/48/29 26/47/26 28/49/28
f 33/51/33 30/403/30 29/52/29
f 32/53/32 29/52/29 31/54/31
f 36/56/36 33/407/33 32/57/32
f 35/58/35 32/57/32 34/59/34
f 39/61/39 36/411/36 35/62/35
f 38/63/38 35/62/35 37/64/37
f 42/66/42 39/415/39 38/67/38
f 41/68/41 38/67/38 40/69/40
f 45/71/45 42/419/42 41/72/41
f 44/73/44 41/72/41 43/74/43
f 48/76/48 45/423/45 44/77/44
f 47/78/47 44/77/44 46/79/46
f 51/81/51 48/427/48 47/82/47
f 50/83/50 47/82/47 49/84/49
f 53/86/53 54/430/54 51/87/51
f 55/89/55 53/86/53 50/88/50
f 56/91/56 57/434/57 54/92/54
f 58/94/58 56/91/56 53/93/53
f 59/96/59 60/438/60 57/97/57
f 61/99/61 59/96/59 56/98/56
f 62/101/62 63/442/63 60/102/60
f 64/104/64 62/101/62 59/103/59
f 65/106/65 66/446/66 63/107/63
f 67/109/67 65/106/65 62/108/62
f 68/111/68 69/450/69 66/112/66
f 70/114/70 68/111/68 65/113/65
f 71/116/71 72/454/72 69/117/69
f 73/119/73 71/116/71 68/118/68
f 74/121/74 75/458/75 72/122/72
f 76/124/76 74/121/74 71/123/71
f 78/126/78 75/463/75 74/127/74
f 77/128/77 74/127/74 76/129/76
f 81/131/81 78/467/78 77/132/77
f 80/133/80 77/132/77 79/134/79
f 84/136/84 81/473/81 80/137/80
f 83/138/83 80/137/80 82/139/82
f 87/141/87 84/475/84 83/142/83
f 86/143/86 83/142/83 85/144/85
f 90/146/90 87/479/87 86/147/86
f 89/148/89 86/147/86 88/149/88
f 93/151/93 90/359/90 89/152/89
f 92/153/92 89/152/89 91/154/91
f 193/156/193 93/357/93 92/157/92
f 2/158/2 92/157/92 94/159/94
f 96/160/96 94/159/94 95/161/95
f 94/155/94 91/154/91 157/163/157
f 4/5/4 96/4/96 97/165/97
f 99/166/99 97/165/97 98/167/98
f 97/162/97 95/161/95 160/169/160
f 101/171/101 7/9/7 4/10/4
f 102/173/102 101/171/101 99/172/99
f 103/175/103 10/14/10 7/15/7
f 104/177/104 103/175/103 101/176/101
f 105/179/105 13/19/13 10/20/10
f 106/181/106 105/179/105 103/180/103
f 107/183/107 16/24/16 13/25/13
f 108/185/108 107/183/107 105/184/105
f 109/187/109 19/29/19 16/30/16
f 110/189/110 109/187/109 107/188/107
f 111/191/111 22/34/22 19/35/19
f 112/193/112 111/191/111 109/192/109
f 113/195/113 25/39/25 22/40/22
f 114/197/114 113/195/113 111/196/111
f 115/199/115 28/44/28 25/45/25
f 116/201/116 115/199/115 113/200/113
f 31/50/31 28/49/28 115/203/115
f 117/204/117 115/203/115 116/205/116
f 34/55/34 31/54/31 117/207/117
f 119/208/119 117/207/117 118/209/118
f 37/60/37 34/59/34 119/211/119
f 121/212/121 119/211/119 120/213/120
f 40/65/40 37/64/37 121/215/121
f 123/216/123 121/215/121 122/217/122
f 43/70/43 40/69/40 123/219/123
f 125/220/125 123/219/123 124/221/124
f 46/75/46 43/74/43 125/223/125
f 127/224/127 125/223/125 126/225/126
f 49/80/49 46/79/46 127/227/127
f 129/228/129 127/227/127 128/229/128
f 52/85/52 49/84/49 129/231/129
f 131/232/131 129/231/129 130/233/130
f 133/235/133 55/89/55 52/90/52
f 134/237/134 133/235/133 131/236/131
f 135/239/135 58/94/58 55/95/55
f 136/241/136 135/239/135 133/240/133
f 137/243/137 61/99/61 58/100/58
f 138/245/138 137/243/137 135/244/135
f 139/247/139 64/104/64 61/105/61
f 140/249/140 139/247/139 137/248/137
f 141/251/141 67/109/67 64/110/64
f 142/253/142 141/251/141 139/252/139
f 143/255/143 70/114/70 67/115/67
f 144/257/144 143/255/143 141/256/141
f 145/259/145 73/119/73 70/120/70
f 146/261/146 145/259/145 143/260/143
f 147/263/147 76/124/76 73/125/73
f 148/265/148 147/263/147 145/264/145
f 79/130/79 76/129/76 147/267/147
f 149/268/149 147/267/147 148/269/148
f 82/135/82 79/134/79 149/271/149
f 151/272/151 149/271/149 150/273/150
f 85/140/85 82/139/82 151/275/151
f 153/276/153 151/275/151 152/277/152
f 88/145/88 85/144/85 153/279/153
f 155/280/155 153/279/153 154/281/154
f 91/150/91 88/149/88 155/283/155
f 157/284/157 155/283/155 156/285/156
f 95/164/95 157/163/157 158/287/158
f 160/288/160 158/287/158 159/289/159
f 158/286/158 156/285/156 191/291/191
f 98/170/98 160/169/160 161/293/161
f 165/2454/165 164/2455/164 161/2456/161
f 164/2455/164 163/2457/163 162/2458/162
f 161/2456/161 164/2455/164 162/2458/162
f 161/2456/161 159/2459/159 165/2454/165
f 159/2459/159 191/297/191 166/296/166
f 165/2454/165 159/2459/159 166/296/166
f 191/297/191 190/2460/190 167/295/167
f 190/2460/190 189/2461/189 168/2462/168
f 167/295/167 190/2460/190 168/2462/168
f 189/2461/189 188/2463/188 170/2464/170
f 188/2463/188 187/2465/187 171/2466/171
f 187/2465/187 186/2467/186 172/2468/172
f 186/2467/186 185/2469/185 173/2470/173
f 185/2469/185 184/2471/184 173/2470/173
f 184/2471/184 183/2472/183 174/2473/174
f 173/2470/173 184/2471/184 174/2473/174
f 183/2472/183 182/2474/182 175/2475/175
f 182/2474/182 181/2476/181 176/2477/176
f 175/2475/175 182/2474/182 176/2477/176
f 181/2476/181 180/2478/180 177/2479/177
f 180/2478/180 179/2480/179 178/2481/178
f 177/2479/177 180/2478/180 178/2481/178
f 177/2479/177 176/2477/176 181/2476/181
f 175/2475/175 174/2473/174 183/2472/183
f 173/2470/173 172/2468/172 186/2467/186
f 172/2468/172 171/2466/171 187/2465/187
f 171/2466/171 170/2464/170 188/2463/188
f 170/2464/170 169/2482/169 189/2461/189
f 169/2482/169 168/2462/168 189/2461/189
f 100/168/100 98/167/98 162/298/162
f 164/300/164 102/173/102 100/174/100
f 165/302/165 104/177/104 102/178/102
f 166/304/166 106/181/106 104/182/104
f 167/306/167 108/185/108 106/186/106
f 168/308/168 110/189/110 108/190/108
f 169/310/169 112/193/112 110/194/110
f 170/312/170 114/197/114 112/198/112
f 171/314/171 116/201/116 114/202/114
f 118/206/118 116/205/116 171/316/171
f 120/210/120 118/209/118 172/318/172
f 122/214/122 120/213/120 173/320/173
f 124/218/124 122/217/122 174/322/174
f 126/222/126 124/221/124 175/324/175
f 128/226/128 126/225/126 176/326/176
f 130/230/130 128/229/128 177/328/177
f 132/234/132 130/233/130 178/330/178
f 180/332/180 134/237/134 132/238/132
f 181/334/181 136/241/136 134/242/134
f 182/336/182 138/245/138 136/246/136
f 183/338/183 140/249/140 138/250/138
f 184/340/184 142/253/142 140/254/140
f 185/342/185 144/257/144 142/258/142
f 186/344/186 146/261/146 144/262/144
f 187/346/187 148/265/148 146/266/146
f 150/270/150 148/269/148 187/348/187
f 152/274/152 150/273/150 188/350/188
f 154/278/154 152/277/152 189/352/189
f 156/282/156 154/281/154 190/354/190
f 194/356/194 192/363/192 93/357/93
f 192/358/192 225/483/225 90/359/90
f 196/360/196 194/365/194 193/361/193
f 6/366/6 197/368/197 196/367/196
f 9/370/9 198/372/198 197/371/197
f 12/374/12 199/376/199 198/375/198
f 15/378/15 200/380/200 199/379/199
f 18/382/18 201/384/201 200/383/200
f 21/386/21 202/388/202 201/387/201
f 24/390/24 203/392/203 202/391/202
f 27/394/27 204/396/204 203/395/203
f 205/398/205 204/401/204 27/399/27
f 206/402/206 205/405/205 30/403/30
f 207/406/207 206/409/206 33/407/33
f 208/410/208 207/413/207 36/411/36
f 209/414/209 208/417/208 39/415/39
f 210/418/210 209/421/209 42/419/42
f 211/422/211 210/425/210 45/423/45
f 212/426/212 211/429/211 48/427/48
f 54/430/54 213/432/213 212/431/212
f 57/434/57 214/436/214 213/435/213
f 60/438/60 215/440/215 214/439/214
f 63/442/63 216/444/216 215/443/215
f 66/446/66 217/448/217 216/447/216
f 69/450/69 218/452/218 217/451/217
f 72/454/72 219/456/219 218/455/218
f 75/458/75 220/460/220 219/459/219
f 221/462/221 220/465/220 75/463/75
f 222/466/222 221/469/221 78/467/78
f 223/470/223 222/472/222 81/473/81
f 224/474/224 223/477/223 84/475/84
f 225/478/225 224/481/224 87/479/87
f 238/484/238 227/2483/227 229/485/229
f 230/487/230 247/491/247 228/488/228
f 231/490/231 246/493/246 247/491/247
f 232/492/232 245/495/245 246/493/246
f 232/492/232 233/497/233 244/494/244
f 234/496/234 243/499/243 244/494/244
f 234/496/234 235/501/235 242/498/242
f 236/500/236 241/503/241 242/498/242
f 236/500/236 237/504/237 240/502/240
f 237/504/237 238/484/238 239/486/239
f 248/505/248 250/1405/250 697/506/697
f 251/508/251 248/505/248 249/507/249
f 252/510/252 253/1412/253 250/511/250
f 254/513/254 252/510/252 248/512/248
f 255/515/255 256/1415/256 253/516/253
f 255/515/255 252/517/252 254/518/254
f 258/520/258 259/1419/259 256/521/256
f 258/520/258 255/522/255 257/523/257
f 261/525/261 262/1423/262 259/526/259
f 261/525/261 258/527/258 260/528/260
f 264/530/264 265/1428/265 262/531/262
f 264/530/264 261/532/261 263/533/263
f 267/535/267 268/1431/268 265/536/265
f 267/535/267 264/537/264 266/538/266
f 270/540/270 271/1436/271 268/541/268
f 270/540/270 267/542/267 269/543/269
f 274/545/274 271/1440/271 270/546/270
f 273/547/273 270/546/270 272/548/272
f 276/550/276 277/1443/277 274/551/274
f 276/550/276 273/552/273 275/553/275
f 279/555/279 280/1448/280 277/556/277
f 279/555/279 276/557/276 278/558/278
f 283/560/283 280/1452/280 279/561/279
f 282/562/282 279/561/279 281/563/281
f 286/565/286 283/1456/283 282/566/282
f 285/567/285 282/566/282 284/568/284
f 289/570/289 286/1460/286 285/571/285
f 288/572/288 285/571/285 287/573/287
f 291/575/291 292/1463/292 289/576/289
f 291/575/291 288/577/288 290/578/290
f 294/580/294 295/1467/295 292/581/292
f 294/580/294 291/582/291 293/583/293
f 298/585/298 295/1472/295 294/586/294
f 297/587/297 294/586/294 296/588/296
f 300/590/300 301/1475/301 298/591/298
f 300/590/300 297/592/297 299/593/299
f 304/595/304 301/1480/301 300/596/300
f 305/598/305 303/597/303 300/596/300
f 307/600/307 304/1484/304 303/601/303
f 308/603/308 306/602/306 303/601/303
f 310/605/310 307/1488/307 306/606/306
f 309/607/309 306/606/306 308/608/308
f 313/610/313 310/1492/310 309/611/309
f 314/613/314 312/612/312 309/611/309
f 316/615/316 313/1496/313 312/616/312
f 315/617/315 312/616/312 314/618/314
f 319/620/319 316/1500/316 315/621/315
f 318/622/318 315/621/315 317/623/317
f 322/625/322 319/1504/319 318/626/318
f 321/627/321 318/626/318 320/628/320
f 325/630/325 322/1508/322 321/631/321
f 324/632/324 321/631/321 323/633/323
f 327/635/327 328/1512/328 325/636/325
f 329/638/329 327/635/327 324/637/324
f 331/640/331 328/1518/328 327/641/327
f 330/642/330 327/641/327 329/643/329
f 333/645/333 334/1519/334 331/646/331
f 333/645/333 330/647/330 332/648/332
f 337/650/337 334/1524/334 333/651/333
f 336/652/336 333/651/333 335/653/335
f 340/655/340 337/1404/337 336/656/336
f 339/657/339 336/656/336 338/658/338
f 697/660/697 340/1402/340 339/661/339
f 249/662/249 339/661/339 341/663/341
f 343/664/343 341/663/341 342/665/342
f 342/667/342 341/659/341 338/658/338
f 346/669/346 251/508/251 343/509/343
f 347/671/347 346/669/346 344/670/344
f 344/666/344 342/665/342 407/673/407
f 348/675/348 254/513/254 251/514/251
f 348/675/348 346/676/346 347/677/347
f 350/679/350 257/519/257 254/518/254
f 350/679/350 348/680/348 349/681/349
f 352/683/352 260/524/260 257/523/257
f 352/683/352 350/684/350 351/685/351
f 354/687/354 263/529/263 260/528/260
f 354/687/354 352/688/352 353/689/353
f 356/691/356 266/534/266 263/533/263
f 356/691/356 354/692/354 355/693/355
f 358/695/358 269/539/269 266/538/266
f 358/695/358 356/696/356 357/697/357
f 360/699/360 272/544/272 269/543/269
f 360/699/360 358/700/358 359/701/359
f 362/703/362 275/549/275 272/548/272
f 362/703/362 360/704/360 361/705/361
f 364/707/364 278/554/278 275/553/275
f 364/707/364 362/708/362 363/709/363
f 366/711/366 281/559/281 278/558/278
f 366/711/366 364/712/364 365/713/365
f 368/715/368 284/564/284 281/563/281
f 368/715/368 366/716/366 367/717/367
f 370/719/370 287/569/287 284/568/284
f 371/721/371 370/719/370 368/720/368
f 290/574/290 287/573/287 370/723/370
f 372/724/372 370/723/370 371/725/371
f 374/727/374 293/579/293 290/578/290
f 374/727/374 372/728/372 373/729/373
f 296/584/296 293/583/293 374/731/374
f 376/732/376 374/731/374 375/733/375
f 378/735/378 299/589/299 296/588/296
f 378/735/378 376/736/376 377/737/377
f 302/594/302 299/593/299 378/739/378
f 380/740/380 378/739/378 379/741/379
f 382/743/382 305/598/305 302/599/302
f 382/743/382 380/744/380 381/745/381
f 308/603/308 305/604/305 382/747/382
f 384/748/384 382/747/382 383/749/383
f 311/609/311 308/608/308 384/751/384
f 386/752/386 384/751/384 385/753/385
f 388/755/388 314/613/314 311/614/311
f 388/755/388 386/756/386 387/757/387
f 317/619/317 314/618/314 388/759/388
f 390/760/390 388/759/388 389/761/389
f 392/763/392 320/624/320 317/623/317
f 392/763/392 390/764/390 391/765/391
f 394/767/394 323/629/323 320/628/320
f 395/769/395 394/767/394 392/768/392
f 326/634/326 323/633/323 394/771/394
f 396/772/396 394/771/394 395/773/395
f 398/775/398 329/638/329 326/639/326
f 398/775/398 396/776/396 397/777/397
f 400/779/400 332/644/332 329/643/329
f 400/779/400 398/780/398 399/781/399
f 402/783/402 335/649/335 332/648/332
f 402/783/402 400/784/400 401/785/401
f 338/654/338 335/653/335 402/787/402
f 404/788/404 402/787/402 403/789/403
f 407/791/407 342/667/342 404/668/404
f 408/793/408 407/791/407 405/792/405
f 405/790/405 403/789/403 468/795/468
f 345/674/345 407/673/407 408/797/408
f 410/798/410 408/797/408 409/799/409
f 408/793/408 406/794/406 471/801/471
f 412/803/412 347/671/347 345/672/345
f 413/805/413 412/803/412 410/804/410
f 415/807/415 414/810/414 412/808/412
f 414/810/414 349/678/349 347/677/347
f 416/811/416 351/682/351 349/681/349
f 417/813/417 416/811/416 414/812/414
f 418/815/418 353/686/353 351/685/351
f 419/817/419 418/815/418 416/816/416
f 420/819/420 355/690/355 353/689/353
f 421/821/421 420/819/420 418/820/418
f 422/823/422 357/694/357 355/693/355
f 423/825/423 422/823/422 420/824/420
f 424/827/424 359/698/359 357/697/357
f 425/829/425 424/827/424 422/828/422
f 426/831/426 361/702/361 359/701/359
f 427/833/427 426/831/426 424/832/424
f 428/835/428 363/706/363 361/705/361
f 429/837/429 428/835/428 426/836/426
f 430/839/430 365/710/365 363/709/363
f 431/841/431 430/839/430 428/840/428
f 432/843/432 367/714/367 365/713/365
f 433/845/433 432/843/432 430/844/430
f 434/847/434 369/718/369 367/717/367
f 435/849/435 434/847/434 432/848/432
f 436/851/436 371/721/371 369/722/369
f 437/853/437 436/851/436 434/852/434
f 438/855/438 373/726/373 371/725/371
f 439/857/439 438/855/438 436/856/436
f 440/859/440 375/730/375 373/729/373
f 441/861/441 440/859/440 438/860/438
f 442/863/442 377/734/377 375/733/375
f 443/865/443 442/863/442 440/864/440
f 444/867/444 379/738/379 377/737/377
f 445/869/445 444/867/444 442/868/442
f 446/871/446 381/742/381 379/741/379
f 447/873/447 446/871/446 444/872/444
f 448/875/448 383/746/383 381/745/381
f 449/877/449 448/875/448 446/876/446
f 450/879/450 385/750/385 383/749/383
f 451/881/451 450/879/450 448/880/448
f 452/883/452 387/754/387 385/753/385
f 453/885/453 452/883/452 450/884/450
f 389/758/389 387/757/387 452/887/452
f 455/889/455 454/888/454 452/887/452
f 456/891/456 391/762/391 389/761/389
f 457/893/457 456/891/456 454/892/454
f 458/895/458 393/766/393 391/765/391
f 459/897/459 458/895/458 456/896/456
f 460/899/460 395/769/395 393/770/393
f 461/901/461 460/899/460 458/900/458
f 462/903/462 397/774/397 395/773/395
f 463/905/463 462/903/462 460/904/460
f 464/907/464 399/778/399 397/777/397
f 464/907/464 462/908/462 463/909/463
f 466/911/466 401/782/401 399/781/399
f 467/913/467 466/911/466 464/912/464
f 468/915/468 403/786/403 401/785/401
f 469/917/469 468/915/468 466/916/466
f 406/796/406 468/795/468 469/919/469
f 471/920/471 469/919/469 470/921/470
f 469/917/469 467/918/467 532/923/532
f 474/925/474 409/802/409 471/801/471
f 475/927/475 474/925/474 472/926/472
f 472/922/472 470/921/470 535/929/535
f 411/800/411 409/799/409 474/931/474
f 476/932/476 474/931/474 475/933/475
f 478/935/478 413/805/413 411/806/411
f 478/935/478 476/936/476 477/937/477
f 415/807/415 413/809/413 478/939/478
f 480/940/480 478/939/478 479/941/479
f 417/813/417 415/814/415 480/943/480
f 482/944/482 480/943/480 481/945/481
f 419/817/419 417/818/417 482/947/482
f 484/948/484 482/947/482 483/949/483
f 421/821/421 419/822/419 484/951/484
f 486/952/486 484/951/484 485/953/485
f 423/825/423 421/826/421 486/955/486
f 488/956/488 486/955/486 487/957/487
f 425/829/425 423/830/423 488/959/488
f 490/960/490 488/959/488 489/961/489
f 427/833/427 425/834/425 490/963/490
f 492/964/492 490/963/490 491/965/491
f 429/837/429 427/838/427 492/967/492
f 494/968/494 492/967/492 493/969/493
f 431/841/431 429/842/429 494/971/494
f 496/972/496 494/971/494 495/973/495
f 433/845/433 431/846/431 496/975/496
f 498/976/498 496/975/496 497/977/497
f 435/849/435 433/850/433 498/979/498
f 500/980/500 498/979/498 499/981/499
f 437/853/437 435/854/435 500/983/500
f 502/984/502 500/983/500 501/985/501
f 439/857/439 437/858/437 502/987/502
f 504/988/504 502/987/502 503/989/503
f 441/861/441 439/862/439 504/991/504
f 506/992/506 504/991/504 505/993/505
f 443/865/443 441/866/441 506/995/506
f 508/996/508 506/995/506 507/997/507
f 445/869/445 443/870/443 508/999/508
f 510/1000/510 508/999/508 509/1001/509
f 447/873/447 445/874/445 510/1003/510
f 512/1004/512 510/1003/510 511/1005/511
f 449/877/449 447/878/447 512/1007/512
f 514/1008/514 512/1007/512 513/1009/513
f 451/881/451 449/882/449 514/1011/514
f 516/1012/516 514/1011/514 515/1013/515
f 453/885/453 451/886/451 516/1015/516
f 518/1016/518 516/1015/516 517/1017/517
f 455/889/455 453/890/453 518/1019/518
f 520/1020/520 518/1019/518 519/1021/519
f 457/893/457 455/894/455 520/1023/520
f 522/1024/522 520/1023/520 521/1025/521
f 459/897/459 457/898/457 522/1027/522
f 524/1028/524 522/1027/522 523/1029/523
f 461/901/461 459/902/459 524/1031/524
f 526/1032/526 524/1031/524 525/1033/525
f 463/905/463 461/906/461 526/1035/526
f 528/1036/528 526/1035/526 527/1037/527
f 465/910/465 463/909/463 528/1039/528
f 530/1040/530 528/1039/528 529/1041/529
f 467/913/467 465/914/465 530/1043/530
f 532/1044/532 530/1043/530 531/1045/531
f 470/924/470 532/923/532 533/1047/533
f 536/1049/536 535/1048/535 533/1047/533
f 534/1051/534 533/1046/533 531/1045/531
f 473/930/473 535/929/535 536/1053/536
f 538/1054/538 536/1053/536 537/1055/537
f 536/1049/536 534/1050/534 599/1057/599
f 540/1059/540 475/927/475 473/928/473
f 540/1059/540 538/1060/538 539/1061/539
f 542/1063/542 477/934/477 475/933/475
f 543/1065/543 542/1063/542 540/1064/540
f 479/938/479 477/937/477 542/1067/542
f 544/1068/544 542/1067/542 543/1069/543
f 481/942/481 479/941/479 544/1071/544
f 546/1072/546 544/1071/544 545/1073/545
f 548/1075/548 483/946/483 481/945/481
f 548/1075/548 546/1076/546 547/1077/547
f 550/1079/550 485/950/485 483/949/483
f 550/1079/550 548/1080/548 549/1081/549
f 552/1083/552 487/954/487 485/953/485
f 552/1083/552 550/1084/550 551/1085/551
f 554/1087/554 489/958/489 487/957/487
f 554/1087/554 552/1088/552 553/1089/553
f 556/1091/556 491/962/491 489/961/489
f 556/1091/556 554/1092/554 555/1093/555
f 558/1095/558 493/966/493 491/965/491
f 558/1095/558 556/1096/556 557/1097/557
f 560/1099/560 495/970/495 493/969/493
f 560/1099/560 558/1100/558 559/1101/559
f 562/1103/562 497/974/497 495/973/495
f 562/1103/562 560/1104/560 561/1105/561
f 564/1107/564 499/978/499 497/977/497
f 564/1107/564 562/1108/562 563/1109/563
f 566/1111/566 501/982/501 499/981/499
f 566/1111/566 564/1112/564 565/1113/565
f 568/1115/568 503/986/503 501/985/501
f 568/1115/568 566/1116/566 567/1117/567
f 570/1119/570 505/990/505 503/989/503
f 571/1121/571 570/1119/570 568/1120/568
f 572/1123/572 507/994/507 505/993/505
f 572/1123/572 570/1124/570 571/1125/571
f 574/1127/574 509/998/509 507/997/507
f 574/1127/574 572/1128/572 573/1129/573
f 576/1131/576 511/1002/511 509/1001/509
f 577/1133/577 576/1131/576 574/1132/574
f 513/1006/513 511/1005/511 576/1135/576
f 578/1136/578 576/1135/576 577/1137/577
f 580/1139/580 515/1010/515 513/1009/513
f 580/1139/580 578/1140/578 579/1141/579
f 582/1143/582 517/1014/517 515/1013/515
f 583/1145/583 582/1143/582 580/1144/580
f 584/1147/584 519/1018/519 517/1017/517
f 584/1147/584 582/1148/582 583/1149/583
f 586/1151/586 521/1022/521 519/1021/519
f 586/1151/586 584/1152/584 585/1153/585
f 588/1155/588 523/1026/523 521/1025/521
f 588/1155/588 586/1156/586 587/1157/587
f 590/1159/590 525/1030/525 523/1029/523
f 590/1159/590 588/1160/588 589/1161/589
f 592/1163/592 527/1034/527 525/1033/525
f 593/1165/593 592/1163/592 590/1164/590
f 594/1167/594 529/1038/529 527/1037/527
f 594/1167/594 592/1168/592 593/1169/593
f 596/1171/596 531/1042/531 529/1041/529
f 597/1173/597 596/1171/596 594/1172/594
f 534/1051/534 596/1052/596 597/1175/597
f 600/1177/600 599/1176/599 597/1175/597
f 598/1179/598 597/1173/597 595/1174/595
f 602/1181/602 537/1058/537 599/1057/599
f 603/1183/603 602/1181/602 600/1182/600
f 600/1177/600 598/1178/598 663/1185/663
f 539/1056/539 537/1055/537 602/1187/602
f 604/1188/604 602/1187/602 603/1189/603
f 606/1191/606 541/1062/541 539/1061/539
f 607/1193/607 606/1191/606 604/1192/604
f 608/1195/608 543/1065/543 541/1066/541
f 609/1197/609 608/1195/608 606/1196/606
f 545/1070/545 543/1069/543 608/1199/608
f 610/1200/610 608/1199/608 609/1201/609
f 612/1203/612 547/1074/547 545/1073/545
f 613/1205/613 612/1203/612 610/1204/610
f 614/1207/614 549/1078/549 547/1077/547
f 614/1207/614 612/1208/612 613/1209/613
f 616/1211/616 551/1082/551 549/1081/549
f 616/1211/616 614/1212/614 615/1213/615
f 618/1215/618 553/1086/553 551/1085/551
f 618/1215/618 616/1216/616 617/1217/617
f 620/1219/620 555/1090/555 553/1089/553
f 620/1219/620 618/1220/618 619/1221/619
f 622/1223/622 557/1094/557 555/1093/555
f 622/1223/622 620/1224/620 621/1225/621
f 624/1227/624 559/1098/559 557/1097/557
f 624/1227/624 622/1228/622 623/1229/623
f 626/1231/626 561/1102/561 559/1101/559
f 626/1231/626 624/1232/624 625/1233/625
f 628/1235/628 563/1106/563 561/1105/561
f 628/1235/628 626/1236/626 627/1237/627
f 630/1239/630 565/1110/565 563/1109/563
f 631/1241/631 630/1239/630 628/1240/628
f 632/1243/632 567/1114/567 565/1113/565
f 632/1243/632 630/1244/630 631/1245/631
f 634/1247/634 569/1118/569 567/1117/567
f 635/1249/635 634/1247/634 632/1248/632
f 636/1251/636 571/1121/571 569/1122/569
f 636/1251/636 634/1252/634 635/1253/635
f 638/1255/638 573/1126/573 571/1125/571
f 638/1255/638 636/1256/636 637/1257/637
f 640/1259/640 575/1130/575 573/1129/573
f 641/1261/641 640/1259/640 638/1260/638
f 642/1263/642 577/1133/577 575/1134/575
f 642/1263/642 640/1264/640 641/1265/641
f 644/1267/644 579/1138/579 577/1137/577
f 645/1269/645 644/1267/644 642/1268/642
f 646/1271/646 581/1142/581 579/1141/579
f 646/1271/646 644/1272/644 645/1273/645
f 648/1275/648 583/1145/583 581/1146/581
f 649/1277/649 648/1275/648 646/1276/646
f 650/1279/650 585/1150/585 583/1149/583
f 650/1279/650 648/1280/648 649/1281/649
f 652/1283/652 587/1154/587 585/1153/585
f 653/1285/653 652/1283/652 650/1284/650
f 654/1287/654 589/1158/589 587/1157/587
f 654/1287/654 652/1288/652 653/1289/653
f 656/1291/656 591/1162/591 589/1161/589
f 657/1293/657 656/1291/656 654/1292/654
f 658/1295/658 593/1165/593 591/1166/591
f 658/1295/658 656/1296/656 657/1297/657
f 660/1299/660 595/1170/595 593/1169/593
f 661/1301/661 660/1299/660 658/1300/658
f 598/1179/598 660/1180/660 661/1303/661
f 663/1304/663 661/1303/661 662/1305/662
f 662/1307/662 661/1301/661 659/1302/659
f 665/1309/665 601/1186/601 663/1185/663
f 694/1399/694 615/1210/615 613/1209/613
f 613/1205/613 611/1206/611 668/1324/668
f 617/1214/617 615/1213/615 694/1397/694
f 619/1218/619 617/1217/617 693/1394/693
f 621/1222/621 619/1221/619 692/1391/692
f 690/1387/690 623/1226/623 621/1225/621
f 625/1230/625 623/1229/623 690/1385/690
f 627/1234/627 625/1233/625 689/1382/689
f 687/1378/687 629/1238/629 627/1237/627
f 686/1375/686 631/1241/631 629/1242/629
f 633/1246/633 631/1245/631 686/1373/686
f 667/1317/667 635/1249/635 633/1250/633
f 683/1369/683 639/1258/639 637/1257/637
f 637/1254/637 635/1253/635 667/1315/667
f 682/1366/682 641/1261/641 639/1262/639
f 643/1266/643 641/1265/641 682/1364/682
f 680/1360/680 645/1269/645 643/1270/643
f 647/1274/647 645/1273/645 680/1358/680
f 678/1354/678 649/1277/649 647/1278/647
f 651/1282/651 649/1281/649 678/1352/678
f 676/1348/676 653/1285/653 651/1286/651
f 655/1290/655 653/1289/653 676/1346/676
f 657/1293/657 655/1294/655 675/1343/675
f 659/1298/659 657/1297/657 674/1340/674
f 671/1332/671 605/1190/605 603/1189/603
f 672/1335/672 603/1183/603 601/1184/601
f 607/1193/607 605/1194/605 671/1330/671
f 669/1326/669 609/1197/609 607/1198/607
f 611/1202/611 609/1201/609 669/1321/669
f 697/660/697 698/1407/698 696/1401/696
f 696/1403/696 729/1528/728 337/1404/337
f 250/1405/250 700/1409/699 698/1406/698
f 701/1411/700 700/1414/699 250/511/250
f 256/1415/256 702/1417/701 701/1416/700
f 259/1419/259 703/1421/702 702/1420/701
f 262/1423/262 704/1425/703 703/1424/702
f 705/1427/704 704/1430/703 262/531/262
f 268/1431/268 706/1433/705 705/1432/704
f 707/1435/706 706/1438/705 268/541/268
f 708/1439/707 707/1442/706 271/1440/271
f 277/1443/277 709/1445/708 708/1444/707
f 710/1447/709 709/1450/708 277/556/277
f 711/1451/710 710/1454/709 280/1452/280
f 712/1455/711 711/1458/710 283/1456/283
f 289/570/289 713/1461/712 712/1459/711
f 292/1463/292 714/1465/713 713/1464/712
f 295/1467/295 715/1469/714 714/1468/713
f 716/1471/715 715/1474/714 295/1472/295
f 301/1475/301 717/1477/716 716/1476/715
f 718/1479/717 717/1482/716 301/1480/301
f 719/1483/718 718/1486/717 304/1484/304
f 310/605/310 720/1489/719 719/1487/718
f 313/610/313 721/1493/720 720/1491/719
f 722/1495/721 721/1498/720 313/1496/313
f 319/620/319 723/1501/722 722/1499/721
f 724/1503/723 723/1506/722 319/1504/319
f 325/630/325 725/1509/724 724/1507/723
f 726/1511/725 725/1514/724 325/636/325
f 727/1515/726 726/1517/725 328/1518/328
f 334/1519/334 728/1521/727 727/1520/726
f 729/1523/728 728/1526/727 334/1524/334
f 732/1529/3 922/1889/193 731/1530/2
f 730/1531/1 731/1530/2 825/1532/96
f 734/1534/5 735/1894/6 732/1535/3
f 736/1537/7 734/1534/5 730/1536/1
f 737/1539/8 738/1898/9 735/1540/6
f 739/1542/10 737/1539/8 734/1541/5
f 740/1544/11 741/1902/12 738/1545/9
f 742/1547/13 740/1544/11 737/1546/8
f 743/1549/14 744/1906/15 741/1550/12
f 745/1552/16 743/1549/14 740/1551/11
f 746/1554/17 747/1910/18 744/1555/15
f 748/1557/19 746/1554/17 743/1556/14
f 749/1559/20 750/1914/21 747/1560/18
f 751/1562/22 749/1559/20 746/1561/17
f 752/1564/23 753/1918/24 750/1565/21
f 754/1567/25 752/1564/23 749/1566/20
f 755/1569/26 756/1922/27 753/1570/24
f 757/1572/28 755/1569/26 752/1571/23
f 759/1574/30 756/1927/27 755/1575/26
f 758/1576/29 755/1575/26 757/1577/28
f 762/1579/33 759/1931/30 758/1580/29
f 761/1581/32 758/1580/29 760/1582/31
f 765/1584/36 762/1935/33 761/1585/32
f 764/1586/35 761/1585/32 763/1587/34
f 768/1589/39 765/1939/36 764/1590/35
f 767/1591/38 764/1590/35 766/1592/37
f 771/1594/42 768/1943/39 767/1595/38
f 770/1596/41 767/1595/38 769/1597/40
f 774/1599/45 771/1947/42 770/1600/41
f 773/1601/44 770/1600/41 772/1602/43
f 777/1604/48 774/1951/45 773/1605/44
f 776/1606/47 773/1605/44 775/1607/46
f 780/1609/51 777/1955/48 776/1610/47
f 779/1611/50 776/1610/47 778/1612/49
f 782/1614/53 783/1958/54 780/1615/51
f 784/1617/55 782/1614/53 779/1616/50
f 785/1619/56 786/1962/57 783/1620/54
f 787/1622/58 785/1619/56 782/1621/53
f 788/1624/59 789/1966/60 786/1625/57
f 790/1627/61 788/1624/59 785/1626/56
f 791/1629/62 792/1970/63 789/1630/60
f 793/1632/64 791/1629/62 788/1631/59
f 794/1634/65 795/1974/66 792/1635/63
f 796/1637/67 794/1634/65 791/1636/62
f 797/1639/68 798/1978/69 795/1640/66
f 799/1642/70 797/1639/68 794/1641/65
f 800/1644/71 801/1982/72 798/1645/69
f 802/1647/73 800/1644/71 797/1646/68
f 803/1649/74 804/1986/75 801/1650/72
f 805/1652/76 803/1649/74 800/1651/71
f 807/1654/78 804/1991/75 803/1655/74
f 806/1656/77 803/1655/74 805/1657/76
f 810/1659/81 807/1995/78 806/1660/77
f 809/1661/80 806/1660/77 808/1662/79
f 813/1664/84 810/2001/81 809/1665/80
f 812/1666/83 809/1665/80 811/1667/82
f 816/1669/87 813/2003/84 812/1670/83
f 815/1671/86 812/1670/83 814/1672/85
f 819/1674/90 816/2007/87 815/1675/86
f 818/1676/89 815/1675/86 817/1677/88
f 822/1679/93 819/1887/90 818/1680/89
f 821/1681/92 818/1680/89 820/1682/91
f 922/1684/193 822/1885/93 821/1685/92
f 731/1686/2 821/1685/92 823/1687/94
f 825/1688/96 823/1687/94 824/1689/95
f 823/1683/94 820/1682/91 886/1691/157
f 733/1533/4 825/1532/96 826/1693/97
f 828/1694/99 826/1693/97 827/1695/98
f 826/1690/97 824/1689/95 889/1697/160
f 830/1699/101 736/1537/7 733/1538/4
f 831/1701/102 830/1699/101 828/1700/99
f 832/1703/103 739/1542/10 736/1543/7
f 833/1705/104 832/1703/103 830/1704/101
f 834/1707/105 742/1547/13 739/1548/10
f 835/1709/106 834/1707/105 832/1708/103
f 836/1711/107 745/1552/16 742/1553/13
f 837/1713/108 836/1711/107 834/1712/105
f 838/1715/109 748/1557/19 745/1558/16
f 839/1717/110 838/1715/109 836/1716/107
f 840/1719/111 751/1562/22 748/1563/19
f 841/1721/112 840/1719/111 838/1720/109
f 842/1723/113 754/1567/25 751/1568/22
f 843/1725/729 842/1723/113 840/1724/111
f 844/1727/115 757/1572/28 754/1573/25
f 845/1729/116 844/1727/115 842/1728/113
f 760/1578/31 757/1577/28 844/1731/115
f 846/1732/117 844/1731/115 845/1733/116
f 763/1583/34 760/1582/31 846/1735/117
f 848/1736/119 846/1735/117 847/1737/118
f 766/1588/37 763/1587/34 848/1739/119
f 850/1740/121 848/1739/119 849/1741/120
f 769/1593/40 766/1592/37 850/1743/121
f 852/1744/123 850/1743/121 851/1745/122
f 772/1598/43 769/1597/40 852/1747/123
f 854/1748/125 852/1747/123 853/1749/124
f 775/1603/46 772/1602/43 854/1751/125
f 856/1752/127 854/1751/125 855/1753/126
f 778/1608/49 775/1607/46 856/1755/127
f 858/1756/129 856/1755/127 857/1757/128
f 781/1613/52 778/1612/49 858/1759/129
f 860/1760/131 858/1759/129 859/1761/130
f 862/1763/133 784/1617/55 781/1618/52
f 863/1765/134 862/1763/133 860/1764/131
f 864/1767/135 787/1622/58 784/1623/55
f 865/1769/136 864/1767/135 862/1768/133
f 866/1771/137 790/1627/61 787/1628/58
f 867/1773/138 866/1771/137 864/1772/135
f 868/1775/139 793/1632/64 790/1633/61
f 869/1777/140 868/1775/139 866/1776/137
f 870/1779/141 796/1637/67 793/1638/64
f 871/1781/142 870/1779/141 868/1780/139
f 872/1783/143 799/1642/70 796/1643/67
f 873/1785/144 872/1783/143 870/1784/141
f 874/1787/145 802/1647/73 799/1648/70
f 875/1789/146 874/1787/145 872/1788/143
f 876/1791/147 805/1652/76 802/1653/73
f 877/1793/148 876/1791/147 874/1792/145
f 808/1658/79 805/1657/76 876/1795/147
f 878/1796/149 876/1795/147 877/1797/148
f 811/1663/82 808/1662/79 878/1799/149
f 880/1800/151 878/1799/149 879/1801/730
f 814/1668/85 811/1667/82 880/1803/151
f 882/1804/153 880/1803/151 881/1805/152
f 817/1673/88 814/1672/85 882/1807/153
f 884/1808/155 882/1807/153 883/1809/154
f 820/1678/91 817/1677/88 884/1811/155
f 886/1812/157 884/1811/155 885/1813/156
f 824/1692/95 886/1691/157 887/1815/158
f 889/1816/160 887/1815/158 888/1817/159
f 887/1814/158 885/1813/156 920/1819/191
f 827/1698/98 889/1697/160 890/1821/161
f 894/2484/165 893/2485/164 890/2486/161
f 893/2485/164 892/2487/163 891/2488/162
f 890/2486/161 893/2485/164 891/2488/162
f 890/2486/161 888/2489/159 894/2484/165
f 888/2489/159 920/1825/191 895/1824/166
f 894/2484/165 888/2489/159 895/1824/166
f 920/1825/191 919/2490/190 896/1823/167
f 919/2490/190 918/2491/189 897/2492/168
f 896/1823/167 919/2490/190 897/2492/168
f 918/2491/189 917/2493/188 899/2494/170
f 917/2493/188 916/2495/187 900/2496/171
f 916/2495/187 915/2497/186 901/2498/172
f 915/2497/186 914/2499/185 902/2500/173
f 914/2499/185 913/2501/184 902/2500/173
f 913/2501/184 912/2502/183 903/2503/174
f 902/2500/173 913/2501/184 903/2503/174
f 912/2502/183 911/2504/182 904/2505/175
f 911/2504/182 910/2506/181 905/2507/176
f 904/2505/175 911/2504/182 905/2507/176
f 910/2506/181 909/2508/180 906/2509/177
f 909/2508/180 908/2510/179 907/2511/178
f 906/2509/177 909/2508/180 907/2511/178
f 906/2509/177 905/2507/176 910/2506/181
f 904/2505/175 903/2503/174 912/2502/183
f 902/2500/173 901/2498/172 915/2497/186
f 901/2498/172 900/2496/171 916/2495/187
f 900/2496/171 899/2494/170 917/2493/188
f 899/2494/170 898/2512/169 918/2491/189
f 898/2512/169 897/2492/168 918/2491/189
f 829/1696/100 827/1695/98 891/1826/162
f 893/1828/164 831/1701/102 829/1702/100
f 894/1830/165 833/1705/104 831/1706/102
f 895/1832/166 835/1709/106 833/1710/104
f 896/1834/167 837/1713/108 835/1714/106
f 897/1836/168 839/1717/110 837/1718/108
f 898/1838/169 841/1721/112 839/1722/110
f 899/1840/170 843/1725/729 841/1726/112
f 900/1842/171 845/1729/116 843/1730/729
f 847/1734/118 845/1733/116 900/1844/171
f 849/1738/120 847/1737/118 901/1846/172
f 851/1742/122 849/1741/120 902/1848/173
f 853/1746/124 851/1745/122 903/1850/174
f 855/1750/126 853/1749/124 904/1852/175
f 857/1754/128 855/1753/126 905/1854/176
f 859/1758/130 857/1757/128 906/1856/177
f 861/1762/132 859/1761/130 907/1858/178
f 909/1860/180 863/1765/134 861/1766/132
f 910/1862/181 865/1769/136 863/1770/134
f 911/1864/182 867/1773/138 865/1774/136
f 912/1866/183 869/1777/140 867/1778/138
f 913/1868/184 871/1781/142 869/1782/140
f 914/1870/185 873/1785/144 871/1786/142
f 915/1872/186 875/1789/146 873/1790/144
f 916/1874/187 877/1793/148 875/1794/146
f 879/1798/730 877/1797/148 916/1876/187
f 881/1802/152 879/1801/730 917/1878/188
f 883/1806/154 881/1805/152 918/1880/189
f 885/1810/156 883/1809/154 919/1882/190
f 923/1884/194 921/1891/192 822/1885/93
f 921/1886/192 954/2011/225 819/1887/90
f 925/1888/196 923/1893/194 922/1889/193
f 735/1894/6 926/1896/197 925/1895/196
f 738/1898/9 927/1900/198 926/1899/197
f 741/1902/12 928/1904/199 927/1903/198
f 744/1906/15 929/1908/200 928/1907/199
f 747/1910/18 930/1912/201 929/1911/200
f 750/1914/21 931/1916/202 930/1915/201
f 753/1918/24 932/1920/203 931/1919/202
f 756/1922/27 933/1924/204 932/1923/203
f 934/1926/205 933/1929/204 756/1927/27
f 935/1930/206 934/1933/205 759/1931/30
f 936/1934/207 935/1937/206 762/1935/33
f 937/1938/208 936/1941/207 765/1939/36
f 938/1942/209 937/1945/208 768/1943/39
f 939/1946/210 938/1949/209 771/1947/42
f 940/1950/211 939/1953/210 774/1951/45
f 941/1954/212 940/1957/211 777/1955/48
f 783/1958/54 942/1960/213 941/1959/212
f 786/1962/57 943/1964/214 942/1963/213
f 789/1966/60 944/1968/215 943/1967/214
f 792/1970/63 945/1972/216 944/1971/215
f 795/1974/66 946/1976/217 945/1975/216
f 798/1978/69 947/1980/218 946/1979/217
f 801/1982/72 948/1984/219 947/1983/218
f 804/1986/75 949/1988/220 948/1987/219
f 950/1990/221 949/1993/220 804/1991/75
f 951/1994/222 950/1997/221 807/1995/78
f 952/1998/223 951/2000/222 810/2001/81
f 953/2002/224 952/2005/223 813/2003/84
f 954/2006/225 953/2009/224 816/2007/87
f 957/2012/733 1018/2513/794 956/2013/732
f 958/2017/734 955/2514/731 956/2515/732
f 956/2515/732 1015/2516/791 1014/2517/790
f 1014/2517/790 1013/2518/789 1012/2519/788
f 1012/2519/788 1007/2520/783 1014/2517/790
f 1007/2520/783 1006/2521/782 1014/2517/790
f 1006/2521/782 1005/2522/781 998/2523/774
f 1005/2522/781 1004/2524/780 998/2523/774
f 1004/2524/780 999/2525/775 998/2523/774
f 998/2523/774 997/2526/773 996/2527/772
f 996/2527/772 991/2528/767 998/2523/774
f 991/2528/767 990/2015/766 998/2523/774
f 990/2015/766 989/2529/765 988/2530/764
f 988/2530/764 983/2531/759 990/2015/766
f 983/2531/759 982/2532/758 990/2015/766
f 982/2532/758 981/2533/757 974/2016/750
f 981/2533/757 980/2534/756 974/2016/750
f 980/2534/756 975/2535/751 974/2016/750
f 974/2016/750 973/2536/749 972/2537/748
f 972/2537/748 967/2538/743 966/2539/742
f 966/2539/742 965/2540/741 964/2541/740
f 964/2541/740 959/2542/735 958/2017/734
f 958/2017/734 956/2515/732 1014/2517/790
f 974/2016/750 972/2537/748 966/2539/742
f 966/2539/742 964/2541/740 974/2016/750
f 964/2541/740 958/2017/734 974/2016/750
f 958/2017/734 1014/2517/790 990/2015/766
f 1014/2517/790 1006/2521/782 990/2015/766
f 1006/2521/782 998/2523/774 990/2015/766
f 990/2015/766 982/2532/758 974/2016/750
f 958/2018/734 960/2543/736 957/2019/733
f 961/2021/737 960/2543/736 958/2018/734
f 1017/2025/793 1018/2544/794 957/2545/733
f 957/2545/733 960/2546/736 1017/2025/793
f 960/2546/736 961/2547/737 1017/2025/793
f 961/2547/737 962/2548/738 963/2549/739
f 963/2549/739 968/2550/744 961/2547/737
f 968/2550/744 969/2551/745 961/2547/737
f 969/2551/745 970/2552/746 977/2553/753
f 970/2552/746 971/2554/747 977/2553/753
f 971/2554/747 976/2555/752 977/2553/753
f 977/2553/753 978/2556/754 979/2557/755
f 979/2557/755 984/2558/760 985/2559/761
f 985/2559/761 986/2560/762 993/2023/769
f 986/2560/762 987/2561/763 993/2023/769
f 987/2561/763 992/2562/768 993/2023/769
f 993/2023/769 994/2563/770 1001/2024/777
f 994/2563/770 995/2564/771 1001/2024/777
f 995/2564/771 1000/2565/776 1001/2024/777
f 1001/2024/777 1002/2566/778 1003/2567/779
f 1003/2567/779 1008/2568/784 1009/2569/785
f 1009/2569/785 1010/2570/786 1011/2571/787
f 1011/2571/787 1016/2572/792 1009/2569/785
f 1016/2572/792 1017/2025/793 1009/2569/785
f 977/2553/753 979/2557/755 969/2551/745
f 979/2557/755 985/2559/761 969/2551/745
f 1001/2024/777 1003/2567/779 1017/2025/793
f 1003/2567/779 1009/2569/785 1017/2025/793
f 1017/2025/793 961/2547/737 985/2559/761
f 961/2547/737 969/2551/745 985/2559/761
f 985/2559/761 993/2023/769 1017/2025/793
f 964/2026/740 962/2028/738 961/2021/737
f 965/2027/741 963/2573/739 962/2028/738
f 968/2029/744 963/2573/739 965/2027/741
f 969/2031/745 968/2029/744 966/2030/742
f 972/2033/748 970/2574/746 969/2031/745
f 971/2034/747 970/2574/746 972/2033/748
f 974/2036/750 976/2038/752 971/2034/747
f 975/2037/751 977/2575/753 976/2038/752
f 978/2039/754 977/2575/753 975/2037/751
f 981/2041/757 979/2576/755 978/2039/754
f 984/2042/760 979/2576/755 981/2041/757
f 983/2044/759 985/2577/761 984/2042/760
f 986/2045/762 985/2577/761 983/2044/759
f 989/2047/765 987/2578/763 986/2045/762
f 992/2048/768 987/2578/763 989/2047/765
f 991/2050/767 993/2579/769 992/2048/768
f 994/2051/770 993/2579/769 991/2050/767
f 997/2053/773 995/2580/771 994/2051/770
f 1000/2054/776 995/2580/771 997/2053/773
f 999/2056/775 1001/2581/777 1000/2054/776
f 1002/2057/778 1001/2581/777 999/2056/775
f 1003/2059/779 1002/2057/778 1004/2058/780
f 1006/2061/782 1008/2582/784 1003/2059/779
f 1009/2062/785 1008/2582/784 1006/2061/782
f 1012/2064/788 1010/2066/786 1009/2062/785
f 1013/2065/789 1011/2583/787 1010/2066/786
f 1016/2067/792 1011/2583/787 1013/2065/789
f 1017/2069/793 1016/2067/792 1014/2068/790
f 956/2013/732 1018/2513/794 1017/2069/793
f 1021/2071/733 1082/2584/794 1020/2072/732
f 1022/2075/734 1019/2585/731 1020/2586/732
f 1020/2586/732 1079/2587/791 1078/2588/790
f 1078/2588/790 1077/2589/789 1076/2590/788
f 1076/2590/788 1071/2591/797 1070/2592/782
f 1070/2592/782 1069/2593/781 1062/2594/774
f 1069/2593/781 1068/2595/780 1062/2594/774
f 1068/2595/780 1063/2596/775 1062/2594/774
f 1062/2594/774 1061/2597/773 1060/2598/772
f 1060/2598/772 1055/2599/767 1062/2594/774
f 1055/2599/767 1054/2076/766 1062/2594/774
f 1054/2076/766 1053/2600/765 1052/2601/764
f 1052/2601/764 1047/2602/759 1054/2076/766
f 1047/2602/759 1046/2603/758 1054/2076/766
f 1046/2603/758 1045/2604/796 1044/2605/756
f 1044/2605/756 1039/2606/751 1038/2607/750
f 1038/2607/750 1037/2608/795 1030/2074/742
f 1037/2608/795 1036/2609/748 1030/2074/742
f 1036/2609/748 1031/2610/743 1030/2074/742
f 1030/2074/742 1029/2611/741 1022/2075/734
f 1029/2611/741 1028/2612/740 1022/2075/734
f 1028/2612/740 1023/2613/735 1022/2075/734
f 1022/2075/734 1020/2586/732 1078/2588/790
f 1078/2588/790 1076/2590/788 1022/2075/734
f 1076/2590/788 1070/2592/782 1022/2075/734
f 1046/2603/758 1044/2605/756 1054/2076/766
f 1044/2605/756 1038/2607/750 1054/2076/766
f 1070/2592/782 1062/2594/774 1022/2075/734
f 1062/2594/774 1054/2076/766 1022/2075/734
f 1038/2607/750 1030/2074/742 1054/2076/766
f 1022/2077/734 1024/2614/736 1021/2071/733
f 1025/2078/737 1024/2614/736 1022/2077/734
f 1081/2082/793 1082/2615/794 1025/2616/737
f 1082/2615/794 1021/2617/733 1025/2616/737
f 1021/2617/733 1024/2618/736 1025/2616/737
f 1025/2616/737 1026/2619/738 1027/2620/739
f 1027/2620/739 1032/2621/744 1025/2616/737
f 1032/2621/744 1033/2622/745 1025/2616/737
f 1033/2622/745 1034/2623/746 1035/2624/747
f 1035/2624/747 1040/2625/752 1041/2626/753
f 1041/2626/753 1042/2627/754 1043/2628/755
f 1043/2628/755 1048/2629/760 1041/2626/753
f 1048/2629/760 1049/2080/761 1041/2626/753
f 1049/2080/761 1050/2630/762 1057/2631/769
f 1050/2630/762 1051/2632/763 1057/2631/769
f 1051/2632/763 1056/2633/768 1057/2631/769
f 1057/2631/769 1058/2634/770 1059/2635/771
f 1059/2635/771 1064/2636/776 1065/2081/777
f 1065/2081/777 1066/2637/778 1067/2638/779
f 1067/2638/779 1072/2639/784 1073/2640/785
f 1073/2640/785 1074/2641/786 1081/2082/793
f 1074/2641/786 1075/2642/787 1081/2082/793
f 1075/2642/787 1080/2643/792 1081/2082/793
f 1033/2622/745 1035/2624/747 1041/2626/753
f 1057/2631/769 1059/2635/771 1049/2080/761
f 1059/2635/771 1065/2081/777 1049/2080/761
f 1065/2081/777 1067/2638/779 1081/2082/793
f 1067/2638/779 1073/2640/785 1081/2082/793
f 1081/2082/793 1025/2616/737 1033/2622/745
f 1033/2622/745 1041/2626/753 1081/2082/793
f 1041/2626/753 1049/2080/761 1081/2082/793
f 1028/2083/740 1026/2085/738 1025/2078/737
f 1029/2084/741 1027/2644/739 1026/2085/738
f 1032/2086/744 1027/2644/739 1029/2084/741
f 1033/2088/745 1032/2086/744 1030/2087/742
f 1036/2090/748 1034/2645/746 1033/2088/745
f 1035/2091/747 1034/2645/746 1036/2090/748
f 1038/2093/750 1040/2095/752 1035/2091/747
f 1039/2094/751 1041/2646/753 1040/2095/752
f 1042/2096/754 1041/2646/753 1039/2094/751
f 1045/2098/796 1043/2647/755 1042/2096/754
f 1048/2099/760 1043/2647/755 1045/2098/796
f 1047/2101/759 1049/2648/761 1048/2099/760
f 1050/2102/762 1049/2648/761 1047/2101/759
f 1053/2104/765 1051/2649/763 1050/2102/762
f 1056/2105/768 1051/2649/763 1053/2104/765
f 1055/2107/767 1057/2650/769 1056/2105/768
f 1058/2108/770 1057/2650/769 1055/2107/767
f 1061/2110/773 1059/2651/771 1058/2108/770
f 1064/2111/776 1059/2651/771 1061/2110/773
f 1063/2113/775 1065/2652/777 1064/2111/776
f 1066/2114/778 1065/2652/777 1063/2113/775
f 1067/2116/779 1066/2114/778 1068/2115/780
f 1070/2118/782 1072/2653/784 1067/2116/779
f 1073/2119/785 1072/2653/784 1070/2118/782
f 1076/2121/788 1074/2123/786 1073/2119/785
f 1077/2122/789 1075/2654/787 1074/2123/786
f 1080/2124/792 1075/2654/787 1077/2122/789
f 1081/2126/793 1080/2124/792 1078/2125/790
f 1020/2128/732 1082/2655/794 1081/2126/793
f 1085/2129/800 1096/2656/810 1084/2130/799
f 1102/2657/816 1101/2133/815 1084/2132/799
f 1101/2133/815 1100/2658/814 1099/2659/813
f 1086/2134/801 1099/2659/813 1087/2660/802
f 1101/2133/815 1099/2659/813 1086/2134/801
f 1086/2134/801 1083/2661/798 1084/2132/799
f 1086/2135/801 1088/2662/803 1085/2129/800
f 1089/2136/804 1088/2662/803 1086/2135/801
f 1088/2663/803 1089/2664/804 1097/2138/811
f 1097/2138/811 1098/2665/812 1095/2139/809
f 1095/2139/809 1103/2666/817 1096/2140/810
f 1096/2140/810 1085/2667/800 1088/2663/803
f 1088/2663/803 1097/2138/811 1096/2140/810
f 1088/2145/803 1091/2147/806 1097/2149/811
f 1098/2161/812 1097/2668/811 1099/2162/813
f 1099/2162/813 1097/2668/811 1089/2136/804
f 1101/2164/815 1095/2669/809 1098/2161/812
f 1103/2165/817 1095/2670/809 1101/2166/815
f 1084/2130/799 1096/2656/810 1103/2165/817
f 1106/2168/820 1107/2178/821 1219/2169/933
f 1219/2169/933 1107/2178/821 1108/2171/822
f 1108/2171/822 1109/2174/823 1221/2173/935
f 1109/2174/823 1110/2184/824 1222/2175/936
f 1222/2175/936 1110/2184/824 1111/2176/825
f 1107/2178/821 1106/2168/820 1113/2179/827
f 1107/2178/821 1114/2180/828 1115/2181/829
f 1109/2174/823 1108/2171/822 1115/2181/829
f 1109/2174/823 1116/2182/830 1117/2183/831
f 1111/2176/825 1110/2184/824 1117/2183/831
f 1106/2168/820 1105/2186/819 1112/2188/826
f 1118/2185/832 1117/2183/831 1124/2189/838
f 1113/2179/827 1112/2188/826 1119/2192/833
f 1113/2179/827 1120/2193/834 1121/2194/835
f 1114/2180/828 1121/2194/835 1122/2195/836
f 1116/2182/830 1115/2181/829 1122/2195/836
f 1116/2182/830 1123/2196/837 1124/2189/838
f 1120/2193/834 1127/2204/841 1128/2197/842
f 1122/2195/836 1121/2194/835 1128/2197/842
f 1123/2196/837 1122/2195/836 1129/2198/843
f 1123/2196/837 1130/2199/844 1131/2200/845
f 1125/2190/839 1124/2189/838 1131/2200/845
f 1119/2192/833 1126/2203/840 1127/2204/841
f 1132/2201/846 1131/2200/845 1138/2205/852
f 1126/2203/840 1133/2208/847 1134/2209/848
f 1128/2197/842 1127/2204/841 1134/2209/848
f 1129/2198/843 1128/2197/842 1135/2210/849
f 1130/2199/844 1129/2198/843 1136/2211/850
f 1130/2199/844 1137/2212/851 1138/2205/852
f 1135/2210/849 1142/2220/856 1143/2213/857
f 1136/2211/850 1143/2213/857 1144/2214/858
f 1137/2212/851 1144/2214/858 1145/2215/859
f 1139/2206/853 1138/2205/852 1145/2215/859
f 1134/2209/848 1133/2208/847 1140/2218/854
f 1135/2210/849 1134/2209/848 1141/2219/855
f 1141/2219/855 1140/2218/854 1147/2222/861
f 1141/2219/855 1148/2223/862 1149/2224/863
f 1142/2220/856 1149/2224/863 1150/2225/864
f 1143/2213/857 1150/2225/864 1151/2226/865
f 1144/2214/858 1151/2226/865 1152/2227/866
f 1146/2216/860 1145/2215/859 1152/2227/866
f 1149/2224/863 1156/2236/870 1157/2229/871
f 1150/2225/864 1157/2229/871 1158/2230/872
f 1151/2226/865 1158/2230/872 1159/2231/873
f 1153/2228/867 1152/2227/866 1159/2231/873
f 1147/2222/861 1154/2234/868 1155/2235/869
f 1148/2223/862 1155/2235/869 1156/2236/870
f 1155/2235/869 1154/2234/868 1161/2238/875
f 1156/2236/870 1155/2235/869 1162/2239/876
f 1157/2229/871 1156/2236/870 1163/2240/877
f 1158/2230/872 1157/2229/871 1164/2241/878
f 1158/2230/872 1165/2242/879 1166/2243/880
f 1160/2232/874 1159/2231/873 1166/2243/880
f 1165/2242/879 1164/2241/878 1171/2245/885
f 1165/2242/879 1172/2246/886 1173/2247/887
f 1167/2244/881 1166/2243/880 1173/2247/887
f 1161/2238/875 1168/2250/882 1169/2251/883
f 1162/2239/876 1169/2251/883 1170/2252/884
f 1163/2240/877 1170/2252/884 1171/2245/885
f 1169/2251/883 1168/2250/882 1175/2253/889
f 1170/2252/884 1169/2251/883 1176/2254/890
f 1170/2252/884 1177/2255/891 1178/2256/892
f 1172/2246/886 1171/2245/885 1178/2256/892
f 1173/2247/887 1172/2246/886 1179/2257/893
f 1174/2248/888 1173/2247/887 1180/2258/894
f 1179/2257/893 1186/2268/900 1187/2261/901
f 1181/2259/895 1180/2258/894 1187/2261/901
f 1175/2253/889 1182/2264/896 1183/2265/897
f 1177/2255/891 1176/2254/890 1183/2265/897
f 1177/2255/891 1184/2266/898 1185/2267/899
f 1179/2257/893 1178/2256/892 1185/2267/899
f 1182/2264/896 1189/2276/903 1190/2269/904
f 1183/2265/897 1190/2269/904 1191/2270/905
f 1184/2266/898 1191/2270/905 1192/2271/906
f 1185/2267/899 1192/2271/906 1193/2272/907
f 1186/2268/900 1193/2272/907 1194/2273/908
f 1188/2262/902 1187/2261/901 1194/2273/908
f 1193/2272/907 1200/2284/914 1201/2277/915
f 1195/2274/909 1194/2273/908 1201/2277/915
f 1189/2276/903 1196/2280/910 1197/2281/911
f 1191/2270/905 1190/2269/904 1197/2281/911
f 1191/2270/905 1198/2282/912 1199/2283/913
f 1193/2272/907 1192/2271/906 1199/2283/913
f 1197/2281/911 1204/2292/918 1205/2285/919
f 1198/2282/912 1205/2285/919 1206/2286/920
f 1200/2284/914 1199/2283/913 1206/2286/920
f 1200/2284/914 1207/2287/921 1208/2288/922
f 1202/2278/916 1201/2277/915 1208/2288/922
f 1197/2281/911 1196/2280/910 1203/2291/917
f 1208/2288/922 1215/2300/929 1216/2293/930
f 1203/2291/917 1210/2295/924 1211/2296/925
f 1204/2292/918 1211/2296/925 1212/2297/926
f 1205/2285/919 1212/2297/926 1213/2298/927
f 1207/2287/921 1206/2286/920 1213/2298/927
f 1207/2287/921 1214/2299/928 1215/2300/929
f 1212/2297/926 1211/2296/925 1218/2301/932
f 1212/2297/926 1219/2302/933 1220/2303/934
f 1213/2298/927 1220/2303/934 1221/2304/935
f 1214/2299/928 1221/2304/935 1222/2305/936
f 1216/2293/930 1215/2300/929 1222/2305/936
f 1211/2296/925 1210/2295/924 1217/2308/931
f 1223/2177/937 1111/2176/825 1118/2185/832
f 1118/2185/832 1125/2190/839 1132/2201/846
f 1132/2201/846 1139/2206/853 1118/2185/832
f 1139/2206/853 1146/2216/860 1118/2185/832
f 1146/2216/860 1153/2228/867 1160/2232/874
f 1160/2232/874 1167/2244/881 1174/2248/888
f 1174/2248/888 1181/2259/895 1202/2278/916
f 1181/2259/895 1188/2262/902 1202/2278/916
f 1188/2262/902 1195/2274/909 1202/2278/916
f 1202/2278/916 1209/2289/923 1216/2293/930
f 1216/2293/930 1223/2177/937 1118/2185/832
f 1146/2216/860 1160/2232/874 1174/2248/888
f 1202/2278/916 1216/2293/930 1118/2185/832
f 1118/2185/832 1146/2216/860 1174/2248/888
f 1105/2186/819 1106/2168/820 1218/2170/932
f 1226/2311/940 1227/2321/941 1339/2312/1053
f 1339/2312/1053 1227/2321/941 1228/2314/942
f 1228/2314/942 1229/2317/943 1341/2316/1055
f 1229/2317/943 1230/2319/944 1342/2318/1056
f 1230/2319/944 1231/2327/945 1343/2320/1057
f 1227/2321/941 1226/2311/940 1233/2322/947
f 1227/2321/941 1234/2323/948 1235/2324/949
f 1229/2317/943 1228/2314/942 1235/2324/949
f 1229/2317/943 1236/2325/950 1237/2326/951
f 1231/2327/945 1230/2319/944 1237/2326/951
f 1226/2311/940 1225/2329/939 1232/2331/946
f 1238/2328/952 1237/2326/951 1244/2332/958
f 1233/2322/947 1232/2331/946 1239/2335/953
f 1233/2322/947 1240/2336/954 1241/2337/955
f 1234/2323/948 1241/2337/955 1242/2338/956
f 1236/2325/950 1235/2324/949 1242/2338/956
f 1236/2325/950 1243/2339/957 1244/2332/958
f 1240/2336/954 1247/2347/961 1248/2340/962
f 1242/2338/956 1241/2337/955 1248/2340/962
f 1243/2339/957 1242/2338/956 1249/2341/963
f 1244/2332/958 1243/2339/957 1250/2342/964
f 1245/2333/959 1244/2332/958 1251/2343/965
f 1239/2335/953 1246/2346/960 1247/2347/961
f 1252/2344/966 1251/2343/965 1258/2348/972
f 1246/2346/960 1253/2351/967 1254/2352/968
f 1248/2340/962 1247/2347/961 1254/2352/968
f 1248/2340/962 1255/2353/969 1256/2354/970
f 1249/2341/963 1256/2354/970 1257/2355/971
f 1250/2342/964 1257/2355/971 1258/2348/972
f 1255/2353/969 1262/2363/976 1263/2356/977
f 1256/2354/970 1263/2356/977 1264/2357/978
f 1257/2355/971 1264/2357/978 1265/2358/979
f 1259/2349/973 1258/2348/972 1265/2358/979
f 1254/2352/968 1253/2351/967 1260/2361/974
f 1255/2353/969 1254/2352/968 1261/2362/975
f 1261/2362/975 1260/2361/974 1267/2365/981
f 1261/2362/975 1268/2366/982 1269/2367/983
f 1262/2363/976 1269/2367/983 1270/2368/984
f 1264/2357/978 1263/2356/977 1270/2368/984
f 1265/2358/979 1264/2357/978 1271/2369/985
f 1266/2359/980 1265/2358/979 1272/2370/986
f 1269/2367/983 1276/2379/990 1277/2372/991
f 1270/2368/984 1277/2372/991 1278/2373/992
f 1271/2369/985 1278/2373/992 1279/2374/993
f 1273/2371/987 1272/2370/986 1279/2374/993
f 1267/2365/981 1274/2377/988 1275/2378/989
f 1268/2366/982 1275/2378/989 1276/2379/990
f 1275/2378/989 1274/2377/988 1281/2381/995
f 1276/2379/990 1275/2378/989 1282/2382/996
f 1277/2372/991 1276/2379/990 1283/2383/997
f 1278/2373/992 1277/2372/991 1284/2384/998
f 1278/2373/992 1285/2385/999 1286/2386/1000
f 1280/2375/994 1279/2374/993 1286/2386/1000
f 1284/2384/998 1291/2395/1005 1292/2388/1006
f 1285/2385/999 1292/2388/1006 1293/2389/1007
f 1287/2387/1001 1286/2386/1000 1293/2389/1007
f 1281/2381/995 1288/2392/1002 1289/2393/1003
f 1282/2382/996 1289/2393/1003 1290/2394/1004
f 1283/2383/997 1290/2394/1004 1291/2395/1005
f 1289/2393/1003 1288/2392/1002 1295/2396/1009
f 1290/2394/1004 1289/2393/1003 1296/2397/1010
f 1290/2394/1004 1297/2398/1011 1298/2399/1012
f 1292/2388/1006 1291/2395/1005 1298/2399/1012
f 1292/2388/1006 1299/2400/1013 1300/2401/1014
f 1294/2390/1008 1293/2389/1007 1300/2401/1014
f 1299/2400/1013 1306/2411/1020 1307/2404/1021
f 1301/2402/1015 1300/2401/1014 1307/2404/1021
f 1296/2397/1010 1295/2396/1009 1302/2407/1016
f 1297/2398/1011 1296/2397/1010 1303/2408/1017
f 1297/2398/1011 1304/2409/1018 1305/2410/1019
f 1299/2400/1013 1298/2399/1012 1305/2410/1019
f 1302/2407/1016 1309/2419/1023 1310/2412/1024
f 1303/2408/1017 1310/2412/1024 1311/2413/1025
f 1304/2409/1018 1311/2413/1025 1312/2414/1026
f 1306/2411/1020 1305/2410/1019 1312/2414/1026
f 1306/2411/1020 1313/2415/1027 1314/2416/1028
f 1308/2405/1022 1307/2404/1021 1314/2416/1028
f 1313/2415/1027 1320/2427/1034 1321/2420/1035
f 1315/2417/1029 1314/2416/1028 1321/2420/1035
f 1309/2419/1023 1316/2423/1030 1317/2424/1031
f 1311/2413/1025 1310/2412/1024 1317/2424/1031
f 1311/2413/1025 1318/2425/1032 1319/2426/1033
f 1313/2415/1027 1312/2414/1026 1319/2426/1033
f 1317/2424/1031 1324/2435/1038 1325/2428/1039
f 1318/2425/1032 1325/2428/1039 1326/2429/1040
f 1320/2427/1034 1319/2426/1033 1326/2429/1040
f 1320/2427/1034 1327/2430/1041 1328/2431/1042
f 1322/2421/1036 1321/2420/1035 1328/2431/1042
f 1317/2424/1031 1316/2423/1030 1323/2434/1037
f 1329/2432/1043 1328/2431/1042 1335/2436/1049
f 1323/2434/1037 1330/2439/1044 1331/2440/1045
f 1325/2428/1039 1324/2435/1038 1331/2440/1045
f 1325/2428/1039 1332/2441/1046 1333/2442/1047
f 1327/2430/1041 1326/2429/1040 1333/2442/1047
f 1327/2430/1041 1334/2443/1048 1335/2436/1049
f 1332/2441/1046 1331/2440/1045 1338/2444/1052
f 1332/2441/1046 1339/2445/1053 1340/2446/1054
f 1333/2442/1047 1340/2446/1054 1341/2447/1055
f 1335/2436/1049 1334/2443/1048 1341/2447/1055
f 1336/2437/1050 1335/2436/1049 1342/2448/1056
f 1330/2439/1044 1337/2451/1051 1338/2444/1052
f 1343/2320/1057 1231/2327/945 1238/2328/952
f 1238/2328/952 1245/2333/959 1252/2344/966
f 1252/2344/966 1259/2349/973 1238/2328/952
f 1259/2349/973 1266/2359/980 1238/2328/952
f 1266/2359/980 1273/2371/987 1280/2375/994
f 1280/2375/994 1287/2387/1001 1294/2390/1008
f 1294/2390/1008 1301/2402/1015 1308/2405/1022
f 1308/2405/1022 1315/2417/1029 1322/2421/1036
f 1322/2421/1036 1329/2432/1043 1336/2437/1050
f 1336/2437/1050 1343/2320/1057 1322/2421/1036
f 1343/2320/1057 1238/2328/952 1322/2421/1036
f 1266/2359/980 1280/2375/994 1238/2328/952
f 1280/2375/994 1294/2390/1008 1238/2328/952
f 1294/2390/1008 1308/2405/1022 1238/2328/952
f 1225/2329/939 1226/2311/940 1338/2313/1052
l 1093 1103
l 1094 1098
l 1089 1091
l 1085 1090
