# Blender 4.4.1
# www.blender.org
mtllib clear.mtl
o テキスト
v -2.579500 -0.159000 0.000000
v -2.192500 -0.159000 0.000000
v -2.192500 -0.841000 0.000000
v -2.588500 -0.841000 0.000000
v -2.588500 -0.753000 0.000000
v -2.290500 -0.753000 0.000000
v -2.290500 -0.541000 0.000000
v -2.569499 -0.541000 0.000000
v -2.569499 -0.453000 0.000000
v -2.290500 -0.453000 0.000000
v -2.290500 -0.247000 0.000000
v -2.579500 -0.247000 0.000000
v -2.065500 -0.206000 0.000000
v -2.042696 -0.196705 0.000000
v -2.020736 -0.188310 0.000000
v -1.999547 -0.180797 0.000000
v -1.979055 -0.174148 0.000000
v -1.959189 -0.168347 0.000000
v -1.939875 -0.163375 0.000000
v -1.921040 -0.159216 0.000000
v -1.902611 -0.155852 0.000000
v -1.884515 -0.153266 0.000000
v -1.866680 -0.151440 0.000000
v -1.849033 -0.150357 0.000000
v -1.831500 -0.150000 0.000000
v -1.778556 -0.153111 0.000000
v -1.728449 -0.162222 0.000000
v -1.681515 -0.177000 0.000000
v -1.638092 -0.197111 0.000000
v -1.598516 -0.222222 0.000000
v -1.563125 -0.252000 0.000000
v -1.532254 -0.286111 0.000000
v -1.506240 -0.324222 0.000000
v -1.485422 -0.366000 0.000000
v -1.470134 -0.411111 0.000000
v -1.460714 -0.459222 0.000000
v -1.457500 -0.510000 0.000000
v -1.459852 -0.546730 0.000000
v -1.466981 -0.584838 0.000000
v -1.479000 -0.623453 0.000000
v -1.496018 -0.661704 0.000000
v -1.518148 -0.698718 0.000000
v -1.545500 -0.733625 0.000000
v -1.578185 -0.765553 0.000000
v -1.616315 -0.793630 0.000000
v -1.660000 -0.816984 0.000000
v -1.709352 -0.834745 0.000000
v -1.764481 -0.846041 0.000000
v -1.825500 -0.850000 0.000000
v -1.851557 -0.849488 0.000000
v -1.876296 -0.847986 0.000000
v -1.899812 -0.845547 0.000000
v -1.922203 -0.842222 0.000000
v -1.943567 -0.838064 0.000000
v -1.964000 -0.833125 0.000000
v -1.983599 -0.827457 0.000000
v -2.002462 -0.821111 0.000000
v -2.020687 -0.814141 0.000000
v -2.038370 -0.806597 0.000000
v -2.055608 -0.798533 0.000000
v -2.072500 -0.790000 0.000000
v -2.072500 -0.683000 0.000000
v -2.053112 -0.695019 0.000000
v -2.033481 -0.706065 0.000000
v -2.013656 -0.716125 0.000000
v -1.993685 -0.725185 0.000000
v -1.973616 -0.733232 0.000000
v -1.953500 -0.740250 0.000000
v -1.933383 -0.746227 0.000000
v -1.913314 -0.751148 0.000000
v -1.893343 -0.755000 0.000000
v -1.873518 -0.757769 0.000000
v -1.853887 -0.759440 0.000000
v -1.834500 -0.760000 0.000000
v -1.794618 -0.757826 0.000000
v -1.757111 -0.751440 0.000000
v -1.722187 -0.741047 0.000000
v -1.690055 -0.726852 0.000000
v -1.660923 -0.709060 0.000000
v -1.635000 -0.687875 0.000000
v -1.612493 -0.663503 0.000000
v -1.593611 -0.636148 0.000000
v -1.578562 -0.606016 0.000000
v -1.567555 -0.573310 0.000000
v -1.560798 -0.538237 0.000000
v -1.558500 -0.501000 0.000000
v -1.560872 -0.464354 0.000000
v -1.567815 -0.429583 0.000000
v -1.579062 -0.396938 0.000000
v -1.594352 -0.366667 0.000000
v -1.613419 -0.339021 0.000000
v -1.636000 -0.314250 0.000000
v -1.661831 -0.292604 0.000000
v -1.690648 -0.274333 0.000000
v -1.722187 -0.259688 0.000000
v -1.756185 -0.248917 0.000000
v -1.792377 -0.242271 0.000000
v -1.830500 -0.240000 0.000000
v -1.850115 -0.240461 0.000000
v -1.869504 -0.241857 0.000000
v -1.888734 -0.244203 0.000000
v -1.907870 -0.247519 0.000000
v -1.926978 -0.251820 0.000000
v -1.946125 -0.257125 0.000000
v -1.965375 -0.263451 0.000000
v -1.984796 -0.270815 0.000000
v -2.004453 -0.279234 0.000000
v -2.024412 -0.288727 0.000000
v -2.044739 -0.299310 0.000000
v -2.065500 -0.311000 0.000000
v -1.104500 -0.155000 0.000000
v -1.035500 -0.155000 0.000000
v -0.742500 -0.841000 0.000000
v -0.842500 -0.841000 0.000000
v -0.928500 -0.640000 0.000000
v -1.218500 -0.640000 0.000000
v -1.309500 -0.841000 0.000000
v -1.409500 -0.841000 0.000000
v -1.068500 -0.305000 0.000000
v -1.178500 -0.552000 0.000000
v -0.966500 -0.552000 0.000000
v -0.302500 -0.159000 0.000000
v -0.302500 -0.841000 0.000000
v -0.400500 -0.841000 0.000000
v -0.400500 -0.546000 0.000000
v -0.502500 -0.546000 0.000000
v -0.540216 -0.544285 0.000000
v -0.574398 -0.539282 0.000000
v -0.605093 -0.531203 0.000000
v -0.632351 -0.520259 0.000000
v -0.656221 -0.506663 0.000000
v -0.676750 -0.490625 0.000000
v -0.693987 -0.472358 0.000000
v -0.707981 -0.452074 0.000000
v -0.718781 -0.429984 0.000000
v -0.726435 -0.406301 0.000000
v -0.730991 -0.381236 0.000000
v -0.732500 -0.355000 0.000000
v -0.731075 -0.328456 0.000000
v -0.726773 -0.302982 0.000000
v -0.719546 -0.278813 0.000000
v -0.709351 -0.256185 0.000000
v -0.696142 -0.235336 0.000000
v -0.679875 -0.216500 0.000000
v -0.660502 -0.199914 0.000000
v -0.637981 -0.185815 0.000000
v -0.612265 -0.174438 0.000000
v -0.583310 -0.166019 0.000000
v -0.551069 -0.160794 0.000000
v -0.515500 -0.159000 0.000000
v -0.400500 -0.247000 0.000000
v -0.515500 -0.247000 0.000000
v -0.536478 -0.248091 0.000000
v -0.554995 -0.251232 0.000000
v -0.571171 -0.256219 0.000000
v -0.585129 -0.262852 0.000000
v -0.596990 -0.270929 0.000000
v -0.606875 -0.280250 0.000000
v -0.614905 -0.290612 0.000000
v -0.621203 -0.301815 0.000000
v -0.625890 -0.313656 0.000000
v -0.629088 -0.325935 0.000000
v -0.630917 -0.338450 0.000000
v -0.631500 -0.351000 0.000000
v -0.630533 -0.367390 0.000000
v -0.627680 -0.382537 0.000000
v -0.623015 -0.396406 0.000000
v -0.616611 -0.408963 0.000000
v -0.608540 -0.420173 0.000000
v -0.598875 -0.430000 0.000000
v -0.587689 -0.438411 0.000000
v -0.575055 -0.445370 0.000000
v -0.561046 -0.450844 0.000000
v -0.545736 -0.454796 0.000000
v -0.529196 -0.457193 0.000000
v -0.511500 -0.458000 0.000000
v -0.400500 -0.458000 0.000000
v -0.173500 -0.198000 0.000000
v -0.161419 -0.190333 0.000000
v -0.149185 -0.183333 0.000000
v -0.136812 -0.177000 0.000000
v -0.124314 -0.171333 0.000000
v -0.111706 -0.166333 0.000000
v -0.099000 -0.162000 0.000000
v -0.086210 -0.158333 0.000000
v -0.073351 -0.155333 0.000000
v -0.060437 -0.153000 0.000000
v -0.047481 -0.151333 0.000000
v -0.034497 -0.150333 0.000000
v -0.021500 -0.150000 0.000000
v 0.008832 -0.151461 0.000000
v 0.037237 -0.155773 0.000000
v 0.063579 -0.162828 0.000000
v 0.087723 -0.172519 0.000000
v 0.109533 -0.184737 0.000000
v 0.128875 -0.199375 0.000000
v 0.145613 -0.216326 0.000000
v 0.159612 -0.235482 0.000000
v 0.170735 -0.256734 0.000000
v 0.178848 -0.279977 0.000000
v 0.183815 -0.305101 0.000000
v 0.185500 -0.332000 0.000000
v 0.179696 -0.375359 0.000000
v 0.163649 -0.412620 0.000000
v 0.139407 -0.444813 0.000000
v 0.109019 -0.472963 0.000000
v 0.074534 -0.498100 0.000000
v 0.038000 -0.521250 0.000000
v 0.001467 -0.543442 0.000000
v -0.033018 -0.565704 0.000000
v -0.063406 -0.589063 0.000000
v -0.087648 -0.614546 0.000000
v -0.103695 -0.643183 0.000000
v -0.109500 -0.676000 0.000000
v -0.108767 -0.685675 0.000000
v -0.106555 -0.695565 0.000000
v -0.102843 -0.705469 0.000000
v -0.097611 -0.715185 0.000000
v -0.090836 -0.724513 0.000000
v -0.082500 -0.733250 0.000000
v -0.072579 -0.741196 0.000000
v -0.061055 -0.748148 0.000000
v -0.047906 -0.753906 0.000000
v -0.033111 -0.758269 0.000000
v -0.016649 -0.761034 0.000000
v 0.001500 -0.762000 0.000000
v 0.018162 -0.761274 0.000000
v 0.034625 -0.759111 0.000000
v 0.050860 -0.755531 0.000000
v 0.066834 -0.750556 0.000000
v 0.082516 -0.744205 0.000000
v 0.097875 -0.736500 0.000000
v 0.112881 -0.727462 0.000000
v 0.127500 -0.717111 0.000000
v 0.141704 -0.705469 0.000000
v 0.155459 -0.692556 0.000000
v 0.168735 -0.678393 0.000000
v 0.181500 -0.663000 0.000000
v 0.181500 -0.787000 0.000000
v 0.167182 -0.797273 0.000000
v 0.152700 -0.806597 0.000000
v 0.138016 -0.814984 0.000000
v 0.123093 -0.822444 0.000000
v 0.107892 -0.828988 0.000000
v 0.092375 -0.834625 0.000000
v 0.076504 -0.839366 0.000000
v 0.060241 -0.843222 0.000000
v 0.043547 -0.846203 0.000000
v 0.026385 -0.848319 0.000000
v 0.008715 -0.849582 0.000000
v -0.009500 -0.850000 0.000000
v -0.036365 -0.848403 0.000000
v -0.061842 -0.843727 0.000000
v -0.085750 -0.836141 0.000000
v -0.107907 -0.825815 0.000000
v -0.128134 -0.812920 0.000000
v -0.146250 -0.797625 0.000000
v -0.162074 -0.780101 0.000000
v -0.175426 -0.760519 0.000000
v -0.186125 -0.739047 0.000000
v -0.193990 -0.715857 0.000000
v -0.198842 -0.691118 0.000000
v -0.200500 -0.665000 0.000000
v -0.194695 -0.615109 0.000000
v -0.178648 -0.573120 0.000000
v -0.154406 -0.537813 0.000000
v -0.124018 -0.507963 0.000000
v -0.089533 -0.482350 0.000000
v -0.053000 -0.459750 0.000000
v -0.016466 -0.438942 0.000000
v 0.018019 -0.418704 0.000000
v 0.048407 -0.397813 0.000000
v 0.072649 -0.375046 0.000000
v 0.088696 -0.349183 0.000000
v 0.094500 -0.319000 0.000000
v 0.093579 -0.307323 0.000000
v 0.090875 -0.296333 0.000000
v 0.086485 -0.286094 0.000000
v 0.080500 -0.276667 0.000000
v 0.073016 -0.268115 0.000000
v 0.064125 -0.260500 0.000000
v 0.053922 -0.253885 0.000000
v 0.042500 -0.248333 0.000000
v 0.029954 -0.243906 0.000000
v 0.016375 -0.240667 0.000000
v 0.001860 -0.238677 0.000000
v -0.013500 -0.238000 0.000000
v -0.025203 -0.238347 0.000000
v -0.037296 -0.239440 0.000000
v -0.049750 -0.241359 0.000000
v -0.062537 -0.244185 0.000000
v -0.075629 -0.247997 0.000000
v -0.089000 -0.252875 0.000000
v -0.102620 -0.258899 0.000000
v -0.116463 -0.266148 0.000000
v -0.130500 -0.274703 0.000000
v -0.144703 -0.284644 0.000000
v -0.159046 -0.296049 0.000000
v -0.173500 -0.309000 0.000000
v 0.564500 -0.420000 0.000000
v 0.576169 -0.414020 0.000000
v 0.587681 -0.408579 0.000000
v 0.599047 -0.403672 0.000000
v 0.610278 -0.399296 0.000000
v 0.621384 -0.395449 0.000000
v 0.632375 -0.392125 0.000000
v 0.643263 -0.389322 0.000000
v 0.654056 -0.387037 0.000000
v 0.664766 -0.385266 0.000000
v 0.675403 -0.384005 0.000000
v 0.685978 -0.383251 0.000000
v 0.696500 -0.383000 0.000000
v 0.718319 -0.383949 0.000000
v 0.738713 -0.386759 0.000000
v 0.757594 -0.391375 0.000000
v 0.774871 -0.397741 0.000000
v 0.790453 -0.405801 0.000000
v 0.804250 -0.415500 0.000000
v 0.816173 -0.426782 0.000000
v 0.826130 -0.439593 0.000000
v 0.834032 -0.453875 0.000000
v 0.839788 -0.469574 0.000000
v 0.843307 -0.486634 0.000000
v 0.844500 -0.505000 0.000000
v 0.840368 -0.533484 0.000000
v 0.828945 -0.558708 0.000000
v 0.811688 -0.581078 0.000000
v 0.790056 -0.601000 0.000000
v 0.765507 -0.618880 0.000000
v 0.739500 -0.635125 0.000000
v 0.713494 -0.650141 0.000000
v 0.688945 -0.664333 0.000000
v 0.667313 -0.678109 0.000000
v 0.650056 -0.691875 0.000000
v 0.638632 -0.706037 0.000000
v 0.634500 -0.721000 0.000000
v 0.635112 -0.728688 0.000000
v 0.636889 -0.735750 0.000000
v 0.639750 -0.742188 0.000000
v 0.643612 -0.748000 0.000000
v 0.648389 -0.753188 0.000000
v 0.654001 -0.757750 0.000000
v 0.660362 -0.761688 0.000000
v 0.667389 -0.765000 0.000000
v 0.675001 -0.767688 0.000000
v 0.683112 -0.769750 0.000000
v 0.691639 -0.771188 0.000000
v 0.700500 -0.772000 0.000000
v 0.709848 -0.771603 0.000000
v 0.719862 -0.770407 0.000000
v 0.730500 -0.768406 0.000000
v 0.741723 -0.765593 0.000000
v 0.753487 -0.761960 0.000000
v 0.765750 -0.757500 0.000000
v 0.778473 -0.752207 0.000000
v 0.791612 -0.746074 0.000000
v 0.805125 -0.739094 0.000000
v 0.818973 -0.731259 0.000000
v 0.833112 -0.722564 0.000000
v 0.847500 -0.713000 0.000000
v 0.847500 -0.809000 0.000000
v 0.833297 -0.816109 0.000000
v 0.819625 -0.822454 0.000000
v 0.806391 -0.828063 0.000000
v 0.793500 -0.832963 0.000000
v 0.780860 -0.837183 0.000000
v 0.768375 -0.840750 0.000000
v 0.755953 -0.843692 0.000000
v 0.743500 -0.846037 0.000000
v 0.730922 -0.847813 0.000000
v 0.718125 -0.849046 0.000000
v 0.705016 -0.849766 0.000000
v 0.691500 -0.850000 0.000000
v 0.670732 -0.848912 0.000000
v 0.651024 -0.845708 0.000000
v 0.632516 -0.840484 0.000000
v 0.615352 -0.833333 0.000000
v 0.599675 -0.824349 0.000000
v 0.585625 -0.813625 0.000000
v 0.573347 -0.801255 0.000000
v 0.562982 -0.787333 0.000000
v 0.554672 -0.771953 0.000000
v 0.548561 -0.755208 0.000000
v 0.544789 -0.737193 0.000000
v 0.543500 -0.718000 0.000000
v 0.544074 -0.706793 0.000000
v 0.545843 -0.696097 0.000000
v 0.548875 -0.685797 0.000000
v 0.553241 -0.675778 0.000000
v 0.559010 -0.665925 0.000000
v 0.566250 -0.656125 0.000000
v 0.575033 -0.646262 0.000000
v 0.585426 -0.636222 0.000000
v 0.597500 -0.625891 0.000000
v 0.611324 -0.615153 0.000000
v 0.626968 -0.603894 0.000000
v 0.644500 -0.592000 0.000000
v 0.663241 -0.580948 0.000000
v 0.680005 -0.570750 0.000000
v 0.694860 -0.561344 0.000000
v 0.707871 -0.552667 0.000000
v 0.719104 -0.544656 0.000000
v 0.728625 -0.537250 0.000000
v 0.736501 -0.530385 0.000000
v 0.742797 -0.524000 0.000000
v 0.747579 -0.518031 0.000000
v 0.750912 -0.512417 0.000000
v 0.752864 -0.507094 0.000000
v 0.753500 -0.502000 0.000000
v 0.753027 -0.496152 0.000000
v 0.751630 -0.490630 0.000000
v 0.749344 -0.485469 0.000000
v 0.746204 -0.480704 0.000000
v 0.742245 -0.476369 0.000000
v 0.737500 -0.472500 0.000000
v 0.732006 -0.469131 0.000000
v 0.725797 -0.466296 0.000000
v 0.718907 -0.464031 0.000000
v 0.711371 -0.462370 0.000000
v 0.703224 -0.461348 0.000000
v 0.694500 -0.461000 0.000000
v 0.685965 -0.461295 0.000000
v 0.676885 -0.462190 0.000000
v 0.667297 -0.463703 0.000000
v 0.657241 -0.465852 0.000000
v 0.646754 -0.468653 0.000000
v 0.635875 -0.472125 0.000000
v 0.624642 -0.476284 0.000000
v 0.613093 -0.481148 0.000000
v 0.601266 -0.486734 0.000000
v 0.589199 -0.493060 0.000000
v 0.576931 -0.500143 0.000000
v 0.564500 -0.508000 0.000000
v 0.949500 -0.420000 0.000000
v 0.961169 -0.414020 0.000000
v 0.972681 -0.408579 0.000000
v 0.984047 -0.403672 0.000000
v 0.995278 -0.399296 0.000000
v 1.006384 -0.395449 0.000000
v 1.017375 -0.392125 0.000000
v 1.028263 -0.389322 0.000000
v 1.039056 -0.387037 0.000000
v 1.049766 -0.385266 0.000000
v 1.060403 -0.384005 0.000000
v 1.070978 -0.383251 0.000000
v 1.081500 -0.383000 0.000000
v 1.103319 -0.383949 0.000000
v 1.123713 -0.386759 0.000000
v 1.142594 -0.391375 0.000000
v 1.159871 -0.397741 0.000000
v 1.175453 -0.405801 0.000000
v 1.189250 -0.415500 0.000000
v 1.201173 -0.426782 0.000000
v 1.211130 -0.439593 0.000000
v 1.219032 -0.453875 0.000000
v 1.224788 -0.469574 0.000000
v 1.228307 -0.486634 0.000000
v 1.229500 -0.505000 0.000000
v 1.225368 -0.533484 0.000000
v 1.213945 -0.558708 0.000000
v 1.196688 -0.581078 0.000000
v 1.175056 -0.601000 0.000000
v 1.150507 -0.618880 0.000000
v 1.124500 -0.635125 0.000000
v 1.098493 -0.650141 0.000000
v 1.073945 -0.664333 0.000000
v 1.052313 -0.678109 0.000000
v 1.035056 -0.691875 0.000000
v 1.023632 -0.706037 0.000000
v 1.019500 -0.721000 0.000000
v 1.020112 -0.728688 0.000000
v 1.021889 -0.735750 0.000000
v 1.024750 -0.742188 0.000000
v 1.028612 -0.748000 0.000000
v 1.033389 -0.753188 0.000000
v 1.039000 -0.757750 0.000000
v 1.045362 -0.761688 0.000000
v 1.052389 -0.765000 0.000000
v 1.060000 -0.767688 0.000000
v 1.068112 -0.769750 0.000000
v 1.076639 -0.771188 0.000000
v 1.085500 -0.772000 0.000000
v 1.094848 -0.771603 0.000000
v 1.104862 -0.770407 0.000000
v 1.115500 -0.768406 0.000000
v 1.126723 -0.765593 0.000000
v 1.138487 -0.761960 0.000000
v 1.150751 -0.757500 0.000000
v 1.163473 -0.752207 0.000000
v 1.176612 -0.746074 0.000000
v 1.190126 -0.739094 0.000000
v 1.203973 -0.731259 0.000000
v 1.218112 -0.722564 0.000000
v 1.232500 -0.713000 0.000000
v 1.232500 -0.809000 0.000000
v 1.218297 -0.816109 0.000000
v 1.204625 -0.822454 0.000000
v 1.191391 -0.828063 0.000000
v 1.178501 -0.832963 0.000000
v 1.165860 -0.837183 0.000000
v 1.153376 -0.840750 0.000000
v 1.140954 -0.843692 0.000000
v 1.128501 -0.846037 0.000000
v 1.115922 -0.847813 0.000000
v 1.103126 -0.849046 0.000000
v 1.090016 -0.849766 0.000000
v 1.076500 -0.850000 0.000000
v 1.055732 -0.848912 0.000000
v 1.036024 -0.845708 0.000000
v 1.017516 -0.840484 0.000000
v 1.000352 -0.833333 0.000000
v 0.984675 -0.824349 0.000000
v 0.970626 -0.813625 0.000000
v 0.958347 -0.801255 0.000000
v 0.947982 -0.787333 0.000000
v 0.939672 -0.771953 0.000000
v 0.933561 -0.755208 0.000000
v 0.929789 -0.737193 0.000000
v 0.928500 -0.718000 0.000000
v 0.929074 -0.706793 0.000000
v 0.930843 -0.696097 0.000000
v 0.933875 -0.685797 0.000000
v 0.938241 -0.675778 0.000000
v 0.944010 -0.665925 0.000000
v 0.951250 -0.656125 0.000000
v 0.960033 -0.646262 0.000000
v 0.970426 -0.636222 0.000000
v 0.982500 -0.625891 0.000000
v 0.996324 -0.615153 0.000000
v 1.011968 -0.603894 0.000000
v 1.029500 -0.592000 0.000000
v 1.048241 -0.580948 0.000000
v 1.065005 -0.570750 0.000000
v 1.079860 -0.561344 0.000000
v 1.092871 -0.552667 0.000000
v 1.104104 -0.544656 0.000000
v 1.113626 -0.537250 0.000000
v 1.121501 -0.530385 0.000000
v 1.127797 -0.524000 0.000000
v 1.132579 -0.518031 0.000000
v 1.135913 -0.512417 0.000000
v 1.137864 -0.507094 0.000000
v 1.138500 -0.502000 0.000000
v 1.138027 -0.496152 0.000000
v 1.136630 -0.490630 0.000000
v 1.134344 -0.485469 0.000000
v 1.131204 -0.480704 0.000000
v 1.127245 -0.476369 0.000000
v 1.122500 -0.472500 0.000000
v 1.117006 -0.469131 0.000000
v 1.110797 -0.466296 0.000000
v 1.103907 -0.464031 0.000000
v 1.096371 -0.462370 0.000000
v 1.088224 -0.461348 0.000000
v 1.079500 -0.461000 0.000000
v 1.070965 -0.461295 0.000000
v 1.061885 -0.462190 0.000000
v 1.052297 -0.463703 0.000000
v 1.042241 -0.465852 0.000000
v 1.031754 -0.468653 0.000000
v 1.020875 -0.472125 0.000000
v 1.009642 -0.476284 0.000000
v 0.998093 -0.481148 0.000000
v 0.986266 -0.486734 0.000000
v 0.974200 -0.493060 0.000000
v 0.961932 -0.500143 0.000000
v 0.949500 -0.508000 0.000000
v 1.314500 -0.711000 0.000000
v 1.327482 -0.719205 0.000000
v 1.340436 -0.726806 0.000000
v 1.353375 -0.733781 0.000000
v 1.366315 -0.740111 0.000000
v 1.379269 -0.745774 0.000000
v 1.392251 -0.750750 0.000000
v 1.405274 -0.755017 0.000000
v 1.418352 -0.758556 0.000000
v 1.431501 -0.761344 0.000000
v 1.444732 -0.763361 0.000000
v 1.458061 -0.764587 0.000000
v 1.471500 -0.765000 0.000000
v 1.492270 -0.764044 0.000000
v 1.511575 -0.761181 0.000000
v 1.529407 -0.756422 0.000000
v 1.545760 -0.749778 0.000000
v 1.560627 -0.741259 0.000000
v 1.574000 -0.730875 0.000000
v 1.585874 -0.718637 0.000000
v 1.596241 -0.704556 0.000000
v 1.605094 -0.688641 0.000000
v 1.612426 -0.670903 0.000000
v 1.618231 -0.651353 0.000000
v 1.622500 -0.630000 0.000000
v 1.306500 -0.630000 0.000000
v 1.308065 -0.590269 0.000000
v 1.312681 -0.554065 0.000000
v 1.320235 -0.521375 0.000000
v 1.330611 -0.492185 0.000000
v 1.343696 -0.466482 0.000000
v 1.359375 -0.444250 0.000000
v 1.377533 -0.425477 0.000000
v 1.398056 -0.410148 0.000000
v 1.420828 -0.398250 0.000000
v 1.445736 -0.389769 0.000000
v 1.472665 -0.384690 0.000000
v 1.501500 -0.383000 0.000000
v 1.531681 -0.384889 0.000000
v 1.560112 -0.390445 0.000000
v 1.586625 -0.399500 0.000000
v 1.611056 -0.411889 0.000000
v 1.633237 -0.427445 0.000000
v 1.653000 -0.446000 0.000000
v 1.670181 -0.467389 0.000000
v 1.684612 -0.491445 0.000000
v 1.696125 -0.518000 0.000000
v 1.704556 -0.546889 0.000000
v 1.709737 -0.577945 0.000000
v 1.711500 -0.611000 0.000000
v 1.709885 -0.641751 0.000000
v 1.705074 -0.671759 0.000000
v 1.697125 -0.700656 0.000000
v 1.686093 -0.728074 0.000000
v 1.672033 -0.753645 0.000000
v 1.655000 -0.777000 0.000000
v 1.635051 -0.797772 0.000000
v 1.612241 -0.815593 0.000000
v 1.586625 -0.830094 0.000000
v 1.558260 -0.840907 0.000000
v 1.527199 -0.847666 0.000000
v 1.493500 -0.850000 0.000000
v 1.475044 -0.849645 0.000000
v 1.457602 -0.848574 0.000000
v 1.441063 -0.846781 0.000000
v 1.425315 -0.844259 0.000000
v 1.410248 -0.841001 0.000000
v 1.395751 -0.837000 0.000000
v 1.381711 -0.832249 0.000000
v 1.368019 -0.826741 0.000000
v 1.354563 -0.820469 0.000000
v 1.341232 -0.813426 0.000000
v 1.327915 -0.805605 0.000000
v 1.314500 -0.797000 0.000000
v 1.620500 -0.571000 0.000000
v 1.616897 -0.553901 0.000000
v 1.612093 -0.538125 0.000000
v 1.606094 -0.523703 0.000000
v 1.598908 -0.510667 0.000000
v 1.590541 -0.499047 0.000000
v 1.581000 -0.488875 0.000000
v 1.570293 -0.480182 0.000000
v 1.558426 -0.473000 0.000000
v 1.545407 -0.467359 0.000000
v 1.531241 -0.463292 0.000000
v 1.515937 -0.460828 0.000000
v 1.499500 -0.460000 0.000000
v 1.484257 -0.460885 0.000000
v 1.470056 -0.463500 0.000000
v 1.456938 -0.467781 0.000000
v 1.444945 -0.473667 0.000000
v 1.434119 -0.481094 0.000000
v 1.424500 -0.490000 0.000000
v 1.416132 -0.500323 0.000000
v 1.409056 -0.512000 0.000000
v 1.403313 -0.524969 0.000000
v 1.398945 -0.539167 0.000000
v 1.395994 -0.554531 0.000000
v 1.394500 -0.571000 0.000000
v 2.079500 -0.392000 0.000000
v 2.079500 -0.841000 0.000000
v 1.990500 -0.841000 0.000000
v 1.990500 -0.606000 0.000000
v 1.989521 -0.587109 0.000000
v 1.986663 -0.569042 0.000000
v 1.982047 -0.551953 0.000000
v 1.975797 -0.536000 0.000000
v 1.968032 -0.521339 0.000000
v 1.958875 -0.508125 0.000000
v 1.948448 -0.496516 0.000000
v 1.936871 -0.486667 0.000000
v 1.924266 -0.478734 0.000000
v 1.910755 -0.472875 0.000000
v 1.896459 -0.469245 0.000000
v 1.881500 -0.468000 0.000000
v 1.875972 -0.468369 0.000000
v 1.869936 -0.469454 0.000000
v 1.863469 -0.471219 0.000000
v 1.856649 -0.473630 0.000000
v 1.849550 -0.476652 0.000000
v 1.842250 -0.480250 0.000000
v 1.834826 -0.484390 0.000000
v 1.827352 -0.489037 0.000000
v 1.819907 -0.494156 0.000000
v 1.812565 -0.499713 0.000000
v 1.805405 -0.505673 0.000000
v 1.798500 -0.512000 0.000000
v 1.751500 -0.435000 0.000000
v 1.760691 -0.426624 0.000000
v 1.769774 -0.418995 0.000000
v 1.778766 -0.412109 0.000000
v 1.787686 -0.405963 0.000000
v 1.796550 -0.400553 0.000000
v 1.805375 -0.395875 0.000000
v 1.814180 -0.391927 0.000000
v 1.822982 -0.388704 0.000000
v 1.831797 -0.386203 0.000000
v 1.840644 -0.384421 0.000000
v 1.849539 -0.383355 0.000000
v 1.858500 -0.383000 0.000000
v 1.869022 -0.383695 0.000000
v 1.879588 -0.385810 0.000000
v 1.890204 -0.389391 0.000000
v 1.900871 -0.394482 0.000000
v 1.911594 -0.401128 0.000000
v 1.922375 -0.409375 0.000000
v 1.933220 -0.419268 0.000000
v 1.944130 -0.430852 0.000000
v 1.955110 -0.444172 0.000000
v 1.966163 -0.459273 0.000000
v 1.977292 -0.476201 0.000000
v 1.988500 -0.495000 0.000000
v 1.990500 -0.495000 0.000000
v 1.990500 -0.392000 0.000000
v 2.588500 -0.159000 0.000000
v 2.588500 -0.841000 0.000000
v 2.490500 -0.841000 0.000000
v 2.490500 -0.546000 0.000000
v 2.388500 -0.546000 0.000000
v 2.350784 -0.544285 0.000000
v 2.316602 -0.539282 0.000000
v 2.285907 -0.531203 0.000000
v 2.258648 -0.520259 0.000000
v 2.234779 -0.506663 0.000000
v 2.214250 -0.490625 0.000000
v 2.197013 -0.472358 0.000000
v 2.183019 -0.452074 0.000000
v 2.172219 -0.429984 0.000000
v 2.164565 -0.406301 0.000000
v 2.160008 -0.381236 0.000000
v 2.158500 -0.355000 0.000000
v 2.159925 -0.328456 0.000000
v 2.164227 -0.302982 0.000000
v 2.171453 -0.278813 0.000000
v 2.181648 -0.256185 0.000000
v 2.194857 -0.235336 0.000000
v 2.211125 -0.216500 0.000000
v 2.230498 -0.199914 0.000000
v 2.253019 -0.185815 0.000000
v 2.278735 -0.174438 0.000000
v 2.307690 -0.166019 0.000000
v 2.339931 -0.160794 0.000000
v 2.375500 -0.159000 0.000000
v 2.490500 -0.247000 0.000000
v 2.375500 -0.247000 0.000000
v 2.354522 -0.248091 0.000000
v 2.336005 -0.251232 0.000000
v 2.319829 -0.256219 0.000000
v 2.305871 -0.262852 0.000000
v 2.294010 -0.270929 0.000000
v 2.284125 -0.280250 0.000000
v 2.276095 -0.290612 0.000000
v 2.269797 -0.301815 0.000000
v 2.265110 -0.313656 0.000000
v 2.261912 -0.325935 0.000000
v 2.260083 -0.338450 0.000000
v 2.259501 -0.351000 0.000000
v 2.260468 -0.367390 0.000000
v 2.263320 -0.382537 0.000000
v 2.267985 -0.396406 0.000000
v 2.274389 -0.408963 0.000000
v 2.282460 -0.420173 0.000000
v 2.292125 -0.430000 0.000000
v 2.303311 -0.438411 0.000000
v 2.315945 -0.445370 0.000000
v 2.329953 -0.450844 0.000000
v 2.345264 -0.454796 0.000000
v 2.361804 -0.457193 0.000000
v 2.379500 -0.458000 0.000000
v 2.490500 -0.458000 0.000000
v -1.360500 0.270000 -0.000000
v -1.352387 0.269450 -0.000000
v -1.344597 0.267847 -0.000000
v -1.337203 0.265266 -0.000000
v -1.330278 0.261778 -0.000000
v -1.323894 0.257457 -0.000000
v -1.318125 0.252375 -0.000000
v -1.313043 0.246606 -0.000000
v -1.308722 0.240222 -0.000000
v -1.305234 0.233297 -0.000000
v -1.302653 0.225903 -0.000000
v -1.301050 0.218113 -0.000000
v -1.300500 0.210000 -0.000000
v -1.301050 0.201887 -0.000000
v -1.302653 0.194097 -0.000000
v -1.305234 0.186703 -0.000000
v -1.308722 0.179778 -0.000000
v -1.313043 0.173394 -0.000000
v -1.318125 0.167625 -0.000000
v -1.323894 0.162543 -0.000000
v -1.330278 0.158222 -0.000000
v -1.337203 0.154734 -0.000000
v -1.344597 0.152153 -0.000000
v -1.352387 0.150550 -0.000000
v -1.360500 0.150000 -0.000000
v -1.368613 0.150550 -0.000000
v -1.376403 0.152153 -0.000000
v -1.383797 0.154734 -0.000000
v -1.390722 0.158222 -0.000000
v -1.397106 0.162543 -0.000000
v -1.402875 0.167625 -0.000000
v -1.407956 0.173394 -0.000000
v -1.412278 0.179778 -0.000000
v -1.415766 0.186703 -0.000000
v -1.418347 0.194097 -0.000000
v -1.419950 0.201887 -0.000000
v -1.420500 0.210000 -0.000000
v -1.419950 0.218113 -0.000000
v -1.418347 0.225903 -0.000000
v -1.415766 0.233297 -0.000000
v -1.412278 0.240222 -0.000000
v -1.407956 0.246606 -0.000000
v -1.402875 0.252375 -0.000000
v -1.397106 0.257457 -0.000000
v -1.390722 0.261778 -0.000000
v -1.383797 0.265266 -0.000000
v -1.376403 0.267847 -0.000000
v -1.368613 0.269450 -0.000000
v -1.303500 0.702000 -0.000000
v -1.303542 0.691167 -0.000000
v -1.303667 0.680671 -0.000000
v -1.303875 0.670516 -0.000000
v -1.304167 0.660704 -0.000000
v -1.304542 0.651239 -0.000000
v -1.305000 0.642125 -0.000000
v -1.305542 0.633365 -0.000000
v -1.306167 0.624963 -0.000000
v -1.306875 0.616922 -0.000000
v -1.307667 0.609245 -0.000000
v -1.308542 0.601937 -0.000000
v -1.309500 0.595000 -0.000000
v -1.334500 0.423000 -0.000000
v -1.336004 0.412517 -0.000000
v -1.337532 0.403056 -0.000000
v -1.339109 0.394594 -0.000000
v -1.340759 0.387111 -0.000000
v -1.342506 0.380587 -0.000000
v -1.344375 0.375000 -0.000000
v -1.346390 0.370330 -0.000000
v -1.348574 0.366556 -0.000000
v -1.350953 0.363656 -0.000000
v -1.353551 0.361611 -0.000000
v -1.356392 0.360399 -0.000000
v -1.359500 0.360000 -0.000000
v -1.362608 0.360399 -0.000000
v -1.365449 0.361611 -0.000000
v -1.368047 0.363656 -0.000000
v -1.370426 0.366555 -0.000000
v -1.372611 0.370330 -0.000000
v -1.374625 0.375000 -0.000000
v -1.376494 0.380587 -0.000000
v -1.378241 0.387111 -0.000000
v -1.379891 0.394594 -0.000000
v -1.381468 0.403055 -0.000000
v -1.382996 0.412517 -0.000000
v -1.384500 0.423000 -0.000000
v -1.409500 0.595000 -0.000000
v -1.410458 0.601937 -0.000000
v -1.411333 0.609245 -0.000000
v -1.412125 0.616922 -0.000000
v -1.412833 0.624963 -0.000000
v -1.413458 0.633365 -0.000000
v -1.414000 0.642125 -0.000000
v -1.414458 0.651239 -0.000000
v -1.414833 0.660704 -0.000000
v -1.415125 0.670516 -0.000000
v -1.415333 0.680671 -0.000000
v -1.415458 0.691167 -0.000000
v -1.415500 0.702000 -0.000000
v -1.415124 0.725709 -0.000000
v -1.413991 0.747338 -0.000000
v -1.412094 0.766891 -0.000000
v -1.409426 0.784370 -0.000000
v -1.405980 0.799781 -0.000000
v -1.401750 0.813125 -0.000000
v -1.396728 0.824407 -0.000000
v -1.390907 0.833630 -0.000000
v -1.384281 0.840797 -0.000000
v -1.376842 0.845912 -0.000000
v -1.368584 0.848979 -0.000000
v -1.359500 0.850000 -0.000000
v -1.350415 0.848979 -0.000000
v -1.342157 0.845912 -0.000000
v -1.334719 0.840797 -0.000000
v -1.328093 0.833630 -0.000000
v -1.322272 0.824407 -0.000000
v -1.317250 0.813125 -0.000000
v -1.313020 0.799781 -0.000000
v -1.309574 0.784370 -0.000000
v -1.306906 0.766891 -0.000000
v -1.305009 0.747338 -0.000000
v -1.303876 0.725709 -0.000000
v -1.089500 0.270000 -0.000000
v -1.081387 0.269450 -0.000000
v -1.073597 0.267847 -0.000000
v -1.066203 0.265266 -0.000000
v -1.059278 0.261778 -0.000000
v -1.052894 0.257457 -0.000000
v -1.047125 0.252375 -0.000000
v -1.042043 0.246606 -0.000000
v -1.037722 0.240222 -0.000000
v -1.034234 0.233297 -0.000000
v -1.031653 0.225903 -0.000000
v -1.030050 0.218113 -0.000000
v -1.029500 0.210000 -0.000000
v -1.030050 0.201887 -0.000000
v -1.031653 0.194097 -0.000000
v -1.034234 0.186703 -0.000000
v -1.037722 0.179778 -0.000000
v -1.042043 0.173394 -0.000000
v -1.047125 0.167625 -0.000000
v -1.052894 0.162543 -0.000000
v -1.059278 0.158222 -0.000000
v -1.066203 0.154734 -0.000000
v -1.073597 0.152153 -0.000000
v -1.081387 0.150550 -0.000000
v -1.089500 0.150000 -0.000000
v -1.097613 0.150550 -0.000000
v -1.105403 0.152153 -0.000000
v -1.112797 0.154734 -0.000000
v -1.119722 0.158222 -0.000000
v -1.126106 0.162543 -0.000000
v -1.131875 0.167625 -0.000000
v -1.136956 0.173394 -0.000000
v -1.141278 0.179778 -0.000000
v -1.144765 0.186703 -0.000000
v -1.147347 0.194097 -0.000000
v -1.148950 0.201887 -0.000000
v -1.149500 0.210000 -0.000000
v -1.148950 0.218113 -0.000000
v -1.147347 0.225903 -0.000000
v -1.144765 0.233297 -0.000000
v -1.141278 0.240222 -0.000000
v -1.136956 0.246606 -0.000000
v -1.131875 0.252375 -0.000000
v -1.126106 0.257457 -0.000000
v -1.119722 0.261778 -0.000000
v -1.112797 0.265266 -0.000000
v -1.105403 0.267847 -0.000000
v -1.097613 0.269450 -0.000000
v -1.032500 0.702000 -0.000000
v -1.032542 0.691167 -0.000000
v -1.032667 0.680671 -0.000000
v -1.032875 0.670516 -0.000000
v -1.033167 0.660704 -0.000000
v -1.033542 0.651239 -0.000000
v -1.034000 0.642125 -0.000000
v -1.034542 0.633365 -0.000000
v -1.035167 0.624963 -0.000000
v -1.035875 0.616922 -0.000000
v -1.036667 0.609245 -0.000000
v -1.037542 0.601937 -0.000000
v -1.038500 0.595000 -0.000000
v -1.063500 0.423000 -0.000000
v -1.065004 0.412517 -0.000000
v -1.066532 0.403056 -0.000000
v -1.068109 0.394594 -0.000000
v -1.069759 0.387111 -0.000000
v -1.071506 0.380587 -0.000000
v -1.073375 0.375000 -0.000000
v -1.075390 0.370330 -0.000000
v -1.077574 0.366556 -0.000000
v -1.079953 0.363656 -0.000000
v -1.082551 0.361611 -0.000000
v -1.085392 0.360399 -0.000000
v -1.088500 0.360000 -0.000000
v -1.091608 0.360399 -0.000000
v -1.094449 0.361611 -0.000000
v -1.097047 0.363656 -0.000000
v -1.099426 0.366555 -0.000000
v -1.101611 0.370330 -0.000000
v -1.103625 0.375000 -0.000000
v -1.105494 0.380587 -0.000000
v -1.107241 0.387111 -0.000000
v -1.108891 0.394594 -0.000000
v -1.110468 0.403055 -0.000000
v -1.111996 0.412517 -0.000000
v -1.113500 0.423000 -0.000000
v -1.138500 0.595000 -0.000000
v -1.139458 0.601937 -0.000000
v -1.140333 0.609245 -0.000000
v -1.141125 0.616922 -0.000000
v -1.141833 0.624963 -0.000000
v -1.142458 0.633365 -0.000000
v -1.143000 0.642125 -0.000000
v -1.143458 0.651239 -0.000000
v -1.143833 0.660704 -0.000000
v -1.144125 0.670516 -0.000000
v -1.144333 0.680671 -0.000000
v -1.144459 0.691167 -0.000000
v -1.144500 0.702000 -0.000000
v -1.144124 0.725709 -0.000000
v -1.142991 0.747338 -0.000000
v -1.141094 0.766891 -0.000000
v -1.138426 0.784370 -0.000000
v -1.134980 0.799781 -0.000000
v -1.130750 0.813125 -0.000000
v -1.125728 0.824407 -0.000000
v -1.119907 0.833630 -0.000000
v -1.113281 0.840797 -0.000000
v -1.105842 0.845912 -0.000000
v -1.097584 0.848979 -0.000000
v -1.088500 0.850000 -0.000000
v -1.079415 0.848979 -0.000000
v -1.071157 0.845912 -0.000000
v -1.063719 0.840797 -0.000000
v -1.057093 0.833630 -0.000000
v -1.051272 0.824407 -0.000000
v -1.046250 0.813125 -0.000000
v -1.042019 0.799781 -0.000000
v -1.038574 0.784370 -0.000000
v -1.035906 0.766891 -0.000000
v -1.034009 0.747338 -0.000000
v -1.032876 0.725709 -0.000000
v -0.818500 0.270000 -0.000000
v -0.810387 0.269450 -0.000000
v -0.802597 0.267847 -0.000000
v -0.795203 0.265266 -0.000000
v -0.788278 0.261778 -0.000000
v -0.781894 0.257457 -0.000000
v -0.776125 0.252375 -0.000000
v -0.771043 0.246606 -0.000000
v -0.766722 0.240222 -0.000000
v -0.763234 0.233297 -0.000000
v -0.760653 0.225903 -0.000000
v -0.759050 0.218113 -0.000000
v -0.758500 0.210000 -0.000000
v -0.759050 0.201887 -0.000000
v -0.760653 0.194097 -0.000000
v -0.763234 0.186703 -0.000000
v -0.766722 0.179778 -0.000000
v -0.771043 0.173394 -0.000000
v -0.776125 0.167625 -0.000000
v -0.781894 0.162543 -0.000000
v -0.788278 0.158222 -0.000000
v -0.795203 0.154734 -0.000000
v -0.802597 0.152153 -0.000000
v -0.810387 0.150550 -0.000000
v -0.818500 0.150000 -0.000000
v -0.826613 0.150550 -0.000000
v -0.834403 0.152153 -0.000000
v -0.841797 0.154734 -0.000000
v -0.848722 0.158222 -0.000000
v -0.855106 0.162543 -0.000000
v -0.860875 0.167625 -0.000000
v -0.865956 0.173394 -0.000000
v -0.870278 0.179778 -0.000000
v -0.873765 0.186703 -0.000000
v -0.876347 0.194097 -0.000000
v -0.877949 0.201887 -0.000000
v -0.878500 0.210000 -0.000000
v -0.877950 0.218113 -0.000000
v -0.876347 0.225903 -0.000000
v -0.873766 0.233297 -0.000000
v -0.870278 0.240222 -0.000000
v -0.865957 0.246606 -0.000000
v -0.860875 0.252375 -0.000000
v -0.855106 0.257457 -0.000000
v -0.848722 0.261778 -0.000000
v -0.841797 0.265266 -0.000000
v -0.834403 0.267847 -0.000000
v -0.826613 0.269450 -0.000000
v -0.761500 0.702000 -0.000000
v -0.761542 0.691167 -0.000000
v -0.761667 0.680671 -0.000000
v -0.761875 0.670516 -0.000000
v -0.762167 0.660704 -0.000000
v -0.762541 0.651239 -0.000000
v -0.763000 0.642125 -0.000000
v -0.763542 0.633365 -0.000000
v -0.764167 0.624963 -0.000000
v -0.764875 0.616922 -0.000000
v -0.765667 0.609245 -0.000000
v -0.766542 0.601937 -0.000000
v -0.767500 0.595000 -0.000000
v -0.792500 0.423000 -0.000000
v -0.794004 0.412517 -0.000000
v -0.795532 0.403056 -0.000000
v -0.797109 0.394594 -0.000000
v -0.798759 0.387111 -0.000000
v -0.800506 0.380587 -0.000000
v -0.802375 0.375000 -0.000000
v -0.804389 0.370330 -0.000000
v -0.806574 0.366556 -0.000000
v -0.808953 0.363656 -0.000000
v -0.811551 0.361611 -0.000000
v -0.814392 0.360399 -0.000000
v -0.817500 0.360000 -0.000000
v -0.820608 0.360399 -0.000000
v -0.823449 0.361611 -0.000000
v -0.826047 0.363656 -0.000000
v -0.828426 0.366555 -0.000000
v -0.830610 0.370330 -0.000000
v -0.832625 0.375000 -0.000000
v -0.834494 0.380587 -0.000000
v -0.836241 0.387111 -0.000000
v -0.837891 0.394594 -0.000000
v -0.839468 0.403055 -0.000000
v -0.840996 0.412517 -0.000000
v -0.842500 0.423000 -0.000000
v -0.867500 0.595000 -0.000000
v -0.868458 0.601937 -0.000000
v -0.869333 0.609245 -0.000000
v -0.870125 0.616922 -0.000000
v -0.870833 0.624963 -0.000000
v -0.871458 0.633365 -0.000000
v -0.872000 0.642125 -0.000000
v -0.872458 0.651239 -0.000000
v -0.872833 0.660704 -0.000000
v -0.873125 0.670516 -0.000000
v -0.873333 0.680671 -0.000000
v -0.873458 0.691167 -0.000000
v -0.873500 0.702000 -0.000000
v -0.873124 0.725709 -0.000000
v -0.871991 0.747338 -0.000000
v -0.870094 0.766891 -0.000000
v -0.867426 0.784370 -0.000000
v -0.863980 0.799781 -0.000000
v -0.859750 0.813125 -0.000000
v -0.854728 0.824407 -0.000000
v -0.848907 0.833630 -0.000000
v -0.842281 0.840797 -0.000000
v -0.834843 0.845912 -0.000000
v -0.826584 0.848979 -0.000000
v -0.817500 0.850000 -0.000000
v -0.808415 0.848979 -0.000000
v -0.800157 0.845912 -0.000000
v -0.792719 0.840797 -0.000000
v -0.786093 0.833630 -0.000000
v -0.780272 0.824407 -0.000000
v -0.775250 0.813125 -0.000000
v -0.771020 0.799781 -0.000000
v -0.767574 0.784370 -0.000000
v -0.764906 0.766891 -0.000000
v -0.763009 0.747338 -0.000000
v -0.761876 0.725709 -0.000000
v -0.355500 0.608000 -0.000000
v -0.355500 0.159000 -0.000000
v -0.444500 0.159000 -0.000000
v -0.444500 0.394000 -0.000000
v -0.445480 0.412891 -0.000000
v -0.448338 0.430958 -0.000000
v -0.452953 0.448047 -0.000000
v -0.459204 0.464000 -0.000000
v -0.466968 0.478661 -0.000000
v -0.476125 0.491875 -0.000000
v -0.486553 0.503484 -0.000000
v -0.498130 0.513333 -0.000000
v -0.510734 0.521266 -0.000000
v -0.524245 0.527125 -0.000000
v -0.538541 0.530755 -0.000000
v -0.553500 0.532000 -0.000000
v -0.559029 0.531631 -0.000000
v -0.565065 0.530546 -0.000000
v -0.571531 0.528781 -0.000000
v -0.578352 0.526370 -0.000000
v -0.585450 0.523348 -0.000000
v -0.592750 0.519750 -0.000000
v -0.600175 0.515610 -0.000000
v -0.607648 0.510963 -0.000000
v -0.615094 0.505844 -0.000000
v -0.622435 0.500287 -0.000000
v -0.629596 0.494327 -0.000000
v -0.636500 0.488000 -0.000000
v -0.683500 0.565000 -0.000000
v -0.674310 0.573376 -0.000000
v -0.665227 0.581005 -0.000000
v -0.656234 0.587891 -0.000000
v -0.647315 0.594037 -0.000000
v -0.638451 0.599447 -0.000000
v -0.629625 0.604125 -0.000000
v -0.620820 0.608073 -0.000000
v -0.612018 0.611296 -0.000000
v -0.603203 0.613797 -0.000000
v -0.594356 0.615579 -0.000000
v -0.585461 0.616645 -0.000000
v -0.576500 0.617000 -0.000000
v -0.565979 0.616305 -0.000000
v -0.555412 0.614190 -0.000000
v -0.544797 0.610609 -0.000000
v -0.534130 0.605518 -0.000000
v -0.523407 0.598872 -0.000000
v -0.512625 0.590625 -0.000000
v -0.501781 0.580732 -0.000000
v -0.490870 0.569148 -0.000000
v -0.479891 0.555828 -0.000000
v -0.468838 0.540727 -0.000000
v -0.457709 0.523799 -0.000000
v -0.446500 0.505000 -0.000000
v -0.444500 0.505000 -0.000000
v -0.444500 0.608000 -0.000000
v -0.270500 0.239000 -0.000000
v -0.265546 0.235377 -0.000000
v -0.260699 0.232014 -0.000000
v -0.255984 0.228922 -0.000000
v -0.251426 0.226111 -0.000000
v -0.247048 0.223592 -0.000000
v -0.242875 0.221375 -0.000000
v -0.238931 0.219470 -0.000000
v -0.235241 0.217889 -0.000000
v -0.231828 0.216641 -0.000000
v -0.228718 0.215736 -0.000000
v -0.225933 0.215186 -0.000000
v -0.223500 0.215000 -0.000000
v -0.220855 0.215128 -0.000000
v -0.218421 0.215523 -0.000000
v -0.216203 0.216203 -0.000000
v -0.214204 0.217185 -0.000000
v -0.212426 0.218487 -0.000000
v -0.210875 0.220125 -0.000000
v -0.209553 0.222117 -0.000000
v -0.208463 0.224481 -0.000000
v -0.207609 0.227234 -0.000000
v -0.206995 0.230393 -0.000000
v -0.206624 0.233976 -0.000000
v -0.206500 0.238000 -0.000000
v -0.206500 0.469000 -0.000000
v -0.205031 0.493339 -0.000000
v -0.200745 0.515380 -0.000000
v -0.193828 0.535156 -0.000000
v -0.184463 0.552704 -0.000000
v -0.172834 0.568057 -0.000000
v -0.159125 0.581250 -0.000000
v -0.143520 0.592318 -0.000000
v -0.126204 0.601296 -0.000000
v -0.107359 0.608219 -0.000000
v -0.087171 0.613120 -0.000000
v -0.065823 0.616036 -0.000000
v -0.043500 0.617000 -0.000000
v -0.027582 0.616583 -0.000000
v -0.012324 0.615329 -0.000000
v 0.002281 0.613234 -0.000000
v 0.016241 0.610296 -0.000000
v 0.029561 0.606511 -0.000000
v 0.042250 0.601875 -0.000000
v 0.054314 0.596385 -0.000000
v 0.065759 0.590037 -0.000000
v 0.076594 0.582828 -0.000000
v 0.086824 0.574755 -0.000000
v 0.096457 0.565813 -0.000000
v 0.105500 0.556000 -0.000000
v 0.105500 0.459000 -0.000000
v 0.094609 0.471170 -0.000000
v 0.083454 0.482190 -0.000000
v 0.072063 0.492078 -0.000000
v 0.060463 0.500852 -0.000000
v 0.048683 0.508528 -0.000000
v 0.036750 0.515125 -0.000000
v 0.024692 0.520659 -0.000000
v 0.012537 0.525148 -0.000000
v 0.000313 0.528609 -0.000000
v -0.011954 0.531060 -0.000000
v -0.024234 0.532518 -0.000000
v -0.036500 0.533000 -0.000000
v -0.049437 0.532515 -0.000000
v -0.061250 0.531037 -0.000000
v -0.071937 0.528531 -0.000000
v -0.081500 0.524963 -0.000000
v -0.089937 0.520297 -0.000000
v -0.097250 0.514500 -0.000000
v -0.103437 0.507536 -0.000000
v -0.108500 0.499370 -0.000000
v -0.112437 0.489969 -0.000000
v -0.115250 0.479296 -0.000000
v -0.116937 0.467318 -0.000000
v -0.117500 0.454000 -0.000000
v -0.117500 0.430000 -0.000000
v -0.038500 0.402000 -0.000000
v -0.020364 0.395444 -0.000000
v -0.002167 0.388634 -0.000000
v 0.015781 0.381359 -0.000000
v 0.033167 0.373407 -0.000000
v 0.049677 0.364567 -0.000000
v 0.065000 0.354625 -0.000000
v 0.078823 0.343371 -0.000000
v 0.090833 0.330593 -0.000000
v 0.100719 0.316078 -0.000000
v 0.108167 0.299616 -0.000000
v 0.112865 0.280994 -0.000000
v 0.114500 0.260000 -0.000000
v 0.113596 0.245652 -0.000000
v 0.110935 0.231713 -0.000000
v 0.106594 0.218344 -0.000000
v 0.100648 0.205704 -0.000000
v 0.093175 0.193952 -0.000000
v 0.084250 0.183250 -0.000000
v 0.073950 0.173756 -0.000000
v 0.062352 0.165630 -0.000000
v 0.049531 0.159031 -0.000000
v 0.035565 0.154120 -0.000000
v 0.020529 0.151057 -0.000000
v 0.004500 0.150000 -0.000000
v -0.005749 0.150313 -0.000000
v -0.015991 0.151255 -0.000000
v -0.026219 0.152828 -0.000000
v -0.036426 0.155037 -0.000000
v -0.046605 0.157885 -0.000000
v -0.056750 0.161375 -0.000000
v -0.066853 0.165511 -0.000000
v -0.076907 0.170296 -0.000000
v -0.086906 0.175734 -0.000000
v -0.096842 0.181829 -0.000000
v -0.106709 0.188583 -0.000000
v -0.116500 0.196000 -0.000000
v -0.118774 0.188373 -0.000000
v -0.121606 0.181481 -0.000000
v -0.125015 0.175312 -0.000000
v -0.129018 0.169852 -0.000000
v -0.133632 0.165086 -0.000000
v -0.138875 0.161000 -0.000000
v -0.144763 0.157581 -0.000000
v -0.151315 0.154815 -0.000000
v -0.158547 0.152687 -0.000000
v -0.166477 0.151185 -0.000000
v -0.175122 0.150294 -0.000000
v -0.184500 0.150000 -0.000000
v -0.191291 0.150173 -0.000000
v -0.197745 0.150718 -0.000000
v -0.203984 0.151672 -0.000000
v -0.210130 0.153074 -0.000000
v -0.216303 0.154962 -0.000000
v -0.222625 0.157375 -0.000000
v -0.229218 0.160350 -0.000000
v -0.236204 0.163926 -0.000000
v -0.243703 0.168141 -0.000000
v -0.251838 0.173032 -0.000000
v -0.260730 0.178639 -0.000000
v -0.270500 0.185000 -0.000000
v -0.117500 0.250000 -0.000000
v -0.111458 0.244440 -0.000000
v -0.105333 0.239273 -0.000000
v -0.099125 0.234516 -0.000000
v -0.092833 0.230185 -0.000000
v -0.086458 0.226299 -0.000000
v -0.080000 0.222875 -0.000000
v -0.073458 0.219930 -0.000000
v -0.066833 0.217481 -0.000000
v -0.060125 0.215547 -0.000000
v -0.053333 0.214143 -0.000000
v -0.046458 0.213289 -0.000000
v -0.039500 0.213000 -0.000000
v -0.030468 0.213533 -0.000000
v -0.021912 0.215097 -0.000000
v -0.013891 0.217641 -0.000000
v -0.006463 0.221111 -0.000000
v 0.000312 0.225457 -0.000000
v 0.006375 0.230625 -0.000000
v 0.011667 0.236564 -0.000000
v 0.016130 0.243222 -0.000000
v 0.019703 0.250547 -0.000000
v 0.022329 0.258486 -0.000000
v 0.023947 0.266988 -0.000000
v 0.024500 0.276000 -0.000000
v 0.023158 0.288703 -0.000000
v 0.019259 0.300375 -0.000000
v 0.013000 0.311109 -0.000000
v 0.004574 0.321000 -0.000000
v -0.005824 0.330141 -0.000000
v -0.018000 0.338625 -0.000000
v -0.031759 0.346547 -0.000000
v -0.046907 0.354000 -0.000000
v -0.063250 0.361078 -0.000000
v -0.080592 0.367875 -0.000000
v -0.098741 0.374484 -0.000000
v -0.117500 0.381000 -0.000000
v 0.181500 0.289000 -0.000000
v 0.194482 0.280795 -0.000000
v 0.207435 0.273194 -0.000000
v 0.220375 0.266219 -0.000000
v 0.233315 0.259889 -0.000000
v 0.246269 0.254226 -0.000000
v 0.259250 0.249250 -0.000000
v 0.272273 0.244983 -0.000000
v 0.285352 0.241444 -0.000000
v 0.298500 0.238656 -0.000000
v 0.311732 0.236639 -0.000000
v 0.325060 0.235413 -0.000000
v 0.338500 0.235000 -0.000000
v 0.359270 0.235957 -0.000000
v 0.378574 0.238819 -0.000000
v 0.396406 0.243578 -0.000000
v 0.412759 0.250222 -0.000000
v 0.427626 0.258741 -0.000000
v 0.441000 0.269125 -0.000000
v 0.452874 0.281363 -0.000000
v 0.463241 0.295444 -0.000000
v 0.472094 0.311359 -0.000000
v 0.479426 0.329097 -0.000000
v 0.485230 0.348647 -0.000000
v 0.489500 0.370000 -0.000000
v 0.173500 0.370000 -0.000000
v 0.175064 0.409731 -0.000000
v 0.179681 0.445935 -0.000000
v 0.187235 0.478625 -0.000000
v 0.197611 0.507815 -0.000000
v 0.210696 0.533518 -0.000000
v 0.226375 0.555750 -0.000000
v 0.244533 0.574523 -0.000000
v 0.265056 0.589852 -0.000000
v 0.287828 0.601750 -0.000000
v 0.312736 0.610232 -0.000000
v 0.339665 0.615310 -0.000000
v 0.368500 0.617000 -0.000000
v 0.398681 0.615111 -0.000000
v 0.427111 0.609556 -0.000000
v 0.453625 0.600500 -0.000000
v 0.478056 0.588111 -0.000000
v 0.500236 0.572556 -0.000000
v 0.520000 0.554000 -0.000000
v 0.537181 0.532611 -0.000000
v 0.551611 0.508556 -0.000000
v 0.563125 0.482000 -0.000000
v 0.571556 0.453111 -0.000000
v 0.576736 0.422056 -0.000000
v 0.578500 0.389000 -0.000000
v 0.576884 0.358249 -0.000000
v 0.572074 0.328241 -0.000000
v 0.564125 0.299344 -0.000000
v 0.553093 0.271926 -0.000000
v 0.539033 0.246355 -0.000000
v 0.522000 0.223000 -0.000000
v 0.502051 0.202228 -0.000000
v 0.479241 0.184407 -0.000000
v 0.453625 0.169906 -0.000000
v 0.425259 0.159093 -0.000000
v 0.394199 0.152334 -0.000000
v 0.360500 0.150000 -0.000000
v 0.342044 0.150355 -0.000000
v 0.324602 0.151426 -0.000000
v 0.308063 0.153219 -0.000000
v 0.292315 0.155741 -0.000000
v 0.277248 0.158999 -0.000000
v 0.262750 0.163000 -0.000000
v 0.248711 0.167751 -0.000000
v 0.235019 0.173259 -0.000000
v 0.221563 0.179531 -0.000000
v 0.208232 0.186574 -0.000000
v 0.194914 0.194395 -0.000000
v 0.181500 0.203000 -0.000000
v 0.487500 0.429000 -0.000000
v 0.483897 0.446099 -0.000000
v 0.479093 0.461875 -0.000000
v 0.473094 0.476297 -0.000000
v 0.465908 0.489333 -0.000000
v 0.457541 0.500953 -0.000000
v 0.448000 0.511125 -0.000000
v 0.437293 0.519818 -0.000000
v 0.425426 0.527000 -0.000000
v 0.412406 0.532641 -0.000000
v 0.398241 0.536708 -0.000000
v 0.382936 0.539172 -0.000000
v 0.366500 0.540000 -0.000000
v 0.351257 0.539115 -0.000000
v 0.337056 0.536500 -0.000000
v 0.323938 0.532219 -0.000000
v 0.311945 0.526333 -0.000000
v 0.301118 0.518906 -0.000000
v 0.291500 0.510000 -0.000000
v 0.283132 0.499677 -0.000000
v 0.276056 0.488000 -0.000000
v 0.270313 0.475031 -0.000000
v 0.265945 0.460833 -0.000000
v 0.262993 0.445469 -0.000000
v 0.261500 0.429000 -0.000000
v 0.684500 0.841000 -0.000000
v 0.773500 0.841000 -0.000000
v 0.773500 0.159000 -0.000000
v 0.684500 0.159000 -0.000000
v 0.890500 0.794000 -0.000000
v 0.913304 0.803295 -0.000000
v 0.935264 0.811690 -0.000000
v 0.956453 0.819203 -0.000000
v 0.976945 0.825852 -0.000000
v 0.996811 0.831653 -0.000000
v 1.016125 0.836625 -0.000000
v 1.034960 0.840784 -0.000000
v 1.053389 0.844148 -0.000000
v 1.071485 0.846734 -0.000000
v 1.089320 0.848560 -0.000000
v 1.106967 0.849643 -0.000000
v 1.124500 0.850000 -0.000000
v 1.177444 0.846889 -0.000000
v 1.227551 0.837778 -0.000000
v 1.274485 0.823000 -0.000000
v 1.317908 0.802889 -0.000000
v 1.357483 0.777778 -0.000000
v 1.392875 0.748000 -0.000000
v 1.423746 0.713889 -0.000000
v 1.449759 0.675778 -0.000000
v 1.470578 0.634000 -0.000000
v 1.485866 0.588889 -0.000000
v 1.495286 0.540778 -0.000000
v 1.498500 0.490000 -0.000000
v 1.496148 0.453270 -0.000000
v 1.489019 0.415162 -0.000000
v 1.477000 0.376547 -0.000000
v 1.459982 0.338296 -0.000000
v 1.437852 0.301282 -0.000000
v 1.410500 0.266375 -0.000000
v 1.377815 0.234447 -0.000000
v 1.339685 0.206370 -0.000000
v 1.296000 0.183016 -0.000000
v 1.246648 0.165255 -0.000000
v 1.191519 0.153959 -0.000000
v 1.130500 0.150000 -0.000000
v 1.104442 0.150512 -0.000000
v 1.079704 0.152014 -0.000000
v 1.056188 0.154453 -0.000000
v 1.033797 0.157778 -0.000000
v 1.012433 0.161936 -0.000000
v 0.992000 0.166875 -0.000000
v 0.972401 0.172543 -0.000000
v 0.953537 0.178889 -0.000000
v 0.935313 0.185859 -0.000000
v 0.917630 0.193403 -0.000000
v 0.900391 0.201467 -0.000000
v 0.883500 0.210000 -0.000000
v 0.883500 0.317000 -0.000000
v 0.902888 0.304981 -0.000000
v 0.922519 0.293935 -0.000000
v 0.942344 0.283875 -0.000000
v 0.962315 0.274815 -0.000000
v 0.982383 0.266768 -0.000000
v 1.002500 0.259750 -0.000000
v 1.022617 0.253773 -0.000000
v 1.042685 0.248852 -0.000000
v 1.062657 0.245000 -0.000000
v 1.082482 0.242231 -0.000000
v 1.102113 0.240560 -0.000000
v 1.121500 0.240000 -0.000000
v 1.161382 0.242174 -0.000000
v 1.198889 0.248560 -0.000000
v 1.233813 0.258953 -0.000000
v 1.265945 0.273148 -0.000000
v 1.295076 0.290940 -0.000000
v 1.321000 0.312125 -0.000000
v 1.343507 0.336497 -0.000000
v 1.362389 0.363852 -0.000000
v 1.377438 0.393984 -0.000000
v 1.388445 0.426690 -0.000000
v 1.395201 0.461763 -0.000000
v 1.397500 0.499000 -0.000000
v 1.395127 0.535646 -0.000000
v 1.388185 0.570417 -0.000000
v 1.376938 0.603062 -0.000000
v 1.361648 0.633333 -0.000000
v 1.342581 0.660979 -0.000000
v 1.320000 0.685750 -0.000000
v 1.294169 0.707396 -0.000000
v 1.265352 0.725667 -0.000000
v 1.233813 0.740312 -0.000000
v 1.199815 0.751083 -0.000000
v 1.163623 0.757729 -0.000000
v 1.125500 0.760000 -0.000000
v 1.105885 0.759539 -0.000000
v 1.086496 0.758144 -0.000000
v 1.067266 0.755797 -0.000000
v 1.048130 0.752482 -0.000000
v 1.029022 0.748180 -0.000000
v 1.009875 0.742875 -0.000000
v 0.990625 0.736549 -0.000000
v 0.971204 0.729185 -0.000000
v 0.951547 0.720766 -0.000000
v 0.931588 0.711273 -0.000000
v 0.911261 0.700691 -0.000000
v 0.890500 0.689000 -0.000000
v -2.579500 -0.159000 0.907511
v -2.192500 -0.159000 0.907511
v -2.192500 -0.841000 0.907511
v -2.588500 -0.841000 0.907511
v -2.588500 -0.753000 0.907511
v -2.290500 -0.753000 0.907511
v -2.290500 -0.541000 0.907511
v -2.569499 -0.541000 0.907511
v -2.569499 -0.453000 0.907511
v -2.290500 -0.453000 0.907511
v -2.290500 -0.247000 0.907511
v -2.579500 -0.247000 0.907511
v -2.065500 -0.206000 0.907511
v -2.042696 -0.196705 0.907511
v -2.020736 -0.188310 0.907511
v -1.999547 -0.180797 0.907511
v -1.979055 -0.174148 0.907511
v -1.959189 -0.168347 0.907511
v -1.939875 -0.163375 0.907511
v -1.921040 -0.159216 0.907511
v -1.902611 -0.155852 0.907511
v -1.884515 -0.153266 0.907511
v -1.866680 -0.151440 0.907511
v -1.849033 -0.150357 0.907511
v -1.831500 -0.150000 0.907511
v -1.778556 -0.153111 0.907511
v -1.728449 -0.162222 0.907511
v -1.681515 -0.177000 0.907511
v -1.638092 -0.197111 0.907511
v -1.598516 -0.222222 0.907511
v -1.563125 -0.252000 0.907511
v -1.532254 -0.286111 0.907511
v -1.506240 -0.324222 0.907511
v -1.485422 -0.366000 0.907511
v -1.470134 -0.411111 0.907511
v -1.460714 -0.459222 0.907511
v -1.457500 -0.510000 0.907511
v -1.459852 -0.546730 0.907511
v -1.466981 -0.584838 0.907511
v -1.479000 -0.623453 0.907511
v -1.496018 -0.661704 0.907511
v -1.518148 -0.698718 0.907511
v -1.545500 -0.733625 0.907511
v -1.578185 -0.765553 0.907511
v -1.616315 -0.793630 0.907511
v -1.660000 -0.816984 0.907511
v -1.709352 -0.834745 0.907511
v -1.764481 -0.846041 0.907511
v -1.825500 -0.850000 0.907511
v -1.851557 -0.849488 0.907511
v -1.876296 -0.847986 0.907511
v -1.899812 -0.845547 0.907511
v -1.922203 -0.842222 0.907511
v -1.943567 -0.838064 0.907511
v -1.964000 -0.833125 0.907511
v -1.983599 -0.827457 0.907511
v -2.002462 -0.821111 0.907511
v -2.020687 -0.814141 0.907511
v -2.038370 -0.806597 0.907511
v -2.055608 -0.798533 0.907511
v -2.072500 -0.790000 0.907511
v -2.072500 -0.683000 0.907511
v -2.053112 -0.695019 0.907511
v -2.033481 -0.706065 0.907511
v -2.013656 -0.716125 0.907511
v -1.993685 -0.725185 0.907511
v -1.973616 -0.733232 0.907511
v -1.953500 -0.740250 0.907511
v -1.933383 -0.746227 0.907511
v -1.913314 -0.751148 0.907511
v -1.893343 -0.755000 0.907511
v -1.873518 -0.757769 0.907511
v -1.853887 -0.759440 0.907511
v -1.834500 -0.760000 0.907511
v -1.794618 -0.757826 0.907511
v -1.757111 -0.751440 0.907511
v -1.722187 -0.741047 0.907511
v -1.690055 -0.726852 0.907511
v -1.660923 -0.709060 0.907511
v -1.635000 -0.687875 0.907511
v -1.612493 -0.663503 0.907511
v -1.593611 -0.636148 0.907511
v -1.578562 -0.606016 0.907511
v -1.567555 -0.573310 0.907511
v -1.560798 -0.538237 0.907511
v -1.558500 -0.501000 0.907511
v -1.560872 -0.464354 0.907511
v -1.567815 -0.429583 0.907511
v -1.579062 -0.396938 0.907511
v -1.594352 -0.366667 0.907511
v -1.613419 -0.339021 0.907511
v -1.636000 -0.314250 0.907511
v -1.661831 -0.292604 0.907511
v -1.690648 -0.274333 0.907511
v -1.722187 -0.259688 0.907511
v -1.756185 -0.248917 0.907511
v -1.792377 -0.242271 0.907511
v -1.830500 -0.240000 0.907511
v -1.850115 -0.240461 0.907511
v -1.869504 -0.241857 0.907511
v -1.888734 -0.244203 0.907511
v -1.907870 -0.247519 0.907511
v -1.926978 -0.251820 0.907511
v -1.946125 -0.257125 0.907511
v -1.965375 -0.263451 0.907511
v -1.984796 -0.270815 0.907511
v -2.004453 -0.279234 0.907511
v -2.024412 -0.288727 0.907511
v -2.044739 -0.299310 0.907511
v -2.065500 -0.311000 0.907511
v -1.104500 -0.155000 0.907511
v -1.035500 -0.155000 0.907511
v -0.742500 -0.841000 0.907511
v -0.842500 -0.841000 0.907511
v -0.928500 -0.640000 0.907511
v -1.218500 -0.640000 0.907511
v -1.309500 -0.841000 0.907511
v -1.409500 -0.841000 0.907511
v -1.068500 -0.305000 0.907511
v -1.178500 -0.552000 0.907511
v -0.966500 -0.552000 0.907511
v -0.302500 -0.159000 0.907511
v -0.302500 -0.841000 0.907511
v -0.400500 -0.841000 0.907511
v -0.400500 -0.546000 0.907511
v -0.502500 -0.546000 0.907511
v -0.540216 -0.544285 0.907511
v -0.574398 -0.539282 0.907511
v -0.605093 -0.531203 0.907511
v -0.632351 -0.520259 0.907511
v -0.656221 -0.506663 0.907511
v -0.676750 -0.490625 0.907511
v -0.693987 -0.472358 0.907511
v -0.707981 -0.452074 0.907511
v -0.718781 -0.429984 0.907511
v -0.726435 -0.406301 0.907511
v -0.730991 -0.381236 0.907511
v -0.732500 -0.355000 0.907511
v -0.731075 -0.328456 0.907511
v -0.726773 -0.302982 0.907511
v -0.719546 -0.278813 0.907511
v -0.709351 -0.256185 0.907511
v -0.696142 -0.235336 0.907511
v -0.679875 -0.216500 0.907511
v -0.660502 -0.199914 0.907511
v -0.637981 -0.185815 0.907511
v -0.612265 -0.174438 0.907511
v -0.583310 -0.166019 0.907511
v -0.551069 -0.160794 0.907511
v -0.515500 -0.159000 0.907511
v -0.400500 -0.247000 0.907511
v -0.515500 -0.247000 0.907511
v -0.536478 -0.248091 0.907511
v -0.554995 -0.251232 0.907511
v -0.571171 -0.256219 0.907511
v -0.585129 -0.262852 0.907511
v -0.596990 -0.270929 0.907511
v -0.606875 -0.280250 0.907511
v -0.614905 -0.290612 0.907511
v -0.621203 -0.301815 0.907511
v -0.625890 -0.313656 0.907511
v -0.629088 -0.325935 0.907511
v -0.630917 -0.338450 0.907511
v -0.631500 -0.351000 0.907511
v -0.630533 -0.367390 0.907511
v -0.627680 -0.382537 0.907511
v -0.623015 -0.396406 0.907511
v -0.616611 -0.408963 0.907511
v -0.608540 -0.420173 0.907511
v -0.598875 -0.430000 0.907511
v -0.587689 -0.438411 0.907511
v -0.575055 -0.445370 0.907511
v -0.561046 -0.450844 0.907511
v -0.545736 -0.454796 0.907511
v -0.529196 -0.457193 0.907511
v -0.511500 -0.458000 0.907511
v -0.400500 -0.458000 0.907511
v -0.173500 -0.198000 0.907511
v -0.161419 -0.190333 0.907511
v -0.149185 -0.183333 0.907511
v -0.136812 -0.177000 0.907511
v -0.124314 -0.171333 0.907511
v -0.111706 -0.166333 0.907511
v -0.099000 -0.162000 0.907511
v -0.086210 -0.158333 0.907511
v -0.073351 -0.155333 0.907511
v -0.060437 -0.153000 0.907511
v -0.047481 -0.151333 0.907511
v -0.034497 -0.150333 0.907511
v -0.021500 -0.150000 0.907511
v 0.008832 -0.151461 0.907511
v 0.037237 -0.155773 0.907511
v 0.063579 -0.162828 0.907511
v 0.087723 -0.172519 0.907511
v 0.109533 -0.184737 0.907511
v 0.128875 -0.199375 0.907511
v 0.145613 -0.216326 0.907511
v 0.159612 -0.235482 0.907511
v 0.170735 -0.256734 0.907511
v 0.178848 -0.279977 0.907511
v 0.183815 -0.305101 0.907511
v 0.185500 -0.332000 0.907511
v 0.179696 -0.375359 0.907511
v 0.163649 -0.412620 0.907511
v 0.139407 -0.444813 0.907511
v 0.109019 -0.472963 0.907511
v 0.074534 -0.498100 0.907511
v 0.038000 -0.521250 0.907511
v 0.001467 -0.543442 0.907511
v -0.033018 -0.565704 0.907511
v -0.063406 -0.589063 0.907511
v -0.087648 -0.614546 0.907511
v -0.103695 -0.643183 0.907511
v -0.109500 -0.676000 0.907511
v -0.108767 -0.685675 0.907511
v -0.106555 -0.695565 0.907511
v -0.102843 -0.705469 0.907511
v -0.097611 -0.715185 0.907511
v -0.090836 -0.724513 0.907511
v -0.082500 -0.733250 0.907511
v -0.072579 -0.741196 0.907511
v -0.061055 -0.748148 0.907511
v -0.047906 -0.753906 0.907511
v -0.033111 -0.758269 0.907511
v -0.016649 -0.761034 0.907511
v 0.001500 -0.762000 0.907511
v 0.018162 -0.761274 0.907511
v 0.034625 -0.759111 0.907511
v 0.050860 -0.755531 0.907511
v 0.066834 -0.750556 0.907511
v 0.082516 -0.744205 0.907511
v 0.097875 -0.736500 0.907511
v 0.112881 -0.727462 0.907511
v 0.127500 -0.717111 0.907511
v 0.141704 -0.705469 0.907511
v 0.155459 -0.692556 0.907511
v 0.168735 -0.678393 0.907511
v 0.181500 -0.663000 0.907511
v 0.181500 -0.787000 0.907511
v 0.167182 -0.797273 0.907511
v 0.152700 -0.806597 0.907511
v 0.138016 -0.814984 0.907511
v 0.123093 -0.822444 0.907511
v 0.107892 -0.828988 0.907511
v 0.092375 -0.834625 0.907511
v 0.076504 -0.839366 0.907511
v 0.060241 -0.843222 0.907511
v 0.043547 -0.846203 0.907511
v 0.026385 -0.848319 0.907511
v 0.008715 -0.849582 0.907511
v -0.009500 -0.850000 0.907511
v -0.036365 -0.848403 0.907511
v -0.061842 -0.843727 0.907511
v -0.085750 -0.836141 0.907511
v -0.107907 -0.825815 0.907511
v -0.128134 -0.812920 0.907511
v -0.146250 -0.797625 0.907511
v -0.162074 -0.780101 0.907511
v -0.175426 -0.760519 0.907511
v -0.186125 -0.739047 0.907511
v -0.193990 -0.715857 0.907511
v -0.198842 -0.691118 0.907511
v -0.200500 -0.665000 0.907511
v -0.194695 -0.615109 0.907511
v -0.178648 -0.573120 0.907511
v -0.154406 -0.537813 0.907511
v -0.124018 -0.507963 0.907511
v -0.089533 -0.482350 0.907511
v -0.053000 -0.459750 0.907511
v -0.016466 -0.438942 0.907511
v 0.018019 -0.418704 0.907511
v 0.048407 -0.397813 0.907511
v 0.072649 -0.375046 0.907511
v 0.088696 -0.349183 0.907511
v 0.094500 -0.319000 0.907511
v 0.093579 -0.307323 0.907511
v 0.090875 -0.296333 0.907511
v 0.086485 -0.286094 0.907511
v 0.080500 -0.276667 0.907511
v 0.073016 -0.268115 0.907511
v 0.064125 -0.260500 0.907511
v 0.053922 -0.253885 0.907511
v 0.042500 -0.248333 0.907511
v 0.029954 -0.243906 0.907511
v 0.016375 -0.240667 0.907511
v 0.001860 -0.238677 0.907511
v -0.013500 -0.238000 0.907511
v -0.025203 -0.238347 0.907511
v -0.037296 -0.239440 0.907511
v -0.049750 -0.241359 0.907511
v -0.062537 -0.244185 0.907511
v -0.075629 -0.247997 0.907511
v -0.089000 -0.252875 0.907511
v -0.102620 -0.258899 0.907511
v -0.116463 -0.266148 0.907511
v -0.130500 -0.274703 0.907511
v -0.144703 -0.284644 0.907511
v -0.159046 -0.296049 0.907511
v -0.173500 -0.309000 0.907511
v 0.564500 -0.420000 0.907511
v 0.576169 -0.414020 0.907511
v 0.587681 -0.408579 0.907511
v 0.599047 -0.403672 0.907511
v 0.610278 -0.399296 0.907511
v 0.621384 -0.395449 0.907511
v 0.632375 -0.392125 0.907511
v 0.643263 -0.389322 0.907511
v 0.654056 -0.387037 0.907511
v 0.664766 -0.385266 0.907511
v 0.675403 -0.384005 0.907511
v 0.685978 -0.383251 0.907511
v 0.696500 -0.383000 0.907511
v 0.718319 -0.383949 0.907511
v 0.738713 -0.386759 0.907511
v 0.757594 -0.391375 0.907511
v 0.774871 -0.397741 0.907511
v 0.790453 -0.405801 0.907511
v 0.804250 -0.415500 0.907511
v 0.816173 -0.426782 0.907511
v 0.826130 -0.439593 0.907511
v 0.834032 -0.453875 0.907511
v 0.839788 -0.469574 0.907511
v 0.843307 -0.486634 0.907511
v 0.844500 -0.505000 0.907511
v 0.840368 -0.533484 0.907511
v 0.828945 -0.558708 0.907511
v 0.811688 -0.581078 0.907511
v 0.790056 -0.601000 0.907511
v 0.765507 -0.618880 0.907511
v 0.739500 -0.635125 0.907511
v 0.713494 -0.650141 0.907511
v 0.688945 -0.664333 0.907511
v 0.667313 -0.678109 0.907511
v 0.650056 -0.691875 0.907511
v 0.638632 -0.706037 0.907511
v 0.634500 -0.721000 0.907511
v 0.635112 -0.728688 0.907511
v 0.636889 -0.735750 0.907511
v 0.639750 -0.742188 0.907511
v 0.643612 -0.748000 0.907511
v 0.648389 -0.753188 0.907511
v 0.654001 -0.757750 0.907511
v 0.660362 -0.761688 0.907511
v 0.667389 -0.765000 0.907511
v 0.675001 -0.767688 0.907511
v 0.683112 -0.769750 0.907511
v 0.691639 -0.771188 0.907511
v 0.700500 -0.772000 0.907511
v 0.709848 -0.771603 0.907511
v 0.719862 -0.770407 0.907511
v 0.730500 -0.768406 0.907511
v 0.741723 -0.765593 0.907511
v 0.753487 -0.761960 0.907511
v 0.765750 -0.757500 0.907511
v 0.778473 -0.752207 0.907511
v 0.791612 -0.746074 0.907511
v 0.805125 -0.739094 0.907511
v 0.818973 -0.731259 0.907511
v 0.833112 -0.722564 0.907511
v 0.847500 -0.713000 0.907511
v 0.847500 -0.809000 0.907511
v 0.833297 -0.816109 0.907511
v 0.819625 -0.822454 0.907511
v 0.806391 -0.828063 0.907511
v 0.793500 -0.832963 0.907511
v 0.780860 -0.837183 0.907511
v 0.768375 -0.840750 0.907511
v 0.755953 -0.843692 0.907511
v 0.743500 -0.846037 0.907511
v 0.730922 -0.847813 0.907511
v 0.718125 -0.849046 0.907511
v 0.705016 -0.849766 0.907511
v 0.691500 -0.850000 0.907511
v 0.670732 -0.848912 0.907511
v 0.651024 -0.845708 0.907511
v 0.632516 -0.840484 0.907511
v 0.615352 -0.833333 0.907511
v 0.599675 -0.824349 0.907511
v 0.585625 -0.813625 0.907511
v 0.573347 -0.801255 0.907511
v 0.562982 -0.787333 0.907511
v 0.554672 -0.771953 0.907511
v 0.548561 -0.755208 0.907511
v 0.544789 -0.737193 0.907511
v 0.543500 -0.718000 0.907511
v 0.544074 -0.706793 0.907511
v 0.545843 -0.696097 0.907511
v 0.548875 -0.685797 0.907511
v 0.553241 -0.675778 0.907511
v 0.559010 -0.665925 0.907511
v 0.566250 -0.656125 0.907511
v 0.575033 -0.646262 0.907511
v 0.585426 -0.636222 0.907511
v 0.597500 -0.625891 0.907511
v 0.611324 -0.615153 0.907511
v 0.626968 -0.603894 0.907511
v 0.644500 -0.592000 0.907511
v 0.663241 -0.580948 0.907511
v 0.680005 -0.570750 0.907511
v 0.694860 -0.561344 0.907511
v 0.707871 -0.552667 0.907511
v 0.719104 -0.544656 0.907511
v 0.728625 -0.537250 0.907511
v 0.736501 -0.530385 0.907511
v 0.742797 -0.524000 0.907511
v 0.747579 -0.518031 0.907511
v 0.750912 -0.512417 0.907511
v 0.752864 -0.507094 0.907511
v 0.753500 -0.502000 0.907511
v 0.753027 -0.496152 0.907511
v 0.751630 -0.490630 0.907511
v 0.749344 -0.485469 0.907511
v 0.746204 -0.480704 0.907511
v 0.742245 -0.476369 0.907511
v 0.737500 -0.472500 0.907511
v 0.732006 -0.469131 0.907511
v 0.725797 -0.466296 0.907511
v 0.718907 -0.464031 0.907511
v 0.711371 -0.462370 0.907511
v 0.703224 -0.461348 0.907511
v 0.694500 -0.461000 0.907511
v 0.685965 -0.461295 0.907511
v 0.676885 -0.462190 0.907511
v 0.667297 -0.463703 0.907511
v 0.657241 -0.465852 0.907511
v 0.646754 -0.468653 0.907511
v 0.635875 -0.472125 0.907511
v 0.624642 -0.476284 0.907511
v 0.613093 -0.481148 0.907511
v 0.601266 -0.486734 0.907511
v 0.589199 -0.493060 0.907511
v 0.576931 -0.500143 0.907511
v 0.564500 -0.508000 0.907511
v 0.949500 -0.420000 0.907511
v 0.961169 -0.414020 0.907511
v 0.972681 -0.408579 0.907511
v 0.984047 -0.403672 0.907511
v 0.995278 -0.399296 0.907511
v 1.006384 -0.395449 0.907511
v 1.017375 -0.392125 0.907511
v 1.028263 -0.389322 0.907511
v 1.039056 -0.387037 0.907511
v 1.049766 -0.385266 0.907511
v 1.060403 -0.384005 0.907511
v 1.070978 -0.383251 0.907511
v 1.081500 -0.383000 0.907511
v 1.103319 -0.383949 0.907511
v 1.123713 -0.386759 0.907511
v 1.142594 -0.391375 0.907511
v 1.159871 -0.397741 0.907511
v 1.175453 -0.405801 0.907511
v 1.189250 -0.415500 0.907511
v 1.201173 -0.426782 0.907511
v 1.211130 -0.439593 0.907511
v 1.219032 -0.453875 0.907511
v 1.224788 -0.469574 0.907511
v 1.228307 -0.486634 0.907511
v 1.229500 -0.505000 0.907511
v 1.225368 -0.533484 0.907511
v 1.213945 -0.558708 0.907511
v 1.196688 -0.581078 0.907511
v 1.175056 -0.601000 0.907511
v 1.150507 -0.618880 0.907511
v 1.124500 -0.635125 0.907511
v 1.098493 -0.650141 0.907511
v 1.073945 -0.664333 0.907511
v 1.052313 -0.678109 0.907511
v 1.035056 -0.691875 0.907511
v 1.023632 -0.706037 0.907511
v 1.019500 -0.721000 0.907511
v 1.020112 -0.728688 0.907511
v 1.021889 -0.735750 0.907511
v 1.024750 -0.742188 0.907511
v 1.028612 -0.748000 0.907511
v 1.033389 -0.753188 0.907511
v 1.039000 -0.757750 0.907511
v 1.045362 -0.761688 0.907511
v 1.052389 -0.765000 0.907511
v 1.060000 -0.767688 0.907511
v 1.068112 -0.769750 0.907511
v 1.076639 -0.771188 0.907511
v 1.085500 -0.772000 0.907511
v 1.094848 -0.771603 0.907511
v 1.104862 -0.770407 0.907511
v 1.115500 -0.768406 0.907511
v 1.126723 -0.765593 0.907511
v 1.138487 -0.761960 0.907511
v 1.150751 -0.757500 0.907511
v 1.163473 -0.752207 0.907511
v 1.176612 -0.746074 0.907511
v 1.190126 -0.739094 0.907511
v 1.203973 -0.731259 0.907511
v 1.218112 -0.722564 0.907511
v 1.232500 -0.713000 0.907511
v 1.232500 -0.809000 0.907511
v 1.218297 -0.816109 0.907511
v 1.204625 -0.822454 0.907511
v 1.191391 -0.828063 0.907511
v 1.178501 -0.832963 0.907511
v 1.165860 -0.837183 0.907511
v 1.153376 -0.840750 0.907511
v 1.140954 -0.843692 0.907511
v 1.128501 -0.846037 0.907511
v 1.115922 -0.847813 0.907511
v 1.103126 -0.849046 0.907511
v 1.090016 -0.849766 0.907511
v 1.076500 -0.850000 0.907511
v 1.055732 -0.848912 0.907511
v 1.036024 -0.845708 0.907511
v 1.017516 -0.840484 0.907511
v 1.000352 -0.833333 0.907511
v 0.984675 -0.824349 0.907511
v 0.970626 -0.813625 0.907511
v 0.958347 -0.801255 0.907511
v 0.947982 -0.787333 0.907511
v 0.939672 -0.771953 0.907511
v 0.933561 -0.755208 0.907511
v 0.929789 -0.737193 0.907511
v 0.928500 -0.718000 0.907511
v 0.929074 -0.706793 0.907511
v 0.930843 -0.696097 0.907511
v 0.933875 -0.685797 0.907511
v 0.938241 -0.675778 0.907511
v 0.944010 -0.665925 0.907511
v 0.951250 -0.656125 0.907511
v 0.960033 -0.646262 0.907511
v 0.970426 -0.636222 0.907511
v 0.982500 -0.625891 0.907511
v 0.996324 -0.615153 0.907511
v 1.011968 -0.603894 0.907511
v 1.029500 -0.592000 0.907511
v 1.048241 -0.580948 0.907511
v 1.065005 -0.570750 0.907511
v 1.079860 -0.561344 0.907511
v 1.092871 -0.552667 0.907511
v 1.104104 -0.544656 0.907511
v 1.113626 -0.537250 0.907511
v 1.121501 -0.530385 0.907511
v 1.127797 -0.524000 0.907511
v 1.132579 -0.518031 0.907511
v 1.135913 -0.512417 0.907511
v 1.137864 -0.507094 0.907511
v 1.138500 -0.502000 0.907511
v 1.138027 -0.496152 0.907511
v 1.136630 -0.490630 0.907511
v 1.134344 -0.485469 0.907511
v 1.131204 -0.480704 0.907511
v 1.127245 -0.476369 0.907511
v 1.122500 -0.472500 0.907511
v 1.117006 -0.469131 0.907511
v 1.110797 -0.466296 0.907511
v 1.103907 -0.464031 0.907511
v 1.096371 -0.462370 0.907511
v 1.088224 -0.461348 0.907511
v 1.079500 -0.461000 0.907511
v 1.070965 -0.461295 0.907511
v 1.061885 -0.462190 0.907511
v 1.052297 -0.463703 0.907511
v 1.042241 -0.465852 0.907511
v 1.031754 -0.468653 0.907511
v 1.020875 -0.472125 0.907511
v 1.009642 -0.476284 0.907511
v 0.998093 -0.481148 0.907511
v 0.986266 -0.486734 0.907511
v 0.974200 -0.493060 0.907511
v 0.961932 -0.500143 0.907511
v 0.949500 -0.508000 0.907511
v 1.314500 -0.711000 0.907511
v 1.327482 -0.719205 0.907511
v 1.340436 -0.726806 0.907511
v 1.353375 -0.733781 0.907511
v 1.366315 -0.740111 0.907511
v 1.379269 -0.745774 0.907511
v 1.392251 -0.750750 0.907511
v 1.405274 -0.755017 0.907511
v 1.418352 -0.758556 0.907511
v 1.431501 -0.761344 0.907511
v 1.444732 -0.763361 0.907511
v 1.458061 -0.764587 0.907511
v 1.471500 -0.765000 0.907511
v 1.492270 -0.764044 0.907511
v 1.511575 -0.761181 0.907511
v 1.529407 -0.756422 0.907511
v 1.545760 -0.749778 0.907511
v 1.560627 -0.741259 0.907511
v 1.574000 -0.730875 0.907511
v 1.585874 -0.718637 0.907511
v 1.596241 -0.704556 0.907511
v 1.605094 -0.688641 0.907511
v 1.612426 -0.670903 0.907511
v 1.618231 -0.651353 0.907511
v 1.622500 -0.630000 0.907511
v 1.306500 -0.630000 0.907511
v 1.308065 -0.590269 0.907511
v 1.312681 -0.554065 0.907511
v 1.320235 -0.521375 0.907511
v 1.330611 -0.492185 0.907511
v 1.343696 -0.466482 0.907511
v 1.359375 -0.444250 0.907511
v 1.377533 -0.425477 0.907511
v 1.398056 -0.410148 0.907511
v 1.420828 -0.398250 0.907511
v 1.445736 -0.389769 0.907511
v 1.472665 -0.384690 0.907511
v 1.501500 -0.383000 0.907511
v 1.531681 -0.384889 0.907511
v 1.560112 -0.390445 0.907511
v 1.586625 -0.399500 0.907511
v 1.611056 -0.411889 0.907511
v 1.633237 -0.427445 0.907511
v 1.653000 -0.446000 0.907511
v 1.670181 -0.467389 0.907511
v 1.684612 -0.491445 0.907511
v 1.696125 -0.518000 0.907511
v 1.704556 -0.546889 0.907511
v 1.709737 -0.577945 0.907511
v 1.711500 -0.611000 0.907511
v 1.709885 -0.641751 0.907511
v 1.705074 -0.671759 0.907511
v 1.697125 -0.700656 0.907511
v 1.686093 -0.728074 0.907511
v 1.672033 -0.753645 0.907511
v 1.655000 -0.777000 0.907511
v 1.635051 -0.797772 0.907511
v 1.612241 -0.815593 0.907511
v 1.586625 -0.830094 0.907511
v 1.558260 -0.840907 0.907511
v 1.527199 -0.847666 0.907511
v 1.493500 -0.850000 0.907511
v 1.475044 -0.849645 0.907511
v 1.457602 -0.848574 0.907511
v 1.441063 -0.846781 0.907511
v 1.425315 -0.844259 0.907511
v 1.410248 -0.841001 0.907511
v 1.395751 -0.837000 0.907511
v 1.381711 -0.832249 0.907511
v 1.368019 -0.826741 0.907511
v 1.354563 -0.820469 0.907511
v 1.341232 -0.813426 0.907511
v 1.327915 -0.805605 0.907511
v 1.314500 -0.797000 0.907511
v 1.620500 -0.571000 0.907511
v 1.616897 -0.553901 0.907511
v 1.612093 -0.538125 0.907511
v 1.606094 -0.523703 0.907511
v 1.598908 -0.510667 0.907511
v 1.590541 -0.499047 0.907511
v 1.581000 -0.488875 0.907511
v 1.570293 -0.480182 0.907511
v 1.558426 -0.473000 0.907511
v 1.545407 -0.467359 0.907511
v 1.531241 -0.463292 0.907511
v 1.515937 -0.460828 0.907511
v 1.499500 -0.460000 0.907511
v 1.484257 -0.460885 0.907511
v 1.470056 -0.463500 0.907511
v 1.456938 -0.467781 0.907511
v 1.444945 -0.473667 0.907511
v 1.434119 -0.481094 0.907511
v 1.424500 -0.490000 0.907511
v 1.416132 -0.500323 0.907511
v 1.409056 -0.512000 0.907511
v 1.403313 -0.524969 0.907511
v 1.398945 -0.539167 0.907511
v 1.395994 -0.554531 0.907511
v 1.394500 -0.571000 0.907511
v 2.079500 -0.392000 0.907511
v 2.079500 -0.841000 0.907511
v 1.990500 -0.841000 0.907511
v 1.990500 -0.606000 0.907511
v 1.989521 -0.587109 0.907511
v 1.986663 -0.569042 0.907511
v 1.982047 -0.551953 0.907511
v 1.975797 -0.536000 0.907511
v 1.968032 -0.521339 0.907511
v 1.958875 -0.508125 0.907511
v 1.948448 -0.496516 0.907511
v 1.936871 -0.486667 0.907511
v 1.924266 -0.478734 0.907511
v 1.910755 -0.472875 0.907511
v 1.896459 -0.469245 0.907511
v 1.881500 -0.468000 0.907511
v 1.875972 -0.468369 0.907511
v 1.869936 -0.469454 0.907511
v 1.863469 -0.471219 0.907511
v 1.856649 -0.473630 0.907511
v 1.849550 -0.476652 0.907511
v 1.842250 -0.480250 0.907511
v 1.834826 -0.484390 0.907511
v 1.827352 -0.489037 0.907511
v 1.819907 -0.494156 0.907511
v 1.812565 -0.499713 0.907511
v 1.805405 -0.505673 0.907511
v 1.798500 -0.512000 0.907511
v 1.751500 -0.435000 0.907511
v 1.760691 -0.426624 0.907511
v 1.769774 -0.418995 0.907511
v 1.778766 -0.412109 0.907511
v 1.787686 -0.405963 0.907511
v 1.796550 -0.400553 0.907511
v 1.805375 -0.395875 0.907511
v 1.814180 -0.391927 0.907511
v 1.822982 -0.388704 0.907511
v 1.831797 -0.386203 0.907511
v 1.840644 -0.384421 0.907511
v 1.849539 -0.383355 0.907511
v 1.858500 -0.383000 0.907511
v 1.869022 -0.383695 0.907511
v 1.879588 -0.385810 0.907511
v 1.890204 -0.389391 0.907511
v 1.900871 -0.394482 0.907511
v 1.911594 -0.401128 0.907511
v 1.922375 -0.409375 0.907511
v 1.933220 -0.419268 0.907511
v 1.944130 -0.430852 0.907511
v 1.955110 -0.444172 0.907511
v 1.966163 -0.459273 0.907511
v 1.977292 -0.476201 0.907511
v 1.988500 -0.495000 0.907511
v 1.990500 -0.495000 0.907511
v 1.990500 -0.392000 0.907511
v 2.588500 -0.159000 0.907511
v 2.588500 -0.841000 0.907511
v 2.490500 -0.841000 0.907511
v 2.490500 -0.546000 0.907511
v 2.388500 -0.546000 0.907511
v 2.350784 -0.544285 0.907511
v 2.316602 -0.539282 0.907511
v 2.285907 -0.531203 0.907511
v 2.258648 -0.520259 0.907511
v 2.234779 -0.506663 0.907511
v 2.214250 -0.490625 0.907511
v 2.197013 -0.472358 0.907511
v 2.183019 -0.452074 0.907511
v 2.172219 -0.429984 0.907511
v 2.164565 -0.406301 0.907511
v 2.160008 -0.381236 0.907511
v 2.158500 -0.355000 0.907511
v 2.159925 -0.328456 0.907511
v 2.164227 -0.302982 0.907511
v 2.171453 -0.278813 0.907511
v 2.181648 -0.256185 0.907511
v 2.194857 -0.235336 0.907511
v 2.211125 -0.216500 0.907511
v 2.230498 -0.199914 0.907511
v 2.253019 -0.185815 0.907511
v 2.278735 -0.174438 0.907511
v 2.307690 -0.166019 0.907511
v 2.339931 -0.160794 0.907511
v 2.375500 -0.159000 0.907511
v 2.490500 -0.247000 0.907511
v 2.375500 -0.247000 0.907511
v 2.354522 -0.248091 0.907511
v 2.336005 -0.251232 0.907511
v 2.319829 -0.256219 0.907511
v 2.305871 -0.262852 0.907511
v 2.294010 -0.270929 0.907511
v 2.284125 -0.280250 0.907511
v 2.276095 -0.290612 0.907511
v 2.269797 -0.301815 0.907511
v 2.265110 -0.313656 0.907511
v 2.261912 -0.325935 0.907511
v 2.260083 -0.338450 0.907511
v 2.259501 -0.351000 0.907511
v 2.260468 -0.367390 0.907511
v 2.263320 -0.382537 0.907511
v 2.267985 -0.396406 0.907511
v 2.274389 -0.408963 0.907511
v 2.282460 -0.420173 0.907511
v 2.292125 -0.430000 0.907511
v 2.303311 -0.438411 0.907511
v 2.315945 -0.445370 0.907511
v 2.329953 -0.450844 0.907511
v 2.345264 -0.454796 0.907511
v 2.361804 -0.457193 0.907511
v 2.379500 -0.458000 0.907511
v 2.490500 -0.458000 0.907511
v -1.360500 0.270000 0.907511
v -1.352387 0.269450 0.907511
v -1.344597 0.267847 0.907511
v -1.337203 0.265266 0.907511
v -1.330278 0.261778 0.907511
v -1.323894 0.257457 0.907511
v -1.318125 0.252375 0.907511
v -1.313043 0.246606 0.907511
v -1.308722 0.240222 0.907511
v -1.305234 0.233297 0.907511
v -1.302653 0.225903 0.907511
v -1.301050 0.218113 0.907511
v -1.300500 0.210000 0.907511
v -1.301050 0.201887 0.907511
v -1.302653 0.194097 0.907511
v -1.305234 0.186703 0.907511
v -1.308722 0.179778 0.907511
v -1.313043 0.173394 0.907511
v -1.318125 0.167625 0.907511
v -1.323894 0.162543 0.907511
v -1.330278 0.158222 0.907511
v -1.337203 0.154734 0.907511
v -1.344597 0.152153 0.907511
v -1.352387 0.150550 0.907511
v -1.360500 0.150000 0.907511
v -1.368613 0.150550 0.907511
v -1.376403 0.152153 0.907511
v -1.383797 0.154734 0.907511
v -1.390722 0.158222 0.907511
v -1.397106 0.162543 0.907511
v -1.402875 0.167625 0.907511
v -1.407956 0.173394 0.907511
v -1.412278 0.179778 0.907511
v -1.415766 0.186703 0.907511
v -1.418347 0.194097 0.907511
v -1.419950 0.201887 0.907511
v -1.420500 0.210000 0.907511
v -1.419950 0.218113 0.907511
v -1.418347 0.225903 0.907511
v -1.415766 0.233297 0.907511
v -1.412278 0.240222 0.907511
v -1.407956 0.246606 0.907511
v -1.402875 0.252375 0.907511
v -1.397106 0.257457 0.907511
v -1.390722 0.261778 0.907511
v -1.383797 0.265266 0.907511
v -1.376403 0.267847 0.907511
v -1.368613 0.269450 0.907511
v -1.303500 0.702000 0.907511
v -1.303542 0.691167 0.907511
v -1.303667 0.680671 0.907511
v -1.303875 0.670516 0.907511
v -1.304167 0.660704 0.907511
v -1.304542 0.651239 0.907511
v -1.305000 0.642125 0.907511
v -1.305542 0.633365 0.907511
v -1.306167 0.624963 0.907511
v -1.306875 0.616922 0.907511
v -1.307667 0.609245 0.907511
v -1.308542 0.601937 0.907511
v -1.309500 0.595000 0.907511
v -1.334500 0.423000 0.907511
v -1.336004 0.412517 0.907511
v -1.337532 0.403056 0.907511
v -1.339109 0.394594 0.907511
v -1.340759 0.387111 0.907511
v -1.342506 0.380587 0.907511
v -1.344375 0.375000 0.907511
v -1.346390 0.370330 0.907511
v -1.348574 0.366556 0.907511
v -1.350953 0.363656 0.907511
v -1.353551 0.361611 0.907511
v -1.356392 0.360399 0.907511
v -1.359500 0.360000 0.907511
v -1.362608 0.360399 0.907511
v -1.365449 0.361611 0.907511
v -1.368047 0.363656 0.907511
v -1.370426 0.366555 0.907511
v -1.372611 0.370330 0.907511
v -1.374625 0.375000 0.907511
v -1.376494 0.380587 0.907511
v -1.378241 0.387111 0.907511
v -1.379891 0.394594 0.907511
v -1.381468 0.403055 0.907511
v -1.382996 0.412517 0.907511
v -1.384500 0.423000 0.907511
v -1.409500 0.595000 0.907511
v -1.410458 0.601937 0.907511
v -1.411333 0.609245 0.907511
v -1.412125 0.616922 0.907511
v -1.412833 0.624963 0.907511
v -1.413458 0.633365 0.907511
v -1.414000 0.642125 0.907511
v -1.414458 0.651239 0.907511
v -1.414833 0.660704 0.907511
v -1.415125 0.670516 0.907511
v -1.415333 0.680671 0.907511
v -1.415458 0.691167 0.907511
v -1.415500 0.702000 0.907511
v -1.415124 0.725709 0.907511
v -1.413991 0.747338 0.907511
v -1.412094 0.766891 0.907511
v -1.409426 0.784370 0.907511
v -1.405980 0.799781 0.907511
v -1.401750 0.813125 0.907511
v -1.396728 0.824407 0.907511
v -1.390907 0.833630 0.907511
v -1.384281 0.840797 0.907511
v -1.376842 0.845912 0.907511
v -1.368584 0.848979 0.907511
v -1.359500 0.850000 0.907511
v -1.350415 0.848979 0.907511
v -1.342157 0.845912 0.907511
v -1.334719 0.840797 0.907511
v -1.328093 0.833630 0.907511
v -1.322272 0.824407 0.907511
v -1.317250 0.813125 0.907511
v -1.313020 0.799781 0.907511
v -1.309574 0.784370 0.907511
v -1.306906 0.766891 0.907511
v -1.305009 0.747338 0.907511
v -1.303876 0.725709 0.907511
v -1.089500 0.270000 0.907511
v -1.081387 0.269450 0.907511
v -1.073597 0.267847 0.907511
v -1.066203 0.265266 0.907511
v -1.059278 0.261778 0.907511
v -1.052894 0.257457 0.907511
v -1.047125 0.252375 0.907511
v -1.042043 0.246606 0.907511
v -1.037722 0.240222 0.907511
v -1.034234 0.233297 0.907511
v -1.031653 0.225903 0.907511
v -1.030050 0.218113 0.907511
v -1.029500 0.210000 0.907511
v -1.030050 0.201887 0.907511
v -1.031653 0.194097 0.907511
v -1.034234 0.186703 0.907511
v -1.037722 0.179778 0.907511
v -1.042043 0.173394 0.907511
v -1.047125 0.167625 0.907511
v -1.052894 0.162543 0.907511
v -1.059278 0.158222 0.907511
v -1.066203 0.154734 0.907511
v -1.073597 0.152153 0.907511
v -1.081387 0.150550 0.907511
v -1.089500 0.150000 0.907511
v -1.097613 0.150550 0.907511
v -1.105403 0.152153 0.907511
v -1.112797 0.154734 0.907511
v -1.119722 0.158222 0.907511
v -1.126106 0.162543 0.907511
v -1.131875 0.167625 0.907511
v -1.136956 0.173394 0.907511
v -1.141278 0.179778 0.907511
v -1.144765 0.186703 0.907511
v -1.147347 0.194097 0.907511
v -1.148950 0.201887 0.907511
v -1.149500 0.210000 0.907511
v -1.148950 0.218113 0.907511
v -1.147347 0.225903 0.907511
v -1.144765 0.233297 0.907511
v -1.141278 0.240222 0.907511
v -1.136956 0.246606 0.907511
v -1.131875 0.252375 0.907511
v -1.126106 0.257457 0.907511
v -1.119722 0.261778 0.907511
v -1.112797 0.265266 0.907511
v -1.105403 0.267847 0.907511
v -1.097613 0.269450 0.907511
v -1.032500 0.702000 0.907511
v -1.032542 0.691167 0.907511
v -1.032667 0.680671 0.907511
v -1.032875 0.670516 0.907511
v -1.033167 0.660704 0.907511
v -1.033542 0.651239 0.907511
v -1.034000 0.642125 0.907511
v -1.034542 0.633365 0.907511
v -1.035167 0.624963 0.907511
v -1.035875 0.616922 0.907511
v -1.036667 0.609245 0.907511
v -1.037542 0.601937 0.907511
v -1.038500 0.595000 0.907511
v -1.063500 0.423000 0.907511
v -1.065004 0.412517 0.907511
v -1.066532 0.403056 0.907511
v -1.068109 0.394594 0.907511
v -1.069759 0.387111 0.907511
v -1.071506 0.380587 0.907511
v -1.073375 0.375000 0.907511
v -1.075390 0.370330 0.907511
v -1.077574 0.366556 0.907511
v -1.079953 0.363656 0.907511
v -1.082551 0.361611 0.907511
v -1.085392 0.360399 0.907511
v -1.088500 0.360000 0.907511
v -1.091608 0.360399 0.907511
v -1.094449 0.361611 0.907511
v -1.097047 0.363656 0.907511
v -1.099426 0.366555 0.907511
v -1.101611 0.370330 0.907511
v -1.103625 0.375000 0.907511
v -1.105494 0.380587 0.907511
v -1.107241 0.387111 0.907511
v -1.108891 0.394594 0.907511
v -1.110468 0.403055 0.907511
v -1.111996 0.412517 0.907511
v -1.113500 0.423000 0.907511
v -1.138500 0.595000 0.907511
v -1.139458 0.601937 0.907511
v -1.140333 0.609245 0.907511
v -1.141125 0.616922 0.907511
v -1.141833 0.624963 0.907511
v -1.142458 0.633365 0.907511
v -1.143000 0.642125 0.907511
v -1.143458 0.651239 0.907511
v -1.143833 0.660704 0.907511
v -1.144125 0.670516 0.907511
v -1.144333 0.680671 0.907511
v -1.144459 0.691167 0.907511
v -1.144500 0.702000 0.907511
v -1.144124 0.725709 0.907511
v -1.142991 0.747338 0.907511
v -1.141094 0.766891 0.907511
v -1.138426 0.784370 0.907511
v -1.134980 0.799781 0.907511
v -1.130750 0.813125 0.907511
v -1.125728 0.824407 0.907511
v -1.119907 0.833630 0.907511
v -1.113281 0.840797 0.907511
v -1.105842 0.845912 0.907511
v -1.097584 0.848979 0.907511
v -1.088500 0.850000 0.907511
v -1.079415 0.848979 0.907511
v -1.071157 0.845912 0.907511
v -1.063719 0.840797 0.907511
v -1.057093 0.833630 0.907511
v -1.051272 0.824407 0.907511
v -1.046250 0.813125 0.907511
v -1.042019 0.799781 0.907511
v -1.038574 0.784370 0.907511
v -1.035906 0.766891 0.907511
v -1.034009 0.747338 0.907511
v -1.032876 0.725709 0.907511
v -0.818500 0.270000 0.907511
v -0.810387 0.269450 0.907511
v -0.802597 0.267847 0.907511
v -0.795203 0.265266 0.907511
v -0.788278 0.261778 0.907511
v -0.781894 0.257457 0.907511
v -0.776125 0.252375 0.907511
v -0.771043 0.246606 0.907511
v -0.766722 0.240222 0.907511
v -0.763234 0.233297 0.907511
v -0.760653 0.225903 0.907511
v -0.759050 0.218113 0.907511
v -0.758500 0.210000 0.907511
v -0.759050 0.201887 0.907511
v -0.760653 0.194097 0.907511
v -0.763234 0.186703 0.907511
v -0.766722 0.179778 0.907511
v -0.771043 0.173394 0.907511
v -0.776125 0.167625 0.907511
v -0.781894 0.162543 0.907511
v -0.788278 0.158222 0.907511
v -0.795203 0.154734 0.907511
v -0.802597 0.152153 0.907511
v -0.810387 0.150550 0.907511
v -0.818500 0.150000 0.907511
v -0.826613 0.150550 0.907511
v -0.834403 0.152153 0.907511
v -0.841797 0.154734 0.907511
v -0.848722 0.158222 0.907511
v -0.855106 0.162543 0.907511
v -0.860875 0.167625 0.907511
v -0.865956 0.173394 0.907511
v -0.870278 0.179778 0.907511
v -0.873765 0.186703 0.907511
v -0.876347 0.194097 0.907511
v -0.877949 0.201887 0.907511
v -0.878500 0.210000 0.907511
v -0.877950 0.218113 0.907511
v -0.876347 0.225903 0.907511
v -0.873766 0.233297 0.907511
v -0.870278 0.240222 0.907511
v -0.865957 0.246606 0.907511
v -0.860875 0.252375 0.907511
v -0.855106 0.257457 0.907511
v -0.848722 0.261778 0.907511
v -0.841797 0.265266 0.907511
v -0.834403 0.267847 0.907511
v -0.826613 0.269450 0.907511
v -0.761500 0.702000 0.907511
v -0.761542 0.691167 0.907511
v -0.761667 0.680671 0.907511
v -0.761875 0.670516 0.907511
v -0.762167 0.660704 0.907511
v -0.762541 0.651239 0.907511
v -0.763000 0.642125 0.907511
v -0.763542 0.633365 0.907511
v -0.764167 0.624963 0.907511
v -0.764875 0.616922 0.907511
v -0.765667 0.609245 0.907511
v -0.766542 0.601937 0.907511
v -0.767500 0.595000 0.907511
v -0.792500 0.423000 0.907511
v -0.794004 0.412517 0.907511
v -0.795532 0.403056 0.907511
v -0.797109 0.394594 0.907511
v -0.798759 0.387111 0.907511
v -0.800506 0.380587 0.907511
v -0.802375 0.375000 0.907511
v -0.804389 0.370330 0.907511
v -0.806574 0.366556 0.907511
v -0.808953 0.363656 0.907511
v -0.811551 0.361611 0.907511
v -0.814392 0.360399 0.907511
v -0.817500 0.360000 0.907511
v -0.820608 0.360399 0.907511
v -0.823449 0.361611 0.907511
v -0.826047 0.363656 0.907511
v -0.828426 0.366555 0.907511
v -0.830610 0.370330 0.907511
v -0.832625 0.375000 0.907511
v -0.834494 0.380587 0.907511
v -0.836241 0.387111 0.907511
v -0.837891 0.394594 0.907511
v -0.839468 0.403055 0.907511
v -0.840996 0.412517 0.907511
v -0.842500 0.423000 0.907511
v -0.867500 0.595000 0.907511
v -0.868458 0.601937 0.907511
v -0.869333 0.609245 0.907511
v -0.870125 0.616922 0.907511
v -0.870833 0.624963 0.907511
v -0.871458 0.633365 0.907511
v -0.872000 0.642125 0.907511
v -0.872458 0.651239 0.907511
v -0.872833 0.660704 0.907511
v -0.873125 0.670516 0.907511
v -0.873333 0.680671 0.907511
v -0.873458 0.691167 0.907511
v -0.873500 0.702000 0.907511
v -0.873124 0.725709 0.907511
v -0.871991 0.747338 0.907511
v -0.870094 0.766891 0.907511
v -0.867426 0.784370 0.907511
v -0.863980 0.799781 0.907511
v -0.859750 0.813125 0.907511
v -0.854728 0.824407 0.907511
v -0.848907 0.833630 0.907511
v -0.842281 0.840797 0.907511
v -0.834843 0.845912 0.907511
v -0.826584 0.848979 0.907511
v -0.817500 0.850000 0.907511
v -0.808415 0.848979 0.907511
v -0.800157 0.845912 0.907511
v -0.792719 0.840797 0.907511
v -0.786093 0.833630 0.907511
v -0.780272 0.824407 0.907511
v -0.775250 0.813125 0.907511
v -0.771020 0.799781 0.907511
v -0.767574 0.784370 0.907511
v -0.764906 0.766891 0.907511
v -0.763009 0.747338 0.907511
v -0.761876 0.725709 0.907511
v -0.355500 0.608000 0.907511
v -0.355500 0.159000 0.907511
v -0.444500 0.159000 0.907511
v -0.444500 0.394000 0.907511
v -0.445480 0.412891 0.907511
v -0.448338 0.430958 0.907511
v -0.452953 0.448047 0.907511
v -0.459204 0.464000 0.907511
v -0.466968 0.478661 0.907511
v -0.476125 0.491875 0.907511
v -0.486553 0.503484 0.907511
v -0.498130 0.513333 0.907511
v -0.510734 0.521266 0.907511
v -0.524245 0.527125 0.907511
v -0.538541 0.530755 0.907511
v -0.553500 0.532000 0.907511
v -0.559029 0.531631 0.907511
v -0.565065 0.530546 0.907511
v -0.571531 0.528781 0.907511
v -0.578352 0.526370 0.907511
v -0.585450 0.523348 0.907511
v -0.592750 0.519750 0.907511
v -0.600175 0.515610 0.907511
v -0.607648 0.510963 0.907511
v -0.615094 0.505844 0.907511
v -0.622435 0.500287 0.907511
v -0.629596 0.494327 0.907511
v -0.636500 0.488000 0.907511
v -0.683500 0.565000 0.907511
v -0.674310 0.573376 0.907511
v -0.665227 0.581005 0.907511
v -0.656234 0.587891 0.907511
v -0.647315 0.594037 0.907511
v -0.638451 0.599447 0.907511
v -0.629625 0.604125 0.907511
v -0.620820 0.608073 0.907511
v -0.612018 0.611296 0.907511
v -0.603203 0.613797 0.907511
v -0.594356 0.615579 0.907511
v -0.585461 0.616645 0.907511
v -0.576500 0.617000 0.907511
v -0.565979 0.616305 0.907511
v -0.555412 0.614190 0.907511
v -0.544797 0.610609 0.907511
v -0.534130 0.605518 0.907511
v -0.523407 0.598872 0.907511
v -0.512625 0.590625 0.907511
v -0.501781 0.580732 0.907511
v -0.490870 0.569148 0.907511
v -0.479891 0.555828 0.907511
v -0.468838 0.540727 0.907511
v -0.457709 0.523799 0.907511
v -0.446500 0.505000 0.907511
v -0.444500 0.505000 0.907511
v -0.444500 0.608000 0.907511
v -0.270500 0.239000 0.907511
v -0.265546 0.235377 0.907511
v -0.260699 0.232014 0.907511
v -0.255984 0.228922 0.907511
v -0.251426 0.226111 0.907511
v -0.247048 0.223592 0.907511
v -0.242875 0.221375 0.907511
v -0.238931 0.219470 0.907511
v -0.235241 0.217889 0.907511
v -0.231828 0.216641 0.907511
v -0.228718 0.215736 0.907511
v -0.225933 0.215186 0.907511
v -0.223500 0.215000 0.907511
v -0.220855 0.215128 0.907511
v -0.218421 0.215523 0.907511
v -0.216203 0.216203 0.907511
v -0.214204 0.217185 0.907511
v -0.212426 0.218487 0.907511
v -0.210875 0.220125 0.907511
v -0.209553 0.222117 0.907511
v -0.208463 0.224481 0.907511
v -0.207609 0.227234 0.907511
v -0.206995 0.230393 0.907511
v -0.206624 0.233976 0.907511
v -0.206500 0.238000 0.907511
v -0.206500 0.469000 0.907511
v -0.205031 0.493339 0.907511
v -0.200745 0.515380 0.907511
v -0.193828 0.535156 0.907511
v -0.184463 0.552704 0.907511
v -0.172834 0.568057 0.907511
v -0.159125 0.581250 0.907511
v -0.143520 0.592318 0.907511
v -0.126204 0.601296 0.907511
v -0.107359 0.608219 0.907511
v -0.087171 0.613120 0.907511
v -0.065823 0.616036 0.907511
v -0.043500 0.617000 0.907511
v -0.027582 0.616583 0.907511
v -0.012324 0.615329 0.907511
v 0.002281 0.613234 0.907511
v 0.016241 0.610296 0.907511
v 0.029561 0.606511 0.907511
v 0.042250 0.601875 0.907511
v 0.054314 0.596385 0.907511
v 0.065759 0.590037 0.907511
v 0.076594 0.582828 0.907511
v 0.086824 0.574755 0.907511
v 0.096457 0.565813 0.907511
v 0.105500 0.556000 0.907511
v 0.105500 0.459000 0.907511
v 0.094609 0.471170 0.907511
v 0.083454 0.482190 0.907511
v 0.072063 0.492078 0.907511
v 0.060463 0.500852 0.907511
v 0.048683 0.508528 0.907511
v 0.036750 0.515125 0.907511
v 0.024692 0.520659 0.907511
v 0.012537 0.525148 0.907511
v 0.000313 0.528609 0.907511
v -0.011954 0.531060 0.907511
v -0.024234 0.532518 0.907511
v -0.036500 0.533000 0.907511
v -0.049437 0.532515 0.907511
v -0.061250 0.531037 0.907511
v -0.071937 0.528531 0.907511
v -0.081500 0.524963 0.907511
v -0.089937 0.520297 0.907511
v -0.097250 0.514500 0.907511
v -0.103437 0.507536 0.907511
v -0.108500 0.499370 0.907511
v -0.112437 0.489969 0.907511
v -0.115250 0.479296 0.907511
v -0.116937 0.467318 0.907511
v -0.117500 0.454000 0.907511
v -0.117500 0.430000 0.907511
v -0.038500 0.402000 0.907511
v -0.020364 0.395444 0.907511
v -0.002167 0.388634 0.907511
v 0.015781 0.381359 0.907511
v 0.033167 0.373407 0.907511
v 0.049677 0.364567 0.907511
v 0.065000 0.354625 0.907511
v 0.078823 0.343371 0.907511
v 0.090833 0.330593 0.907511
v 0.100719 0.316078 0.907511
v 0.108167 0.299616 0.907511
v 0.112865 0.280994 0.907511
v 0.114500 0.260000 0.907511
v 0.113596 0.245652 0.907511
v 0.110935 0.231713 0.907511
v 0.106594 0.218344 0.907511
v 0.100648 0.205704 0.907511
v 0.093175 0.193952 0.907511
v 0.084250 0.183250 0.907511
v 0.073950 0.173756 0.907511
v 0.062352 0.165630 0.907511
v 0.049531 0.159031 0.907511
v 0.035565 0.154120 0.907511
v 0.020529 0.151057 0.907511
v 0.004500 0.150000 0.907511
v -0.005749 0.150313 0.907511
v -0.015991 0.151255 0.907511
v -0.026219 0.152828 0.907511
v -0.036426 0.155037 0.907511
v -0.046605 0.157885 0.907511
v -0.056750 0.161375 0.907511
v -0.066853 0.165511 0.907511
v -0.076907 0.170296 0.907511
v -0.086906 0.175734 0.907511
v -0.096842 0.181829 0.907511
v -0.106709 0.188583 0.907511
v -0.116500 0.196000 0.907511
v -0.118774 0.188373 0.907511
v -0.121606 0.181481 0.907511
v -0.125015 0.175312 0.907511
v -0.129018 0.169852 0.907511
v -0.133632 0.165086 0.907511
v -0.138875 0.161000 0.907511
v -0.144763 0.157581 0.907511
v -0.151315 0.154815 0.907511
v -0.158547 0.152687 0.907511
v -0.166477 0.151185 0.907511
v -0.175122 0.150294 0.907511
v -0.184500 0.150000 0.907511
v -0.191291 0.150173 0.907511
v -0.197745 0.150718 0.907511
v -0.203984 0.151672 0.907511
v -0.210130 0.153074 0.907511
v -0.216303 0.154962 0.907511
v -0.222625 0.157375 0.907511
v -0.229218 0.160350 0.907511
v -0.236204 0.163926 0.907511
v -0.243703 0.168141 0.907511
v -0.251838 0.173032 0.907511
v -0.260730 0.178639 0.907511
v -0.270500 0.185000 0.907511
v -0.117500 0.250000 0.907511
v -0.111458 0.244440 0.907511
v -0.105333 0.239273 0.907511
v -0.099125 0.234516 0.907511
v -0.092833 0.230185 0.907511
v -0.086458 0.226299 0.907511
v -0.080000 0.222875 0.907511
v -0.073458 0.219930 0.907511
v -0.066833 0.217481 0.907511
v -0.060125 0.215547 0.907511
v -0.053333 0.214143 0.907511
v -0.046458 0.213289 0.907511
v -0.039500 0.213000 0.907511
v -0.030468 0.213533 0.907511
v -0.021912 0.215097 0.907511
v -0.013891 0.217641 0.907511
v -0.006463 0.221111 0.907511
v 0.000312 0.225457 0.907511
v 0.006375 0.230625 0.907511
v 0.011667 0.236564 0.907511
v 0.016130 0.243222 0.907511
v 0.019703 0.250547 0.907511
v 0.022329 0.258486 0.907511
v 0.023947 0.266988 0.907511
v 0.024500 0.276000 0.907511
v 0.023158 0.288703 0.907511
v 0.019259 0.300375 0.907511
v 0.013000 0.311109 0.907511
v 0.004574 0.321000 0.907511
v -0.005824 0.330141 0.907511
v -0.018000 0.338625 0.907511
v -0.031759 0.346547 0.907511
v -0.046907 0.354000 0.907511
v -0.063250 0.361078 0.907511
v -0.080592 0.367875 0.907511
v -0.098741 0.374484 0.907511
v -0.117500 0.381000 0.907511
v 0.181500 0.289000 0.907511
v 0.194482 0.280795 0.907511
v 0.207435 0.273194 0.907511
v 0.220375 0.266219 0.907511
v 0.233315 0.259889 0.907511
v 0.246269 0.254226 0.907511
v 0.259250 0.249250 0.907511
v 0.272273 0.244983 0.907511
v 0.285352 0.241444 0.907511
v 0.298500 0.238656 0.907511
v 0.311732 0.236639 0.907511
v 0.325060 0.235413 0.907511
v 0.338500 0.235000 0.907511
v 0.359270 0.235957 0.907511
v 0.378574 0.238819 0.907511
v 0.396406 0.243578 0.907511
v 0.412759 0.250222 0.907511
v 0.427626 0.258741 0.907511
v 0.441000 0.269125 0.907511
v 0.452874 0.281363 0.907511
v 0.463241 0.295444 0.907511
v 0.472094 0.311359 0.907511
v 0.479426 0.329097 0.907511
v 0.485230 0.348647 0.907511
v 0.489500 0.370000 0.907511
v 0.173500 0.370000 0.907511
v 0.175064 0.409731 0.907511
v 0.179681 0.445935 0.907511
v 0.187235 0.478625 0.907511
v 0.197611 0.507815 0.907511
v 0.210696 0.533518 0.907511
v 0.226375 0.555750 0.907511
v 0.244533 0.574523 0.907511
v 0.265056 0.589852 0.907511
v 0.287828 0.601750 0.907511
v 0.312736 0.610232 0.907511
v 0.339665 0.615310 0.907511
v 0.368500 0.617000 0.907511
v 0.398681 0.615111 0.907511
v 0.427111 0.609556 0.907511
v 0.453625 0.600500 0.907511
v 0.478056 0.588111 0.907511
v 0.500236 0.572556 0.907511
v 0.520000 0.554000 0.907511
v 0.537181 0.532611 0.907511
v 0.551611 0.508556 0.907511
v 0.563125 0.482000 0.907511
v 0.571556 0.453111 0.907511
v 0.576736 0.422056 0.907511
v 0.578500 0.389000 0.907511
v 0.576884 0.358249 0.907511
v 0.572074 0.328241 0.907511
v 0.564125 0.299344 0.907511
v 0.553093 0.271926 0.907511
v 0.539033 0.246355 0.907511
v 0.522000 0.223000 0.907511
v 0.502051 0.202228 0.907511
v 0.479241 0.184407 0.907511
v 0.453625 0.169906 0.907511
v 0.425259 0.159093 0.907511
v 0.394199 0.152334 0.907511
v 0.360500 0.150000 0.907511
v 0.342044 0.150355 0.907511
v 0.324602 0.151426 0.907511
v 0.308063 0.153219 0.907511
v 0.292315 0.155741 0.907511
v 0.277248 0.158999 0.907511
v 0.262750 0.163000 0.907511
v 0.248711 0.167751 0.907511
v 0.235019 0.173259 0.907511
v 0.221563 0.179531 0.907511
v 0.208232 0.186574 0.907511
v 0.194914 0.194395 0.907511
v 0.181500 0.203000 0.907511
v 0.487500 0.429000 0.907511
v 0.483897 0.446099 0.907511
v 0.479093 0.461875 0.907511
v 0.473094 0.476297 0.907511
v 0.465908 0.489333 0.907511
v 0.457541 0.500953 0.907511
v 0.448000 0.511125 0.907511
v 0.437293 0.519818 0.907511
v 0.425426 0.527000 0.907511
v 0.412406 0.532641 0.907511
v 0.398241 0.536708 0.907511
v 0.382936 0.539172 0.907511
v 0.366500 0.540000 0.907511
v 0.351257 0.539115 0.907511
v 0.337056 0.536500 0.907511
v 0.323938 0.532219 0.907511
v 0.311945 0.526333 0.907511
v 0.301118 0.518906 0.907511
v 0.291500 0.510000 0.907511
v 0.283132 0.499677 0.907511
v 0.276056 0.488000 0.907511
v 0.270313 0.475031 0.907511
v 0.265945 0.460833 0.907511
v 0.262993 0.445469 0.907511
v 0.261500 0.429000 0.907511
v 0.684500 0.841000 0.907511
v 0.773500 0.841000 0.907511
v 0.773500 0.159000 0.907511
v 0.684500 0.159000 0.907511
v 0.890500 0.794000 0.907511
v 0.913304 0.803295 0.907511
v 0.935264 0.811690 0.907511
v 0.956453 0.819203 0.907511
v 0.976945 0.825852 0.907511
v 0.996811 0.831653 0.907511
v 1.016125 0.836625 0.907511
v 1.034960 0.840784 0.907511
v 1.053389 0.844148 0.907511
v 1.071485 0.846734 0.907511
v 1.089320 0.848560 0.907511
v 1.106967 0.849643 0.907511
v 1.124500 0.850000 0.907511
v 1.177444 0.846889 0.907511
v 1.227551 0.837778 0.907511
v 1.274485 0.823000 0.907511
v 1.317908 0.802889 0.907511
v 1.357483 0.777778 0.907511
v 1.392875 0.748000 0.907511
v 1.423746 0.713889 0.907511
v 1.449759 0.675778 0.907511
v 1.470578 0.634000 0.907511
v 1.485866 0.588889 0.907511
v 1.495286 0.540778 0.907511
v 1.498500 0.490000 0.907511
v 1.496148 0.453270 0.907511
v 1.489019 0.415162 0.907511
v 1.477000 0.376547 0.907511
v 1.459982 0.338296 0.907511
v 1.437852 0.301282 0.907511
v 1.410500 0.266375 0.907511
v 1.377815 0.234447 0.907511
v 1.339685 0.206370 0.907511
v 1.296000 0.183016 0.907511
v 1.246648 0.165255 0.907511
v 1.191519 0.153959 0.907511
v 1.130500 0.150000 0.907511
v 1.104442 0.150512 0.907511
v 1.079704 0.152014 0.907511
v 1.056188 0.154453 0.907511
v 1.033797 0.157778 0.907511
v 1.012433 0.161936 0.907511
v 0.992000 0.166875 0.907511
v 0.972401 0.172543 0.907511
v 0.953537 0.178889 0.907511
v 0.935313 0.185859 0.907511
v 0.917630 0.193403 0.907511
v 0.900391 0.201467 0.907511
v 0.883500 0.210000 0.907511
v 0.883500 0.317000 0.907511
v 0.902888 0.304981 0.907511
v 0.922519 0.293935 0.907511
v 0.942344 0.283875 0.907511
v 0.962315 0.274815 0.907511
v 0.982383 0.266768 0.907511
v 1.002500 0.259750 0.907511
v 1.022617 0.253773 0.907511
v 1.042685 0.248852 0.907511
v 1.062657 0.245000 0.907511
v 1.082482 0.242231 0.907511
v 1.102113 0.240560 0.907511
v 1.121500 0.240000 0.907511
v 1.161382 0.242174 0.907511
v 1.198889 0.248560 0.907511
v 1.233813 0.258953 0.907511
v 1.265945 0.273148 0.907511
v 1.295076 0.290940 0.907511
v 1.321000 0.312125 0.907511
v 1.343507 0.336497 0.907511
v 1.362389 0.363852 0.907511
v 1.377438 0.393984 0.907511
v 1.388445 0.426690 0.907511
v 1.395201 0.461763 0.907511
v 1.397500 0.499000 0.907511
v 1.395127 0.535646 0.907511
v 1.388185 0.570417 0.907511
v 1.376938 0.603062 0.907511
v 1.361648 0.633333 0.907511
v 1.342581 0.660979 0.907511
v 1.320000 0.685750 0.907511
v 1.294169 0.707396 0.907511
v 1.265352 0.725667 0.907511
v 1.233813 0.740312 0.907511
v 1.199815 0.751083 0.907511
v 1.163623 0.757729 0.907511
v 1.125500 0.760000 0.907511
v 1.105885 0.759539 0.907511
v 1.086496 0.758144 0.907511
v 1.067266 0.755797 0.907511
v 1.048130 0.752482 0.907511
v 1.029022 0.748180 0.907511
v 1.009875 0.742875 0.907511
v 0.990625 0.736549 0.907511
v 0.971204 0.729185 0.907511
v 0.951547 0.720766 0.907511
v 0.931588 0.711273 0.907511
v 0.911261 0.700691 0.907511
v 0.890500 0.689000 0.907511
vn 0.7071 -0.7071 -0.0078
vn -0.7069 -0.7069 -0.0234
vn 0.7071 0.7071 -0.0078
vn -0.7071 0.7071 -0.0078
vn -0.7071 -0.7071 -0.0078
vn -0.7069 0.7069 -0.0234
vn 0.1190 0.9928 -0.0106
vn -0.0408 0.9991 -0.0109
vn 0.0192 0.9998 -0.0107
vn -0.0816 0.9966 -0.0109
vn -0.1217 0.9925 -0.0109
vn 0.2401 0.9707 -0.0106
vn -0.1605 0.9870 -0.0109
vn -0.1976 0.9802 -0.0109
vn -0.2325 0.9725 -0.0109
vn 0.3610 0.9325 -0.0106
vn -0.2648 0.9642 -0.0109
vn -0.2945 0.9556 -0.0109
vn -0.3214 0.9469 -0.0109
vn 0.4790 0.8777 -0.0106
vn -0.3456 0.9383 -0.0109
vn -0.3673 0.9301 -0.0109
vn -0.8299 0.5579 -0.0083
vn 0.5911 0.8065 -0.0106
vn 0.0965 -0.9953 -0.0112
vn 0.1460 -0.9892 -0.0112
vn 0.1952 -0.9807 -0.0112
vn 0.2434 -0.9699 -0.0112
vn 0.2897 -0.9571 -0.0112
vn 0.3334 -0.9427 -0.0112
vn 0.3742 -0.9273 -0.0112
vn 0.4117 -0.9113 -0.0112
vn 0.4457 -0.8951 -0.0111
vn 0.4763 -0.8792 -0.0111
vn -0.5047 -0.8633 -0.0074
vn 0.6942 0.7197 -0.0106
vn -0.0180 -0.9998 -0.0113
vn 0.0477 -0.9988 -0.0112
vn -0.1203 -0.9927 -0.0115
vn -0.2418 -0.9703 -0.0115
vn -0.3623 -0.9320 -0.0115
vn 0.7855 0.6188 -0.0106
vn -0.4793 -0.8776 -0.0115
vn -0.5901 -0.8072 -0.0115
vn 0.8624 0.5060 -0.0106
vn -0.6922 -0.7216 -0.0115
vn -0.7829 -0.6221 -0.0115
vn 0.9231 0.3843 -0.0106
vn -0.8598 -0.5104 -0.0115
vn 0.9663 0.2571 -0.0106
vn -0.9211 -0.3892 -0.0115
vn -0.9652 -0.2613 -0.0115
vn 0.9917 0.1279 -0.0106
vn -0.9914 -0.1305 -0.0115
vn 0.9999 -0.0004 -0.0106
vn -0.9999 -0.0015 -0.0115
vn -0.9920 0.1256 -0.0115
vn 0.9922 -0.1241 -0.0106
vn -0.9670 0.2546 -0.0115
vn 0.9705 -0.2409 -0.0106
vn -0.9234 0.3838 -0.0115
vn 0.9358 -0.3524 -0.0106
vn -0.8609 0.5087 -0.0115
vn 0.8875 -0.4606 -0.0106
vn -0.7807 0.6248 -0.0115
vn 0.8243 -0.5661 -0.0106
vn -0.6854 0.7281 -0.0115
vn 0.5087 0.8609 -0.0112
vn -0.8517 -0.5240 -0.0084
vn -0.4864 0.8737 -0.0073
vn -0.5783 0.8157 -0.0115
vn 0.4715 0.8818 -0.0112
vn 0.7445 -0.6675 -0.0106
vn 0.4329 0.9014 -0.0112
vn -0.4636 0.8859 -0.0115
vn 0.3927 0.9196 -0.0112
vn 0.3509 0.9364 -0.0112
vn -0.3453 0.9384 -0.0115
vn 0.3072 0.9516 -0.0112
vn 0.6474 -0.7621 -0.0106
vn 0.2615 0.9651 -0.0112
vn -0.2269 0.9738 -0.0115
vn 0.2138 0.9768 -0.0112
vn 0.1639 0.9864 -0.0112
vn -0.1113 0.9937 -0.0114
vn 0.1116 0.9937 -0.0112
vn 0.0569 0.9983 -0.0112
vn -0.0128 0.9999 -0.0113
vn 0.5335 -0.8457 -0.0105
vn -0.4373 -0.8992 -0.0109
vn 0.4061 -0.9138 -0.0105
vn -0.4081 -0.9129 -0.0109
vn -0.3749 -0.9270 -0.0109
vn -0.3381 -0.9411 -0.0109
vn 0.2704 -0.9627 -0.0105
vn -0.2984 -0.9544 -0.0109
vn -0.2564 -0.9665 -0.0109
vn -0.2130 -0.9770 -0.0109
vn 0.1330 -0.9911 -0.0106
vn -0.1690 -0.9856 -0.0109
vn -0.1250 -0.9921 -0.0109
vn -0.0819 -0.9966 -0.0109
vn 0.0226 -0.9997 -0.0107
vn -0.0401 -0.9991 -0.0109
vn 0.8345 -0.5510 -0.0074
vn -0.5448 0.8385 -0.0083
vn 0.5510 0.8345 -0.0083
vn -0.0136 -0.9987 -0.0486
vn -0.8385 -0.5448 -0.0074
vn -0.8307 0.5557 -0.0322
vn 0.8382 0.5443 -0.0330
vn -0.5506 -0.8345 -0.0181
vn 0.5419 -0.8402 -0.0179
vn -0.5507 -0.8346 -0.0083
vn 0.5420 -0.8403 -0.0083
vn -0.0252 0.9996 -0.0108
vn -0.1053 0.9944 -0.0106
vn -0.2200 0.9754 -0.0106
vn -0.3426 0.9394 -0.0106
vn -0.4688 0.8833 -0.0105
vn -0.5921 0.8058 -0.0105
vn -0.7055 0.7086 -0.0105
vn -0.8029 0.5960 -0.0105
vn 0.0260 -0.9996 -0.0112
vn -0.8804 0.4741 -0.0105
vn 0.1098 -0.9939 -0.0114
vn 0.2314 -0.9728 -0.0115
vn 0.3628 -0.9318 -0.0116
vn -0.9369 0.3494 -0.0106
vn 0.4975 -0.8674 -0.0116
vn 0.6264 -0.7794 -0.0116
vn 0.7404 -0.6720 -0.0116
vn -0.9739 0.2269 -0.0106
vn 0.8333 -0.5528 -0.0116
vn 0.9028 -0.4300 -0.0115
vn 0.9505 -0.3106 -0.0115
vn -0.9938 0.1102 -0.0106
vn 0.9800 -0.1986 -0.0114
vn 0.9954 -0.0956 -0.0114
vn -0.9999 -0.0019 -0.0106
vn 0.9999 0.0063 -0.0114
vn 0.9924 0.1222 -0.0115
vn -0.9929 -0.1183 -0.0106
vn 0.9675 0.2525 -0.0115
vn -0.9698 -0.2437 -0.0106
vn 0.9218 0.3876 -0.0116
vn 0.8536 0.5208 -0.0116
vn -0.9272 -0.3743 -0.0105
vn 0.7644 0.6446 -0.0116
vn 0.6588 0.7523 -0.0116
vn -0.8631 -0.5049 -0.0105
vn 0.5430 0.8396 -0.0115
vn 0.4241 0.9055 -0.0115
vn 0.3075 0.9515 -0.0115
vn 0.1970 0.9803 -0.0114
vn -0.7774 -0.6289 -0.0105
vn 0.0946 0.9955 -0.0114
vn 0.0228 0.9997 -0.0112
vn -0.6734 -0.7392 -0.0105
vn -0.5567 -0.8306 -0.0105
vn -0.4347 -0.9005 -0.0106
vn -0.3142 -0.9493 -0.0106
vn -0.2000 -0.9797 -0.0106
vn -0.0952 -0.9954 -0.0107
vn -0.0227 -0.9997 -0.0109
vn 0.0992 0.9950 -0.0107
vn -0.0512 0.9986 -0.0108
vn 0.0113 0.9999 -0.0108
vn -0.1022 0.9947 -0.0108
vn -0.1527 0.9882 -0.0108
vn 0.2047 0.9788 -0.0106
vn -0.2025 0.9792 -0.0108
vn -0.2515 0.9678 -0.0108
vn 0.3162 0.9486 -0.0106
vn -0.2993 0.9541 -0.0108
vn -0.3458 0.9382 -0.0109
vn 0.4315 0.9021 -0.0106
vn -0.3909 0.9204 -0.0109
vn -0.4344 0.9007 -0.0109
vn 0.5474 0.8368 -0.0106
vn -0.4762 0.8793 -0.0109
vn -0.5163 0.8563 -0.0109
vn 0.6592 0.7519 -0.0105
vn -0.8763 0.4817 -0.0085
vn 0.2478 -0.9687 -0.0113
vn 0.3113 -0.9502 -0.0113
vn 0.3738 -0.9274 -0.0113
vn 0.4344 -0.9006 -0.0113
vn 0.4924 -0.8703 -0.0113
vn 0.5472 -0.8370 -0.0112
vn 0.5981 -0.8013 -0.0112
vn 0.6451 -0.7640 -0.0112
vn -0.4078 -0.9130 -0.0072
vn 0.7615 0.6481 -0.0105
vn 0.1212 -0.9926 -0.0112
vn 0.1841 -0.9828 -0.0113
vn 0.8490 0.5283 -0.0105
vn -0.0072 -0.9999 -0.0113
vn 0.0598 -0.9981 -0.0112
vn 0.9175 0.3977 -0.0105
vn -0.0900 -0.9959 -0.0114
vn -0.1841 -0.9828 -0.0114
vn -0.2828 -0.9591 -0.0114
vn -0.3856 -0.9226 -0.0114
vn -0.4915 -0.8708 -0.0115
vn -0.5985 -0.8010 -0.0115
vn 0.9649 0.2624 -0.0106
vn -0.7033 -0.7108 -0.0116
vn -0.8007 -0.5990 -0.0116
vn -0.8844 -0.4665 -0.0116
vn 0.9917 0.1285 -0.0106
vn -0.9482 -0.3175 -0.0116
vn -0.9872 -0.1593 -0.0116
vn 0.9993 -0.0352 -0.0104
vn -0.9984 0.0556 -0.0121
vn -0.9313 0.3641 -0.0125
vn 0.9638 -0.2666 -0.0102
vn -0.7737 0.6334 -0.0120
vn -0.6273 0.7787 -0.0116
vn 0.8648 -0.5021 -0.0103
vn -0.5366 0.8437 -0.0113
vn 0.7421 -0.6702 -0.0104
vn -0.5005 0.8657 -0.0111
vn -0.5106 0.8598 -0.0109
vn 0.6354 -0.7721 -0.0106
vn -0.5616 0.8273 -0.0107
vn 0.5624 -0.8268 -0.0108
vn -0.6500 0.7598 -0.0106
vn 0.5272 -0.8497 -0.0110
vn -0.7661 0.6427 -0.0104
vn 0.5308 -0.8474 -0.0111
vn -0.8854 0.4647 -0.0103
vn 0.5763 -0.8171 -0.0113
vn 0.6689 -0.7432 -0.0116
vn -0.9712 0.2381 -0.0102
vn 0.8047 -0.5936 -0.0120
vn 0.9417 -0.3362 -0.0124
vn -0.9996 0.0262 -0.0104
vn 0.9987 -0.0497 -0.0120
vn 0.8896 -0.4566 -0.0086
vn -0.7500 0.6614 -0.0112
vn 0.3393 0.9406 -0.0072
vn -0.9917 -0.1282 -0.0106
vn 0.9890 0.1473 -0.0116
vn -0.7073 0.7068 -0.0112
vn 0.9584 0.2853 -0.0115
vn -0.9663 -0.2574 -0.0106
vn -0.6595 0.7516 -0.0113
vn 0.9104 0.4135 -0.0115
vn -0.6062 0.7952 -0.0113
vn 0.8466 0.5321 -0.0115
vn 0.7680 0.6404 -0.0115
vn -0.9231 -0.3844 -0.0106
vn -0.5472 0.8369 -0.0113
vn 0.6758 0.7370 -0.0115
vn -0.4825 0.8758 -0.0113
vn 0.5721 0.8201 -0.0115
vn -0.4122 0.9110 -0.0113
vn -0.8626 -0.5058 -0.0106
vn 0.4598 0.8880 -0.0115
vn -0.3366 0.9416 -0.0113
vn 0.3427 0.9394 -0.0115
vn -0.2566 0.9665 -0.0113
vn 0.2246 0.9744 -0.0115
vn -0.1730 0.9849 -0.0113
vn 0.1096 0.9939 -0.0114
vn -0.0870 0.9961 -0.0113
vn -0.7860 -0.6182 -0.0106
vn 0.0048 0.9999 -0.0114
vn -0.6952 -0.7187 -0.0106
vn 0.5623 -0.8269 -0.0108
vn 0.5188 -0.8548 -0.0108
vn -0.5926 -0.8054 -0.0106
vn 0.4717 -0.8817 -0.0108
vn -0.4810 -0.8767 -0.0106
vn 0.4214 -0.9068 -0.0108
vn 0.3686 -0.9295 -0.0108
vn -0.3632 -0.9317 -0.0106
vn 0.3139 -0.9494 -0.0108
vn 0.2586 -0.9659 -0.0108
vn -0.2419 -0.9702 -0.0106
vn 0.2033 -0.9791 -0.0108
vn 0.1491 -0.9888 -0.0108
vn -0.1201 -0.9927 -0.0106
vn 0.0969 -0.9952 -0.0108
vn 0.0471 -0.9988 -0.0109
vn -0.0182 -0.9998 -0.0107
vn 0.0901 0.9959 -0.0107
vn -0.0475 0.9988 -0.0109
vn 0.0098 0.9999 -0.0108
vn -0.0944 0.9955 -0.0109
vn 0.1872 0.9823 -0.0107
vn -0.1405 0.9900 -0.0109
vn -0.1852 0.9826 -0.0109
vn 0.2921 0.9563 -0.0106
vn -0.2283 0.9735 -0.0109
vn -0.2694 0.9630 -0.0109
vn 0.4033 0.9150 -0.0106
vn -0.3084 0.9512 -0.0109
vn -0.3452 0.9385 -0.0109
vn 0.5184 0.8551 -0.0106
vn -0.3797 0.9250 -0.0109
vn -0.4119 0.9112 -0.0109
vn 0.6328 0.7742 -0.0105
vn -0.4417 0.8971 -0.0109
vn -0.8532 0.5215 -0.0084
vn 0.7405 0.6719 -0.0105
vn 0.2336 -0.9723 -0.0112
vn 0.2811 -0.9596 -0.0112
vn 0.3257 -0.9454 -0.0112
vn 0.3677 -0.9299 -0.0112
vn 0.4077 -0.9131 -0.0112
vn 0.4458 -0.8951 -0.0112
vn 0.4822 -0.8760 -0.0112
vn 0.5172 -0.8558 -0.0112
vn -0.4825 -0.8758 -0.0073
vn 0.8348 0.5505 -0.0105
vn 0.1270 -0.9918 -0.0112
vn 0.1825 -0.9831 -0.0112
vn 0.9096 0.4154 -0.0105
vn 0.0663 -0.9977 -0.0112
vn 0.9617 0.2739 -0.0105
vn -0.0822 -0.9965 -0.0113
vn -0.0027 -0.9999 -0.0113
vn -0.1700 -0.9854 -0.0114
vn -0.2641 -0.9644 -0.0114
vn -0.3644 -0.9312 -0.0114
vn -0.4699 -0.8827 -0.0115
vn -0.5786 -0.8155 -0.0115
vn 0.9910 0.1337 -0.0106
vn -0.6870 -0.7266 -0.0116
vn -0.7891 -0.6142 -0.0116
vn -0.8776 -0.4792 -0.0116
vn -0.9452 -0.3263 -0.0117
vn 0.9992 -0.0396 -0.0103
vn -0.9865 -0.1635 -0.0116
vn -0.9997 0.0217 -0.0118
vn -0.9718 0.2356 -0.0119
vn 0.9597 -0.2808 -0.0101
vn -0.9031 0.4292 -0.0117
vn -0.8221 0.5692 -0.0115
vn -0.7472 0.6645 -0.0114
vn -0.6850 0.7285 -0.0113
vn -0.6357 0.7718 -0.0112
vn 0.8571 -0.5151 -0.0103
vn -0.5974 0.8019 -0.0112
vn -0.5678 0.8231 -0.0111
vn -0.5449 0.8384 -0.0111
vn 0.7372 -0.6756 -0.0105
vn -0.5273 0.8496 -0.0111
vn -0.5138 0.8578 -0.0111
vn -0.5349 0.8448 -0.0108
vn 0.6341 -0.7732 -0.0106
vn -0.5728 0.8196 -0.0109
vn 0.5596 -0.8287 -0.0108
vn -0.5989 0.8008 -0.0109
vn -0.6319 0.7750 -0.0109
vn 0.5150 -0.8571 -0.0109
vn -0.6727 0.7398 -0.0108
vn 0.5002 -0.8658 -0.0110
vn -0.7213 0.6926 -0.0108
vn -0.7763 0.6302 -0.0107
vn 0.5189 -0.8548 -0.0112
vn -0.8348 0.5505 -0.0107
vn 0.5812 -0.8137 -0.0114
vn -0.8914 0.4532 -0.0106
vn -0.9398 0.3416 -0.0106
vn 0.7051 -0.7090 -0.0119
vn -0.9747 0.2232 -0.0106
vn 0.8896 -0.4565 -0.0127
vn -0.9942 0.1073 -0.0106
vn 0.9954 -0.0948 -0.0124
vn -0.9999 -0.0079 -0.0106
vn 0.8507 -0.5255 -0.0084
vn -0.5388 0.8424 -0.0111
vn 0.4724 0.8813 -0.0073
vn -0.9906 -0.1363 -0.0106
vn 0.9867 0.1622 -0.0116
vn -0.5082 0.8612 -0.0111
vn 0.9452 0.3262 -0.0117
vn -0.4757 0.8795 -0.0112
vn 0.8764 0.4814 -0.0116
vn -0.9615 -0.2746 -0.0105
vn -0.4410 0.8974 -0.0112
vn 0.7867 0.6173 -0.0116
vn -0.4036 0.9149 -0.0112
vn 0.6849 0.7285 -0.0116
vn -0.3630 0.9317 -0.0112
vn 0.5797 0.8147 -0.0115
vn -0.9120 -0.4102 -0.0105
vn -0.3185 0.9479 -0.0112
vn 0.4771 0.8788 -0.0114
vn 0.3801 0.9249 -0.0114
vn -0.2692 0.9630 -0.0112
vn 0.2900 0.9570 -0.0113
vn -0.2141 0.9768 -0.0112
vn 0.2065 0.9784 -0.0113
vn -0.1518 0.9883 -0.0113
vn 0.1289 0.9916 -0.0113
vn -0.0806 0.9967 -0.0113
vn 0.0245 0.9996 -0.0115
vn -0.8431 -0.5376 -0.0105
vn -0.7578 -0.6524 -0.0105
vn -0.6598 -0.7514 -0.0106
vn 0.4343 -0.9007 -0.0109
vn -0.5531 -0.8330 -0.0106
vn 0.4056 -0.9140 -0.0109
vn 0.3728 -0.9278 -0.0109
vn -0.4417 -0.8971 -0.0106
vn 0.3360 -0.9418 -0.0109
vn 0.2957 -0.9552 -0.0109
vn -0.3287 -0.9444 -0.0106
vn 0.2526 -0.9675 -0.0109
vn -0.2164 -0.9762 -0.0106
vn 0.2078 -0.9781 -0.0109
vn 0.1625 -0.9867 -0.0109
vn -0.1065 -0.9943 -0.0107
vn 0.1179 -0.9930 -0.0109
vn 0.0754 -0.9971 -0.0109
vn -0.0175 -0.9998 -0.0108
vn 0.0361 -0.9993 -0.0109
vn -0.4826 -0.8758 -0.0073
vn -0.9718 0.2355 -0.0119
vn -0.8221 0.5693 -0.0115
vn -0.6850 0.7284 -0.0113
vn 0.5149 -0.8572 -0.0109
vn 0.6850 0.7285 -0.0116
vn 0.1274 0.9918 -0.0106
vn -0.1222 0.9925 -0.0106
vn 0.0020 0.9999 -0.0106
vn -0.2545 0.9670 -0.0105
vn 0.2581 0.9661 -0.0106
vn -0.3938 0.9191 -0.0105
vn 0.3887 0.9213 -0.0106
vn -0.5324 0.8464 -0.0105
vn 0.5145 0.8574 -0.0105
vn -0.6607 0.7506 -0.0105
vn 0.6309 0.7758 -0.0105
vn -0.7703 0.6376 -0.0105
vn 0.7338 0.6793 -0.0106
vn -0.8563 0.5163 -0.0105
vn 0.8204 0.5716 -0.0106
vn 0.0038 -0.9999 -0.0114
vn -0.1048 -0.9944 -0.0114
vn 0.1198 -0.9927 -0.0115
vn -0.2178 -0.9759 -0.0115
vn 0.2462 -0.9692 -0.0115
vn -0.3374 -0.9413 -0.0115
vn 0.3763 -0.9264 -0.0115
vn -0.9186 0.3951 -0.0106
vn -0.4587 -0.8885 -0.0115
vn 0.8894 0.4571 -0.0106
vn 0.5044 -0.8634 -0.0116
vn -0.5754 -0.8178 -0.0115
vn 0.6242 -0.7812 -0.0116
vn -0.6814 -0.7319 -0.0115
vn 0.7299 -0.6834 -0.0115
vn -0.7720 -0.6355 -0.0115
vn 0.8179 -0.5753 -0.0115
vn 0.9405 0.3396 -0.0106
vn -0.9598 0.2805 -0.0106
vn -0.8451 -0.5345 -0.0115
vn 0.8866 -0.4625 -0.0115
vn -0.9008 -0.4340 -0.0114
vn 0.9367 -0.3501 -0.0115
vn 0.9748 0.2227 -0.0106
vn -0.9843 0.1760 -0.0107
vn -0.9411 -0.3381 -0.0114
vn 0.9703 -0.2417 -0.0114
vn -0.9684 -0.2490 -0.0113
vn 0.9901 -0.1396 -0.0114
vn 0.9940 0.1091 -0.0106
vn -0.7763 0.6298 -0.0274
vn -0.9965 0.0830 -0.0107
vn 0.7381 0.6742 -0.0250
vn 0.9999 0.0004 -0.0107
vn -0.7209 -0.6930 -0.0078
vn 0.9944 -0.1055 -0.0107
vn -0.7730 -0.6338 -0.0272
vn -0.9706 0.2406 -0.0114
vn 0.9772 -0.2121 -0.0107
vn -0.9426 0.3338 -0.0114
vn -0.9005 0.4348 -0.0114
vn 0.9474 -0.3198 -0.0106
vn -0.8412 0.5406 -0.0115
vn 0.9036 -0.4283 -0.0106
vn -0.7632 0.6461 -0.0115
vn 0.5202 0.8540 -0.0111
vn -0.8774 -0.4796 -0.0086
vn -0.4825 0.8758 -0.0073
vn -0.6671 0.7449 -0.0115
vn 0.4903 0.8715 -0.0111
vn 0.4570 0.8894 -0.0112
vn 0.8438 -0.5366 -0.0106
vn -0.5566 0.8307 -0.0115
vn 0.4201 0.9074 -0.0112
vn 0.3793 0.9252 -0.0112
vn -0.4378 0.8990 -0.0115
vn 0.3347 0.9423 -0.0112
vn -0.3177 0.9481 -0.0115
vn 0.2864 0.9581 -0.0112
vn 0.7663 -0.6424 -0.0106
vn 0.2344 0.9721 -0.0112
vn -0.2026 0.9792 -0.0114
vn 0.1791 0.9838 -0.0112
vn -0.0965 0.9953 -0.0114
vn 0.1212 0.9926 -0.0112
vn 0.0612 0.9981 -0.0112
vn -0.0076 0.9999 -0.0113
vn 0.6701 -0.7422 -0.0105
vn -0.5232 -0.8521 -0.0109
vn 0.5556 -0.8314 -0.0105
vn -0.4869 -0.8734 -0.0109
vn -0.4449 -0.8955 -0.0108
vn 0.4256 -0.9048 -0.0105
vn -0.3980 -0.9173 -0.0108
vn -0.3470 -0.9378 -0.0108
vn 0.2852 -0.9584 -0.0105
vn -0.2934 -0.9559 -0.0108
vn -0.2388 -0.9710 -0.0108
vn 0.1412 -0.9899 -0.0105
vn -0.1848 -0.9827 -0.0108
vn -0.1330 -0.9911 -0.0108
vn -0.0846 -0.9964 -0.0109
vn 0.0250 -0.9996 -0.0107
vn -0.0403 -0.9991 -0.0109
vn 0.1314 0.9913 -0.0106
vn -0.0793 0.9968 -0.0107
vn 0.0132 0.9999 -0.0107
vn -0.1583 0.9873 -0.0107
vn 0.2585 0.9660 -0.0106
vn -0.2354 0.9718 -0.0108
vn 0.3758 0.9266 -0.0106
vn -0.3086 0.9511 -0.0108
vn -0.3767 0.9263 -0.0108
vn 0.4795 0.8775 -0.0106
vn -0.4390 0.8984 -0.0108
vn 0.5678 0.8231 -0.0107
vn -0.4949 0.8689 -0.0108
vn -0.5443 0.8388 -0.0108
vn 0.6413 0.7672 -0.0107
vn -0.5878 0.8089 -0.0108
vn 0.7014 0.7127 -0.0108
vn -0.6257 0.7800 -0.0109
vn -0.6585 0.7525 -0.0109
vn 0.7502 0.6612 -0.0108
vn -0.9899 0.1414 -0.0080
vn 0.7896 0.6136 -0.0108
vn 0.2985 -0.9543 -0.0113
vn 0.3626 -0.9319 -0.0112
vn 0.4170 -0.9088 -0.0112
vn 0.4647 -0.8854 -0.0112
vn 0.5076 -0.8615 -0.0112
vn 0.5474 -0.8368 -0.0112
vn 0.5851 -0.8108 -0.0112
vn 0.6218 -0.7831 -0.0112
vn 0.6578 -0.7531 -0.0112
vn -0.1401 -0.9901 -0.0076
vn 0.8215 0.5701 -0.0108
vn 0.1219 -0.9925 -0.0114
vn 0.2203 -0.9754 -0.0113
vn 0.8474 0.5308 -0.0109
vn -0.1651 -0.9862 -0.0116
vn -0.0082 -0.9999 -0.0116
vn -0.3230 -0.9463 -0.0116
vn -0.4666 -0.8844 -0.0116
vn 0.4939 0.8694 -0.0168
vn -0.5918 -0.8060 -0.0116
vn -0.6975 -0.7165 -0.0115
vn -0.9496 -0.3132 -0.0114
vn -0.9088 -0.4171 -0.0114
vn -0.8543 -0.5197 -0.0115
vn -0.7844 -0.6201 -0.0115
vn -0.9779 -0.2088 -0.0114
vn -0.9945 -0.1041 -0.0114
vn -0.9996 -0.0259 -0.0112
vn -0.3141 -0.9493 -0.0106
vn 0.2316 0.9727 -0.0102
vn -0.2316 0.9727 -0.0102
vn -0.0000 0.9999 -0.0103
vn 0.4609 0.8874 -0.0102
vn -0.4609 0.8874 -0.0102
vn 0.6545 0.7560 -0.0103
vn -0.6544 0.7561 -0.0103
vn 0.7932 0.6088 -0.0104
vn -0.7932 0.6088 -0.0104
vn 0.8819 0.4714 -0.0105
vn -0.8819 0.4714 -0.0105
vn 0.9348 0.3550 -0.0106
vn -0.9348 0.3550 -0.0106
vn 0.9654 0.2604 -0.0107
vn -0.9654 0.2604 -0.0107
vn 0.9827 0.1847 -0.0108
vn -0.9827 0.1847 -0.0108
vn 0.9923 0.1238 -0.0108
vn -0.9923 0.1238 -0.0108
vn 0.9972 0.0745 -0.0109
vn -0.9972 0.0745 -0.0109
vn 0.9994 0.0341 -0.0109
vn -0.9994 0.0341 -0.0109
vn 0.9999 0.0060 -0.0109
vn -0.9999 0.0060 -0.0110
vn 0.9999 -0.0079 -0.0110
vn -0.9999 -0.0079 -0.0110
vn 0.9998 -0.0162 -0.0110
vn -0.9998 -0.0162 -0.0110
vn 0.9996 -0.0251 -0.0110
vn -0.9996 -0.0251 -0.0110
vn 0.9993 -0.0347 -0.0110
vn -0.9993 -0.0347 -0.0110
vn 0.9989 -0.0449 -0.0110
vn -0.9989 -0.0449 -0.0110
vn 0.9984 -0.0560 -0.0110
vn -0.9984 -0.0560 -0.0110
vn 0.9976 -0.0680 -0.0110
vn -0.9976 -0.0680 -0.0110
vn 0.9967 -0.0809 -0.0110
vn -0.9967 -0.0809 -0.0110
vn 0.9954 -0.0952 -0.0110
vn -0.9954 -0.0952 -0.0110
vn 0.9938 -0.1108 -0.0110
vn -0.9938 -0.1107 -0.0110
vn 0.9917 -0.1278 -0.0110
vn -0.9917 -0.1278 -0.0110
vn 0.9900 -0.1403 -0.0110
vn -0.9900 -0.1403 -0.0110
vn 0.9897 -0.1429 -0.0110
vn -0.9897 -0.1429 -0.0110
vn 0.9885 -0.1507 -0.0110
vn -0.9885 -0.1507 -0.0110
vn 0.9852 -0.1713 -0.0109
vn -0.9852 -0.1713 -0.0109
vn 0.9799 -0.1993 -0.0109
vn -0.9799 -0.1993 -0.0109
vn 0.9714 -0.2370 -0.0109
vn -0.9714 -0.2370 -0.0109
vn 0.9575 -0.2881 -0.0108
vn -0.9575 -0.2881 -0.0108
vn 0.9340 -0.3570 -0.0107
vn -0.9341 -0.3569 -0.0107
vn 0.8933 -0.4493 -0.0106
vn -0.8934 -0.4492 -0.0106
vn 0.8220 -0.5694 -0.0105
vn -0.8219 -0.5695 -0.0105
vn 0.6999 -0.7142 -0.0103
vn -0.6998 -0.7142 -0.0103
vn 0.5099 -0.8602 -0.0102
vn -0.5098 -0.8602 -0.0102
vn 0.2623 -0.9649 -0.0101
vn -0.2623 -0.9649 -0.0101
vn -0.0000 -0.9999 -0.0102
vn 0.1349 0.9908 -0.0106
vn -0.1349 0.9908 -0.0106
vn -0.0000 0.9999 -0.0106
vn -0.2661 0.9639 -0.0106
vn 0.2661 0.9639 -0.0106
vn -0.3905 0.9205 -0.0106
vn 0.3905 0.9205 -0.0106
vn -0.5062 0.8624 -0.0106
vn 0.5062 0.8624 -0.0106
vn -0.6120 0.7908 -0.0106
vn 0.6120 0.7908 -0.0106
vn -0.7071 0.7070 -0.0106
vn 0.7071 0.7071 -0.0106
vn -0.7908 0.6120 -0.0106
vn 0.7908 0.6120 -0.0106
vn -0.8623 0.5062 -0.0106
vn 0.8624 0.5062 -0.0106
vn -0.9205 0.3905 -0.0106
vn 0.9205 0.3905 -0.0106
vn -0.9639 0.2661 -0.0106
vn 0.9639 0.2661 -0.0106
vn -0.9908 0.1349 -0.0106
vn 0.9908 0.1349 -0.0106
vn -0.9999 -0.0000 -0.0106
vn 0.9999 -0.0000 -0.0106
vn 0.9908 -0.1349 -0.0106
vn -0.9908 -0.1349 -0.0106
vn -0.9639 -0.2661 -0.0106
vn 0.9639 -0.2661 -0.0106
vn -0.9205 -0.3905 -0.0106
vn 0.9205 -0.3905 -0.0106
vn 0.8624 -0.5062 -0.0106
vn -0.8623 -0.5062 -0.0106
vn 0.7908 -0.6120 -0.0106
vn -0.7908 -0.6120 -0.0106
vn 0.7071 -0.7071 -0.0106
vn -0.7071 -0.7070 -0.0106
vn 0.6120 -0.7908 -0.0106
vn -0.6120 -0.7908 -0.0106
vn 0.5062 -0.8624 -0.0106
vn -0.5062 -0.8624 -0.0106
vn 0.3905 -0.9205 -0.0106
vn -0.3905 -0.9205 -0.0106
vn 0.2661 -0.9639 -0.0106
vn -0.2661 -0.9639 -0.0106
vn 0.1349 -0.9908 -0.0106
vn -0.1349 -0.9908 -0.0106
vn -0.0000 -0.9999 -0.0106
vn 0.9828 0.1846 -0.0108
vn -0.5099 -0.8602 -0.0102
vn -0.8624 0.5062 -0.0106
vn -0.9639 0.2662 -0.0106
vn -0.9639 -0.2662 -0.0106
vn -0.8624 -0.5062 -0.0106
vn -0.2316 0.9728 -0.0102
vn -0.6545 0.7560 -0.0103
vn 0.9993 -0.0346 -0.0110
vn 0.9341 -0.3569 -0.0107
vn -0.9340 -0.3570 -0.0107
vn 0.8219 -0.5695 -0.0105
vn -0.8220 -0.5694 -0.0105
vn -0.7071 0.7071 -0.0106
vn -0.9999 -0.0001 -0.0106
vn -0.4389 0.8985 -0.0108
vn -0.4948 0.8689 -0.0108
vn -0.5444 0.8388 -0.0108
vn 0.3627 -0.9319 -0.0112
vn 0.5852 -0.8108 -0.0112
vn -0.1400 -0.9901 -0.0076
vn 0.4938 0.8694 -0.0168
vn -0.9945 -0.1042 -0.0114
vn 0.0541 0.9985 -0.0108
vn -0.0893 0.9959 -0.0107
vn -0.0085 0.9999 -0.0108
vn 0.1120 0.9936 -0.0108
vn -0.1859 0.9825 -0.0107
vn 0.1741 0.9847 -0.0108
vn 0.2398 0.9708 -0.0108
vn -0.2908 0.9567 -0.0106
vn 0.3084 0.9512 -0.0108
vn -0.4033 0.9150 -0.0106
vn 0.3789 0.9254 -0.0108
vn 0.4500 0.8930 -0.0107
vn -0.5206 0.8537 -0.0106
vn 0.5199 0.8542 -0.0107
vn -0.6377 0.7702 -0.0105
vn 0.5872 0.8094 -0.0107
vn 0.6504 0.7595 -0.0107
vn -0.7475 0.6642 -0.0105
vn 0.7083 0.7058 -0.0108
vn -0.8423 0.5390 -0.0105
vn 0.9315 0.3637 -0.0090
vn 0.3569 -0.9341 -0.0072
vn -0.7243 -0.6894 -0.0112
vn -0.6795 -0.7336 -0.0113
vn -0.6297 -0.7768 -0.0113
vn -0.5749 -0.8181 -0.0113
vn -0.5152 -0.8570 -0.0113
vn -0.4508 -0.8926 -0.0113
vn -0.3820 -0.9241 -0.0113
vn -0.3096 -0.9508 -0.0113
vn -0.2343 -0.9721 -0.0113
vn -0.1570 -0.9875 -0.0113
vn -0.0786 -0.9968 -0.0113
vn -0.0009 -0.9999 -0.0113
vn -0.9157 0.4017 -0.0105
vn 0.0809 -0.9967 -0.0113
vn -0.9652 0.2612 -0.0105
vn 0.1765 -0.9842 -0.0114
vn 0.2895 -0.9571 -0.0115
vn 0.4179 -0.9084 -0.0116
vn 0.5544 -0.8322 -0.0116
vn 0.6869 -0.7266 -0.0117
vn -0.9920 0.1258 -0.0106
vn 0.8016 -0.5977 -0.0117
vn 0.8889 -0.4580 -0.0116
vn 0.9469 -0.3213 -0.0115
vn -0.9995 0.0301 -0.0108
vn 0.9802 -0.1975 -0.0115
vn 0.9958 -0.0910 -0.0114
vn -0.9998 0.0154 -0.0111
vn 0.9997 -0.0211 -0.0112
vn 0.8166 0.5769 -0.0188
vn 0.3370 0.9414 -0.0110
vn 0.5793 -0.8145 -0.0305
vn 0.3452 0.9385 -0.0110
vn 0.3631 0.9317 -0.0109
vn 0.3959 0.9182 -0.0109
vn 0.4442 0.8959 -0.0108
vn -0.3351 -0.9421 -0.0111
vn 0.9156 0.4017 -0.0152
vn -0.3535 -0.9354 -0.0111
vn 0.5086 0.8609 -0.0107
vn -0.3812 -0.9244 -0.0111
vn 0.5887 0.8083 -0.0107
vn -0.4195 -0.9077 -0.0112
vn 0.6815 0.7318 -0.0106
vn -0.4704 -0.8824 -0.0113
vn -0.5358 -0.8443 -0.0113
vn 0.7799 0.6258 -0.0105
vn -0.6169 -0.7870 -0.0114
vn 0.8720 0.4894 -0.0105
vn -0.7125 -0.7015 -0.0116
vn -0.8157 -0.5783 -0.0117
vn 0.9440 0.3297 -0.0104
vn -0.9109 -0.4124 -0.0118
vn -0.9772 -0.2122 -0.0118
vn 0.9868 0.1617 -0.0105
vn -0.9997 -0.0220 -0.0116
vn 0.9999 0.0074 -0.0106
vn -0.9922 0.1243 -0.0115
vn -0.9679 0.2510 -0.0115
vn 0.9920 -0.1254 -0.0106
vn -0.9261 0.3770 -0.0115
vn -0.8667 0.4987 -0.0115
vn 0.6611 0.7502 -0.0112
vn 0.9685 -0.2487 -0.0106
vn 0.6266 0.7792 -0.0112
vn -0.7904 0.6124 -0.0115
vn 0.5878 0.8090 -0.0112
vn 0.5802 0.8144 -0.0111
vn -0.8791 -0.4766 -0.0086
vn -0.4526 0.8917 -0.0073
vn -0.9977 0.0669 -0.0113
vn -0.6992 0.7148 -0.0115
vn 0.5592 0.8289 -0.0111
vn 0.5439 0.8391 -0.0112
vn -0.9891 0.1470 -0.0113
vn 0.5367 0.8437 -0.0111
vn 0.9298 -0.3680 -0.0106
vn -0.5956 0.8032 -0.0115
vn -0.9697 0.2439 -0.0114
vn 0.4946 0.8690 -0.0112
vn 0.5118 0.8590 -0.0111
vn -0.9336 0.3582 -0.0115
vn 0.4397 0.8981 -0.0113
vn 0.4840 0.8750 -0.0111
vn -0.4826 0.8757 -0.0115
vn -0.8732 0.4873 -0.0116
vn 0.4521 0.8919 -0.0112
vn 0.3788 0.9254 -0.0113
vn -0.7825 0.6225 -0.0117
vn 0.4145 0.9100 -0.0112
vn -0.3635 0.9315 -0.0115
vn -0.6611 0.7502 -0.0117
vn 0.3121 0.9500 -0.0113
vn 0.3687 0.9295 -0.0112
vn -0.5178 0.8554 -0.0117
vn 0.8761 -0.4821 -0.0106
vn 0.3116 0.9502 -0.0113
vn -0.2415 0.9703 -0.0115
vn 0.2399 0.9707 -0.0113
vn -0.3682 0.9297 -0.0116
vn 0.2368 0.9715 -0.0113
vn -0.2272 0.9738 -0.0115
vn 0.1352 0.9908 -0.0115
vn 0.1630 0.9866 -0.0113
vn -0.1044 0.9945 -0.0114
vn 0.0140 0.9998 -0.0115
vn -0.1196 0.9928 -0.0115
vn 0.0824 0.9965 -0.0113
vn -0.0087 0.9999 -0.0114
vn 0.3110 -0.9499 -0.0312
vn 0.8075 -0.5897 -0.0106
vn -0.5845 -0.8113 -0.0109
vn 0.9428 -0.3333 -0.0107
vn 0.7244 -0.6893 -0.0106
vn -0.5440 -0.8390 -0.0108
vn 0.9015 -0.4326 -0.0106
vn -0.5395 -0.8419 -0.0110
vn 0.6271 -0.7788 -0.0106
vn -0.5005 -0.8657 -0.0108
vn 0.8425 -0.5385 -0.0106
vn -0.5243 -0.8514 -0.0109
vn -0.4539 -0.8910 -0.0108
vn 0.7642 -0.6449 -0.0106
vn 0.5169 -0.8560 -0.0106
vn -0.5026 -0.8644 -0.0109
vn -0.4044 -0.9145 -0.0108
vn 0.6682 -0.7439 -0.0106
vn -0.4729 -0.8811 -0.0109
vn 0.3956 -0.9184 -0.0106
vn -0.3522 -0.9359 -0.0108
vn 0.5597 -0.8286 -0.0106
vn -0.4336 -0.9010 -0.0108
vn -0.2975 -0.9547 -0.0108
vn 0.4464 -0.8948 -0.0106
vn -0.3841 -0.9232 -0.0108
vn 0.2663 -0.9638 -0.0106
vn -0.2406 -0.9706 -0.0108
vn 0.3361 -0.9418 -0.0106
vn -0.3247 -0.9458 -0.0108
vn -0.1818 -0.9833 -0.0108
vn -0.2576 -0.9662 -0.0108
vn 0.2345 -0.9721 -0.0107
vn -0.1869 -0.9823 -0.0108
vn -0.1218 -0.9925 -0.0108
vn 0.1444 -0.9895 -0.0107
vn -0.1177 -0.9930 -0.0108
vn -0.0611 -0.9981 -0.0108
vn 0.0670 -0.9977 -0.0108
vn 0.0177 -0.9998 -0.0107
vn -0.0548 -0.9984 -0.0108
vn 0.0029 -0.9999 -0.0108
vn -0.3939 0.9191 -0.0105
vn -0.7703 0.6377 -0.0105
vn 0.8865 -0.4625 -0.0115
vn -0.7208 -0.6931 -0.0078
vn -0.9426 0.3337 -0.0114
vn -0.4377 0.8990 -0.0115
vn 0.3347 0.9422 -0.0112
vn -0.0077 0.9999 -0.0113
vn -0.5046 -0.8633 -0.0074
vn 0.0476 -0.9988 -0.0112
vn 0.9231 0.3844 -0.0106
vn -0.8517 -0.5239 -0.0084
vn 0.7071 -0.7071 0.0078
vn 0.7071 0.7071 0.0078
vn -0.7069 -0.7069 0.0234
vn -0.7071 0.7071 0.0078
vn -0.7071 -0.7071 0.0078
vn -0.7069 0.7069 0.0234
vn 0.1190 0.9928 0.0106
vn 0.0192 0.9998 0.0107
vn -0.0408 0.9991 0.0109
vn -0.0816 0.9966 0.0109
vn -0.1217 0.9925 0.0109
vn 0.2401 0.9707 0.0106
vn -0.1605 0.9870 0.0109
vn -0.1976 0.9802 0.0109
vn -0.2325 0.9725 0.0109
vn 0.3610 0.9325 0.0106
vn -0.2648 0.9642 0.0109
vn -0.2945 0.9556 0.0109
vn -0.3214 0.9469 0.0109
vn 0.4790 0.8777 0.0106
vn -0.3456 0.9383 0.0109
vn -0.3673 0.9301 0.0109
vn -0.8299 0.5579 0.0083
vn 0.5911 0.8065 0.0106
vn 0.0965 -0.9953 0.0112
vn 0.1460 -0.9892 0.0112
vn 0.1952 -0.9807 0.0112
vn 0.2434 -0.9699 0.0112
vn 0.2897 -0.9571 0.0112
vn 0.3334 -0.9427 0.0112
vn 0.3742 -0.9273 0.0112
vn 0.4117 -0.9113 0.0112
vn 0.4457 -0.8951 0.0111
vn 0.4763 -0.8792 0.0111
vn -0.5047 -0.8633 0.0074
vn 0.6942 0.7197 0.0106
vn -0.0180 -0.9998 0.0113
vn 0.0477 -0.9988 0.0112
vn -0.1203 -0.9927 0.0115
vn -0.2418 -0.9703 0.0115
vn -0.3623 -0.9320 0.0115
vn 0.7855 0.6188 0.0106
vn -0.4793 -0.8776 0.0115
vn -0.5901 -0.8072 0.0115
vn 0.8624 0.5060 0.0106
vn -0.6922 -0.7216 0.0115
vn -0.7829 -0.6221 0.0115
vn 0.9231 0.3843 0.0106
vn -0.8598 -0.5105 0.0115
vn 0.9663 0.2571 0.0106
vn -0.9211 -0.3892 0.0115
vn -0.9652 -0.2614 0.0115
vn 0.9917 0.1279 0.0106
vn -0.9914 -0.1305 0.0115
vn 0.9999 -0.0004 0.0106
vn -0.9999 -0.0015 0.0115
vn -0.9920 0.1256 0.0115
vn 0.9922 -0.1241 0.0106
vn -0.9670 0.2546 0.0115
vn 0.9705 -0.2409 0.0106
vn -0.9234 0.3838 0.0115
vn 0.9358 -0.3524 0.0106
vn -0.8609 0.5087 0.0115
vn 0.8875 -0.4606 0.0106
vn -0.7807 0.6248 0.0115
vn 0.8243 -0.5661 0.0106
vn -0.6854 0.7281 0.0115
vn 0.5087 0.8609 0.0112
vn -0.4864 0.8737 0.0073
vn -0.8517 -0.5240 0.0084
vn -0.5783 0.8157 0.0115
vn 0.4715 0.8818 0.0112
vn 0.7445 -0.6675 0.0106
vn 0.4329 0.9014 0.0112
vn -0.4636 0.8859 0.0115
vn 0.3927 0.9196 0.0112
vn 0.3509 0.9364 0.0112
vn -0.3453 0.9384 0.0115
vn 0.3072 0.9516 0.0112
vn 0.6474 -0.7621 0.0106
vn 0.2615 0.9651 0.0112
vn -0.2269 0.9738 0.0115
vn 0.2138 0.9768 0.0112
vn 0.1639 0.9864 0.0112
vn -0.1113 0.9937 0.0114
vn 0.1116 0.9937 0.0112
vn 0.0569 0.9983 0.0112
vn -0.0128 0.9999 0.0113
vn 0.5335 -0.8457 0.0105
vn -0.4373 -0.8992 0.0109
vn 0.4061 -0.9138 0.0105
vn -0.4081 -0.9129 0.0109
vn -0.3749 -0.9270 0.0109
vn -0.3381 -0.9411 0.0109
vn 0.2704 -0.9627 0.0105
vn -0.2984 -0.9544 0.0109
vn -0.2564 -0.9665 0.0109
vn -0.2130 -0.9770 0.0109
vn 0.1330 -0.9911 0.0106
vn -0.1690 -0.9856 0.0109
vn -0.1251 -0.9921 0.0109
vn -0.0819 -0.9966 0.0109
vn 0.0226 -0.9997 0.0107
vn -0.0401 -0.9991 0.0109
vn 0.8345 -0.5510 0.0074
vn 0.5510 0.8345 0.0083
vn -0.5448 0.8385 0.0083
vn -0.0137 -0.9987 0.0486
vn -0.8385 -0.5448 0.0074
vn -0.8307 0.5557 0.0322
vn 0.8382 0.5443 0.0330
vn -0.5507 -0.8345 0.0181
vn 0.5419 -0.8402 0.0179
vn -0.5507 -0.8346 0.0083
vn 0.5420 -0.8403 0.0083
vn -0.0252 0.9996 0.0108
vn -0.1053 0.9944 0.0106
vn -0.2200 0.9754 0.0106
vn -0.3426 0.9394 0.0106
vn -0.4688 0.8833 0.0105
vn -0.5921 0.8058 0.0105
vn -0.7055 0.7086 0.0105
vn -0.8029 0.5960 0.0105
vn 0.0260 -0.9996 0.0112
vn -0.8804 0.4741 0.0105
vn 0.1098 -0.9939 0.0114
vn 0.2314 -0.9728 0.0115
vn 0.3628 -0.9318 0.0116
vn -0.9369 0.3494 0.0106
vn 0.4975 -0.8674 0.0116
vn 0.6264 -0.7794 0.0116
vn 0.7404 -0.6720 0.0116
vn -0.9739 0.2269 0.0106
vn 0.8333 -0.5528 0.0116
vn 0.9028 -0.4300 0.0115
vn 0.9505 -0.3106 0.0115
vn -0.9938 0.1102 0.0106
vn 0.9800 -0.1986 0.0114
vn 0.9954 -0.0956 0.0114
vn -0.9999 -0.0019 0.0106
vn 0.9999 0.0063 0.0114
vn 0.9924 0.1222 0.0115
vn -0.9929 -0.1183 0.0106
vn 0.9675 0.2525 0.0115
vn -0.9698 -0.2437 0.0106
vn 0.9218 0.3876 0.0116
vn 0.8536 0.5208 0.0116
vn -0.9272 -0.3743 0.0105
vn 0.7644 0.6446 0.0116
vn 0.6588 0.7523 0.0116
vn -0.8631 -0.5049 0.0105
vn 0.5430 0.8396 0.0115
vn 0.4241 0.9055 0.0115
vn 0.3075 0.9515 0.0115
vn 0.1970 0.9803 0.0114
vn -0.7774 -0.6289 0.0105
vn 0.0946 0.9955 0.0114
vn 0.0228 0.9997 0.0112
vn -0.6734 -0.7392 0.0105
vn -0.5567 -0.8306 0.0105
vn -0.4347 -0.9005 0.0106
vn -0.3142 -0.9493 0.0106
vn -0.2000 -0.9797 0.0106
vn -0.0952 -0.9954 0.0107
vn -0.0227 -0.9997 0.0109
vn 0.0992 0.9950 0.0107
vn 0.0113 0.9999 0.0108
vn -0.0512 0.9986 0.0108
vn -0.1022 0.9947 0.0108
vn -0.1527 0.9882 0.0108
vn 0.2047 0.9788 0.0106
vn -0.2025 0.9792 0.0108
vn -0.2515 0.9678 0.0108
vn 0.3162 0.9486 0.0106
vn -0.2993 0.9541 0.0108
vn -0.3458 0.9382 0.0108
vn 0.4315 0.9021 0.0106
vn -0.3909 0.9204 0.0109
vn -0.4344 0.9007 0.0109
vn 0.5474 0.8368 0.0106
vn -0.4762 0.8793 0.0109
vn -0.5163 0.8563 0.0109
vn 0.6592 0.7519 0.0105
vn -0.8763 0.4817 0.0085
vn 0.2478 -0.9687 0.0113
vn 0.3113 -0.9502 0.0113
vn 0.3738 -0.9274 0.0113
vn 0.4344 -0.9006 0.0113
vn 0.4924 -0.8703 0.0113
vn 0.5472 -0.8370 0.0112
vn 0.5981 -0.8013 0.0112
vn 0.6451 -0.7640 0.0112
vn -0.4079 -0.9130 0.0072
vn 0.7615 0.6481 0.0105
vn 0.1212 -0.9926 0.0112
vn 0.1841 -0.9828 0.0113
vn 0.8490 0.5283 0.0105
vn -0.0072 -0.9999 0.0113
vn 0.0598 -0.9981 0.0112
vn 0.9175 0.3977 0.0105
vn -0.0900 -0.9959 0.0114
vn -0.1841 -0.9828 0.0114
vn -0.2828 -0.9591 0.0114
vn -0.3856 -0.9226 0.0114
vn -0.4915 -0.8708 0.0115
vn -0.5985 -0.8010 0.0115
vn 0.9649 0.2624 0.0106
vn -0.7033 -0.7108 0.0116
vn -0.8007 -0.5990 0.0116
vn -0.8844 -0.4665 0.0116
vn 0.9917 0.1285 0.0106
vn -0.9482 -0.3175 0.0116
vn -0.9872 -0.1593 0.0116
vn 0.9993 -0.0352 0.0104
vn -0.9984 0.0556 0.0121
vn -0.9313 0.3641 0.0125
vn 0.9638 -0.2666 0.0102
vn -0.7737 0.6334 0.0120
vn -0.6273 0.7787 0.0116
vn 0.8648 -0.5021 0.0103
vn -0.5366 0.8437 0.0113
vn 0.7421 -0.6702 0.0104
vn -0.5005 0.8657 0.0111
vn -0.5106 0.8598 0.0109
vn 0.6354 -0.7721 0.0106
vn -0.5616 0.8273 0.0107
vn 0.5624 -0.8268 0.0108
vn -0.6500 0.7599 0.0106
vn 0.5272 -0.8497 0.0110
vn -0.7661 0.6427 0.0104
vn 0.5308 -0.8474 0.0111
vn -0.8854 0.4647 0.0103
vn 0.5764 -0.8171 0.0113
vn 0.6689 -0.7432 0.0116
vn -0.9712 0.2381 0.0102
vn 0.8047 -0.5936 0.0120
vn 0.9417 -0.3362 0.0124
vn -0.9996 0.0262 0.0104
vn 0.9987 -0.0497 0.0120
vn 0.8896 -0.4566 0.0086
vn 0.3393 0.9406 0.0072
vn -0.7500 0.6614 0.0112
vn -0.9917 -0.1282 0.0106
vn 0.9890 0.1473 0.0116
vn -0.7073 0.7068 0.0112
vn 0.9584 0.2853 0.0115
vn -0.9663 -0.2574 0.0106
vn -0.6595 0.7516 0.0113
vn 0.9105 0.4135 0.0115
vn -0.6062 0.7952 0.0113
vn 0.8466 0.5321 0.0115
vn 0.7680 0.6404 0.0115
vn -0.9231 -0.3844 0.0106
vn -0.5472 0.8369 0.0113
vn 0.6758 0.7370 0.0115
vn -0.4825 0.8758 0.0113
vn 0.5721 0.8201 0.0115
vn -0.4122 0.9110 0.0113
vn -0.8626 -0.5058 0.0106
vn 0.4598 0.8880 0.0115
vn -0.3366 0.9416 0.0113
vn 0.3427 0.9394 0.0115
vn -0.2566 0.9665 0.0113
vn 0.2246 0.9744 0.0115
vn -0.1730 0.9849 0.0113
vn 0.1096 0.9939 0.0114
vn -0.0870 0.9961 0.0113
vn -0.7860 -0.6182 0.0106
vn 0.0048 0.9999 0.0114
vn -0.6952 -0.7187 0.0106
vn 0.5623 -0.8269 0.0108
vn 0.5188 -0.8548 0.0108
vn -0.5926 -0.8054 0.0106
vn 0.4717 -0.8817 0.0108
vn -0.4810 -0.8767 0.0106
vn 0.4214 -0.9068 0.0108
vn 0.3686 -0.9295 0.0108
vn -0.3632 -0.9317 0.0106
vn 0.3139 -0.9494 0.0108
vn 0.2586 -0.9659 0.0108
vn -0.2419 -0.9702 0.0106
vn 0.2033 -0.9791 0.0108
vn 0.1491 -0.9888 0.0108
vn -0.1202 -0.9927 0.0106
vn 0.0969 -0.9952 0.0108
vn 0.0471 -0.9988 0.0109
vn -0.0182 -0.9998 0.0107
vn 0.0901 0.9959 0.0107
vn 0.0098 0.9999 0.0108
vn -0.0475 0.9988 0.0109
vn -0.0944 0.9955 0.0109
vn 0.1872 0.9823 0.0107
vn -0.1405 0.9900 0.0109
vn -0.1852 0.9826 0.0109
vn 0.2921 0.9563 0.0106
vn -0.2283 0.9735 0.0109
vn -0.2694 0.9630 0.0109
vn 0.4033 0.9150 0.0106
vn -0.3084 0.9512 0.0109
vn -0.3452 0.9385 0.0109
vn 0.5184 0.8551 0.0106
vn -0.3797 0.9250 0.0109
vn -0.4119 0.9112 0.0109
vn 0.6328 0.7742 0.0105
vn -0.4417 0.8971 0.0109
vn -0.8532 0.5215 0.0084
vn 0.7405 0.6719 0.0105
vn 0.2336 -0.9723 0.0112
vn 0.2811 -0.9596 0.0112
vn 0.3257 -0.9454 0.0112
vn 0.3677 -0.9299 0.0112
vn 0.4077 -0.9131 0.0112
vn 0.4458 -0.8951 0.0112
vn 0.4822 -0.8760 0.0112
vn 0.5172 -0.8558 0.0112
vn -0.4825 -0.8758 0.0073
vn 0.8348 0.5505 0.0105
vn 0.1270 -0.9918 0.0112
vn 0.1825 -0.9831 0.0112
vn 0.9096 0.4154 0.0105
vn 0.0663 -0.9977 0.0112
vn 0.9617 0.2739 0.0105
vn -0.0822 -0.9965 0.0113
vn -0.0027 -0.9999 0.0113
vn -0.1700 -0.9854 0.0114
vn -0.2641 -0.9644 0.0114
vn -0.3644 -0.9312 0.0114
vn -0.4699 -0.8826 0.0115
vn -0.5786 -0.8155 0.0115
vn 0.9910 0.1337 0.0106
vn -0.6870 -0.7266 0.0116
vn -0.7891 -0.6142 0.0116
vn -0.8776 -0.4792 0.0116
vn -0.9452 -0.3263 0.0117
vn 0.9992 -0.0396 0.0103
vn -0.9865 -0.1635 0.0116
vn -0.9997 0.0217 0.0118
vn -0.9718 0.2356 0.0119
vn 0.9597 -0.2808 0.0101
vn -0.9031 0.4292 0.0117
vn -0.8221 0.5692 0.0115
vn -0.7472 0.6645 0.0114
vn -0.6850 0.7285 0.0113
vn -0.6357 0.7718 0.0112
vn 0.8571 -0.5151 0.0103
vn -0.5974 0.8019 0.0112
vn -0.5678 0.8231 0.0111
vn -0.5449 0.8384 0.0111
vn 0.7372 -0.6756 0.0105
vn -0.5273 0.8496 0.0111
vn -0.5138 0.8578 0.0111
vn -0.5349 0.8448 0.0108
vn 0.6341 -0.7732 0.0106
vn -0.5728 0.8196 0.0109
vn 0.5596 -0.8287 0.0108
vn -0.5989 0.8008 0.0109
vn -0.6319 0.7750 0.0109
vn 0.5150 -0.8571 0.0109
vn -0.6727 0.7398 0.0108
vn 0.5002 -0.8658 0.0110
vn -0.7213 0.6926 0.0108
vn -0.7763 0.6302 0.0107
vn 0.5189 -0.8548 0.0112
vn -0.8348 0.5505 0.0107
vn 0.5812 -0.8137 0.0114
vn -0.8914 0.4532 0.0106
vn -0.9398 0.3416 0.0106
vn 0.7051 -0.7090 0.0119
vn -0.9747 0.2232 0.0106
vn 0.8896 -0.4565 0.0127
vn -0.9942 0.1073 0.0106
vn 0.9954 -0.0948 0.0124
vn -0.9999 -0.0079 0.0106
vn 0.8507 -0.5255 0.0084
vn 0.4724 0.8813 0.0073
vn -0.5388 0.8424 0.0111
vn -0.9906 -0.1363 0.0106
vn 0.9867 0.1622 0.0116
vn -0.5082 0.8612 0.0111
vn 0.9452 0.3262 0.0117
vn -0.4757 0.8795 0.0112
vn 0.8764 0.4814 0.0116
vn -0.9615 -0.2746 0.0105
vn -0.4410 0.8974 0.0112
vn 0.7867 0.6173 0.0116
vn -0.4036 0.9149 0.0112
vn 0.6849 0.7285 0.0116
vn -0.3630 0.9317 0.0112
vn 0.5797 0.8147 0.0115
vn -0.9120 -0.4102 0.0105
vn -0.3185 0.9479 0.0112
vn 0.4771 0.8788 0.0114
vn 0.3801 0.9249 0.0114
vn -0.2692 0.9630 0.0112
vn 0.2900 0.9570 0.0113
vn -0.2141 0.9768 0.0112
vn 0.2065 0.9784 0.0113
vn -0.1518 0.9883 0.0113
vn 0.1289 0.9916 0.0113
vn -0.0806 0.9967 0.0113
vn 0.0245 0.9996 0.0115
vn -0.8431 -0.5376 0.0105
vn -0.7578 -0.6524 0.0105
vn -0.6598 -0.7514 0.0106
vn 0.4343 -0.9007 0.0109
vn -0.5531 -0.8330 0.0106
vn 0.4056 -0.9140 0.0109
vn 0.3728 -0.9278 0.0109
vn -0.4417 -0.8971 0.0106
vn 0.3360 -0.9418 0.0109
vn 0.2957 -0.9552 0.0109
vn -0.3287 -0.9444 0.0106
vn 0.2526 -0.9675 0.0109
vn -0.2164 -0.9762 0.0106
vn 0.2078 -0.9781 0.0109
vn 0.1625 -0.9867 0.0109
vn -0.1065 -0.9943 0.0107
vn 0.1179 -0.9930 0.0109
vn 0.0754 -0.9971 0.0109
vn -0.0175 -0.9998 0.0108
vn 0.0361 -0.9993 0.0109
vn -0.9718 0.2355 0.0119
vn -0.8221 0.5693 0.0115
vn -0.6850 0.7284 0.0113
vn 0.5149 -0.8572 0.0109
vn 0.5189 -0.8547 0.0112
vn -0.8914 0.4531 0.0106
vn 0.6850 0.7285 0.0116
vn -0.6597 -0.7514 0.0106
vn -0.5532 -0.8330 0.0106
vn 0.1274 0.9918 0.0106
vn 0.0020 0.9999 0.0106
vn -0.1222 0.9925 0.0106
vn -0.2545 0.9670 0.0105
vn 0.2581 0.9661 0.0106
vn -0.3938 0.9191 0.0105
vn 0.3887 0.9213 0.0106
vn -0.5324 0.8464 0.0105
vn 0.5145 0.8574 0.0105
vn -0.6607 0.7506 0.0105
vn 0.6309 0.7758 0.0105
vn -0.7703 0.6377 0.0105
vn 0.7338 0.6793 0.0106
vn -0.8563 0.5163 0.0105
vn 0.8204 0.5716 0.0106
vn 0.0038 -0.9999 0.0114
vn -0.1048 -0.9944 0.0114
vn 0.1198 -0.9927 0.0115
vn -0.2178 -0.9759 0.0115
vn 0.2462 -0.9692 0.0115
vn -0.3374 -0.9413 0.0115
vn 0.3763 -0.9264 0.0115
vn -0.9186 0.3951 0.0106
vn -0.4587 -0.8885 0.0115
vn 0.8894 0.4571 0.0106
vn 0.5044 -0.8634 0.0116
vn -0.5754 -0.8178 0.0115
vn 0.6242 -0.7812 0.0116
vn -0.6814 -0.7319 0.0115
vn 0.7299 -0.6834 0.0115
vn -0.7720 -0.6355 0.0115
vn 0.8179 -0.5753 0.0115
vn 0.9405 0.3396 0.0106
vn -0.9598 0.2805 0.0106
vn -0.8451 -0.5345 0.0115
vn 0.8865 -0.4625 0.0115
vn -0.9008 -0.4340 0.0114
vn 0.9367 -0.3501 0.0115
vn 0.9748 0.2227 0.0106
vn -0.9843 0.1760 0.0107
vn -0.9411 -0.3381 0.0114
vn 0.9703 -0.2417 0.0114
vn -0.9684 -0.2490 0.0113
vn 0.9901 -0.1396 0.0114
vn 0.9940 0.1091 0.0106
vn -0.7763 0.6298 0.0274
vn -0.9965 0.0830 0.0107
vn 0.7381 0.6742 0.0250
vn 0.9999 0.0004 0.0107
vn -0.7209 -0.6930 0.0078
vn 0.9944 -0.1055 0.0107
vn -0.7730 -0.6338 0.0272
vn -0.9706 0.2406 0.0114
vn 0.9772 -0.2121 0.0107
vn -0.9426 0.3338 0.0114
vn -0.9005 0.4348 0.0114
vn 0.9474 -0.3198 0.0106
vn -0.8412 0.5406 0.0115
vn 0.9036 -0.4283 0.0106
vn -0.7632 0.6461 0.0115
vn 0.5202 0.8540 0.0111
vn -0.4826 0.8758 0.0073
vn -0.8774 -0.4796 0.0086
vn -0.6671 0.7449 0.0115
vn 0.4903 0.8715 0.0111
vn 0.4570 0.8894 0.0112
vn 0.8438 -0.5366 0.0106
vn -0.5566 0.8307 0.0115
vn 0.4201 0.9074 0.0112
vn 0.3793 0.9252 0.0112
vn -0.4378 0.8990 0.0115
vn 0.3347 0.9423 0.0112
vn -0.3177 0.9481 0.0115
vn 0.2864 0.9581 0.0112
vn 0.7663 -0.6424 0.0106
vn 0.2344 0.9721 0.0112
vn -0.2026 0.9792 0.0114
vn 0.1791 0.9838 0.0112
vn -0.0965 0.9953 0.0114
vn 0.1212 0.9926 0.0112
vn 0.0612 0.9981 0.0112
vn -0.0076 0.9999 0.0113
vn 0.6701 -0.7422 0.0105
vn -0.5232 -0.8521 0.0109
vn 0.5556 -0.8314 0.0105
vn -0.4869 -0.8734 0.0109
vn -0.4449 -0.8955 0.0108
vn 0.4256 -0.9048 0.0105
vn -0.3980 -0.9173 0.0108
vn -0.3470 -0.9378 0.0108
vn 0.2852 -0.9584 0.0105
vn -0.2934 -0.9559 0.0108
vn -0.2388 -0.9710 0.0108
vn 0.1412 -0.9899 0.0105
vn -0.1848 -0.9827 0.0108
vn -0.1330 -0.9911 0.0108
vn -0.0846 -0.9964 0.0109
vn 0.0250 -0.9996 0.0107
vn -0.0403 -0.9991 0.0109
vn 0.1314 0.9913 0.0106
vn 0.0132 0.9999 0.0107
vn -0.0793 0.9968 0.0107
vn -0.1583 0.9873 0.0107
vn 0.2585 0.9660 0.0106
vn -0.2354 0.9718 0.0108
vn 0.3758 0.9266 0.0106
vn -0.3086 0.9511 0.0108
vn -0.3767 0.9263 0.0108
vn 0.4795 0.8775 0.0106
vn -0.4390 0.8984 0.0108
vn 0.5678 0.8231 0.0107
vn -0.4949 0.8689 0.0108
vn -0.5443 0.8388 0.0108
vn 0.6413 0.7672 0.0107
vn -0.5878 0.8089 0.0108
vn 0.7014 0.7127 0.0108
vn -0.6257 0.7800 0.0109
vn -0.6585 0.7525 0.0109
vn 0.7502 0.6612 0.0108
vn -0.9899 0.1414 0.0080
vn 0.7896 0.6136 0.0108
vn 0.2985 -0.9543 0.0113
vn 0.3626 -0.9319 0.0112
vn 0.4170 -0.9088 0.0112
vn 0.4647 -0.8854 0.0112
vn 0.5076 -0.8615 0.0112
vn 0.5474 -0.8368 0.0112
vn 0.5851 -0.8108 0.0112
vn 0.6218 -0.7831 0.0112
vn 0.6578 -0.7531 0.0112
vn -0.1400 -0.9901 0.0076
vn 0.8215 0.5701 0.0108
vn 0.1219 -0.9925 0.0114
vn 0.2203 -0.9754 0.0113
vn 0.8474 0.5308 0.0109
vn -0.1651 -0.9862 0.0116
vn -0.0082 -0.9999 0.0116
vn -0.3230 -0.9463 0.0116
vn -0.4666 -0.8844 0.0116
vn 0.4938 0.8694 0.0168
vn -0.5918 -0.8060 0.0116
vn -0.6975 -0.7165 0.0115
vn -0.9496 -0.3132 0.0114
vn -0.9088 -0.4171 0.0114
vn -0.8543 -0.5197 0.0115
vn -0.7844 -0.6201 0.0115
vn -0.9779 -0.2088 0.0114
vn -0.9945 -0.1041 0.0114
vn -0.9996 -0.0259 0.0112
vn -0.9273 -0.3743 0.0105
vn -0.3141 -0.9493 0.0106
vn 0.2316 0.9728 0.0102
vn -0.0000 0.9999 0.0103
vn -0.2316 0.9727 0.0102
vn 0.4609 0.8874 0.0102
vn -0.4608 0.8874 0.0102
vn 0.6545 0.7560 0.0103
vn -0.6544 0.7561 0.0103
vn 0.7932 0.6088 0.0104
vn -0.7932 0.6088 0.0104
vn 0.8819 0.4714 0.0105
vn -0.8819 0.4714 0.0105
vn 0.9348 0.3550 0.0106
vn -0.9348 0.3550 0.0106
vn 0.9654 0.2604 0.0107
vn -0.9654 0.2604 0.0107
vn 0.9827 0.1847 0.0108
vn -0.9827 0.1847 0.0108
vn 0.9923 0.1238 0.0108
vn -0.9923 0.1238 0.0108
vn 0.9972 0.0745 0.0109
vn -0.9972 0.0745 0.0109
vn 0.9994 0.0341 0.0109
vn -0.9994 0.0341 0.0109
vn 0.9999 0.0060 0.0109
vn -0.9999 0.0060 0.0109
vn 0.9999 -0.0079 0.0110
vn -0.9999 -0.0079 0.0110
vn 0.9998 -0.0162 0.0110
vn -0.9998 -0.0162 0.0110
vn 0.9996 -0.0251 0.0110
vn -0.9996 -0.0251 0.0110
vn 0.9993 -0.0347 0.0110
vn -0.9993 -0.0347 0.0110
vn 0.9989 -0.0449 0.0110
vn -0.9989 -0.0449 0.0110
vn 0.9984 -0.0560 0.0110
vn -0.9984 -0.0560 0.0110
vn 0.9976 -0.0680 0.0110
vn -0.9976 -0.0680 0.0110
vn 0.9967 -0.0809 0.0110
vn -0.9967 -0.0809 0.0110
vn 0.9954 -0.0952 0.0110
vn -0.9954 -0.0952 0.0110
vn 0.9938 -0.1107 0.0110
vn -0.9938 -0.1108 0.0110
vn 0.9917 -0.1278 0.0110
vn -0.9917 -0.1278 0.0110
vn 0.9900 -0.1403 0.0110
vn -0.9900 -0.1403 0.0110
vn 0.9897 -0.1429 0.0110
vn -0.9897 -0.1429 0.0110
vn 0.9885 -0.1507 0.0110
vn -0.9885 -0.1507 0.0110
vn 0.9852 -0.1713 0.0109
vn -0.9852 -0.1713 0.0109
vn 0.9799 -0.1993 0.0109
vn -0.9799 -0.1993 0.0109
vn 0.9714 -0.2370 0.0109
vn -0.9714 -0.2370 0.0109
vn 0.9575 -0.2881 0.0108
vn -0.9575 -0.2881 0.0108
vn 0.9340 -0.3570 0.0107
vn -0.9341 -0.3569 0.0107
vn 0.8933 -0.4493 0.0106
vn -0.8934 -0.4492 0.0106
vn 0.8220 -0.5694 0.0105
vn -0.8219 -0.5695 0.0105
vn 0.6999 -0.7142 0.0103
vn -0.6998 -0.7142 0.0103
vn 0.5098 -0.8602 0.0102
vn -0.5099 -0.8602 0.0102
vn 0.2623 -0.9649 0.0101
vn -0.2623 -0.9649 0.0101
vn -0.0000 -0.9999 0.0102
vn 0.1349 0.9908 0.0106
vn -0.0000 0.9999 0.0106
vn -0.1349 0.9908 0.0106
vn -0.2661 0.9639 0.0106
vn 0.2661 0.9639 0.0106
vn -0.3905 0.9205 0.0106
vn 0.3905 0.9205 0.0106
vn -0.5062 0.8624 0.0106
vn 0.5062 0.8624 0.0106
vn -0.6120 0.7908 0.0106
vn 0.6120 0.7908 0.0106
vn -0.7071 0.7070 0.0106
vn 0.7071 0.7071 0.0106
vn -0.7908 0.6120 0.0106
vn 0.7908 0.6120 0.0106
vn -0.8623 0.5062 0.0106
vn 0.8623 0.5062 0.0106
vn -0.9205 0.3905 0.0106
vn 0.9205 0.3905 0.0106
vn -0.9639 0.2661 0.0106
vn 0.9639 0.2661 0.0106
vn -0.9908 0.1349 0.0106
vn 0.9908 0.1349 0.0106
vn -0.9999 -0.0000 0.0106
vn 0.9999 -0.0000 0.0106
vn 0.9908 -0.1349 0.0106
vn -0.9908 -0.1349 0.0106
vn -0.9639 -0.2661 0.0106
vn 0.9639 -0.2661 0.0106
vn -0.9205 -0.3905 0.0106
vn 0.9205 -0.3905 0.0106
vn 0.8624 -0.5062 0.0106
vn -0.8623 -0.5062 0.0106
vn 0.7908 -0.6120 0.0106
vn -0.7908 -0.6120 0.0106
vn 0.7071 -0.7071 0.0106
vn -0.7071 -0.7070 0.0106
vn 0.6120 -0.7908 0.0106
vn -0.6120 -0.7908 0.0106
vn 0.5062 -0.8624 0.0106
vn -0.5062 -0.8624 0.0106
vn 0.3905 -0.9205 0.0106
vn -0.3905 -0.9205 0.0106
vn 0.2661 -0.9639 0.0106
vn -0.2661 -0.9639 0.0106
vn 0.1349 -0.9908 0.0106
vn -0.1349 -0.9908 0.0106
vn -0.0000 -0.9999 0.0106
vn 0.9828 0.1846 0.0108
vn -0.8624 0.5062 0.0106
vn 0.8624 0.5062 0.0106
vn -0.9639 0.2662 0.0106
vn -0.9639 -0.2662 0.0106
vn -0.8624 -0.5062 0.0106
vn -0.2316 0.9728 0.0102
vn -0.4609 0.8874 0.0102
vn -0.6545 0.7560 0.0103
vn 0.9993 -0.0346 0.0110
vn 0.9341 -0.3569 0.0107
vn -0.9340 -0.3570 0.0107
vn 0.8219 -0.5695 0.0105
vn -0.8220 -0.5694 0.0105
vn -0.7071 0.7071 0.0106
vn -0.9999 -0.0001 0.0106
vn -0.4389 0.8985 0.0108
vn -0.4948 0.8689 0.0108
vn -0.5444 0.8388 0.0108
vn 0.3627 -0.9319 0.0112
vn 0.5852 -0.8108 0.0112
vn -0.9945 -0.1042 0.0114
vn 0.0541 0.9985 0.0108
vn -0.0085 0.9999 0.0108
vn -0.0893 0.9959 0.0107
vn 0.1120 0.9937 0.0108
vn -0.1859 0.9825 0.0107
vn 0.1740 0.9847 0.0108
vn 0.2398 0.9708 0.0108
vn -0.2908 0.9567 0.0106
vn 0.3084 0.9512 0.0108
vn -0.4033 0.9150 0.0106
vn 0.3789 0.9254 0.0108
vn 0.4499 0.8930 0.0107
vn -0.5206 0.8537 0.0106
vn 0.5199 0.8542 0.0107
vn -0.6377 0.7702 0.0105
vn 0.5872 0.8094 0.0107
vn 0.6504 0.7595 0.0107
vn -0.7475 0.6642 0.0105
vn 0.7083 0.7058 0.0108
vn -0.8423 0.5390 0.0105
vn 0.9315 0.3637 0.0090
vn 0.3570 -0.9341 0.0072
vn -0.7243 -0.6894 0.0112
vn -0.6795 -0.7336 0.0113
vn -0.6297 -0.7768 0.0113
vn -0.5749 -0.8181 0.0113
vn -0.5152 -0.8570 0.0113
vn -0.4508 -0.8926 0.0113
vn -0.3820 -0.9241 0.0113
vn -0.3096 -0.9508 0.0113
vn -0.2343 -0.9721 0.0113
vn -0.1570 -0.9875 0.0113
vn -0.0786 -0.9968 0.0113
vn -0.0009 -0.9999 0.0113
vn -0.9157 0.4017 0.0105
vn 0.0809 -0.9967 0.0113
vn -0.9652 0.2612 0.0105
vn 0.1765 -0.9842 0.0114
vn 0.2895 -0.9571 0.0115
vn 0.4179 -0.9084 0.0116
vn 0.5544 -0.8321 0.0116
vn 0.6869 -0.7266 0.0117
vn -0.9920 0.1258 0.0106
vn 0.8016 -0.5977 0.0117
vn 0.8889 -0.4580 0.0116
vn 0.9469 -0.3213 0.0115
vn -0.9995 0.0301 0.0108
vn 0.9802 -0.1975 0.0115
vn 0.9958 -0.0910 0.0114
vn -0.9998 0.0154 0.0111
vn 0.9997 -0.0211 0.0112
vn 0.8166 0.5769 0.0188
vn 0.3370 0.9414 0.0110
vn 0.5793 -0.8145 0.0305
vn 0.3452 0.9385 0.0110
vn 0.3631 0.9317 0.0109
vn 0.3959 0.9182 0.0109
vn 0.4442 0.8959 0.0108
vn -0.3351 -0.9421 0.0111
vn 0.9156 0.4017 0.0152
vn -0.3535 -0.9354 0.0111
vn 0.5086 0.8609 0.0107
vn -0.3812 -0.9244 0.0111
vn 0.5887 0.8083 0.0107
vn -0.4195 -0.9077 0.0112
vn 0.6815 0.7318 0.0106
vn -0.4704 -0.8824 0.0113
vn -0.5358 -0.8443 0.0113
vn 0.7799 0.6258 0.0105
vn -0.6169 -0.7870 0.0114
vn 0.8720 0.4894 0.0105
vn -0.7125 -0.7015 0.0116
vn -0.8157 -0.5783 0.0117
vn 0.9440 0.3297 0.0104
vn -0.9109 -0.4124 0.0118
vn -0.9772 -0.2122 0.0118
vn 0.9868 0.1617 0.0105
vn -0.9997 -0.0220 0.0116
vn 0.9999 0.0074 0.0106
vn -0.9922 0.1243 0.0115
vn -0.9679 0.2510 0.0115
vn 0.9920 -0.1254 0.0106
vn -0.9261 0.3771 0.0115
vn -0.8667 0.4987 0.0115
vn 0.6611 0.7502 0.0112
vn 0.9685 -0.2486 0.0106
vn 0.6267 0.7792 0.0112
vn -0.7904 0.6124 0.0115
vn 0.5878 0.8090 0.0112
vn 0.5802 0.8144 0.0111
vn -0.4526 0.8917 0.0073
vn -0.8791 -0.4766 0.0086
vn -0.9977 0.0669 0.0113
vn -0.6992 0.7148 0.0115
vn 0.5592 0.8289 0.0111
vn 0.5439 0.8391 0.0112
vn -0.9891 0.1470 0.0113
vn 0.5367 0.8437 0.0111
vn 0.9298 -0.3680 0.0106
vn -0.5956 0.8032 0.0115
vn -0.9697 0.2439 0.0114
vn 0.4947 0.8690 0.0112
vn 0.5118 0.8590 0.0111
vn -0.9336 0.3582 0.0115
vn 0.4397 0.8981 0.0113
vn 0.4840 0.8750 0.0111
vn -0.4826 0.8757 0.0115
vn -0.8732 0.4872 0.0116
vn 0.4521 0.8919 0.0112
vn 0.3788 0.9254 0.0113
vn -0.7825 0.6225 0.0117
vn 0.4145 0.9100 0.0112
vn -0.3635 0.9315 0.0115
vn -0.6611 0.7502 0.0117
vn 0.3121 0.9500 0.0113
vn 0.3687 0.9295 0.0112
vn -0.5178 0.8554 0.0117
vn 0.8761 -0.4821 0.0106
vn 0.3116 0.9502 0.0113
vn -0.2415 0.9703 0.0115
vn 0.2399 0.9707 0.0113
vn -0.3682 0.9297 0.0116
vn 0.2368 0.9715 0.0113
vn -0.2272 0.9738 0.0115
vn 0.1352 0.9907 0.0115
vn 0.1630 0.9866 0.0113
vn -0.1044 0.9945 0.0114
vn 0.0140 0.9998 0.0115
vn -0.1196 0.9928 0.0115
vn 0.0824 0.9965 0.0113
vn -0.0087 0.9999 0.0114
vn 0.3109 -0.9499 0.0312
vn 0.8075 -0.5897 0.0106
vn -0.5845 -0.8113 0.0109
vn 0.9428 -0.3333 0.0107
vn 0.7244 -0.6893 0.0106
vn -0.5440 -0.8390 0.0108
vn 0.9015 -0.4326 0.0106
vn -0.5395 -0.8419 0.0110
vn 0.6271 -0.7788 0.0106
vn -0.5005 -0.8657 0.0108
vn 0.8425 -0.5385 0.0106
vn -0.5243 -0.8514 0.0109
vn -0.4539 -0.8910 0.0108
vn 0.7642 -0.6449 0.0106
vn 0.5169 -0.8560 0.0106
vn -0.5026 -0.8644 0.0109
vn -0.4044 -0.9145 0.0108
vn 0.6682 -0.7439 0.0106
vn -0.4729 -0.8811 0.0109
vn 0.3956 -0.9184 0.0106
vn -0.3522 -0.9359 0.0108
vn 0.5597 -0.8286 0.0106
vn -0.4336 -0.9010 0.0108
vn -0.2975 -0.9547 0.0108
vn 0.4464 -0.8948 0.0106
vn -0.3841 -0.9232 0.0108
vn 0.2663 -0.9638 0.0106
vn -0.2406 -0.9706 0.0108
vn 0.3361 -0.9418 0.0106
vn -0.3247 -0.9458 0.0108
vn -0.1818 -0.9833 0.0108
vn -0.2576 -0.9662 0.0108
vn 0.2345 -0.9721 0.0107
vn -0.1869 -0.9823 0.0108
vn -0.1218 -0.9925 0.0108
vn 0.1444 -0.9895 0.0107
vn -0.1177 -0.9930 0.0108
vn -0.0611 -0.9981 0.0108
vn 0.0670 -0.9977 0.0108
vn 0.0177 -0.9998 0.0107
vn -0.0548 -0.9984 0.0108
vn 0.0029 -0.9999 0.0108
vn -0.1221 0.9925 0.0106
vn -0.3939 0.9191 0.0105
vn -0.9706 0.2406 0.0113
vn -0.9426 0.3337 0.0114
vn 0.3347 0.9422 0.0112
vn -0.0077 0.9999 0.0113
vn 0.4256 -0.9049 0.0105
vn 0.0476 -0.9988 0.0112
vn -0.6922 -0.7217 0.0115
vn -0.8598 -0.5104 0.0115
vn -0.9652 -0.2613 0.0115
vn -0.8517 -0.5239 0.0084
vn -0.1250 -0.9921 0.0109
vt 0.181818 0.000000
vt 0.909091 0.000000
vt 0.090909 0.000000
vt 0.000000 0.000000
vt 1.000000 0.000000
vt 0.818182 0.000000
vt 0.545455 0.000000
vt 0.727273 0.000000
vt 0.636364 0.000000
vt 0.454545 0.000000
vt 0.363636 0.000000
vt 0.272727 0.000000
vt 0.134021 0.000000
vt 0.113402 0.000000
vt 0.123711 0.000000
vt 0.103093 0.000000
vt 0.092784 0.000000
vt 0.144330 0.000000
vt 0.082474 0.000000
vt 0.072165 0.000000
vt 0.061856 0.000000
vt 0.154639 0.000000
vt 0.051546 0.000000
vt 0.041237 0.000000
vt 0.030928 0.000000
vt 0.164948 0.000000
vt 0.020619 0.000000
vt 0.010309 0.000000
vt 0.175258 0.000000
vt 0.896907 0.000000
vt 0.907216 0.000000
vt 0.917526 0.000000
vt 0.927835 0.000000
vt 0.938144 0.000000
vt 0.948454 0.000000
vt 0.958763 0.000000
vt 0.969072 0.000000
vt 0.979381 0.000000
vt 0.989691 0.000000
vt 0.185567 0.000000
vt 0.876289 0.000000
vt 0.886598 0.000000
vt 0.865979 0.000000
vt 0.855670 0.000000
vt 0.845361 0.000000
vt 0.195876 0.000000
vt 0.835052 0.000000
vt 0.824742 0.000000
vt 0.206186 0.000000
vt 0.814433 0.000000
vt 0.804124 0.000000
vt 0.216495 0.000000
vt 0.793814 0.000000
vt 0.226804 0.000000
vt 0.783505 0.000000
vt 0.773196 0.000000
vt 0.237113 0.000000
vt 0.762887 0.000000
vt 0.247423 0.000000
vt 0.752577 0.000000
vt 0.742268 0.000000
vt 0.257732 0.000000
vt 0.731959 0.000000
vt 0.268041 0.000000
vt 0.721649 0.000000
vt 0.278351 0.000000
vt 0.711340 0.000000
vt 0.288660 0.000000
vt 0.701031 0.000000
vt 0.298969 0.000000
vt 0.690722 0.000000
vt 0.515464 0.000000
vt 0.494845 0.000000
vt 0.505155 0.000000
vt 0.680412 0.000000
vt 0.525773 0.000000
vt 0.309278 0.000000
vt 0.536082 0.000000
vt 0.670103 0.000000
vt 0.546392 0.000000
vt 0.556701 0.000000
vt 0.659794 0.000000
vt 0.567010 0.000000
vt 0.319588 0.000000
vt 0.577320 0.000000
vt 0.649485 0.000000
vt 0.587629 0.000000
vt 0.597938 0.000000
vt 0.639175 0.000000
vt 0.608247 0.000000
vt 0.618557 0.000000
vt 0.628866 0.000000
vt 0.329897 0.000000
vt 0.484536 0.000000
vt 0.340206 0.000000
vt 0.474227 0.000000
vt 0.463918 0.000000
vt 0.453608 0.000000
vt 0.350515 0.000000
vt 0.443299 0.000000
vt 0.432990 0.000000
vt 0.422680 0.000000
vt 0.360825 0.000000
vt 0.412371 0.000000
vt 0.402062 0.000000
vt 0.391753 0.000000
vt 0.371134 0.000000
vt 0.381443 0.000000
vt 0.200000 0.000000
vt 0.100000 0.000000
vt 0.800000 0.000000
vt 0.700000 0.000000
vt 0.900000 0.000000
vt 0.400000 0.000000
vt 0.500000 0.000000
vt 0.300000 0.000000
vt 0.600000 0.000000
vt 0.018182 0.000000
vt 0.527273 0.000000
vt 0.509091 0.000000
vt 0.490909 0.000000
vt 0.472727 0.000000
vt 0.436364 0.000000
vt 0.418182 0.000000
vt 0.381818 0.000000
vt 0.563636 0.000000
vt 0.581818 0.000000
vt 0.345455 0.000000
vt 0.618182 0.000000
vt 0.654545 0.000000
vt 0.327273 0.000000
vt 0.672727 0.000000
vt 0.690909 0.000000
vt 0.709091 0.000000
vt 0.309091 0.000000
vt 0.745455 0.000000
vt 0.290909 0.000000
vt 0.763636 0.000000
vt 0.781818 0.000000
vt 0.254545 0.000000
vt 0.836364 0.000000
vt 0.236364 0.000000
vt 0.854545 0.000000
vt 0.872727 0.000000
vt 0.218182 0.000000
vt 0.890909 0.000000
vt 0.927273 0.000000
vt 0.945455 0.000000
vt 0.963636 0.000000
vt 0.981818 0.000000
vt 0.054545 0.000000
vt 0.163636 0.000000
vt 0.145455 0.000000
vt 0.127273 0.000000
vt 0.109091 0.000000
vt 0.072727 0.000000
vt 0.036364 0.000000
vt 0.107438 0.000000
vt 0.099174 0.000000
vt 0.082645 0.000000
vt 0.074380 0.000000
vt 0.115702 0.000000
vt 0.066116 0.000000
vt 0.057851 0.000000
vt 0.123967 0.000000
vt 0.049587 0.000000
vt 0.041322 0.000000
vt 0.132231 0.000000
vt 0.033058 0.000000
vt 0.024793 0.000000
vt 0.140496 0.000000
vt 0.016529 0.000000
vt 0.008264 0.000000
vt 0.148760 0.000000
vt 0.933884 0.000000
vt 0.942149 0.000000
vt 0.950413 0.000000
vt 0.958678 0.000000
vt 0.966942 0.000000
vt 0.975207 0.000000
vt 0.983471 0.000000
vt 0.991736 0.000000
vt 0.157025 0.000000
vt 0.917355 0.000000
vt 0.925620 0.000000
vt 0.165289 0.000000
vt 0.900826 0.000000
vt 0.173554 0.000000
vt 0.892562 0.000000
vt 0.884298 0.000000
vt 0.876033 0.000000
vt 0.867769 0.000000
vt 0.859504 0.000000
vt 0.851240 0.000000
vt 0.842975 0.000000
vt 0.834711 0.000000
vt 0.826446 0.000000
vt 0.190083 0.000000
vt 0.809917 0.000000
vt 0.198347 0.000000
vt 0.801653 0.000000
vt 0.793388 0.000000
vt 0.206612 0.000000
vt 0.785124 0.000000
vt 0.776860 0.000000
vt 0.214876 0.000000
vt 0.768595 0.000000
vt 0.223140 0.000000
vt 0.760331 0.000000
vt 0.752066 0.000000
vt 0.231405 0.000000
vt 0.743802 0.000000
vt 0.239669 0.000000
vt 0.735537 0.000000
vt 0.247934 0.000000
vt 0.256198 0.000000
vt 0.719008 0.000000
vt 0.264463 0.000000
vt 0.710744 0.000000
vt 0.280992 0.000000
vt 0.289256 0.000000
vt 0.702479 0.000000
vt 0.297521 0.000000
vt 0.504132 0.000000
vt 0.487603 0.000000
vt 0.495868 0.000000
vt 0.694215 0.000000
vt 0.305785 0.000000
vt 0.479339 0.000000
vt 0.314050 0.000000
vt 0.685950 0.000000
vt 0.471074 0.000000
vt 0.322314 0.000000
vt 0.462810 0.000000
vt 0.330579 0.000000
vt 0.338843 0.000000
vt 0.677686 0.000000
vt 0.347107 0.000000
vt 0.446281 0.000000
vt 0.355372 0.000000
vt 0.438017 0.000000
vt 0.669421 0.000000
vt 0.429752 0.000000
vt 0.371901 0.000000
vt 0.421488 0.000000
vt 0.380165 0.000000
vt 0.413223 0.000000
vt 0.388430 0.000000
vt 0.404959 0.000000
vt 0.661157 0.000000
vt 0.396694 0.000000
vt 0.652893 0.000000
vt 0.512397 0.000000
vt 0.520661 0.000000
vt 0.644628 0.000000
vt 0.528926 0.000000
vt 0.537190 0.000000
vt 0.628099 0.000000
vt 0.553719 0.000000
vt 0.561983 0.000000
vt 0.619835 0.000000
vt 0.570248 0.000000
vt 0.578512 0.000000
vt 0.611570 0.000000
vt 0.586777 0.000000
vt 0.595041 0.000000
vt 0.603306 0.000000
vt 0.097744 0.000000
vt 0.082707 0.000000
vt 0.090226 0.000000
vt 0.075188 0.000000
vt 0.105263 0.000000
vt 0.067669 0.000000
vt 0.060150 0.000000
vt 0.112782 0.000000
vt 0.052632 0.000000
vt 0.045113 0.000000
vt 0.120301 0.000000
vt 0.037594 0.000000
vt 0.030075 0.000000
vt 0.127820 0.000000
vt 0.022556 0.000000
vt 0.015038 0.000000
vt 0.135338 0.000000
vt 0.007519 0.000000
vt 0.142857 0.000000
vt 0.939850 0.000000
vt 0.947368 0.000000
vt 0.954887 0.000000
vt 0.962406 0.000000
vt 0.969925 0.000000
vt 0.977444 0.000000
vt 0.984962 0.000000
vt 0.992481 0.000000
vt 0.150376 0.000000
vt 0.924812 0.000000
vt 0.932331 0.000000
vt 0.157895 0.000000
vt 0.917293 0.000000
vt 0.165414 0.000000
vt 0.902256 0.000000
vt 0.909774 0.000000
vt 0.894737 0.000000
vt 0.887218 0.000000
vt 0.879699 0.000000
vt 0.872180 0.000000
vt 0.864662 0.000000
vt 0.172932 0.000000
vt 0.857143 0.000000
vt 0.849624 0.000000
vt 0.842105 0.000000
vt 0.834586 0.000000
vt 0.180451 0.000000
vt 0.827068 0.000000
vt 0.819549 0.000000
vt 0.812030 0.000000
vt 0.187970 0.000000
vt 0.804511 0.000000
vt 0.796992 0.000000
vt 0.789474 0.000000
vt 0.781955 0.000000
vt 0.774436 0.000000
vt 0.195489 0.000000
vt 0.766917 0.000000
vt 0.759399 0.000000
vt 0.751880 0.000000
vt 0.203008 0.000000
vt 0.744361 0.000000
vt 0.736842 0.000000
vt 0.729323 0.000000
vt 0.210526 0.000000
vt 0.721804 0.000000
vt 0.218045 0.000000
vt 0.714286 0.000000
vt 0.706767 0.000000
vt 0.225564 0.000000
vt 0.699248 0.000000
vt 0.233083 0.000000
vt 0.691729 0.000000
vt 0.684211 0.000000
vt 0.240602 0.000000
vt 0.676692 0.000000
vt 0.248120 0.000000
vt 0.669173 0.000000
vt 0.661654 0.000000
vt 0.255639 0.000000
vt 0.654135 0.000000
vt 0.263158 0.000000
vt 0.646617 0.000000
vt 0.270677 0.000000
vt 0.639098 0.000000
vt 0.458647 0.000000
vt 0.443609 0.000000
vt 0.451128 0.000000
vt 0.631579 0.000000
vt 0.278196 0.000000
vt 0.436090 0.000000
vt 0.285714 0.000000
vt 0.428571 0.000000
vt 0.293233 0.000000
vt 0.624060 0.000000
vt 0.421053 0.000000
vt 0.300752 0.000000
vt 0.413534 0.000000
vt 0.308271 0.000000
vt 0.406015 0.000000
vt 0.315789 0.000000
vt 0.616541 0.000000
vt 0.398496 0.000000
vt 0.323308 0.000000
vt 0.330827 0.000000
vt 0.390977 0.000000
vt 0.338346 0.000000
vt 0.383459 0.000000
vt 0.345865 0.000000
vt 0.375940 0.000000
vt 0.353383 0.000000
vt 0.368421 0.000000
vt 0.360902 0.000000
vt 0.609023 0.000000
vt 0.601504 0.000000
vt 0.593985 0.000000
vt 0.466165 0.000000
vt 0.586466 0.000000
vt 0.473684 0.000000
vt 0.481203 0.000000
vt 0.578947 0.000000
vt 0.488722 0.000000
vt 0.496241 0.000000
vt 0.571429 0.000000
vt 0.503759 0.000000
vt 0.563910 0.000000
vt 0.511278 0.000000
vt 0.518797 0.000000
vt 0.556391 0.000000
vt 0.526316 0.000000
vt 0.533835 0.000000
vt 0.548872 0.000000
vt 0.541353 0.000000
vt 0.387755 0.000000
vt 0.367347 0.000000
vt 0.377551 0.000000
vt 0.357143 0.000000
vt 0.397959 0.000000
vt 0.346939 0.000000
vt 0.408163 0.000000
vt 0.336735 0.000000
vt 0.418367 0.000000
vt 0.326531 0.000000
vt 0.316327 0.000000
vt 0.438776 0.000000
vt 0.306122 0.000000
vt 0.448980 0.000000
vt 0.877551 0.000000
vt 0.867347 0.000000
vt 0.887755 0.000000
vt 0.897959 0.000000
vt 0.846939 0.000000
vt 0.908163 0.000000
vt 0.295918 0.000000
vt 0.836735 0.000000
vt 0.459184 0.000000
vt 0.918367 0.000000
vt 0.826531 0.000000
vt 0.928571 0.000000
vt 0.816327 0.000000
vt 0.938776 0.000000
vt 0.806122 0.000000
vt 0.948980 0.000000
vt 0.469388 0.000000
vt 0.795918 0.000000
vt 0.959184 0.000000
vt 0.785714 0.000000
vt 0.969388 0.000000
vt 0.479592 0.000000
vt 0.275510 0.000000
vt 0.775510 0.000000
vt 0.979592 0.000000
vt 0.765306 0.000000
vt 0.989796 0.000000
vt 0.489796 0.000000
vt 0.755102 0.000000
vt 0.265306 0.000000
vt 0.255102 0.000000
vt 0.510204 0.000000
vt 0.244898 0.000000
vt 0.234694 0.000000
vt 0.520408 0.000000
vt 0.224490 0.000000
vt 0.214286 0.000000
vt 0.530612 0.000000
vt 0.204082 0.000000
vt 0.540816 0.000000
vt 0.193878 0.000000
vt 0.010204 0.000000
vt 0.744898 0.000000
vt 0.183673 0.000000
vt 0.020408 0.000000
vt 0.030612 0.000000
vt 0.551020 0.000000
vt 0.173469 0.000000
vt 0.040816 0.000000
vt 0.051020 0.000000
vt 0.163265 0.000000
vt 0.061224 0.000000
vt 0.153061 0.000000
vt 0.071429 0.000000
vt 0.561224 0.000000
vt 0.081633 0.000000
vt 0.091837 0.000000
vt 0.132653 0.000000
vt 0.102041 0.000000
vt 0.112245 0.000000
vt 0.122449 0.000000
vt 0.734694 0.000000
vt 0.581633 0.000000
vt 0.724490 0.000000
vt 0.591837 0.000000
vt 0.704082 0.000000
vt 0.693878 0.000000
vt 0.602041 0.000000
vt 0.683673 0.000000
vt 0.673469 0.000000
vt 0.612245 0.000000
vt 0.663265 0.000000
vt 0.653061 0.000000
vt 0.642857 0.000000
vt 0.622449 0.000000
vt 0.632653 0.000000
vt 0.759259 0.000000
vt 0.722222 0.000000
vt 0.740741 0.000000
vt 0.703704 0.000000
vt 0.777778 0.000000
vt 0.685185 0.000000
vt 0.796296 0.000000
vt 0.666667 0.000000
vt 0.648148 0.000000
vt 0.814815 0.000000
vt 0.629630 0.000000
vt 0.018519 0.000000
vt 0.981481 0.000000
vt 0.833333 0.000000
vt 0.611111 0.000000
vt 0.592593 0.000000
vt 0.851852 0.000000
vt 0.574074 0.000000
vt 0.870370 0.000000
vt 0.555556 0.000000
vt 0.537037 0.000000
vt 0.888889 0.000000
vt 0.518519 0.000000
vt 0.907407 0.000000
vt 0.333333 0.000000
vt 0.351852 0.000000
vt 0.370370 0.000000
vt 0.388889 0.000000
vt 0.407407 0.000000
vt 0.425926 0.000000
vt 0.444444 0.000000
vt 0.462963 0.000000
vt 0.481481 0.000000
vt 0.925926 0.000000
vt 0.296296 0.000000
vt 0.314815 0.000000
vt 0.944444 0.000000
vt 0.259259 0.000000
vt 0.277778 0.000000
vt 0.240741 0.000000
vt 0.222222 0.000000
vt 0.962963 0.000000
vt 0.203704 0.000000
vt 0.185185 0.000000
vt 0.111111 0.000000
vt 0.129630 0.000000
vt 0.148148 0.000000
vt 0.166667 0.000000
vt 0.092593 0.000000
vt 0.074074 0.000000
vt 0.055556 0.000000
vt 0.037037 0.000000
vt 0.219653 0.000000
vt 0.208092 0.000000
vt 0.213873 0.000000
vt 0.225434 0.000000
vt 0.202312 0.000000
vt 0.231214 0.000000
vt 0.236994 0.000000
vt 0.196532 0.000000
vt 0.242775 0.000000
vt 0.190751 0.000000
vt 0.248555 0.000000
vt 0.254335 0.000000
vt 0.184971 0.000000
vt 0.260116 0.000000
vt 0.179191 0.000000
vt 0.265896 0.000000
vt 0.271676 0.000000
vt 0.173410 0.000000
vt 0.277457 0.000000
vt 0.167630 0.000000
vt 0.283237 0.000000
vt 0.289017 0.000000
vt 0.294798 0.000000
vt 0.300578 0.000000
vt 0.306358 0.000000
vt 0.312139 0.000000
vt 0.317919 0.000000
vt 0.323699 0.000000
vt 0.329480 0.000000
vt 0.335260 0.000000
vt 0.341040 0.000000
vt 0.346821 0.000000
vt 0.352601 0.000000
vt 0.358382 0.000000
vt 0.161850 0.000000
vt 0.364162 0.000000
vt 0.156069 0.000000
vt 0.369942 0.000000
vt 0.375723 0.000000
vt 0.381503 0.000000
vt 0.387283 0.000000
vt 0.393064 0.000000
vt 0.150289 0.000000
vt 0.398844 0.000000
vt 0.404624 0.000000
vt 0.410405 0.000000
vt 0.144509 0.000000
vt 0.416185 0.000000
vt 0.421965 0.000000
vt 0.138728 0.000000
vt 0.427746 0.000000
vt 0.433526 0.000000
vt 0.439306 0.000000
vt 0.445087 0.000000
vt 0.450867 0.000000
vt 0.456647 0.000000
vt 0.462428 0.000000
vt 0.994220 0.000000
vt 0.791907 0.000000
vt 0.988439 0.000000
vt 0.468208 0.000000
vt 0.982659 0.000000
vt 0.473988 0.000000
vt 0.976879 0.000000
vt 0.479769 0.000000
vt 0.971098 0.000000
vt 0.965318 0.000000
vt 0.485549 0.000000
vt 0.959538 0.000000
vt 0.491329 0.000000
vt 0.953757 0.000000
vt 0.947977 0.000000
vt 0.497110 0.000000
vt 0.942197 0.000000
vt 0.936416 0.000000
vt 0.502890 0.000000
vt 0.930636 0.000000
vt 0.508671 0.000000
vt 0.924855 0.000000
vt 0.919075 0.000000
vt 0.514451 0.000000
vt 0.913295 0.000000
vt 0.907514 0.000000
vt 0.797688 0.000000
vt 0.520231 0.000000
vt 0.803468 0.000000
vt 0.901734 0.000000
vt 0.809249 0.000000
vt 0.005780 0.000000
vt 0.786127 0.000000
vt 0.132948 0.000000
vt 0.895954 0.000000
vt 0.011561 0.000000
vt 0.815029 0.000000
vt 0.127168 0.000000
vt 0.017341 0.000000
vt 0.526012 0.000000
vt 0.890173 0.000000
vt 0.121387 0.000000
vt 0.820809 0.000000
vt 0.023121 0.000000
vt 0.115607 0.000000
vt 0.826590 0.000000
vt 0.028902 0.000000
vt 0.884393 0.000000
vt 0.109827 0.000000
vt 0.034682 0.000000
vt 0.832370 0.000000
vt 0.104046 0.000000
vt 0.040462 0.000000
vt 0.878613 0.000000
vt 0.098266 0.000000
vt 0.838150 0.000000
vt 0.046243 0.000000
vt 0.092486 0.000000
vt 0.531792 0.000000
vt 0.052023 0.000000
vt 0.872832 0.000000
vt 0.843931 0.000000
vt 0.086705 0.000000
vt 0.057803 0.000000
vt 0.080925 0.000000
vt 0.063584 0.000000
vt 0.849711 0.000000
vt 0.075145 0.000000
vt 0.069364 0.000000
vt 0.867052 0.000000
vt 0.855491 0.000000
vt 0.861272 0.000000
vt 0.647399 0.000000
vt 0.537572 0.000000
vt 0.641618 0.000000
vt 0.653179 0.000000
vt 0.543353 0.000000
vt 0.635838 0.000000
vt 0.658960 0.000000
vt 0.780347 0.000000
vt 0.549133 0.000000
vt 0.630058 0.000000
vt 0.664740 0.000000
vt 0.774566 0.000000
vt 0.624277 0.000000
vt 0.670520 0.000000
vt 0.554913 0.000000
vt 0.768786 0.000000
vt 0.618497 0.000000
vt 0.676301 0.000000
vt 0.763006 0.000000
vt 0.560694 0.000000
vt 0.612717 0.000000
vt 0.682081 0.000000
vt 0.757225 0.000000
vt 0.606936 0.000000
vt 0.687861 0.000000
vt 0.751445 0.000000
vt 0.566474 0.000000
vt 0.601156 0.000000
vt 0.693642 0.000000
vt 0.745665 0.000000
vt 0.595376 0.000000
vt 0.739884 0.000000
vt 0.699422 0.000000
vt 0.572254 0.000000
vt 0.734104 0.000000
vt 0.589595 0.000000
vt 0.705202 0.000000
vt 0.728324 0.000000
vt 0.583815 0.000000
vt 0.710983 0.000000
vt 0.578035 0.000000
vt 0.722543 0.000000
vt 0.716763 0.000000
s 1
f 3/1/1 11/2/2 2/3/3
f 11/2/2 1/4/4 2/3/3
f 11/2/2 12/5/5 1/4/4
f 3/1/1 10/6/6 11/2/2
f 3/1/1 7/7/2 10/6/6
f 7/7/2 9/8/4 10/6/6
f 7/7/2 8/9/5 9/8/4
f 3/1/1 6/10/6 7/7/2
f 3/1/1 5/11/4 6/10/6
f 3/1/1 4/12/5 5/11/4
f 26/13/7 24/14/8 25/15/9
f 26/13/7 23/16/10 24/14/8
f 26/13/7 22/17/11 23/16/10
f 27/18/12 22/17/11 26/13/7
f 27/18/12 21/19/13 22/17/11
f 27/18/12 20/20/14 21/19/13
f 27/18/12 19/21/15 20/20/14
f 28/22/16 19/21/15 27/18/12
f 28/22/16 18/23/17 19/21/15
f 28/22/16 17/24/18 18/23/17
f 28/22/16 16/25/19 17/24/18
f 29/26/20 16/25/19 28/22/16
f 29/26/20 15/27/21 16/25/19
f 29/26/20 14/28/22 15/27/21
f 29/26/20 13/4/23 14/28/22
f 30/29/24 13/4/23 29/26/20
f 30/29/24 100/30/25 13/4/23
f 100/30/25 101/31/26 13/4/23
f 101/31/26 102/32/27 13/4/23
f 102/32/27 103/33/28 13/4/23
f 103/33/28 104/34/29 13/4/23
f 104/34/29 105/35/30 13/4/23
f 105/35/30 106/36/31 13/4/23
f 106/36/31 107/37/32 13/4/23
f 107/37/32 108/38/33 13/4/23
f 108/38/33 109/39/34 13/4/23
f 109/39/34 110/5/35 13/4/23
f 31/40/36 98/41/37 30/29/24
f 98/41/37 99/42/38 30/29/24
f 99/42/38 100/30/25 30/29/24
f 31/40/36 97/43/39 98/41/37
f 31/40/36 96/44/40 97/43/39
f 31/40/36 95/45/41 96/44/40
f 32/46/42 95/45/41 31/40/36
f 32/46/42 94/47/43 95/45/41
f 32/46/42 93/48/44 94/47/43
f 33/49/45 93/48/44 32/46/42
f 33/49/45 92/50/46 93/48/44
f 33/49/45 91/51/47 92/50/46
f 34/52/48 91/51/47 33/49/45
f 34/52/48 90/53/49 91/51/47
f 35/54/50 90/53/49 34/52/48
f 35/54/50 89/55/51 90/53/49
f 35/54/50 88/56/52 89/55/51
f 36/57/53 88/56/52 35/54/50
f 36/57/53 87/58/54 88/56/52
f 37/59/55 87/58/54 36/57/53
f 37/59/55 86/60/56 87/58/54
f 37/59/55 85/61/57 86/60/56
f 38/62/58 85/61/57 37/59/55
f 38/62/58 84/63/59 85/61/57
f 39/64/60 84/63/59 38/62/58
f 39/64/60 83/65/61 84/63/59
f 40/66/62 83/65/61 39/64/60
f 40/66/62 82/67/63 83/65/61
f 41/68/64 82/67/63 40/66/62
f 41/68/64 81/69/65 82/67/63
f 42/70/66 81/69/65 41/68/64
f 42/70/66 80/71/67 81/69/65
f 63/72/68 61/73/69 62/74/70
f 42/70/66 79/75/71 80/71/67
f 64/76/72 61/73/69 63/72/68
f 43/77/73 79/75/71 42/70/66
f 65/78/74 61/73/69 64/76/72
f 43/77/73 78/79/75 79/75/71
f 66/80/76 61/73/69 65/78/74
f 67/81/77 61/73/69 66/80/76
f 43/77/73 77/82/78 78/79/75
f 68/83/79 61/73/69 67/81/77
f 44/84/80 77/82/78 43/77/73
f 69/85/81 61/73/69 68/83/79
f 44/84/80 76/86/82 77/82/78
f 70/87/83 61/73/69 69/85/81
f 71/88/84 61/73/69 70/87/83
f 44/84/80 75/89/85 76/86/82
f 72/90/86 61/73/69 71/88/84
f 73/91/87 61/73/69 72/90/86
f 44/84/80 74/92/88 75/89/85
f 74/92/88 61/73/69 73/91/87
f 44/84/80 61/73/69 74/92/88
f 45/93/89 61/73/69 44/84/80
f 45/93/89 60/94/90 61/73/69
f 46/95/91 60/94/90 45/93/89
f 46/95/91 59/96/92 60/94/90
f 46/95/91 58/97/93 59/96/92
f 46/95/91 57/98/94 58/97/93
f 47/99/95 57/98/94 46/95/91
f 47/99/95 56/100/96 57/98/94
f 47/99/95 55/101/97 56/100/96
f 47/99/95 54/102/98 55/101/97
f 48/103/99 54/102/98 47/99/95
f 48/103/99 53/104/100 54/102/98
f 48/103/99 52/105/101 53/104/100
f 48/103/99 51/106/102 52/105/101
f 49/107/103 51/106/102 48/103/99
f 49/107/103 50/108/104 51/106/102
f 113/109/105 111/4/106 112/110/107
f 113/109/105 119/111/108 111/4/106
f 119/111/108 118/112/109 111/4/106
f 113/109/105 121/5/110 119/111/108
f 120/113/111 118/112/109 119/111/108
f 113/109/105 115/114/112 121/5/110
f 115/114/112 120/113/111 121/5/110
f 115/114/112 116/115/113 120/113/111
f 116/115/113 118/112/109 120/113/111
f 113/109/105 114/116/114 115/114/112
f 117/117/115 118/112/109 116/115/113
f 123/118/1 151/119/2 122/4/3
f 151/119/2 150/120/116 122/4/3
f 151/119/2 149/121/117 150/120/116
f 151/119/2 148/122/118 149/121/117
f 151/119/2 147/10/119 148/122/118
f 151/119/2 146/123/120 147/10/119
f 151/119/2 145/124/121 146/123/120
f 151/119/2 144/114/122 145/124/121
f 151/119/2 143/125/123 144/114/122
f 151/119/2 152/7/124 143/125/123
f 152/7/124 142/11/125 143/125/123
f 123/118/1 177/5/6 151/119/2
f 153/126/126 142/11/125 152/7/124
f 154/127/127 142/11/125 153/126/126
f 155/117/128 142/11/125 154/127/127
f 155/117/128 141/128/129 142/11/125
f 156/129/130 141/128/129 155/117/128
f 157/9/131 141/128/129 156/129/130
f 158/130/132 141/128/129 157/9/131
f 158/130/132 140/131/133 141/128/129
f 159/132/134 140/131/133 158/130/132
f 160/133/135 140/131/133 159/132/134
f 161/134/136 140/131/133 160/133/135
f 161/134/136 139/135/137 140/131/133
f 162/8/138 139/135/137 161/134/136
f 163/136/139 139/135/137 162/8/138
f 163/136/139 138/137/140 139/135/137
f 164/138/141 138/137/140 163/136/139
f 165/139/142 138/137/140 164/138/141
f 165/139/142 137/12/143 138/137/140
f 166/111/144 137/12/143 165/139/142
f 166/111/144 136/140/145 137/12/143
f 167/6/146 136/140/145 166/111/144
f 168/141/147 136/140/145 167/6/146
f 168/141/147 135/142/148 136/140/145
f 169/143/149 135/142/148 168/141/147
f 170/144/150 135/142/148 169/143/149
f 170/144/150 134/145/151 135/142/148
f 171/146/152 134/145/151 170/144/150
f 172/2/153 134/145/151 171/146/152
f 173/147/154 134/145/151 172/2/153
f 174/148/155 134/145/151 173/147/154
f 174/148/155 133/109/156 134/145/151
f 175/149/157 133/109/156 174/148/155
f 176/150/158 133/109/156 175/149/157
f 123/118/1 125/151/2 177/5/6
f 125/151/2 176/150/158 177/5/6
f 125/151/2 133/109/156 176/150/158
f 125/151/2 132/1/159 133/109/156
f 125/151/2 131/152/160 132/1/159
f 125/151/2 130/153/161 131/152/160
f 125/151/2 129/154/162 130/153/161
f 125/151/2 128/155/163 129/154/162
f 125/151/2 127/3/164 128/155/163
f 125/151/2 126/156/165 127/3/164
f 123/118/1 124/157/5 125/151/2
f 191/158/166 189/3/167 190/159/168
f 191/158/166 188/160/169 189/3/167
f 191/158/166 187/161/170 188/160/169
f 192/162/171 187/161/170 191/158/166
f 192/162/171 186/163/172 187/161/170
f 192/162/171 185/164/173 186/163/172
f 193/165/174 185/164/173 192/162/171
f 193/165/174 184/166/175 185/164/173
f 193/165/174 183/167/176 184/166/175
f 194/168/177 183/167/176 193/165/174
f 194/168/177 182/169/178 183/167/176
f 194/168/177 181/170/179 182/169/178
f 195/171/180 181/170/179 194/168/177
f 195/171/180 180/172/181 181/170/179
f 195/171/180 179/173/182 180/172/181
f 196/174/183 179/173/182 195/171/180
f 196/174/183 178/4/184 179/173/182
f 196/174/183 291/175/185 178/4/184
f 291/175/185 292/176/186 178/4/184
f 292/176/186 293/177/187 178/4/184
f 293/177/187 294/178/188 178/4/184
f 294/178/188 295/179/189 178/4/184
f 295/179/189 296/180/190 178/4/184
f 296/180/190 297/181/191 178/4/184
f 297/181/191 298/182/192 178/4/184
f 298/182/192 299/5/193 178/4/184
f 197/183/194 289/184/195 196/174/183
f 289/184/195 290/185/196 196/174/183
f 290/185/196 291/175/185 196/174/183
f 198/186/197 287/187/198 197/183/194
f 287/187/198 288/2/199 197/183/194
f 288/2/199 289/184/195 197/183/194
f 199/188/200 286/189/201 198/186/197
f 286/189/201 287/187/198 198/186/197
f 199/188/200 285/190/202 286/189/201
f 199/188/200 284/191/203 285/190/202
f 199/188/200 283/192/204 284/191/203
f 199/188/200 282/193/205 283/192/204
f 199/188/200 281/194/206 282/193/205
f 200/1/207 281/194/206 199/188/200
f 200/1/207 280/195/208 281/194/206
f 200/1/207 279/196/209 280/195/208
f 200/1/207 278/197/210 279/196/209
f 201/198/211 278/197/210 200/1/207
f 201/198/211 277/6/212 278/197/210
f 201/198/211 276/199/213 277/6/212
f 202/200/214 276/199/213 201/198/211
f 202/200/214 275/201/215 276/199/213
f 202/200/214 274/202/216 275/201/215
f 203/203/217 274/202/216 202/200/214
f 203/203/217 273/204/218 274/202/216
f 203/203/217 272/205/219 273/204/218
f 204/206/220 272/205/219 203/203/217
f 204/206/220 271/207/221 272/205/219
f 205/208/222 271/207/221 204/206/220
f 205/208/222 270/209/223 271/207/221
f 205/208/222 269/210/224 270/209/223
f 206/211/225 269/210/224 205/208/222
f 206/211/225 268/212/226 269/210/224
f 207/213/227 268/212/226 206/211/225
f 207/213/227 267/214/228 268/212/226
f 208/215/229 267/214/228 207/213/227
f 208/215/229 266/8/230 267/214/228
f 209/216/231 266/8/230 208/215/229
f 209/216/231 265/217/232 266/8/230
f 210/218/233 265/217/232 209/216/231
f 211/12/234 265/217/232 210/218/233
f 211/12/234 264/219/235 265/217/232
f 212/220/236 264/219/235 211/12/234
f 213/221/237 264/219/235 212/220/236
f 213/221/237 263/222/238 264/219/235
f 214/223/239 263/222/238 213/221/237
f 239/224/240 237/225/241 238/226/242
f 214/223/239 262/227/243 263/222/238
f 215/228/244 262/227/243 214/223/239
f 239/224/240 236/229/245 237/225/241
f 216/230/246 262/227/243 215/228/244
f 216/230/246 261/231/247 262/227/243
f 239/224/240 235/232/248 236/229/245
f 217/233/249 261/231/247 216/230/246
f 239/224/240 234/234/250 235/232/248
f 218/235/251 261/231/247 217/233/249
f 219/236/252 261/231/247 218/235/251
f 219/236/252 260/237/253 261/231/247
f 239/224/240 233/10/254 234/234/250
f 220/238/255 260/237/253 219/236/252
f 239/224/240 232/239/256 233/10/254
f 221/240/257 260/237/253 220/238/255
f 239/224/240 231/241/258 232/239/256
f 221/240/257 259/242/259 260/237/253
f 222/11/260 259/242/259 221/240/257
f 239/224/240 230/243/261 231/241/258
f 223/244/262 259/242/259 222/11/260
f 239/224/240 229/245/263 230/243/261
f 224/246/264 259/242/259 223/244/262
f 239/224/240 228/247/265 229/245/263
f 225/248/266 259/242/259 224/246/264
f 239/224/240 227/249/267 228/247/265
f 225/248/266 258/250/268 259/242/259
f 226/251/269 258/250/268 225/248/266
f 239/224/240 226/251/269 227/249/267
f 239/224/240 258/250/268 226/251/269
f 239/224/240 257/252/270 258/250/268
f 240/253/271 257/252/270 239/224/240
f 241/254/272 257/252/270 240/253/271
f 241/254/272 256/255/273 257/252/270
f 242/256/274 256/255/273 241/254/272
f 242/256/274 255/9/275 256/255/273
f 243/257/276 255/9/275 242/256/274
f 244/7/277 255/9/275 243/257/276
f 244/7/277 254/258/278 255/9/275
f 245/259/279 254/258/278 244/7/277
f 246/260/280 254/258/278 245/259/279
f 246/260/280 253/261/281 254/258/278
f 247/262/282 253/261/281 246/260/280
f 248/263/283 253/261/281 247/262/282
f 248/263/283 252/264/284 253/261/281
f 249/265/285 252/264/284 248/263/283
f 250/266/286 252/264/284 249/265/285
f 250/266/286 251/267/287 252/264/284
f 313/268/288 311/269/289 312/270/290
f 313/268/288 310/271/291 311/269/289
f 314/272/292 310/271/291 313/268/288
f 314/272/292 309/273/293 310/271/291
f 314/272/292 308/274/294 309/273/293
f 315/275/295 308/274/294 314/272/292
f 315/275/295 307/276/296 308/274/294
f 315/275/295 306/277/297 307/276/296
f 316/278/298 306/277/297 315/275/295
f 316/278/298 305/279/299 306/277/297
f 316/278/298 304/280/300 305/279/299
f 317/281/301 304/280/300 316/278/298
f 317/281/301 303/282/302 304/280/300
f 317/281/301 302/283/303 303/282/302
f 318/284/304 302/283/303 317/281/301
f 318/284/304 301/285/305 302/283/303
f 318/284/304 300/4/306 301/285/305
f 319/286/307 300/4/306 318/284/304
f 319/286/307 425/287/308 300/4/306
f 425/287/308 426/288/309 300/4/306
f 426/288/309 427/289/310 300/4/306
f 427/289/310 428/290/311 300/4/306
f 428/290/311 429/291/312 300/4/306
f 429/291/312 430/292/313 300/4/306
f 430/292/313 431/293/314 300/4/306
f 431/293/314 432/294/315 300/4/306
f 432/294/315 433/5/316 300/4/306
f 320/295/317 423/296/318 319/286/307
f 423/296/318 424/297/319 319/286/307
f 424/297/319 425/287/308 319/286/307
f 321/298/320 422/299/321 320/295/317
f 422/299/321 423/296/318 320/295/317
f 322/300/322 420/301/323 321/298/320
f 420/301/323 421/302/324 321/298/320
f 421/302/324 422/299/321 321/298/320
f 322/300/322 419/303/325 420/301/323
f 322/300/322 418/304/326 419/303/325
f 322/300/322 417/305/327 418/304/326
f 322/300/322 416/306/328 417/305/327
f 322/300/322 415/307/329 416/306/328
f 323/308/330 415/307/329 322/300/322
f 323/308/330 414/309/331 415/307/329
f 323/308/330 413/310/332 414/309/331
f 323/308/330 412/311/333 413/310/332
f 323/308/330 411/312/334 412/311/333
f 324/313/335 411/312/334 323/308/330
f 324/313/335 410/314/336 411/312/334
f 324/313/335 409/315/337 410/314/336
f 324/313/335 408/316/338 409/315/337
f 325/317/339 408/316/338 324/313/335
f 325/317/339 407/318/340 408/316/338
f 325/317/339 406/319/341 407/318/340
f 325/317/339 405/320/342 406/319/341
f 325/317/339 404/321/343 405/320/342
f 325/317/339 403/322/344 404/321/343
f 326/323/345 403/322/344 325/317/339
f 326/323/345 402/324/346 403/322/344
f 326/323/345 401/325/347 402/324/346
f 326/323/345 400/326/348 401/325/347
f 327/327/349 400/326/348 326/323/345
f 327/327/349 399/328/350 400/326/348
f 327/327/349 398/329/351 399/328/350
f 327/327/349 397/330/352 398/329/351
f 328/331/353 397/330/352 327/327/349
f 328/331/353 396/332/354 397/330/352
f 329/333/355 396/332/354 328/331/353
f 329/333/355 395/334/356 396/332/354
f 329/333/355 394/335/357 395/334/356
f 330/336/358 394/335/357 329/333/355
f 330/336/358 393/337/359 394/335/357
f 331/338/360 393/337/359 330/336/358
f 331/338/360 392/339/361 393/337/359
f 331/338/360 391/340/362 392/339/361
f 332/341/363 391/340/362 331/338/360
f 332/341/363 390/342/364 391/340/362
f 333/343/365 390/342/364 332/341/363
f 333/343/365 389/344/366 390/342/364
f 333/343/365 388/345/367 389/344/366
f 334/346/368 388/345/367 333/343/365
f 334/346/368 387/347/369 388/345/367
f 335/348/370 387/347/369 334/346/368
f 335/348/370 386/349/371 387/347/369
f 336/350/372 386/349/371 335/348/370
f 336/350/372 385/351/373 386/349/371
f 361/352/374 359/353/375 360/354/376
f 336/350/372 384/355/377 385/351/373
f 337/356/378 384/355/377 336/350/372
f 361/352/374 358/357/379 359/353/375
f 338/358/380 384/355/377 337/356/378
f 361/352/374 357/359/381 358/357/379
f 339/360/382 384/355/377 338/358/380
f 339/360/382 383/361/383 384/355/377
f 361/352/374 356/362/384 357/359/381
f 340/363/385 383/361/383 339/360/382
f 361/352/374 355/364/386 356/362/384
f 341/365/387 383/361/383 340/363/385
f 361/352/374 354/366/388 355/364/386
f 342/367/389 383/361/383 341/365/387
f 342/367/389 382/368/390 383/361/383
f 361/352/374 353/369/391 354/366/388
f 343/370/392 382/368/390 342/367/389
f 344/371/393 382/368/390 343/370/392
f 361/352/374 352/372/394 353/369/391
f 345/373/395 382/368/390 344/371/393
f 361/352/374 351/374/396 352/372/394
f 346/375/397 382/368/390 345/373/395
f 361/352/374 350/376/398 351/374/396
f 347/377/399 382/368/390 346/375/397
f 361/352/374 349/378/400 350/376/398
f 348/379/401 382/368/390 347/377/399
f 361/352/374 348/379/401 349/378/400
f 348/379/401 381/380/402 382/368/390
f 361/352/374 381/380/402 348/379/401
f 361/352/374 380/381/403 381/380/402
f 361/352/374 379/382/404 380/381/403
f 362/383/405 379/382/404 361/352/374
f 362/383/405 378/384/406 379/382/404
f 363/385/407 378/384/406 362/383/405
f 364/386/408 378/384/406 363/385/407
f 364/386/408 377/387/409 378/384/406
f 365/388/410 377/387/409 364/386/408
f 366/389/411 377/387/409 365/388/410
f 366/389/411 376/390/412 377/387/409
f 367/391/413 376/390/412 366/389/411
f 367/391/413 375/392/414 376/390/412
f 368/393/415 375/392/414 367/391/413
f 369/394/416 375/392/414 368/393/415
f 369/394/416 374/395/417 375/392/414
f 370/396/418 374/395/417 369/394/416
f 371/397/419 374/395/417 370/396/418
f 371/397/419 373/398/420 374/395/417
f 372/399/421 373/398/420 371/397/419
f 447/268/288 445/269/289 446/270/290
f 447/268/288 444/271/291 445/269/289
f 448/272/292 444/271/291 447/268/288
f 448/272/292 443/273/293 444/271/291
f 448/272/292 442/274/294 443/273/293
f 449/275/295 442/274/294 448/272/292
f 449/275/295 441/276/296 442/274/294
f 449/275/295 440/277/297 441/276/296
f 450/278/298 440/277/297 449/275/295
f 450/278/298 439/279/299 440/277/297
f 450/278/298 438/280/300 439/279/299
f 451/281/301 438/280/300 450/278/298
f 451/281/301 437/282/302 438/280/300
f 451/281/301 436/283/303 437/282/302
f 452/284/304 436/283/303 451/281/301
f 452/284/304 435/285/305 436/283/303
f 452/284/304 434/4/306 435/285/305
f 453/286/307 434/4/306 452/284/304
f 453/286/307 559/287/308 434/4/306
f 559/287/308 560/288/309 434/4/306
f 560/288/309 561/289/310 434/4/306
f 561/289/310 562/290/311 434/4/306
f 562/290/311 563/291/312 434/4/306
f 563/291/312 564/292/313 434/4/306
f 564/292/313 565/293/314 434/4/306
f 565/293/314 566/294/315 434/4/306
f 566/294/315 567/5/422 434/4/306
f 454/295/317 557/296/318 453/286/307
f 557/296/318 558/297/319 453/286/307
f 558/297/319 559/287/308 453/286/307
f 455/298/320 556/299/321 454/295/317
f 556/299/321 557/296/318 454/295/317
f 456/300/322 554/301/323 455/298/320
f 554/301/323 555/302/324 455/298/320
f 555/302/324 556/299/321 455/298/320
f 456/300/322 553/303/325 554/301/323
f 456/300/322 552/304/326 553/303/325
f 456/300/322 551/305/327 552/304/326
f 456/300/322 550/306/328 551/305/327
f 456/300/322 549/307/329 550/306/328
f 457/308/330 549/307/329 456/300/322
f 457/308/330 548/309/331 549/307/329
f 457/308/330 547/310/332 548/309/331
f 457/308/330 546/311/333 547/310/332
f 457/308/330 545/312/334 546/311/333
f 458/313/335 545/312/334 457/308/330
f 458/313/335 544/314/336 545/312/334
f 458/313/335 543/315/337 544/314/336
f 458/313/335 542/316/423 543/315/337
f 459/317/339 542/316/423 458/313/335
f 459/317/339 541/318/340 542/316/423
f 459/317/339 540/319/424 541/318/340
f 459/317/339 539/320/342 540/319/424
f 459/317/339 538/321/425 539/320/342
f 459/317/339 537/322/344 538/321/425
f 460/323/345 537/322/344 459/317/339
f 460/323/345 536/324/346 537/322/344
f 460/323/345 535/325/347 536/324/346
f 460/323/345 534/326/348 535/325/347
f 461/327/349 534/326/348 460/323/345
f 461/327/349 533/328/350 534/326/348
f 461/327/349 532/329/351 533/328/350
f 461/327/349 531/330/352 532/329/351
f 462/331/353 531/330/352 461/327/349
f 462/331/353 530/332/354 531/330/352
f 463/333/355 530/332/354 462/331/353
f 463/333/355 529/334/356 530/332/354
f 463/333/355 528/335/357 529/334/356
f 464/336/426 528/335/357 463/333/355
f 464/336/426 527/337/359 528/335/357
f 465/338/360 527/337/359 464/336/426
f 465/338/360 526/339/361 527/337/359
f 465/338/360 525/340/362 526/339/361
f 466/341/363 525/340/362 465/338/360
f 466/341/363 524/342/364 525/340/362
f 467/343/365 524/342/364 466/341/363
f 467/343/365 523/344/366 524/342/364
f 467/343/365 522/345/367 523/344/366
f 468/346/368 522/345/367 467/343/365
f 468/346/368 521/347/369 522/345/367
f 469/348/370 521/347/369 468/346/368
f 469/348/370 520/349/371 521/347/369
f 470/350/372 520/349/371 469/348/370
f 470/350/372 519/351/373 520/349/371
f 495/352/374 493/353/375 494/354/376
f 470/350/372 518/355/377 519/351/373
f 471/356/378 518/355/377 470/350/372
f 495/352/374 492/357/379 493/353/375
f 472/358/380 518/355/377 471/356/378
f 495/352/374 491/359/381 492/357/379
f 473/360/382 518/355/377 472/358/380
f 473/360/382 517/361/383 518/355/377
f 495/352/374 490/362/384 491/359/381
f 474/363/385 517/361/383 473/360/382
f 495/352/374 489/364/386 490/362/384
f 475/365/427 517/361/383 474/363/385
f 495/352/374 488/366/388 489/364/386
f 476/367/389 517/361/383 475/365/427
f 476/367/389 516/368/390 517/361/383
f 495/352/374 487/369/391 488/366/388
f 477/370/392 516/368/390 476/367/389
f 478/371/393 516/368/390 477/370/392
f 495/352/374 486/372/394 487/369/391
f 479/373/395 516/368/390 478/371/393
f 495/352/374 485/374/396 486/372/394
f 480/375/397 516/368/390 479/373/395
f 495/352/374 484/376/398 485/374/396
f 481/377/399 516/368/390 480/375/397
f 495/352/374 483/378/400 484/376/398
f 482/379/401 516/368/390 481/377/399
f 495/352/374 482/379/401 483/378/400
f 482/379/401 515/380/402 516/368/390
f 495/352/374 515/380/402 482/379/401
f 495/352/374 514/381/403 515/380/402
f 495/352/374 513/382/404 514/381/403
f 496/383/405 513/382/404 495/352/374
f 496/383/405 512/384/406 513/382/404
f 497/385/407 512/384/406 496/383/405
f 498/386/408 512/384/406 497/385/407
f 498/386/408 511/387/409 512/384/406
f 499/388/410 511/387/409 498/386/408
f 500/389/411 511/387/409 499/388/410
f 500/389/411 510/390/412 511/387/409
f 501/391/413 510/390/412 500/389/411
f 501/391/413 509/392/414 510/390/412
f 502/393/415 509/392/414 501/391/413
f 503/394/416 509/392/414 502/393/415
f 503/394/416 508/395/417 509/392/414
f 504/396/418 508/395/417 503/394/416
f 505/397/419 508/395/417 504/396/418
f 505/397/419 507/398/420 508/395/417
f 506/399/421 507/398/420 505/397/419
f 606/400/428 604/401/429 605/402/430
f 606/400/428 603/403/431 604/401/429
f 607/404/432 603/403/431 606/400/428
f 607/404/432 602/405/433 603/403/431
f 608/406/434 602/405/433 607/404/432
f 608/406/434 601/407/435 602/405/433
f 609/408/436 601/407/435 608/406/434
f 609/408/436 600/409/437 601/407/435
f 610/359/438 600/409/437 609/408/436
f 610/359/438 599/410/439 600/409/437
f 611/411/440 599/410/439 610/359/438
f 611/411/440 598/412/441 599/410/439
f 612/413/442 654/414/443 611/411/440
f 654/414/443 598/412/441 611/411/440
f 612/413/442 653/415/444 654/414/443
f 655/416/445 598/412/441 654/414/443
f 612/413/442 652/309/446 653/415/444
f 656/417/447 598/412/441 655/416/445
f 612/413/442 651/418/448 652/309/446
f 657/419/449 598/412/441 656/417/447
f 657/419/449 597/420/450 598/412/441
f 612/413/442 650/421/451 651/418/448
f 613/422/452 650/421/451 612/413/442
f 658/423/453 597/420/450 657/419/449
f 613/422/452 649/424/454 650/421/451
f 659/425/455 597/420/450 658/423/453
f 613/422/452 648/426/456 649/424/454
f 660/427/457 597/420/450 659/425/455
f 613/422/452 647/428/458 648/426/456
f 661/429/459 597/420/450 660/427/457
f 614/430/460 647/428/458 613/422/452
f 661/429/459 596/358/461 597/420/450
f 614/430/460 646/431/462 647/428/458
f 662/432/463 596/358/461 661/429/459
f 614/430/460 645/433/464 646/431/462
f 663/434/465 596/358/461 662/432/463
f 615/435/466 645/433/464 614/430/460
f 663/434/465 595/436/467 596/358/461
f 615/435/466 644/437/468 645/433/464
f 664/438/469 595/436/467 663/434/465
f 615/435/466 643/439/470 644/437/468
f 665/440/471 595/436/467 664/438/469
f 616/441/472 643/439/470 615/435/466
f 616/441/472 642/442/473 643/439/470
f 665/440/471 594/443/474 595/436/467
f 666/5/475 594/443/474 665/440/471
f 616/441/472 666/5/475 642/442/473
f 616/441/472 594/443/474 666/5/475
f 617/115/476 594/443/474 616/441/472
f 617/115/476 593/444/477 594/443/474
f 618/445/478 592/446/479 617/115/476
f 592/446/479 593/444/477 617/115/476
f 618/445/478 591/447/480 592/446/479
f 619/448/481 591/447/480 618/445/478
f 619/448/481 590/449/482 591/447/480
f 619/448/481 589/450/483 590/449/482
f 620/451/484 589/450/483 619/448/481
f 620/451/484 588/452/485 589/450/483
f 621/453/486 588/452/485 620/451/484
f 621/453/486 587/454/487 588/452/485
f 569/455/488 641/456/489 568/4/490
f 621/453/486 586/457/491 587/454/487
f 570/458/492 641/456/489 569/455/488
f 571/459/493 641/456/489 570/458/492
f 622/460/494 586/457/491 621/453/486
f 622/460/494 585/461/495 586/457/491
f 572/462/496 641/456/489 571/459/493
f 573/463/497 641/456/489 572/462/496
f 622/460/494 584/464/498 585/461/495
f 574/465/499 641/456/489 573/463/497
f 622/460/494 583/466/500 584/464/498
f 575/467/501 641/456/489 574/465/499
f 623/468/502 583/466/500 622/460/494
f 576/469/503 641/456/489 575/467/501
f 623/468/502 582/286/504 583/466/500
f 577/470/505 641/456/489 576/469/503
f 623/468/502 581/471/506 582/286/504
f 578/472/507 641/456/489 577/470/505
f 579/473/508 641/456/489 578/472/507
f 623/468/502 580/474/509 581/471/506
f 580/474/509 641/456/489 579/473/508
f 623/468/502 641/456/489 580/474/509
f 624/390/510 641/456/489 623/468/502
f 624/390/510 640/475/511 641/456/489
f 625/476/512 640/475/511 624/390/510
f 625/476/512 639/477/513 640/475/511
f 625/476/512 638/334/514 639/477/513
f 626/478/515 638/334/514 625/476/512
f 626/478/515 637/479/516 638/334/514
f 626/478/515 636/480/517 637/479/516
f 627/481/518 636/480/517 626/478/515
f 627/481/518 635/482/519 636/480/517
f 627/481/518 634/483/520 635/482/519
f 628/484/521 634/483/520 627/481/518
f 628/484/521 633/485/522 634/483/520
f 628/484/521 632/486/523 633/485/522
f 628/484/521 631/487/524 632/486/523
f 629/488/525 631/487/524 628/484/521
f 629/488/525 630/489/526 631/487/524
f 708/490/527 706/491/528 707/492/529
f 708/490/527 705/493/530 706/491/528
f 709/494/531 705/493/530 708/490/527
f 709/494/531 704/495/532 705/493/530
f 710/496/533 704/495/532 709/494/531
f 710/496/533 703/497/534 704/495/532
f 710/496/533 702/498/535 703/497/534
f 711/499/536 702/498/535 710/496/533
f 711/499/536 701/500/537 702/498/535
f 668/501/1 721/5/4 667/4/3
f 668/501/1 720/502/6 721/5/4
f 712/503/538 701/500/537 711/499/536
f 712/503/538 700/504/539 701/500/537
f 712/503/538 699/505/540 700/504/539
f 713/506/541 699/505/540 712/503/538
f 713/506/541 698/507/542 699/505/540
f 714/508/543 698/507/542 713/506/541
f 714/508/543 697/509/544 698/507/542
f 714/508/543 696/510/545 697/509/544
f 715/511/546 696/510/545 714/508/543
f 715/511/546 695/512/547 696/510/545
f 716/513/548 695/512/547 715/511/546
f 716/513/548 685/514/549 695/512/547
f 685/514/549 686/515/550 695/512/547
f 686/515/550 687/516/551 695/512/547
f 687/516/551 688/517/552 695/512/547
f 688/517/552 689/518/553 695/512/547
f 689/518/553 690/519/554 695/512/547
f 690/519/554 691/520/555 695/512/547
f 691/520/555 692/521/556 695/512/547
f 692/521/556 693/522/557 695/512/547
f 693/522/557 694/115/558 695/512/547
f 717/523/559 683/524/560 716/513/548
f 683/524/560 684/525/561 716/513/548
f 684/525/561 685/514/549 716/513/548
f 718/526/562 681/527/563 717/523/559
f 681/527/563 682/528/564 717/523/559
f 682/528/564 683/524/560 717/523/559
f 718/526/562 680/529/565 681/527/563
f 718/526/562 679/530/566 680/529/565
f 719/531/567 679/530/566 718/526/562
f 719/531/567 678/532/568 679/530/566
f 719/531/567 677/533/569 678/532/568
f 668/501/1 719/531/567 720/502/6
f 668/501/1 673/534/570 719/531/567
f 673/534/570 674/535/571 719/531/567
f 674/535/571 675/536/572 719/531/567
f 675/536/572 676/537/573 719/531/567
f 676/537/573 677/533/569 719/531/567
f 668/501/1 672/538/574 673/534/570
f 668/501/1 671/539/575 672/538/574
f 668/501/1 670/540/576 671/539/575
f 668/501/1 669/541/5 670/540/576
f 723/118/1 751/119/2 722/4/3
f 751/119/2 750/120/116 722/4/3
f 751/119/2 749/121/117 750/120/116
f 751/119/2 748/122/118 749/121/117
f 751/119/2 747/10/119 748/122/118
f 751/119/2 746/123/120 747/10/119
f 751/119/2 745/124/121 746/123/120
f 751/119/2 744/114/122 745/124/121
f 751/119/2 743/125/123 744/114/122
f 751/119/2 752/7/124 743/125/123
f 752/7/124 742/11/125 743/125/123
f 723/118/1 777/5/6 751/119/2
f 753/126/126 742/11/125 752/7/124
f 754/127/127 742/11/125 753/126/126
f 755/117/128 742/11/125 754/127/127
f 755/117/128 741/128/129 742/11/125
f 756/129/130 741/128/129 755/117/128
f 757/9/131 741/128/129 756/129/130
f 758/130/132 741/128/129 757/9/131
f 758/130/132 740/131/133 741/128/129
f 759/132/134 740/131/133 758/130/132
f 760/133/135 740/131/133 759/132/134
f 761/134/136 740/131/133 760/133/135
f 761/134/136 739/135/137 740/131/133
f 762/8/138 739/135/137 761/134/136
f 763/136/139 739/135/137 762/8/138
f 763/136/139 738/137/140 739/135/137
f 764/138/141 738/137/140 763/136/139
f 765/139/142 738/137/140 764/138/141
f 765/139/142 737/12/143 738/137/140
f 766/111/144 737/12/143 765/139/142
f 766/111/144 736/140/145 737/12/143
f 767/6/146 736/140/145 766/111/144
f 768/141/147 736/140/145 767/6/146
f 768/141/147 735/142/148 736/140/145
f 769/143/149 735/142/148 768/141/147
f 770/144/150 735/142/148 769/143/149
f 770/144/150 734/145/151 735/142/148
f 771/146/152 734/145/151 770/144/150
f 772/2/153 734/145/151 771/146/152
f 773/147/154 734/145/151 772/2/153
f 774/148/155 734/145/151 773/147/154
f 774/148/155 733/109/156 734/145/151
f 775/149/157 733/109/156 774/148/155
f 776/150/158 733/109/156 775/149/157
f 723/118/1 725/151/2 777/5/6
f 725/151/2 776/150/158 777/5/6
f 725/151/2 733/109/156 776/150/158
f 725/151/2 732/1/159 733/109/156
f 725/151/2 731/152/160 732/1/159
f 725/151/2 730/153/161 731/152/160
f 725/151/2 729/154/577 730/153/161
f 725/151/2 728/155/163 729/154/577
f 725/151/2 727/3/164 728/155/163
f 725/151/2 726/156/165 727/3/164
f 723/118/1 724/157/5 725/151/2
f 889/184/578 887/187/579 888/2/580
f 890/185/581 887/187/579 889/184/578
f 890/185/581 886/189/582 887/187/579
f 891/175/583 886/189/582 890/185/581
f 891/175/583 885/190/584 886/189/582
f 892/176/585 885/190/584 891/175/583
f 892/176/585 884/191/586 885/190/584
f 893/177/587 884/191/586 892/176/585
f 893/177/587 883/192/588 884/191/586
f 894/178/589 883/192/588 893/177/587
f 894/178/589 882/193/590 883/192/588
f 895/179/591 882/193/590 894/178/589
f 895/179/591 881/194/592 882/193/590
f 896/180/593 881/194/592 895/179/591
f 896/180/593 880/195/594 881/194/592
f 897/181/595 880/195/594 896/180/593
f 897/181/595 879/196/596 880/195/594
f 898/182/597 879/196/596 897/181/595
f 898/182/597 878/197/598 879/196/596
f 899/5/599 878/197/598 898/182/597
f 899/5/599 877/6/600 878/197/598
f 826/251/601 877/6/600 899/5/599
f 826/251/601 876/199/602 877/6/600
f 827/249/603 876/199/602 826/251/601
f 827/249/603 875/201/604 876/199/602
f 828/247/605 875/201/604 827/249/603
f 828/247/605 874/202/606 875/201/604
f 829/245/607 874/202/606 828/247/605
f 829/245/607 873/204/608 874/202/606
f 830/243/609 873/204/608 829/245/607
f 830/243/609 872/205/610 873/204/608
f 831/241/611 872/205/610 830/243/609
f 831/241/611 871/207/612 872/205/610
f 832/239/613 871/207/612 831/241/611
f 832/239/613 870/209/614 871/207/612
f 833/10/615 870/209/614 832/239/613
f 833/10/615 869/210/616 870/209/614
f 834/234/617 869/210/616 833/10/615
f 834/234/617 868/212/618 869/210/616
f 835/232/619 868/212/618 834/234/617
f 835/232/619 867/214/620 868/212/618
f 836/229/621 867/214/620 835/232/619
f 836/229/621 866/8/622 867/214/620
f 837/225/623 866/8/622 836/229/621
f 837/225/623 865/217/624 866/8/622
f 838/226/625 865/217/624 837/225/623
f 838/226/625 864/219/626 865/217/624
f 839/224/627 864/219/626 838/226/625
f 839/224/627 863/222/628 864/219/626
f 840/253/629 863/222/628 839/224/627
f 840/253/629 862/227/630 863/222/628
f 841/254/631 862/227/630 840/253/629
f 841/254/631 861/231/632 862/227/630
f 842/256/633 861/231/632 841/254/631
f 842/256/633 860/237/634 861/231/632
f 843/257/635 860/237/634 842/256/633
f 843/257/635 859/242/636 860/237/634
f 844/7/637 859/242/636 843/257/635
f 844/7/637 858/250/638 859/242/636
f 845/259/639 858/250/638 844/7/637
f 845/259/639 857/252/640 858/250/638
f 846/260/641 857/252/640 845/259/639
f 846/260/641 856/255/642 857/252/640
f 847/262/643 856/255/642 846/260/641
f 847/262/643 855/9/644 856/255/642
f 848/263/645 855/9/644 847/262/643
f 848/263/645 854/258/646 855/9/644
f 849/265/647 854/258/646 848/263/645
f 849/265/647 853/261/648 854/258/646
f 850/266/649 853/261/648 849/265/647
f 850/266/649 852/264/650 853/261/648
f 851/267/651 852/264/650 850/266/649
f 779/173/652 825/248/653 778/4/654
f 779/173/652 824/246/655 825/248/653
f 780/172/656 824/246/655 779/173/652
f 780/172/656 823/244/657 824/246/655
f 781/170/658 823/244/657 780/172/656
f 781/170/658 822/11/659 823/244/657
f 782/169/660 822/11/659 781/170/658
f 782/169/660 821/240/661 822/11/659
f 783/167/662 821/240/661 782/169/660
f 783/167/662 820/238/663 821/240/661
f 784/166/664 820/238/663 783/167/662
f 784/166/664 819/236/665 820/238/663
f 785/164/666 819/236/665 784/166/664
f 785/164/666 818/235/667 819/236/665
f 786/163/668 818/235/667 785/164/666
f 786/163/668 817/233/669 818/235/667
f 787/161/670 817/233/669 786/163/668
f 787/161/670 816/230/671 817/233/669
f 788/160/672 816/230/671 787/161/670
f 788/160/672 815/228/673 816/230/671
f 789/3/674 815/228/673 788/160/672
f 789/3/674 814/223/675 815/228/673
f 790/159/676 814/223/675 789/3/674
f 791/158/677 814/223/675 790/159/676
f 791/158/677 813/221/678 814/223/675
f 791/158/677 812/220/679 813/221/678
f 792/162/680 812/220/679 791/158/677
f 792/162/680 811/12/681 812/220/679
f 793/165/682 811/12/681 792/162/680
f 794/168/683 811/12/681 793/165/682
f 794/168/683 810/218/684 811/12/681
f 795/171/685 810/218/684 794/168/683
f 795/171/685 809/216/686 810/218/684
f 796/174/687 809/216/686 795/171/685
f 796/174/687 808/215/688 809/216/686
f 797/183/689 808/215/688 796/174/687
f 797/183/689 807/213/690 808/215/688
f 798/186/691 807/213/690 797/183/689
f 798/186/691 806/211/692 807/213/690
f 799/188/693 806/211/692 798/186/691
f 799/188/693 805/208/694 806/211/692
f 800/1/695 805/208/694 799/188/693
f 800/1/695 804/206/696 805/208/694
f 801/198/697 804/206/696 800/1/695
f 801/198/697 803/203/698 804/206/696
f 802/200/699 803/203/698 801/198/697
f 1011/184/578 1009/187/579 1010/2/580
f 1012/185/581 1009/187/579 1011/184/578
f 1012/185/581 1008/189/582 1009/187/579
f 1013/175/583 1008/189/582 1012/185/581
f 1013/175/583 1007/190/584 1008/189/582
f 1014/176/585 1007/190/584 1013/175/583
f 1014/176/585 1006/191/586 1007/190/584
f 1015/177/587 1006/191/586 1014/176/585
f 1015/177/587 1005/192/588 1006/191/586
f 1016/178/589 1005/192/588 1015/177/587
f 1016/178/589 1004/193/590 1005/192/588
f 1017/179/591 1004/193/590 1016/178/589
f 1017/179/591 1003/194/592 1004/193/590
f 1018/180/700 1003/194/592 1017/179/591
f 1018/180/700 1002/195/594 1003/194/592
f 1019/181/595 1002/195/594 1018/180/700
f 1019/181/595 1001/196/596 1002/195/594
f 1020/182/597 1001/196/596 1019/181/595
f 1020/182/597 1000/197/598 1001/196/596
f 1021/5/599 1000/197/598 1020/182/597
f 1021/5/599 999/6/600 1000/197/598
f 948/251/601 999/6/600 1021/5/599
f 948/251/601 998/199/602 999/6/600
f 949/249/603 998/199/602 948/251/601
f 949/249/603 997/201/604 998/199/602
f 950/247/605 997/201/604 949/249/603
f 950/247/605 996/202/606 997/201/604
f 951/245/607 996/202/606 950/247/605
f 951/245/607 995/204/608 996/202/606
f 952/243/609 995/204/608 951/245/607
f 952/243/609 994/205/610 995/204/608
f 953/241/611 994/205/610 952/243/609
f 953/241/611 993/207/612 994/205/610
f 954/239/613 993/207/612 953/241/611
f 954/239/613 992/209/614 993/207/612
f 955/10/615 992/209/614 954/239/613
f 955/10/615 991/210/616 992/209/614
f 956/234/617 991/210/616 955/10/615
f 956/234/617 990/212/618 991/210/616
f 957/232/619 990/212/618 956/234/617
f 957/232/619 989/214/620 990/212/618
f 958/229/621 989/214/620 957/232/619
f 958/229/621 988/8/622 989/214/620
f 959/225/623 988/8/622 958/229/621
f 959/225/623 987/217/624 988/8/622
f 960/226/625 987/217/624 959/225/623
f 960/226/625 986/219/626 987/217/624
f 961/224/627 986/219/626 960/226/625
f 961/224/627 985/222/628 986/219/626
f 962/253/629 985/222/628 961/224/627
f 962/253/629 984/227/630 985/222/628
f 963/254/631 984/227/630 962/253/629
f 963/254/631 983/231/632 984/227/630
f 964/256/633 983/231/632 963/254/631
f 964/256/633 982/237/634 983/231/632
f 965/257/635 982/237/634 964/256/633
f 965/257/635 981/242/636 982/237/634
f 966/7/637 981/242/636 965/257/635
f 966/7/637 980/250/638 981/242/636
f 967/259/639 980/250/638 966/7/637
f 967/259/639 979/252/640 980/250/638
f 968/260/641 979/252/640 967/259/639
f 968/260/641 978/255/642 979/252/640
f 969/262/643 978/255/642 968/260/641
f 969/262/643 977/9/644 978/255/642
f 970/263/645 977/9/644 969/262/643
f 970/263/645 976/258/646 977/9/644
f 971/265/647 976/258/646 970/263/645
f 971/265/647 975/261/701 976/258/646
f 972/266/649 975/261/701 971/265/647
f 972/266/649 974/264/650 975/261/701
f 973/267/651 974/264/650 972/266/649
f 901/173/652 947/248/653 900/4/654
f 901/173/652 946/246/655 947/248/653
f 902/172/656 946/246/655 901/173/652
f 902/172/656 945/244/657 946/246/655
f 903/170/658 945/244/657 902/172/656
f 903/170/658 944/11/659 945/244/657
f 904/169/660 944/11/659 903/170/658
f 904/169/660 943/240/661 944/11/659
f 905/167/662 943/240/661 904/169/660
f 905/167/662 942/238/663 943/240/661
f 906/166/664 942/238/663 905/167/662
f 906/166/664 941/236/665 942/238/663
f 907/164/666 941/236/665 906/166/664
f 907/164/666 940/235/702 941/236/665
f 908/163/668 940/235/702 907/164/666
f 908/163/668 939/233/669 940/235/702
f 909/161/670 939/233/669 908/163/668
f 909/161/670 938/230/703 939/233/669
f 910/160/672 938/230/703 909/161/670
f 910/160/672 937/228/673 938/230/703
f 911/3/674 937/228/673 910/160/672
f 911/3/674 936/223/675 937/228/673
f 912/159/676 936/223/675 911/3/674
f 913/158/677 936/223/675 912/159/676
f 913/158/677 935/221/678 936/223/675
f 913/158/677 934/220/704 935/221/678
f 914/162/680 934/220/704 913/158/677
f 914/162/680 933/12/681 934/220/704
f 915/165/682 933/12/681 914/162/680
f 916/168/683 933/12/681 915/165/682
f 916/168/683 932/218/705 933/12/681
f 917/171/685 932/218/705 916/168/683
f 917/171/685 931/216/686 932/218/705
f 918/174/687 931/216/686 917/171/685
f 918/174/687 930/215/688 931/216/686
f 919/183/689 930/215/688 918/174/687
f 919/183/689 929/213/690 930/215/688
f 920/186/691 929/213/690 919/183/689
f 920/186/691 928/211/692 929/213/690
f 921/188/693 928/211/692 920/186/691
f 921/188/693 927/208/694 928/211/692
f 922/1/695 927/208/694 921/188/693
f 922/1/695 926/206/696 927/208/694
f 923/198/697 926/206/696 922/1/695
f 923/198/697 925/203/698 926/206/696
f 924/200/699 925/203/698 923/198/697
f 1133/184/578 1131/187/706 1132/2/580
f 1134/185/581 1131/187/706 1133/184/578
f 1134/185/581 1130/189/582 1131/187/706
f 1135/175/583 1130/189/582 1134/185/581
f 1135/175/583 1129/190/707 1130/189/582
f 1136/176/585 1129/190/707 1135/175/583
f 1136/176/585 1128/191/586 1129/190/707
f 1137/177/587 1128/191/586 1136/176/585
f 1137/177/587 1127/192/588 1128/191/586
f 1138/178/589 1127/192/588 1137/177/587
f 1138/178/589 1126/193/590 1127/192/588
f 1139/179/591 1126/193/590 1138/178/589
f 1139/179/591 1125/194/592 1126/193/590
f 1140/180/593 1125/194/592 1139/179/591
f 1140/180/593 1124/195/594 1125/194/592
f 1141/181/595 1124/195/594 1140/180/593
f 1141/181/595 1123/196/596 1124/195/594
f 1142/182/597 1123/196/596 1141/181/595
f 1142/182/597 1122/197/598 1123/196/596
f 1143/5/599 1122/197/598 1142/182/597
f 1143/5/599 1121/6/600 1122/197/598
f 1070/251/601 1121/6/600 1143/5/599
f 1070/251/601 1120/199/602 1121/6/600
f 1071/249/603 1120/199/602 1070/251/601
f 1071/249/603 1119/201/604 1120/199/602
f 1072/247/605 1119/201/604 1071/249/603
f 1072/247/605 1118/202/606 1119/201/604
f 1073/245/607 1118/202/606 1072/247/605
f 1073/245/607 1117/204/608 1118/202/606
f 1074/243/708 1117/204/608 1073/245/607
f 1074/243/708 1116/205/610 1117/204/608
f 1075/241/611 1116/205/610 1074/243/708
f 1075/241/611 1115/207/612 1116/205/610
f 1076/239/613 1115/207/612 1075/241/611
f 1076/239/613 1114/209/614 1115/207/612
f 1077/10/615 1114/209/614 1076/239/613
f 1077/10/615 1113/210/616 1114/209/614
f 1078/234/617 1113/210/616 1077/10/615
f 1078/234/617 1112/212/618 1113/210/616
f 1079/232/619 1112/212/618 1078/234/617
f 1079/232/619 1111/214/620 1112/212/618
f 1080/229/621 1111/214/620 1079/232/619
f 1080/229/621 1110/8/622 1111/214/620
f 1081/225/623 1110/8/622 1080/229/621
f 1081/225/623 1109/217/624 1110/8/622
f 1082/226/625 1109/217/624 1081/225/623
f 1082/226/625 1108/219/626 1109/217/624
f 1083/224/627 1108/219/626 1082/226/625
f 1083/224/627 1107/222/628 1108/219/626
f 1084/253/629 1107/222/628 1083/224/627
f 1084/253/629 1106/227/630 1107/222/628
f 1085/254/631 1106/227/630 1084/253/629
f 1085/254/631 1105/231/632 1106/227/630
f 1086/256/633 1105/231/632 1085/254/631
f 1086/256/633 1104/237/634 1105/231/632
f 1087/257/635 1104/237/634 1086/256/633
f 1087/257/635 1103/242/636 1104/237/634
f 1088/7/637 1103/242/636 1087/257/635
f 1088/7/637 1102/250/638 1103/242/636
f 1089/259/709 1102/250/638 1088/7/637
f 1089/259/709 1101/252/710 1102/250/638
f 1090/260/641 1101/252/710 1089/259/709
f 1090/260/641 1100/255/642 1101/252/710
f 1091/262/711 1100/255/642 1090/260/641
f 1091/262/711 1099/9/712 1100/255/642
f 1092/263/645 1099/9/712 1091/262/711
f 1092/263/645 1098/258/646 1099/9/712
f 1093/265/647 1098/258/646 1092/263/645
f 1093/265/647 1097/261/648 1098/258/646
f 1094/266/649 1097/261/648 1093/265/647
f 1094/266/649 1096/264/650 1097/261/648
f 1095/267/651 1096/264/650 1094/266/649
f 1023/173/652 1069/248/653 1022/4/654
f 1023/173/652 1068/246/655 1069/248/653
f 1024/172/656 1068/246/655 1023/173/652
f 1024/172/656 1067/244/657 1068/246/655
f 1025/170/658 1067/244/657 1024/172/656
f 1025/170/658 1066/11/659 1067/244/657
f 1026/169/660 1066/11/659 1025/170/658
f 1026/169/660 1065/240/661 1066/11/659
f 1027/167/662 1065/240/661 1026/169/660
f 1027/167/662 1064/238/713 1065/240/661
f 1028/166/664 1064/238/713 1027/167/662
f 1028/166/664 1063/236/665 1064/238/713
f 1029/164/666 1063/236/665 1028/166/664
f 1029/164/666 1062/235/702 1063/236/665
f 1030/163/668 1062/235/702 1029/164/666
f 1030/163/668 1061/233/669 1062/235/702
f 1031/161/670 1061/233/669 1030/163/668
f 1031/161/670 1060/230/671 1061/233/669
f 1032/160/672 1060/230/671 1031/161/670
f 1032/160/672 1059/228/673 1060/230/671
f 1033/3/674 1059/228/673 1032/160/672
f 1033/3/674 1058/223/714 1059/228/673
f 1034/159/676 1058/223/714 1033/3/674
f 1035/158/677 1058/223/714 1034/159/676
f 1035/158/677 1057/221/678 1058/223/714
f 1035/158/677 1056/220/679 1057/221/678
f 1036/162/680 1056/220/679 1035/158/677
f 1036/162/680 1055/12/681 1056/220/679
f 1037/165/682 1055/12/681 1036/162/680
f 1038/168/683 1055/12/681 1037/165/682
f 1038/168/683 1054/218/705 1055/12/681
f 1039/171/685 1054/218/705 1038/168/683
f 1039/171/685 1053/216/686 1054/218/705
f 1040/174/687 1053/216/686 1039/171/685
f 1040/174/687 1052/215/688 1053/216/686
f 1041/183/689 1052/215/688 1040/174/687
f 1041/183/689 1051/213/690 1052/215/688
f 1042/186/691 1051/213/690 1041/183/689
f 1042/186/691 1050/211/692 1051/213/690
f 1043/188/693 1050/211/692 1042/186/691
f 1043/188/693 1049/208/694 1050/211/692
f 1044/1/695 1049/208/694 1043/188/693
f 1044/1/695 1048/206/696 1049/208/694
f 1045/198/697 1048/206/696 1044/1/695
f 1045/198/697 1047/203/698 1048/206/696
f 1046/200/699 1047/203/698 1045/198/697
f 1185/490/527 1183/491/528 1184/492/529
f 1185/490/527 1182/493/530 1183/491/528
f 1186/494/531 1182/493/530 1185/490/527
f 1186/494/531 1181/495/532 1182/493/530
f 1187/496/533 1181/495/532 1186/494/531
f 1187/496/533 1180/497/534 1181/495/532
f 1187/496/533 1179/498/535 1180/497/534
f 1188/499/536 1179/498/535 1187/496/533
f 1188/499/536 1178/500/715 1179/498/535
f 1145/501/1 1198/5/4 1144/4/3
f 1145/501/1 1197/502/6 1198/5/4
f 1189/503/538 1178/500/715 1188/499/536
f 1189/503/538 1177/504/716 1178/500/715
f 1189/503/538 1176/505/717 1177/504/716
f 1190/506/541 1176/505/717 1189/503/538
f 1190/506/541 1175/507/542 1176/505/717
f 1191/508/543 1175/507/542 1190/506/541
f 1191/508/543 1174/509/544 1175/507/542
f 1191/508/543 1173/510/545 1174/509/544
f 1192/511/546 1173/510/545 1191/508/543
f 1192/511/546 1172/512/547 1173/510/545
f 1193/513/548 1172/512/547 1192/511/546
f 1193/513/548 1162/514/549 1172/512/547
f 1162/514/549 1163/515/718 1172/512/547
f 1163/515/718 1164/516/551 1172/512/547
f 1164/516/551 1165/517/552 1172/512/547
f 1165/517/552 1166/518/553 1172/512/547
f 1166/518/553 1167/519/554 1172/512/547
f 1167/519/554 1168/520/719 1172/512/547
f 1168/520/719 1169/521/556 1172/512/547
f 1169/521/556 1170/522/557 1172/512/547
f 1170/522/557 1171/115/720 1172/512/547
f 1194/523/559 1160/524/560 1193/513/548
f 1160/524/560 1161/525/561 1193/513/548
f 1161/525/561 1162/514/549 1193/513/548
f 1195/526/562 1158/527/563 1194/523/559
f 1158/527/563 1159/528/564 1194/523/559
f 1159/528/564 1160/524/560 1194/523/559
f 1195/526/562 1157/529/565 1158/527/563
f 1195/526/562 1156/530/566 1157/529/565
f 1196/531/721 1156/530/566 1195/526/562
f 1196/531/721 1155/532/568 1156/530/566
f 1196/531/721 1154/533/569 1155/532/568
f 1145/501/1 1196/531/721 1197/502/6
f 1145/501/1 1150/534/570 1196/531/721
f 1150/534/570 1151/535/571 1196/531/721
f 1151/535/571 1152/536/572 1196/531/721
f 1152/536/572 1153/537/573 1196/531/721
f 1153/537/573 1154/533/569 1196/531/721
f 1145/501/1 1149/538/574 1150/534/570
f 1145/501/1 1148/539/722 1149/538/574
f 1145/501/1 1147/540/576 1148/539/722
f 1145/501/1 1146/541/5 1147/540/576
f 1237/542/723 1235/543/724 1236/544/725
f 1238/545/726 1235/543/724 1237/542/723
f 1238/545/726 1234/546/727 1235/543/724
f 1239/547/728 1234/546/727 1238/545/726
f 1240/548/729 1234/546/727 1239/547/728
f 1240/548/729 1233/549/730 1234/546/727
f 1241/550/731 1233/549/730 1240/548/729
f 1241/550/731 1232/551/732 1233/549/730
f 1242/552/733 1232/551/732 1241/550/731
f 1243/553/734 1232/551/732 1242/552/733
f 1243/553/734 1231/554/735 1232/551/732
f 1244/555/736 1231/554/735 1243/553/734
f 1244/555/736 1230/556/737 1231/554/735
f 1245/557/738 1230/556/737 1244/555/736
f 1246/558/739 1230/556/737 1245/557/738
f 1246/558/739 1229/559/740 1230/556/737
f 1247/560/741 1229/559/740 1246/558/739
f 1247/560/741 1228/561/742 1229/559/740
f 1248/562/743 1228/561/742 1247/560/741
f 1249/563/744 1250/564/745 1248/562/743
f 1250/564/745 1251/565/746 1248/562/743
f 1251/565/746 1252/566/747 1248/562/743
f 1252/566/747 1253/567/748 1248/562/743
f 1253/567/748 1254/568/749 1248/562/743
f 1254/568/749 1255/569/750 1248/562/743
f 1255/569/750 1256/570/751 1248/562/743
f 1256/570/751 1257/571/752 1248/562/743
f 1257/571/752 1258/572/753 1248/562/743
f 1258/572/753 1259/573/754 1248/562/743
f 1259/573/754 1228/561/742 1248/562/743
f 1259/573/754 1260/574/755 1228/561/742
f 1260/574/755 1261/575/756 1228/561/742
f 1261/575/756 1227/576/757 1228/561/742
f 1261/575/756 1262/577/758 1227/576/757
f 1262/577/758 1226/578/759 1227/576/757
f 1263/579/760 1226/578/759 1262/577/758
f 1264/580/761 1226/578/759 1263/579/760
f 1265/581/762 1226/578/759 1264/580/761
f 1266/582/763 1226/578/759 1265/581/762
f 1267/583/764 1226/578/759 1266/582/763
f 1267/583/764 1225/584/765 1226/578/759
f 1268/585/766 1225/584/765 1267/583/764
f 1269/586/767 1225/584/765 1268/585/766
f 1270/587/768 1225/584/765 1269/586/767
f 1270/587/768 1224/588/769 1225/584/765
f 1271/589/770 1224/588/769 1270/587/768
f 1272/590/771 1224/588/769 1271/589/770
f 1272/590/771 1223/591/772 1224/588/769
f 1273/592/773 1223/591/772 1272/590/771
f 1274/593/774 1223/591/772 1273/592/773
f 1275/594/775 1372/5/776 1274/593/774
f 1372/5/776 1223/591/772 1274/593/774
f 1276/595/777 1372/5/776 1275/594/775
f 1277/596/778 1372/5/776 1276/595/777
f 1278/597/779 1372/5/776 1277/596/778
f 1279/598/780 1372/5/776 1278/597/779
f 1279/598/780 1371/599/781 1372/5/776
f 1336/600/782 1223/591/772 1372/5/776
f 1279/598/780 1370/601/783 1371/599/781
f 1280/602/784 1370/601/783 1279/598/780
f 1280/602/784 1369/603/785 1370/601/783
f 1281/604/786 1369/603/785 1280/602/784
f 1281/604/786 1368/605/787 1369/603/785
f 1282/606/788 1368/605/787 1281/604/786
f 1282/606/788 1367/607/789 1368/605/787
f 1282/606/788 1366/608/790 1367/607/789
f 1283/609/791 1366/608/790 1282/606/788
f 1283/609/791 1365/610/792 1366/608/790
f 1284/611/793 1365/610/792 1283/609/791
f 1284/611/793 1364/612/794 1365/610/792
f 1284/611/793 1363/613/795 1364/612/794
f 1285/614/796 1363/613/795 1284/611/793
f 1285/614/796 1362/615/797 1363/613/795
f 1285/614/796 1361/616/798 1362/615/797
f 1286/617/799 1361/616/798 1285/614/796
f 1286/617/799 1360/618/800 1361/616/798
f 1287/619/801 1360/618/800 1286/617/799
f 1287/619/801 1359/620/802 1360/618/800
f 1287/619/801 1358/621/803 1359/620/802
f 1288/622/804 1358/621/803 1287/619/801
f 1288/622/804 1357/623/805 1358/621/803
f 1288/622/804 1356/624/806 1357/623/805
f 1337/625/807 1223/591/772 1336/600/782
f 1289/626/808 1356/624/806 1288/622/804
f 1338/627/809 1223/591/772 1337/625/807
f 1289/626/808 1355/628/810 1356/624/806
f 1339/629/811 1223/591/772 1338/627/809
f 1200/630/812 1335/631/813 1199/4/814
f 1339/629/811 1222/632/815 1223/591/772
f 1289/626/808 1354/633/816 1355/628/810
f 1201/634/817 1335/631/813 1200/630/812
f 1340/635/818 1222/632/815 1339/629/811
f 1340/635/818 1221/636/819 1222/632/815
f 1202/637/820 1335/631/813 1201/634/817
f 1290/638/821 1354/633/816 1289/626/808
f 1290/638/821 1353/639/822 1354/633/816
f 1340/635/818 1220/640/823 1221/636/819
f 1341/641/824 1220/640/823 1340/635/818
f 1203/642/825 1335/631/813 1202/637/820
f 1341/641/824 1219/643/826 1220/640/823
f 1342/644/827 1219/643/826 1341/641/824
f 1204/645/828 1335/631/813 1203/642/825
f 1290/638/821 1352/646/829 1353/639/822
f 1342/644/827 1218/647/830 1219/643/826
f 1205/648/831 1335/631/813 1204/645/828
f 1343/649/832 1218/647/830 1342/644/827
f 1343/649/832 1217/650/833 1218/647/830
f 1206/651/834 1335/631/813 1205/648/831
f 1290/638/821 1351/652/835 1352/646/829
f 1343/649/832 1216/653/836 1217/650/833
f 1344/654/837 1216/653/836 1343/649/832
f 1207/655/838 1335/631/813 1206/651/834
f 1344/654/837 1215/656/839 1216/653/836
f 1291/657/840 1351/652/835 1290/638/821
f 1208/658/841 1335/631/813 1207/655/838
f 1291/657/840 1350/659/842 1351/652/835
f 1345/660/843 1215/656/839 1344/654/837
f 1345/660/843 1214/661/844 1215/656/839
f 1209/662/845 1335/631/813 1208/658/841
f 1345/660/843 1213/663/846 1214/661/844
f 1210/664/847 1335/631/813 1209/662/845
f 1346/665/848 1213/663/846 1345/660/843
f 1346/665/848 1212/666/849 1213/663/846
f 1211/667/850 1335/631/813 1210/664/847
f 1346/665/848 1211/667/850 1212/666/849
f 1291/657/840 1349/668/851 1350/659/842
f 1346/665/848 1335/631/813 1211/667/850
f 1347/669/852 1335/631/813 1346/665/848
f 1291/657/840 1348/670/853 1349/668/851
f 1348/670/853 1335/631/813 1347/669/852
f 1291/657/840 1311/671/854 1348/670/853
f 1311/671/854 1335/631/813 1348/670/853
f 1292/672/855 1311/671/854 1291/657/840
f 1292/672/855 1310/673/856 1311/671/854
f 1312/674/857 1335/631/813 1311/671/854
f 1293/675/858 1310/673/856 1292/672/855
f 1293/675/858 1309/676/859 1310/673/856
f 1313/677/860 1335/631/813 1312/674/857
f 1313/677/860 1334/678/861 1335/631/813
f 1294/679/862 1309/676/859 1293/675/858
f 1294/679/862 1308/680/863 1309/676/859
f 1314/681/864 1334/678/861 1313/677/860
f 1314/681/864 1333/682/865 1334/678/861
f 1294/679/862 1307/683/866 1308/680/863
f 1315/684/867 1333/682/865 1314/681/864
f 1295/685/868 1307/683/866 1294/679/862
f 1315/684/867 1332/686/869 1333/682/865
f 1295/685/868 1306/687/870 1307/683/866
f 1316/688/871 1332/686/869 1315/684/867
f 1316/688/871 1331/689/872 1332/686/869
f 1296/690/873 1306/687/870 1295/685/868
f 1296/690/873 1305/691/874 1306/687/870
f 1317/692/875 1331/689/872 1316/688/871
f 1317/692/875 1330/693/876 1331/689/872
f 1296/690/873 1304/694/877 1305/691/874
f 1318/695/878 1330/693/876 1317/692/875
f 1318/695/878 1329/696/879 1330/693/876
f 1297/697/880 1304/694/877 1296/690/873
f 1297/697/880 1303/698/881 1304/694/877
f 1319/699/882 1329/696/879 1318/695/878
f 1319/699/882 1328/700/883 1329/696/879
f 1297/697/880 1302/701/884 1303/698/881
f 1319/699/882 1327/702/885 1328/700/883
f 1320/703/886 1327/702/885 1319/699/882
f 1298/704/99 1302/701/884 1297/697/880
f 1320/703/886 1326/705/887 1327/702/885
f 1298/704/99 1301/706/888 1302/701/884
f 1321/707/889 1326/705/887 1320/703/886
f 1321/707/889 1325/708/890 1326/705/887
f 1298/704/99 1300/709/891 1301/706/888
f 1322/710/892 1325/708/890 1321/707/889
f 1299/711/893 1300/709/891 1298/704/99
f 1322/710/892 1324/712/894 1325/708/890
f 1323/713/895 1324/712/894 1322/710/892
f 1411/400/428 1409/401/429 1410/402/430
f 1411/400/428 1408/403/431 1409/401/429
f 1412/404/432 1408/403/431 1411/400/428
f 1412/404/432 1407/405/896 1408/403/431
f 1413/406/434 1407/405/896 1412/404/432
f 1413/406/434 1406/407/435 1407/405/896
f 1414/408/436 1406/407/435 1413/406/434
f 1414/408/436 1405/409/437 1406/407/435
f 1415/359/438 1405/409/437 1414/408/436
f 1415/359/438 1404/410/897 1405/409/437
f 1416/411/440 1404/410/897 1415/359/438
f 1416/411/440 1403/412/441 1404/410/897
f 1417/413/442 1459/414/443 1416/411/440
f 1459/414/443 1403/412/441 1416/411/440
f 1417/413/442 1458/415/444 1459/414/443
f 1460/416/445 1403/412/441 1459/414/443
f 1417/413/442 1457/309/446 1458/415/444
f 1461/417/447 1403/412/441 1460/416/445
f 1417/413/442 1456/418/448 1457/309/446
f 1462/419/449 1403/412/441 1461/417/447
f 1462/419/449 1402/420/450 1403/412/441
f 1417/413/442 1455/421/451 1456/418/448
f 1418/422/452 1455/421/451 1417/413/442
f 1463/423/453 1402/420/450 1462/419/449
f 1418/422/452 1454/424/454 1455/421/451
f 1464/425/455 1402/420/450 1463/423/453
f 1418/422/452 1453/426/456 1454/424/454
f 1465/427/457 1402/420/450 1464/425/455
f 1418/422/452 1452/428/458 1453/426/456
f 1466/429/459 1402/420/450 1465/427/457
f 1419/430/460 1452/428/458 1418/422/452
f 1466/429/459 1401/358/461 1402/420/450
f 1419/430/460 1451/431/462 1452/428/458
f 1467/432/898 1401/358/461 1466/429/459
f 1419/430/460 1450/433/464 1451/431/462
f 1468/434/465 1401/358/461 1467/432/898
f 1420/435/466 1450/433/464 1419/430/460
f 1468/434/465 1400/436/467 1401/358/461
f 1420/435/466 1449/437/468 1450/433/464
f 1469/438/469 1400/436/467 1468/434/465
f 1420/435/466 1448/439/470 1449/437/468
f 1470/440/471 1400/436/467 1469/438/469
f 1421/441/472 1448/439/470 1420/435/466
f 1421/441/472 1447/442/473 1448/439/470
f 1470/440/471 1399/443/474 1400/436/467
f 1471/5/475 1399/443/474 1470/440/471
f 1421/441/472 1471/5/475 1447/442/473
f 1421/441/472 1399/443/474 1471/5/475
f 1422/115/476 1399/443/474 1421/441/472
f 1422/115/476 1398/444/899 1399/443/474
f 1423/445/478 1397/446/479 1422/115/476
f 1397/446/479 1398/444/899 1422/115/476
f 1423/445/478 1396/447/480 1397/446/479
f 1424/448/481 1396/447/480 1423/445/478
f 1424/448/481 1395/449/900 1396/447/480
f 1424/448/481 1394/450/483 1395/449/900
f 1425/451/484 1394/450/483 1424/448/481
f 1425/451/484 1393/452/485 1394/450/483
f 1426/453/486 1393/452/485 1425/451/484
f 1426/453/486 1392/454/487 1393/452/485
f 1374/455/488 1446/456/489 1373/4/490
f 1426/453/486 1391/457/491 1392/454/487
f 1375/458/492 1446/456/489 1374/455/488
f 1376/459/493 1446/456/489 1375/458/492
f 1427/460/494 1391/457/491 1426/453/486
f 1427/460/494 1390/461/495 1391/457/491
f 1377/462/496 1446/456/489 1376/459/493
f 1378/463/497 1446/456/489 1377/462/496
f 1427/460/494 1389/464/901 1390/461/495
f 1379/465/902 1446/456/489 1378/463/497
f 1427/460/494 1388/466/500 1389/464/901
f 1380/467/501 1446/456/489 1379/465/902
f 1428/468/502 1388/466/500 1427/460/494
f 1381/469/503 1446/456/489 1380/467/501
f 1428/468/502 1387/286/504 1388/466/500
f 1382/470/505 1446/456/489 1381/469/503
f 1428/468/502 1386/471/506 1387/286/504
f 1383/472/507 1446/456/489 1382/470/505
f 1384/473/508 1446/456/489 1383/472/507
f 1428/468/502 1385/474/903 1386/471/506
f 1385/474/903 1446/456/489 1384/473/508
f 1428/468/502 1446/456/489 1385/474/903
f 1429/390/510 1446/456/489 1428/468/502
f 1429/390/510 1445/475/511 1446/456/489
f 1430/476/512 1445/475/511 1429/390/510
f 1430/476/512 1444/477/513 1445/475/511
f 1430/476/512 1443/334/514 1444/477/513
f 1431/478/515 1443/334/514 1430/476/512
f 1431/478/515 1442/479/516 1443/334/514
f 1431/478/515 1441/480/517 1442/479/516
f 1432/481/518 1441/480/517 1431/478/515
f 1432/481/518 1440/482/519 1441/480/517
f 1432/481/518 1439/483/520 1440/482/519
f 1433/484/521 1439/483/520 1432/481/518
f 1433/484/521 1438/485/522 1439/483/520
f 1433/484/521 1437/486/523 1438/485/522
f 1433/484/521 1436/487/524 1437/486/523
f 1434/488/525 1436/487/524 1433/484/521
f 1434/488/525 1435/489/526 1436/487/524
f 1474/497/1 1472/4/4 1473/514/3
f 1474/497/1 1475/5/5 1472/4/4
f 1489/13/7 1487/14/8 1488/15/9
f 1489/13/7 1486/16/10 1487/14/8
f 1489/13/7 1485/17/11 1486/16/10
f 1490/18/12 1485/17/11 1489/13/7
f 1490/18/12 1484/19/13 1485/17/11
f 1490/18/12 1483/20/14 1484/19/13
f 1490/18/12 1482/21/15 1483/20/14
f 1491/22/16 1482/21/15 1490/18/12
f 1491/22/16 1481/23/17 1482/21/15
f 1491/22/16 1480/24/18 1481/23/17
f 1491/22/16 1479/25/19 1480/24/18
f 1492/26/20 1479/25/19 1491/22/16
f 1492/26/20 1478/27/21 1479/25/19
f 1492/26/20 1477/28/22 1478/27/21
f 1492/26/20 1476/4/23 1477/28/22
f 1493/29/24 1476/4/23 1492/26/20
f 1493/29/24 1563/30/25 1476/4/23
f 1563/30/25 1564/31/26 1476/4/23
f 1564/31/26 1565/32/27 1476/4/23
f 1565/32/27 1566/33/28 1476/4/23
f 1566/33/28 1567/34/29 1476/4/23
f 1567/34/29 1568/35/30 1476/4/23
f 1568/35/30 1569/36/31 1476/4/23
f 1569/36/31 1570/37/32 1476/4/23
f 1570/37/32 1571/38/33 1476/4/23
f 1571/38/33 1572/39/34 1476/4/23
f 1572/39/34 1573/5/904 1476/4/23
f 1494/40/36 1561/41/37 1493/29/24
f 1561/41/37 1562/42/905 1493/29/24
f 1562/42/905 1563/30/25 1493/29/24
f 1494/40/36 1560/43/39 1561/41/37
f 1494/40/36 1559/44/40 1560/43/39
f 1494/40/36 1558/45/41 1559/44/40
f 1495/46/42 1558/45/41 1494/40/36
f 1495/46/42 1557/47/43 1558/45/41
f 1495/46/42 1556/48/44 1557/47/43
f 1496/49/45 1556/48/44 1495/46/42
f 1496/49/45 1555/50/46 1556/48/44
f 1496/49/45 1554/51/47 1555/50/46
f 1497/52/906 1554/51/47 1496/49/45
f 1497/52/906 1553/53/49 1554/51/47
f 1498/54/50 1553/53/49 1497/52/906
f 1498/54/50 1552/55/51 1553/53/49
f 1498/54/50 1551/56/52 1552/55/51
f 1499/57/53 1551/56/52 1498/54/50
f 1499/57/53 1550/58/54 1551/56/52
f 1500/59/55 1550/58/54 1499/57/53
f 1500/59/55 1549/60/56 1550/58/54
f 1500/59/55 1548/61/57 1549/60/56
f 1501/62/58 1548/61/57 1500/59/55
f 1501/62/58 1547/63/59 1548/61/57
f 1502/64/60 1547/63/59 1501/62/58
f 1502/64/60 1546/65/61 1547/63/59
f 1503/66/62 1546/65/61 1502/64/60
f 1503/66/62 1545/67/63 1546/65/61
f 1504/68/64 1545/67/63 1503/66/62
f 1504/68/64 1544/69/65 1545/67/63
f 1505/70/66 1544/69/65 1504/68/64
f 1505/70/66 1543/71/67 1544/69/65
f 1526/72/68 1524/73/907 1525/74/70
f 1505/70/66 1542/75/71 1543/71/67
f 1527/76/72 1524/73/907 1526/72/68
f 1506/77/73 1542/75/71 1505/70/66
f 1528/78/74 1524/73/907 1527/76/72
f 1506/77/73 1541/79/75 1542/75/71
f 1529/80/76 1524/73/907 1528/78/74
f 1530/81/77 1524/73/907 1529/80/76
f 1506/77/73 1540/82/78 1541/79/75
f 1531/83/79 1524/73/907 1530/81/77
f 1507/84/80 1540/82/78 1506/77/73
f 1532/85/81 1524/73/907 1531/83/79
f 1507/84/80 1539/86/82 1540/82/78
f 1533/87/83 1524/73/907 1532/85/81
f 1534/88/84 1524/73/907 1533/87/83
f 1507/84/80 1538/89/85 1539/86/82
f 1535/90/86 1524/73/907 1534/88/84
f 1536/91/87 1524/73/907 1535/90/86
f 1507/84/80 1537/92/88 1538/89/85
f 1537/92/88 1524/73/907 1536/91/87
f 1507/84/80 1524/73/907 1537/92/88
f 1508/93/89 1524/73/907 1507/84/80
f 1508/93/89 1523/94/90 1524/73/907
f 1509/95/91 1523/94/90 1508/93/89
f 1509/95/91 1522/96/92 1523/94/90
f 1509/95/91 1521/97/93 1522/96/92
f 1509/95/91 1520/98/94 1521/97/93
f 1510/99/95 1520/98/94 1509/95/91
f 1510/99/95 1519/100/96 1520/98/94
f 1510/99/95 1518/101/97 1519/100/96
f 1510/99/95 1517/102/98 1518/101/97
f 1511/103/99 1517/102/98 1510/99/95
f 1511/103/99 1516/104/100 1517/102/98
f 1511/103/99 1515/105/101 1516/104/100
f 1511/103/99 1514/106/102 1515/105/101
f 1512/107/103 1514/106/102 1511/103/99
f 1512/107/103 1513/108/104 1514/106/102
f 1576/1/908 1575/3/909 1584/2/910
f 1584/2/910 1575/3/909 1574/4/911
f 1584/2/910 1574/4/911 1585/5/912
f 1576/1/908 1584/2/910 1583/6/913
f 1576/1/908 1583/6/913 1580/7/910
f 1580/7/910 1583/6/913 1582/8/911
f 1580/7/910 1582/8/911 1581/9/912
f 1576/1/908 1580/7/910 1579/10/913
f 1576/1/908 1579/10/913 1578/11/911
f 1576/1/908 1578/11/911 1577/12/912
f 1599/13/914 1598/15/915 1597/14/916
f 1599/13/914 1597/14/916 1596/16/917
f 1599/13/914 1596/16/917 1595/17/918
f 1600/18/919 1599/13/914 1595/17/918
f 1600/18/919 1595/17/918 1594/19/920
f 1600/18/919 1594/19/920 1593/20/921
f 1600/18/919 1593/20/921 1592/21/922
f 1601/22/923 1600/18/919 1592/21/922
f 1601/22/923 1592/21/922 1591/23/924
f 1601/22/923 1591/23/924 1590/24/925
f 1601/22/923 1590/24/925 1589/25/926
f 1602/26/927 1601/22/923 1589/25/926
f 1602/26/927 1589/25/926 1588/27/928
f 1602/26/927 1588/27/928 1587/28/929
f 1602/26/927 1587/28/929 1586/4/930
f 1603/29/931 1602/26/927 1586/4/930
f 1603/29/931 1586/4/930 1673/30/932
f 1673/30/932 1586/4/930 1674/31/933
f 1674/31/933 1586/4/930 1675/32/934
f 1675/32/934 1586/4/930 1676/33/935
f 1676/33/935 1586/4/930 1677/34/936
f 1677/34/936 1586/4/930 1678/35/937
f 1678/35/937 1586/4/930 1679/36/938
f 1679/36/938 1586/4/930 1680/37/939
f 1680/37/939 1586/4/930 1681/38/940
f 1681/38/940 1586/4/930 1682/39/941
f 1682/39/941 1586/4/930 1683/5/942
f 1604/40/943 1603/29/931 1671/41/944
f 1671/41/944 1603/29/931 1672/42/945
f 1672/42/945 1603/29/931 1673/30/932
f 1604/40/943 1671/41/944 1670/43/946
f 1604/40/943 1670/43/946 1669/44/947
f 1604/40/943 1669/44/947 1668/45/948
f 1605/46/949 1604/40/943 1668/45/948
f 1605/46/949 1668/45/948 1667/47/950
f 1605/46/949 1667/47/950 1666/48/951
f 1606/49/952 1605/46/949 1666/48/951
f 1606/49/952 1666/48/951 1665/50/953
f 1606/49/952 1665/50/953 1664/51/954
f 1607/52/955 1606/49/952 1664/51/954
f 1607/52/955 1664/51/954 1663/53/956
f 1608/54/957 1607/52/955 1663/53/956
f 1608/54/957 1663/53/956 1662/55/958
f 1608/54/957 1662/55/958 1661/56/959
f 1609/57/960 1608/54/957 1661/56/959
f 1609/57/960 1661/56/959 1660/58/961
f 1610/59/962 1609/57/960 1660/58/961
f 1610/59/962 1660/58/961 1659/60/963
f 1610/59/962 1659/60/963 1658/61/964
f 1611/62/965 1610/59/962 1658/61/964
f 1611/62/965 1658/61/964 1657/63/966
f 1612/64/967 1611/62/965 1657/63/966
f 1612/64/967 1657/63/966 1656/65/968
f 1613/66/969 1612/64/967 1656/65/968
f 1613/66/969 1656/65/968 1655/67/970
f 1614/68/971 1613/66/969 1655/67/970
f 1614/68/971 1655/67/970 1654/69/972
f 1615/70/973 1614/68/971 1654/69/972
f 1615/70/973 1654/69/972 1653/71/974
f 1636/72/975 1635/74/976 1634/73/977
f 1615/70/973 1653/71/974 1652/75/978
f 1637/76/979 1636/72/975 1634/73/977
f 1616/77/980 1615/70/973 1652/75/978
f 1638/78/981 1637/76/979 1634/73/977
f 1616/77/980 1652/75/978 1651/79/982
f 1639/80/983 1638/78/981 1634/73/977
f 1640/81/984 1639/80/983 1634/73/977
f 1616/77/980 1651/79/982 1650/82/985
f 1641/83/986 1640/81/984 1634/73/977
f 1617/84/987 1616/77/980 1650/82/985
f 1642/85/988 1641/83/986 1634/73/977
f 1617/84/987 1650/82/985 1649/86/989
f 1643/87/990 1642/85/988 1634/73/977
f 1644/88/991 1643/87/990 1634/73/977
f 1617/84/987 1649/86/989 1648/89/992
f 1645/90/993 1644/88/991 1634/73/977
f 1646/91/994 1645/90/993 1634/73/977
f 1617/84/987 1648/89/992 1647/92/995
f 1647/92/995 1646/91/994 1634/73/977
f 1617/84/987 1647/92/995 1634/73/977
f 1618/93/996 1617/84/987 1634/73/977
f 1618/93/996 1634/73/977 1633/94/997
f 1619/95/998 1618/93/996 1633/94/997
f 1619/95/998 1633/94/997 1632/96/999
f 1619/95/998 1632/96/999 1631/97/1000
f 1619/95/998 1631/97/1000 1630/98/1001
f 1620/99/1002 1619/95/998 1630/98/1001
f 1620/99/1002 1630/98/1001 1629/100/1003
f 1620/99/1002 1629/100/1003 1628/101/1004
f 1620/99/1002 1628/101/1004 1627/102/1005
f 1621/103/1006 1620/99/1002 1627/102/1005
f 1621/103/1006 1627/102/1005 1626/104/1007
f 1621/103/1006 1626/104/1007 1625/105/1008
f 1621/103/1006 1625/105/1008 1624/106/1009
f 1622/107/1010 1621/103/1006 1624/106/1009
f 1622/107/1010 1624/106/1009 1623/108/1011
f 1686/109/1012 1685/110/1013 1684/4/1014
f 1686/109/1012 1684/4/1014 1692/111/1015
f 1692/111/1015 1684/4/1014 1691/112/1016
f 1686/109/1012 1692/111/1015 1694/5/1017
f 1693/113/1018 1692/111/1015 1691/112/1016
f 1686/109/1012 1694/5/1017 1688/114/1019
f 1688/114/1019 1694/5/1017 1693/113/1018
f 1688/114/1019 1693/113/1018 1689/115/1020
f 1689/115/1020 1693/113/1018 1691/112/1016
f 1686/109/1012 1688/114/1019 1687/116/1021
f 1690/117/1022 1689/115/1020 1691/112/1016
f 1696/118/908 1695/4/909 1724/119/910
f 1724/119/910 1695/4/909 1723/120/1023
f 1724/119/910 1723/120/1023 1722/121/1024
f 1724/119/910 1722/121/1024 1721/122/1025
f 1724/119/910 1721/122/1025 1720/10/1026
f 1724/119/910 1720/10/1026 1719/123/1027
f 1724/119/910 1719/123/1027 1718/124/1028
f 1724/119/910 1718/124/1028 1717/114/1029
f 1724/119/910 1717/114/1029 1716/125/1030
f 1724/119/910 1716/125/1030 1725/7/1031
f 1725/7/1031 1716/125/1030 1715/11/1032
f 1696/118/908 1724/119/910 1750/5/913
f 1726/126/1033 1725/7/1031 1715/11/1032
f 1727/127/1034 1726/126/1033 1715/11/1032
f 1728/117/1035 1727/127/1034 1715/11/1032
f 1728/117/1035 1715/11/1032 1714/128/1036
f 1729/129/1037 1728/117/1035 1714/128/1036
f 1730/9/1038 1729/129/1037 1714/128/1036
f 1731/130/1039 1730/9/1038 1714/128/1036
f 1731/130/1039 1714/128/1036 1713/131/1040
f 1732/132/1041 1731/130/1039 1713/131/1040
f 1733/133/1042 1732/132/1041 1713/131/1040
f 1734/134/1043 1733/133/1042 1713/131/1040
f 1734/134/1043 1713/131/1040 1712/135/1044
f 1735/8/1045 1734/134/1043 1712/135/1044
f 1736/136/1046 1735/8/1045 1712/135/1044
f 1736/136/1046 1712/135/1044 1711/137/1047
f 1737/138/1048 1736/136/1046 1711/137/1047
f 1738/139/1049 1737/138/1048 1711/137/1047
f 1738/139/1049 1711/137/1047 1710/12/1050
f 1739/111/1051 1738/139/1049 1710/12/1050
f 1739/111/1051 1710/12/1050 1709/140/1052
f 1740/6/1053 1739/111/1051 1709/140/1052
f 1741/141/1054 1740/6/1053 1709/140/1052
f 1741/141/1054 1709/140/1052 1708/142/1055
f 1742/143/1056 1741/141/1054 1708/142/1055
f 1743/144/1057 1742/143/1056 1708/142/1055
f 1743/144/1057 1708/142/1055 1707/145/1058
f 1744/146/1059 1743/144/1057 1707/145/1058
f 1745/2/1060 1744/146/1059 1707/145/1058
f 1746/147/1061 1745/2/1060 1707/145/1058
f 1747/148/1062 1746/147/1061 1707/145/1058
f 1747/148/1062 1707/145/1058 1706/109/1063
f 1748/149/1064 1747/148/1062 1706/109/1063
f 1749/150/1065 1748/149/1064 1706/109/1063
f 1696/118/908 1750/5/913 1698/151/910
f 1698/151/910 1750/5/913 1749/150/1065
f 1698/151/910 1749/150/1065 1706/109/1063
f 1698/151/910 1706/109/1063 1705/1/1066
f 1698/151/910 1705/1/1066 1704/152/1067
f 1698/151/910 1704/152/1067 1703/153/1068
f 1698/151/910 1703/153/1068 1702/154/1069
f 1698/151/910 1702/154/1069 1701/155/1070
f 1698/151/910 1701/155/1070 1700/3/1071
f 1698/151/910 1700/3/1071 1699/156/1072
f 1696/118/908 1698/151/910 1697/157/912
f 1764/158/1073 1763/159/1074 1762/3/1075
f 1764/158/1073 1762/3/1075 1761/160/1076
f 1764/158/1073 1761/160/1076 1760/161/1077
f 1765/162/1078 1764/158/1073 1760/161/1077
f 1765/162/1078 1760/161/1077 1759/163/1079
f 1765/162/1078 1759/163/1079 1758/164/1080
f 1766/165/1081 1765/162/1078 1758/164/1080
f 1766/165/1081 1758/164/1080 1757/166/1082
f 1766/165/1081 1757/166/1082 1756/167/1083
f 1767/168/1084 1766/165/1081 1756/167/1083
f 1767/168/1084 1756/167/1083 1755/169/1085
f 1767/168/1084 1755/169/1085 1754/170/1086
f 1768/171/1087 1767/168/1084 1754/170/1086
f 1768/171/1087 1754/170/1086 1753/172/1088
f 1768/171/1087 1753/172/1088 1752/173/1089
f 1769/174/1090 1768/171/1087 1752/173/1089
f 1769/174/1090 1752/173/1089 1751/4/1091
f 1769/174/1090 1751/4/1091 1864/175/1092
f 1864/175/1092 1751/4/1091 1865/176/1093
f 1865/176/1093 1751/4/1091 1866/177/1094
f 1866/177/1094 1751/4/1091 1867/178/1095
f 1867/178/1095 1751/4/1091 1868/179/1096
f 1868/179/1096 1751/4/1091 1869/180/1097
f 1869/180/1097 1751/4/1091 1870/181/1098
f 1870/181/1098 1751/4/1091 1871/182/1099
f 1871/182/1099 1751/4/1091 1872/5/1100
f 1770/183/1101 1769/174/1090 1862/184/1102
f 1862/184/1102 1769/174/1090 1863/185/1103
f 1863/185/1103 1769/174/1090 1864/175/1092
f 1771/186/1104 1770/183/1101 1860/187/1105
f 1860/187/1105 1770/183/1101 1861/2/1106
f 1861/2/1106 1770/183/1101 1862/184/1102
f 1772/188/1107 1771/186/1104 1859/189/1108
f 1859/189/1108 1771/186/1104 1860/187/1105
f 1772/188/1107 1859/189/1108 1858/190/1109
f 1772/188/1107 1858/190/1109 1857/191/1110
f 1772/188/1107 1857/191/1110 1856/192/1111
f 1772/188/1107 1856/192/1111 1855/193/1112
f 1772/188/1107 1855/193/1112 1854/194/1113
f 1773/1/1114 1772/188/1107 1854/194/1113
f 1773/1/1114 1854/194/1113 1853/195/1115
f 1773/1/1114 1853/195/1115 1852/196/1116
f 1773/1/1114 1852/196/1116 1851/197/1117
f 1774/198/1118 1773/1/1114 1851/197/1117
f 1774/198/1118 1851/197/1117 1850/6/1119
f 1774/198/1118 1850/6/1119 1849/199/1120
f 1775/200/1121 1774/198/1118 1849/199/1120
f 1775/200/1121 1849/199/1120 1848/201/1122
f 1775/200/1121 1848/201/1122 1847/202/1123
f 1776/203/1124 1775/200/1121 1847/202/1123
f 1776/203/1124 1847/202/1123 1846/204/1125
f 1776/203/1124 1846/204/1125 1845/205/1126
f 1777/206/1127 1776/203/1124 1845/205/1126
f 1777/206/1127 1845/205/1126 1844/207/1128
f 1778/208/1129 1777/206/1127 1844/207/1128
f 1778/208/1129 1844/207/1128 1843/209/1130
f 1778/208/1129 1843/209/1130 1842/210/1131
f 1779/211/1132 1778/208/1129 1842/210/1131
f 1779/211/1132 1842/210/1131 1841/212/1133
f 1780/213/1134 1779/211/1132 1841/212/1133
f 1780/213/1134 1841/212/1133 1840/214/1135
f 1781/215/1136 1780/213/1134 1840/214/1135
f 1781/215/1136 1840/214/1135 1839/8/1137
f 1782/216/1138 1781/215/1136 1839/8/1137
f 1782/216/1138 1839/8/1137 1838/217/1139
f 1783/218/1140 1782/216/1138 1838/217/1139
f 1784/12/1141 1783/218/1140 1838/217/1139
f 1784/12/1141 1838/217/1139 1837/219/1142
f 1785/220/1143 1784/12/1141 1837/219/1142
f 1786/221/1144 1785/220/1143 1837/219/1142
f 1786/221/1144 1837/219/1142 1836/222/1145
f 1787/223/1146 1786/221/1144 1836/222/1145
f 1812/224/1147 1811/226/1148 1810/225/1149
f 1787/223/1146 1836/222/1145 1835/227/1150
f 1788/228/1151 1787/223/1146 1835/227/1150
f 1812/224/1147 1810/225/1149 1809/229/1152
f 1789/230/1153 1788/228/1151 1835/227/1150
f 1789/230/1153 1835/227/1150 1834/231/1154
f 1812/224/1147 1809/229/1152 1808/232/1155
f 1790/233/1156 1789/230/1153 1834/231/1154
f 1812/224/1147 1808/232/1155 1807/234/1157
f 1791/235/1158 1790/233/1156 1834/231/1154
f 1792/236/1159 1791/235/1158 1834/231/1154
f 1792/236/1159 1834/231/1154 1833/237/1160
f 1812/224/1147 1807/234/1157 1806/10/1161
f 1793/238/1162 1792/236/1159 1833/237/1160
f 1812/224/1147 1806/10/1161 1805/239/1163
f 1794/240/1164 1793/238/1162 1833/237/1160
f 1812/224/1147 1805/239/1163 1804/241/1165
f 1794/240/1164 1833/237/1160 1832/242/1166
f 1795/11/1167 1794/240/1164 1832/242/1166
f 1812/224/1147 1804/241/1165 1803/243/1168
f 1796/244/1169 1795/11/1167 1832/242/1166
f 1812/224/1147 1803/243/1168 1802/245/1170
f 1797/246/1171 1796/244/1169 1832/242/1166
f 1812/224/1147 1802/245/1170 1801/247/1172
f 1798/248/1173 1797/246/1171 1832/242/1166
f 1812/224/1147 1801/247/1172 1800/249/1174
f 1798/248/1173 1832/242/1166 1831/250/1175
f 1799/251/1176 1798/248/1173 1831/250/1175
f 1812/224/1147 1800/249/1174 1799/251/1176
f 1812/224/1147 1799/251/1176 1831/250/1175
f 1812/224/1147 1831/250/1175 1830/252/1177
f 1813/253/1178 1812/224/1147 1830/252/1177
f 1814/254/1179 1813/253/1178 1830/252/1177
f 1814/254/1179 1830/252/1177 1829/255/1180
f 1815/256/1181 1814/254/1179 1829/255/1180
f 1815/256/1181 1829/255/1180 1828/9/1182
f 1816/257/1183 1815/256/1181 1828/9/1182
f 1817/7/1184 1816/257/1183 1828/9/1182
f 1817/7/1184 1828/9/1182 1827/258/1185
f 1818/259/1186 1817/7/1184 1827/258/1185
f 1819/260/1187 1818/259/1186 1827/258/1185
f 1819/260/1187 1827/258/1185 1826/261/1188
f 1820/262/1189 1819/260/1187 1826/261/1188
f 1821/263/1190 1820/262/1189 1826/261/1188
f 1821/263/1190 1826/261/1188 1825/264/1191
f 1822/265/1192 1821/263/1190 1825/264/1191
f 1823/266/1193 1822/265/1192 1825/264/1191
f 1823/266/1193 1825/264/1191 1824/267/1194
f 1886/268/1195 1885/270/1196 1884/269/1197
f 1886/268/1195 1884/269/1197 1883/271/1198
f 1887/272/1199 1886/268/1195 1883/271/1198
f 1887/272/1199 1883/271/1198 1882/273/1200
f 1887/272/1199 1882/273/1200 1881/274/1201
f 1888/275/1202 1887/272/1199 1881/274/1201
f 1888/275/1202 1881/274/1201 1880/276/1203
f 1888/275/1202 1880/276/1203 1879/277/1204
f 1889/278/1205 1888/275/1202 1879/277/1204
f 1889/278/1205 1879/277/1204 1878/279/1206
f 1889/278/1205 1878/279/1206 1877/280/1207
f 1890/281/1208 1889/278/1205 1877/280/1207
f 1890/281/1208 1877/280/1207 1876/282/1209
f 1890/281/1208 1876/282/1209 1875/283/1210
f 1891/284/1211 1890/281/1208 1875/283/1210
f 1891/284/1211 1875/283/1210 1874/285/1212
f 1891/284/1211 1874/285/1212 1873/4/1213
f 1892/286/1214 1891/284/1211 1873/4/1213
f 1892/286/1214 1873/4/1213 1998/287/1215
f 1998/287/1215 1873/4/1213 1999/288/1216
f 1999/288/1216 1873/4/1213 2000/289/1217
f 2000/289/1217 1873/4/1213 2001/290/1218
f 2001/290/1218 1873/4/1213 2002/291/1219
f 2002/291/1219 1873/4/1213 2003/292/1220
f 2003/292/1220 1873/4/1213 2004/293/1221
f 2004/293/1221 1873/4/1213 2005/294/1222
f 2005/294/1222 1873/4/1213 2006/5/1223
f 1893/295/1224 1892/286/1214 1996/296/1225
f 1996/296/1225 1892/286/1214 1997/297/1226
f 1997/297/1226 1892/286/1214 1998/287/1215
f 1894/298/1227 1893/295/1224 1995/299/1228
f 1995/299/1228 1893/295/1224 1996/296/1225
f 1895/300/1229 1894/298/1227 1993/301/1230
f 1993/301/1230 1894/298/1227 1994/302/1231
f 1994/302/1231 1894/298/1227 1995/299/1228
f 1895/300/1229 1993/301/1230 1992/303/1232
f 1895/300/1229 1992/303/1232 1991/304/1233
f 1895/300/1229 1991/304/1233 1990/305/1234
f 1895/300/1229 1990/305/1234 1989/306/1235
f 1895/300/1229 1989/306/1235 1988/307/1236
f 1896/308/1237 1895/300/1229 1988/307/1236
f 1896/308/1237 1988/307/1236 1987/309/1238
f 1896/308/1237 1987/309/1238 1986/310/1239
f 1896/308/1237 1986/310/1239 1985/311/1240
f 1896/308/1237 1985/311/1240 1984/312/1241
f 1897/313/1242 1896/308/1237 1984/312/1241
f 1897/313/1242 1984/312/1241 1983/314/1243
f 1897/313/1242 1983/314/1243 1982/315/1244
f 1897/313/1242 1982/315/1244 1981/316/1245
f 1898/317/1246 1897/313/1242 1981/316/1245
f 1898/317/1246 1981/316/1245 1980/318/1247
f 1898/317/1246 1980/318/1247 1979/319/1248
f 1898/317/1246 1979/319/1248 1978/320/1249
f 1898/317/1246 1978/320/1249 1977/321/1250
f 1898/317/1246 1977/321/1250 1976/322/1251
f 1899/323/1252 1898/317/1246 1976/322/1251
f 1899/323/1252 1976/322/1251 1975/324/1253
f 1899/323/1252 1975/324/1253 1974/325/1254
f 1899/323/1252 1974/325/1254 1973/326/1255
f 1900/327/1256 1899/323/1252 1973/326/1255
f 1900/327/1256 1973/326/1255 1972/328/1257
f 1900/327/1256 1972/328/1257 1971/329/1258
f 1900/327/1256 1971/329/1258 1970/330/1259
f 1901/331/1260 1900/327/1256 1970/330/1259
f 1901/331/1260 1970/330/1259 1969/332/1261
f 1902/333/1262 1901/331/1260 1969/332/1261
f 1902/333/1262 1969/332/1261 1968/334/1263
f 1902/333/1262 1968/334/1263 1967/335/1264
f 1903/336/1265 1902/333/1262 1967/335/1264
f 1903/336/1265 1967/335/1264 1966/337/1266
f 1904/338/1267 1903/336/1265 1966/337/1266
f 1904/338/1267 1966/337/1266 1965/339/1268
f 1904/338/1267 1965/339/1268 1964/340/1269
f 1905/341/1270 1904/338/1267 1964/340/1269
f 1905/341/1270 1964/340/1269 1963/342/1271
f 1906/343/1272 1905/341/1270 1963/342/1271
f 1906/343/1272 1963/342/1271 1962/344/1273
f 1906/343/1272 1962/344/1273 1961/345/1274
f 1907/346/1275 1906/343/1272 1961/345/1274
f 1907/346/1275 1961/345/1274 1960/347/1276
f 1908/348/1277 1907/346/1275 1960/347/1276
f 1908/348/1277 1960/347/1276 1959/349/1278
f 1909/350/1279 1908/348/1277 1959/349/1278
f 1909/350/1279 1959/349/1278 1958/351/1280
f 1934/352/1281 1933/354/1282 1932/353/1283
f 1909/350/1279 1958/351/1280 1957/355/1284
f 1910/356/1285 1909/350/1279 1957/355/1284
f 1934/352/1281 1932/353/1283 1931/357/1286
f 1911/358/1287 1910/356/1285 1957/355/1284
f 1934/352/1281 1931/357/1286 1930/359/1288
f 1912/360/1289 1911/358/1287 1957/355/1284
f 1912/360/1289 1957/355/1284 1956/361/1290
f 1934/352/1281 1930/359/1288 1929/362/1291
f 1913/363/1292 1912/360/1289 1956/361/1290
f 1934/352/1281 1929/362/1291 1928/364/1293
f 1914/365/1294 1913/363/1292 1956/361/1290
f 1934/352/1281 1928/364/1293 1927/366/1295
f 1915/367/1296 1914/365/1294 1956/361/1290
f 1915/367/1296 1956/361/1290 1955/368/1297
f 1934/352/1281 1927/366/1295 1926/369/1298
f 1916/370/1299 1915/367/1296 1955/368/1297
f 1917/371/1300 1916/370/1299 1955/368/1297
f 1934/352/1281 1926/369/1298 1925/372/1301
f 1918/373/1302 1917/371/1300 1955/368/1297
f 1934/352/1281 1925/372/1301 1924/374/1303
f 1919/375/1304 1918/373/1302 1955/368/1297
f 1934/352/1281 1924/374/1303 1923/376/1305
f 1920/377/1306 1919/375/1304 1955/368/1297
f 1934/352/1281 1923/376/1305 1922/378/1307
f 1921/379/1308 1920/377/1306 1955/368/1297
f 1934/352/1281 1922/378/1307 1921/379/1308
f 1921/379/1308 1955/368/1297 1954/380/1309
f 1934/352/1281 1921/379/1308 1954/380/1309
f 1934/352/1281 1954/380/1309 1953/381/1310
f 1934/352/1281 1953/381/1310 1952/382/1311
f 1935/383/1312 1934/352/1281 1952/382/1311
f 1935/383/1312 1952/382/1311 1951/384/1313
f 1936/385/1314 1935/383/1312 1951/384/1313
f 1937/386/1315 1936/385/1314 1951/384/1313
f 1937/386/1315 1951/384/1313 1950/387/1316
f 1938/388/1317 1937/386/1315 1950/387/1316
f 1939/389/1318 1938/388/1317 1950/387/1316
f 1939/389/1318 1950/387/1316 1949/390/1319
f 1940/391/1320 1939/389/1318 1949/390/1319
f 1940/391/1320 1949/390/1319 1948/392/1321
f 1941/393/1322 1940/391/1320 1948/392/1321
f 1942/394/1323 1941/393/1322 1948/392/1321
f 1942/394/1323 1948/392/1321 1947/395/1324
f 1943/396/1325 1942/394/1323 1947/395/1324
f 1944/397/1326 1943/396/1325 1947/395/1324
f 1944/397/1326 1947/395/1324 1946/398/1327
f 1945/399/1328 1944/397/1326 1946/398/1327
f 2020/268/1195 2019/270/1196 2018/269/1197
f 2020/268/1195 2018/269/1197 2017/271/1198
f 2021/272/1199 2020/268/1195 2017/271/1198
f 2021/272/1199 2017/271/1198 2016/273/1200
f 2021/272/1199 2016/273/1200 2015/274/1201
f 2022/275/1202 2021/272/1199 2015/274/1201
f 2022/275/1202 2015/274/1201 2014/276/1203
f 2022/275/1202 2014/276/1203 2013/277/1204
f 2023/278/1205 2022/275/1202 2013/277/1204
f 2023/278/1205 2013/277/1204 2012/279/1206
f 2023/278/1205 2012/279/1206 2011/280/1207
f 2024/281/1208 2023/278/1205 2011/280/1207
f 2024/281/1208 2011/280/1207 2010/282/1209
f 2024/281/1208 2010/282/1209 2009/283/1210
f 2025/284/1211 2024/281/1208 2009/283/1210
f 2025/284/1211 2009/283/1210 2008/285/1212
f 2025/284/1211 2008/285/1212 2007/4/1213
f 2026/286/1214 2025/284/1211 2007/4/1213
f 2026/286/1214 2007/4/1213 2132/287/1215
f 2132/287/1215 2007/4/1213 2133/288/1216
f 2133/288/1216 2007/4/1213 2134/289/1217
f 2134/289/1217 2007/4/1213 2135/290/1218
f 2135/290/1218 2007/4/1213 2136/291/1219
f 2136/291/1219 2007/4/1213 2137/292/1220
f 2137/292/1220 2007/4/1213 2138/293/1221
f 2138/293/1221 2007/4/1213 2139/294/1222
f 2139/294/1222 2007/4/1213 2140/5/1223
f 2027/295/1224 2026/286/1214 2130/296/1225
f 2130/296/1225 2026/286/1214 2131/297/1226
f 2131/297/1226 2026/286/1214 2132/287/1215
f 2028/298/1227 2027/295/1224 2129/299/1228
f 2129/299/1228 2027/295/1224 2130/296/1225
f 2029/300/1229 2028/298/1227 2127/301/1230
f 2127/301/1230 2028/298/1227 2128/302/1231
f 2128/302/1231 2028/298/1227 2129/299/1228
f 2029/300/1229 2127/301/1230 2126/303/1232
f 2029/300/1229 2126/303/1232 2125/304/1233
f 2029/300/1229 2125/304/1233 2124/305/1234
f 2029/300/1229 2124/305/1234 2123/306/1235
f 2029/300/1229 2123/306/1235 2122/307/1236
f 2030/308/1237 2029/300/1229 2122/307/1236
f 2030/308/1237 2122/307/1236 2121/309/1238
f 2030/308/1237 2121/309/1238 2120/310/1239
f 2030/308/1237 2120/310/1239 2119/311/1240
f 2030/308/1237 2119/311/1240 2118/312/1241
f 2031/313/1242 2030/308/1237 2118/312/1241
f 2031/313/1242 2118/312/1241 2117/314/1243
f 2031/313/1242 2117/314/1243 2116/315/1244
f 2031/313/1242 2116/315/1244 2115/316/1329
f 2032/317/1246 2031/313/1242 2115/316/1329
f 2032/317/1246 2115/316/1329 2114/318/1247
f 2032/317/1246 2114/318/1247 2113/319/1330
f 2032/317/1246 2113/319/1330 2112/320/1249
f 2032/317/1246 2112/320/1249 2111/321/1331
f 2032/317/1246 2111/321/1331 2110/322/1251
f 2033/323/1252 2032/317/1246 2110/322/1251
f 2033/323/1252 2110/322/1251 2109/324/1253
f 2033/323/1252 2109/324/1253 2108/325/1254
f 2033/323/1252 2108/325/1254 2107/326/1255
f 2034/327/1256 2033/323/1252 2107/326/1255
f 2034/327/1256 2107/326/1255 2106/328/1257
f 2034/327/1256 2106/328/1257 2105/329/1258
f 2034/327/1256 2105/329/1258 2104/330/1259
f 2035/331/1260 2034/327/1256 2104/330/1259
f 2035/331/1260 2104/330/1259 2103/332/1261
f 2036/333/1262 2035/331/1260 2103/332/1261
f 2036/333/1262 2103/332/1261 2102/334/1263
f 2036/333/1262 2102/334/1263 2101/335/1264
f 2037/336/1332 2036/333/1262 2101/335/1264
f 2037/336/1332 2101/335/1264 2100/337/1266
f 2038/338/1267 2037/336/1332 2100/337/1266
f 2038/338/1267 2100/337/1266 2099/339/1268
f 2038/338/1267 2099/339/1268 2098/340/1269
f 2039/341/1333 2038/338/1267 2098/340/1269
f 2039/341/1333 2098/340/1269 2097/342/1271
f 2040/343/1272 2039/341/1333 2097/342/1271
f 2040/343/1272 2097/342/1271 2096/344/1334
f 2040/343/1272 2096/344/1334 2095/345/1274
f 2041/346/1275 2040/343/1272 2095/345/1274
f 2041/346/1275 2095/345/1274 2094/347/1276
f 2042/348/1277 2041/346/1275 2094/347/1276
f 2042/348/1277 2094/347/1276 2093/349/1278
f 2043/350/1279 2042/348/1277 2093/349/1278
f 2043/350/1279 2093/349/1278 2092/351/1280
f 2068/352/1281 2067/354/1282 2066/353/1283
f 2043/350/1279 2092/351/1280 2091/355/1284
f 2044/356/1285 2043/350/1279 2091/355/1284
f 2068/352/1281 2066/353/1283 2065/357/1286
f 2045/358/1287 2044/356/1285 2091/355/1284
f 2068/352/1281 2065/357/1286 2064/359/1288
f 2046/360/1289 2045/358/1287 2091/355/1284
f 2046/360/1289 2091/355/1284 2090/361/1290
f 2068/352/1281 2064/359/1288 2063/362/1291
f 2047/363/1292 2046/360/1289 2090/361/1290
f 2068/352/1281 2063/362/1291 2062/364/1293
f 2048/365/1335 2047/363/1292 2090/361/1290
f 2068/352/1281 2062/364/1293 2061/366/1295
f 2049/367/1296 2048/365/1335 2090/361/1290
f 2049/367/1296 2090/361/1290 2089/368/1297
f 2068/352/1281 2061/366/1295 2060/369/1298
f 2050/370/1299 2049/367/1296 2089/368/1297
f 2051/371/1300 2050/370/1299 2089/368/1297
f 2068/352/1281 2060/369/1298 2059/372/1301
f 2052/373/1302 2051/371/1300 2089/368/1297
f 2068/352/1281 2059/372/1301 2058/374/1303
f 2053/375/1304 2052/373/1302 2089/368/1297
f 2068/352/1281 2058/374/1303 2057/376/1305
f 2054/377/1306 2053/375/1304 2089/368/1297
f 2068/352/1281 2057/376/1305 2056/378/1307
f 2055/379/1308 2054/377/1306 2089/368/1297
f 2068/352/1281 2056/378/1307 2055/379/1308
f 2055/379/1308 2089/368/1297 2088/380/1309
f 2068/352/1281 2055/379/1308 2088/380/1309
f 2068/352/1281 2088/380/1309 2087/381/1310
f 2068/352/1281 2087/381/1310 2086/382/1336
f 2069/383/1312 2068/352/1281 2086/382/1336
f 2069/383/1312 2086/382/1336 2085/384/1337
f 2070/385/1314 2069/383/1312 2085/384/1337
f 2071/386/1315 2070/385/1314 2085/384/1337
f 2071/386/1315 2085/384/1337 2084/387/1316
f 2072/388/1317 2071/386/1315 2084/387/1316
f 2073/389/1318 2072/388/1317 2084/387/1316
f 2073/389/1318 2084/387/1316 2083/390/1319
f 2074/391/1320 2073/389/1318 2083/390/1319
f 2074/391/1320 2083/390/1319 2082/392/1321
f 2075/393/1322 2074/391/1320 2082/392/1321
f 2076/394/1323 2075/393/1322 2082/392/1321
f 2076/394/1323 2082/392/1321 2081/395/1324
f 2077/396/1325 2076/394/1323 2081/395/1324
f 2078/397/1326 2077/396/1325 2081/395/1324
f 2078/397/1326 2081/395/1324 2080/398/1327
f 2079/399/1328 2078/397/1326 2080/398/1327
f 2179/400/1338 2178/402/1339 2177/401/1340
f 2179/400/1338 2177/401/1340 2176/403/1341
f 2180/404/1342 2179/400/1338 2176/403/1341
f 2180/404/1342 2176/403/1341 2175/405/1343
f 2181/406/1344 2180/404/1342 2175/405/1343
f 2181/406/1344 2175/405/1343 2174/407/1345
f 2182/408/1346 2181/406/1344 2174/407/1345
f 2182/408/1346 2174/407/1345 2173/409/1347
f 2183/359/1348 2182/408/1346 2173/409/1347
f 2183/359/1348 2173/409/1347 2172/410/1349
f 2184/411/1350 2183/359/1348 2172/410/1349
f 2184/411/1350 2172/410/1349 2171/412/1351
f 2185/413/1352 2184/411/1350 2227/414/1353
f 2227/414/1353 2184/411/1350 2171/412/1351
f 2185/413/1352 2227/414/1353 2226/415/1354
f 2228/416/1355 2227/414/1353 2171/412/1351
f 2185/413/1352 2226/415/1354 2225/309/1356
f 2229/417/1357 2228/416/1355 2171/412/1351
f 2185/413/1352 2225/309/1356 2224/418/1358
f 2230/419/1359 2229/417/1357 2171/412/1351
f 2230/419/1359 2171/412/1351 2170/420/1360
f 2185/413/1352 2224/418/1358 2223/421/1361
f 2186/422/1362 2185/413/1352 2223/421/1361
f 2231/423/1363 2230/419/1359 2170/420/1360
f 2186/422/1362 2223/421/1361 2222/424/1364
f 2232/425/1365 2231/423/1363 2170/420/1360
f 2186/422/1362 2222/424/1364 2221/426/1366
f 2233/427/1367 2232/425/1365 2170/420/1360
f 2186/422/1362 2221/426/1366 2220/428/1368
f 2234/429/1369 2233/427/1367 2170/420/1360
f 2187/430/1370 2186/422/1362 2220/428/1368
f 2234/429/1369 2170/420/1360 2169/358/1371
f 2187/430/1370 2220/428/1368 2219/431/1372
f 2235/432/1373 2234/429/1369 2169/358/1371
f 2187/430/1370 2219/431/1372 2218/433/1374
f 2236/434/1375 2235/432/1373 2169/358/1371
f 2188/435/1376 2187/430/1370 2218/433/1374
f 2236/434/1375 2169/358/1371 2168/436/1377
f 2188/435/1376 2218/433/1374 2217/437/1378
f 2237/438/1379 2236/434/1375 2168/436/1377
f 2188/435/1376 2217/437/1378 2216/439/1380
f 2238/440/1381 2237/438/1379 2168/436/1377
f 2189/441/1382 2188/435/1376 2216/439/1380
f 2189/441/1382 2216/439/1380 2215/442/1383
f 2238/440/1381 2168/436/1377 2167/443/1384
f 2239/5/1385 2238/440/1381 2167/443/1384
f 2189/441/1382 2215/442/1383 2239/5/1385
f 2189/441/1382 2239/5/1385 2167/443/1384
f 2190/115/1386 2189/441/1382 2167/443/1384
f 2190/115/1386 2167/443/1384 2166/444/1387
f 2191/445/1388 2190/115/1386 2165/446/1389
f 2165/446/1389 2190/115/1386 2166/444/1387
f 2191/445/1388 2165/446/1389 2164/447/1390
f 2192/448/1391 2191/445/1388 2164/447/1390
f 2192/448/1391 2164/447/1390 2163/449/1392
f 2192/448/1391 2163/449/1392 2162/450/1393
f 2193/451/1394 2192/448/1391 2162/450/1393
f 2193/451/1394 2162/450/1393 2161/452/1395
f 2194/453/1396 2193/451/1394 2161/452/1395
f 2194/453/1396 2161/452/1395 2160/454/1397
f 2142/455/1398 2141/4/1399 2214/456/1400
f 2194/453/1396 2160/454/1397 2159/457/1401
f 2143/458/1402 2142/455/1398 2214/456/1400
f 2144/459/1403 2143/458/1402 2214/456/1400
f 2195/460/1404 2194/453/1396 2159/457/1401
f 2195/460/1404 2159/457/1401 2158/461/1405
f 2145/462/1406 2144/459/1403 2214/456/1400
f 2146/463/1407 2145/462/1406 2214/456/1400
f 2195/460/1404 2158/461/1405 2157/464/1408
f 2147/465/1409 2146/463/1407 2214/456/1400
f 2195/460/1404 2157/464/1408 2156/466/1410
f 2148/467/1411 2147/465/1409 2214/456/1400
f 2196/468/1412 2195/460/1404 2156/466/1410
f 2149/469/1413 2148/467/1411 2214/456/1400
f 2196/468/1412 2156/466/1410 2155/286/1414
f 2150/470/1415 2149/469/1413 2214/456/1400
f 2196/468/1412 2155/286/1414 2154/471/1416
f 2151/472/1417 2150/470/1415 2214/456/1400
f 2152/473/1418 2151/472/1417 2214/456/1400
f 2196/468/1412 2154/471/1416 2153/474/1419
f 2153/474/1419 2152/473/1418 2214/456/1400
f 2196/468/1412 2153/474/1419 2214/456/1400
f 2197/390/1420 2196/468/1412 2214/456/1400
f 2197/390/1420 2214/456/1400 2213/475/1421
f 2198/476/1422 2197/390/1420 2213/475/1421
f 2198/476/1422 2213/475/1421 2212/477/1423
f 2198/476/1422 2212/477/1423 2211/334/1424
f 2199/478/1425 2198/476/1422 2211/334/1424
f 2199/478/1425 2211/334/1424 2210/479/1426
f 2199/478/1425 2210/479/1426 2209/480/1427
f 2200/481/1428 2199/478/1425 2209/480/1427
f 2200/481/1428 2209/480/1427 2208/482/1429
f 2200/481/1428 2208/482/1429 2207/483/1430
f 2201/484/1431 2200/481/1428 2207/483/1430
f 2201/484/1431 2207/483/1430 2206/485/1432
f 2201/484/1431 2206/485/1432 2205/486/1433
f 2201/484/1431 2205/486/1433 2204/487/1434
f 2202/488/1435 2201/484/1431 2204/487/1434
f 2202/488/1435 2204/487/1434 2203/489/1436
f 2281/490/1437 2280/492/1438 2279/491/1439
f 2281/490/1437 2279/491/1439 2278/493/1440
f 2282/494/1441 2281/490/1437 2278/493/1440
f 2282/494/1441 2278/493/1440 2277/495/1442
f 2283/496/1443 2282/494/1441 2277/495/1442
f 2283/496/1443 2277/495/1442 2276/497/1444
f 2283/496/1443 2276/497/1444 2275/498/1445
f 2284/499/1446 2283/496/1443 2275/498/1445
f 2284/499/1446 2275/498/1445 2274/500/1447
f 2241/501/908 2240/4/909 2294/5/911
f 2241/501/908 2294/5/911 2293/502/913
f 2285/503/1448 2284/499/1446 2274/500/1447
f 2285/503/1448 2274/500/1447 2273/504/1449
f 2285/503/1448 2273/504/1449 2272/505/1450
f 2286/506/1451 2285/503/1448 2272/505/1450
f 2286/506/1451 2272/505/1450 2271/507/1452
f 2287/508/1453 2286/506/1451 2271/507/1452
f 2287/508/1453 2271/507/1452 2270/509/1454
f 2287/508/1453 2270/509/1454 2269/510/1455
f 2288/511/1456 2287/508/1453 2269/510/1455
f 2288/511/1456 2269/510/1455 2268/512/1457
f 2289/513/1458 2288/511/1456 2268/512/1457
f 2289/513/1458 2268/512/1457 2258/514/1459
f 2258/514/1459 2268/512/1457 2259/515/1460
f 2259/515/1460 2268/512/1457 2260/516/1461
f 2260/516/1461 2268/512/1457 2261/517/1462
f 2261/517/1462 2268/512/1457 2262/518/1463
f 2262/518/1463 2268/512/1457 2263/519/1464
f 2263/519/1464 2268/512/1457 2264/520/1465
f 2264/520/1465 2268/512/1457 2265/521/1466
f 2265/521/1466 2268/512/1457 2266/522/1467
f 2266/522/1467 2268/512/1457 2267/115/1468
f 2290/523/1469 2289/513/1458 2256/524/1470
f 2256/524/1470 2289/513/1458 2257/525/1471
f 2257/525/1471 2289/513/1458 2258/514/1459
f 2291/526/1472 2290/523/1469 2254/527/1473
f 2254/527/1473 2290/523/1469 2255/528/1474
f 2255/528/1474 2290/523/1469 2256/524/1470
f 2291/526/1472 2254/527/1473 2253/529/1475
f 2291/526/1472 2253/529/1475 2252/530/1476
f 2292/531/1477 2291/526/1472 2252/530/1476
f 2292/531/1477 2252/530/1476 2251/532/1478
f 2292/531/1477 2251/532/1478 2250/533/1479
f 2241/501/908 2293/502/913 2292/531/1477
f 2241/501/908 2292/531/1477 2246/534/1480
f 2246/534/1480 2292/531/1477 2247/535/1481
f 2247/535/1481 2292/531/1477 2248/536/1482
f 2248/536/1482 2292/531/1477 2249/537/1483
f 2249/537/1483 2292/531/1477 2250/533/1479
f 2241/501/908 2246/534/1480 2245/538/1484
f 2241/501/908 2245/538/1484 2244/539/1485
f 2241/501/908 2244/539/1485 2243/540/1486
f 2241/501/908 2243/540/1486 2242/541/912
f 2296/118/908 2295/4/909 2324/119/910
f 2324/119/910 2295/4/909 2323/120/1023
f 2324/119/910 2323/120/1023 2322/121/1024
f 2324/119/910 2322/121/1024 2321/122/1025
f 2324/119/910 2321/122/1025 2320/10/1026
f 2324/119/910 2320/10/1026 2319/123/1027
f 2324/119/910 2319/123/1027 2318/124/1028
f 2324/119/910 2318/124/1028 2317/114/1029
f 2324/119/910 2317/114/1029 2316/125/1030
f 2324/119/910 2316/125/1030 2325/7/1031
f 2325/7/1031 2316/125/1030 2315/11/1032
f 2296/118/908 2324/119/910 2350/5/913
f 2326/126/1033 2325/7/1031 2315/11/1032
f 2327/127/1034 2326/126/1033 2315/11/1032
f 2328/117/1035 2327/127/1034 2315/11/1032
f 2328/117/1035 2315/11/1032 2314/128/1036
f 2329/129/1037 2328/117/1035 2314/128/1036
f 2330/9/1038 2329/129/1037 2314/128/1036
f 2331/130/1039 2330/9/1038 2314/128/1036
f 2331/130/1039 2314/128/1036 2313/131/1040
f 2332/132/1041 2331/130/1039 2313/131/1040
f 2333/133/1042 2332/132/1041 2313/131/1040
f 2334/134/1043 2333/133/1042 2313/131/1040
f 2334/134/1043 2313/131/1040 2312/135/1044
f 2335/8/1045 2334/134/1043 2312/135/1044
f 2336/136/1046 2335/8/1045 2312/135/1044
f 2336/136/1046 2312/135/1044 2311/137/1047
f 2337/138/1048 2336/136/1046 2311/137/1047
f 2338/139/1049 2337/138/1048 2311/137/1047
f 2338/139/1049 2311/137/1047 2310/12/1050
f 2339/111/1051 2338/139/1049 2310/12/1050
f 2339/111/1051 2310/12/1050 2309/140/1052
f 2340/6/1053 2339/111/1051 2309/140/1052
f 2341/141/1054 2340/6/1053 2309/140/1052
f 2341/141/1054 2309/140/1052 2308/142/1487
f 2342/143/1056 2341/141/1054 2308/142/1487
f 2343/144/1057 2342/143/1056 2308/142/1487
f 2343/144/1057 2308/142/1487 2307/145/1058
f 2344/146/1059 2343/144/1057 2307/145/1058
f 2345/2/1060 2344/146/1059 2307/145/1058
f 2346/147/1061 2345/2/1060 2307/145/1058
f 2347/148/1062 2346/147/1061 2307/145/1058
f 2347/148/1062 2307/145/1058 2306/109/1063
f 2348/149/1064 2347/148/1062 2306/109/1063
f 2349/150/1065 2348/149/1064 2306/109/1063
f 2296/118/908 2350/5/913 2298/151/910
f 2298/151/910 2350/5/913 2349/150/1065
f 2298/151/910 2349/150/1065 2306/109/1063
f 2298/151/910 2306/109/1063 2305/1/1066
f 2298/151/910 2305/1/1066 2304/152/1067
f 2298/151/910 2304/152/1067 2303/153/1068
f 2298/151/910 2303/153/1068 2302/154/1488
f 2298/151/910 2302/154/1488 2301/155/1070
f 2298/151/910 2301/155/1070 2300/3/1071
f 2298/151/910 2300/3/1071 2299/156/1072
f 2296/118/908 2298/151/910 2297/157/912
f 2462/184/1489 2461/2/1490 2460/187/1491
f 2463/185/1492 2462/184/1489 2460/187/1491
f 2463/185/1492 2460/187/1491 2459/189/1493
f 2464/175/1494 2463/185/1492 2459/189/1493
f 2464/175/1494 2459/189/1493 2458/190/1495
f 2465/176/1496 2464/175/1494 2458/190/1495
f 2465/176/1496 2458/190/1495 2457/191/1497
f 2466/177/1498 2465/176/1496 2457/191/1497
f 2466/177/1498 2457/191/1497 2456/192/1499
f 2467/178/1500 2466/177/1498 2456/192/1499
f 2467/178/1500 2456/192/1499 2455/193/1501
f 2468/179/1502 2467/178/1500 2455/193/1501
f 2468/179/1502 2455/193/1501 2454/194/1503
f 2469/180/1504 2468/179/1502 2454/194/1503
f 2469/180/1504 2454/194/1503 2453/195/1505
f 2470/181/1506 2469/180/1504 2453/195/1505
f 2470/181/1506 2453/195/1505 2452/196/1507
f 2471/182/1508 2470/181/1506 2452/196/1507
f 2471/182/1508 2452/196/1507 2451/197/1509
f 2472/5/1510 2471/182/1508 2451/197/1509
f 2472/5/1510 2451/197/1509 2450/6/1511
f 2399/251/1512 2472/5/1510 2450/6/1511
f 2399/251/1512 2450/6/1511 2449/199/1513
f 2400/249/1514 2399/251/1512 2449/199/1513
f 2400/249/1514 2449/199/1513 2448/201/1515
f 2401/247/1516 2400/249/1514 2448/201/1515
f 2401/247/1516 2448/201/1515 2447/202/1517
f 2402/245/1518 2401/247/1516 2447/202/1517
f 2402/245/1518 2447/202/1517 2446/204/1519
f 2403/243/1520 2402/245/1518 2446/204/1519
f 2403/243/1520 2446/204/1519 2445/205/1521
f 2404/241/1522 2403/243/1520 2445/205/1521
f 2404/241/1522 2445/205/1521 2444/207/1523
f 2405/239/1524 2404/241/1522 2444/207/1523
f 2405/239/1524 2444/207/1523 2443/209/1525
f 2406/10/1526 2405/239/1524 2443/209/1525
f 2406/10/1526 2443/209/1525 2442/210/1527
f 2407/234/1528 2406/10/1526 2442/210/1527
f 2407/234/1528 2442/210/1527 2441/212/1529
f 2408/232/1530 2407/234/1528 2441/212/1529
f 2408/232/1530 2441/212/1529 2440/214/1531
f 2409/229/1532 2408/232/1530 2440/214/1531
f 2409/229/1532 2440/214/1531 2439/8/1533
f 2410/225/1534 2409/229/1532 2439/8/1533
f 2410/225/1534 2439/8/1533 2438/217/1535
f 2411/226/1536 2410/225/1534 2438/217/1535
f 2411/226/1536 2438/217/1535 2437/219/1537
f 2412/224/1538 2411/226/1536 2437/219/1537
f 2412/224/1538 2437/219/1537 2436/222/1539
f 2413/253/1540 2412/224/1538 2436/222/1539
f 2413/253/1540 2436/222/1539 2435/227/1541
f 2414/254/1542 2413/253/1540 2435/227/1541
f 2414/254/1542 2435/227/1541 2434/231/1543
f 2415/256/1544 2414/254/1542 2434/231/1543
f 2415/256/1544 2434/231/1543 2433/237/1545
f 2416/257/1546 2415/256/1544 2433/237/1545
f 2416/257/1546 2433/237/1545 2432/242/1547
f 2417/7/1548 2416/257/1546 2432/242/1547
f 2417/7/1548 2432/242/1547 2431/250/1549
f 2418/259/1550 2417/7/1548 2431/250/1549
f 2418/259/1550 2431/250/1549 2430/252/1551
f 2419/260/1552 2418/259/1550 2430/252/1551
f 2419/260/1552 2430/252/1551 2429/255/1553
f 2420/262/1554 2419/260/1552 2429/255/1553
f 2420/262/1554 2429/255/1553 2428/9/1555
f 2421/263/1556 2420/262/1554 2428/9/1555
f 2421/263/1556 2428/9/1555 2427/258/1557
f 2422/265/1558 2421/263/1556 2427/258/1557
f 2422/265/1558 2427/258/1557 2426/261/1559
f 2423/266/1560 2422/265/1558 2426/261/1559
f 2423/266/1560 2426/261/1559 2425/264/1561
f 2424/267/1562 2423/266/1560 2425/264/1561
f 2352/173/1563 2351/4/1564 2398/248/1565
f 2352/173/1563 2398/248/1565 2397/246/1566
f 2353/172/1567 2352/173/1563 2397/246/1566
f 2353/172/1567 2397/246/1566 2396/244/1568
f 2354/170/1569 2353/172/1567 2396/244/1568
f 2354/170/1569 2396/244/1568 2395/11/1570
f 2355/169/1571 2354/170/1569 2395/11/1570
f 2355/169/1571 2395/11/1570 2394/240/1572
f 2356/167/1573 2355/169/1571 2394/240/1572
f 2356/167/1573 2394/240/1572 2393/238/1574
f 2357/166/1575 2356/167/1573 2393/238/1574
f 2357/166/1575 2393/238/1574 2392/236/1576
f 2358/164/1577 2357/166/1575 2392/236/1576
f 2358/164/1577 2392/236/1576 2391/235/1578
f 2359/163/1579 2358/164/1577 2391/235/1578
f 2359/163/1579 2391/235/1578 2390/233/1580
f 2360/161/1581 2359/163/1579 2390/233/1580
f 2360/161/1581 2390/233/1580 2389/230/1582
f 2361/160/1583 2360/161/1581 2389/230/1582
f 2361/160/1583 2389/230/1582 2388/228/1584
f 2362/3/1585 2361/160/1583 2388/228/1584
f 2362/3/1585 2388/228/1584 2387/223/1586
f 2363/159/1587 2362/3/1585 2387/223/1586
f 2364/158/1588 2363/159/1587 2387/223/1586
f 2364/158/1588 2387/223/1586 2386/221/1589
f 2364/158/1588 2386/221/1589 2385/220/1590
f 2365/162/1591 2364/158/1588 2385/220/1590
f 2365/162/1591 2385/220/1590 2384/12/1592
f 2366/165/1593 2365/162/1591 2384/12/1592
f 2367/168/1594 2366/165/1593 2384/12/1592
f 2367/168/1594 2384/12/1592 2383/218/1595
f 2368/171/1596 2367/168/1594 2383/218/1595
f 2368/171/1596 2383/218/1595 2382/216/1597
f 2369/174/1598 2368/171/1596 2382/216/1597
f 2369/174/1598 2382/216/1597 2381/215/1599
f 2370/183/1600 2369/174/1598 2381/215/1599
f 2370/183/1600 2381/215/1599 2380/213/1601
f 2371/186/1602 2370/183/1600 2380/213/1601
f 2371/186/1602 2380/213/1601 2379/211/1603
f 2372/188/1604 2371/186/1602 2379/211/1603
f 2372/188/1604 2379/211/1603 2378/208/1605
f 2373/1/1606 2372/188/1604 2378/208/1605
f 2373/1/1606 2378/208/1605 2377/206/1607
f 2374/198/1608 2373/1/1606 2377/206/1607
f 2374/198/1608 2377/206/1607 2376/203/1609
f 2375/200/1610 2374/198/1608 2376/203/1609
f 2584/184/1489 2583/2/1490 2582/187/1491
f 2585/185/1492 2584/184/1489 2582/187/1491
f 2585/185/1492 2582/187/1491 2581/189/1493
f 2586/175/1494 2585/185/1492 2581/189/1493
f 2586/175/1494 2581/189/1493 2580/190/1495
f 2587/176/1496 2586/175/1494 2580/190/1495
f 2587/176/1496 2580/190/1495 2579/191/1497
f 2588/177/1498 2587/176/1496 2579/191/1497
f 2588/177/1498 2579/191/1497 2578/192/1499
f 2589/178/1500 2588/177/1498 2578/192/1499
f 2589/178/1500 2578/192/1499 2577/193/1501
f 2590/179/1502 2589/178/1500 2577/193/1501
f 2590/179/1502 2577/193/1501 2576/194/1503
f 2591/180/1611 2590/179/1502 2576/194/1503
f 2591/180/1611 2576/194/1503 2575/195/1505
f 2592/181/1506 2591/180/1611 2575/195/1505
f 2592/181/1506 2575/195/1505 2574/196/1507
f 2593/182/1508 2592/181/1506 2574/196/1507
f 2593/182/1508 2574/196/1507 2573/197/1509
f 2594/5/1510 2593/182/1508 2573/197/1509
f 2594/5/1510 2573/197/1509 2572/6/1511
f 2521/251/1512 2594/5/1510 2572/6/1511
f 2521/251/1512 2572/6/1511 2571/199/1513
f 2522/249/1514 2521/251/1512 2571/199/1513
f 2522/249/1514 2571/199/1513 2570/201/1515
f 2523/247/1516 2522/249/1514 2570/201/1515
f 2523/247/1516 2570/201/1515 2569/202/1517
f 2524/245/1518 2523/247/1516 2569/202/1517
f 2524/245/1518 2569/202/1517 2568/204/1519
f 2525/243/1520 2524/245/1518 2568/204/1519
f 2525/243/1520 2568/204/1519 2567/205/1521
f 2526/241/1522 2525/243/1520 2567/205/1521
f 2526/241/1522 2567/205/1521 2566/207/1523
f 2527/239/1524 2526/241/1522 2566/207/1523
f 2527/239/1524 2566/207/1523 2565/209/1525
f 2528/10/1526 2527/239/1524 2565/209/1525
f 2528/10/1526 2565/209/1525 2564/210/1527
f 2529/234/1528 2528/10/1526 2564/210/1527
f 2529/234/1528 2564/210/1527 2563/212/1529
f 2530/232/1530 2529/234/1528 2563/212/1529
f 2530/232/1530 2563/212/1529 2562/214/1531
f 2531/229/1532 2530/232/1530 2562/214/1531
f 2531/229/1532 2562/214/1531 2561/8/1533
f 2532/225/1534 2531/229/1532 2561/8/1533
f 2532/225/1534 2561/8/1533 2560/217/1535
f 2533/226/1536 2532/225/1534 2560/217/1535
f 2533/226/1536 2560/217/1535 2559/219/1537
f 2534/224/1538 2533/226/1536 2559/219/1537
f 2534/224/1538 2559/219/1537 2558/222/1539
f 2535/253/1540 2534/224/1538 2558/222/1539
f 2535/253/1540 2558/222/1539 2557/227/1541
f 2536/254/1542 2535/253/1540 2557/227/1541
f 2536/254/1542 2557/227/1541 2556/231/1543
f 2537/256/1544 2536/254/1542 2556/231/1543
f 2537/256/1544 2556/231/1543 2555/237/1545
f 2538/257/1546 2537/256/1544 2555/237/1545
f 2538/257/1546 2555/237/1545 2554/242/1547
f 2539/7/1548 2538/257/1546 2554/242/1547
f 2539/7/1548 2554/242/1547 2553/250/1549
f 2540/259/1550 2539/7/1548 2553/250/1549
f 2540/259/1550 2553/250/1549 2552/252/1551
f 2541/260/1552 2540/259/1550 2552/252/1551
f 2541/260/1552 2552/252/1551 2551/255/1553
f 2542/262/1554 2541/260/1552 2551/255/1553
f 2542/262/1554 2551/255/1553 2550/9/1555
f 2543/263/1556 2542/262/1554 2550/9/1555
f 2543/263/1556 2550/9/1555 2549/258/1557
f 2544/265/1558 2543/263/1556 2549/258/1557
f 2544/265/1558 2549/258/1557 2548/261/1559
f 2545/266/1560 2544/265/1558 2548/261/1559
f 2545/266/1560 2548/261/1559 2547/264/1561
f 2546/267/1562 2545/266/1560 2547/264/1561
f 2474/173/1563 2473/4/1564 2520/248/1565
f 2474/173/1563 2520/248/1565 2519/246/1566
f 2475/172/1567 2474/173/1563 2519/246/1566
f 2475/172/1567 2519/246/1566 2518/244/1568
f 2476/170/1569 2475/172/1567 2518/244/1568
f 2476/170/1569 2518/244/1568 2517/11/1570
f 2477/169/1571 2476/170/1569 2517/11/1570
f 2477/169/1571 2517/11/1570 2516/240/1572
f 2478/167/1573 2477/169/1571 2516/240/1572
f 2478/167/1573 2516/240/1572 2515/238/1574
f 2479/166/1575 2478/167/1573 2515/238/1574
f 2479/166/1575 2515/238/1574 2514/236/1576
f 2480/164/1577 2479/166/1575 2514/236/1576
f 2480/164/1577 2514/236/1576 2513/235/1612
f 2481/163/1613 2480/164/1577 2513/235/1612
f 2481/163/1613 2513/235/1612 2512/233/1580
f 2482/161/1581 2481/163/1613 2512/233/1580
f 2482/161/1581 2512/233/1580 2511/230/1614
f 2483/160/1583 2482/161/1581 2511/230/1614
f 2483/160/1583 2511/230/1614 2510/228/1584
f 2484/3/1585 2483/160/1583 2510/228/1584
f 2484/3/1585 2510/228/1584 2509/223/1586
f 2485/159/1587 2484/3/1585 2509/223/1586
f 2486/158/1588 2485/159/1587 2509/223/1586
f 2486/158/1588 2509/223/1586 2508/221/1589
f 2486/158/1588 2508/221/1589 2507/220/1615
f 2487/162/1591 2486/158/1588 2507/220/1615
f 2487/162/1591 2507/220/1615 2506/12/1592
f 2488/165/1593 2487/162/1591 2506/12/1592
f 2489/168/1594 2488/165/1593 2506/12/1592
f 2489/168/1594 2506/12/1592 2505/218/1616
f 2490/171/1596 2489/168/1594 2505/218/1616
f 2490/171/1596 2505/218/1616 2504/216/1597
f 2491/174/1598 2490/171/1596 2504/216/1597
f 2491/174/1598 2504/216/1597 2503/215/1599
f 2492/183/1600 2491/174/1598 2503/215/1599
f 2492/183/1600 2503/215/1599 2502/213/1601
f 2493/186/1602 2492/183/1600 2502/213/1601
f 2493/186/1602 2502/213/1601 2501/211/1603
f 2494/188/1604 2493/186/1602 2501/211/1603
f 2494/188/1604 2501/211/1603 2500/208/1605
f 2495/1/1606 2494/188/1604 2500/208/1605
f 2495/1/1606 2500/208/1605 2499/206/1607
f 2496/198/1608 2495/1/1606 2499/206/1607
f 2496/198/1608 2499/206/1607 2498/203/1609
f 2497/200/1610 2496/198/1608 2498/203/1609
f 2706/184/1489 2705/2/1490 2704/187/1617
f 2707/185/1492 2706/184/1489 2704/187/1617
f 2707/185/1492 2704/187/1617 2703/189/1618
f 2708/175/1494 2707/185/1492 2703/189/1618
f 2708/175/1494 2703/189/1618 2702/190/1619
f 2709/176/1496 2708/175/1494 2702/190/1619
f 2709/176/1496 2702/190/1619 2701/191/1497
f 2710/177/1498 2709/176/1496 2701/191/1497
f 2710/177/1498 2701/191/1497 2700/192/1499
f 2711/178/1500 2710/177/1498 2700/192/1499
f 2711/178/1500 2700/192/1499 2699/193/1501
f 2712/179/1502 2711/178/1500 2699/193/1501
f 2712/179/1502 2699/193/1501 2698/194/1503
f 2713/180/1504 2712/179/1502 2698/194/1503
f 2713/180/1504 2698/194/1503 2697/195/1505
f 2714/181/1506 2713/180/1504 2697/195/1505
f 2714/181/1506 2697/195/1505 2696/196/1507
f 2715/182/1508 2714/181/1506 2696/196/1507
f 2715/182/1508 2696/196/1507 2695/197/1509
f 2716/5/1510 2715/182/1508 2695/197/1509
f 2716/5/1510 2695/197/1509 2694/6/1511
f 2643/251/1512 2716/5/1510 2694/6/1511
f 2643/251/1512 2694/6/1511 2693/199/1513
f 2644/249/1514 2643/251/1512 2693/199/1513
f 2644/249/1514 2693/199/1513 2692/201/1515
f 2645/247/1516 2644/249/1514 2692/201/1515
f 2645/247/1516 2692/201/1515 2691/202/1517
f 2646/245/1518 2645/247/1516 2691/202/1517
f 2646/245/1518 2691/202/1517 2690/204/1519
f 2647/243/1620 2646/245/1518 2690/204/1519
f 2647/243/1620 2690/204/1519 2689/205/1521
f 2648/241/1522 2647/243/1620 2689/205/1521
f 2648/241/1522 2689/205/1521 2688/207/1523
f 2649/239/1524 2648/241/1522 2688/207/1523
f 2649/239/1524 2688/207/1523 2687/209/1525
f 2650/10/1526 2649/239/1524 2687/209/1525
f 2650/10/1526 2687/209/1525 2686/210/1527
f 2651/234/1528 2650/10/1526 2686/210/1527
f 2651/234/1528 2686/210/1527 2685/212/1529
f 2652/232/1530 2651/234/1528 2685/212/1529
f 2652/232/1530 2685/212/1529 2684/214/1531
f 2653/229/1532 2652/232/1530 2684/214/1531
f 2653/229/1532 2684/214/1531 2683/8/1533
f 2654/225/1534 2653/229/1532 2683/8/1533
f 2654/225/1534 2683/8/1533 2682/217/1535
f 2655/226/1536 2654/225/1534 2682/217/1535
f 2655/226/1536 2682/217/1535 2681/219/1537
f 2656/224/1538 2655/226/1536 2681/219/1537
f 2656/224/1538 2681/219/1537 2680/222/1539
f 2657/253/1540 2656/224/1538 2680/222/1539
f 2657/253/1540 2680/222/1539 2679/227/1541
f 2658/254/1542 2657/253/1540 2679/227/1541
f 2658/254/1542 2679/227/1541 2678/231/1543
f 2659/256/1544 2658/254/1542 2678/231/1543
f 2659/256/1544 2678/231/1543 2677/237/1545
f 2660/257/1546 2659/256/1544 2677/237/1545
f 2660/257/1546 2677/237/1545 2676/242/1547
f 2661/7/1548 2660/257/1546 2676/242/1547
f 2661/7/1548 2676/242/1547 2675/250/1549
f 2662/259/1621 2661/7/1548 2675/250/1549
f 2662/259/1621 2675/250/1549 2674/252/1622
f 2663/260/1552 2662/259/1621 2674/252/1622
f 2663/260/1552 2674/252/1622 2673/255/1553
f 2664/262/1623 2663/260/1552 2673/255/1553
f 2664/262/1623 2673/255/1553 2672/9/1624
f 2665/263/1556 2664/262/1623 2672/9/1624
f 2665/263/1556 2672/9/1624 2671/258/1557
f 2666/265/1558 2665/263/1556 2671/258/1557
f 2666/265/1558 2671/258/1557 2670/261/1559
f 2667/266/1560 2666/265/1558 2670/261/1559
f 2667/266/1560 2670/261/1559 2669/264/1561
f 2668/267/1562 2667/266/1560 2669/264/1561
f 2596/173/1563 2595/4/1564 2642/248/1565
f 2596/173/1563 2642/248/1565 2641/246/1566
f 2597/172/1567 2596/173/1563 2641/246/1566
f 2597/172/1567 2641/246/1566 2640/244/1568
f 2598/170/1569 2597/172/1567 2640/244/1568
f 2598/170/1569 2640/244/1568 2639/11/1570
f 2599/169/1571 2598/170/1569 2639/11/1570
f 2599/169/1571 2639/11/1570 2638/240/1572
f 2600/167/1573 2599/169/1571 2638/240/1572
f 2600/167/1573 2638/240/1572 2637/238/1625
f 2601/166/1575 2600/167/1573 2637/238/1625
f 2601/166/1575 2637/238/1625 2636/236/1576
f 2602/164/1577 2601/166/1575 2636/236/1576
f 2602/164/1577 2636/236/1576 2635/235/1612
f 2603/163/1613 2602/164/1577 2635/235/1612
f 2603/163/1613 2635/235/1612 2634/233/1580
f 2604/161/1581 2603/163/1613 2634/233/1580
f 2604/161/1581 2634/233/1580 2633/230/1582
f 2605/160/1583 2604/161/1581 2633/230/1582
f 2605/160/1583 2633/230/1582 2632/228/1584
f 2606/3/1585 2605/160/1583 2632/228/1584
f 2606/3/1585 2632/228/1584 2631/223/1626
f 2607/159/1587 2606/3/1585 2631/223/1626
f 2608/158/1588 2607/159/1587 2631/223/1626
f 2608/158/1588 2631/223/1626 2630/221/1589
f 2608/158/1588 2630/221/1589 2629/220/1590
f 2609/162/1591 2608/158/1588 2629/220/1590
f 2609/162/1591 2629/220/1590 2628/12/1592
f 2610/165/1593 2609/162/1591 2628/12/1592
f 2611/168/1594 2610/165/1593 2628/12/1592
f 2611/168/1594 2628/12/1592 2627/218/1616
f 2612/171/1596 2611/168/1594 2627/218/1616
f 2612/171/1596 2627/218/1616 2626/216/1597
f 2613/174/1598 2612/171/1596 2626/216/1597
f 2613/174/1598 2626/216/1597 2625/215/1599
f 2614/183/1600 2613/174/1598 2625/215/1599
f 2614/183/1600 2625/215/1599 2624/213/1601
f 2615/186/1602 2614/183/1600 2624/213/1601
f 2615/186/1602 2624/213/1601 2623/211/1603
f 2616/188/1604 2615/186/1602 2623/211/1603
f 2616/188/1604 2623/211/1603 2622/208/1605
f 2617/1/1606 2616/188/1604 2622/208/1605
f 2617/1/1606 2622/208/1605 2621/206/1607
f 2618/198/1608 2617/1/1606 2621/206/1607
f 2618/198/1608 2621/206/1607 2620/203/1609
f 2619/200/1610 2618/198/1608 2620/203/1609
f 2758/490/1437 2757/492/1438 2756/491/1439
f 2758/490/1437 2756/491/1439 2755/493/1440
f 2759/494/1441 2758/490/1437 2755/493/1440
f 2759/494/1441 2755/493/1440 2754/495/1442
f 2760/496/1443 2759/494/1441 2754/495/1442
f 2760/496/1443 2754/495/1442 2753/497/1444
f 2760/496/1443 2753/497/1444 2752/498/1445
f 2761/499/1446 2760/496/1443 2752/498/1445
f 2761/499/1446 2752/498/1445 2751/500/1627
f 2718/501/908 2717/4/909 2771/5/911
f 2718/501/908 2771/5/911 2770/502/913
f 2762/503/1448 2761/499/1446 2751/500/1627
f 2762/503/1448 2751/500/1627 2750/504/1628
f 2762/503/1448 2750/504/1628 2749/505/1629
f 2763/506/1451 2762/503/1448 2749/505/1629
f 2763/506/1451 2749/505/1629 2748/507/1452
f 2764/508/1453 2763/506/1451 2748/507/1452
f 2764/508/1453 2748/507/1452 2747/509/1454
f 2764/508/1453 2747/509/1454 2746/510/1455
f 2765/511/1456 2764/508/1453 2746/510/1455
f 2765/511/1456 2746/510/1455 2745/512/1457
f 2766/513/1458 2765/511/1456 2745/512/1457
f 2766/513/1458 2745/512/1457 2735/514/1459
f 2735/514/1459 2745/512/1457 2736/515/1630
f 2736/515/1630 2745/512/1457 2737/516/1461
f 2737/516/1461 2745/512/1457 2738/517/1462
f 2738/517/1462 2745/512/1457 2739/518/1463
f 2739/518/1463 2745/512/1457 2740/519/1464
f 2740/519/1464 2745/512/1457 2741/520/1631
f 2741/520/1631 2745/512/1457 2742/521/1466
f 2742/521/1466 2745/512/1457 2743/522/1467
f 2743/522/1467 2745/512/1457 2744/115/1468
f 2767/523/1469 2766/513/1458 2733/524/1470
f 2733/524/1470 2766/513/1458 2734/525/1471
f 2734/525/1471 2766/513/1458 2735/514/1459
f 2768/526/1472 2767/523/1469 2731/527/1473
f 2731/527/1473 2767/523/1469 2732/528/1474
f 2732/528/1474 2767/523/1469 2733/524/1470
f 2768/526/1472 2731/527/1473 2730/529/1475
f 2768/526/1472 2730/529/1475 2729/530/1476
f 2769/531/1477 2768/526/1472 2729/530/1476
f 2769/531/1477 2729/530/1476 2728/532/1478
f 2769/531/1477 2728/532/1478 2727/533/1479
f 2718/501/908 2770/502/913 2769/531/1477
f 2718/501/908 2769/531/1477 2723/534/1480
f 2723/534/1480 2769/531/1477 2724/535/1481
f 2724/535/1481 2769/531/1477 2725/536/1482
f 2725/536/1482 2769/531/1477 2726/537/1483
f 2726/537/1483 2769/531/1477 2727/533/1479
f 2718/501/908 2723/534/1480 2722/538/1484
f 2718/501/908 2722/538/1484 2721/539/1632
f 2718/501/908 2721/539/1632 2720/540/1486
f 2718/501/908 2720/540/1486 2719/541/912
f 2810/542/1633 2809/544/1634 2808/543/1635
f 2811/545/1636 2810/542/1633 2808/543/1635
f 2811/545/1636 2808/543/1635 2807/546/1637
f 2812/547/1638 2811/545/1636 2807/546/1637
f 2813/548/1639 2812/547/1638 2807/546/1637
f 2813/548/1639 2807/546/1637 2806/549/1640
f 2814/550/1641 2813/548/1639 2806/549/1640
f 2814/550/1641 2806/549/1640 2805/551/1642
f 2815/552/1643 2814/550/1641 2805/551/1642
f 2816/553/1644 2815/552/1643 2805/551/1642
f 2816/553/1644 2805/551/1642 2804/554/1645
f 2817/555/1646 2816/553/1644 2804/554/1645
f 2817/555/1646 2804/554/1645 2803/556/1647
f 2818/557/1648 2817/555/1646 2803/556/1647
f 2819/558/1649 2818/557/1648 2803/556/1647
f 2819/558/1649 2803/556/1647 2802/559/1650
f 2820/560/1651 2819/558/1649 2802/559/1650
f 2820/560/1651 2802/559/1650 2801/561/1652
f 2821/562/1653 2820/560/1651 2801/561/1652
f 2822/563/1654 2821/562/1653 2823/564/1655
f 2823/564/1655 2821/562/1653 2824/565/1656
f 2824/565/1656 2821/562/1653 2825/566/1657
f 2825/566/1657 2821/562/1653 2826/567/1658
f 2826/567/1658 2821/562/1653 2827/568/1659
f 2827/568/1659 2821/562/1653 2828/569/1660
f 2828/569/1660 2821/562/1653 2829/570/1661
f 2829/570/1661 2821/562/1653 2830/571/1662
f 2830/571/1662 2821/562/1653 2831/572/1663
f 2831/572/1663 2821/562/1653 2832/573/1664
f 2832/573/1664 2821/562/1653 2801/561/1652
f 2832/573/1664 2801/561/1652 2833/574/1665
f 2833/574/1665 2801/561/1652 2834/575/1666
f 2834/575/1666 2801/561/1652 2800/576/1667
f 2834/575/1666 2800/576/1667 2835/577/1668
f 2835/577/1668 2800/576/1667 2799/578/1669
f 2836/579/1670 2835/577/1668 2799/578/1669
f 2837/580/1671 2836/579/1670 2799/578/1669
f 2838/581/1672 2837/580/1671 2799/578/1669
f 2839/582/1673 2838/581/1672 2799/578/1669
f 2840/583/1674 2839/582/1673 2799/578/1669
f 2840/583/1674 2799/578/1669 2798/584/1675
f 2841/585/1676 2840/583/1674 2798/584/1675
f 2842/586/1677 2841/585/1676 2798/584/1675
f 2843/587/1678 2842/586/1677 2798/584/1675
f 2843/587/1678 2798/584/1675 2797/588/1679
f 2844/589/1680 2843/587/1678 2797/588/1679
f 2845/590/1681 2844/589/1680 2797/588/1679
f 2845/590/1681 2797/588/1679 2796/591/1682
f 2846/592/1683 2845/590/1681 2796/591/1682
f 2847/593/1684 2846/592/1683 2796/591/1682
f 2848/594/1685 2847/593/1684 2945/5/1686
f 2945/5/1686 2847/593/1684 2796/591/1682
f 2849/595/1687 2848/594/1685 2945/5/1686
f 2850/596/1688 2849/595/1687 2945/5/1686
f 2851/597/1689 2850/596/1688 2945/5/1686
f 2852/598/1690 2851/597/1689 2945/5/1686
f 2852/598/1690 2945/5/1686 2944/599/1691
f 2909/600/1692 2945/5/1686 2796/591/1682
f 2852/598/1690 2944/599/1691 2943/601/1693
f 2853/602/1694 2852/598/1690 2943/601/1693
f 2853/602/1694 2943/601/1693 2942/603/1695
f 2854/604/1696 2853/602/1694 2942/603/1695
f 2854/604/1696 2942/603/1695 2941/605/1697
f 2855/606/1698 2854/604/1696 2941/605/1697
f 2855/606/1698 2941/605/1697 2940/607/1699
f 2855/606/1698 2940/607/1699 2939/608/1700
f 2856/609/1701 2855/606/1698 2939/608/1700
f 2856/609/1701 2939/608/1700 2938/610/1702
f 2857/611/1703 2856/609/1701 2938/610/1702
f 2857/611/1703 2938/610/1702 2937/612/1704
f 2857/611/1703 2937/612/1704 2936/613/1705
f 2858/614/1706 2857/611/1703 2936/613/1705
f 2858/614/1706 2936/613/1705 2935/615/1707
f 2858/614/1706 2935/615/1707 2934/616/1708
f 2859/617/1709 2858/614/1706 2934/616/1708
f 2859/617/1709 2934/616/1708 2933/618/1710
f 2860/619/1711 2859/617/1709 2933/618/1710
f 2860/619/1711 2933/618/1710 2932/620/1712
f 2860/619/1711 2932/620/1712 2931/621/1713
f 2861/622/1714 2860/619/1711 2931/621/1713
f 2861/622/1714 2931/621/1713 2930/623/1715
f 2861/622/1714 2930/623/1715 2929/624/1716
f 2910/625/1717 2909/600/1692 2796/591/1682
f 2862/626/1718 2861/622/1714 2929/624/1716
f 2911/627/1719 2910/625/1717 2796/591/1682
f 2862/626/1718 2929/624/1716 2928/628/1720
f 2912/629/1721 2911/627/1719 2796/591/1682
f 2773/630/1722 2772/4/1723 2908/631/1724
f 2912/629/1721 2796/591/1682 2795/632/1725
f 2862/626/1718 2928/628/1720 2927/633/1726
f 2774/634/1727 2773/630/1722 2908/631/1724
f 2913/635/1728 2912/629/1721 2795/632/1725
f 2913/635/1728 2795/632/1725 2794/636/1729
f 2775/637/1730 2774/634/1727 2908/631/1724
f 2863/638/1731 2862/626/1718 2927/633/1726
f 2863/638/1731 2927/633/1726 2926/639/1732
f 2913/635/1728 2794/636/1729 2793/640/1733
f 2914/641/1734 2913/635/1728 2793/640/1733
f 2776/642/1735 2775/637/1730 2908/631/1724
f 2914/641/1734 2793/640/1733 2792/643/1736
f 2915/644/1737 2914/641/1734 2792/643/1736
f 2777/645/1738 2776/642/1735 2908/631/1724
f 2863/638/1731 2926/639/1732 2925/646/1739
f 2915/644/1737 2792/643/1736 2791/647/1740
f 2778/648/1741 2777/645/1738 2908/631/1724
f 2916/649/1742 2915/644/1737 2791/647/1740
f 2916/649/1742 2791/647/1740 2790/650/1743
f 2779/651/1744 2778/648/1741 2908/631/1724
f 2863/638/1731 2925/646/1739 2924/652/1745
f 2916/649/1742 2790/650/1743 2789/653/1746
f 2917/654/1747 2916/649/1742 2789/653/1746
f 2780/655/1748 2779/651/1744 2908/631/1724
f 2917/654/1747 2789/653/1746 2788/656/1749
f 2864/657/1750 2863/638/1731 2924/652/1745
f 2781/658/1751 2780/655/1748 2908/631/1724
f 2864/657/1750 2924/652/1745 2923/659/1752
f 2918/660/1753 2917/654/1747 2788/656/1749
f 2918/660/1753 2788/656/1749 2787/661/1754
f 2782/662/1755 2781/658/1751 2908/631/1724
f 2918/660/1753 2787/661/1754 2786/663/1756
f 2783/664/1757 2782/662/1755 2908/631/1724
f 2919/665/1758 2918/660/1753 2786/663/1756
f 2919/665/1758 2786/663/1756 2785/666/1759
f 2784/667/1760 2783/664/1757 2908/631/1724
f 2919/665/1758 2785/666/1759 2784/667/1760
f 2864/657/1750 2923/659/1752 2922/668/1761
f 2919/665/1758 2784/667/1760 2908/631/1724
f 2920/669/1762 2919/665/1758 2908/631/1724
f 2864/657/1750 2922/668/1761 2921/670/1763
f 2921/670/1763 2920/669/1762 2908/631/1724
f 2864/657/1750 2921/670/1763 2884/671/1764
f 2884/671/1764 2921/670/1763 2908/631/1724
f 2865/672/1765 2864/657/1750 2884/671/1764
f 2865/672/1765 2884/671/1764 2883/673/1766
f 2885/674/1767 2884/671/1764 2908/631/1724
f 2866/675/1768 2865/672/1765 2883/673/1766
f 2866/675/1768 2883/673/1766 2882/676/1769
f 2886/677/1770 2885/674/1767 2908/631/1724
f 2886/677/1770 2908/631/1724 2907/678/1771
f 2867/679/1772 2866/675/1768 2882/676/1769
f 2867/679/1772 2882/676/1769 2881/680/1773
f 2887/681/1774 2886/677/1770 2907/678/1771
f 2887/681/1774 2907/678/1771 2906/682/1775
f 2867/679/1772 2881/680/1773 2880/683/1776
f 2888/684/1777 2887/681/1774 2906/682/1775
f 2868/685/1778 2867/679/1772 2880/683/1776
f 2888/684/1777 2906/682/1775 2905/686/1779
f 2868/685/1778 2880/683/1776 2879/687/1780
f 2889/688/1781 2888/684/1777 2905/686/1779
f 2889/688/1781 2905/686/1779 2904/689/1782
f 2869/690/1783 2868/685/1778 2879/687/1780
f 2869/690/1783 2879/687/1780 2878/691/1784
f 2890/692/1785 2889/688/1781 2904/689/1782
f 2890/692/1785 2904/689/1782 2903/693/1786
f 2869/690/1783 2878/691/1784 2877/694/1787
f 2891/695/1788 2890/692/1785 2903/693/1786
f 2891/695/1788 2903/693/1786 2902/696/1789
f 2870/697/1790 2869/690/1783 2877/694/1787
f 2870/697/1790 2877/694/1787 2876/698/1791
f 2892/699/1792 2891/695/1788 2902/696/1789
f 2892/699/1792 2902/696/1789 2901/700/1793
f 2870/697/1790 2876/698/1791 2875/701/1794
f 2892/699/1792 2901/700/1793 2900/702/1795
f 2893/703/1796 2892/699/1792 2900/702/1795
f 2871/704/1006 2870/697/1790 2875/701/1794
f 2893/703/1796 2900/702/1795 2899/705/1797
f 2871/704/1006 2875/701/1794 2874/706/1798
f 2894/707/1799 2893/703/1796 2899/705/1797
f 2894/707/1799 2899/705/1797 2898/708/1800
f 2871/704/1006 2874/706/1798 2873/709/1801
f 2895/710/1802 2894/707/1799 2898/708/1800
f 2872/711/1803 2871/704/1006 2873/709/1801
f 2895/710/1802 2898/708/1800 2897/712/1804
f 2896/713/1805 2895/710/1802 2897/712/1804
f 2984/400/1338 2983/402/1339 2982/401/1806
f 2984/400/1338 2982/401/1806 2981/403/1341
f 2985/404/1342 2984/400/1338 2981/403/1341
f 2985/404/1342 2981/403/1341 2980/405/1807
f 2986/406/1344 2985/404/1342 2980/405/1807
f 2986/406/1344 2980/405/1807 2979/407/1345
f 2987/408/1346 2986/406/1344 2979/407/1345
f 2987/408/1346 2979/407/1345 2978/409/1347
f 2988/359/1348 2987/408/1346 2978/409/1347
f 2988/359/1348 2978/409/1347 2977/410/1349
f 2989/411/1350 2988/359/1348 2977/410/1349
f 2989/411/1350 2977/410/1349 2976/412/1351
f 2990/413/1352 2989/411/1350 3032/414/1353
f 3032/414/1353 2989/411/1350 2976/412/1351
f 2990/413/1352 3032/414/1353 3031/415/1354
f 3033/416/1355 3032/414/1353 2976/412/1351
f 2990/413/1352 3031/415/1354 3030/309/1356
f 3034/417/1357 3033/416/1355 2976/412/1351
f 2990/413/1352 3030/309/1356 3029/418/1358
f 3035/419/1359 3034/417/1357 2976/412/1351
f 3035/419/1359 2976/412/1351 2975/420/1360
f 2990/413/1352 3029/418/1358 3028/421/1361
f 2991/422/1362 2990/413/1352 3028/421/1361
f 3036/423/1363 3035/419/1359 2975/420/1360
f 2991/422/1362 3028/421/1361 3027/424/1364
f 3037/425/1365 3036/423/1363 2975/420/1360
f 2991/422/1362 3027/424/1364 3026/426/1366
f 3038/427/1367 3037/425/1365 2975/420/1360
f 2991/422/1362 3026/426/1366 3025/428/1368
f 3039/429/1369 3038/427/1367 2975/420/1360
f 2992/430/1370 2991/422/1362 3025/428/1368
f 3039/429/1369 2975/420/1360 2974/358/1371
f 2992/430/1370 3025/428/1368 3024/431/1372
f 3040/432/1373 3039/429/1369 2974/358/1371
f 2992/430/1370 3024/431/1372 3023/433/1374
f 3041/434/1375 3040/432/1373 2974/358/1371
f 2993/435/1376 2992/430/1370 3023/433/1374
f 3041/434/1375 2974/358/1371 2973/436/1377
f 2993/435/1376 3023/433/1374 3022/437/1378
f 3042/438/1379 3041/434/1375 2973/436/1377
f 2993/435/1376 3022/437/1378 3021/439/1380
f 3043/440/1381 3042/438/1379 2973/436/1377
f 2994/441/1382 2993/435/1376 3021/439/1380
f 2994/441/1382 3021/439/1380 3020/442/1383
f 3043/440/1381 2973/436/1377 2972/443/1384
f 3044/5/1385 3043/440/1381 2972/443/1384
f 2994/441/1382 3020/442/1383 3044/5/1385
f 2994/441/1382 3044/5/1385 2972/443/1384
f 2995/115/1386 2994/441/1382 2972/443/1384
f 2995/115/1386 2972/443/1384 2971/444/1387
f 2996/445/1388 2995/115/1386 2970/446/1389
f 2970/446/1389 2995/115/1386 2971/444/1387
f 2996/445/1388 2970/446/1389 2969/447/1808
f 2997/448/1391 2996/445/1388 2969/447/1808
f 2997/448/1391 2969/447/1808 2968/449/1809
f 2997/448/1391 2968/449/1809 2967/450/1393
f 2998/451/1394 2997/448/1391 2967/450/1393
f 2998/451/1394 2967/450/1393 2966/452/1395
f 2999/453/1396 2998/451/1394 2966/452/1395
f 2999/453/1396 2966/452/1395 2965/454/1397
f 2947/455/1398 2946/4/1399 3019/456/1400
f 2999/453/1396 2965/454/1397 2964/457/1401
f 2948/458/1402 2947/455/1398 3019/456/1400
f 2949/459/1403 2948/458/1402 3019/456/1400
f 3000/460/1404 2999/453/1396 2964/457/1401
f 3000/460/1404 2964/457/1401 2963/461/1405
f 2950/462/1406 2949/459/1403 3019/456/1400
f 2951/463/1407 2950/462/1406 3019/456/1400
f 3000/460/1404 2963/461/1405 2962/464/1408
f 2952/465/1810 2951/463/1407 3019/456/1400
f 3000/460/1404 2962/464/1408 2961/466/1410
f 2953/467/1411 2952/465/1810 3019/456/1400
f 3001/468/1412 3000/460/1404 2961/466/1410
f 2954/469/1413 2953/467/1411 3019/456/1400
f 3001/468/1412 2961/466/1410 2960/286/1414
f 2955/470/1415 2954/469/1413 3019/456/1400
f 3001/468/1412 2960/286/1414 2959/471/1416
f 2956/472/1417 2955/470/1415 3019/456/1400
f 2957/473/1418 2956/472/1417 3019/456/1400
f 3001/468/1412 2959/471/1416 2958/474/1811
f 2958/474/1811 2957/473/1418 3019/456/1400
f 3001/468/1412 2958/474/1811 3019/456/1400
f 3002/390/1420 3001/468/1412 3019/456/1400
f 3002/390/1420 3019/456/1400 3018/475/1421
f 3003/476/1422 3002/390/1420 3018/475/1421
f 3003/476/1422 3018/475/1421 3017/477/1423
f 3003/476/1422 3017/477/1423 3016/334/1424
f 3004/478/1812 3003/476/1422 3016/334/1424
f 3004/478/1812 3016/334/1424 3015/479/1426
f 3004/478/1812 3015/479/1426 3014/480/1427
f 3005/481/1428 3004/478/1812 3014/480/1427
f 3005/481/1428 3014/480/1427 3013/482/1429
f 3005/481/1428 3013/482/1429 3012/483/1430
f 3006/484/1431 3005/481/1428 3012/483/1430
f 3006/484/1431 3012/483/1430 3011/485/1432
f 3006/484/1431 3011/485/1432 3010/486/1433
f 3006/484/1431 3010/486/1433 3009/487/1434
f 3007/488/1435 3006/484/1431 3009/487/1434
f 3007/488/1435 3009/487/1434 3008/489/1436
f 3047/497/908 3046/514/909 3045/4/911
f 3047/497/908 3045/4/911 3048/5/912
f 3062/13/914 3061/15/915 3060/14/916
f 3062/13/914 3060/14/916 3059/16/917
f 3062/13/914 3059/16/917 3058/17/918
f 3063/18/919 3062/13/914 3058/17/918
f 3063/18/919 3058/17/918 3057/19/920
f 3063/18/919 3057/19/920 3056/20/921
f 3063/18/919 3056/20/921 3055/21/922
f 3064/22/923 3063/18/919 3055/21/922
f 3064/22/923 3055/21/922 3054/23/924
f 3064/22/923 3054/23/924 3053/24/925
f 3064/22/923 3053/24/925 3052/25/926
f 3065/26/927 3064/22/923 3052/25/926
f 3065/26/927 3052/25/926 3051/27/928
f 3065/26/927 3051/27/928 3050/28/929
f 3065/26/927 3050/28/929 3049/4/930
f 3066/29/931 3065/26/927 3049/4/930
f 3066/29/931 3049/4/930 3136/30/932
f 3136/30/932 3049/4/930 3137/31/933
f 3137/31/933 3049/4/930 3138/32/934
f 3138/32/934 3049/4/930 3139/33/935
f 3139/33/935 3049/4/930 3140/34/936
f 3140/34/936 3049/4/930 3141/35/937
f 3141/35/937 3049/4/930 3142/36/938
f 3142/36/938 3049/4/930 3143/37/939
f 3143/37/939 3049/4/930 3144/38/940
f 3144/38/940 3049/4/930 3145/39/941
f 3145/39/941 3049/4/930 3146/5/942
f 3067/40/943 3066/29/931 3134/41/944
f 3134/41/944 3066/29/931 3135/42/1813
f 3135/42/1813 3066/29/931 3136/30/932
f 3067/40/943 3134/41/944 3133/43/946
f 3067/40/943 3133/43/946 3132/44/947
f 3067/40/943 3132/44/947 3131/45/948
f 3068/46/949 3067/40/943 3131/45/948
f 3068/46/949 3131/45/948 3130/47/950
f 3068/46/949 3130/47/950 3129/48/951
f 3069/49/952 3068/46/949 3129/48/951
f 3069/49/952 3129/48/951 3128/50/1814
f 3069/49/952 3128/50/1814 3127/51/954
f 3070/52/955 3069/49/952 3127/51/954
f 3070/52/955 3127/51/954 3126/53/1815
f 3071/54/957 3070/52/955 3126/53/1815
f 3071/54/957 3126/53/1815 3125/55/958
f 3071/54/957 3125/55/958 3124/56/1816
f 3072/57/960 3071/54/957 3124/56/1816
f 3072/57/960 3124/56/1816 3123/58/961
f 3073/59/962 3072/57/960 3123/58/961
f 3073/59/962 3123/58/961 3122/60/963
f 3073/59/962 3122/60/963 3121/61/964
f 3074/62/965 3073/59/962 3121/61/964
f 3074/62/965 3121/61/964 3120/63/966
f 3075/64/967 3074/62/965 3120/63/966
f 3075/64/967 3120/63/966 3119/65/968
f 3076/66/969 3075/64/967 3119/65/968
f 3076/66/969 3119/65/968 3118/67/970
f 3077/68/971 3076/66/969 3118/67/970
f 3077/68/971 3118/67/970 3117/69/972
f 3078/70/973 3077/68/971 3117/69/972
f 3078/70/973 3117/69/972 3116/71/974
f 3099/72/975 3098/74/976 3097/73/1817
f 3078/70/973 3116/71/974 3115/75/978
f 3100/76/979 3099/72/975 3097/73/1817
f 3079/77/980 3078/70/973 3115/75/978
f 3101/78/981 3100/76/979 3097/73/1817
f 3079/77/980 3115/75/978 3114/79/982
f 3102/80/983 3101/78/981 3097/73/1817
f 3103/81/984 3102/80/983 3097/73/1817
f 3079/77/980 3114/79/982 3113/82/985
f 3104/83/986 3103/81/984 3097/73/1817
f 3080/84/987 3079/77/980 3113/82/985
f 3105/85/988 3104/83/986 3097/73/1817
f 3080/84/987 3113/82/985 3112/86/989
f 3106/87/990 3105/85/988 3097/73/1817
f 3107/88/991 3106/87/990 3097/73/1817
f 3080/84/987 3112/86/989 3111/89/992
f 3108/90/993 3107/88/991 3097/73/1817
f 3109/91/994 3108/90/993 3097/73/1817
f 3080/84/987 3111/89/992 3110/92/995
f 3110/92/995 3109/91/994 3097/73/1817
f 3080/84/987 3110/92/995 3097/73/1817
f 3081/93/996 3080/84/987 3097/73/1817
f 3081/93/996 3097/73/1817 3096/94/997
f 3082/95/998 3081/93/996 3096/94/997
f 3082/95/998 3096/94/997 3095/96/999
f 3082/95/998 3095/96/999 3094/97/1000
f 3082/95/998 3094/97/1000 3093/98/1001
f 3083/99/1002 3082/95/998 3093/98/1001
f 3083/99/1002 3093/98/1001 3092/100/1003
f 3083/99/1002 3092/100/1003 3091/101/1004
f 3083/99/1002 3091/101/1004 3090/102/1005
f 3084/103/1006 3083/99/1002 3090/102/1005
f 3084/103/1006 3090/102/1005 3089/104/1007
f 3084/103/1006 3089/104/1007 3088/105/1818
f 3084/103/1006 3088/105/1818 3087/106/1009
f 3085/107/1010 3084/103/1006 3087/106/1009
f 3085/107/1010 3087/106/1009 3086/108/1011
f 1/4/4 1575/3/909 2/3/3
f 12/5/5 1574/4/911 1/4/4
f 9/8/4 1583/6/913 10/6/6
f 25/15/9 1599/13/914 26/13/7
f 17/24/18 1591/23/924 18/23/17
f 105/35/30 1679/36/938 106/36/31
f 97/43/39 1671/41/944 98/41/37
f 33/49/45 1607/52/955 34/52/48
f 89/55/51 1663/53/956 90/53/49
f 81/69/65 1655/67/970 82/67/63
f 41/68/64 1615/70/973 42/70/66
f 65/78/74 1639/80/983 66/80/76
f 73/91/87 1647/92/995 74/92/88
f 57/98/94 1631/97/1000 58/97/93
f 49/107/103 1623/108/1011 50/108/104
f 113/109/105 1687/116/1021 114/116/114
f 145/124/121 1719/123/1027 146/123/120
f 153/126/126 1727/127/1034 154/127/127
f 161/134/136 1735/8/1045 162/8/138
f 137/12/143 1711/137/1047 138/137/140
f 169/143/149 1743/144/1057 170/144/150
f 129/154/162 1703/153/1068 130/153/161
f 185/164/173 1759/163/1079 186/163/172
f 193/165/174 1767/168/1084 194/168/177
f 297/181/191 1871/182/1099 298/182/192
f 289/184/195 1863/185/1103 290/185/196
f 281/194/206 1855/193/1112 282/193/205
f 201/198/211 1775/200/1121 202/200/214
f 273/204/218 1847/202/1123 274/202/216
f 265/217/232 1839/8/1137 266/8/230
f 209/216/231 1783/218/1140 210/218/233
f 217/233/249 1791/235/1158 218/235/251
f 233/10/254 1807/234/1157 234/234/250
f 225/248/266 1799/251/1176 226/251/269
f 257/252/270 1831/250/1175 258/250/268
f 241/254/272 1815/256/1181 242/256/274
f 249/265/285 1823/266/1193 250/266/286
f 313/268/288 1887/272/1199 314/272/292
f 305/279/299 1879/277/1204 306/277/297
f 425/287/308 1999/288/1216 426/288/309
f 321/298/320 1895/300/1229 322/300/322
f 417/305/327 1991/304/1233 418/304/326
f 409/315/337 1983/314/1243 410/314/336
f 401/325/347 1975/324/1253 402/324/346
f 329/333/355 1903/336/1265 330/336/358
f 393/337/359 1967/335/1264 394/335/357
f 385/351/373 1959/349/1278 386/349/371
f 337/356/378 1911/358/1287 338/358/380
f 353/369/391 1927/366/1295 354/366/388
f 345/373/395 1919/375/1304 346/375/397
f 361/352/374 1935/383/1312 362/383/405
f 377/387/409 1951/384/1313 378/384/406
f 369/394/416 1943/396/1325 370/396/418
f 441/276/296 2015/274/1201 442/274/294
f 449/275/295 2023/278/1205 450/278/298
f 561/289/310 2135/290/1218 562/290/311
f 553/303/325 2127/301/1230 554/301/323
f 545/312/334 2119/311/1240 546/311/333
f 457/308/330 2031/313/1242 458/313/335
f 537/322/344 2111/321/1331 538/321/425
f 529/334/356 2103/332/1261 530/332/354
f 465/338/360 2039/341/1333 466/341/363
f 521/347/369 2095/345/1274 522/345/367
f 473/360/382 2047/363/1292 474/363/385
f 489/364/386 2063/362/1291 490/362/384
f 481/377/399 2055/379/1308 482/379/401
f 513/382/404 2087/381/1310 514/381/403
f 497/385/407 2071/386/1315 498/386/408
f 505/397/419 2079/399/1328 506/399/421
f 601/407/435 2175/405/1343 602/405/433
f 609/408/436 2183/359/1348 610/359/438
f 657/419/449 2231/423/1363 658/423/453
f 649/424/454 2223/421/1361 650/421/451
f 665/440/471 2239/5/1385 666/5/475
f 593/444/477 2167/443/1384 594/443/474
f 617/115/476 2191/445/1388 618/445/478
f 569/455/488 2143/458/1402 570/458/492
f 585/461/495 2159/457/1401 586/457/491
f 577/470/505 2151/472/1417 578/472/507
f 625/476/512 2199/478/1425 626/478/515
f 633/485/522 2207/483/1430 634/483/520
f 705/493/530 2279/491/1439 706/491/528
f 713/506/541 2287/508/1453 714/508/543
f 697/509/544 2271/507/1452 698/507/542
f 689/518/553 2263/519/1464 690/519/554
f 681/527/563 2255/528/1474 682/528/564
f 673/534/570 2247/535/1481 674/535/571
f 745/124/121 2319/123/1027 746/123/120
f 753/126/126 2327/127/1034 754/127/127
f 761/134/136 2335/8/1045 762/8/138
f 737/12/143 2311/137/1047 738/137/140
f 769/143/149 2343/144/1057 770/144/150
f 729/154/577 2303/153/1068 730/153/161
f 889/184/578 2463/185/1492 890/185/581
f 881/194/592 2455/193/1501 882/193/590
f 897/181/595 2471/182/1508 898/182/597
f 873/204/608 2447/202/1517 874/202/606
f 833/10/615 2407/234/1528 834/234/617
f 865/217/624 2439/8/1533 866/8/622
f 841/254/631 2415/256/1544 842/256/633
f 857/252/640 2431/250/1549 858/250/638
f 849/265/647 2423/266/1560 850/266/649
f 785/164/666 2359/163/1579 786/163/668
f 817/233/669 2391/235/1578 818/235/667
f 793/165/682 2367/168/1594 794/168/683
f 809/216/686 2383/218/1595 810/218/684
f 801/198/697 2375/200/1610 802/200/699
f 1009/187/579 2583/2/1490 1010/2/580
f 1017/179/591 2591/180/1611 1018/180/700
f 1001/196/596 2575/195/1505 1002/195/594
f 993/207/612 2567/205/1521 994/205/610
f 953/241/611 2527/239/1524 954/239/613
f 985/222/628 2559/219/1537 986/219/626
f 961/224/627 2535/253/1540 962/253/629
f 977/9/644 2551/255/1553 978/255/642
f 969/262/643 2543/263/1556 970/263/645
f 945/244/657 2519/246/1566 946/246/655
f 905/167/662 2479/166/1575 906/166/664
f 937/228/673 2511/230/1614 938/230/703
f 913/158/677 2487/162/1591 914/162/680
f 929/213/690 2503/215/1599 930/215/688
f 921/188/693 2495/1/1606 922/1/695
f 1129/190/707 2703/189/1618 1130/189/582
f 1137/177/587 2711/178/1500 1138/178/589
f 1121/6/600 2695/197/1509 1122/197/598
f 1073/245/607 2647/243/1620 1074/243/708
f 1113/210/616 2687/209/1525 1114/209/614
f 1081/225/623 2655/226/1536 1082/226/625
f 1105/231/632 2679/227/1541 1106/227/630
f 1089/259/709 2663/260/1552 1090/260/641
f 1097/261/648 2671/258/1557 1098/258/646
f 1025/170/658 2599/169/1571 1026/169/660
f 1065/240/661 2639/11/1570 1066/11/659
f 1033/3/674 2607/159/1587 1034/159/676
f 1057/221/678 2631/223/1626 1058/223/714
f 1041/183/689 2615/186/1602 1042/186/691
f 1049/208/694 2623/211/1603 1050/211/692
f 1185/490/527 2759/494/1441 1186/494/531
f 1177/504/716 2751/500/1627 1178/500/715
f 1169/521/556 2743/522/1467 1170/522/557
f 1193/513/548 2767/523/1469 1194/523/559
f 1161/525/561 2735/514/1459 1162/514/549
f 1153/537/573 2727/533/1479 1154/533/569
f 1145/501/1 2719/541/912 1146/541/5
f 1233/549/730 2807/546/1637 1234/546/727
f 1241/550/731 2815/552/1643 1242/552/733
f 1249/563/744 2823/564/1655 1250/564/745
f 1257/571/752 2831/572/1663 1258/572/753
f 1265/581/762 2839/582/1673 1266/582/763
f 1225/584/765 2799/578/1669 1226/578/759
f 1273/592/773 2847/593/1684 1274/593/774
f 1369/603/785 2943/601/1693 1370/601/783
f 1281/604/786 2855/606/1698 1282/606/788
f 1361/616/798 2935/615/1707 1362/615/797
f 1337/625/807 2911/627/1719 1338/627/809
f 1201/634/817 2775/637/1730 1202/637/820
f 1289/626/808 2863/638/1731 1290/638/821
f 1353/639/822 2927/633/1726 1354/633/816
f 1217/650/833 2791/647/1740 1218/647/830
f 1209/662/845 2783/664/1757 1210/664/847
f 1345/660/843 2919/665/1758 1346/665/848
f 1313/677/860 2887/681/1774 1314/681/864
f 1305/691/874 2879/687/1780 1306/687/870
f 1329/696/879 2903/693/1786 1330/693/876
f 1297/697/880 2871/704/1006 1298/704/99
f 1321/707/889 2895/710/1802 1322/710/892
f 1409/401/429 2983/402/1339 1410/402/430
f 1457/309/446 3031/415/1354 1458/415/444
f 1417/413/442 2991/422/1362 1418/422/452
f 1465/427/457 3039/429/1369 1466/429/459
f 1401/358/461 2975/420/1360 1402/420/450
f 1449/437/468 3023/433/1374 1450/433/464
f 1393/452/485 2967/450/1393 1394/450/483
f 1425/451/484 2999/453/1396 1426/453/486
f 1377/462/496 2951/463/1407 1378/463/497
f 1385/474/903 2959/471/1416 1386/471/506
f 1441/480/517 3015/479/1426 1442/479/516
f 1433/484/521 3007/488/1435 1434/488/525
f 1473/514/3 3047/497/908 1474/497/1
f 1489/13/7 3063/18/919 1490/18/12
f 1481/23/17 3055/21/922 1482/21/15
f 1569/36/31 3143/37/939 1570/37/32
f 1561/41/37 3135/42/1813 1562/42/905
f 1553/53/49 3127/51/954 1554/51/47
f 1497/52/906 3071/54/957 1498/54/50
f 1545/67/63 3119/65/968 1546/65/61
f 1505/70/66 3079/77/980 1506/77/73
f 1529/80/76 3103/81/984 1530/81/77
f 1537/92/88 3111/89/992 1538/89/85
f 1521/97/93 3095/96/999 1522/96/92
f 1513/108/104 3087/106/1009 1514/106/102
f 2/3/3 1576/1/908 3/1/1
f 10/6/6 1584/2/910 11/2/2
f 26/13/7 1600/18/919 27/18/12
f 18/23/17 1592/21/922 19/21/15
f 106/36/31 1680/37/939 107/37/32
f 98/41/37 1672/42/945 99/42/38
f 90/53/49 1664/51/954 91/51/47
f 34/52/48 1608/54/957 35/54/50
f 82/67/63 1656/65/968 83/65/61
f 42/70/66 1616/77/980 43/77/73
f 66/80/76 1640/81/984 67/81/77
f 74/92/88 1648/89/992 75/89/85
f 58/97/93 1632/96/999 59/96/92
f 50/108/104 1624/106/1009 51/106/102
f 114/116/114 1688/114/1019 115/114/112
f 122/4/3 1696/118/908 123/118/1
f 150/120/116 1695/4/909 122/4/3
f 146/123/120 1720/10/1026 147/10/119
f 154/127/127 1728/117/1035 155/117/128
f 162/8/138 1736/136/1046 163/136/139
f 138/137/140 1712/135/1044 139/135/137
f 170/144/150 1744/146/1059 171/146/152
f 130/153/161 1704/152/1067 131/152/160
f 186/163/172 1760/161/1077 187/161/170
f 194/168/177 1768/171/1087 195/171/180
f 178/4/184 1752/173/1089 179/173/182
f 298/182/192 1872/5/1100 299/5/193
f 299/5/193 1751/4/1091 178/4/184
f 290/185/196 1864/175/1092 291/175/185
f 282/193/205 1856/192/1111 283/192/204
f 274/202/216 1848/201/1122 275/201/215
f 202/200/214 1776/203/1124 203/203/217
f 266/8/230 1840/214/1135 267/214/228
f 210/218/233 1784/12/1141 211/12/234
f 234/234/250 1808/232/1155 235/232/248
f 218/235/251 1792/236/1159 219/236/252
f 258/250/268 1832/242/1166 259/242/259
f 226/251/269 1800/249/1174 227/249/267
f 242/256/274 1816/257/1183 243/257/276
f 250/266/286 1824/267/1194 251/267/287
f 314/272/292 1888/275/1202 315/275/295
f 306/277/297 1880/276/1203 307/276/296
f 426/288/309 2000/289/1217 427/289/310
f 418/304/326 1992/303/1232 419/303/325
f 322/300/322 1896/308/1237 323/308/330
f 410/314/336 1984/312/1241 411/312/334
f 402/324/346 1976/322/1251 403/322/344
f 394/335/357 1968/334/1263 395/334/356
f 330/336/358 1904/338/1267 331/338/360
f 386/349/371 1960/347/1276 387/347/369
f 338/358/380 1912/360/1289 339/360/382
f 354/366/388 1928/364/1293 355/364/386
f 346/375/397 1920/377/1306 347/377/399
f 378/384/406 1952/382/1311 379/382/404
f 362/383/405 1936/385/1314 363/385/407
f 370/396/418 1944/397/1326 371/397/419
f 442/274/294 2016/273/1200 443/273/293
f 450/278/298 2024/281/1208 451/281/301
f 434/4/306 2008/285/1212 435/285/305
f 562/290/311 2136/291/1219 563/291/312
f 567/5/422 2007/4/1213 434/4/306
f 554/301/323 2128/302/1231 555/302/324
f 546/311/333 2120/310/1239 547/310/332
f 458/313/335 2032/317/1246 459/317/339
f 538/321/425 2112/320/1249 539/320/342
f 530/332/354 2104/330/1259 531/330/352
f 466/341/363 2040/343/1272 467/343/365
f 522/345/367 2096/344/1334 523/344/366
f 490/362/384 2064/359/1288 491/359/381
f 474/363/385 2048/365/1335 475/365/427
f 482/379/401 2056/378/1307 483/378/400
f 514/381/403 2088/380/1309 515/380/402
f 498/386/408 2072/388/1317 499/388/410
f 506/399/421 2080/398/1327 507/398/420
f 602/405/433 2176/403/1341 603/403/431
f 610/359/438 2184/411/1350 611/411/440
f 650/421/451 2224/418/1358 651/418/448
f 658/423/453 2232/425/1365 659/425/455
f 642/442/473 2216/439/1380 643/439/470
f 594/443/474 2168/436/1377 595/436/467
f 666/5/475 2215/442/1383 642/442/473
f 618/445/478 2192/448/1391 619/448/481
f 586/457/491 2160/454/1397 587/454/487
f 570/458/492 2144/459/1403 571/459/493
f 578/472/507 2152/473/1418 579/473/508
f 626/478/515 2200/481/1428 627/481/518
f 634/483/520 2208/482/1429 635/482/519
f 706/491/528 2280/492/1438 707/492/529
f 698/507/542 2272/505/1450 699/505/540
f 714/508/543 2288/511/1456 715/511/546
f 690/519/554 2264/520/1465 691/520/555
f 682/528/564 2256/524/1470 683/524/560
f 674/535/571 2248/536/1482 675/536/572
f 722/4/3 2296/118/908 723/118/1
f 750/120/116 2295/4/909 722/4/3
f 746/123/120 2320/10/1026 747/10/119
f 754/127/127 2328/117/1035 755/117/128
f 762/8/138 2336/136/1046 763/136/139
f 738/137/140 2312/135/1044 739/135/137
f 770/144/150 2344/146/1059 771/146/152
f 730/153/161 2304/152/1067 731/152/160
f 890/185/581 2464/175/1494 891/175/583
f 882/193/590 2456/192/1499 883/192/588
f 898/182/597 2472/5/1510 899/5/599
f 899/5/599 2399/251/1512 826/251/601
f 826/251/601 2400/249/1514 827/249/603
f 874/202/606 2448/201/1515 875/201/604
f 834/234/617 2408/232/1530 835/232/619
f 866/8/622 2440/214/1531 867/214/620
f 842/256/633 2416/257/1546 843/257/635
f 858/250/638 2432/242/1547 859/242/636
f 850/266/649 2424/267/1562 851/267/651
f 778/4/654 2352/173/1563 779/173/652
f 825/248/653 2351/4/1564 778/4/654
f 818/235/667 2392/236/1576 819/236/665
f 786/163/668 2360/161/1581 787/161/670
f 810/218/684 2384/12/1592 811/12/681
f 794/168/683 2368/171/1596 795/171/685
f 802/200/699 2376/203/1609 803/203/698
f 1010/2/580 2584/184/1489 1011/184/578
f 1002/195/594 2576/194/1503 1003/194/592
f 1018/180/700 2592/181/1506 1019/181/595
f 994/205/610 2568/204/1519 995/204/608
f 954/239/613 2528/10/1526 955/10/615
f 986/219/626 2560/217/1535 987/217/624
f 962/253/629 2536/254/1542 963/254/631
f 978/255/642 2552/252/1551 979/252/640
f 970/263/645 2544/265/1558 971/265/647
f 946/246/655 2520/248/1565 947/248/653
f 906/166/664 2480/164/1577 907/164/666
f 938/230/703 2512/233/1580 939/233/669
f 914/162/680 2488/165/1593 915/165/682
f 930/215/688 2504/216/1597 931/216/686
f 922/1/695 2496/198/1608 923/198/697
f 1130/189/582 2704/187/1617 1131/187/706
f 1138/178/589 2712/179/1502 1139/179/591
f 1122/197/598 2696/196/1507 1123/196/596
f 1074/243/708 2648/241/1522 1075/241/611
f 1114/209/614 2688/207/1523 1115/207/612
f 1082/226/625 2656/224/1538 1083/224/627
f 1106/227/630 2680/222/1539 1107/222/628
f 1090/260/641 2664/262/1623 1091/262/711
f 1098/258/646 2672/9/1624 1099/9/712
f 1066/11/659 2640/244/1568 1067/244/657
f 1026/169/660 2600/167/1573 1027/167/662
f 1058/223/714 2632/228/1584 1059/228/673
f 1034/159/676 2608/158/1588 1035/158/677
f 1050/211/692 2624/213/1601 1051/213/690
f 1042/186/691 2616/188/1604 1043/188/693
f 1186/494/531 2760/496/1443 1187/496/533
f 1178/500/715 2752/498/1445 1179/498/535
f 1162/514/549 2736/515/1630 1163/515/718
f 1170/522/557 2744/115/1468 1171/115/720
f 1194/523/559 2768/526/1472 1195/526/562
f 1154/533/569 2728/532/1478 1155/532/568
f 1146/541/5 2720/540/1486 1147/540/576
f 1234/546/727 2808/543/1635 1235/543/724
f 1242/552/733 2816/553/1644 1243/553/734
f 1250/564/745 2824/565/1656 1251/565/746
f 1258/572/753 2832/573/1664 1259/573/754
f 1226/578/759 2800/576/1667 1227/576/757
f 1266/582/763 2840/583/1674 1267/583/764
f 1274/593/774 2848/594/1685 1275/594/775
f 1370/601/783 2944/599/1691 1371/599/781
f 1282/606/788 2856/609/1701 1283/609/791
f 1362/615/797 2936/613/1705 1363/613/795
f 1338/627/809 2912/629/1721 1339/629/811
f 1354/633/816 2928/628/1720 1355/628/810
f 1202/637/820 2776/642/1735 1203/642/825
f 1218/647/830 2792/643/1736 1219/643/826
f 1290/638/821 2864/657/1750 1291/657/840
f 1210/664/847 2784/667/1760 1211/667/850
f 1346/665/848 2920/669/1762 1347/669/852
f 1314/681/864 2888/684/1777 1315/684/867
f 1306/687/870 2880/683/1776 1307/683/866
f 1330/693/876 2904/689/1782 1331/689/872
f 1298/704/99 2872/711/1803 1299/711/893
f 1322/710/892 2896/713/1805 1323/713/895
f 1410/402/430 2984/400/1338 1411/400/428
f 1458/415/444 3032/414/1353 1459/414/443
f 1402/420/450 2976/412/1351 1403/412/441
f 1418/422/452 2992/430/1370 1419/430/460
f 1466/429/459 3040/432/1373 1467/432/898
f 1450/433/464 3024/431/1372 1451/431/462
f 1394/450/483 2968/449/1809 1395/449/900
f 1426/453/486 3000/460/1404 1427/460/494
f 1378/463/497 2952/465/1810 1379/465/902
f 1386/471/506 2960/286/1414 1387/286/504
f 1442/479/516 3016/334/1424 1443/334/514
f 1434/488/525 3008/489/1436 1435/489/526
f 1474/497/1 3048/5/912 1475/5/5
f 1482/21/15 3056/20/921 1483/20/14
f 1490/18/12 3064/22/923 1491/22/16
f 1570/37/32 3144/38/940 1571/38/33
f 1562/42/905 3136/30/932 1563/30/25
f 1554/51/47 3128/50/1814 1555/50/46
f 1498/54/50 3072/57/960 1499/57/53
f 1546/65/61 3120/63/966 1547/63/59
f 1530/81/77 3104/83/986 1531/83/79
f 1506/77/73 3080/84/987 1507/84/80
f 1538/89/85 3112/86/989 1539/86/82
f 1522/96/92 3096/94/997 1523/94/90
f 1514/106/102 3088/105/1818 1515/105/101
f 11/2/2 1585/5/912 12/5/5
f 3/1/1 1577/12/912 4/12/5
f 19/21/15 1593/20/921 20/20/14
f 27/18/12 1601/22/923 28/22/16
f 107/37/32 1681/38/940 108/38/33
f 99/42/38 1673/30/932 100/30/25
f 91/51/47 1665/50/953 92/50/46
f 35/54/50 1609/57/960 36/57/53
f 83/65/61 1657/63/966 84/63/59
f 67/81/77 1641/83/986 68/83/79
f 43/77/73 1617/84/987 44/84/80
f 75/89/85 1649/86/989 76/86/82
f 59/96/92 1633/94/997 60/94/90
f 51/106/102 1625/105/1008 52/105/101
f 115/114/112 1689/115/1020 116/115/113
f 147/10/119 1721/122/1025 148/122/118
f 155/117/128 1729/129/1037 156/129/130
f 139/135/137 1713/131/1040 140/131/133
f 163/136/139 1737/138/1048 164/138/141
f 171/146/152 1745/2/1060 172/2/153
f 131/152/160 1705/1/1066 132/1/159
f 123/118/1 1697/157/912 124/157/5
f 187/161/170 1761/160/1076 188/160/169
f 179/173/182 1753/172/1088 180/172/181
f 195/171/180 1769/174/1090 196/174/183
f 291/175/185 1865/176/1093 292/176/186
f 283/192/204 1857/191/1110 284/191/203
f 275/201/215 1849/199/1120 276/199/213
f 203/203/217 1777/206/1127 204/206/220
f 267/214/228 1841/212/1133 268/212/226
f 211/12/234 1785/220/1143 212/220/236
f 235/232/248 1809/229/1152 236/229/245
f 219/236/252 1793/238/1162 220/238/255
f 259/242/259 1833/237/1160 260/237/253
f 227/249/267 1801/247/1172 228/247/265
f 243/257/276 1817/7/1184 244/7/277
f 251/267/287 1825/264/1191 252/264/284
f 307/276/296 1881/274/1201 308/274/294
f 315/275/295 1889/278/1205 316/278/298
f 427/289/310 2001/290/1218 428/290/311
f 419/303/325 1993/301/1230 420/301/323
f 411/312/334 1985/311/1240 412/311/333
f 323/308/330 1897/313/1242 324/313/335
f 403/322/344 1977/321/1250 404/321/343
f 395/334/356 1969/332/1261 396/332/354
f 331/338/360 1905/341/1270 332/341/363
f 387/347/369 1961/345/1274 388/345/367
f 339/360/382 1913/363/1292 340/363/385
f 355/364/386 1929/362/1291 356/362/384
f 347/377/399 1921/379/1308 348/379/401
f 379/382/404 1953/381/1310 380/381/403
f 363/385/407 1937/386/1315 364/386/408
f 371/397/419 1945/399/1328 372/399/421
f 443/273/293 2017/271/1198 444/271/291
f 451/281/301 2025/284/1211 452/284/304
f 435/285/305 2009/283/1210 436/283/303
f 563/291/312 2137/292/1220 564/292/313
f 555/302/324 2129/299/1228 556/299/321
f 547/310/332 2121/309/1238 548/309/331
f 539/320/342 2113/319/1330 540/319/424
f 459/317/339 2033/323/1252 460/323/345
f 531/330/352 2105/329/1258 532/329/351
f 523/344/366 2097/342/1271 524/342/364
f 467/343/365 2041/346/1275 468/346/368
f 491/359/381 2065/357/1286 492/357/379
f 475/365/427 2049/367/1296 476/367/389
f 483/378/400 2057/376/1305 484/376/398
f 515/380/402 2089/368/1297 516/368/390
f 499/388/410 2073/389/1318 500/389/411
f 507/398/420 2081/395/1324 508/395/417
f 603/403/431 2177/401/1340 604/401/429
f 611/411/440 2185/413/1352 612/413/442
f 651/418/448 2225/309/1356 652/309/446
f 659/425/455 2233/427/1367 660/427/457
f 595/436/467 2169/358/1371 596/358/461
f 643/439/470 2217/437/1378 644/437/468
f 619/448/481 2193/451/1394 620/451/484
f 587/454/487 2161/452/1395 588/452/485
f 571/459/493 2145/462/1406 572/462/496
f 579/473/508 2153/474/1419 580/474/509
f 635/482/519 2209/480/1427 636/480/517
f 627/481/518 2201/484/1431 628/484/521
f 707/492/529 2281/490/1437 708/490/527
f 667/4/3 2241/501/908 668/501/1
f 721/5/4 2240/4/909 667/4/3
f 699/505/540 2273/504/1449 700/504/539
f 715/511/546 2289/513/1458 716/513/548
f 691/520/555 2265/521/1466 692/521/556
f 683/524/560 2257/525/1471 684/525/561
f 675/536/572 2249/537/1483 676/537/573
f 747/10/119 2321/122/1025 748/122/118
f 755/117/128 2329/129/1037 756/129/130
f 739/135/137 2313/131/1040 740/131/133
f 763/136/139 2337/138/1048 764/138/141
f 771/146/152 2345/2/1060 772/2/153
f 731/152/160 2305/1/1066 732/1/159
f 723/118/1 2297/157/912 724/157/5
f 891/175/583 2465/176/1496 892/176/585
f 883/192/588 2457/191/1497 884/191/586
f 875/201/604 2449/199/1513 876/199/602
f 827/249/603 2401/247/1516 828/247/605
f 867/214/620 2441/212/1529 868/212/618
f 835/232/619 2409/229/1532 836/229/621
f 859/242/636 2433/237/1545 860/237/634
f 843/257/635 2417/7/1548 844/7/637
f 851/267/651 2425/264/1561 852/264/650
f 779/173/652 2353/172/1567 780/172/656
f 819/236/665 2393/238/1574 820/238/663
f 787/161/670 2361/160/1583 788/160/672
f 811/12/681 2385/220/1590 812/220/679
f 795/171/685 2369/174/1598 796/174/687
f 803/203/698 2377/206/1607 804/206/696
f 1011/184/578 2585/185/1492 1012/185/581
f 1003/194/592 2577/193/1501 1004/193/590
f 1019/181/595 2593/182/1508 1020/182/597
f 995/204/608 2569/202/1517 996/202/606
f 955/10/615 2529/234/1528 956/234/617
f 987/217/624 2561/8/1533 988/8/622
f 963/254/631 2537/256/1544 964/256/633
f 979/252/640 2553/250/1549 980/250/638
f 971/265/647 2545/266/1560 972/266/649
f 907/164/666 2481/163/1613 908/163/668
f 939/233/669 2513/235/1612 940/235/702
f 915/165/682 2489/168/1594 916/168/683
f 931/216/686 2505/218/1616 932/218/705
f 923/198/697 2497/200/1610 924/200/699
f 1131/187/706 2705/2/1490 1132/2/580
f 1139/179/591 2713/180/1504 1140/180/593
f 1123/196/596 2697/195/1505 1124/195/594
f 1115/207/612 2689/205/1521 1116/205/610
f 1075/241/611 2649/239/1524 1076/239/613
f 1107/222/628 2681/219/1537 1108/219/626
f 1083/224/627 2657/253/1540 1084/253/629
f 1099/9/712 2673/255/1553 1100/255/642
f 1091/262/711 2665/263/1556 1092/263/645
f 1067/244/657 2641/246/1566 1068/246/655
f 1027/167/662 2601/166/1575 1028/166/664
f 1059/228/673 2633/230/1582 1060/230/671
f 1035/158/677 2609/162/1591 1036/162/680
f 1051/213/690 2625/215/1599 1052/215/688
f 1043/188/693 2617/1/1606 1044/1/695
f 1179/498/535 2753/497/1444 1180/497/534
f 1187/496/533 2761/499/1446 1188/499/536
f 1163/515/718 2737/516/1461 1164/516/551
f 1171/115/720 2745/512/1457 1172/512/547
f 1195/526/562 2769/531/1477 1196/531/721
f 1155/532/568 2729/530/1476 1156/530/566
f 1147/540/576 2721/539/1632 1148/539/722
f 1235/543/724 2809/544/1634 1236/544/725
f 1243/553/734 2817/555/1646 1244/555/736
f 1251/565/746 2825/566/1657 1252/566/747
f 1259/573/754 2833/574/1665 1260/574/755
f 1227/576/757 2801/561/1652 1228/561/742
f 1267/583/764 2841/585/1676 1268/585/766
f 1275/594/775 2849/595/1687 1276/595/777
f 1371/599/781 2945/5/1686 1372/5/776
f 1283/609/791 2857/611/1703 1284/611/793
f 1363/613/795 2937/612/1704 1364/612/794
f 1355/628/810 2929/624/1716 1356/624/806
f 1339/629/811 2913/635/1728 1340/635/818
f 1219/643/826 2793/640/1733 1220/640/823
f 1203/642/825 2777/645/1738 1204/645/828
f 1211/667/850 2785/666/1759 1212/666/849
f 1347/669/852 2921/670/1763 1348/670/853
f 1291/657/840 2865/672/1765 1292/672/855
f 1307/683/866 2881/680/1773 1308/680/863
f 1315/684/867 2889/688/1781 1316/688/871
f 1331/689/872 2905/686/1779 1332/686/869
f 1299/711/893 2873/709/1801 1300/709/891
f 1323/713/895 2897/712/1804 1324/712/894
f 1411/400/428 2985/404/1342 1412/404/432
f 1403/412/441 2977/410/1349 1404/410/897
f 1459/414/443 3033/416/1355 1460/416/445
f 1451/431/462 3025/428/1368 1452/428/458
f 1467/432/898 3041/434/1375 1468/434/465
f 1419/430/460 2993/435/1376 1420/435/466
f 1395/449/900 2969/447/1808 1396/447/480
f 1379/465/902 2953/467/1411 1380/467/501
f 1427/460/494 3001/468/1412 1428/468/502
f 1387/286/504 2961/466/1410 1388/466/500
f 1443/334/514 3017/477/1423 1444/477/513
f 1435/489/526 3009/487/1434 1436/487/524
f 1483/20/14 3057/19/920 1484/19/13
f 1491/22/16 3065/26/927 1492/26/20
f 1563/30/25 3137/31/933 1564/31/26
f 1571/38/33 3145/39/941 1572/39/34
f 1555/50/46 3129/48/951 1556/48/44
f 1499/57/53 3073/59/962 1500/59/55
f 1547/63/59 3121/61/964 1548/61/57
f 1531/83/79 3105/85/988 1532/85/81
f 1539/86/82 3113/82/985 1540/82/78
f 1507/84/80 3081/93/996 1508/93/89
f 1523/94/90 3097/73/1817 1524/73/907
f 1515/105/101 3089/104/1007 1516/104/100
f 4/12/5 1578/11/911 5/11/4
f 20/20/14 1594/19/920 21/19/13
f 28/22/16 1602/26/927 29/26/20
f 100/30/25 1674/31/933 101/31/26
f 108/38/33 1682/39/941 109/39/34
f 92/50/46 1666/48/951 93/48/44
f 36/57/53 1610/59/962 37/59/55
f 84/63/59 1658/61/964 85/61/57
f 68/83/79 1642/85/988 69/85/81
f 76/86/82 1650/82/985 77/82/78
f 44/84/80 1618/93/996 45/93/89
f 60/94/90 1634/73/977 61/73/69
f 52/105/101 1626/104/1007 53/104/100
f 116/115/113 1690/117/1022 117/117/115
f 148/122/118 1722/121/1024 149/121/117
f 156/129/130 1730/9/1038 157/9/131
f 140/131/133 1714/128/1036 141/128/129
f 164/138/141 1738/139/1049 165/139/142
f 172/2/153 1746/147/1061 173/147/154
f 132/1/159 1706/109/1063 133/109/156
f 124/157/5 1698/151/910 125/151/2
f 188/160/169 1762/3/1075 189/3/167
f 180/172/181 1754/170/1086 181/170/179
f 292/176/186 1866/177/1094 293/177/187
f 196/174/183 1770/183/1101 197/183/194
f 284/191/203 1858/190/1109 285/190/202
f 276/199/213 1850/6/1119 277/6/212
f 204/206/220 1778/208/1129 205/208/222
f 268/212/226 1842/210/1131 269/210/224
f 212/220/236 1786/221/1144 213/221/237
f 236/229/245 1810/225/1149 237/225/241
f 260/237/253 1834/231/1154 261/231/247
f 220/238/255 1794/240/1164 221/240/257
f 228/247/265 1802/245/1170 229/245/263
f 244/7/277 1818/259/1186 245/259/279
f 252/264/284 1826/261/1188 253/261/281
f 308/274/294 1882/273/1200 309/273/293
f 316/278/298 1890/281/1208 317/281/301
f 300/4/306 1874/285/1212 301/285/305
f 428/290/311 2002/291/1219 429/291/312
f 433/5/316 1873/4/1213 300/4/306
f 420/301/323 1994/302/1231 421/302/324
f 412/311/333 1986/310/1239 413/310/332
f 324/313/335 1898/317/1246 325/317/339
f 404/321/343 1978/320/1249 405/320/342
f 396/332/354 1970/330/1259 397/330/352
f 332/341/363 1906/343/1272 333/343/365
f 388/345/367 1962/344/1273 389/344/366
f 356/362/384 1930/359/1288 357/359/381
f 340/363/385 1914/365/1294 341/365/387
f 348/379/401 1922/378/1307 349/378/400
f 380/381/403 1954/380/1309 381/380/402
f 364/386/408 1938/388/1317 365/388/410
f 372/399/421 1946/398/1327 373/398/420
f 444/271/291 2018/269/1197 445/269/289
f 436/283/303 2010/282/1209 437/282/302
f 452/284/304 2026/286/1214 453/286/307
f 564/292/313 2138/293/1221 565/293/314
f 556/299/321 2130/296/1225 557/296/318
f 548/309/331 2122/307/1236 549/307/329
f 540/319/424 2114/318/1247 541/318/340
f 460/323/345 2034/327/1256 461/327/349
f 532/329/351 2106/328/1257 533/328/350
f 524/342/364 2098/340/1269 525/340/362
f 468/346/368 2042/348/1277 469/348/370
f 492/357/379 2066/353/1283 493/353/375
f 516/368/390 2090/361/1290 517/361/383
f 476/367/389 2050/370/1299 477/370/392
f 484/376/398 2058/374/1303 485/374/396
f 500/389/411 2074/391/1320 501/391/413
f 508/395/417 2082/392/1321 509/392/414
f 604/401/429 2178/402/1339 605/402/430
f 652/309/446 2226/415/1354 653/415/444
f 612/413/442 2186/422/1362 613/422/452
f 660/427/457 2234/429/1369 661/429/459
f 596/358/461 2170/420/1360 597/420/450
f 644/437/468 2218/433/1374 645/433/464
f 588/452/485 2162/450/1393 589/450/483
f 620/451/484 2194/453/1396 621/453/486
f 572/462/496 2146/463/1407 573/463/497
f 580/474/509 2154/471/1416 581/471/506
f 636/480/517 2210/479/1426 637/479/516
f 628/484/521 2202/488/1435 629/488/525
f 708/490/527 2282/494/1441 709/494/531
f 700/504/539 2274/500/1447 701/500/537
f 692/521/556 2266/522/1467 693/522/557
f 716/513/548 2290/523/1469 717/523/559
f 684/525/561 2258/514/1459 685/514/549
f 676/537/573 2250/533/1479 677/533/569
f 668/501/1 2242/541/912 669/541/5
f 748/122/118 2322/121/1024 749/121/117
f 756/129/130 2330/9/1038 757/9/131
f 740/131/133 2314/128/1036 741/128/129
f 764/138/141 2338/139/1049 765/139/142
f 772/2/153 2346/147/1061 773/147/154
f 732/1/159 2306/109/1063 733/109/156
f 724/157/5 2298/151/910 725/151/2
f 884/191/586 2458/190/1495 885/190/584
f 892/176/585 2466/177/1498 893/177/587
f 876/199/602 2450/6/1511 877/6/600
f 828/247/605 2402/245/1518 829/245/607
f 868/212/618 2442/210/1527 869/210/616
f 836/229/621 2410/225/1534 837/225/623
f 860/237/634 2434/231/1543 861/231/632
f 844/7/637 2418/259/1550 845/259/639
f 852/264/650 2426/261/1559 853/261/648
f 780/172/656 2354/170/1569 781/170/658
f 820/238/663 2394/240/1572 821/240/661
f 788/160/672 2362/3/1585 789/3/674
f 812/220/679 2386/221/1589 813/221/678
f 796/174/687 2370/183/1600 797/183/689
f 804/206/696 2378/208/1605 805/208/694
f 1012/185/581 2586/175/1494 1013/175/583
f 1004/193/590 2578/192/1499 1005/192/588
f 1020/182/597 2594/5/1510 1021/5/599
f 1021/5/599 2521/251/1512 948/251/601
f 948/251/601 2522/249/1514 949/249/603
f 996/202/606 2570/201/1515 997/201/604
f 956/234/617 2530/232/1530 957/232/619
f 988/8/622 2562/214/1531 989/214/620
f 964/256/633 2538/257/1546 965/257/635
f 980/250/638 2554/242/1547 981/242/636
f 972/266/649 2546/267/1562 973/267/651
f 900/4/654 2474/173/1563 901/173/652
f 947/248/653 2473/4/1564 900/4/654
f 940/235/702 2514/236/1576 941/236/665
f 908/163/668 2482/161/1581 909/161/670
f 932/218/705 2506/12/1592 933/12/681
f 916/168/683 2490/171/1596 917/171/685
f 924/200/699 2498/203/1609 925/203/698
f 1132/2/580 2706/184/1489 1133/184/578
f 1124/195/594 2698/194/1503 1125/194/592
f 1140/180/593 2714/181/1506 1141/181/595
f 1116/205/610 2690/204/1519 1117/204/608
f 1076/239/613 2650/10/1526 1077/10/615
f 1108/219/626 2682/217/1535 1109/217/624
f 1084/253/629 2658/254/1542 1085/254/631
f 1100/255/642 2674/252/1622 1101/252/710
f 1092/263/645 2666/265/1558 1093/265/647
f 1068/246/655 2642/248/1565 1069/248/653
f 1028/166/664 2602/164/1577 1029/164/666
f 1060/230/671 2634/233/1580 1061/233/669
f 1036/162/680 2610/165/1593 1037/165/682
f 1052/215/688 2626/216/1597 1053/216/686
f 1044/1/695 2618/198/1608 1045/198/697
f 1180/497/534 2754/495/1442 1181/495/532
f 1188/499/536 2762/503/1448 1189/503/538
f 1172/512/547 2746/510/1455 1173/510/545
f 1164/516/551 2738/517/1462 1165/517/552
f 1156/530/566 2730/529/1475 1157/529/565
f 1196/531/721 2770/502/913 1197/502/6
f 1148/539/722 2722/538/1484 1149/538/574
f 1236/544/725 2810/542/1633 1237/542/723
f 1244/555/736 2818/557/1648 1245/557/738
f 1228/561/742 2802/559/1650 1229/559/740
f 1252/566/747 2826/567/1658 1253/567/748
f 1260/574/755 2834/575/1666 1261/575/756
f 1268/585/766 2842/586/1677 1269/586/767
f 1276/595/777 2850/596/1688 1277/596/778
f 1364/612/794 2938/610/1702 1365/610/792
f 1284/611/793 2858/614/1706 1285/614/796
f 1356/624/806 2930/623/1715 1357/623/805
f 1220/640/823 2794/636/1729 1221/636/819
f 1340/635/818 2914/641/1734 1341/641/824
f 1204/645/828 2778/648/1741 1205/648/831
f 1212/666/849 2786/663/1756 1213/663/846
f 1348/670/853 2922/668/1761 1349/668/851
f 1292/672/855 2866/675/1768 1293/675/858
f 1308/680/863 2882/676/1769 1309/676/859
f 1332/686/869 2906/682/1775 1333/682/865
f 1316/688/871 2890/692/1785 1317/692/875
f 1300/709/891 2874/706/1798 1301/706/888
f 1324/712/894 2898/708/1800 1325/708/890
f 1412/404/432 2986/406/1344 1413/406/434
f 1404/410/897 2978/409/1347 1405/409/437
f 1460/416/445 3034/417/1357 1461/417/447
f 1452/428/458 3026/426/1366 1453/426/456
f 1468/434/465 3042/438/1379 1469/438/469
f 1420/435/466 2994/441/1382 1421/441/472
f 1396/447/480 2970/446/1389 1397/446/479
f 1388/466/500 2962/464/1408 1389/464/901
f 1380/467/501 2954/469/1413 1381/469/503
f 1428/468/502 3002/390/1420 1429/390/510
f 1444/477/513 3018/475/1421 1445/475/511
f 1436/487/524 3010/486/1433 1437/486/523
f 1484/19/13 3058/17/918 1485/17/11
f 1476/4/23 3050/28/929 1477/28/22
f 1492/26/20 3066/29/931 1493/29/24
f 1564/31/26 3138/32/934 1565/32/27
f 1572/39/34 3146/5/942 1573/5/904
f 1573/5/904 3049/4/930 1476/4/23
f 1556/48/44 3130/47/950 1557/47/43
f 1548/61/57 3122/60/963 1549/60/56
f 1500/59/55 3074/62/965 1501/62/58
f 1524/73/907 3098/74/976 1525/74/70
f 1540/82/78 3114/79/982 1541/79/75
f 1532/85/81 3106/87/990 1533/87/83
f 1508/93/89 3082/95/998 1509/95/91
f 1516/104/100 3090/102/1005 1517/102/98
f 5/11/4 1579/10/913 6/10/6
f 21/19/13 1595/17/918 22/17/11
f 13/4/23 1587/28/929 14/28/22
f 29/26/20 1603/29/931 30/29/24
f 101/31/26 1675/32/934 102/32/27
f 109/39/34 1683/5/942 110/5/35
f 110/5/35 1586/4/930 13/4/23
f 93/48/44 1667/47/950 94/47/43
f 85/61/57 1659/60/963 86/60/56
f 37/59/55 1611/62/965 38/62/58
f 61/73/69 1635/74/976 62/74/70
f 77/82/78 1651/79/982 78/79/75
f 69/85/81 1643/87/990 70/87/83
f 45/93/89 1619/95/998 46/95/91
f 53/104/100 1627/102/1005 54/102/98
f 117/117/115 1691/112/1016 118/112/109
f 149/121/117 1723/120/1023 150/120/116
f 141/128/129 1715/11/1032 142/11/125
f 157/9/131 1731/130/1039 158/130/132
f 165/139/142 1739/111/1051 166/111/144
f 173/147/154 1747/148/1062 174/148/155
f 133/109/156 1707/145/1058 134/145/151
f 125/151/2 1699/156/1072 126/156/165
f 189/3/167 1763/159/1074 190/159/168
f 181/170/179 1755/169/1085 182/169/178
f 293/177/187 1867/178/1095 294/178/188
f 197/183/194 1771/186/1104 198/186/197
f 285/190/202 1859/189/1108 286/189/201
f 277/6/212 1851/197/1117 278/197/210
f 269/210/224 1843/209/1130 270/209/223
f 205/208/222 1779/211/1132 206/211/225
f 213/221/237 1787/223/1146 214/223/239
f 237/225/241 1811/226/1148 238/226/242
f 261/231/247 1835/227/1150 262/227/243
f 221/240/257 1795/11/1167 222/11/260
f 229/245/263 1803/243/1168 230/243/261
f 245/259/279 1819/260/1187 246/260/280
f 253/261/281 1827/258/1185 254/258/278
f 309/273/293 1883/271/1198 310/271/291
f 317/281/301 1891/284/1211 318/284/304
f 301/285/305 1875/283/1210 302/283/303
f 429/291/312 2003/292/1220 430/292/313
f 421/302/324 1995/299/1228 422/299/321
f 413/310/332 1987/309/1238 414/309/331
f 405/320/342 1979/319/1248 406/319/341
f 325/317/339 1899/323/1252 326/323/345
f 397/330/352 1971/329/1258 398/329/351
f 389/344/366 1963/342/1271 390/342/364
f 333/343/365 1907/346/1275 334/346/368
f 357/359/381 1931/357/1286 358/357/379
f 341/365/387 1915/367/1296 342/367/389
f 349/378/400 1923/376/1305 350/376/398
f 381/380/402 1955/368/1297 382/368/390
f 365/388/410 1939/389/1318 366/389/411
f 373/398/420 1947/395/1324 374/395/417
f 445/269/289 2019/270/1196 446/270/290
f 437/282/302 2011/280/1207 438/280/300
f 565/293/314 2139/294/1222 566/294/315
f 453/286/307 2027/295/1224 454/295/317
f 557/296/318 2131/297/1226 558/297/319
f 549/307/329 2123/306/1235 550/306/328
f 541/318/340 2115/316/1329 542/316/423
f 533/328/350 2107/326/1255 534/326/348
f 461/327/349 2035/331/1260 462/331/353
f 525/340/362 2099/339/1268 526/339/361
f 469/348/370 2043/350/1279 470/350/372
f 493/353/375 2067/354/1282 494/354/376
f 517/361/383 2091/355/1284 518/355/377
f 477/370/392 2051/371/1300 478/371/393
f 485/374/396 2059/372/1301 486/372/394
f 509/392/414 2083/390/1319 510/390/412
f 501/391/413 2075/393/1322 502/393/415
f 605/402/430 2179/400/1338 606/400/428
f 653/415/444 2227/414/1353 654/414/443
f 597/420/450 2171/412/1351 598/412/441
f 613/422/452 2187/430/1370 614/430/460
f 661/429/459 2235/432/1373 662/432/463
f 645/433/464 2219/431/1372 646/431/462
f 589/450/483 2163/449/1392 590/449/482
f 621/453/486 2195/460/1404 622/460/494
f 573/463/497 2147/465/1409 574/465/499
f 581/471/506 2155/286/1414 582/286/504
f 637/479/516 2211/334/1424 638/334/514
f 629/488/525 2203/489/1436 630/489/526
f 709/494/531 2283/496/1443 710/496/533
f 701/500/537 2275/498/1445 702/498/535
f 685/514/549 2259/515/1460 686/515/550
f 693/522/557 2267/115/1468 694/115/558
f 717/523/559 2291/526/1472 718/526/562
f 677/533/569 2251/532/1478 678/532/568
f 669/541/5 2243/540/1486 670/540/576
f 749/121/117 2323/120/1023 750/120/116
f 741/128/129 2315/11/1032 742/11/125
f 757/9/131 2331/130/1039 758/130/132
f 765/139/142 2339/111/1051 766/111/144
f 773/147/154 2347/148/1062 774/148/155
f 733/109/156 2307/145/1058 734/145/151
f 725/151/2 2299/156/1072 726/156/165
f 885/190/584 2459/189/1493 886/189/582
f 893/177/587 2467/178/1500 894/178/589
f 877/6/600 2451/197/1509 878/197/598
f 829/245/607 2403/243/1520 830/243/609
f 869/210/616 2443/209/1525 870/209/614
f 837/225/623 2411/226/1536 838/226/625
f 861/231/632 2435/227/1541 862/227/630
f 845/259/639 2419/260/1552 846/260/641
f 853/261/648 2427/258/1557 854/258/646
f 781/170/658 2355/169/1571 782/169/660
f 821/240/661 2395/11/1570 822/11/659
f 789/3/674 2363/159/1587 790/159/676
f 813/221/678 2387/223/1586 814/223/675
f 797/183/689 2371/186/1602 798/186/691
f 805/208/694 2379/211/1603 806/211/692
f 1013/175/583 2587/176/1496 1014/176/585
f 1005/192/588 2579/191/1497 1006/191/586
f 997/201/604 2571/199/1513 998/199/602
f 949/249/603 2523/247/1516 950/247/605
f 989/214/620 2563/212/1529 990/212/618
f 957/232/619 2531/229/1532 958/229/621
f 981/242/636 2555/237/1545 982/237/634
f 965/257/635 2539/7/1548 966/7/637
f 973/267/651 2547/264/1561 974/264/650
f 901/173/652 2475/172/1567 902/172/656
f 941/236/665 2515/238/1574 942/238/663
f 909/161/670 2483/160/1583 910/160/672
f 933/12/681 2507/220/1615 934/220/704
f 917/171/685 2491/174/1598 918/174/687
f 925/203/698 2499/206/1607 926/206/696
f 1133/184/578 2707/185/1492 1134/185/581
f 1125/194/592 2699/193/1501 1126/193/590
f 1141/181/595 2715/182/1508 1142/182/597
f 1117/204/608 2691/202/1517 1118/202/606
f 1077/10/615 2651/234/1528 1078/234/617
f 1109/217/624 2683/8/1533 1110/8/622
f 1085/254/631 2659/256/1544 1086/256/633
f 1101/252/710 2675/250/1549 1102/250/638
f 1093/265/647 2667/266/1560 1094/266/649
f 1029/164/666 2603/163/1613 1030/163/668
f 1061/233/669 2635/235/1612 1062/235/702
f 1037/165/682 2611/168/1594 1038/168/683
f 1053/216/686 2627/218/1616 1054/218/705
f 1045/198/697 2619/200/1610 1046/200/699
f 1181/495/532 2755/493/1440 1182/493/530
f 1197/502/6 2771/5/911 1198/5/4
f 1189/503/538 2763/506/1451 1190/506/541
f 1173/510/545 2747/509/1454 1174/509/544
f 1165/517/552 2739/518/1463 1166/518/553
f 1157/529/565 2731/527/1473 1158/527/563
f 1149/538/574 2723/534/1480 1150/534/570
f 1237/542/723 2811/545/1636 1238/545/726
f 1245/557/738 2819/558/1649 1246/558/739
f 1229/559/740 2803/556/1647 1230/556/737
f 1253/567/748 2827/568/1659 1254/568/749
f 1261/575/756 2835/577/1668 1262/577/758
f 1269/586/767 2843/587/1678 1270/587/768
f 1277/596/778 2851/597/1689 1278/597/779
f 1365/610/792 2939/608/1700 1366/608/790
f 1285/614/796 2859/617/1709 1286/617/799
f 1357/623/805 2931/621/1713 1358/621/803
f 1221/636/819 2795/632/1725 1222/632/815
f 1341/641/824 2915/644/1737 1342/644/827
f 1205/648/831 2779/651/1744 1206/651/834
f 1213/663/846 2787/661/1754 1214/661/844
f 1349/668/851 2923/659/1752 1350/659/842
f 1309/676/859 2883/673/1766 1310/673/856
f 1293/675/858 2867/679/1772 1294/679/862
f 1333/682/865 2907/678/1771 1334/678/861
f 1317/692/875 2891/695/1788 1318/695/878
f 1301/706/888 2875/701/1794 1302/701/884
f 1325/708/890 2899/705/1797 1326/705/887
f 1413/406/434 2987/408/1346 1414/408/436
f 1405/409/437 2979/407/1345 1406/407/435
f 1461/417/447 3035/419/1359 1462/419/449
f 1453/426/456 3027/424/1364 1454/424/454
f 1469/438/469 3043/440/1381 1470/440/471
f 1421/441/472 2995/115/1386 1422/115/476
f 1397/446/479 2971/444/1387 1398/444/899
f 1373/4/490 2947/455/1398 1374/455/488
f 1446/456/489 2946/4/1399 1373/4/490
f 1389/464/901 2963/461/1405 1390/461/495
f 1381/469/503 2955/470/1415 1382/470/505
f 1445/475/511 3019/456/1400 1446/456/489
f 1429/390/510 3003/476/1422 1430/476/512
f 1437/486/523 3011/485/1432 1438/485/522
f 1485/17/11 3059/16/917 1486/16/10
f 1477/28/22 3051/27/928 1478/27/21
f 1565/32/27 3139/33/935 1566/33/28
f 1493/29/24 3067/40/943 1494/40/36
f 1557/47/43 3131/45/948 1558/45/41
f 1549/60/56 3123/58/961 1550/58/54
f 1501/62/58 3075/64/967 1502/64/60
f 1525/74/70 3099/72/975 1526/72/68
f 1541/79/75 3115/75/978 1542/75/71
f 1533/87/83 3107/88/991 1534/88/84
f 1509/95/91 3083/99/1002 1510/99/95
f 1517/102/98 3091/101/1004 1518/101/97
f 6/10/6 1580/7/910 7/7/2
f 22/17/11 1596/16/917 23/16/10
f 14/28/22 1588/27/928 15/27/21
f 102/32/27 1676/33/935 103/33/28
f 30/29/24 1604/40/943 31/40/36
f 94/47/43 1668/45/948 95/45/41
f 86/60/56 1660/58/961 87/58/54
f 38/62/58 1612/64/967 39/64/60
f 62/74/70 1636/72/975 63/72/68
f 78/79/75 1652/75/978 79/75/71
f 70/87/83 1644/88/991 71/88/84
f 46/95/91 1620/99/1002 47/99/95
f 54/102/98 1628/101/1004 55/101/97
f 142/11/125 1716/125/1030 143/125/123
f 158/130/132 1732/132/1041 159/132/134
f 166/111/144 1740/6/1053 167/6/146
f 134/145/151 1708/142/1055 135/142/148
f 174/148/155 1748/149/1064 175/149/157
f 126/156/165 1700/3/1071 127/3/164
f 190/159/168 1764/158/1073 191/158/166
f 182/169/178 1756/167/1083 183/167/176
f 294/178/188 1868/179/1096 295/179/189
f 198/186/197 1772/188/1107 199/188/200
f 286/189/201 1860/187/1105 287/187/198
f 278/197/210 1852/196/1116 279/196/209
f 270/209/223 1844/207/1128 271/207/221
f 206/211/225 1780/213/1134 207/213/227
f 238/226/242 1812/224/1147 239/224/240
f 262/227/243 1836/222/1145 263/222/238
f 214/223/239 1788/228/1151 215/228/244
f 230/243/261 1804/241/1165 231/241/258
f 222/11/260 1796/244/1169 223/244/262
f 254/258/278 1828/9/1182 255/9/275
f 246/260/280 1820/262/1189 247/262/282
f 310/271/291 1884/269/1197 311/269/289
f 302/283/303 1876/282/1209 303/282/302
f 318/284/304 1892/286/1214 319/286/307
f 430/292/313 2004/293/1221 431/293/314
f 422/299/321 1996/296/1225 423/296/318
f 414/309/331 1988/307/1236 415/307/329
f 406/319/341 1980/318/1247 407/318/340
f 326/323/345 1900/327/1256 327/327/349
f 398/329/351 1972/328/1257 399/328/350
f 390/342/364 1964/340/1269 391/340/362
f 334/346/368 1908/348/1277 335/348/370
f 358/357/379 1932/353/1283 359/353/375
f 382/368/390 1956/361/1290 383/361/383
f 342/367/389 1916/370/1299 343/370/392
f 350/376/398 1924/374/1303 351/374/396
f 366/389/411 1940/391/1320 367/391/413
f 374/395/417 1948/392/1321 375/392/414
f 446/270/290 2020/268/1195 447/268/288
f 438/280/300 2012/279/1206 439/279/299
f 566/294/315 2140/5/1223 567/5/422
f 558/297/319 2132/287/1215 559/287/308
f 454/295/317 2028/298/1227 455/298/320
f 550/306/328 2124/305/1234 551/305/327
f 542/316/423 2116/315/1244 543/315/337
f 534/326/348 2108/325/1254 535/325/347
f 462/331/353 2036/333/1262 463/333/355
f 526/339/361 2100/337/1266 527/337/359
f 494/354/376 2068/352/1281 495/352/374
f 518/355/377 2092/351/1280 519/351/373
f 470/350/372 2044/356/1285 471/356/378
f 486/372/394 2060/369/1298 487/369/391
f 478/371/393 2052/373/1302 479/373/395
f 510/390/412 2084/387/1316 511/387/409
f 502/393/415 2076/394/1323 503/394/416
f 606/400/428 2180/404/1342 607/404/432
f 598/412/441 2172/410/1349 599/410/439
f 654/414/443 2228/416/1355 655/416/445
f 646/431/462 2220/428/1368 647/428/458
f 662/432/463 2236/434/1375 663/434/465
f 614/430/460 2188/435/1376 615/435/466
f 590/449/482 2164/447/1390 591/447/480
f 574/465/499 2148/467/1411 575/467/501
f 622/460/494 2196/468/1412 623/468/502
f 582/286/504 2156/466/1410 583/466/500
f 638/334/514 2212/477/1423 639/477/513
f 630/489/526 2204/487/1434 631/487/524
f 702/498/535 2276/497/1444 703/497/534
f 710/496/533 2284/499/1446 711/499/536
f 686/515/550 2260/516/1461 687/516/551
f 694/115/558 2268/512/1457 695/512/547
f 718/526/562 2292/531/1477 719/531/567
f 678/532/568 2252/530/1476 679/530/566
f 670/540/576 2244/539/1485 671/539/575
f 742/11/125 2316/125/1030 743/125/123
f 758/130/132 2332/132/1041 759/132/134
f 766/111/144 2340/6/1053 767/6/146
f 734/145/151 2308/142/1487 735/142/148
f 774/148/155 2348/149/1064 775/149/157
f 726/156/165 2300/3/1071 727/3/164
f 886/189/582 2460/187/1491 887/187/579
f 894/178/589 2468/179/1502 895/179/591
f 878/197/598 2452/196/1507 879/196/596
f 830/243/609 2404/241/1522 831/241/611
f 870/209/614 2444/207/1523 871/207/612
f 838/226/625 2412/224/1538 839/224/627
f 862/227/630 2436/222/1539 863/222/628
f 846/260/641 2420/262/1554 847/262/643
f 854/258/646 2428/9/1555 855/9/644
f 822/11/659 2396/244/1568 823/244/657
f 782/169/660 2356/167/1573 783/167/662
f 814/223/675 2388/228/1584 815/228/673
f 790/159/676 2364/158/1588 791/158/677
f 806/211/692 2380/213/1601 807/213/690
f 798/186/691 2372/188/1604 799/188/693
f 1006/191/586 2580/190/1495 1007/190/584
f 1014/176/585 2588/177/1498 1015/177/587
f 998/199/602 2572/6/1511 999/6/600
f 950/247/605 2524/245/1518 951/245/607
f 990/212/618 2564/210/1527 991/210/616
f 958/229/621 2532/225/1534 959/225/623
f 982/237/634 2556/231/1543 983/231/632
f 966/7/637 2540/259/1550 967/259/639
f 974/264/650 2548/261/1559 975/261/701
f 902/172/656 2476/170/1569 903/170/658
f 942/238/663 2516/240/1572 943/240/661
f 910/160/672 2484/3/1585 911/3/674
f 934/220/704 2508/221/1589 935/221/678
f 918/174/687 2492/183/1600 919/183/689
f 926/206/696 2500/208/1605 927/208/694
f 1134/185/581 2708/175/1494 1135/175/583
f 1126/193/590 2700/192/1499 1127/192/588
f 1142/182/597 2716/5/1510 1143/5/599
f 1143/5/599 2643/251/1512 1070/251/601
f 1070/251/601 2644/249/1514 1071/249/603
f 1118/202/606 2692/201/1515 1119/201/604
f 1078/234/617 2652/232/1530 1079/232/619
f 1110/8/622 2684/214/1531 1111/214/620
f 1086/256/633 2660/257/1546 1087/257/635
f 1102/250/638 2676/242/1547 1103/242/636
f 1094/266/649 2668/267/1562 1095/267/651
f 1022/4/654 2596/173/1563 1023/173/652
f 1069/248/653 2595/4/1564 1022/4/654
f 1062/235/702 2636/236/1576 1063/236/665
f 1030/163/668 2604/161/1581 1031/161/670
f 1054/218/705 2628/12/1592 1055/12/681
f 1038/168/683 2612/171/1596 1039/171/685
f 1046/200/699 2620/203/1609 1047/203/698
f 1182/493/530 2756/491/1439 1183/491/528
f 1190/506/541 2764/508/1453 1191/508/543
f 1174/509/544 2748/507/1452 1175/507/542
f 1166/518/553 2740/519/1464 1167/519/554
f 1158/527/563 2732/528/1474 1159/528/564
f 1150/534/570 2724/535/1481 1151/535/571
f 1238/545/726 2812/547/1638 1239/547/728
f 1230/556/737 2804/554/1645 1231/554/735
f 1246/558/739 2820/560/1651 1247/560/741
f 1254/568/749 2828/569/1660 1255/569/750
f 1262/577/758 2836/579/1670 1263/579/760
f 1270/587/768 2844/589/1680 1271/589/770
f 1278/597/779 2852/598/1690 1279/598/780
f 1366/608/790 2940/607/1699 1367/607/789
f 1286/617/799 2860/619/1711 1287/619/801
f 1358/621/803 2932/620/1712 1359/620/802
f 1222/632/815 2796/591/1682 1223/591/772
f 1342/644/827 2916/649/1742 1343/649/832
f 1206/651/834 2780/655/1748 1207/655/838
f 1350/659/842 2924/652/1745 1351/652/835
f 1214/661/844 2788/656/1749 1215/656/839
f 1310/673/856 2884/671/1764 1311/671/854
f 1334/678/861 2908/631/1724 1335/631/813
f 1294/679/862 2868/685/1778 1295/685/868
f 1318/695/878 2892/699/1792 1319/699/882
f 1302/701/884 2876/698/1791 1303/698/881
f 1326/705/887 2900/702/1795 1327/702/885
f 1406/407/435 2980/405/1807 1407/405/896
f 1414/408/436 2988/359/1348 1415/359/438
f 1462/419/449 3036/423/1363 1463/423/453
f 1454/424/454 3028/421/1361 1455/421/451
f 1470/440/471 3044/5/1385 1471/5/475
f 1398/444/899 2972/443/1384 1399/443/474
f 1422/115/476 2996/445/1388 1423/445/478
f 1374/455/488 2948/458/1402 1375/458/492
f 1390/461/495 2964/457/1401 1391/457/491
f 1382/470/505 2956/472/1417 1383/472/507
f 1430/476/512 3004/478/1812 1431/478/515
f 1438/485/522 3012/483/1430 1439/483/520
f 1486/16/10 3060/14/916 1487/14/8
f 1478/27/21 3052/25/926 1479/25/19
f 1566/33/28 3140/34/936 1567/34/29
f 1558/45/41 3132/44/947 1559/44/40
f 1494/40/36 3068/46/949 1495/46/42
f 1550/58/54 3124/56/1816 1551/56/52
f 1502/64/60 3076/66/969 1503/66/62
f 1542/75/71 3116/71/974 1543/71/67
f 1526/72/68 3100/76/979 1527/76/72
f 1534/88/84 3108/90/993 1535/90/86
f 1518/101/97 3092/100/1003 1519/100/96
f 1510/99/95 3084/103/1006 1511/103/99
f 7/7/2 1581/9/912 8/9/5
f 23/16/10 1597/14/916 24/14/8
f 15/27/21 1589/25/926 16/25/19
f 103/33/28 1677/34/936 104/34/29
f 95/45/41 1669/44/947 96/44/40
f 31/40/36 1605/46/949 32/46/42
f 87/58/54 1661/56/959 88/56/52
f 39/64/60 1613/66/969 40/66/62
f 79/75/71 1653/71/974 80/71/67
f 63/72/68 1637/76/979 64/76/72
f 71/88/84 1645/90/993 72/90/86
f 55/101/97 1629/100/1003 56/100/96
f 47/99/95 1621/103/1006 48/103/99
f 111/4/106 1685/110/1013 112/110/107
f 118/112/109 1684/4/1014 111/4/106
f 121/5/110 1692/111/1015 119/111/108
f 119/111/108 1693/113/1018 120/113/111
f 143/125/123 1717/114/1029 144/114/122
f 151/119/2 1725/7/1031 152/7/124
f 177/5/6 1724/119/910 151/119/2
f 159/132/134 1733/133/1042 160/133/135
f 167/6/146 1741/141/1054 168/141/147
f 135/142/148 1709/140/1052 136/140/145
f 175/149/157 1749/150/1065 176/150/158
f 127/3/164 1701/155/1070 128/155/163
f 191/158/166 1765/162/1078 192/162/171
f 183/167/176 1757/166/1082 184/166/175
f 295/179/189 1869/180/1097 296/180/190
f 287/187/198 1861/2/1106 288/2/199
f 199/188/200 1773/1/1114 200/1/207
f 279/196/209 1853/195/1115 280/195/208
f 271/207/221 1845/205/1126 272/205/219
f 207/213/227 1781/215/1136 208/215/229
f 263/222/238 1837/219/1142 264/219/235
f 215/228/244 1789/230/1153 216/230/246
f 231/241/258 1805/239/1163 232/239/256
f 223/244/262 1797/246/1171 224/246/264
f 239/224/240 1813/253/1178 240/253/271
f 255/9/275 1829/255/1180 256/255/273
f 247/262/282 1821/263/1190 248/263/283
f 311/269/289 1885/270/1196 312/270/290
f 303/282/302 1877/280/1207 304/280/300
f 431/293/314 2005/294/1222 432/294/315
f 319/286/307 1893/295/1224 320/295/317
f 423/296/318 1997/297/1226 424/297/319
f 415/307/329 1989/306/1235 416/306/328
f 407/318/340 1981/316/1245 408/316/338
f 399/328/350 1973/326/1255 400/326/348
f 327/327/349 1901/331/1260 328/331/353
f 391/340/362 1965/339/1268 392/339/361
f 335/348/370 1909/350/1279 336/350/372
f 359/353/375 1933/354/1282 360/354/376
f 383/361/383 1957/355/1284 384/355/377
f 343/370/392 1917/371/1300 344/371/393
f 351/374/396 1925/372/1301 352/372/394
f 375/392/414 1949/390/1319 376/390/412
f 367/391/413 1941/393/1322 368/393/415
f 447/268/288 2021/272/1199 448/272/292
f 439/279/299 2013/277/1204 440/277/297
f 559/287/308 2133/288/1216 560/288/309
f 455/298/320 2029/300/1229 456/300/322
f 551/305/327 2125/304/1233 552/304/326
f 543/315/337 2117/314/1243 544/314/336
f 535/325/347 2109/324/1253 536/324/346
f 463/333/355 2037/336/1332 464/336/426
f 527/337/359 2101/335/1264 528/335/357
f 519/351/373 2093/349/1278 520/349/371
f 471/356/378 2045/358/1287 472/358/380
f 487/369/391 2061/366/1295 488/366/388
f 479/373/395 2053/375/1304 480/375/397
f 495/352/374 2069/383/1312 496/383/405
f 511/387/409 2085/384/1337 512/384/406
f 503/394/416 2077/396/1325 504/396/418
f 607/404/432 2181/406/1344 608/406/434
f 599/410/439 2173/409/1347 600/409/437
f 655/416/445 2229/417/1357 656/417/447
f 647/428/458 2221/426/1366 648/426/456
f 663/434/465 2237/438/1379 664/438/469
f 615/435/466 2189/441/1382 616/441/472
f 591/447/480 2165/446/1389 592/446/479
f 583/466/500 2157/464/1408 584/464/498
f 575/467/501 2149/469/1413 576/469/503
f 623/468/502 2197/390/1420 624/390/510
f 639/477/513 2213/475/1421 640/475/511
f 631/487/524 2205/486/1433 632/486/523
f 703/497/534 2277/495/1442 704/495/532
f 711/499/536 2285/503/1448 712/503/538
f 695/512/547 2269/510/1455 696/510/545
f 687/516/551 2261/517/1462 688/517/552
f 679/530/566 2253/529/1475 680/529/565
f 719/531/567 2293/502/913 720/502/6
f 671/539/575 2245/538/1484 672/538/574
f 743/125/123 2317/114/1029 744/114/122
f 751/119/2 2325/7/1031 752/7/124
f 777/5/6 2324/119/910 751/119/2
f 759/132/134 2333/133/1042 760/133/135
f 767/6/146 2341/141/1054 768/141/147
f 735/142/148 2309/140/1052 736/140/145
f 775/149/157 2349/150/1065 776/150/158
f 727/3/164 2301/155/1070 728/155/163
f 887/187/579 2461/2/1490 888/2/580
f 895/179/591 2469/180/1504 896/180/593
f 879/196/596 2453/195/1505 880/195/594
f 871/207/612 2445/205/1521 872/205/610
f 831/241/611 2405/239/1524 832/239/613
f 863/222/628 2437/219/1537 864/219/626
f 839/224/627 2413/253/1540 840/253/629
f 855/9/644 2429/255/1553 856/255/642
f 847/262/643 2421/263/1556 848/263/645
f 823/244/657 2397/246/1566 824/246/655
f 783/167/662 2357/166/1575 784/166/664
f 815/228/673 2389/230/1582 816/230/671
f 791/158/677 2365/162/1591 792/162/680
f 807/213/690 2381/215/1599 808/215/688
f 799/188/693 2373/1/1606 800/1/695
f 1007/190/584 2581/189/1493 1008/189/582
f 1015/177/587 2589/178/1500 1016/178/589
f 999/6/600 2573/197/1509 1000/197/598
f 951/245/607 2525/243/1520 952/243/609
f 991/210/616 2565/209/1525 992/209/614
f 959/225/623 2533/226/1536 960/226/625
f 983/231/632 2557/227/1541 984/227/630
f 967/259/639 2541/260/1552 968/260/641
f 975/261/701 2549/258/1557 976/258/646
f 903/170/658 2477/169/1571 904/169/660
f 943/240/661 2517/11/1570 944/11/659
f 911/3/674 2485/159/1587 912/159/676
f 935/221/678 2509/223/1586 936/223/675
f 919/183/689 2493/186/1602 920/186/691
f 927/208/694 2501/211/1603 928/211/692
f 1135/175/583 2709/176/1496 1136/176/585
f 1127/192/588 2701/191/1497 1128/191/586
f 1119/201/604 2693/199/1513 1120/199/602
f 1071/249/603 2645/247/1516 1072/247/605
f 1111/214/620 2685/212/1529 1112/212/618
f 1079/232/619 2653/229/1532 1080/229/621
f 1103/242/636 2677/237/1545 1104/237/634
f 1087/257/635 2661/7/1548 1088/7/637
f 1095/267/651 2669/264/1561 1096/264/650
f 1023/173/652 2597/172/1567 1024/172/656
f 1063/236/665 2637/238/1625 1064/238/713
f 1031/161/670 2605/160/1583 1032/160/672
f 1055/12/681 2629/220/1590 1056/220/679
f 1039/171/685 2613/174/1598 1040/174/687
f 1047/203/698 2621/206/1607 1048/206/696
f 1183/491/528 2757/492/1438 1184/492/529
f 1175/507/542 2749/505/1629 1176/505/717
f 1191/508/543 2765/511/1456 1192/511/546
f 1167/519/554 2741/520/1631 1168/520/719
f 1159/528/564 2733/524/1470 1160/524/560
f 1151/535/571 2725/536/1482 1152/536/572
f 1239/547/728 2813/548/1639 1240/548/729
f 1231/554/735 2805/551/1642 1232/551/732
f 1247/560/741 2821/562/1653 1248/562/743
f 1255/569/750 2829/570/1661 1256/570/751
f 1263/579/760 2837/580/1671 1264/580/761
f 1271/589/770 2845/590/1681 1272/590/771
f 1223/591/772 2797/588/1679 1224/588/769
f 1279/598/780 2853/602/1694 1280/602/784
f 1367/607/789 2941/605/1697 1368/605/787
f 1359/620/802 2933/618/1710 1360/618/800
f 1287/619/801 2861/622/1714 1288/622/804
f 1199/4/814 2773/630/1722 1200/630/812
f 1335/631/813 2772/4/1723 1199/4/814
f 1351/652/835 2925/646/1739 1352/646/829
f 1343/649/832 2917/654/1747 1344/654/837
f 1215/656/839 2789/653/1746 1216/653/836
f 1207/655/838 2781/658/1751 1208/658/841
f 1311/671/854 2885/674/1767 1312/674/857
f 1295/685/868 2869/690/1783 1296/690/873
f 1303/698/881 2877/694/1787 1304/694/877
f 1327/702/885 2901/700/1793 1328/700/883
f 1319/699/882 2893/703/1796 1320/703/886
f 1407/405/896 2981/403/1341 1408/403/431
f 1415/359/438 2989/411/1350 1416/411/440
f 1455/421/451 3029/418/1358 1456/418/448
f 1463/423/453 3037/425/1365 1464/425/455
f 1447/442/473 3021/439/1380 1448/439/470
f 1399/443/474 2973/436/1377 1400/436/467
f 1471/5/475 3020/442/1383 1447/442/473
f 1423/445/478 2997/448/1391 1424/448/481
f 1391/457/491 2965/454/1397 1392/454/487
f 1375/458/492 2949/459/1403 1376/459/493
f 1383/472/507 2957/473/1418 1384/473/508
f 1431/478/515 3005/481/1428 1432/481/518
f 1439/483/520 3013/482/1429 1440/482/519
f 1487/14/8 3061/15/915 1488/15/9
f 1479/25/19 3053/24/925 1480/24/18
f 1567/34/29 3141/35/937 1568/35/30
f 1559/44/40 3133/43/946 1560/43/39
f 1495/46/42 3069/49/952 1496/49/45
f 1551/56/52 3125/55/958 1552/55/51
f 1503/66/62 3077/68/971 1504/68/64
f 1543/71/67 3117/69/972 1544/69/65
f 1527/76/72 3101/78/981 1528/78/74
f 1535/90/86 3109/91/994 1536/91/87
f 1519/100/96 3093/98/1001 1520/98/94
f 1511/103/99 3085/107/1010 1512/107/103
f 8/9/5 1582/8/911 9/8/4
f 24/14/8 1598/15/915 25/15/9
f 16/25/19 1590/24/925 17/24/18
f 104/34/29 1678/35/937 105/35/30
f 96/44/40 1670/43/946 97/43/39
f 32/46/42 1606/49/952 33/49/45
f 88/56/52 1662/55/958 89/55/51
f 40/66/62 1614/68/971 41/68/64
f 80/71/67 1654/69/972 81/69/65
f 64/76/72 1638/78/981 65/78/74
f 72/90/86 1646/91/994 73/91/87
f 56/100/96 1630/98/1001 57/98/94
f 48/103/99 1622/107/1010 49/107/103
f 112/110/107 1686/109/1012 113/109/105
f 120/113/111 1694/5/1017 121/5/110
f 144/114/122 1718/124/1028 145/124/121
f 152/7/124 1726/126/1033 153/126/126
f 160/133/135 1734/134/1043 161/134/136
f 136/140/145 1710/12/1050 137/12/143
f 168/141/147 1742/143/1056 169/143/149
f 176/150/158 1750/5/913 177/5/6
f 128/155/163 1702/154/1069 129/154/162
f 192/162/171 1766/165/1081 193/165/174
f 184/166/175 1758/164/1080 185/164/173
f 296/180/190 1870/181/1098 297/181/191
f 288/2/199 1862/184/1102 289/184/195
f 280/195/208 1854/194/1113 281/194/206
f 200/1/207 1774/198/1118 201/198/211
f 272/205/219 1846/204/1125 273/204/218
f 208/215/229 1782/216/1138 209/216/231
f 264/219/235 1838/217/1139 265/217/232
f 216/230/246 1790/233/1156 217/233/249
f 232/239/256 1806/10/1161 233/10/254
f 224/246/264 1798/248/1173 225/248/266
f 240/253/271 1814/254/1179 241/254/272
f 256/255/273 1830/252/1177 257/252/270
f 248/263/283 1822/265/1192 249/265/285
f 312/270/290 1886/268/1195 313/268/288
f 304/280/300 1878/279/1206 305/279/299
f 432/294/315 2006/5/1223 433/5/316
f 424/297/319 1998/287/1215 425/287/308
f 320/295/317 1894/298/1227 321/298/320
f 416/306/328 1990/305/1234 417/305/327
f 408/316/338 1982/315/1244 409/315/337
f 400/326/348 1974/325/1254 401/325/347
f 328/331/353 1902/333/1262 329/333/355
f 392/339/361 1966/337/1266 393/337/359
f 360/354/376 1934/352/1281 361/352/374
f 384/355/377 1958/351/1280 385/351/373
f 336/350/372 1910/356/1285 337/356/378
f 352/372/394 1926/369/1298 353/369/391
f 344/371/393 1918/373/1302 345/373/395
f 376/390/412 1950/387/1316 377/387/409
f 368/393/415 1942/394/1323 369/394/416
f 448/272/292 2022/275/1202 449/275/295
f 440/277/297 2014/276/1203 441/276/296
f 560/288/309 2134/289/1217 561/289/310
f 552/304/326 2126/303/1232 553/303/325
f 456/300/322 2030/308/1237 457/308/330
f 544/314/336 2118/312/1241 545/312/334
f 536/324/346 2110/322/1251 537/322/344
f 528/335/357 2102/334/1263 529/334/356
f 464/336/426 2038/338/1267 465/338/360
f 520/349/371 2094/347/1276 521/347/369
f 472/358/380 2046/360/1289 473/360/382
f 488/366/388 2062/364/1293 489/364/386
f 480/375/397 2054/377/1306 481/377/399
f 512/384/406 2086/382/1336 513/382/404
f 496/383/405 2070/385/1314 497/385/407
f 504/396/418 2078/397/1326 505/397/419
f 608/406/434 2182/408/1346 609/408/436
f 600/409/437 2174/407/1345 601/407/435
f 656/417/447 2230/419/1359 657/419/449
f 648/426/456 2222/424/1364 649/424/454
f 664/438/469 2238/440/1381 665/440/471
f 616/441/472 2190/115/1386 617/115/476
f 592/446/479 2166/444/1387 593/444/477
f 568/4/490 2142/455/1398 569/455/488
f 641/456/489 2141/4/1399 568/4/490
f 584/464/498 2158/461/1405 585/461/495
f 576/469/503 2150/470/1415 577/470/505
f 640/475/511 2214/456/1400 641/456/489
f 624/390/510 2198/476/1422 625/476/512
f 632/486/523 2206/485/1432 633/485/522
f 704/495/532 2278/493/1440 705/493/530
f 720/502/6 2294/5/911 721/5/4
f 712/503/538 2286/506/1451 713/506/541
f 696/510/545 2270/509/1454 697/509/544
f 688/517/552 2262/518/1463 689/518/553
f 680/529/565 2254/527/1473 681/527/563
f 672/538/574 2246/534/1480 673/534/570
f 744/114/122 2318/124/1028 745/124/121
f 752/7/124 2326/126/1033 753/126/126
f 760/133/135 2334/134/1043 761/134/136
f 736/140/145 2310/12/1050 737/12/143
f 768/141/147 2342/143/1056 769/143/149
f 776/150/158 2350/5/913 777/5/6
f 728/155/163 2302/154/1488 729/154/577
f 888/2/580 2462/184/1489 889/184/578
f 880/195/594 2454/194/1503 881/194/592
f 896/180/593 2470/181/1506 897/181/595
f 872/205/610 2446/204/1519 873/204/608
f 832/239/613 2406/10/1526 833/10/615
f 864/219/626 2438/217/1535 865/217/624
f 840/253/629 2414/254/1542 841/254/631
f 856/255/642 2430/252/1551 857/252/640
f 848/263/645 2422/265/1558 849/265/647
f 824/246/655 2398/248/1565 825/248/653
f 784/166/664 2358/164/1577 785/164/666
f 816/230/671 2390/233/1580 817/233/669
f 792/162/680 2366/165/1593 793/165/682
f 808/215/688 2382/216/1597 809/216/686
f 800/1/695 2374/198/1608 801/198/697
f 1008/189/582 2582/187/1491 1009/187/579
f 1016/178/589 2590/179/1502 1017/179/591
f 1000/197/598 2574/196/1507 1001/196/596
f 952/243/609 2526/241/1522 953/241/611
f 992/209/614 2566/207/1523 993/207/612
f 960/226/625 2534/224/1538 961/224/627
f 984/227/630 2558/222/1539 985/222/628
f 968/260/641 2542/262/1554 969/262/643
f 976/258/646 2550/9/1555 977/9/644
f 944/11/659 2518/244/1568 945/244/657
f 904/169/660 2478/167/1573 905/167/662
f 936/223/675 2510/228/1584 937/228/673
f 912/159/676 2486/158/1588 913/158/677
f 928/211/692 2502/213/1601 929/213/690
f 920/186/691 2494/188/1604 921/188/693
f 1128/191/586 2702/190/1619 1129/190/707
f 1136/176/585 2710/177/1498 1137/177/587
f 1120/199/602 2694/6/1511 1121/6/600
f 1072/247/605 2646/245/1518 1073/245/607
f 1112/212/618 2686/210/1527 1113/210/616
f 1080/229/621 2654/225/1534 1081/225/623
f 1104/237/634 2678/231/1543 1105/231/632
f 1088/7/637 2662/259/1621 1089/259/709
f 1096/264/650 2670/261/1559 1097/261/648
f 1024/172/656 2598/170/1569 1025/170/658
f 1064/238/713 2638/240/1572 1065/240/661
f 1032/160/672 2606/3/1585 1033/3/674
f 1056/220/679 2630/221/1589 1057/221/678
f 1040/174/687 2614/183/1600 1041/183/689
f 1048/206/696 2622/208/1605 1049/208/694
f 1184/492/529 2758/490/1437 1185/490/527
f 1144/4/3 2718/501/908 1145/501/1
f 1198/5/4 2717/4/909 1144/4/3
f 1176/505/717 2750/504/1628 1177/504/716
f 1192/511/546 2766/513/1458 1193/513/548
f 1168/520/719 2742/521/1466 1169/521/556
f 1160/524/560 2734/525/1471 1161/525/561
f 1152/536/572 2726/537/1483 1153/537/573
f 1240/548/729 2814/550/1641 1241/550/731
f 1232/551/732 2806/549/1640 1233/549/730
f 1248/562/743 2822/563/1654 1249/563/744
f 1256/570/751 2830/571/1662 1257/571/752
f 1264/580/761 2838/581/1672 1265/581/762
f 1224/588/769 2798/584/1675 1225/584/765
f 1272/590/771 2846/592/1683 1273/592/773
f 1372/5/776 2909/600/1692 1336/600/782
f 1280/602/784 2854/604/1696 1281/604/786
f 1368/605/787 2942/603/1695 1369/603/785
f 1360/618/800 2934/616/1708 1361/616/798
f 1336/600/782 2910/625/1717 1337/625/807
f 1288/622/804 2862/626/1718 1289/626/808
f 1200/630/812 2774/634/1727 1201/634/817
f 1352/646/829 2926/639/1732 1353/639/822
f 1216/653/836 2790/650/1743 1217/650/833
f 1344/654/837 2918/660/1753 1345/660/843
f 1208/658/841 2782/662/1755 1209/662/845
f 1312/674/857 2886/677/1770 1313/677/860
f 1304/694/877 2878/691/1784 1305/691/874
f 1296/690/873 2870/697/1790 1297/697/880
f 1328/700/883 2902/696/1789 1329/696/879
f 1320/703/886 2894/707/1799 1321/707/889
f 1408/403/431 2982/401/1806 1409/401/429
f 1416/411/440 2990/413/1352 1417/413/442
f 1456/418/448 3030/309/1356 1457/309/446
f 1464/425/455 3038/427/1367 1465/427/457
f 1400/436/467 2974/358/1371 1401/358/461
f 1448/439/470 3022/437/1378 1449/437/468
f 1424/448/481 2998/451/1394 1425/451/484
f 1392/454/487 2966/452/1395 1393/452/485
f 1376/459/493 2950/462/1406 1377/462/496
f 1384/473/508 2958/474/1811 1385/474/903
f 1440/482/519 3014/480/1427 1441/480/517
f 1432/481/518 3006/484/1431 1433/484/521
f 1472/4/4 3046/514/909 1473/514/3
f 1475/5/5 3045/4/911 1472/4/4
f 1488/15/9 3062/13/914 1489/13/7
f 1480/24/18 3054/23/924 1481/23/17
f 1568/35/30 3142/36/938 1569/36/31
f 1560/43/39 3134/41/944 1561/41/37
f 1496/49/45 3070/52/955 1497/52/906
f 1552/55/51 3126/53/1815 1553/53/49
f 1544/69/65 3118/67/970 1545/67/63
f 1504/68/64 3078/70/973 1505/70/66
f 1528/78/74 3102/80/983 1529/80/76
f 1536/91/87 3110/92/995 1537/92/88
f 1520/98/94 3094/97/1000 1521/97/93
f 1512/107/103 3086/108/1011 1513/108/104
f 1/4/4 1574/4/911 1575/3/909
f 12/5/5 1585/5/912 1574/4/911
f 9/8/4 1582/8/911 1583/6/913
f 25/15/9 1598/15/915 1599/13/914
f 17/24/18 1590/24/925 1591/23/924
f 105/35/30 1678/35/937 1679/36/938
f 97/43/39 1670/43/946 1671/41/944
f 33/49/45 1606/49/952 1607/52/955
f 89/55/51 1662/55/958 1663/53/956
f 81/69/65 1654/69/972 1655/67/970
f 41/68/64 1614/68/971 1615/70/973
f 65/78/74 1638/78/981 1639/80/983
f 73/91/87 1646/91/994 1647/92/995
f 57/98/94 1630/98/1001 1631/97/1000
f 49/107/103 1622/107/1010 1623/108/1011
f 113/109/105 1686/109/1012 1687/116/1021
f 145/124/121 1718/124/1028 1719/123/1027
f 153/126/126 1726/126/1033 1727/127/1034
f 161/134/136 1734/134/1043 1735/8/1045
f 137/12/143 1710/12/1050 1711/137/1047
f 169/143/149 1742/143/1056 1743/144/1057
f 129/154/162 1702/154/1069 1703/153/1068
f 185/164/173 1758/164/1080 1759/163/1079
f 193/165/174 1766/165/1081 1767/168/1084
f 297/181/191 1870/181/1098 1871/182/1099
f 289/184/195 1862/184/1102 1863/185/1103
f 281/194/206 1854/194/1113 1855/193/1112
f 201/198/211 1774/198/1118 1775/200/1121
f 273/204/218 1846/204/1125 1847/202/1123
f 265/217/232 1838/217/1139 1839/8/1137
f 209/216/231 1782/216/1138 1783/218/1140
f 217/233/249 1790/233/1156 1791/235/1158
f 233/10/254 1806/10/1161 1807/234/1157
f 225/248/266 1798/248/1173 1799/251/1176
f 257/252/270 1830/252/1177 1831/250/1175
f 241/254/272 1814/254/1179 1815/256/1181
f 249/265/285 1822/265/1192 1823/266/1193
f 313/268/288 1886/268/1195 1887/272/1199
f 305/279/299 1878/279/1206 1879/277/1204
f 425/287/308 1998/287/1215 1999/288/1216
f 321/298/320 1894/298/1227 1895/300/1229
f 417/305/327 1990/305/1234 1991/304/1233
f 409/315/337 1982/315/1244 1983/314/1243
f 401/325/347 1974/325/1254 1975/324/1253
f 329/333/355 1902/333/1262 1903/336/1265
f 393/337/359 1966/337/1266 1967/335/1264
f 385/351/373 1958/351/1280 1959/349/1278
f 337/356/378 1910/356/1285 1911/358/1287
f 353/369/391 1926/369/1298 1927/366/1295
f 345/373/395 1918/373/1302 1919/375/1304
f 361/352/374 1934/352/1281 1935/383/1312
f 377/387/409 1950/387/1316 1951/384/1313
f 369/394/416 1942/394/1323 1943/396/1325
f 441/276/296 2014/276/1203 2015/274/1201
f 449/275/295 2022/275/1202 2023/278/1205
f 561/289/310 2134/289/1217 2135/290/1218
f 553/303/325 2126/303/1232 2127/301/1230
f 545/312/334 2118/312/1241 2119/311/1240
f 457/308/330 2030/308/1237 2031/313/1242
f 537/322/344 2110/322/1251 2111/321/1331
f 529/334/356 2102/334/1263 2103/332/1261
f 465/338/360 2038/338/1267 2039/341/1333
f 521/347/369 2094/347/1276 2095/345/1274
f 473/360/382 2046/360/1289 2047/363/1292
f 489/364/386 2062/364/1293 2063/362/1291
f 481/377/399 2054/377/1306 2055/379/1308
f 513/382/404 2086/382/1336 2087/381/1310
f 497/385/407 2070/385/1314 2071/386/1315
f 505/397/419 2078/397/1326 2079/399/1328
f 601/407/435 2174/407/1345 2175/405/1343
f 609/408/436 2182/408/1346 2183/359/1348
f 657/419/449 2230/419/1359 2231/423/1363
f 649/424/454 2222/424/1364 2223/421/1361
f 665/440/471 2238/440/1381 2239/5/1385
f 593/444/477 2166/444/1387 2167/443/1384
f 617/115/476 2190/115/1386 2191/445/1388
f 569/455/488 2142/455/1398 2143/458/1402
f 585/461/495 2158/461/1405 2159/457/1401
f 577/470/505 2150/470/1415 2151/472/1417
f 625/476/512 2198/476/1422 2199/478/1425
f 633/485/522 2206/485/1432 2207/483/1430
f 705/493/530 2278/493/1440 2279/491/1439
f 713/506/541 2286/506/1451 2287/508/1453
f 697/509/544 2270/509/1454 2271/507/1452
f 689/518/553 2262/518/1463 2263/519/1464
f 681/527/563 2254/527/1473 2255/528/1474
f 673/534/570 2246/534/1480 2247/535/1481
f 745/124/121 2318/124/1028 2319/123/1027
f 753/126/126 2326/126/1033 2327/127/1034
f 761/134/136 2334/134/1043 2335/8/1045
f 737/12/143 2310/12/1050 2311/137/1047
f 769/143/149 2342/143/1056 2343/144/1057
f 729/154/577 2302/154/1488 2303/153/1068
f 889/184/578 2462/184/1489 2463/185/1492
f 881/194/592 2454/194/1503 2455/193/1501
f 897/181/595 2470/181/1506 2471/182/1508
f 873/204/608 2446/204/1519 2447/202/1517
f 833/10/615 2406/10/1526 2407/234/1528
f 865/217/624 2438/217/1535 2439/8/1533
f 841/254/631 2414/254/1542 2415/256/1544
f 857/252/640 2430/252/1551 2431/250/1549
f 849/265/647 2422/265/1558 2423/266/1560
f 785/164/666 2358/164/1577 2359/163/1579
f 817/233/669 2390/233/1580 2391/235/1578
f 793/165/682 2366/165/1593 2367/168/1594
f 809/216/686 2382/216/1597 2383/218/1595
f 801/198/697 2374/198/1608 2375/200/1610
f 1009/187/579 2582/187/1491 2583/2/1490
f 1017/179/591 2590/179/1502 2591/180/1611
f 1001/196/596 2574/196/1507 2575/195/1505
f 993/207/612 2566/207/1523 2567/205/1521
f 953/241/611 2526/241/1522 2527/239/1524
f 985/222/628 2558/222/1539 2559/219/1537
f 961/224/627 2534/224/1538 2535/253/1540
f 977/9/644 2550/9/1555 2551/255/1553
f 969/262/643 2542/262/1554 2543/263/1556
f 945/244/657 2518/244/1568 2519/246/1566
f 905/167/662 2478/167/1573 2479/166/1575
f 937/228/673 2510/228/1584 2511/230/1614
f 913/158/677 2486/158/1588 2487/162/1591
f 929/213/690 2502/213/1601 2503/215/1599
f 921/188/693 2494/188/1604 2495/1/1606
f 1129/190/707 2702/190/1619 2703/189/1618
f 1137/177/587 2710/177/1498 2711/178/1500
f 1121/6/600 2694/6/1511 2695/197/1509
f 1073/245/607 2646/245/1518 2647/243/1620
f 1113/210/616 2686/210/1527 2687/209/1525
f 1081/225/623 2654/225/1534 2655/226/1536
f 1105/231/632 2678/231/1543 2679/227/1541
f 1089/259/709 2662/259/1621 2663/260/1552
f 1097/261/648 2670/261/1559 2671/258/1557
f 1025/170/658 2598/170/1569 2599/169/1571
f 1065/240/661 2638/240/1572 2639/11/1570
f 1033/3/674 2606/3/1585 2607/159/1587
f 1057/221/678 2630/221/1589 2631/223/1626
f 1041/183/689 2614/183/1600 2615/186/1602
f 1049/208/694 2622/208/1605 2623/211/1603
f 1185/490/527 2758/490/1437 2759/494/1441
f 1177/504/716 2750/504/1628 2751/500/1627
f 1169/521/556 2742/521/1466 2743/522/1467
f 1193/513/548 2766/513/1458 2767/523/1469
f 1161/525/561 2734/525/1471 2735/514/1459
f 1153/537/573 2726/537/1483 2727/533/1479
f 1145/501/1 2718/501/908 2719/541/912
f 1233/549/730 2806/549/1640 2807/546/1637
f 1241/550/731 2814/550/1641 2815/552/1643
f 1249/563/744 2822/563/1654 2823/564/1655
f 1257/571/752 2830/571/1662 2831/572/1663
f 1265/581/762 2838/581/1672 2839/582/1673
f 1225/584/765 2798/584/1675 2799/578/1669
f 1273/592/773 2846/592/1683 2847/593/1684
f 1369/603/785 2942/603/1695 2943/601/1693
f 1281/604/786 2854/604/1696 2855/606/1698
f 1361/616/798 2934/616/1708 2935/615/1707
f 1337/625/807 2910/625/1717 2911/627/1719
f 1201/634/817 2774/634/1727 2775/637/1730
f 1289/626/808 2862/626/1718 2863/638/1731
f 1353/639/822 2926/639/1732 2927/633/1726
f 1217/650/833 2790/650/1743 2791/647/1740
f 1209/662/845 2782/662/1755 2783/664/1757
f 1345/660/843 2918/660/1753 2919/665/1758
f 1313/677/860 2886/677/1770 2887/681/1774
f 1305/691/874 2878/691/1784 2879/687/1780
f 1329/696/879 2902/696/1789 2903/693/1786
f 1297/697/880 2870/697/1790 2871/704/1006
f 1321/707/889 2894/707/1799 2895/710/1802
f 1409/401/429 2982/401/1806 2983/402/1339
f 1457/309/446 3030/309/1356 3031/415/1354
f 1417/413/442 2990/413/1352 2991/422/1362
f 1465/427/457 3038/427/1367 3039/429/1369
f 1401/358/461 2974/358/1371 2975/420/1360
f 1449/437/468 3022/437/1378 3023/433/1374
f 1393/452/485 2966/452/1395 2967/450/1393
f 1425/451/484 2998/451/1394 2999/453/1396
f 1377/462/496 2950/462/1406 2951/463/1407
f 1385/474/903 2958/474/1811 2959/471/1416
f 1441/480/517 3014/480/1427 3015/479/1426
f 1433/484/521 3006/484/1431 3007/488/1435
f 1473/514/3 3046/514/909 3047/497/908
f 1489/13/7 3062/13/914 3063/18/919
f 1481/23/17 3054/23/924 3055/21/922
f 1569/36/31 3142/36/938 3143/37/939
f 1561/41/37 3134/41/944 3135/42/1813
f 1553/53/49 3126/53/1815 3127/51/954
f 1497/52/906 3070/52/955 3071/54/957
f 1545/67/63 3118/67/970 3119/65/968
f 1505/70/66 3078/70/973 3079/77/980
f 1529/80/76 3102/80/983 3103/81/984
f 1537/92/88 3110/92/995 3111/89/992
f 1521/97/93 3094/97/1000 3095/96/999
f 1513/108/104 3086/108/1011 3087/106/1009
f 2/3/3 1575/3/909 1576/1/908
f 10/6/6 1583/6/913 1584/2/910
f 26/13/7 1599/13/914 1600/18/919
f 18/23/17 1591/23/924 1592/21/922
f 106/36/31 1679/36/938 1680/37/939
f 98/41/37 1671/41/944 1672/42/945
f 90/53/49 1663/53/956 1664/51/954
f 34/52/48 1607/52/955 1608/54/957
f 82/67/63 1655/67/970 1656/65/968
f 42/70/66 1615/70/973 1616/77/980
f 66/80/76 1639/80/983 1640/81/984
f 74/92/88 1647/92/995 1648/89/992
f 58/97/93 1631/97/1000 1632/96/999
f 50/108/104 1623/108/1011 1624/106/1009
f 114/116/114 1687/116/1021 1688/114/1019
f 122/4/3 1695/4/909 1696/118/908
f 150/120/116 1723/120/1023 1695/4/909
f 146/123/120 1719/123/1027 1720/10/1026
f 154/127/127 1727/127/1034 1728/117/1035
f 162/8/138 1735/8/1045 1736/136/1046
f 138/137/140 1711/137/1047 1712/135/1044
f 170/144/150 1743/144/1057 1744/146/1059
f 130/153/161 1703/153/1068 1704/152/1067
f 186/163/172 1759/163/1079 1760/161/1077
f 194/168/177 1767/168/1084 1768/171/1087
f 178/4/184 1751/4/1091 1752/173/1089
f 298/182/192 1871/182/1099 1872/5/1100
f 299/5/193 1872/5/1100 1751/4/1091
f 290/185/196 1863/185/1103 1864/175/1092
f 282/193/205 1855/193/1112 1856/192/1111
f 274/202/216 1847/202/1123 1848/201/1122
f 202/200/214 1775/200/1121 1776/203/1124
f 266/8/230 1839/8/1137 1840/214/1135
f 210/218/233 1783/218/1140 1784/12/1141
f 234/234/250 1807/234/1157 1808/232/1155
f 218/235/251 1791/235/1158 1792/236/1159
f 258/250/268 1831/250/1175 1832/242/1166
f 226/251/269 1799/251/1176 1800/249/1174
f 242/256/274 1815/256/1181 1816/257/1183
f 250/266/286 1823/266/1193 1824/267/1194
f 314/272/292 1887/272/1199 1888/275/1202
f 306/277/297 1879/277/1204 1880/276/1203
f 426/288/309 1999/288/1216 2000/289/1217
f 418/304/326 1991/304/1233 1992/303/1232
f 322/300/322 1895/300/1229 1896/308/1237
f 410/314/336 1983/314/1243 1984/312/1241
f 402/324/346 1975/324/1253 1976/322/1251
f 394/335/357 1967/335/1264 1968/334/1263
f 330/336/358 1903/336/1265 1904/338/1267
f 386/349/371 1959/349/1278 1960/347/1276
f 338/358/380 1911/358/1287 1912/360/1289
f 354/366/388 1927/366/1295 1928/364/1293
f 346/375/397 1919/375/1304 1920/377/1306
f 378/384/406 1951/384/1313 1952/382/1311
f 362/383/405 1935/383/1312 1936/385/1314
f 370/396/418 1943/396/1325 1944/397/1326
f 442/274/294 2015/274/1201 2016/273/1200
f 450/278/298 2023/278/1205 2024/281/1208
f 434/4/306 2007/4/1213 2008/285/1212
f 562/290/311 2135/290/1218 2136/291/1219
f 567/5/422 2140/5/1223 2007/4/1213
f 554/301/323 2127/301/1230 2128/302/1231
f 546/311/333 2119/311/1240 2120/310/1239
f 458/313/335 2031/313/1242 2032/317/1246
f 538/321/425 2111/321/1331 2112/320/1249
f 530/332/354 2103/332/1261 2104/330/1259
f 466/341/363 2039/341/1333 2040/343/1272
f 522/345/367 2095/345/1274 2096/344/1334
f 490/362/384 2063/362/1291 2064/359/1288
f 474/363/385 2047/363/1292 2048/365/1335
f 482/379/401 2055/379/1308 2056/378/1307
f 514/381/403 2087/381/1310 2088/380/1309
f 498/386/408 2071/386/1315 2072/388/1317
f 506/399/421 2079/399/1328 2080/398/1327
f 602/405/433 2175/405/1343 2176/403/1341
f 610/359/438 2183/359/1348 2184/411/1350
f 650/421/451 2223/421/1361 2224/418/1358
f 658/423/453 2231/423/1363 2232/425/1365
f 642/442/473 2215/442/1383 2216/439/1380
f 594/443/474 2167/443/1384 2168/436/1377
f 666/5/475 2239/5/1385 2215/442/1383
f 618/445/478 2191/445/1388 2192/448/1391
f 586/457/491 2159/457/1401 2160/454/1397
f 570/458/492 2143/458/1402 2144/459/1403
f 578/472/507 2151/472/1417 2152/473/1418
f 626/478/515 2199/478/1425 2200/481/1428
f 634/483/520 2207/483/1430 2208/482/1429
f 706/491/528 2279/491/1439 2280/492/1438
f 698/507/542 2271/507/1452 2272/505/1450
f 714/508/543 2287/508/1453 2288/511/1456
f 690/519/554 2263/519/1464 2264/520/1465
f 682/528/564 2255/528/1474 2256/524/1470
f 674/535/571 2247/535/1481 2248/536/1482
f 722/4/3 2295/4/909 2296/118/908
f 750/120/116 2323/120/1023 2295/4/909
f 746/123/120 2319/123/1027 2320/10/1026
f 754/127/127 2327/127/1034 2328/117/1035
f 762/8/138 2335/8/1045 2336/136/1046
f 738/137/140 2311/137/1047 2312/135/1044
f 770/144/150 2343/144/1057 2344/146/1059
f 730/153/161 2303/153/1068 2304/152/1067
f 890/185/581 2463/185/1492 2464/175/1494
f 882/193/590 2455/193/1501 2456/192/1499
f 898/182/597 2471/182/1508 2472/5/1510
f 899/5/599 2472/5/1510 2399/251/1512
f 826/251/601 2399/251/1512 2400/249/1514
f 874/202/606 2447/202/1517 2448/201/1515
f 834/234/617 2407/234/1528 2408/232/1530
f 866/8/622 2439/8/1533 2440/214/1531
f 842/256/633 2415/256/1544 2416/257/1546
f 858/250/638 2431/250/1549 2432/242/1547
f 850/266/649 2423/266/1560 2424/267/1562
f 778/4/654 2351/4/1564 2352/173/1563
f 825/248/653 2398/248/1565 2351/4/1564
f 818/235/667 2391/235/1578 2392/236/1576
f 786/163/668 2359/163/1579 2360/161/1581
f 810/218/684 2383/218/1595 2384/12/1592
f 794/168/683 2367/168/1594 2368/171/1596
f 802/200/699 2375/200/1610 2376/203/1609
f 1010/2/580 2583/2/1490 2584/184/1489
f 1002/195/594 2575/195/1505 2576/194/1503
f 1018/180/700 2591/180/1611 2592/181/1506
f 994/205/610 2567/205/1521 2568/204/1519
f 954/239/613 2527/239/1524 2528/10/1526
f 986/219/626 2559/219/1537 2560/217/1535
f 962/253/629 2535/253/1540 2536/254/1542
f 978/255/642 2551/255/1553 2552/252/1551
f 970/263/645 2543/263/1556 2544/265/1558
f 946/246/655 2519/246/1566 2520/248/1565
f 906/166/664 2479/166/1575 2480/164/1577
f 938/230/703 2511/230/1614 2512/233/1580
f 914/162/680 2487/162/1591 2488/165/1593
f 930/215/688 2503/215/1599 2504/216/1597
f 922/1/695 2495/1/1606 2496/198/1608
f 1130/189/582 2703/189/1618 2704/187/1617
f 1138/178/589 2711/178/1500 2712/179/1502
f 1122/197/598 2695/197/1509 2696/196/1507
f 1074/243/708 2647/243/1620 2648/241/1522
f 1114/209/614 2687/209/1525 2688/207/1523
f 1082/226/625 2655/226/1536 2656/224/1538
f 1106/227/630 2679/227/1541 2680/222/1539
f 1090/260/641 2663/260/1552 2664/262/1623
f 1098/258/646 2671/258/1557 2672/9/1624
f 1066/11/659 2639/11/1570 2640/244/1568
f 1026/169/660 2599/169/1571 2600/167/1573
f 1058/223/714 2631/223/1626 2632/228/1584
f 1034/159/676 2607/159/1587 2608/158/1588
f 1050/211/692 2623/211/1603 2624/213/1601
f 1042/186/691 2615/186/1602 2616/188/1604
f 1186/494/531 2759/494/1441 2760/496/1443
f 1178/500/715 2751/500/1627 2752/498/1445
f 1162/514/549 2735/514/1459 2736/515/1630
f 1170/522/557 2743/522/1467 2744/115/1468
f 1194/523/559 2767/523/1469 2768/526/1472
f 1154/533/569 2727/533/1479 2728/532/1478
f 1146/541/5 2719/541/912 2720/540/1486
f 1234/546/727 2807/546/1637 2808/543/1635
f 1242/552/733 2815/552/1643 2816/553/1644
f 1250/564/745 2823/564/1655 2824/565/1656
f 1258/572/753 2831/572/1663 2832/573/1664
f 1226/578/759 2799/578/1669 2800/576/1667
f 1266/582/763 2839/582/1673 2840/583/1674
f 1274/593/774 2847/593/1684 2848/594/1685
f 1370/601/783 2943/601/1693 2944/599/1691
f 1282/606/788 2855/606/1698 2856/609/1701
f 1362/615/797 2935/615/1707 2936/613/1705
f 1338/627/809 2911/627/1719 2912/629/1721
f 1354/633/816 2927/633/1726 2928/628/1720
f 1202/637/820 2775/637/1730 2776/642/1735
f 1218/647/830 2791/647/1740 2792/643/1736
f 1290/638/821 2863/638/1731 2864/657/1750
f 1210/664/847 2783/664/1757 2784/667/1760
f 1346/665/848 2919/665/1758 2920/669/1762
f 1314/681/864 2887/681/1774 2888/684/1777
f 1306/687/870 2879/687/1780 2880/683/1776
f 1330/693/876 2903/693/1786 2904/689/1782
f 1298/704/99 2871/704/1006 2872/711/1803
f 1322/710/892 2895/710/1802 2896/713/1805
f 1410/402/430 2983/402/1339 2984/400/1338
f 1458/415/444 3031/415/1354 3032/414/1353
f 1402/420/450 2975/420/1360 2976/412/1351
f 1418/422/452 2991/422/1362 2992/430/1370
f 1466/429/459 3039/429/1369 3040/432/1373
f 1450/433/464 3023/433/1374 3024/431/1372
f 1394/450/483 2967/450/1393 2968/449/1809
f 1426/453/486 2999/453/1396 3000/460/1404
f 1378/463/497 2951/463/1407 2952/465/1810
f 1386/471/506 2959/471/1416 2960/286/1414
f 1442/479/516 3015/479/1426 3016/334/1424
f 1434/488/525 3007/488/1435 3008/489/1436
f 1474/497/1 3047/497/908 3048/5/912
f 1482/21/15 3055/21/922 3056/20/921
f 1490/18/12 3063/18/919 3064/22/923
f 1570/37/32 3143/37/939 3144/38/940
f 1562/42/905 3135/42/1813 3136/30/932
f 1554/51/47 3127/51/954 3128/50/1814
f 1498/54/50 3071/54/957 3072/57/960
f 1546/65/61 3119/65/968 3120/63/966
f 1530/81/77 3103/81/984 3104/83/986
f 1506/77/73 3079/77/980 3080/84/987
f 1538/89/85 3111/89/992 3112/86/989
f 1522/96/92 3095/96/999 3096/94/997
f 1514/106/102 3087/106/1009 3088/105/1818
f 11/2/2 1584/2/910 1585/5/912
f 3/1/1 1576/1/908 1577/12/912
f 19/21/15 1592/21/922 1593/20/921
f 27/18/12 1600/18/919 1601/22/923
f 107/37/32 1680/37/939 1681/38/940
f 99/42/38 1672/42/945 1673/30/932
f 91/51/47 1664/51/954 1665/50/953
f 35/54/50 1608/54/957 1609/57/960
f 83/65/61 1656/65/968 1657/63/966
f 67/81/77 1640/81/984 1641/83/986
f 43/77/73 1616/77/980 1617/84/987
f 75/89/85 1648/89/992 1649/86/989
f 59/96/92 1632/96/999 1633/94/997
f 51/106/102 1624/106/1009 1625/105/1008
f 115/114/112 1688/114/1019 1689/115/1020
f 147/10/119 1720/10/1026 1721/122/1025
f 155/117/128 1728/117/1035 1729/129/1037
f 139/135/137 1712/135/1044 1713/131/1040
f 163/136/139 1736/136/1046 1737/138/1048
f 171/146/152 1744/146/1059 1745/2/1060
f 131/152/160 1704/152/1067 1705/1/1066
f 123/118/1 1696/118/908 1697/157/912
f 187/161/170 1760/161/1077 1761/160/1076
f 179/173/182 1752/173/1089 1753/172/1088
f 195/171/180 1768/171/1087 1769/174/1090
f 291/175/185 1864/175/1092 1865/176/1093
f 283/192/204 1856/192/1111 1857/191/1110
f 275/201/215 1848/201/1122 1849/199/1120
f 203/203/217 1776/203/1124 1777/206/1127
f 267/214/228 1840/214/1135 1841/212/1133
f 211/12/234 1784/12/1141 1785/220/1143
f 235/232/248 1808/232/1155 1809/229/1152
f 219/236/252 1792/236/1159 1793/238/1162
f 259/242/259 1832/242/1166 1833/237/1160
f 227/249/267 1800/249/1174 1801/247/1172
f 243/257/276 1816/257/1183 1817/7/1184
f 251/267/287 1824/267/1194 1825/264/1191
f 307/276/296 1880/276/1203 1881/274/1201
f 315/275/295 1888/275/1202 1889/278/1205
f 427/289/310 2000/289/1217 2001/290/1218
f 419/303/325 1992/303/1232 1993/301/1230
f 411/312/334 1984/312/1241 1985/311/1240
f 323/308/330 1896/308/1237 1897/313/1242
f 403/322/344 1976/322/1251 1977/321/1250
f 395/334/356 1968/334/1263 1969/332/1261
f 331/338/360 1904/338/1267 1905/341/1270
f 387/347/369 1960/347/1276 1961/345/1274
f 339/360/382 1912/360/1289 1913/363/1292
f 355/364/386 1928/364/1293 1929/362/1291
f 347/377/399 1920/377/1306 1921/379/1308
f 379/382/404 1952/382/1311 1953/381/1310
f 363/385/407 1936/385/1314 1937/386/1315
f 371/397/419 1944/397/1326 1945/399/1328
f 443/273/293 2016/273/1200 2017/271/1198
f 451/281/301 2024/281/1208 2025/284/1211
f 435/285/305 2008/285/1212 2009/283/1210
f 563/291/312 2136/291/1219 2137/292/1220
f 555/302/324 2128/302/1231 2129/299/1228
f 547/310/332 2120/310/1239 2121/309/1238
f 539/320/342 2112/320/1249 2113/319/1330
f 459/317/339 2032/317/1246 2033/323/1252
f 531/330/352 2104/330/1259 2105/329/1258
f 523/344/366 2096/344/1334 2097/342/1271
f 467/343/365 2040/343/1272 2041/346/1275
f 491/359/381 2064/359/1288 2065/357/1286
f 475/365/427 2048/365/1335 2049/367/1296
f 483/378/400 2056/378/1307 2057/376/1305
f 515/380/402 2088/380/1309 2089/368/1297
f 499/388/410 2072/388/1317 2073/389/1318
f 507/398/420 2080/398/1327 2081/395/1324
f 603/403/431 2176/403/1341 2177/401/1340
f 611/411/440 2184/411/1350 2185/413/1352
f 651/418/448 2224/418/1358 2225/309/1356
f 659/425/455 2232/425/1365 2233/427/1367
f 595/436/467 2168/436/1377 2169/358/1371
f 643/439/470 2216/439/1380 2217/437/1378
f 619/448/481 2192/448/1391 2193/451/1394
f 587/454/487 2160/454/1397 2161/452/1395
f 571/459/493 2144/459/1403 2145/462/1406
f 579/473/508 2152/473/1418 2153/474/1419
f 635/482/519 2208/482/1429 2209/480/1427
f 627/481/518 2200/481/1428 2201/484/1431
f 707/492/529 2280/492/1438 2281/490/1437
f 667/4/3 2240/4/909 2241/501/908
f 721/5/4 2294/5/911 2240/4/909
f 699/505/540 2272/505/1450 2273/504/1449
f 715/511/546 2288/511/1456 2289/513/1458
f 691/520/555 2264/520/1465 2265/521/1466
f 683/524/560 2256/524/1470 2257/525/1471
f 675/536/572 2248/536/1482 2249/537/1483
f 747/10/119 2320/10/1026 2321/122/1025
f 755/117/128 2328/117/1035 2329/129/1037
f 739/135/137 2312/135/1044 2313/131/1040
f 763/136/139 2336/136/1046 2337/138/1048
f 771/146/152 2344/146/1059 2345/2/1060
f 731/152/160 2304/152/1067 2305/1/1066
f 723/118/1 2296/118/908 2297/157/912
f 891/175/583 2464/175/1494 2465/176/1496
f 883/192/588 2456/192/1499 2457/191/1497
f 875/201/604 2448/201/1515 2449/199/1513
f 827/249/603 2400/249/1514 2401/247/1516
f 867/214/620 2440/214/1531 2441/212/1529
f 835/232/619 2408/232/1530 2409/229/1532
f 859/242/636 2432/242/1547 2433/237/1545
f 843/257/635 2416/257/1546 2417/7/1548
f 851/267/651 2424/267/1562 2425/264/1561
f 779/173/652 2352/173/1563 2353/172/1567
f 819/236/665 2392/236/1576 2393/238/1574
f 787/161/670 2360/161/1581 2361/160/1583
f 811/12/681 2384/12/1592 2385/220/1590
f 795/171/685 2368/171/1596 2369/174/1598
f 803/203/698 2376/203/1609 2377/206/1607
f 1011/184/578 2584/184/1489 2585/185/1492
f 1003/194/592 2576/194/1503 2577/193/1501
f 1019/181/595 2592/181/1506 2593/182/1508
f 995/204/608 2568/204/1519 2569/202/1517
f 955/10/615 2528/10/1526 2529/234/1528
f 987/217/624 2560/217/1535 2561/8/1533
f 963/254/631 2536/254/1542 2537/256/1544
f 979/252/640 2552/252/1551 2553/250/1549
f 971/265/647 2544/265/1558 2545/266/1560
f 907/164/666 2480/164/1577 2481/163/1613
f 939/233/669 2512/233/1580 2513/235/1612
f 915/165/682 2488/165/1593 2489/168/1594
f 931/216/686 2504/216/1597 2505/218/1616
f 923/198/697 2496/198/1608 2497/200/1610
f 1131/187/706 2704/187/1617 2705/2/1490
f 1139/179/591 2712/179/1502 2713/180/1504
f 1123/196/596 2696/196/1507 2697/195/1505
f 1115/207/612 2688/207/1523 2689/205/1521
f 1075/241/611 2648/241/1522 2649/239/1524
f 1107/222/628 2680/222/1539 2681/219/1537
f 1083/224/627 2656/224/1538 2657/253/1540
f 1099/9/712 2672/9/1624 2673/255/1553
f 1091/262/711 2664/262/1623 2665/263/1556
f 1067/244/657 2640/244/1568 2641/246/1566
f 1027/167/662 2600/167/1573 2601/166/1575
f 1059/228/673 2632/228/1584 2633/230/1582
f 1035/158/677 2608/158/1588 2609/162/1591
f 1051/213/690 2624/213/1601 2625/215/1599
f 1043/188/693 2616/188/1604 2617/1/1606
f 1179/498/535 2752/498/1445 2753/497/1444
f 1187/496/533 2760/496/1443 2761/499/1446
f 1163/515/718 2736/515/1630 2737/516/1461
f 1171/115/720 2744/115/1468 2745/512/1457
f 1195/526/562 2768/526/1472 2769/531/1477
f 1155/532/568 2728/532/1478 2729/530/1476
f 1147/540/576 2720/540/1486 2721/539/1632
f 1235/543/724 2808/543/1635 2809/544/1634
f 1243/553/734 2816/553/1644 2817/555/1646
f 1251/565/746 2824/565/1656 2825/566/1657
f 1259/573/754 2832/573/1664 2833/574/1665
f 1227/576/757 2800/576/1667 2801/561/1652
f 1267/583/764 2840/583/1674 2841/585/1676
f 1275/594/775 2848/594/1685 2849/595/1687
f 1371/599/781 2944/599/1691 2945/5/1686
f 1283/609/791 2856/609/1701 2857/611/1703
f 1363/613/795 2936/613/1705 2937/612/1704
f 1355/628/810 2928/628/1720 2929/624/1716
f 1339/629/811 2912/629/1721 2913/635/1728
f 1219/643/826 2792/643/1736 2793/640/1733
f 1203/642/825 2776/642/1735 2777/645/1738
f 1211/667/850 2784/667/1760 2785/666/1759
f 1347/669/852 2920/669/1762 2921/670/1763
f 1291/657/840 2864/657/1750 2865/672/1765
f 1307/683/866 2880/683/1776 2881/680/1773
f 1315/684/867 2888/684/1777 2889/688/1781
f 1331/689/872 2904/689/1782 2905/686/1779
f 1299/711/893 2872/711/1803 2873/709/1801
f 1323/713/895 2896/713/1805 2897/712/1804
f 1411/400/428 2984/400/1338 2985/404/1342
f 1403/412/441 2976/412/1351 2977/410/1349
f 1459/414/443 3032/414/1353 3033/416/1355
f 1451/431/462 3024/431/1372 3025/428/1368
f 1467/432/898 3040/432/1373 3041/434/1375
f 1419/430/460 2992/430/1370 2993/435/1376
f 1395/449/900 2968/449/1809 2969/447/1808
f 1379/465/902 2952/465/1810 2953/467/1411
f 1427/460/494 3000/460/1404 3001/468/1412
f 1387/286/504 2960/286/1414 2961/466/1410
f 1443/334/514 3016/334/1424 3017/477/1423
f 1435/489/526 3008/489/1436 3009/487/1434
f 1483/20/14 3056/20/921 3057/19/920
f 1491/22/16 3064/22/923 3065/26/927
f 1563/30/25 3136/30/932 3137/31/933
f 1571/38/33 3144/38/940 3145/39/941
f 1555/50/46 3128/50/1814 3129/48/951
f 1499/57/53 3072/57/960 3073/59/962
f 1547/63/59 3120/63/966 3121/61/964
f 1531/83/79 3104/83/986 3105/85/988
f 1539/86/82 3112/86/989 3113/82/985
f 1507/84/80 3080/84/987 3081/93/996
f 1523/94/90 3096/94/997 3097/73/1817
f 1515/105/101 3088/105/1818 3089/104/1007
f 4/12/5 1577/12/912 1578/11/911
f 20/20/14 1593/20/921 1594/19/920
f 28/22/16 1601/22/923 1602/26/927
f 100/30/25 1673/30/932 1674/31/933
f 108/38/33 1681/38/940 1682/39/941
f 92/50/46 1665/50/953 1666/48/951
f 36/57/53 1609/57/960 1610/59/962
f 84/63/59 1657/63/966 1658/61/964
f 68/83/79 1641/83/986 1642/85/988
f 76/86/82 1649/86/989 1650/82/985
f 44/84/80 1617/84/987 1618/93/996
f 60/94/90 1633/94/997 1634/73/977
f 52/105/101 1625/105/1008 1626/104/1007
f 116/115/113 1689/115/1020 1690/117/1022
f 148/122/118 1721/122/1025 1722/121/1024
f 156/129/130 1729/129/1037 1730/9/1038
f 140/131/133 1713/131/1040 1714/128/1036
f 164/138/141 1737/138/1048 1738/139/1049
f 172/2/153 1745/2/1060 1746/147/1061
f 132/1/159 1705/1/1066 1706/109/1063
f 124/157/5 1697/157/912 1698/151/910
f 188/160/169 1761/160/1076 1762/3/1075
f 180/172/181 1753/172/1088 1754/170/1086
f 292/176/186 1865/176/1093 1866/177/1094
f 196/174/183 1769/174/1090 1770/183/1101
f 284/191/203 1857/191/1110 1858/190/1109
f 276/199/213 1849/199/1120 1850/6/1119
f 204/206/220 1777/206/1127 1778/208/1129
f 268/212/226 1841/212/1133 1842/210/1131
f 212/220/236 1785/220/1143 1786/221/1144
f 236/229/245 1809/229/1152 1810/225/1149
f 260/237/253 1833/237/1160 1834/231/1154
f 220/238/255 1793/238/1162 1794/240/1164
f 228/247/265 1801/247/1172 1802/245/1170
f 244/7/277 1817/7/1184 1818/259/1186
f 252/264/284 1825/264/1191 1826/261/1188
f 308/274/294 1881/274/1201 1882/273/1200
f 316/278/298 1889/278/1205 1890/281/1208
f 300/4/306 1873/4/1213 1874/285/1212
f 428/290/311 2001/290/1218 2002/291/1219
f 433/5/316 2006/5/1223 1873/4/1213
f 420/301/323 1993/301/1230 1994/302/1231
f 412/311/333 1985/311/1240 1986/310/1239
f 324/313/335 1897/313/1242 1898/317/1246
f 404/321/343 1977/321/1250 1978/320/1249
f 396/332/354 1969/332/1261 1970/330/1259
f 332/341/363 1905/341/1270 1906/343/1272
f 388/345/367 1961/345/1274 1962/344/1273
f 356/362/384 1929/362/1291 1930/359/1288
f 340/363/385 1913/363/1292 1914/365/1294
f 348/379/401 1921/379/1308 1922/378/1307
f 380/381/403 1953/381/1310 1954/380/1309
f 364/386/408 1937/386/1315 1938/388/1317
f 372/399/421 1945/399/1328 1946/398/1327
f 444/271/291 2017/271/1198 2018/269/1197
f 436/283/303 2009/283/1210 2010/282/1209
f 452/284/304 2025/284/1211 2026/286/1214
f 564/292/313 2137/292/1220 2138/293/1221
f 556/299/321 2129/299/1228 2130/296/1225
f 548/309/331 2121/309/1238 2122/307/1236
f 540/319/424 2113/319/1330 2114/318/1247
f 460/323/345 2033/323/1252 2034/327/1256
f 532/329/351 2105/329/1258 2106/328/1257
f 524/342/364 2097/342/1271 2098/340/1269
f 468/346/368 2041/346/1275 2042/348/1277
f 492/357/379 2065/357/1286 2066/353/1283
f 516/368/390 2089/368/1297 2090/361/1290
f 476/367/389 2049/367/1296 2050/370/1299
f 484/376/398 2057/376/1305 2058/374/1303
f 500/389/411 2073/389/1318 2074/391/1320
f 508/395/417 2081/395/1324 2082/392/1321
f 604/401/429 2177/401/1340 2178/402/1339
f 652/309/446 2225/309/1356 2226/415/1354
f 612/413/442 2185/413/1352 2186/422/1362
f 660/427/457 2233/427/1367 2234/429/1369
f 596/358/461 2169/358/1371 2170/420/1360
f 644/437/468 2217/437/1378 2218/433/1374
f 588/452/485 2161/452/1395 2162/450/1393
f 620/451/484 2193/451/1394 2194/453/1396
f 572/462/496 2145/462/1406 2146/463/1407
f 580/474/509 2153/474/1419 2154/471/1416
f 636/480/517 2209/480/1427 2210/479/1426
f 628/484/521 2201/484/1431 2202/488/1435
f 708/490/527 2281/490/1437 2282/494/1441
f 700/504/539 2273/504/1449 2274/500/1447
f 692/521/556 2265/521/1466 2266/522/1467
f 716/513/548 2289/513/1458 2290/523/1469
f 684/525/561 2257/525/1471 2258/514/1459
f 676/537/573 2249/537/1483 2250/533/1479
f 668/501/1 2241/501/908 2242/541/912
f 748/122/118 2321/122/1025 2322/121/1024
f 756/129/130 2329/129/1037 2330/9/1038
f 740/131/133 2313/131/1040 2314/128/1036
f 764/138/141 2337/138/1048 2338/139/1049
f 772/2/153 2345/2/1060 2346/147/1061
f 732/1/159 2305/1/1066 2306/109/1063
f 724/157/5 2297/157/912 2298/151/910
f 884/191/586 2457/191/1497 2458/190/1495
f 892/176/585 2465/176/1496 2466/177/1498
f 876/199/602 2449/199/1513 2450/6/1511
f 828/247/605 2401/247/1516 2402/245/1518
f 868/212/618 2441/212/1529 2442/210/1527
f 836/229/621 2409/229/1532 2410/225/1534
f 860/237/634 2433/237/1545 2434/231/1543
f 844/7/637 2417/7/1548 2418/259/1550
f 852/264/650 2425/264/1561 2426/261/1559
f 780/172/656 2353/172/1567 2354/170/1569
f 820/238/663 2393/238/1574 2394/240/1572
f 788/160/672 2361/160/1583 2362/3/1585
f 812/220/679 2385/220/1590 2386/221/1589
f 796/174/687 2369/174/1598 2370/183/1600
f 804/206/696 2377/206/1607 2378/208/1605
f 1012/185/581 2585/185/1492 2586/175/1494
f 1004/193/590 2577/193/1501 2578/192/1499
f 1020/182/597 2593/182/1508 2594/5/1510
f 1021/5/599 2594/5/1510 2521/251/1512
f 948/251/601 2521/251/1512 2522/249/1514
f 996/202/606 2569/202/1517 2570/201/1515
f 956/234/617 2529/234/1528 2530/232/1530
f 988/8/622 2561/8/1533 2562/214/1531
f 964/256/633 2537/256/1544 2538/257/1546
f 980/250/638 2553/250/1549 2554/242/1547
f 972/266/649 2545/266/1560 2546/267/1562
f 900/4/654 2473/4/1564 2474/173/1563
f 947/248/653 2520/248/1565 2473/4/1564
f 940/235/702 2513/235/1612 2514/236/1576
f 908/163/668 2481/163/1613 2482/161/1581
f 932/218/705 2505/218/1616 2506/12/1592
f 916/168/683 2489/168/1594 2490/171/1596
f 924/200/699 2497/200/1610 2498/203/1609
f 1132/2/580 2705/2/1490 2706/184/1489
f 1124/195/594 2697/195/1505 2698/194/1503
f 1140/180/593 2713/180/1504 2714/181/1506
f 1116/205/610 2689/205/1521 2690/204/1519
f 1076/239/613 2649/239/1524 2650/10/1526
f 1108/219/626 2681/219/1537 2682/217/1535
f 1084/253/629 2657/253/1540 2658/254/1542
f 1100/255/642 2673/255/1553 2674/252/1622
f 1092/263/645 2665/263/1556 2666/265/1558
f 1068/246/655 2641/246/1566 2642/248/1565
f 1028/166/664 2601/166/1575 2602/164/1577
f 1060/230/671 2633/230/1582 2634/233/1580
f 1036/162/680 2609/162/1591 2610/165/1593
f 1052/215/688 2625/215/1599 2626/216/1597
f 1044/1/695 2617/1/1606 2618/198/1608
f 1180/497/534 2753/497/1444 2754/495/1442
f 1188/499/536 2761/499/1446 2762/503/1448
f 1172/512/547 2745/512/1457 2746/510/1455
f 1164/516/551 2737/516/1461 2738/517/1462
f 1156/530/566 2729/530/1476 2730/529/1475
f 1196/531/721 2769/531/1477 2770/502/913
f 1148/539/722 2721/539/1632 2722/538/1484
f 1236/544/725 2809/544/1634 2810/542/1633
f 1244/555/736 2817/555/1646 2818/557/1648
f 1228/561/742 2801/561/1652 2802/559/1650
f 1252/566/747 2825/566/1657 2826/567/1658
f 1260/574/755 2833/574/1665 2834/575/1666
f 1268/585/766 2841/585/1676 2842/586/1677
f 1276/595/777 2849/595/1687 2850/596/1688
f 1364/612/794 2937/612/1704 2938/610/1702
f 1284/611/793 2857/611/1703 2858/614/1706
f 1356/624/806 2929/624/1716 2930/623/1715
f 1220/640/823 2793/640/1733 2794/636/1729
f 1340/635/818 2913/635/1728 2914/641/1734
f 1204/645/828 2777/645/1738 2778/648/1741
f 1212/666/849 2785/666/1759 2786/663/1756
f 1348/670/853 2921/670/1763 2922/668/1761
f 1292/672/855 2865/672/1765 2866/675/1768
f 1308/680/863 2881/680/1773 2882/676/1769
f 1332/686/869 2905/686/1779 2906/682/1775
f 1316/688/871 2889/688/1781 2890/692/1785
f 1300/709/891 2873/709/1801 2874/706/1798
f 1324/712/894 2897/712/1804 2898/708/1800
f 1412/404/432 2985/404/1342 2986/406/1344
f 1404/410/897 2977/410/1349 2978/409/1347
f 1460/416/445 3033/416/1355 3034/417/1357
f 1452/428/458 3025/428/1368 3026/426/1366
f 1468/434/465 3041/434/1375 3042/438/1379
f 1420/435/466 2993/435/1376 2994/441/1382
f 1396/447/480 2969/447/1808 2970/446/1389
f 1388/466/500 2961/466/1410 2962/464/1408
f 1380/467/501 2953/467/1411 2954/469/1413
f 1428/468/502 3001/468/1412 3002/390/1420
f 1444/477/513 3017/477/1423 3018/475/1421
f 1436/487/524 3009/487/1434 3010/486/1433
f 1484/19/13 3057/19/920 3058/17/918
f 1476/4/23 3049/4/930 3050/28/929
f 1492/26/20 3065/26/927 3066/29/931
f 1564/31/26 3137/31/933 3138/32/934
f 1572/39/34 3145/39/941 3146/5/942
f 1573/5/904 3146/5/942 3049/4/930
f 1556/48/44 3129/48/951 3130/47/950
f 1548/61/57 3121/61/964 3122/60/963
f 1500/59/55 3073/59/962 3074/62/965
f 1524/73/907 3097/73/1817 3098/74/976
f 1540/82/78 3113/82/985 3114/79/982
f 1532/85/81 3105/85/988 3106/87/990
f 1508/93/89 3081/93/996 3082/95/998
f 1516/104/100 3089/104/1007 3090/102/1005
f 5/11/4 1578/11/911 1579/10/913
f 21/19/13 1594/19/920 1595/17/918
f 13/4/23 1586/4/930 1587/28/929
f 29/26/20 1602/26/927 1603/29/931
f 101/31/26 1674/31/933 1675/32/934
f 109/39/34 1682/39/941 1683/5/942
f 110/5/35 1683/5/942 1586/4/930
f 93/48/44 1666/48/951 1667/47/950
f 85/61/57 1658/61/964 1659/60/963
f 37/59/55 1610/59/962 1611/62/965
f 61/73/69 1634/73/977 1635/74/976
f 77/82/78 1650/82/985 1651/79/982
f 69/85/81 1642/85/988 1643/87/990
f 45/93/89 1618/93/996 1619/95/998
f 53/104/100 1626/104/1007 1627/102/1005
f 117/117/115 1690/117/1022 1691/112/1016
f 149/121/117 1722/121/1024 1723/120/1023
f 141/128/129 1714/128/1036 1715/11/1032
f 157/9/131 1730/9/1038 1731/130/1039
f 165/139/142 1738/139/1049 1739/111/1051
f 173/147/154 1746/147/1061 1747/148/1062
f 133/109/156 1706/109/1063 1707/145/1058
f 125/151/2 1698/151/910 1699/156/1072
f 189/3/167 1762/3/1075 1763/159/1074
f 181/170/179 1754/170/1086 1755/169/1085
f 293/177/187 1866/177/1094 1867/178/1095
f 197/183/194 1770/183/1101 1771/186/1104
f 285/190/202 1858/190/1109 1859/189/1108
f 277/6/212 1850/6/1119 1851/197/1117
f 269/210/224 1842/210/1131 1843/209/1130
f 205/208/222 1778/208/1129 1779/211/1132
f 213/221/237 1786/221/1144 1787/223/1146
f 237/225/241 1810/225/1149 1811/226/1148
f 261/231/247 1834/231/1154 1835/227/1150
f 221/240/257 1794/240/1164 1795/11/1167
f 229/245/263 1802/245/1170 1803/243/1168
f 245/259/279 1818/259/1186 1819/260/1187
f 253/261/281 1826/261/1188 1827/258/1185
f 309/273/293 1882/273/1200 1883/271/1198
f 317/281/301 1890/281/1208 1891/284/1211
f 301/285/305 1874/285/1212 1875/283/1210
f 429/291/312 2002/291/1219 2003/292/1220
f 421/302/324 1994/302/1231 1995/299/1228
f 413/310/332 1986/310/1239 1987/309/1238
f 405/320/342 1978/320/1249 1979/319/1248
f 325/317/339 1898/317/1246 1899/323/1252
f 397/330/352 1970/330/1259 1971/329/1258
f 389/344/366 1962/344/1273 1963/342/1271
f 333/343/365 1906/343/1272 1907/346/1275
f 357/359/381 1930/359/1288 1931/357/1286
f 341/365/387 1914/365/1294 1915/367/1296
f 349/378/400 1922/378/1307 1923/376/1305
f 381/380/402 1954/380/1309 1955/368/1297
f 365/388/410 1938/388/1317 1939/389/1318
f 373/398/420 1946/398/1327 1947/395/1324
f 445/269/289 2018/269/1197 2019/270/1196
f 437/282/302 2010/282/1209 2011/280/1207
f 565/293/314 2138/293/1221 2139/294/1222
f 453/286/307 2026/286/1214 2027/295/1224
f 557/296/318 2130/296/1225 2131/297/1226
f 549/307/329 2122/307/1236 2123/306/1235
f 541/318/340 2114/318/1247 2115/316/1329
f 533/328/350 2106/328/1257 2107/326/1255
f 461/327/349 2034/327/1256 2035/331/1260
f 525/340/362 2098/340/1269 2099/339/1268
f 469/348/370 2042/348/1277 2043/350/1279
f 493/353/375 2066/353/1283 2067/354/1282
f 517/361/383 2090/361/1290 2091/355/1284
f 477/370/392 2050/370/1299 2051/371/1300
f 485/374/396 2058/374/1303 2059/372/1301
f 509/392/414 2082/392/1321 2083/390/1319
f 501/391/413 2074/391/1320 2075/393/1322
f 605/402/430 2178/402/1339 2179/400/1338
f 653/415/444 2226/415/1354 2227/414/1353
f 597/420/450 2170/420/1360 2171/412/1351
f 613/422/452 2186/422/1362 2187/430/1370
f 661/429/459 2234/429/1369 2235/432/1373
f 645/433/464 2218/433/1374 2219/431/1372
f 589/450/483 2162/450/1393 2163/449/1392
f 621/453/486 2194/453/1396 2195/460/1404
f 573/463/497 2146/463/1407 2147/465/1409
f 581/471/506 2154/471/1416 2155/286/1414
f 637/479/516 2210/479/1426 2211/334/1424
f 629/488/525 2202/488/1435 2203/489/1436
f 709/494/531 2282/494/1441 2283/496/1443
f 701/500/537 2274/500/1447 2275/498/1445
f 685/514/549 2258/514/1459 2259/515/1460
f 693/522/557 2266/522/1467 2267/115/1468
f 717/523/559 2290/523/1469 2291/526/1472
f 677/533/569 2250/533/1479 2251/532/1478
f 669/541/5 2242/541/912 2243/540/1486
f 749/121/117 2322/121/1024 2323/120/1023
f 741/128/129 2314/128/1036 2315/11/1032
f 757/9/131 2330/9/1038 2331/130/1039
f 765/139/142 2338/139/1049 2339/111/1051
f 773/147/154 2346/147/1061 2347/148/1062
f 733/109/156 2306/109/1063 2307/145/1058
f 725/151/2 2298/151/910 2299/156/1072
f 885/190/584 2458/190/1495 2459/189/1493
f 893/177/587 2466/177/1498 2467/178/1500
f 877/6/600 2450/6/1511 2451/197/1509
f 829/245/607 2402/245/1518 2403/243/1520
f 869/210/616 2442/210/1527 2443/209/1525
f 837/225/623 2410/225/1534 2411/226/1536
f 861/231/632 2434/231/1543 2435/227/1541
f 845/259/639 2418/259/1550 2419/260/1552
f 853/261/648 2426/261/1559 2427/258/1557
f 781/170/658 2354/170/1569 2355/169/1571
f 821/240/661 2394/240/1572 2395/11/1570
f 789/3/674 2362/3/1585 2363/159/1587
f 813/221/678 2386/221/1589 2387/223/1586
f 797/183/689 2370/183/1600 2371/186/1602
f 805/208/694 2378/208/1605 2379/211/1603
f 1013/175/583 2586/175/1494 2587/176/1496
f 1005/192/588 2578/192/1499 2579/191/1497
f 997/201/604 2570/201/1515 2571/199/1513
f 949/249/603 2522/249/1514 2523/247/1516
f 989/214/620 2562/214/1531 2563/212/1529
f 957/232/619 2530/232/1530 2531/229/1532
f 981/242/636 2554/242/1547 2555/237/1545
f 965/257/635 2538/257/1546 2539/7/1548
f 973/267/651 2546/267/1562 2547/264/1561
f 901/173/652 2474/173/1563 2475/172/1567
f 941/236/665 2514/236/1576 2515/238/1574
f 909/161/670 2482/161/1581 2483/160/1583
f 933/12/681 2506/12/1592 2507/220/1615
f 917/171/685 2490/171/1596 2491/174/1598
f 925/203/698 2498/203/1609 2499/206/1607
f 1133/184/578 2706/184/1489 2707/185/1492
f 1125/194/592 2698/194/1503 2699/193/1501
f 1141/181/595 2714/181/1506 2715/182/1508
f 1117/204/608 2690/204/1519 2691/202/1517
f 1077/10/615 2650/10/1526 2651/234/1528
f 1109/217/624 2682/217/1535 2683/8/1533
f 1085/254/631 2658/254/1542 2659/256/1544
f 1101/252/710 2674/252/1622 2675/250/1549
f 1093/265/647 2666/265/1558 2667/266/1560
f 1029/164/666 2602/164/1577 2603/163/1613
f 1061/233/669 2634/233/1580 2635/235/1612
f 1037/165/682 2610/165/1593 2611/168/1594
f 1053/216/686 2626/216/1597 2627/218/1616
f 1045/198/697 2618/198/1608 2619/200/1610
f 1181/495/532 2754/495/1442 2755/493/1440
f 1197/502/6 2770/502/913 2771/5/911
f 1189/503/538 2762/503/1448 2763/506/1451
f 1173/510/545 2746/510/1455 2747/509/1454
f 1165/517/552 2738/517/1462 2739/518/1463
f 1157/529/565 2730/529/1475 2731/527/1473
f 1149/538/574 2722/538/1484 2723/534/1480
f 1237/542/723 2810/542/1633 2811/545/1636
f 1245/557/738 2818/557/1648 2819/558/1649
f 1229/559/740 2802/559/1650 2803/556/1647
f 1253/567/748 2826/567/1658 2827/568/1659
f 1261/575/756 2834/575/1666 2835/577/1668
f 1269/586/767 2842/586/1677 2843/587/1678
f 1277/596/778 2850/596/1688 2851/597/1689
f 1365/610/792 2938/610/1702 2939/608/1700
f 1285/614/796 2858/614/1706 2859/617/1709
f 1357/623/805 2930/623/1715 2931/621/1713
f 1221/636/819 2794/636/1729 2795/632/1725
f 1341/641/824 2914/641/1734 2915/644/1737
f 1205/648/831 2778/648/1741 2779/651/1744
f 1213/663/846 2786/663/1756 2787/661/1754
f 1349/668/851 2922/668/1761 2923/659/1752
f 1309/676/859 2882/676/1769 2883/673/1766
f 1293/675/858 2866/675/1768 2867/679/1772
f 1333/682/865 2906/682/1775 2907/678/1771
f 1317/692/875 2890/692/1785 2891/695/1788
f 1301/706/888 2874/706/1798 2875/701/1794
f 1325/708/890 2898/708/1800 2899/705/1797
f 1413/406/434 2986/406/1344 2987/408/1346
f 1405/409/437 2978/409/1347 2979/407/1345
f 1461/417/447 3034/417/1357 3035/419/1359
f 1453/426/456 3026/426/1366 3027/424/1364
f 1469/438/469 3042/438/1379 3043/440/1381
f 1421/441/472 2994/441/1382 2995/115/1386
f 1397/446/479 2970/446/1389 2971/444/1387
f 1373/4/490 2946/4/1399 2947/455/1398
f 1446/456/489 3019/456/1400 2946/4/1399
f 1389/464/901 2962/464/1408 2963/461/1405
f 1381/469/503 2954/469/1413 2955/470/1415
f 1445/475/511 3018/475/1421 3019/456/1400
f 1429/390/510 3002/390/1420 3003/476/1422
f 1437/486/523 3010/486/1433 3011/485/1432
f 1485/17/11 3058/17/918 3059/16/917
f 1477/28/22 3050/28/929 3051/27/928
f 1565/32/27 3138/32/934 3139/33/935
f 1493/29/24 3066/29/931 3067/40/943
f 1557/47/43 3130/47/950 3131/45/948
f 1549/60/56 3122/60/963 3123/58/961
f 1501/62/58 3074/62/965 3075/64/967
f 1525/74/70 3098/74/976 3099/72/975
f 1541/79/75 3114/79/982 3115/75/978
f 1533/87/83 3106/87/990 3107/88/991
f 1509/95/91 3082/95/998 3083/99/1002
f 1517/102/98 3090/102/1005 3091/101/1004
f 6/10/6 1579/10/913 1580/7/910
f 22/17/11 1595/17/918 1596/16/917
f 14/28/22 1587/28/929 1588/27/928
f 102/32/27 1675/32/934 1676/33/935
f 30/29/24 1603/29/931 1604/40/943
f 94/47/43 1667/47/950 1668/45/948
f 86/60/56 1659/60/963 1660/58/961
f 38/62/58 1611/62/965 1612/64/967
f 62/74/70 1635/74/976 1636/72/975
f 78/79/75 1651/79/982 1652/75/978
f 70/87/83 1643/87/990 1644/88/991
f 46/95/91 1619/95/998 1620/99/1002
f 54/102/98 1627/102/1005 1628/101/1004
f 142/11/125 1715/11/1032 1716/125/1030
f 158/130/132 1731/130/1039 1732/132/1041
f 166/111/144 1739/111/1051 1740/6/1053
f 134/145/151 1707/145/1058 1708/142/1055
f 174/148/155 1747/148/1062 1748/149/1064
f 126/156/165 1699/156/1072 1700/3/1071
f 190/159/168 1763/159/1074 1764/158/1073
f 182/169/178 1755/169/1085 1756/167/1083
f 294/178/188 1867/178/1095 1868/179/1096
f 198/186/197 1771/186/1104 1772/188/1107
f 286/189/201 1859/189/1108 1860/187/1105
f 278/197/210 1851/197/1117 1852/196/1116
f 270/209/223 1843/209/1130 1844/207/1128
f 206/211/225 1779/211/1132 1780/213/1134
f 238/226/242 1811/226/1148 1812/224/1147
f 262/227/243 1835/227/1150 1836/222/1145
f 214/223/239 1787/223/1146 1788/228/1151
f 230/243/261 1803/243/1168 1804/241/1165
f 222/11/260 1795/11/1167 1796/244/1169
f 254/258/278 1827/258/1185 1828/9/1182
f 246/260/280 1819/260/1187 1820/262/1189
f 310/271/291 1883/271/1198 1884/269/1197
f 302/283/303 1875/283/1210 1876/282/1209
f 318/284/304 1891/284/1211 1892/286/1214
f 430/292/313 2003/292/1220 2004/293/1221
f 422/299/321 1995/299/1228 1996/296/1225
f 414/309/331 1987/309/1238 1988/307/1236
f 406/319/341 1979/319/1248 1980/318/1247
f 326/323/345 1899/323/1252 1900/327/1256
f 398/329/351 1971/329/1258 1972/328/1257
f 390/342/364 1963/342/1271 1964/340/1269
f 334/346/368 1907/346/1275 1908/348/1277
f 358/357/379 1931/357/1286 1932/353/1283
f 382/368/390 1955/368/1297 1956/361/1290
f 342/367/389 1915/367/1296 1916/370/1299
f 350/376/398 1923/376/1305 1924/374/1303
f 366/389/411 1939/389/1318 1940/391/1320
f 374/395/417 1947/395/1324 1948/392/1321
f 446/270/290 2019/270/1196 2020/268/1195
f 438/280/300 2011/280/1207 2012/279/1206
f 566/294/315 2139/294/1222 2140/5/1223
f 558/297/319 2131/297/1226 2132/287/1215
f 454/295/317 2027/295/1224 2028/298/1227
f 550/306/328 2123/306/1235 2124/305/1234
f 542/316/423 2115/316/1329 2116/315/1244
f 534/326/348 2107/326/1255 2108/325/1254
f 462/331/353 2035/331/1260 2036/333/1262
f 526/339/361 2099/339/1268 2100/337/1266
f 494/354/376 2067/354/1282 2068/352/1281
f 518/355/377 2091/355/1284 2092/351/1280
f 470/350/372 2043/350/1279 2044/356/1285
f 486/372/394 2059/372/1301 2060/369/1298
f 478/371/393 2051/371/1300 2052/373/1302
f 510/390/412 2083/390/1319 2084/387/1316
f 502/393/415 2075/393/1322 2076/394/1323
f 606/400/428 2179/400/1338 2180/404/1342
f 598/412/441 2171/412/1351 2172/410/1349
f 654/414/443 2227/414/1353 2228/416/1355
f 646/431/462 2219/431/1372 2220/428/1368
f 662/432/463 2235/432/1373 2236/434/1375
f 614/430/460 2187/430/1370 2188/435/1376
f 590/449/482 2163/449/1392 2164/447/1390
f 574/465/499 2147/465/1409 2148/467/1411
f 622/460/494 2195/460/1404 2196/468/1412
f 582/286/504 2155/286/1414 2156/466/1410
f 638/334/514 2211/334/1424 2212/477/1423
f 630/489/526 2203/489/1436 2204/487/1434
f 702/498/535 2275/498/1445 2276/497/1444
f 710/496/533 2283/496/1443 2284/499/1446
f 686/515/550 2259/515/1460 2260/516/1461
f 694/115/558 2267/115/1468 2268/512/1457
f 718/526/562 2291/526/1472 2292/531/1477
f 678/532/568 2251/532/1478 2252/530/1476
f 670/540/576 2243/540/1486 2244/539/1485
f 742/11/125 2315/11/1032 2316/125/1030
f 758/130/132 2331/130/1039 2332/132/1041
f 766/111/144 2339/111/1051 2340/6/1053
f 734/145/151 2307/145/1058 2308/142/1487
f 774/148/155 2347/148/1062 2348/149/1064
f 726/156/165 2299/156/1072 2300/3/1071
f 886/189/582 2459/189/1493 2460/187/1491
f 894/178/589 2467/178/1500 2468/179/1502
f 878/197/598 2451/197/1509 2452/196/1507
f 830/243/609 2403/243/1520 2404/241/1522
f 870/209/614 2443/209/1525 2444/207/1523
f 838/226/625 2411/226/1536 2412/224/1538
f 862/227/630 2435/227/1541 2436/222/1539
f 846/260/641 2419/260/1552 2420/262/1554
f 854/258/646 2427/258/1557 2428/9/1555
f 822/11/659 2395/11/1570 2396/244/1568
f 782/169/660 2355/169/1571 2356/167/1573
f 814/223/675 2387/223/1586 2388/228/1584
f 790/159/676 2363/159/1587 2364/158/1588
f 806/211/692 2379/211/1603 2380/213/1601
f 798/186/691 2371/186/1602 2372/188/1604
f 1006/191/586 2579/191/1497 2580/190/1495
f 1014/176/585 2587/176/1496 2588/177/1498
f 998/199/602 2571/199/1513 2572/6/1511
f 950/247/605 2523/247/1516 2524/245/1518
f 990/212/618 2563/212/1529 2564/210/1527
f 958/229/621 2531/229/1532 2532/225/1534
f 982/237/634 2555/237/1545 2556/231/1543
f 966/7/637 2539/7/1548 2540/259/1550
f 974/264/650 2547/264/1561 2548/261/1559
f 902/172/656 2475/172/1567 2476/170/1569
f 942/238/663 2515/238/1574 2516/240/1572
f 910/160/672 2483/160/1583 2484/3/1585
f 934/220/704 2507/220/1615 2508/221/1589
f 918/174/687 2491/174/1598 2492/183/1600
f 926/206/696 2499/206/1607 2500/208/1605
f 1134/185/581 2707/185/1492 2708/175/1494
f 1126/193/590 2699/193/1501 2700/192/1499
f 1142/182/597 2715/182/1508 2716/5/1510
f 1143/5/599 2716/5/1510 2643/251/1512
f 1070/251/601 2643/251/1512 2644/249/1514
f 1118/202/606 2691/202/1517 2692/201/1515
f 1078/234/617 2651/234/1528 2652/232/1530
f 1110/8/622 2683/8/1533 2684/214/1531
f 1086/256/633 2659/256/1544 2660/257/1546
f 1102/250/638 2675/250/1549 2676/242/1547
f 1094/266/649 2667/266/1560 2668/267/1562
f 1022/4/654 2595/4/1564 2596/173/1563
f 1069/248/653 2642/248/1565 2595/4/1564
f 1062/235/702 2635/235/1612 2636/236/1576
f 1030/163/668 2603/163/1613 2604/161/1581
f 1054/218/705 2627/218/1616 2628/12/1592
f 1038/168/683 2611/168/1594 2612/171/1596
f 1046/200/699 2619/200/1610 2620/203/1609
f 1182/493/530 2755/493/1440 2756/491/1439
f 1190/506/541 2763/506/1451 2764/508/1453
f 1174/509/544 2747/509/1454 2748/507/1452
f 1166/518/553 2739/518/1463 2740/519/1464
f 1158/527/563 2731/527/1473 2732/528/1474
f 1150/534/570 2723/534/1480 2724/535/1481
f 1238/545/726 2811/545/1636 2812/547/1638
f 1230/556/737 2803/556/1647 2804/554/1645
f 1246/558/739 2819/558/1649 2820/560/1651
f 1254/568/749 2827/568/1659 2828/569/1660
f 1262/577/758 2835/577/1668 2836/579/1670
f 1270/587/768 2843/587/1678 2844/589/1680
f 1278/597/779 2851/597/1689 2852/598/1690
f 1366/608/790 2939/608/1700 2940/607/1699
f 1286/617/799 2859/617/1709 2860/619/1711
f 1358/621/803 2931/621/1713 2932/620/1712
f 1222/632/815 2795/632/1725 2796/591/1682
f 1342/644/827 2915/644/1737 2916/649/1742
f 1206/651/834 2779/651/1744 2780/655/1748
f 1350/659/842 2923/659/1752 2924/652/1745
f 1214/661/844 2787/661/1754 2788/656/1749
f 1310/673/856 2883/673/1766 2884/671/1764
f 1334/678/861 2907/678/1771 2908/631/1724
f 1294/679/862 2867/679/1772 2868/685/1778
f 1318/695/878 2891/695/1788 2892/699/1792
f 1302/701/884 2875/701/1794 2876/698/1791
f 1326/705/887 2899/705/1797 2900/702/1795
f 1406/407/435 2979/407/1345 2980/405/1807
f 1414/408/436 2987/408/1346 2988/359/1348
f 1462/419/449 3035/419/1359 3036/423/1363
f 1454/424/454 3027/424/1364 3028/421/1361
f 1470/440/471 3043/440/1381 3044/5/1385
f 1398/444/899 2971/444/1387 2972/443/1384
f 1422/115/476 2995/115/1386 2996/445/1388
f 1374/455/488 2947/455/1398 2948/458/1402
f 1390/461/495 2963/461/1405 2964/457/1401
f 1382/470/505 2955/470/1415 2956/472/1417
f 1430/476/512 3003/476/1422 3004/478/1812
f 1438/485/522 3011/485/1432 3012/483/1430
f 1486/16/10 3059/16/917 3060/14/916
f 1478/27/21 3051/27/928 3052/25/926
f 1566/33/28 3139/33/935 3140/34/936
f 1558/45/41 3131/45/948 3132/44/947
f 1494/40/36 3067/40/943 3068/46/949
f 1550/58/54 3123/58/961 3124/56/1816
f 1502/64/60 3075/64/967 3076/66/969
f 1542/75/71 3115/75/978 3116/71/974
f 1526/72/68 3099/72/975 3100/76/979
f 1534/88/84 3107/88/991 3108/90/993
f 1518/101/97 3091/101/1004 3092/100/1003
f 1510/99/95 3083/99/1002 3084/103/1006
f 7/7/2 1580/7/910 1581/9/912
f 23/16/10 1596/16/917 1597/14/916
f 15/27/21 1588/27/928 1589/25/926
f 103/33/28 1676/33/935 1677/34/936
f 95/45/41 1668/45/948 1669/44/947
f 31/40/36 1604/40/943 1605/46/949
f 87/58/54 1660/58/961 1661/56/959
f 39/64/60 1612/64/967 1613/66/969
f 79/75/71 1652/75/978 1653/71/974
f 63/72/68 1636/72/975 1637/76/979
f 71/88/84 1644/88/991 1645/90/993
f 55/101/97 1628/101/1004 1629/100/1003
f 47/99/95 1620/99/1002 1621/103/1006
f 111/4/106 1684/4/1014 1685/110/1013
f 118/112/109 1691/112/1016 1684/4/1014
f 121/5/110 1694/5/1017 1692/111/1015
f 119/111/108 1692/111/1015 1693/113/1018
f 143/125/123 1716/125/1030 1717/114/1029
f 151/119/2 1724/119/910 1725/7/1031
f 177/5/6 1750/5/913 1724/119/910
f 159/132/134 1732/132/1041 1733/133/1042
f 167/6/146 1740/6/1053 1741/141/1054
f 135/142/148 1708/142/1055 1709/140/1052
f 175/149/157 1748/149/1064 1749/150/1065
f 127/3/164 1700/3/1071 1701/155/1070
f 191/158/166 1764/158/1073 1765/162/1078
f 183/167/176 1756/167/1083 1757/166/1082
f 295/179/189 1868/179/1096 1869/180/1097
f 287/187/198 1860/187/1105 1861/2/1106
f 199/188/200 1772/188/1107 1773/1/1114
f 279/196/209 1852/196/1116 1853/195/1115
f 271/207/221 1844/207/1128 1845/205/1126
f 207/213/227 1780/213/1134 1781/215/1136
f 263/222/238 1836/222/1145 1837/219/1142
f 215/228/244 1788/228/1151 1789/230/1153
f 231/241/258 1804/241/1165 1805/239/1163
f 223/244/262 1796/244/1169 1797/246/1171
f 239/224/240 1812/224/1147 1813/253/1178
f 255/9/275 1828/9/1182 1829/255/1180
f 247/262/282 1820/262/1189 1821/263/1190
f 311/269/289 1884/269/1197 1885/270/1196
f 303/282/302 1876/282/1209 1877/280/1207
f 431/293/314 2004/293/1221 2005/294/1222
f 319/286/307 1892/286/1214 1893/295/1224
f 423/296/318 1996/296/1225 1997/297/1226
f 415/307/329 1988/307/1236 1989/306/1235
f 407/318/340 1980/318/1247 1981/316/1245
f 399/328/350 1972/328/1257 1973/326/1255
f 327/327/349 1900/327/1256 1901/331/1260
f 391/340/362 1964/340/1269 1965/339/1268
f 335/348/370 1908/348/1277 1909/350/1279
f 359/353/375 1932/353/1283 1933/354/1282
f 383/361/383 1956/361/1290 1957/355/1284
f 343/370/392 1916/370/1299 1917/371/1300
f 351/374/396 1924/374/1303 1925/372/1301
f 375/392/414 1948/392/1321 1949/390/1319
f 367/391/413 1940/391/1320 1941/393/1322
f 447/268/288 2020/268/1195 2021/272/1199
f 439/279/299 2012/279/1206 2013/277/1204
f 559/287/308 2132/287/1215 2133/288/1216
f 455/298/320 2028/298/1227 2029/300/1229
f 551/305/327 2124/305/1234 2125/304/1233
f 543/315/337 2116/315/1244 2117/314/1243
f 535/325/347 2108/325/1254 2109/324/1253
f 463/333/355 2036/333/1262 2037/336/1332
f 527/337/359 2100/337/1266 2101/335/1264
f 519/351/373 2092/351/1280 2093/349/1278
f 471/356/378 2044/356/1285 2045/358/1287
f 487/369/391 2060/369/1298 2061/366/1295
f 479/373/395 2052/373/1302 2053/375/1304
f 495/352/374 2068/352/1281 2069/383/1312
f 511/387/409 2084/387/1316 2085/384/1337
f 503/394/416 2076/394/1323 2077/396/1325
f 607/404/432 2180/404/1342 2181/406/1344
f 599/410/439 2172/410/1349 2173/409/1347
f 655/416/445 2228/416/1355 2229/417/1357
f 647/428/458 2220/428/1368 2221/426/1366
f 663/434/465 2236/434/1375 2237/438/1379
f 615/435/466 2188/435/1376 2189/441/1382
f 591/447/480 2164/447/1390 2165/446/1389
f 583/466/500 2156/466/1410 2157/464/1408
f 575/467/501 2148/467/1411 2149/469/1413
f 623/468/502 2196/468/1412 2197/390/1420
f 639/477/513 2212/477/1423 2213/475/1421
f 631/487/524 2204/487/1434 2205/486/1433
f 703/497/534 2276/497/1444 2277/495/1442
f 711/499/536 2284/499/1446 2285/503/1448
f 695/512/547 2268/512/1457 2269/510/1455
f 687/516/551 2260/516/1461 2261/517/1462
f 679/530/566 2252/530/1476 2253/529/1475
f 719/531/567 2292/531/1477 2293/502/913
f 671/539/575 2244/539/1485 2245/538/1484
f 743/125/123 2316/125/1030 2317/114/1029
f 751/119/2 2324/119/910 2325/7/1031
f 777/5/6 2350/5/913 2324/119/910
f 759/132/134 2332/132/1041 2333/133/1042
f 767/6/146 2340/6/1053 2341/141/1054
f 735/142/148 2308/142/1487 2309/140/1052
f 775/149/157 2348/149/1064 2349/150/1065
f 727/3/164 2300/3/1071 2301/155/1070
f 887/187/579 2460/187/1491 2461/2/1490
f 895/179/591 2468/179/1502 2469/180/1504
f 879/196/596 2452/196/1507 2453/195/1505
f 871/207/612 2444/207/1523 2445/205/1521
f 831/241/611 2404/241/1522 2405/239/1524
f 863/222/628 2436/222/1539 2437/219/1537
f 839/224/627 2412/224/1538 2413/253/1540
f 855/9/644 2428/9/1555 2429/255/1553
f 847/262/643 2420/262/1554 2421/263/1556
f 823/244/657 2396/244/1568 2397/246/1566
f 783/167/662 2356/167/1573 2357/166/1575
f 815/228/673 2388/228/1584 2389/230/1582
f 791/158/677 2364/158/1588 2365/162/1591
f 807/213/690 2380/213/1601 2381/215/1599
f 799/188/693 2372/188/1604 2373/1/1606
f 1007/190/584 2580/190/1495 2581/189/1493
f 1015/177/587 2588/177/1498 2589/178/1500
f 999/6/600 2572/6/1511 2573/197/1509
f 951/245/607 2524/245/1518 2525/243/1520
f 991/210/616 2564/210/1527 2565/209/1525
f 959/225/623 2532/225/1534 2533/226/1536
f 983/231/632 2556/231/1543 2557/227/1541
f 967/259/639 2540/259/1550 2541/260/1552
f 975/261/701 2548/261/1559 2549/258/1557
f 903/170/658 2476/170/1569 2477/169/1571
f 943/240/661 2516/240/1572 2517/11/1570
f 911/3/674 2484/3/1585 2485/159/1587
f 935/221/678 2508/221/1589 2509/223/1586
f 919/183/689 2492/183/1600 2493/186/1602
f 927/208/694 2500/208/1605 2501/211/1603
f 1135/175/583 2708/175/1494 2709/176/1496
f 1127/192/588 2700/192/1499 2701/191/1497
f 1119/201/604 2692/201/1515 2693/199/1513
f 1071/249/603 2644/249/1514 2645/247/1516
f 1111/214/620 2684/214/1531 2685/212/1529
f 1079/232/619 2652/232/1530 2653/229/1532
f 1103/242/636 2676/242/1547 2677/237/1545
f 1087/257/635 2660/257/1546 2661/7/1548
f 1095/267/651 2668/267/1562 2669/264/1561
f 1023/173/652 2596/173/1563 2597/172/1567
f 1063/236/665 2636/236/1576 2637/238/1625
f 1031/161/670 2604/161/1581 2605/160/1583
f 1055/12/681 2628/12/1592 2629/220/1590
f 1039/171/685 2612/171/1596 2613/174/1598
f 1047/203/698 2620/203/1609 2621/206/1607
f 1183/491/528 2756/491/1439 2757/492/1438
f 1175/507/542 2748/507/1452 2749/505/1629
f 1191/508/543 2764/508/1453 2765/511/1456
f 1167/519/554 2740/519/1464 2741/520/1631
f 1159/528/564 2732/528/1474 2733/524/1470
f 1151/535/571 2724/535/1481 2725/536/1482
f 1239/547/728 2812/547/1638 2813/548/1639
f 1231/554/735 2804/554/1645 2805/551/1642
f 1247/560/741 2820/560/1651 2821/562/1653
f 1255/569/750 2828/569/1660 2829/570/1661
f 1263/579/760 2836/579/1670 2837/580/1671
f 1271/589/770 2844/589/1680 2845/590/1681
f 1223/591/772 2796/591/1682 2797/588/1679
f 1279/598/780 2852/598/1690 2853/602/1694
f 1367/607/789 2940/607/1699 2941/605/1697
f 1359/620/802 2932/620/1712 2933/618/1710
f 1287/619/801 2860/619/1711 2861/622/1714
f 1199/4/814 2772/4/1723 2773/630/1722
f 1335/631/813 2908/631/1724 2772/4/1723
f 1351/652/835 2924/652/1745 2925/646/1739
f 1343/649/832 2916/649/1742 2917/654/1747
f 1215/656/839 2788/656/1749 2789/653/1746
f 1207/655/838 2780/655/1748 2781/658/1751
f 1311/671/854 2884/671/1764 2885/674/1767
f 1295/685/868 2868/685/1778 2869/690/1783
f 1303/698/881 2876/698/1791 2877/694/1787
f 1327/702/885 2900/702/1795 2901/700/1793
f 1319/699/882 2892/699/1792 2893/703/1796
f 1407/405/896 2980/405/1807 2981/403/1341
f 1415/359/438 2988/359/1348 2989/411/1350
f 1455/421/451 3028/421/1361 3029/418/1358
f 1463/423/453 3036/423/1363 3037/425/1365
f 1447/442/473 3020/442/1383 3021/439/1380
f 1399/443/474 2972/443/1384 2973/436/1377
f 1471/5/475 3044/5/1385 3020/442/1383
f 1423/445/478 2996/445/1388 2997/448/1391
f 1391/457/491 2964/457/1401 2965/454/1397
f 1375/458/492 2948/458/1402 2949/459/1403
f 1383/472/507 2956/472/1417 2957/473/1418
f 1431/478/515 3004/478/1812 3005/481/1428
f 1439/483/520 3012/483/1430 3013/482/1429
f 1487/14/8 3060/14/916 3061/15/915
f 1479/25/19 3052/25/926 3053/24/925
f 1567/34/29 3140/34/936 3141/35/937
f 1559/44/40 3132/44/947 3133/43/946
f 1495/46/42 3068/46/949 3069/49/952
f 1551/56/52 3124/56/1816 3125/55/958
f 1503/66/62 3076/66/969 3077/68/971
f 1543/71/67 3116/71/974 3117/69/972
f 1527/76/72 3100/76/979 3101/78/981
f 1535/90/86 3108/90/993 3109/91/994
f 1519/100/96 3092/100/1003 3093/98/1001
f 1511/103/99 3084/103/1006 3085/107/1010
f 8/9/5 1581/9/912 1582/8/911
f 24/14/8 1597/14/916 1598/15/915
f 16/25/19 1589/25/926 1590/24/925
f 104/34/29 1677/34/936 1678/35/937
f 96/44/40 1669/44/947 1670/43/946
f 32/46/42 1605/46/949 1606/49/952
f 88/56/52 1661/56/959 1662/55/958
f 40/66/62 1613/66/969 1614/68/971
f 80/71/67 1653/71/974 1654/69/972
f 64/76/72 1637/76/979 1638/78/981
f 72/90/86 1645/90/993 1646/91/994
f 56/100/96 1629/100/1003 1630/98/1001
f 48/103/99 1621/103/1006 1622/107/1010
f 112/110/107 1685/110/1013 1686/109/1012
f 120/113/111 1693/113/1018 1694/5/1017
f 144/114/122 1717/114/1029 1718/124/1028
f 152/7/124 1725/7/1031 1726/126/1033
f 160/133/135 1733/133/1042 1734/134/1043
f 136/140/145 1709/140/1052 1710/12/1050
f 168/141/147 1741/141/1054 1742/143/1056
f 176/150/158 1749/150/1065 1750/5/913
f 128/155/163 1701/155/1070 1702/154/1069
f 192/162/171 1765/162/1078 1766/165/1081
f 184/166/175 1757/166/1082 1758/164/1080
f 296/180/190 1869/180/1097 1870/181/1098
f 288/2/199 1861/2/1106 1862/184/1102
f 280/195/208 1853/195/1115 1854/194/1113
f 200/1/207 1773/1/1114 1774/198/1118
f 272/205/219 1845/205/1126 1846/204/1125
f 208/215/229 1781/215/1136 1782/216/1138
f 264/219/235 1837/219/1142 1838/217/1139
f 216/230/246 1789/230/1153 1790/233/1156
f 232/239/256 1805/239/1163 1806/10/1161
f 224/246/264 1797/246/1171 1798/248/1173
f 240/253/271 1813/253/1178 1814/254/1179
f 256/255/273 1829/255/1180 1830/252/1177
f 248/263/283 1821/263/1190 1822/265/1192
f 312/270/290 1885/270/1196 1886/268/1195
f 304/280/300 1877/280/1207 1878/279/1206
f 432/294/315 2005/294/1222 2006/5/1223
f 424/297/319 1997/297/1226 1998/287/1215
f 320/295/317 1893/295/1224 1894/298/1227
f 416/306/328 1989/306/1235 1990/305/1234
f 408/316/338 1981/316/1245 1982/315/1244
f 400/326/348 1973/326/1255 1974/325/1254
f 328/331/353 1901/331/1260 1902/333/1262
f 392/339/361 1965/339/1268 1966/337/1266
f 360/354/376 1933/354/1282 1934/352/1281
f 384/355/377 1957/355/1284 1958/351/1280
f 336/350/372 1909/350/1279 1910/356/1285
f 352/372/394 1925/372/1301 1926/369/1298
f 344/371/393 1917/371/1300 1918/373/1302
f 376/390/412 1949/390/1319 1950/387/1316
f 368/393/415 1941/393/1322 1942/394/1323
f 448/272/292 2021/272/1199 2022/275/1202
f 440/277/297 2013/277/1204 2014/276/1203
f 560/288/309 2133/288/1216 2134/289/1217
f 552/304/326 2125/304/1233 2126/303/1232
f 456/300/322 2029/300/1229 2030/308/1237
f 544/314/336 2117/314/1243 2118/312/1241
f 536/324/346 2109/324/1253 2110/322/1251
f 528/335/357 2101/335/1264 2102/334/1263
f 464/336/426 2037/336/1332 2038/338/1267
f 520/349/371 2093/349/1278 2094/347/1276
f 472/358/380 2045/358/1287 2046/360/1289
f 488/366/388 2061/366/1295 2062/364/1293
f 480/375/397 2053/375/1304 2054/377/1306
f 512/384/406 2085/384/1337 2086/382/1336
f 496/383/405 2069/383/1312 2070/385/1314
f 504/396/418 2077/396/1325 2078/397/1326
f 608/406/434 2181/406/1344 2182/408/1346
f 600/409/437 2173/409/1347 2174/407/1345
f 656/417/447 2229/417/1357 2230/419/1359
f 648/426/456 2221/426/1366 2222/424/1364
f 664/438/469 2237/438/1379 2238/440/1381
f 616/441/472 2189/441/1382 2190/115/1386
f 592/446/479 2165/446/1389 2166/444/1387
f 568/4/490 2141/4/1399 2142/455/1398
f 641/456/489 2214/456/1400 2141/4/1399
f 584/464/498 2157/464/1408 2158/461/1405
f 576/469/503 2149/469/1413 2150/470/1415
f 640/475/511 2213/475/1421 2214/456/1400
f 624/390/510 2197/390/1420 2198/476/1422
f 632/486/523 2205/486/1433 2206/485/1432
f 704/495/532 2277/495/1442 2278/493/1440
f 720/502/6 2293/502/913 2294/5/911
f 712/503/538 2285/503/1448 2286/506/1451
f 696/510/545 2269/510/1455 2270/509/1454
f 688/517/552 2261/517/1462 2262/518/1463
f 680/529/565 2253/529/1475 2254/527/1473
f 672/538/574 2245/538/1484 2246/534/1480
f 744/114/122 2317/114/1029 2318/124/1028
f 752/7/124 2325/7/1031 2326/126/1033
f 760/133/135 2333/133/1042 2334/134/1043
f 736/140/145 2309/140/1052 2310/12/1050
f 768/141/147 2341/141/1054 2342/143/1056
f 776/150/158 2349/150/1065 2350/5/913
f 728/155/163 2301/155/1070 2302/154/1488
f 888/2/580 2461/2/1490 2462/184/1489
f 880/195/594 2453/195/1505 2454/194/1503
f 896/180/593 2469/180/1504 2470/181/1506
f 872/205/610 2445/205/1521 2446/204/1519
f 832/239/613 2405/239/1524 2406/10/1526
f 864/219/626 2437/219/1537 2438/217/1535
f 840/253/629 2413/253/1540 2414/254/1542
f 856/255/642 2429/255/1553 2430/252/1551
f 848/263/645 2421/263/1556 2422/265/1558
f 824/246/655 2397/246/1566 2398/248/1565
f 784/166/664 2357/166/1575 2358/164/1577
f 816/230/671 2389/230/1582 2390/233/1580
f 792/162/680 2365/162/1591 2366/165/1593
f 808/215/688 2381/215/1599 2382/216/1597
f 800/1/695 2373/1/1606 2374/198/1608
f 1008/189/582 2581/189/1493 2582/187/1491
f 1016/178/589 2589/178/1500 2590/179/1502
f 1000/197/598 2573/197/1509 2574/196/1507
f 952/243/609 2525/243/1520 2526/241/1522
f 992/209/614 2565/209/1525 2566/207/1523
f 960/226/625 2533/226/1536 2534/224/1538
f 984/227/630 2557/227/1541 2558/222/1539
f 968/260/641 2541/260/1552 2542/262/1554
f 976/258/646 2549/258/1557 2550/9/1555
f 944/11/659 2517/11/1570 2518/244/1568
f 904/169/660 2477/169/1571 2478/167/1573
f 936/223/675 2509/223/1586 2510/228/1584
f 912/159/676 2485/159/1587 2486/158/1588
f 928/211/692 2501/211/1603 2502/213/1601
f 920/186/691 2493/186/1602 2494/188/1604
f 1128/191/586 2701/191/1497 2702/190/1619
f 1136/176/585 2709/176/1496 2710/177/1498
f 1120/199/602 2693/199/1513 2694/6/1511
f 1072/247/605 2645/247/1516 2646/245/1518
f 1112/212/618 2685/212/1529 2686/210/1527
f 1080/229/621 2653/229/1532 2654/225/1534
f 1104/237/634 2677/237/1545 2678/231/1543
f 1088/7/637 2661/7/1548 2662/259/1621
f 1096/264/650 2669/264/1561 2670/261/1559
f 1024/172/656 2597/172/1567 2598/170/1569
f 1064/238/713 2637/238/1625 2638/240/1572
f 1032/160/672 2605/160/1583 2606/3/1585
f 1056/220/679 2629/220/1590 2630/221/1589
f 1040/174/687 2613/174/1598 2614/183/1600
f 1048/206/696 2621/206/1607 2622/208/1605
f 1184/492/529 2757/492/1438 2758/490/1437
f 1144/4/3 2717/4/909 2718/501/908
f 1198/5/4 2771/5/911 2717/4/909
f 1176/505/717 2749/505/1629 2750/504/1628
f 1192/511/546 2765/511/1456 2766/513/1458
f 1168/520/719 2741/520/1631 2742/521/1466
f 1160/524/560 2733/524/1470 2734/525/1471
f 1152/536/572 2725/536/1482 2726/537/1483
f 1240/548/729 2813/548/1639 2814/550/1641
f 1232/551/732 2805/551/1642 2806/549/1640
f 1248/562/743 2821/562/1653 2822/563/1654
f 1256/570/751 2829/570/1661 2830/571/1662
f 1264/580/761 2837/580/1671 2838/581/1672
f 1224/588/769 2797/588/1679 2798/584/1675
f 1272/590/771 2845/590/1681 2846/592/1683
f 1372/5/776 2945/5/1686 2909/600/1692
f 1280/602/784 2853/602/1694 2854/604/1696
f 1368/605/787 2941/605/1697 2942/603/1695
f 1360/618/800 2933/618/1710 2934/616/1708
f 1336/600/782 2909/600/1692 2910/625/1717
f 1288/622/804 2861/622/1714 2862/626/1718
f 1200/630/812 2773/630/1722 2774/634/1727
f 1352/646/829 2925/646/1739 2926/639/1732
f 1216/653/836 2789/653/1746 2790/650/1743
f 1344/654/837 2917/654/1747 2918/660/1753
f 1208/658/841 2781/658/1751 2782/662/1755
f 1312/674/857 2885/674/1767 2886/677/1770
f 1304/694/877 2877/694/1787 2878/691/1784
f 1296/690/873 2869/690/1783 2870/697/1790
f 1328/700/883 2901/700/1793 2902/696/1789
f 1320/703/886 2893/703/1796 2894/707/1799
f 1408/403/431 2981/403/1341 2982/401/1806
f 1416/411/440 2989/411/1350 2990/413/1352
f 1456/418/448 3029/418/1358 3030/309/1356
f 1464/425/455 3037/425/1365 3038/427/1367
f 1400/436/467 2973/436/1377 2974/358/1371
f 1448/439/470 3021/439/1380 3022/437/1378
f 1424/448/481 2997/448/1391 2998/451/1394
f 1392/454/487 2965/454/1397 2966/452/1395
f 1376/459/493 2949/459/1403 2950/462/1406
f 1384/473/508 2957/473/1418 2958/474/1811
f 1440/482/519 3013/482/1429 3014/480/1427
f 1432/481/518 3005/481/1428 3006/484/1431
f 1472/4/4 3045/4/911 3046/514/909
f 1475/5/5 3048/5/912 3045/4/911
f 1488/15/9 3061/15/915 3062/13/914
f 1480/24/18 3053/24/925 3054/23/924
f 1568/35/30 3141/35/937 3142/36/938
f 1560/43/39 3133/43/946 3134/41/944
f 1496/49/45 3069/49/952 3070/52/955
f 1552/55/51 3125/55/958 3126/53/1815
f 1544/69/65 3117/69/972 3118/67/970
f 1504/68/64 3077/68/971 3078/70/973
f 1528/78/74 3101/78/981 3102/80/983
f 1536/91/87 3109/91/994 3110/92/995
f 1520/98/94 3093/98/1001 3094/97/1000
f 1512/107/103 3085/107/1010 3086/108/1011
