# Blender 4.4.1
# www.blender.org
mtllib Map.mtl
o 立方体.031
v -367.680359 138.361969 -6.393620
v -376.941925 149.898010 92.494949
v -449.190918 138.361969 -6.393620
v -444.083893 146.823380 93.123886
v -367.680359 219.872528 -6.393620
v -378.121002 210.678909 93.606384
v -449.190918 219.872528 -6.393620
v -438.309570 211.892639 93.606377
v -438.435638 129.117249 -6.393620
v -418.435638 129.117249 -6.393620
v -398.435638 129.117249 -6.393620
v -378.435638 129.117249 -6.393620
v -386.104126 141.898087 93.606384
v -401.077301 142.325592 93.606384
v -415.793976 142.325592 93.606384
v -430.767151 141.898087 93.606384
v -378.435638 229.117249 -6.393620
v -398.435638 229.117249 -6.393620
v -418.435638 229.117249 -6.393620
v -438.435638 229.117249 -6.393620
v -430.767151 216.336411 93.606384
v -415.793976 215.908905 93.606384
v -401.077301 215.908905 93.606384
v -386.104126 216.336411 93.606384
v -367.680359 138.361969 13.606379
v -368.621704 139.317505 35.641129
v -368.621704 139.317505 53.606384
v -368.621704 139.317505 71.571640
v -448.217957 139.317505 71.571640
v -448.217957 139.317505 53.606384
v -448.217957 139.317505 35.641129
v -449.190918 138.361969 13.606379
v -443.192017 218.405731 71.571640
v -448.217957 218.913788 53.606384
v -448.217957 218.913788 35.641129
v -449.190918 219.872528 13.606379
v -368.621704 218.913788 71.571640
v -368.621704 218.913788 53.606384
v -368.621704 218.913788 35.641129
v -367.680359 219.872528 13.606379
v -435.367706 224.028778 71.571640
v -435.367706 224.028778 53.606384
v -435.367706 224.028778 35.641129
v -438.435638 229.117249 13.606379
v -418.435638 229.117249 73.606384
v -418.435638 229.117249 53.606380
v -418.435638 229.117249 33.606380
v -418.435638 229.117249 13.606379
v -398.435638 229.117249 73.606384
v -398.435638 229.117249 53.606380
v -398.435638 229.117249 33.606380
v -398.435638 229.117249 13.606379
v -381.471954 224.028778 71.571640
v -381.471954 224.028778 53.606384
v -381.471954 224.028778 35.641129
v -378.435638 229.117249 13.606379
v -381.471954 134.202515 71.571640
v -381.471954 134.202515 53.606384
v -381.471954 134.202515 35.641129
v -378.435638 129.117249 13.606379
v -398.435638 129.117249 73.606384
v -398.435638 129.117249 53.606380
v -398.435638 129.117249 33.606380
v -398.435638 129.117249 13.606379
v -418.435638 129.117249 73.606384
v -418.435638 129.117249 53.606380
v -418.435638 129.117249 33.606380
v -418.435638 129.117249 13.606379
v -435.367706 134.202515 71.571640
v -435.367706 134.202515 53.606384
v -435.367706 134.202515 35.641129
v -438.435638 129.117249 13.606379
v -458.435638 209.117249 -6.393620
v -458.435638 189.117249 -6.393620
v -458.435638 169.117249 -6.393620
v -458.435638 149.117249 -6.393620
v -445.654785 156.785751 93.606384
v -445.227295 171.758911 93.606384
v -445.227295 186.475586 93.606384
v -445.654785 201.448746 93.606384
v -358.435638 149.117249 -6.393620
v -358.435638 169.117249 -6.393620
v -358.435638 189.117249 -6.393620
v -358.435638 209.117249 -6.393620
v -371.216492 201.448746 93.606384
v -371.643982 186.475586 93.606384
v -371.643982 171.758911 93.606384
v -371.216492 156.785751 93.606384
v -430.767151 156.785751 105.734940
v -438.435638 169.117249 105.734940
v -438.435638 189.117249 105.734940
v -430.767151 201.448746 105.734940
v -418.435638 149.117249 105.734940
v -418.435638 169.117249 113.161850
v -418.435638 189.117249 111.516556
v -418.435638 209.117249 105.734940
v -398.435638 149.117249 105.734940
v -398.435638 169.117249 117.501984
v -398.435638 189.117249 108.602493
v -398.435638 209.117249 105.734940
v -386.104126 156.785751 105.734940
v -378.435638 169.117249 105.734940
v -378.435638 189.117249 105.734940
v -386.104126 201.448746 105.734940
v -438.435638 209.117249 -6.393620
v -438.435638 189.117249 -6.393620
v -438.435638 169.117249 -6.393620
v -438.435638 149.117249 -6.393620
v -418.435638 209.117249 -6.393620
v -418.435638 189.117249 -6.393620
v -418.435638 169.117249 -6.393620
v -418.435638 149.117249 -6.393620
v -398.435638 209.117249 -6.393620
v -398.435638 189.117249 -6.393620
v -398.435638 169.117249 -6.393620
v -398.435638 149.117249 -6.393620
v -378.435638 209.117249 -6.393620
v -378.435638 189.117249 -6.393620
v -378.435638 169.117249 -6.393620
v -378.435638 149.117249 -6.393620
v -358.435638 209.117249 13.606379
v -358.435638 189.117249 13.606379
v -358.435638 169.117249 13.606379
v -358.435638 149.117249 13.606379
v -363.506683 206.063538 35.641129
v -358.435638 189.117249 33.606380
v -358.435638 169.117249 33.606380
v -363.506683 152.167770 35.641129
v -363.506683 206.063538 53.606384
v -358.435638 189.117249 53.606380
v -358.435638 169.117249 53.606380
v -363.506683 152.167770 53.606384
v -363.506683 206.063538 71.571640
v -358.435638 189.117249 73.606384
v -358.435638 169.117249 73.606384
v -363.506683 152.167770 71.571640
v -458.435638 149.117249 13.606379
v -458.435638 169.117249 13.606379
v -458.435638 189.117249 13.606379
v -458.435638 209.117249 13.606379
v -453.332947 152.167770 35.641129
v -458.435638 169.117249 33.606380
v -458.435638 189.117249 33.606380
v -453.332947 206.063538 35.641129
v -453.332947 152.167770 53.606384
v -458.435638 169.117249 53.606380
v -458.435638 189.117249 53.606380
v -453.332947 206.063538 53.606384
v -453.332947 152.167770 71.571640
v -458.435638 169.117249 73.606384
v -458.435638 189.117249 73.606384
v -453.332947 206.063538 71.571640
v 499.999969 -500.000000 -0.000004
v 499.999969 500.000000 -0.000004
v -500.000000 -500.000000 -0.000004
v -500.000000 500.000000 -0.000004
v 473.485748 104.258057 -6.393627
v 464.224152 115.794098 92.494949
v 391.975189 104.258057 -6.393627
v 397.082245 112.719460 93.123886
v 473.485748 185.768600 -6.393627
v 463.045135 176.574982 93.606369
v 391.975189 185.768600 -6.393627
v 402.856537 177.788712 93.606369
v 402.730438 95.013329 -6.393627
v 422.730438 95.013329 -6.393627
v 442.730499 95.013329 -6.393627
v 462.730499 95.013329 -6.393627
v 455.061981 107.794167 93.606369
v 440.088837 108.221680 93.606369
v 425.372101 108.221680 93.606369
v 410.398956 107.794167 93.606369
v 462.730499 195.013336 -6.393627
v 442.730499 195.013336 -6.393627
v 422.730438 195.013336 -6.393627
v 402.730438 195.013336 -6.393627
v 410.398956 182.232498 93.606369
v 425.372101 181.804977 93.606369
v 440.088837 181.804977 93.606369
v 455.061981 182.232498 93.606369
v 473.485748 104.258057 13.606373
v 472.544464 105.213593 35.641125
v 472.544464 105.213593 53.606377
v 472.544464 105.213593 71.571632
v 392.948151 105.213593 71.571632
v 392.948151 105.213593 53.606377
v 392.948151 105.213593 35.641125
v 391.975189 104.258057 13.606373
v 397.974091 184.301804 71.571632
v 392.948151 184.809875 53.606377
v 392.948151 184.809875 35.641125
v 391.975189 185.768600 13.606373
v 472.544464 184.809875 71.571632
v 472.544464 184.809875 53.606377
v 472.544464 184.809875 35.641125
v 473.485748 185.768600 13.606373
v 405.798431 189.924866 71.571632
v 405.798431 189.924866 53.606377
v 405.798431 189.924866 35.641125
v 402.730438 195.013336 13.606373
v 422.730438 195.013336 73.606377
v 422.730438 195.013336 53.606377
v 422.730438 195.013336 33.606373
v 422.730438 195.013336 13.606373
v 442.730499 195.013336 73.606377
v 442.730499 195.013336 53.606377
v 442.730499 195.013336 33.606373
v 442.730499 195.013336 13.606373
v 459.694183 189.924866 71.571632
v 459.694183 189.924866 53.606377
v 459.694183 189.924866 35.641125
v 462.730499 195.013336 13.606373
v 459.694183 100.098602 71.571632
v 459.694183 100.098602 53.606377
v 459.694183 100.098602 35.641125
v 462.730499 95.013329 13.606373
v 442.730499 95.013329 73.606377
v 442.730499 95.013329 53.606377
v 442.730499 95.013329 33.606373
v 442.730499 95.013329 13.606373
v 422.730438 95.013329 73.606377
v 422.730438 95.013329 53.606377
v 422.730438 95.013329 33.606373
v 422.730438 95.013329 13.606373
v 405.798431 100.098602 71.571632
v 405.798431 100.098602 53.606377
v 405.798431 100.098602 35.641125
v 402.730438 95.013329 13.606373
v 382.730499 175.013336 -6.393627
v 382.730499 155.013336 -6.393627
v 382.730499 135.013336 -6.393627
v 382.730499 115.013329 -6.393627
v 395.511322 122.681831 93.606369
v 395.938873 137.654999 93.606369
v 395.938873 152.371658 93.606369
v 395.511322 167.344833 93.606369
v 482.730499 115.013329 -6.393627
v 482.730499 135.013336 -6.393627
v 482.730499 155.013336 -6.393627
v 482.730499 175.013336 -6.393627
v 469.949615 167.344833 93.606369
v 469.522064 152.371658 93.606369
v 469.522064 137.654999 93.606369
v 469.949615 122.681831 93.606369
v 410.398956 122.681831 105.734932
v 402.730438 135.013336 105.734932
v 402.730438 155.013336 105.734932
v 410.398956 167.344833 105.734932
v 422.730438 115.013329 105.734932
v 422.730438 135.013336 113.161835
v 422.730438 155.013336 111.516541
v 422.730438 175.013336 105.734932
v 442.730499 115.013329 105.734932
v 442.730499 135.013336 117.501984
v 442.730499 155.013336 108.602478
v 442.730499 175.013336 105.734932
v 455.061981 122.681831 105.734932
v 462.730499 135.013336 105.734932
v 462.730499 155.013336 105.734932
v 455.061981 167.344833 105.734932
v 402.730438 175.013336 -6.393627
v 402.730438 155.013336 -6.393627
v 402.730438 135.013336 -6.393627
v 402.730438 115.013329 -6.393627
v 422.730438 175.013336 -6.393627
v 422.730438 155.013336 -6.393627
v 422.730438 135.013336 -6.393627
v 422.730438 115.013329 -6.393627
v 442.730499 175.013336 -6.393627
v 442.730499 155.013336 -6.393627
v 442.730499 135.013336 -6.393627
v 442.730499 115.013329 -6.393627
v 462.730499 175.013336 -6.393627
v 462.730499 155.013336 -6.393627
v 462.730499 135.013336 -6.393627
v 462.730499 115.013329 -6.393627
v 482.730499 175.013336 13.606373
v 482.730499 155.013336 13.606373
v 482.730499 135.013336 13.606373
v 482.730499 115.013329 13.606373
v 477.659393 171.959610 35.641125
v 482.730499 155.013336 33.606373
v 482.730499 135.013336 33.606373
v 477.659393 118.063858 35.641125
v 477.659393 171.959610 53.606377
v 482.730499 155.013336 53.606377
v 482.730499 135.013336 53.606377
v 477.659393 118.063858 53.606377
v 477.659393 171.959610 71.571632
v 482.730499 155.013336 73.606377
v 482.730499 135.013336 73.606377
v 477.659393 118.063858 71.571632
v 382.730499 115.013329 13.606373
v 382.730499 135.013336 13.606373
v 382.730499 155.013336 13.606373
v 382.730499 175.013336 13.606373
v 387.833160 118.063858 35.641125
v 382.730499 135.013336 33.606373
v 382.730499 155.013336 33.606373
v 387.833160 171.959610 35.641125
v 387.833160 118.063858 53.606377
v 382.730499 135.013336 53.606377
v 382.730499 155.013336 53.606377
v 387.833160 171.959610 53.606377
v 387.833160 118.063858 71.571632
v 382.730499 135.013336 73.606377
v 382.730499 155.013336 73.606377
v 387.833160 171.959610 71.571632
v 70.403992 400.450653 -6.393620
v 61.142426 411.986694 92.494949
v -11.106537 400.450653 -6.393620
v -5.999512 408.912048 93.123886
v 70.403992 481.961212 -6.393620
v 59.963348 472.767578 93.606384
v -11.106537 481.961212 -6.393620
v -0.225220 473.981293 93.606377
v -0.351288 391.205933 -6.393620
v 19.648743 391.205933 -6.393620
v 39.648712 391.205933 -6.393620
v 59.648743 391.205933 -6.393620
v 51.980194 403.986755 93.606384
v 37.007050 404.414276 93.606384
v 22.290405 404.414276 93.606384
v 7.317261 403.986755 93.606384
v 59.648743 491.205933 -6.393620
v 39.648712 491.205933 -6.393620
v 19.648743 491.205933 -6.393620
v -0.351288 491.205933 -6.393620
v 7.317261 478.425110 93.606384
v 22.290405 477.997589 93.606384
v 37.007050 477.997589 93.606384
v 51.980194 478.425110 93.606384
v 70.403992 400.450653 13.606379
v 69.462677 401.406189 35.641129
v 69.462677 401.406189 53.606384
v 69.462677 401.406189 71.571640
v -10.133606 401.406189 71.571640
v -10.133606 401.406189 53.606384
v -10.133606 401.406189 35.641129
v -11.106537 400.450653 13.606379
v -5.107635 480.494415 71.571640
v -10.133606 481.002472 53.606384
v -10.133606 481.002472 35.641129
v -11.106537 481.961212 13.606379
v 69.462677 481.002472 71.571640
v 69.462677 481.002472 53.606384
v 69.462677 481.002472 35.641129
v 70.403992 481.961212 13.606379
v 2.716675 486.117462 71.571640
v 2.716675 486.117462 53.606384
v 2.716675 486.117462 35.641129
v -0.351288 491.205933 13.606379
v 19.648743 491.205933 73.606384
v 19.648743 491.205933 53.606380
v 19.648743 491.205933 33.606380
v 19.648743 491.205933 13.606379
v 39.648712 491.205933 73.606384
v 39.648712 491.205933 53.606380
v 39.648712 491.205933 33.606380
v 39.648712 491.205933 13.606379
v 56.612427 486.117462 71.571640
v 56.612427 486.117462 53.606384
v 56.612427 486.117462 35.641129
v 59.648743 491.205933 13.606379
v 56.612427 396.291199 71.571640
v 56.612427 396.291199 53.606384
v 56.612427 396.291199 35.641129
v 59.648743 391.205933 13.606379
v 39.648712 391.205933 73.606384
v 39.648712 391.205933 53.606380
v 39.648712 391.205933 33.606380
v 39.648712 391.205933 13.606379
v 19.648743 391.205933 73.606384
v 19.648743 391.205933 53.606380
v 19.648743 391.205933 33.606380
v 19.648743 391.205933 13.606379
v 2.716675 396.291199 71.571640
v 2.716675 396.291199 53.606384
v 2.716675 396.291199 35.641129
v -0.351288 391.205933 13.606379
v -20.351288 471.205933 -6.393620
v -20.351288 451.205933 -6.393620
v -20.351288 431.205933 -6.393620
v -20.351288 411.205933 -6.393620
v -7.570404 418.874451 93.606384
v -7.142944 433.847595 93.606384
v -7.142944 448.564270 93.606384
v -7.570404 463.537415 93.606384
v 79.648712 411.205933 -6.393620
v 79.648712 431.205933 -6.393620
v 79.648712 451.205933 -6.393620
v 79.648712 471.205933 -6.393620
v 66.867859 463.537415 93.606384
v 66.440399 448.564270 93.606384
v 66.440399 433.847595 93.606384
v 66.867859 418.874451 93.606384
v 7.317261 418.874451 105.734940
v -0.351288 431.205933 105.734940
v -0.351288 451.205933 105.734940
v 7.317261 463.537415 105.734940
v 19.648743 411.205933 105.734940
v 19.648743 431.205933 113.161850
v 19.648743 451.205933 111.516556
v 19.648743 471.205933 105.734940
v 39.648712 411.205933 105.734940
v 39.648712 431.205933 117.501984
v 39.648712 451.205933 108.602493
v 39.648712 471.205933 105.734940
v 51.980194 418.874451 105.734940
v 59.648743 431.205933 105.734940
v 59.648743 451.205933 105.734940
v 51.980194 463.537415 105.734940
v -0.351288 471.205933 -6.393620
v -0.351288 451.205933 -6.393620
v -0.351288 431.205933 -6.393620
v -0.351288 411.205933 -6.393620
v 19.648743 471.205933 -6.393620
v 19.648743 451.205933 -6.393620
v 19.648743 431.205933 -6.393620
v 19.648743 411.205933 -6.393620
v 39.648712 471.205933 -6.393620
v 39.648712 451.205933 -6.393620
v 39.648712 431.205933 -6.393620
v 39.648712 411.205933 -6.393620
v 59.648743 471.205933 -6.393620
v 59.648743 451.205933 -6.393620
v 59.648743 431.205933 -6.393620
v 59.648743 411.205933 -6.393620
v 79.648712 471.205933 13.606379
v 79.648712 451.205933 13.606379
v 79.648712 431.205933 13.606379
v 79.648712 411.205933 13.606379
v 74.577667 468.152222 35.641129
v 79.648712 451.205933 33.606380
v 79.648712 431.205933 33.606380
v 74.577667 414.256470 35.641129
v 74.577667 468.152222 53.606384
v 79.648712 451.205933 53.606380
v 79.648712 431.205933 53.606380
v 74.577667 414.256470 53.606384
v 74.577667 468.152222 71.571640
v 79.648712 451.205933 73.606384
v 79.648712 431.205933 73.606384
v 74.577667 414.256470 71.571640
v -20.351288 411.205933 13.606379
v -20.351288 431.205933 13.606379
v -20.351288 451.205933 13.606379
v -20.351288 471.205933 13.606379
v -15.248596 414.256470 35.641129
v -20.351288 431.205933 33.606380
v -20.351288 451.205933 33.606380
v -15.248596 468.152222 35.641129
v -15.248596 414.256470 53.606384
v -20.351288 431.205933 53.606380
v -20.351288 451.205933 53.606380
v -15.248596 468.152222 53.606384
v -15.248596 414.256470 71.571640
v -20.351288 431.205933 73.606384
v -20.351288 451.205933 73.606384
v -15.248596 468.152222 71.571640
v 155.945770 379.302612 -6.393620
v 146.684235 390.838623 92.494949
v 74.435211 379.302612 -6.393620
v 79.542236 387.763977 93.123886
v 155.945770 460.813141 -6.393620
v 145.505157 451.619537 93.606384
v 74.435211 460.813141 -6.393620
v 85.316559 452.833252 93.606377
v 85.190491 370.057861 -6.393620
v 105.190521 370.057861 -6.393620
v 125.190460 370.057861 -6.393620
v 145.190521 370.057861 -6.393620
v 137.522003 382.838684 93.606384
v 122.548798 383.266205 93.606384
v 107.832184 383.266205 93.606384
v 92.859009 382.838684 93.606384
v 145.190521 470.057861 -6.393620
v 125.190460 470.057861 -6.393620
v 105.190521 470.057861 -6.393620
v 85.190491 470.057861 -6.393620
v 92.859009 457.277039 93.606384
v 107.832184 456.849518 93.606384
v 122.548798 456.849518 93.606384
v 137.522003 457.277039 93.606384
v 155.945770 379.302612 13.606379
v 155.004425 380.258118 35.641129
v 155.004425 380.258118 53.606384
v 155.004425 380.258118 71.571640
v 75.408173 380.258118 71.571640
v 75.408173 380.258118 53.606384
v 75.408173 380.258118 35.641129
v 74.435211 379.302612 13.606379
v 80.434113 459.346344 71.571640
v 75.408173 459.854401 53.606384
v 75.408173 459.854401 35.641129
v 74.435211 460.813141 13.606379
v 155.004425 459.854401 71.571640
v 155.004425 459.854401 53.606384
v 155.004425 459.854401 35.641129
v 155.945770 460.813141 13.606379
v 88.258453 464.969391 71.571640
v 88.258453 464.969391 53.606384
v 88.258453 464.969391 35.641129
v 85.190491 470.057861 13.606379
v 105.190521 470.057861 73.606384
v 105.190521 470.057861 53.606380
v 105.190521 470.057861 33.606380
v 105.190521 470.057861 13.606379
v 125.190460 470.057861 73.606384
v 125.190460 470.057861 53.606380
v 125.190460 470.057861 33.606380
v 125.190460 470.057861 13.606379
v 142.154205 464.969391 71.571640
v 142.154205 464.969391 53.606384
v 142.154205 464.969391 35.641129
v 145.190521 470.057861 13.606379
v 142.154205 375.143127 71.571640
v 142.154205 375.143127 53.606384
v 142.154205 375.143127 35.641129
v 145.190521 370.057861 13.606379
v 125.190460 370.057861 73.606384
v 125.190460 370.057861 53.606380
v 125.190460 370.057861 33.606380
v 125.190460 370.057861 13.606379
v 105.190521 370.057861 73.606384
v 105.190521 370.057861 53.606380
v 105.190521 370.057861 33.606380
v 105.190521 370.057861 13.606379
v 88.258453 375.143127 71.571640
v 88.258453 375.143127 53.606384
v 88.258453 375.143127 35.641129
v 85.190491 370.057861 13.606379
v 65.190491 450.057861 -6.393620
v 65.190491 430.057861 -6.393620
v 65.190491 410.057861 -6.393620
v 65.190491 390.057861 -6.393620
v 77.971344 397.726379 93.606384
v 78.398834 412.699524 93.606384
v 78.398834 427.416199 93.606384
v 77.971344 442.389374 93.606384
v 165.190521 390.057861 -6.393620
v 165.190521 410.057861 -6.393620
v 165.190521 430.057861 -6.393620
v 165.190521 450.057861 -6.393620
v 152.409637 442.389374 93.606384
v 151.982147 427.416199 93.606384
v 151.982147 412.699524 93.606384
v 152.409637 397.726379 93.606384
v 92.859009 397.726379 105.734940
v 85.190491 410.057861 105.734940
v 85.190491 430.057861 105.734940
v 92.859009 442.389374 105.734940
v 105.190521 390.057861 105.734940
v 105.190521 410.057861 113.161850
v 105.190521 430.057861 111.516556
v 105.190521 450.057861 105.734940
v 125.190460 390.057861 105.734940
v 125.190460 410.057861 117.501984
v 125.190460 430.057861 108.602493
v 125.190460 450.057861 105.734940
v 137.522003 397.726379 105.734940
v 145.190521 410.057861 105.734940
v 145.190521 430.057861 105.734940
v 137.522003 442.389374 105.734940
v 85.190491 450.057861 -6.393620
v 85.190491 430.057861 -6.393620
v 85.190491 410.057861 -6.393620
v 85.190491 390.057861 -6.393620
v 105.190521 450.057861 -6.393620
v 105.190521 430.057861 -6.393620
v 105.190521 410.057861 -6.393620
v 105.190521 390.057861 -6.393620
v 125.190460 450.057861 -6.393620
v 125.190460 430.057861 -6.393620
v 125.190460 410.057861 -6.393620
v 125.190460 390.057861 -6.393620
v 145.190521 450.057861 -6.393620
v 145.190521 430.057861 -6.393620
v 145.190521 410.057861 -6.393620
v 145.190521 390.057861 -6.393620
v 165.190521 450.057861 13.606379
v 165.190521 430.057861 13.606379
v 165.190521 410.057861 13.606379
v 165.190521 390.057861 13.606379
v 160.119415 447.004150 35.641129
v 165.190521 430.057861 33.606380
v 165.190521 410.057861 33.606380
v 160.119415 393.108398 35.641129
v 160.119415 447.004150 53.606384
v 165.190521 430.057861 53.606380
v 165.190521 410.057861 53.606380
v 160.119415 393.108398 53.606384
v 160.119415 447.004150 71.571640
v 165.190521 430.057861 73.606384
v 165.190521 410.057861 73.606384
v 160.119415 393.108398 71.571640
v 65.190491 390.057861 13.606379
v 65.190491 410.057861 13.606379
v 65.190491 430.057861 13.606379
v 65.190491 450.057861 13.606379
v 70.293182 393.108398 35.641129
v 65.190491 410.057861 33.606380
v 65.190491 430.057861 33.606380
v 70.293182 447.004150 35.641129
v 70.293182 393.108398 53.606384
v 65.190491 410.057861 53.606380
v 65.190491 430.057861 53.606380
v 70.293182 447.004150 53.606384
v 70.293182 393.108398 71.571640
v 65.190491 410.057861 73.606384
v 65.190491 430.057861 73.606384
v 70.293182 447.004150 71.571640
v 230.242889 330.206085 -6.393620
v 220.981293 341.742126 92.494949
v 148.732330 330.206085 -6.393620
v 153.839325 338.667480 93.123886
v 230.242889 411.716614 -6.393620
v 219.802216 402.523010 93.606384
v 148.732330 411.716614 -6.393620
v 159.613678 403.736725 93.606377
v 159.487579 320.961365 -6.393620
v 179.487579 320.961365 -6.393620
v 199.487579 320.961365 -6.393620
v 219.487640 320.961365 -6.393620
v 211.819061 333.742188 93.606384
v 196.845917 334.169678 93.606384
v 182.129303 334.169678 93.606384
v 167.156097 333.742188 93.606384
v 219.487640 420.961365 -6.393620
v 199.487579 420.961365 -6.393620
v 179.487579 420.961365 -6.393620
v 159.487579 420.961365 -6.393620
v 167.156097 408.180542 93.606384
v 182.129303 407.752991 93.606384
v 196.845917 407.752991 93.606384
v 211.819061 408.180542 93.606384
v 230.242889 330.206085 13.606379
v 229.301544 331.161621 35.641129
v 229.301544 331.161621 53.606384
v 229.301544 331.161621 71.571640
v 149.705231 331.161621 71.571640
v 149.705231 331.161621 53.606384
v 149.705231 331.161621 35.641129
v 148.732330 330.206085 13.606379
v 154.731232 410.249817 71.571640
v 149.705231 410.757904 53.606384
v 149.705231 410.757904 35.641129
v 148.732330 411.716614 13.606379
v 229.301544 410.757904 71.571640
v 229.301544 410.757904 53.606384
v 229.301544 410.757904 35.641129
v 230.242889 411.716614 13.606379
v 162.555573 415.872864 71.571640
v 162.555573 415.872864 53.606384
v 162.555573 415.872864 35.641129
v 159.487579 420.961365 13.606379
v 179.487579 420.961365 73.606384
v 179.487579 420.961365 53.606380
v 179.487579 420.961365 33.606380
v 179.487579 420.961365 13.606379
v 199.487579 420.961365 73.606384
v 199.487579 420.961365 53.606380
v 199.487579 420.961365 33.606380
v 199.487579 420.961365 13.606379
v 216.451324 415.872864 71.571640
v 216.451324 415.872864 53.606384
v 216.451324 415.872864 35.641129
v 219.487640 420.961365 13.606379
v 216.451324 326.046631 71.571640
v 216.451324 326.046631 53.606384
v 216.451324 326.046631 35.641129
v 219.487640 320.961365 13.606379
v 199.487579 320.961365 73.606384
v 199.487579 320.961365 53.606380
v 199.487579 320.961365 33.606380
v 199.487579 320.961365 13.606379
v 179.487579 320.961365 73.606384
v 179.487579 320.961365 53.606380
v 179.487579 320.961365 33.606380
v 179.487579 320.961365 13.606379
v 162.555573 326.046631 71.571640
v 162.555573 326.046631 53.606384
v 162.555573 326.046631 35.641129
v 159.487579 320.961365 13.606379
v 139.487579 400.961365 -6.393620
v 139.487579 380.961365 -6.393620
v 139.487579 360.961365 -6.393620
v 139.487579 340.961365 -6.393620
v 152.268463 348.629852 93.606384
v 152.695953 363.603027 93.606384
v 152.695953 378.319702 93.606384
v 152.268463 393.292847 93.606384
v 239.487579 340.961365 -6.393620
v 239.487579 360.961365 -6.393620
v 239.487579 380.961365 -6.393620
v 239.487579 400.961365 -6.393620
v 226.706757 393.292847 93.606384
v 226.279266 378.319702 93.606384
v 226.279266 363.603027 93.606384
v 226.706757 348.629852 93.606384
v 167.156097 348.629852 105.734940
v 159.487579 360.961365 105.734940
v 159.487579 380.961365 105.734940
v 167.156097 393.292847 105.734940
v 179.487579 340.961365 105.734940
v 179.487579 360.961365 113.161850
v 179.487579 380.961365 111.516556
v 179.487579 400.961365 105.734940
v 199.487579 340.961365 105.734940
v 199.487579 360.961365 117.501984
v 199.487579 380.961365 108.602493
v 199.487579 400.961365 105.734940
v 211.819061 348.629852 105.734940
v 219.487640 360.961365 105.734940
v 219.487640 380.961365 105.734940
v 211.819061 393.292847 105.734940
v 159.487579 400.961365 -6.393620
v 159.487579 380.961365 -6.393620
v 159.487579 360.961365 -6.393620
v 159.487579 340.961365 -6.393620
v 179.487579 400.961365 -6.393620
v 179.487579 380.961365 -6.393620
v 179.487579 360.961365 -6.393620
v 179.487579 340.961365 -6.393620
v 199.487579 400.961365 -6.393620
v 199.487579 380.961365 -6.393620
v 199.487579 360.961365 -6.393620
v 199.487579 340.961365 -6.393620
v 219.487640 400.961365 -6.393620
v 219.487640 380.961365 -6.393620
v 219.487640 360.961365 -6.393620
v 219.487640 340.961365 -6.393620
v 239.487579 400.961365 13.606379
v 239.487579 380.961365 13.606379
v 239.487579 360.961365 13.606379
v 239.487579 340.961365 13.606379
v 234.416534 397.907654 35.641129
v 239.487579 380.961365 33.606380
v 239.487579 360.961365 33.606380
v 234.416534 344.011871 35.641129
v 234.416534 397.907654 53.606384
v 239.487579 380.961365 53.606380
v 239.487579 360.961365 53.606380
v 234.416534 344.011871 53.606384
v 234.416534 397.907654 71.571640
v 239.487579 380.961365 73.606384
v 239.487579 360.961365 73.606384
v 234.416534 344.011871 71.571640
v 139.487579 340.961365 13.606379
v 139.487579 360.961365 13.606379
v 139.487579 380.961365 13.606379
v 139.487579 400.961365 13.606379
v 144.590302 344.011871 35.641129
v 139.487579 360.961365 33.606380
v 139.487579 380.961365 33.606380
v 144.590302 397.907654 35.641129
v 144.590302 344.011871 53.606384
v 139.487579 360.961365 53.606380
v 139.487579 380.961365 53.606380
v 144.590302 397.907654 53.606384
v 144.590302 344.011871 71.571640
v 139.487579 360.961365 73.606384
v 139.487579 380.961365 73.606384
v 144.590302 397.907654 71.571640
v 302.260468 277.010651 -6.393620
v 292.998871 288.546692 92.494949
v 220.749908 277.010651 -6.393620
v 225.856903 285.472046 93.123886
v 302.260468 358.521179 -6.393620
v 291.819794 349.327576 93.606384
v 220.749908 358.521179 -6.393620
v 231.631195 350.541321 93.606377
v 231.505157 267.765930 -6.393620
v 251.505157 267.765930 -6.393620
v 271.505157 267.765930 -6.393620
v 291.505157 267.765930 -6.393620
v 283.836639 280.546753 93.606384
v 268.863495 280.974274 93.606384
v 254.146881 280.974274 93.606384
v 239.173676 280.546753 93.606384
v 291.505157 367.765930 -6.393620
v 271.505157 367.765930 -6.393620
v 251.505157 367.765930 -6.393620
v 231.505157 367.765930 -6.393620
v 239.173676 354.985107 93.606384
v 254.146881 354.557587 93.606384
v 268.863495 354.557587 93.606384
v 283.836639 354.985107 93.606384
v 302.260468 277.010651 13.606379
v 301.319122 277.966187 35.641129
v 301.319122 277.966187 53.606384
v 301.319122 277.966187 71.571640
v 221.722809 277.966187 71.571640
v 221.722809 277.966187 53.606384
v 221.722809 277.966187 35.641129
v 220.749908 277.010651 13.606379
v 226.748810 357.054382 71.571640
v 221.722809 357.562469 53.606384
v 221.722809 357.562469 35.641129
v 220.749908 358.521179 13.606379
v 301.319122 357.562469 71.571640
v 301.319122 357.562469 53.606384
v 301.319122 357.562469 35.641129
v 302.260468 358.521179 13.606379
v 234.573090 362.677460 71.571640
v 234.573090 362.677460 53.606384
v 234.573090 362.677460 35.641129
v 231.505157 367.765930 13.606379
v 251.505157 367.765930 73.606384
v 251.505157 367.765930 53.606380
v 251.505157 367.765930 33.606380
v 251.505157 367.765930 13.606379
v 271.505157 367.765930 73.606384
v 271.505157 367.765930 53.606380
v 271.505157 367.765930 33.606380
v 271.505157 367.765930 13.606379
v 288.468903 362.677460 71.571640
v 288.468903 362.677460 53.606384
v 288.468903 362.677460 35.641129
v 291.505157 367.765930 13.606379
v 288.468903 272.851196 71.571640
v 288.468903 272.851196 53.606384
v 288.468903 272.851196 35.641129
v 291.505157 267.765930 13.606379
v 271.505157 267.765930 73.606384
v 271.505157 267.765930 53.606380
v 271.505157 267.765930 33.606380
v 271.505157 267.765930 13.606379
v 251.505157 267.765930 73.606384
v 251.505157 267.765930 53.606380
v 251.505157 267.765930 33.606380
v 251.505157 267.765930 13.606379
v 234.573090 272.851196 71.571640
v 234.573090 272.851196 53.606384
v 234.573090 272.851196 35.641129
v 231.505157 267.765930 13.606379
v 211.505157 347.765930 -6.393620
v 211.505157 327.765930 -6.393620
v 211.505157 307.765930 -6.393620
v 211.505157 287.765930 -6.393620
v 224.286041 295.434418 93.606384
v 224.713531 310.407593 93.606384
v 224.713531 325.124268 93.606384
v 224.286041 340.097412 93.606384
v 311.505157 287.765930 -6.393620
v 311.505157 307.765930 -6.393620
v 311.505157 327.765930 -6.393620
v 311.505157 347.765930 -6.393620
v 298.724335 340.097412 93.606384
v 298.296844 325.124268 93.606384
v 298.296844 310.407593 93.606384
v 298.724335 295.434418 93.606384
v 239.173676 295.434418 105.734940
v 231.505157 307.765930 105.734940
v 231.505157 327.765930 105.734940
v 239.173676 340.097412 105.734940
v 251.505157 287.765930 105.734940
v 251.505157 307.765930 113.161850
v 251.505157 327.765930 111.516556
v 251.505157 347.765930 105.734940
v 271.505157 287.765930 105.734940
v 271.505157 307.765930 117.501984
v 271.505157 327.765930 108.602493
v 271.505157 347.765930 105.734940
v 283.836639 295.434418 105.734940
v 291.505157 307.765930 105.734940
v 291.505157 327.765930 105.734940
v 283.836639 340.097412 105.734940
v 231.505157 347.765930 -6.393620
v 231.505157 327.765930 -6.393620
v 231.505157 307.765930 -6.393620
v 231.505157 287.765930 -6.393620
v 251.505157 347.765930 -6.393620
v 251.505157 327.765930 -6.393620
v 251.505157 307.765930 -6.393620
v 251.505157 287.765930 -6.393620
v 271.505157 347.765930 -6.393620
v 271.505157 327.765930 -6.393620
v 271.505157 307.765930 -6.393620
v 271.505157 287.765930 -6.393620
v 291.505157 347.765930 -6.393620
v 291.505157 327.765930 -6.393620
v 291.505157 307.765930 -6.393620
v 291.505157 287.765930 -6.393620
v 311.505157 347.765930 13.606379
v 311.505157 327.765930 13.606379
v 311.505157 307.765930 13.606379
v 311.505157 287.765930 13.606379
v 306.434113 344.712219 35.641129
v 311.505157 327.765930 33.606380
v 311.505157 307.765930 33.606380
v 306.434113 290.816467 35.641129
v 306.434113 344.712219 53.606384
v 311.505157 327.765930 53.606380
v 311.505157 307.765930 53.606380
v 306.434113 290.816467 53.606384
v 306.434113 344.712219 71.571640
v 311.505157 327.765930 73.606384
v 311.505157 307.765930 73.606384
v 306.434113 290.816467 71.571640
v 211.505157 287.765930 13.606379
v 211.505157 307.765930 13.606379
v 211.505157 327.765930 13.606379
v 211.505157 347.765930 13.606379
v 216.607819 290.816467 35.641129
v 211.505157 307.765930 33.606380
v 211.505157 327.765930 33.606380
v 216.607819 344.712219 35.641129
v 216.607819 290.816467 53.606384
v 211.505157 307.765930 53.606380
v 211.505157 327.765930 53.606380
v 216.607819 344.712219 53.606384
v 216.607819 290.816467 71.571640
v 211.505157 307.765930 73.606384
v 211.505157 327.765930 73.606384
v 216.607819 344.712219 71.571640
v 360.709686 212.973816 -6.393620
v 351.448090 224.509842 92.494949
v 279.199127 212.973816 -6.393620
v 284.306122 221.435211 93.123886
v 360.709686 294.484344 -6.393620
v 350.269012 285.290741 93.606384
v 279.199127 294.484344 -6.393620
v 290.080475 286.504456 93.606377
v 289.954376 203.729080 -6.393620
v 309.954376 203.729080 -6.393620
v 329.954376 203.729080 -6.393620
v 349.954376 203.729080 -6.393620
v 342.285858 216.509918 93.606384
v 327.312714 216.937424 93.606384
v 312.596100 216.937424 93.606384
v 297.622894 216.509918 93.606384
v 349.954376 303.729065 -6.393620
v 329.954376 303.729065 -6.393620
v 309.954376 303.729065 -6.393620
v 289.954376 303.729065 -6.393620
v 297.622894 290.948242 93.606384
v 312.596100 290.520752 93.606384
v 327.312714 290.520752 93.606384
v 342.285858 290.948242 93.606384
v 360.709686 212.973816 13.606379
v 359.768341 213.929337 35.641129
v 359.768341 213.929337 53.606384
v 359.768341 213.929337 71.571640
v 280.172028 213.929337 71.571640
v 280.172028 213.929337 53.606384
v 280.172028 213.929337 35.641129
v 279.199127 212.973816 13.606379
v 285.198029 293.017548 71.571640
v 280.172028 293.525635 53.606384
v 280.172028 293.525635 35.641129
v 279.199127 294.484344 13.606379
v 359.768341 293.525635 71.571640
v 359.768341 293.525635 53.606384
v 359.768341 293.525635 35.641129
v 360.709686 294.484344 13.606379
v 293.022369 298.640625 71.571640
v 293.022369 298.640625 53.606384
v 293.022369 298.640625 35.641129
v 289.954376 303.729065 13.606379
v 309.954376 303.729065 73.606384
v 309.954376 303.729065 53.606380
v 309.954376 303.729065 33.606380
v 309.954376 303.729065 13.606379
v 329.954376 303.729065 73.606384
v 329.954376 303.729065 53.606380
v 329.954376 303.729065 33.606380
v 329.954376 303.729065 13.606379
v 346.918121 298.640625 71.571640
v 346.918121 298.640625 53.606384
v 346.918121 298.640625 35.641129
v 349.954376 303.729065 13.606379
v 346.918121 208.814346 71.571640
v 346.918121 208.814346 53.606384
v 346.918121 208.814346 35.641129
v 349.954376 203.729080 13.606379
v 329.954376 203.729080 73.606384
v 329.954376 203.729080 53.606380
v 329.954376 203.729080 33.606380
v 329.954376 203.729080 13.606379
v 309.954376 203.729080 73.606384
v 309.954376 203.729080 53.606380
v 309.954376 203.729080 33.606380
v 309.954376 203.729080 13.606379
v 293.022369 208.814346 71.571640
v 293.022369 208.814346 53.606384
v 293.022369 208.814346 35.641129
v 289.954376 203.729080 13.606379
v 269.954376 283.729065 -6.393620
v 269.954376 263.729065 -6.393620
v 269.954376 243.729080 -6.393620
v 269.954376 223.729080 -6.393620
v 282.735260 231.397583 93.606384
v 283.162750 246.370758 93.606384
v 283.162750 261.087402 93.606384
v 282.735260 276.060577 93.606384
v 369.954376 223.729080 -6.393620
v 369.954376 243.729080 -6.393620
v 369.954376 263.729065 -6.393620
v 369.954376 283.729065 -6.393620
v 357.173553 276.060577 93.606384
v 356.746063 261.087402 93.606384
v 356.746063 246.370758 93.606384
v 357.173553 231.397583 93.606384
v 297.622894 231.397583 105.734940
v 289.954376 243.729080 105.734940
v 289.954376 263.729065 105.734940
v 297.622894 276.060577 105.734940
v 309.954376 223.729080 105.734940
v 309.954376 243.729080 113.161850
v 309.954376 263.729065 111.516556
v 309.954376 283.729065 105.734940
v 329.954376 223.729080 105.734940
v 329.954376 243.729080 117.501984
v 329.954376 263.729065 108.602493
v 329.954376 283.729065 105.734940
v 342.285858 231.397583 105.734940
v 349.954376 243.729080 105.734940
v 349.954376 263.729065 105.734940
v 342.285858 276.060577 105.734940
v 289.954376 283.729065 -6.393620
v 289.954376 263.729065 -6.393620
v 289.954376 243.729080 -6.393620
v 289.954376 223.729080 -6.393620
v 309.954376 283.729065 -6.393620
v 309.954376 263.729065 -6.393620
v 309.954376 243.729080 -6.393620
v 309.954376 223.729080 -6.393620
v 329.954376 283.729065 -6.393620
v 329.954376 263.729065 -6.393620
v 329.954376 243.729080 -6.393620
v 329.954376 223.729080 -6.393620
v 349.954376 283.729065 -6.393620
v 349.954376 263.729065 -6.393620
v 349.954376 243.729080 -6.393620
v 349.954376 223.729080 -6.393620
v 369.954376 283.729065 13.606379
v 369.954376 263.729065 13.606379
v 369.954376 243.729080 13.606379
v 369.954376 223.729080 13.606379
v 364.883331 280.675354 35.641129
v 369.954376 263.729065 33.606380
v 369.954376 243.729080 33.606380
v 364.883331 226.779602 35.641129
v 364.883331 280.675354 53.606384
v 369.954376 263.729065 53.606380
v 369.954376 243.729080 53.606380
v 364.883331 226.779602 53.606384
v 364.883331 280.675354 71.571640
v 369.954376 263.729065 73.606384
v 369.954376 243.729080 73.606384
v 364.883331 226.779602 71.571640
v 269.954376 223.729080 13.606379
v 269.954376 243.729080 13.606379
v 269.954376 263.729065 13.606379
v 269.954376 283.729065 13.606379
v 275.057098 226.779602 35.641129
v 269.954376 243.729080 33.606380
v 269.954376 263.729065 33.606380
v 275.057098 280.675354 35.641129
v 275.057098 226.779602 53.606384
v 269.954376 243.729080 53.606380
v 269.954376 263.729065 53.606380
v 275.057098 280.675354 53.606384
v 275.057098 226.779602 71.571640
v 269.954376 243.729080 73.606384
v 269.954376 263.729065 73.606384
v 275.057098 280.675354 71.571640
v 425.134735 153.443237 -6.393620
v 415.873138 164.979279 92.494949
v 343.624176 153.443237 -6.393620
v 348.731232 161.904633 93.123886
v 425.134735 234.953781 -6.393620
v 414.694122 225.760162 93.606384
v 343.624176 234.953781 -6.393620
v 354.505524 226.973892 93.606377
v 354.379425 144.198517 -6.393620
v 374.379486 144.198517 -6.393620
v 394.379486 144.198517 -6.393620
v 414.379486 144.198517 -6.393620
v 406.710968 156.979355 93.606384
v 391.737823 157.406860 93.606384
v 377.021149 157.406860 93.606384
v 362.048004 156.979355 93.606384
v 414.379486 244.198517 -6.393620
v 394.379486 244.198517 -6.393620
v 374.379486 244.198517 -6.393620
v 354.379425 244.198517 -6.393620
v 362.048004 231.417664 93.606384
v 377.021149 230.990158 93.606384
v 391.737823 230.990158 93.606384
v 406.710968 231.417664 93.606384
v 425.134735 153.443237 13.606379
v 424.193451 154.398773 35.641129
v 424.193451 154.398773 53.606384
v 424.193451 154.398773 71.571640
v 344.597137 154.398773 71.571640
v 344.597137 154.398773 53.606384
v 344.597137 154.398773 35.641129
v 343.624176 153.443237 13.606379
v 349.623077 233.487000 71.571640
v 344.597137 233.995056 53.606384
v 344.597137 233.995056 35.641129
v 343.624176 234.953781 13.606379
v 424.193451 233.995056 71.571640
v 424.193451 233.995056 53.606384
v 424.193451 233.995056 35.641129
v 425.134735 234.953781 13.606379
v 357.447418 239.110046 71.571640
v 357.447418 239.110046 53.606384
v 357.447418 239.110046 35.641129
v 354.379425 244.198517 13.606379
v 374.379486 244.198517 73.606384
v 374.379486 244.198517 53.606380
v 374.379486 244.198517 33.606380
v 374.379486 244.198517 13.606379
v 394.379486 244.198517 73.606384
v 394.379486 244.198517 53.606380
v 394.379486 244.198517 33.606380
v 394.379486 244.198517 13.606379
v 411.343170 239.110046 71.571640
v 411.343170 239.110046 53.606384
v 411.343170 239.110046 35.641129
v 414.379486 244.198517 13.606379
v 411.343170 149.283783 71.571640
v 411.343170 149.283783 53.606384
v 411.343170 149.283783 35.641129
v 414.379486 144.198517 13.606379
v 394.379486 144.198517 73.606384
v 394.379486 144.198517 53.606380
v 394.379486 144.198517 33.606380
v 394.379486 144.198517 13.606379
v 374.379486 144.198517 73.606384
v 374.379486 144.198517 53.606380
v 374.379486 144.198517 33.606380
v 374.379486 144.198517 13.606379
v 357.447418 149.283783 71.571640
v 357.447418 149.283783 53.606384
v 357.447418 149.283783 35.641129
v 354.379425 144.198517 13.606379
v 334.379486 224.198517 -6.393620
v 334.379486 204.198517 -6.393620
v 334.379486 184.198517 -6.393620
v 334.379486 164.198517 -6.393620
v 347.160309 171.867020 93.606384
v 347.587799 186.840179 93.606384
v 347.587799 201.556839 93.606384
v 347.160309 216.529999 93.606384
v 434.379486 164.198517 -6.393620
v 434.379486 184.198517 -6.393620
v 434.379486 204.198517 -6.393620
v 434.379486 224.198517 -6.393620
v 421.598602 216.529999 93.606384
v 421.171112 201.556839 93.606384
v 421.171112 186.840179 93.606384
v 421.598602 171.867020 93.606384
v 362.048004 171.867020 105.734940
v 354.379425 184.198517 105.734940
v 354.379425 204.198517 105.734940
v 362.048004 216.529999 105.734940
v 374.379486 164.198517 105.734940
v 374.379486 184.198517 113.161850
v 374.379486 204.198517 111.516556
v 374.379486 224.198517 105.734940
v 394.379486 164.198517 105.734940
v 394.379486 184.198517 117.501984
v 394.379486 204.198517 108.602493
v 394.379486 224.198517 105.734940
v 406.710968 171.867020 105.734940
v 414.379486 184.198517 105.734940
v 414.379486 204.198517 105.734940
v 406.710968 216.529999 105.734940
v 354.379425 224.198517 -6.393620
v 354.379425 204.198517 -6.393620
v 354.379425 184.198517 -6.393620
v 354.379425 164.198517 -6.393620
v 374.379486 224.198517 -6.393620
v 374.379486 204.198517 -6.393620
v 374.379486 184.198517 -6.393620
v 374.379486 164.198517 -6.393620
v 394.379486 224.198517 -6.393620
v 394.379486 204.198517 -6.393620
v 394.379486 184.198517 -6.393620
v 394.379486 164.198517 -6.393620
v 414.379486 224.198517 -6.393620
v 414.379486 204.198517 -6.393620
v 414.379486 184.198517 -6.393620
v 414.379486 164.198517 -6.393620
v 434.379486 224.198517 13.606379
v 434.379486 204.198517 13.606379
v 434.379486 184.198517 13.606379
v 434.379486 164.198517 13.606379
v 429.308380 221.144791 35.641129
v 434.379486 204.198517 33.606380
v 434.379486 184.198517 33.606380
v 429.308380 167.249039 35.641129
v 429.308380 221.144791 53.606384
v 434.379486 204.198517 53.606380
v 434.379486 184.198517 53.606380
v 429.308380 167.249039 53.606384
v 429.308380 221.144791 71.571640
v 434.379486 204.198517 73.606384
v 434.379486 184.198517 73.606384
v 429.308380 167.249039 71.571640
v 334.379486 164.198517 13.606379
v 334.379486 184.198517 13.606379
v 334.379486 204.198517 13.606379
v 334.379486 224.198517 13.606379
v 339.482147 167.249039 35.641129
v 334.379486 184.198517 33.606380
v 334.379486 204.198517 33.606380
v 339.482147 221.144791 35.641129
v 339.482147 167.249039 53.606384
v 334.379486 184.198517 53.606380
v 334.379486 204.198517 53.606380
v 339.482147 221.144791 53.606384
v 339.482147 167.249039 71.571640
v 334.379486 184.198517 73.606384
v 334.379486 204.198517 73.606384
v 339.482147 221.144791 71.571640
v 494.679474 16.851425 -6.393620
v 485.417816 28.387466 92.494949
v 413.168915 16.851425 -6.393620
v 418.275909 25.312820 93.123886
v 494.679474 98.361969 -6.393620
v 484.238800 89.168358 93.606384
v 413.168915 98.361969 -6.393620
v 424.050201 90.382072 93.606377
v 423.924164 7.606689 -6.393620
v 443.924103 7.606689 -6.393620
v 463.924225 7.606689 -6.393620
v 483.924164 7.606689 -6.393620
v 476.255707 20.387527 93.606384
v 461.282501 20.815033 93.606384
v 446.565826 20.815033 93.606384
v 431.592621 20.387527 93.606384
v 483.924164 107.606697 -6.393620
v 463.924225 107.606697 -6.393620
v 443.924103 107.606697 -6.393620
v 423.924164 107.606697 -6.393620
v 431.592621 94.825859 93.606384
v 446.565826 94.398346 93.606384
v 461.282501 94.398346 93.606384
v 476.255707 94.825859 93.606384
v 494.679474 16.851425 13.606379
v 493.738190 17.806961 35.641129
v 493.738190 17.806961 53.606384
v 493.738190 17.806961 71.571640
v 414.141815 17.806961 71.571640
v 414.141815 17.806961 53.606384
v 414.141815 17.806961 35.641129
v 413.168915 16.851425 13.606379
v 419.167816 96.895172 71.571640
v 414.141815 97.403236 53.606384
v 414.141815 97.403236 35.641129
v 413.168915 98.361969 13.606379
v 493.738190 97.403236 71.571640
v 493.738190 97.403236 53.606384
v 493.738190 97.403236 35.641129
v 494.679474 98.361969 13.606379
v 426.992096 102.518227 71.571640
v 426.992096 102.518227 53.606384
v 426.992096 102.518227 35.641129
v 423.924164 107.606697 13.606379
v 443.924103 107.606697 73.606384
v 443.924103 107.606697 53.606380
v 443.924103 107.606697 33.606380
v 443.924103 107.606697 13.606379
v 463.924225 107.606697 73.606384
v 463.924225 107.606697 53.606380
v 463.924225 107.606697 33.606380
v 463.924225 107.606697 13.606379
v 480.887909 102.518227 71.571640
v 480.887909 102.518227 53.606384
v 480.887909 102.518227 35.641129
v 483.924164 107.606697 13.606379
v 480.887909 12.691971 71.571640
v 480.887909 12.691971 53.606384
v 480.887909 12.691971 35.641129
v 483.924164 7.606689 13.606379
v 463.924225 7.606689 73.606384
v 463.924225 7.606689 53.606380
v 463.924225 7.606689 33.606380
v 463.924225 7.606689 13.606379
v 443.924103 7.606689 73.606384
v 443.924103 7.606689 53.606380
v 443.924103 7.606689 33.606380
v 443.924103 7.606689 13.606379
v 426.992096 12.691971 71.571640
v 426.992096 12.691971 53.606384
v 426.992096 12.691971 35.641129
v 423.924164 7.606689 13.606379
v 403.924164 87.606697 -6.393620
v 403.924164 67.606697 -6.393620
v 403.924164 47.606689 -6.393620
v 403.924164 27.606705 -6.393620
v 416.705048 35.275192 93.606384
v 417.132538 50.248352 93.606384
v 417.132538 64.965034 93.606384
v 416.705048 79.938194 93.606384
v 503.924164 27.606705 -6.393620
v 503.924164 47.606689 -6.393620
v 503.924164 67.606697 -6.393620
v 503.924164 87.606697 -6.393620
v 491.143341 79.938194 93.606384
v 490.715790 64.965034 93.606384
v 490.715790 50.248352 93.606384
v 491.143341 35.275192 93.606384
v 431.592621 35.275192 105.734940
v 423.924164 47.606689 105.734940
v 423.924164 67.606697 105.734940
v 431.592621 79.938194 105.734940
v 443.924103 27.606705 105.734940
v 443.924103 47.606689 113.161850
v 443.924103 67.606697 111.516556
v 443.924103 87.606697 105.734940
v 463.924225 27.606705 105.734940
v 463.924225 47.606689 117.501984
v 463.924225 67.606697 108.602493
v 463.924225 87.606697 105.734940
v 476.255707 35.275192 105.734940
v 483.924164 47.606689 105.734940
v 483.924164 67.606697 105.734940
v 476.255707 79.938194 105.734940
v 423.924164 87.606697 -6.393620
v 423.924164 67.606697 -6.393620
v 423.924164 47.606689 -6.393620
v 423.924164 27.606705 -6.393620
v 443.924103 87.606697 -6.393620
v 443.924103 67.606697 -6.393620
v 443.924103 47.606689 -6.393620
v 443.924103 27.606705 -6.393620
v 463.924225 87.606697 -6.393620
v 463.924225 67.606697 -6.393620
v 463.924225 47.606689 -6.393620
v 463.924225 27.606705 -6.393620
v 483.924164 87.606697 -6.393620
v 483.924164 67.606697 -6.393620
v 483.924164 47.606689 -6.393620
v 483.924164 27.606705 -6.393620
v 503.924164 87.606697 13.606379
v 503.924164 67.606697 13.606379
v 503.924164 47.606689 13.606379
v 503.924164 27.606705 13.606379
v 498.853119 84.552979 35.641129
v 503.924164 67.606697 33.606380
v 503.924164 47.606689 33.606380
v 498.853119 30.657211 35.641129
v 498.853119 84.552979 53.606384
v 503.924164 67.606697 53.606380
v 503.924164 47.606689 53.606380
v 498.853119 30.657211 53.606384
v 498.853119 84.552979 71.571640
v 503.924164 67.606697 73.606384
v 503.924164 47.606689 73.606384
v 498.853119 30.657211 71.571640
v 403.924164 27.606705 13.606379
v 403.924164 47.606689 13.606379
v 403.924164 67.606697 13.606379
v 403.924164 87.606697 13.606379
v 409.026886 30.657211 35.641129
v 403.924164 47.606689 33.606380
v 403.924164 67.606697 33.606380
v 409.026886 84.552979 35.641129
v 409.026886 30.657211 53.606384
v 403.924164 47.606689 53.606380
v 403.924164 67.606697 53.606380
v 409.026886 84.552979 53.606384
v 409.026886 30.657211 71.571640
v 403.924164 47.606689 73.606384
v 403.924164 67.606697 73.606384
v 409.026886 84.552979 71.571640
v 481.132477 -73.105957 -6.393620
v 471.870880 -61.569931 92.494949
v 399.621979 -73.105957 -6.393620
v 404.728973 -64.644547 93.123886
v 481.132477 8.404587 -6.393620
v 470.691864 -0.789032 93.606384
v 399.621979 8.404587 -6.393620
v 410.503265 0.424698 93.606377
v 410.377228 -82.350677 -6.393620
v 430.377167 -82.350677 -6.393620
v 450.377289 -82.350677 -6.393620
v 470.377228 -82.350677 -6.393620
v 462.708771 -69.569855 93.606384
v 447.735565 -69.142349 93.606384
v 433.018890 -69.142349 93.606384
v 418.045685 -69.569855 93.606384
v 470.377228 17.649323 -6.393620
v 450.377289 17.649323 -6.393620
v 430.377167 17.649323 -6.393620
v 410.377228 17.649323 -6.393620
v 418.045685 4.868484 93.606384
v 433.018890 4.440979 93.606384
v 447.735565 4.440979 93.606384
v 462.708771 4.868484 93.606384
v 481.132477 -73.105957 13.606379
v 480.191193 -72.150421 35.641129
v 480.191193 -72.150421 53.606384
v 480.191193 -72.150421 71.571640
v 400.594879 -72.150421 71.571640
v 400.594879 -72.150421 53.606384
v 400.594879 -72.150421 35.641129
v 399.621979 -73.105957 13.606379
v 405.620880 6.937790 71.571640
v 400.594879 7.445862 53.606384
v 400.594879 7.445862 35.641129
v 399.621979 8.404587 13.606379
v 480.191193 7.445862 71.571640
v 480.191193 7.445862 53.606384
v 480.191193 7.445862 35.641129
v 481.132477 8.404587 13.606379
v 413.445160 12.560837 71.571640
v 413.445160 12.560837 53.606384
v 413.445160 12.560837 35.641129
v 410.377228 17.649323 13.606379
v 430.377167 17.649323 73.606384
v 430.377167 17.649323 53.606380
v 430.377167 17.649323 33.606380
v 430.377167 17.649323 13.606379
v 450.377289 17.649323 73.606384
v 450.377289 17.649323 53.606380
v 450.377289 17.649323 33.606380
v 450.377289 17.649323 13.606379
v 467.340912 12.560837 71.571640
v 467.340912 12.560837 53.606384
v 467.340912 12.560837 35.641129
v 470.377228 17.649323 13.606379
v 467.340912 -77.265411 71.571640
v 467.340912 -77.265411 53.606384
v 467.340912 -77.265411 35.641129
v 470.377228 -82.350677 13.606379
v 450.377289 -82.350677 73.606384
v 450.377289 -82.350677 53.606380
v 450.377289 -82.350677 33.606380
v 450.377289 -82.350677 13.606379
v 430.377167 -82.350677 73.606384
v 430.377167 -82.350677 53.606380
v 430.377167 -82.350677 33.606380
v 430.377167 -82.350677 13.606379
v 413.445160 -77.265411 71.571640
v 413.445160 -77.265411 53.606384
v 413.445160 -77.265411 35.641129
v 410.377228 -82.350677 13.606379
v 390.377228 -2.350693 -6.393620
v 390.377228 -22.350693 -6.393620
v 390.377228 -42.350677 -6.393620
v 390.377228 -62.350677 -6.393620
v 403.158112 -54.682190 93.606384
v 403.585602 -39.709015 93.606384
v 403.585602 -24.992355 93.606384
v 403.158112 -10.019180 93.606384
v 490.377228 -62.350677 -6.393620
v 490.377228 -42.350677 -6.393620
v 490.377228 -22.350693 -6.393620
v 490.377228 -2.350693 -6.393620
v 477.596344 -10.019180 93.606384
v 477.168854 -24.992355 93.606384
v 477.168854 -39.709015 93.606384
v 477.596344 -54.682190 93.606384
v 418.045685 -54.682190 105.734940
v 410.377228 -42.350677 105.734940
v 410.377228 -22.350693 105.734940
v 418.045685 -10.019180 105.734940
v 430.377167 -62.350677 105.734940
v 430.377167 -42.350677 113.161850
v 430.377167 -22.350693 111.516556
v 430.377167 -2.350693 105.734940
v 450.377289 -62.350677 105.734940
v 450.377289 -42.350677 117.501984
v 450.377289 -22.350693 108.602493
v 450.377289 -2.350693 105.734940
v 462.708771 -54.682190 105.734940
v 470.377228 -42.350677 105.734940
v 470.377228 -22.350693 105.734940
v 462.708771 -10.019180 105.734940
v 410.377228 -2.350693 -6.393620
v 410.377228 -22.350693 -6.393620
v 410.377228 -42.350677 -6.393620
v 410.377228 -62.350677 -6.393620
v 430.377167 -2.350693 -6.393620
v 430.377167 -22.350693 -6.393620
v 430.377167 -42.350677 -6.393620
v 430.377167 -62.350677 -6.393620
v 450.377289 -2.350693 -6.393620
v 450.377289 -22.350693 -6.393620
v 450.377289 -42.350677 -6.393620
v 450.377289 -62.350677 -6.393620
v 470.377228 -2.350693 -6.393620
v 470.377228 -22.350693 -6.393620
v 470.377228 -42.350677 -6.393620
v 470.377228 -62.350677 -6.393620
v 490.377228 -2.350693 13.606379
v 490.377228 -22.350693 13.606379
v 490.377228 -42.350677 13.606379
v 490.377228 -62.350677 13.606379
v 485.306183 -5.404404 35.641129
v 490.377228 -22.350693 33.606380
v 490.377228 -42.350677 33.606380
v 485.306183 -59.300156 35.641129
v 485.306183 -5.404404 53.606384
v 490.377228 -22.350693 53.606380
v 490.377228 -42.350677 53.606380
v 485.306183 -59.300156 53.606384
v 485.306183 -5.404404 71.571640
v 490.377228 -22.350693 73.606384
v 490.377228 -42.350677 73.606384
v 485.306183 -59.300156 71.571640
v 390.377228 -62.350677 13.606379
v 390.377228 -42.350677 13.606379
v 390.377228 -22.350693 13.606379
v 390.377228 -2.350693 13.606379
v 395.479950 -59.300156 35.641129
v 390.377228 -42.350677 33.606380
v 390.377228 -22.350693 33.606380
v 395.479950 -5.404404 35.641129
v 395.479950 -59.300156 53.606384
v 390.377228 -42.350677 53.606380
v 390.377228 -22.350693 53.606380
v 395.479950 -5.404404 53.606384
v 395.479950 -59.300156 71.571640
v 390.377228 -42.350677 73.606384
v 390.377228 -22.350693 73.606384
v 395.479950 -5.404404 71.571640
v -12.221710 409.750885 -6.393620
v -21.483276 421.286926 92.494949
v -93.732269 409.750885 -6.393620
v -88.625244 418.212280 93.123886
v -12.221710 491.261444 -6.393620
v -22.662354 482.067810 93.606384
v -93.732269 491.261444 -6.393620
v -82.850922 483.281525 93.606377
v -82.976990 400.506165 -6.393620
v -62.976990 400.506165 -6.393620
v -42.977020 400.506165 -6.393620
v -22.976990 400.506165 -6.393620
v -30.645508 413.286987 93.606384
v -45.618652 413.714508 93.606384
v -60.335327 413.714508 93.606384
v -75.308502 413.286987 93.606384
v -22.976990 500.506165 -6.393620
v -42.977020 500.506165 -6.393620
v -62.976990 500.506165 -6.393620
v -82.976990 500.506165 -6.393620
v -75.308502 487.725342 93.606384
v -60.335327 487.297821 93.606384
v -45.618652 487.297821 93.606384
v -30.645508 487.725342 93.606384
v -12.221710 409.750885 13.606379
v -13.163055 410.706421 35.641129
v -13.163055 410.706421 53.606384
v -13.163055 410.706421 71.571640
v -92.759338 410.706421 71.571640
v -92.759338 410.706421 53.606384
v -92.759338 410.706421 35.641129
v -93.732269 409.750885 13.606379
v -87.733368 489.794647 71.571640
v -92.759338 490.302704 53.606384
v -92.759338 490.302704 35.641129
v -93.732269 491.261444 13.606379
v -13.163055 490.302704 71.571640
v -13.163055 490.302704 53.606384
v -13.163055 490.302704 35.641129
v -12.221710 491.261444 13.606379
v -79.909058 495.417694 71.571640
v -79.909058 495.417694 53.606384
v -79.909058 495.417694 35.641129
v -82.976990 500.506165 13.606379
v -62.976990 500.506165 73.606384
v -62.976990 500.506165 53.606380
v -62.976990 500.506165 33.606380
v -62.976990 500.506165 13.606379
v -42.977020 500.506165 73.606384
v -42.977020 500.506165 53.606380
v -42.977020 500.506165 33.606380
v -42.977020 500.506165 13.606379
v -26.013306 495.417694 71.571640
v -26.013306 495.417694 53.606384
v -26.013306 495.417694 35.641129
v -22.976990 500.506165 13.606379
v -26.013306 405.591431 71.571640
v -26.013306 405.591431 53.606384
v -26.013306 405.591431 35.641129
v -22.976990 400.506165 13.606379
v -42.977020 400.506165 73.606384
v -42.977020 400.506165 53.606380
v -42.977020 400.506165 33.606380
v -42.977020 400.506165 13.606379
v -62.976990 400.506165 73.606384
v -62.976990 400.506165 53.606380
v -62.976990 400.506165 33.606380
v -62.976990 400.506165 13.606379
v -79.909058 405.591431 71.571640
v -79.909058 405.591431 53.606384
v -79.909058 405.591431 35.641129
v -82.976990 400.506165 13.606379
v -102.976990 480.506165 -6.393620
v -102.976990 460.506165 -6.393620
v -102.976990 440.506165 -6.393620
v -102.976990 420.506165 -6.393620
v -90.196167 428.174683 93.606384
v -89.768646 443.147827 93.606384
v -89.768646 457.864502 93.606384
v -90.196167 472.837646 93.606384
v -2.976990 420.506165 -6.393620
v -2.976990 440.506165 -6.393620
v -2.976990 460.506165 -6.393620
v -2.976990 480.506165 -6.393620
v -15.757843 472.837646 93.606384
v -16.185333 457.864502 93.606384
v -16.185333 443.147827 93.606384
v -15.757843 428.174683 93.606384
v -75.308502 428.174683 105.734940
v -82.976990 440.506165 105.734940
v -82.976990 460.506165 105.734940
v -75.308502 472.837646 105.734940
v -62.976990 420.506165 105.734940
v -62.976990 440.506165 113.161850
v -62.976990 460.506165 111.516556
v -62.976990 480.506165 105.734940
v -42.977020 420.506165 105.734940
v -42.977020 440.506165 117.501984
v -42.977020 460.506165 108.602493
v -42.977020 480.506165 105.734940
v -30.645508 428.174683 105.734940
v -22.976990 440.506165 105.734940
v -22.976990 460.506165 105.734940
v -30.645508 472.837646 105.734940
v -82.976990 480.506165 -6.393620
v -82.976990 460.506165 -6.393620
v -82.976990 440.506165 -6.393620
v -82.976990 420.506165 -6.393620
v -62.976990 480.506165 -6.393620
v -62.976990 460.506165 -6.393620
v -62.976990 440.506165 -6.393620
v -62.976990 420.506165 -6.393620
v -42.977020 480.506165 -6.393620
v -42.977020 460.506165 -6.393620
v -42.977020 440.506165 -6.393620
v -42.977020 420.506165 -6.393620
v -22.976990 480.506165 -6.393620
v -22.976990 460.506165 -6.393620
v -22.976990 440.506165 -6.393620
v -22.976990 420.506165 -6.393620
v -2.976990 480.506165 13.606379
v -2.976990 460.506165 13.606379
v -2.976990 440.506165 13.606379
v -2.976990 420.506165 13.606379
v -8.048065 477.452454 35.641129
v -2.976990 460.506165 33.606380
v -2.976990 440.506165 33.606380
v -8.048065 423.556702 35.641129
v -8.048065 477.452454 53.606384
v -2.976990 460.506165 53.606380
v -2.976990 440.506165 53.606380
v -8.048065 423.556702 53.606384
v -8.048065 477.452454 71.571640
v -2.976990 460.506165 73.606384
v -2.976990 440.506165 73.606384
v -8.048065 423.556702 71.571640
v -102.976990 420.506165 13.606379
v -102.976990 440.506165 13.606379
v -102.976990 460.506165 13.606379
v -102.976990 480.506165 13.606379
v -97.874329 423.556702 35.641129
v -102.976990 440.506165 33.606380
v -102.976990 460.506165 33.606380
v -97.874329 477.452454 35.641129
v -97.874329 423.556702 53.606384
v -102.976990 440.506165 53.606380
v -102.976990 460.506165 53.606380
v -97.874329 477.452454 53.606384
v -97.874329 423.556702 71.571640
v -102.976990 440.506165 73.606384
v -102.976990 460.506165 73.606384
v -97.874329 477.452454 71.571640
v 463.490204 -167.483673 -6.393620
v 454.228607 -155.947632 92.494949
v 381.979645 -167.483673 -6.393620
v 387.086700 -159.022247 93.123886
v 463.490204 -85.973114 -6.393620
v 453.049530 -95.166748 93.606384
v 381.979645 -85.973114 -6.393620
v 392.860992 -93.953003 93.606377
v 392.734894 -176.728394 -6.393620
v 412.734894 -176.728394 -6.393620
v 432.734955 -176.728394 -6.393620
v 452.734955 -176.728394 -6.393620
v 445.066437 -163.947571 93.606384
v 430.093292 -163.520050 93.606384
v 415.376556 -163.520050 93.606384
v 400.403412 -163.947571 93.606384
v 452.734955 -76.728394 -6.393620
v 432.734955 -76.728394 -6.393620
v 412.734894 -76.728394 -6.393620
v 392.734894 -76.728394 -6.393620
v 400.403412 -89.509216 93.606384
v 415.376556 -89.936737 93.606384
v 430.093292 -89.936737 93.606384
v 445.066437 -89.509216 93.606384
v 463.490204 -167.483673 13.606379
v 462.548920 -166.528137 35.641129
v 462.548920 -166.528137 53.606384
v 462.548920 -166.528137 71.571640
v 382.952606 -166.528137 71.571640
v 382.952606 -166.528137 53.606384
v 382.952606 -166.528137 35.641129
v 381.979645 -167.483673 13.606379
v 387.978546 -87.439911 71.571640
v 382.952606 -86.931854 53.606384
v 382.952606 -86.931854 35.641129
v 381.979645 -85.973114 13.606379
v 462.548920 -86.931854 71.571640
v 462.548920 -86.931854 53.606384
v 462.548920 -86.931854 35.641129
v 463.490204 -85.973114 13.606379
v 395.802887 -81.816864 71.571640
v 395.802887 -81.816864 53.606384
v 395.802887 -81.816864 35.641129
v 392.734894 -76.728394 13.606379
v 412.734894 -76.728394 73.606384
v 412.734894 -76.728394 53.606380
v 412.734894 -76.728394 33.606380
v 412.734894 -76.728394 13.606379
v 432.734955 -76.728394 73.606384
v 432.734955 -76.728394 53.606380
v 432.734955 -76.728394 33.606380
v 432.734955 -76.728394 13.606379
v 449.698639 -81.816864 71.571640
v 449.698639 -81.816864 53.606384
v 449.698639 -81.816864 35.641129
v 452.734955 -76.728394 13.606379
v 449.698639 -171.643127 71.571640
v 449.698639 -171.643127 53.606384
v 449.698639 -171.643127 35.641129
v 452.734955 -176.728394 13.606379
v 432.734955 -176.728394 73.606384
v 432.734955 -176.728394 53.606380
v 432.734955 -176.728394 33.606380
v 432.734955 -176.728394 13.606379
v 412.734894 -176.728394 73.606384
v 412.734894 -176.728394 53.606380
v 412.734894 -176.728394 33.606380
v 412.734894 -176.728394 13.606379
v 395.802887 -171.643127 71.571640
v 395.802887 -171.643127 53.606384
v 395.802887 -171.643127 35.641129
v 392.734894 -176.728394 13.606379
v 372.734894 -96.728394 -6.393620
v 372.734894 -116.728394 -6.393620
v 372.734894 -136.728394 -6.393620
v 372.734894 -156.728394 -6.393620
v 385.515778 -149.059906 93.606384
v 385.943268 -134.086731 93.606384
v 385.943268 -119.370056 93.606384
v 385.515778 -104.396881 93.606384
v 472.734894 -156.728394 -6.393620
v 472.734894 -136.728394 -6.393620
v 472.734894 -116.728394 -6.393620
v 472.734894 -96.728394 -6.393620
v 459.954071 -104.396881 93.606384
v 459.526520 -119.370056 93.606384
v 459.526520 -134.086731 93.606384
v 459.954071 -149.059906 93.606384
v 400.403412 -149.059906 105.734940
v 392.734894 -136.728394 105.734940
v 392.734894 -116.728394 105.734940
v 400.403412 -104.396881 105.734940
v 412.734894 -156.728394 105.734940
v 412.734894 -136.728394 113.161850
v 412.734894 -116.728394 111.516556
v 412.734894 -96.728394 105.734940
v 432.734955 -156.728394 105.734940
v 432.734955 -136.728394 117.501984
v 432.734955 -116.728394 108.602493
v 432.734955 -96.728394 105.734940
v 445.066437 -149.059906 105.734940
v 452.734955 -136.728394 105.734940
v 452.734955 -116.728394 105.734940
v 445.066437 -104.396881 105.734940
v 392.734894 -96.728394 -6.393620
v 392.734894 -116.728394 -6.393620
v 392.734894 -136.728394 -6.393620
v 392.734894 -156.728394 -6.393620
v 412.734894 -96.728394 -6.393620
v 412.734894 -116.728394 -6.393620
v 412.734894 -136.728394 -6.393620
v 412.734894 -156.728394 -6.393620
v 432.734955 -96.728394 -6.393620
v 432.734955 -116.728394 -6.393620
v 432.734955 -136.728394 -6.393620
v 432.734955 -156.728394 -6.393620
v 452.734955 -96.728394 -6.393620
v 452.734955 -116.728394 -6.393620
v 452.734955 -136.728394 -6.393620
v 452.734955 -156.728394 -6.393620
v 472.734894 -96.728394 13.606379
v 472.734894 -116.728394 13.606379
v 472.734894 -136.728394 13.606379
v 472.734894 -156.728394 13.606379
v 467.663849 -99.782104 35.641129
v 472.734894 -116.728394 33.606380
v 472.734894 -136.728394 33.606380
v 467.663849 -153.677856 35.641129
v 467.663849 -99.782104 53.606384
v 472.734894 -116.728394 53.606380
v 472.734894 -136.728394 53.606380
v 467.663849 -153.677856 53.606384
v 467.663849 -99.782104 71.571640
v 472.734894 -116.728394 73.606384
v 472.734894 -136.728394 73.606384
v 467.663849 -153.677856 71.571640
v 372.734894 -156.728394 13.606379
v 372.734894 -136.728394 13.606379
v 372.734894 -116.728394 13.606379
v 372.734894 -96.728394 13.606379
v 377.837616 -153.677856 35.641129
v 372.734894 -136.728394 33.606380
v 372.734894 -116.728394 33.606380
v 377.837616 -99.782104 35.641129
v 377.837616 -153.677856 53.606384
v 372.734894 -136.728394 53.606380
v 372.734894 -116.728394 53.606380
v 377.837616 -99.782104 53.606384
v 377.837616 -153.677856 71.571640
v 372.734894 -136.728394 73.606384
v 372.734894 -116.728394 73.606384
v 377.837616 -99.782104 71.571640
v 434.694122 -256.214630 -6.393620
v 425.432465 -244.678589 92.494949
v 353.183563 -256.214630 -6.393620
v 358.290558 -247.753235 93.123886
v 434.694122 -174.704071 -6.393620
v 424.253448 -183.897675 93.606384
v 353.183563 -174.704071 -6.393620
v 364.064850 -182.683960 93.606377
v 363.938812 -265.459351 -6.393620
v 383.938812 -265.459351 -6.393620
v 403.938873 -265.459351 -6.393620
v 423.938812 -265.459351 -6.393620
v 416.270355 -252.678497 93.606384
v 401.297150 -252.251007 93.606384
v 386.580536 -252.251007 93.606384
v 371.607330 -252.678497 93.606384
v 423.938812 -165.459351 -6.393620
v 403.938873 -165.459351 -6.393620
v 383.938812 -165.459351 -6.393620
v 363.938812 -165.459351 -6.393620
v 371.607330 -178.240173 93.606384
v 386.580536 -178.667694 93.606384
v 401.297150 -178.667694 93.606384
v 416.270355 -178.240173 93.606384
v 434.694122 -256.214630 13.606379
v 433.752838 -255.259094 35.641129
v 433.752838 -255.259094 53.606384
v 433.752838 -255.259094 71.571640
v 354.156464 -255.259094 71.571640
v 354.156464 -255.259094 53.606384
v 354.156464 -255.259094 35.641129
v 353.183563 -256.214630 13.606379
v 359.182465 -176.170868 71.571640
v 354.156464 -175.662811 53.606384
v 354.156464 -175.662811 35.641129
v 353.183563 -174.704071 13.606379
v 433.752838 -175.662811 71.571640
v 433.752838 -175.662811 53.606384
v 433.752838 -175.662811 35.641129
v 434.694122 -174.704071 13.606379
v 367.006744 -170.547821 71.571640
v 367.006744 -170.547821 53.606384
v 367.006744 -170.547821 35.641129
v 363.938812 -165.459351 13.606379
v 383.938812 -165.459351 73.606384
v 383.938812 -165.459351 53.606380
v 383.938812 -165.459351 33.606380
v 383.938812 -165.459351 13.606379
v 403.938873 -165.459351 73.606384
v 403.938873 -165.459351 53.606380
v 403.938873 -165.459351 33.606380
v 403.938873 -165.459351 13.606379
v 420.902557 -170.547821 71.571640
v 420.902557 -170.547821 53.606384
v 420.902557 -170.547821 35.641129
v 423.938812 -165.459351 13.606379
v 420.902557 -260.374084 71.571640
v 420.902557 -260.374084 53.606384
v 420.902557 -260.374084 35.641129
v 423.938812 -265.459351 13.606379
v 403.938873 -265.459351 73.606384
v 403.938873 -265.459351 53.606380
v 403.938873 -265.459351 33.606380
v 403.938873 -265.459351 13.606379
v 383.938812 -265.459351 73.606384
v 383.938812 -265.459351 53.606380
v 383.938812 -265.459351 33.606380
v 383.938812 -265.459351 13.606379
v 367.006744 -260.374084 71.571640
v 367.006744 -260.374084 53.606384
v 367.006744 -260.374084 35.641129
v 363.938812 -265.459351 13.606379
v 343.938812 -185.459351 -6.393620
v 343.938812 -205.459351 -6.393620
v 343.938812 -225.459351 -6.393620
v 343.938812 -245.459381 -6.393620
v 356.719696 -237.790833 93.606384
v 357.147186 -222.817657 93.606384
v 357.147186 -208.101013 93.606384
v 356.719696 -193.127838 93.606384
v 443.938812 -245.459381 -6.393620
v 443.938812 -225.459351 -6.393620
v 443.938812 -205.459351 -6.393620
v 443.938812 -185.459351 -6.393620
v 431.157990 -193.127838 93.606384
v 430.730438 -208.101013 93.606384
v 430.730438 -222.817657 93.606384
v 431.157990 -237.790833 93.606384
v 371.607330 -237.790833 105.734940
v 363.938812 -225.459351 105.734940
v 363.938812 -205.459351 105.734940
v 371.607330 -193.127838 105.734940
v 383.938812 -245.459381 105.734940
v 383.938812 -225.459351 113.161850
v 383.938812 -205.459351 111.516556
v 383.938812 -185.459351 105.734940
v 403.938873 -245.459381 105.734940
v 403.938873 -225.459351 117.501984
v 403.938873 -205.459351 108.602493
v 403.938873 -185.459351 105.734940
v 416.270355 -237.790833 105.734940
v 423.938812 -225.459351 105.734940
v 423.938812 -205.459351 105.734940
v 416.270355 -193.127838 105.734940
v 363.938812 -185.459351 -6.393620
v 363.938812 -205.459351 -6.393620
v 363.938812 -225.459351 -6.393620
v 363.938812 -245.459381 -6.393620
v 383.938812 -185.459351 -6.393620
v 383.938812 -205.459351 -6.393620
v 383.938812 -225.459351 -6.393620
v 383.938812 -245.459381 -6.393620
v 403.938873 -185.459351 -6.393620
v 403.938873 -205.459351 -6.393620
v 403.938873 -225.459351 -6.393620
v 403.938873 -245.459381 -6.393620
v 423.938812 -185.459351 -6.393620
v 423.938812 -205.459351 -6.393620
v 423.938812 -225.459351 -6.393620
v 423.938812 -245.459381 -6.393620
v 443.938812 -185.459351 13.606379
v 443.938812 -205.459351 13.606379
v 443.938812 -225.459351 13.606379
v 443.938812 -245.459381 13.606379
v 438.867767 -188.513062 35.641129
v 443.938812 -205.459351 33.606380
v 443.938812 -225.459351 33.606380
v 438.867767 -242.408813 35.641129
v 438.867767 -188.513062 53.606384
v 443.938812 -205.459351 53.606380
v 443.938812 -225.459351 53.606380
v 438.867767 -242.408813 53.606384
v 438.867767 -188.513062 71.571640
v 443.938812 -205.459351 73.606384
v 443.938812 -225.459351 73.606384
v 438.867767 -242.408813 71.571640
v 343.938812 -245.459381 13.606379
v 343.938812 -225.459351 13.606379
v 343.938812 -205.459351 13.606379
v 343.938812 -185.459351 13.606379
v 349.041473 -242.408813 35.641129
v 343.938812 -225.459351 33.606380
v 343.938812 -205.459351 33.606380
v 349.041473 -188.513062 35.641129
v 349.041473 -242.408813 53.606384
v 343.938812 -225.459351 53.606380
v 343.938812 -205.459351 53.606380
v 349.041473 -188.513062 53.606384
v 349.041473 -242.408813 71.571640
v 343.938812 -225.459351 73.606384
v 343.938812 -205.459351 73.606384
v 349.041473 -188.513062 71.571640
v 402.385590 -343.405701 -6.393620
v 393.123993 -331.869690 92.494949
v 320.875092 -343.405701 -6.393620
v 325.982086 -334.944336 93.123886
v 402.385590 -261.895172 -6.393620
v 391.944977 -271.088806 93.606384
v 320.875092 -261.895172 -6.393620
v 331.756378 -269.875061 93.606377
v 331.630341 -352.650452 -6.393620
v 351.630341 -352.650452 -6.393620
v 371.630341 -352.650452 -6.393620
v 391.630341 -352.650452 -6.393620
v 383.961823 -339.869568 93.606384
v 368.988678 -339.442139 93.606384
v 354.272003 -339.442139 93.606384
v 339.298859 -339.869568 93.606384
v 391.630341 -252.650452 -6.393620
v 371.630341 -252.650452 -6.393620
v 351.630341 -252.650452 -6.393620
v 331.630341 -252.650452 -6.393620
v 339.298859 -265.431305 93.606384
v 354.272003 -265.858795 93.606384
v 368.988678 -265.858795 93.606384
v 383.961823 -265.431305 93.606384
v 402.385590 -343.405701 13.606379
v 401.444305 -342.450195 35.641129
v 401.444305 -342.450195 53.606384
v 401.444305 -342.450195 71.571640
v 321.847992 -342.450195 71.571640
v 321.847992 -342.450195 53.606384
v 321.847992 -342.450195 35.641129
v 320.875092 -343.405701 13.606379
v 326.873932 -263.361969 71.571640
v 321.847992 -262.853912 53.606384
v 321.847992 -262.853912 35.641129
v 320.875092 -261.895172 13.606379
v 401.444305 -262.853912 71.571640
v 401.444305 -262.853912 53.606384
v 401.444305 -262.853912 35.641129
v 402.385590 -261.895172 13.606379
v 334.698273 -257.738922 71.571640
v 334.698273 -257.738922 53.606384
v 334.698273 -257.738922 35.641129
v 331.630341 -252.650452 13.606379
v 351.630341 -252.650452 73.606384
v 351.630341 -252.650452 53.606380
v 351.630341 -252.650452 33.606380
v 351.630341 -252.650452 13.606379
v 371.630341 -252.650452 73.606384
v 371.630341 -252.650452 53.606380
v 371.630341 -252.650452 33.606380
v 371.630341 -252.650452 13.606379
v 388.594025 -257.738922 71.571640
v 388.594025 -257.738922 53.606384
v 388.594025 -257.738922 35.641129
v 391.630341 -252.650452 13.606379
v 388.594025 -347.565186 71.571640
v 388.594025 -347.565186 53.606384
v 388.594025 -347.565186 35.641129
v 391.630341 -352.650452 13.606379
v 371.630341 -352.650452 73.606384
v 371.630341 -352.650452 53.606380
v 371.630341 -352.650452 33.606380
v 371.630341 -352.650452 13.606379
v 351.630341 -352.650452 73.606384
v 351.630341 -352.650452 53.606380
v 351.630341 -352.650452 33.606380
v 351.630341 -352.650452 13.606379
v 334.698273 -347.565186 71.571640
v 334.698273 -347.565186 53.606384
v 334.698273 -347.565186 35.641129
v 331.630341 -352.650452 13.606379
v 311.630341 -272.650421 -6.393620
v 311.630341 -292.650452 -6.393620
v 311.630341 -312.650452 -6.393620
v 311.630341 -332.650482 -6.393620
v 324.411163 -324.981934 93.606384
v 324.838654 -310.008759 93.606384
v 324.838654 -295.292145 93.606384
v 324.411163 -280.318970 93.606384
v 411.630341 -332.650482 -6.393620
v 411.630341 -312.650452 -6.393620
v 411.630341 -292.650452 -6.393620
v 411.630341 -272.650421 -6.393620
v 398.849457 -280.318970 93.606384
v 398.421967 -295.292145 93.606384
v 398.421967 -310.008759 93.606384
v 398.849457 -324.981934 93.606384
v 339.298859 -324.981934 105.734940
v 331.630341 -312.650452 105.734940
v 331.630341 -292.650452 105.734940
v 339.298859 -280.318970 105.734940
v 351.630341 -332.650482 105.734940
v 351.630341 -312.650452 113.161850
v 351.630341 -292.650452 111.516556
v 351.630341 -272.650421 105.734940
v 371.630341 -332.650482 105.734940
v 371.630341 -312.650452 117.501984
v 371.630341 -292.650452 108.602493
v 371.630341 -272.650421 105.734940
v 383.961823 -324.981934 105.734940
v 391.630341 -312.650452 105.734940
v 391.630341 -292.650452 105.734940
v 383.961823 -280.318970 105.734940
v 331.630341 -272.650421 -6.393620
v 331.630341 -292.650452 -6.393620
v 331.630341 -312.650452 -6.393620
v 331.630341 -332.650482 -6.393620
v 351.630341 -272.650421 -6.393620
v 351.630341 -292.650452 -6.393620
v 351.630341 -312.650452 -6.393620
v 351.630341 -332.650482 -6.393620
v 371.630341 -272.650421 -6.393620
v 371.630341 -292.650452 -6.393620
v 371.630341 -312.650452 -6.393620
v 371.630341 -332.650482 -6.393620
v 391.630341 -272.650421 -6.393620
v 391.630341 -292.650452 -6.393620
v 391.630341 -312.650452 -6.393620
v 391.630341 -332.650482 -6.393620
v 411.630341 -272.650421 13.606379
v 411.630341 -292.650452 13.606379
v 411.630341 -312.650452 13.606379
v 411.630341 -332.650482 13.606379
v 406.559296 -275.704163 35.641129
v 411.630341 -292.650452 33.606380
v 411.630341 -312.650452 33.606380
v 406.559296 -329.599915 35.641129
v 406.559296 -275.704163 53.606384
v 411.630341 -292.650452 53.606380
v 411.630341 -312.650452 53.606380
v 406.559296 -329.599915 53.606384
v 406.559296 -275.704163 71.571640
v 411.630341 -292.650452 73.606384
v 411.630341 -312.650452 73.606384
v 406.559296 -329.599915 71.571640
v 311.630341 -332.650482 13.606379
v 311.630341 -312.650452 13.606379
v 311.630341 -292.650452 13.606379
v 311.630341 -272.650421 13.606379
v 316.733002 -329.599915 35.641129
v 311.630341 -312.650452 33.606380
v 311.630341 -292.650452 33.606380
v 316.733002 -275.704163 35.641129
v 316.733002 -329.599915 53.606384
v 311.630341 -312.650452 53.606380
v 311.630341 -292.650452 53.606380
v 316.733002 -275.704163 53.606384
v 316.733002 -329.599915 71.571640
v 311.630341 -312.650452 73.606384
v 311.630341 -292.650452 73.606384
v 316.733002 -275.704163 71.571640
v 357.353424 -417.507141 -6.393620
v 348.091888 -405.971130 92.494949
v 275.842926 -417.507141 -6.393620
v 280.949921 -409.045715 93.123886
v 357.353424 -335.996582 -6.393620
v 346.912811 -345.190186 93.606384
v 275.842926 -335.996582 -6.393620
v 286.724213 -343.976440 93.606377
v 286.598175 -426.751831 -6.393620
v 306.598175 -426.751831 -6.393620
v 326.598175 -426.751831 -6.393620
v 346.598175 -426.751831 -6.393620
v 338.929657 -413.971008 93.606384
v 323.956451 -413.543518 93.606384
v 309.239838 -413.543518 93.606384
v 294.266693 -413.971008 93.606384
v 346.598175 -326.751862 -6.393620
v 326.598175 -326.751862 -6.393620
v 306.598175 -326.751862 -6.393620
v 286.598175 -326.751862 -6.393620
v 294.266693 -339.532715 93.606384
v 309.239838 -339.960205 93.606384
v 323.956451 -339.960205 93.606384
v 338.929657 -339.532715 93.606384
v 357.353424 -417.507141 13.606379
v 356.412140 -416.551575 35.641129
v 356.412140 -416.551575 53.606384
v 356.412140 -416.551575 71.571640
v 276.815826 -416.551575 71.571640
v 276.815826 -416.551575 53.606384
v 276.815826 -416.551575 35.641129
v 275.842926 -417.507141 13.606379
v 281.841766 -337.463379 71.571640
v 276.815826 -336.955322 53.606384
v 276.815826 -336.955322 35.641129
v 275.842926 -335.996582 13.606379
v 356.412140 -336.955322 71.571640
v 356.412140 -336.955322 53.606384
v 356.412140 -336.955322 35.641129
v 357.353424 -335.996582 13.606379
v 289.666107 -331.840332 71.571640
v 289.666107 -331.840332 53.606384
v 289.666107 -331.840332 35.641129
v 286.598175 -326.751862 13.606379
v 306.598175 -326.751862 73.606384
v 306.598175 -326.751862 53.606380
v 306.598175 -326.751862 33.606380
v 306.598175 -326.751862 13.606379
v 326.598175 -326.751862 73.606384
v 326.598175 -326.751862 53.606380
v 326.598175 -326.751862 33.606380
v 326.598175 -326.751862 13.606379
v 343.561859 -331.840332 71.571640
v 343.561859 -331.840332 53.606384
v 343.561859 -331.840332 35.641129
v 346.598175 -326.751862 13.606379
v 343.561859 -421.666565 71.571640
v 343.561859 -421.666565 53.606384
v 343.561859 -421.666565 35.641129
v 346.598175 -426.751831 13.606379
v 326.598175 -426.751831 73.606384
v 326.598175 -426.751831 53.606380
v 326.598175 -426.751831 33.606380
v 326.598175 -426.751831 13.606379
v 306.598175 -426.751831 73.606384
v 306.598175 -426.751831 53.606380
v 306.598175 -426.751831 33.606380
v 306.598175 -426.751831 13.606379
v 289.666107 -421.666565 71.571640
v 289.666107 -421.666565 53.606384
v 289.666107 -421.666565 35.641129
v 286.598175 -426.751831 13.606379
v 266.598175 -346.751831 -6.393620
v 266.598175 -366.751892 -6.393620
v 266.598175 -386.751831 -6.393620
v 266.598175 -406.751892 -6.393620
v 279.378998 -399.083313 93.606384
v 279.806488 -384.110168 93.606384
v 279.806488 -369.393555 93.606384
v 279.378998 -354.420349 93.606384
v 366.598175 -406.751892 -6.393620
v 366.598175 -386.751831 -6.393620
v 366.598175 -366.751892 -6.393620
v 366.598175 -346.751831 -6.393620
v 353.817291 -354.420349 93.606384
v 353.389801 -369.393555 93.606384
v 353.389801 -384.110168 93.606384
v 353.817291 -399.083313 93.606384
v 294.266693 -399.083313 105.734940
v 286.598175 -386.751831 105.734940
v 286.598175 -366.751892 105.734940
v 294.266693 -354.420349 105.734940
v 306.598175 -406.751892 105.734940
v 306.598175 -386.751831 113.161850
v 306.598175 -366.751892 111.516556
v 306.598175 -346.751831 105.734940
v 326.598175 -406.751892 105.734940
v 326.598175 -386.751831 117.501984
v 326.598175 -366.751892 108.602493
v 326.598175 -346.751831 105.734940
v 338.929657 -399.083313 105.734940
v 346.598175 -386.751831 105.734940
v 346.598175 -366.751892 105.734940
v 338.929657 -354.420349 105.734940
v 286.598175 -346.751831 -6.393620
v 286.598175 -366.751892 -6.393620
v 286.598175 -386.751831 -6.393620
v 286.598175 -406.751892 -6.393620
v 306.598175 -346.751831 -6.393620
v 306.598175 -366.751892 -6.393620
v 306.598175 -386.751831 -6.393620
v 306.598175 -406.751892 -6.393620
v 326.598175 -346.751831 -6.393620
v 326.598175 -366.751892 -6.393620
v 326.598175 -386.751831 -6.393620
v 326.598175 -406.751892 -6.393620
v 346.598175 -346.751831 -6.393620
v 346.598175 -366.751892 -6.393620
v 346.598175 -386.751831 -6.393620
v 346.598175 -406.751892 -6.393620
v 366.598175 -346.751831 13.606379
v 366.598175 -366.751892 13.606379
v 366.598175 -386.751831 13.606379
v 366.598175 -406.751892 13.606379
v 361.527130 -349.805603 35.641129
v 366.598175 -366.751892 33.606380
v 366.598175 -386.751831 33.606380
v 361.527130 -403.701355 35.641129
v 361.527130 -349.805603 53.606384
v 366.598175 -366.751892 53.606380
v 366.598175 -386.751831 53.606380
v 361.527130 -403.701355 53.606384
v 361.527130 -349.805603 71.571640
v 366.598175 -366.751892 73.606384
v 366.598175 -386.751831 73.606384
v 361.527130 -403.701355 71.571640
v 266.598175 -406.751892 13.606379
v 266.598175 -386.751831 13.606379
v 266.598175 -366.751892 13.606379
v 266.598175 -346.751831 13.606379
v 271.700836 -403.701355 35.641129
v 266.598175 -386.751831 33.606380
v 266.598175 -366.751892 33.606380
v 271.700836 -349.805603 35.641129
v 271.700836 -403.701355 53.606384
v 266.598175 -386.751831 53.606380
v 266.598175 -366.751892 53.606380
v 271.700836 -349.805603 53.606384
v 271.700836 -403.701355 71.571640
v 266.598175 -386.751831 73.606384
v 266.598175 -366.751892 73.606384
v 271.700836 -349.805603 71.571640
v 288.515594 -473.444275 -6.393620
v 279.254059 -461.908264 92.494949
v 207.005035 -473.444275 -6.393620
v 212.112091 -464.982910 93.123886
v 288.515594 -391.933716 -6.393620
v 278.074982 -401.127319 93.606384
v 207.005035 -391.933716 -6.393620
v 217.886383 -399.913574 93.606377
v 217.760345 -482.689026 -6.393620
v 237.760345 -482.689026 -6.393620
v 257.760345 -482.689026 -6.393620
v 277.760345 -482.689026 -6.393620
v 270.091827 -469.908142 93.606384
v 255.118622 -469.480652 93.606384
v 240.402008 -469.480652 93.606384
v 225.428864 -469.908142 93.606384
v 277.760345 -382.689026 -6.393620
v 257.760345 -382.689026 -6.393620
v 237.760345 -382.689026 -6.393620
v 217.760345 -382.689026 -6.393620
v 225.428864 -395.469849 93.606384
v 240.402008 -395.897339 93.606384
v 255.118622 -395.897339 93.606384
v 270.091827 -395.469849 93.606384
v 288.515594 -473.444275 13.606379
v 287.574310 -472.488708 35.641129
v 287.574310 -472.488708 53.606384
v 287.574310 -472.488708 71.571640
v 207.977997 -472.488708 71.571640
v 207.977997 -472.488708 53.606384
v 207.977997 -472.488708 35.641129
v 207.005035 -473.444275 13.606379
v 213.003937 -393.400513 71.571640
v 207.977997 -392.892456 53.606384
v 207.977997 -392.892456 35.641129
v 207.005035 -391.933716 13.606379
v 287.574310 -392.892456 71.571640
v 287.574310 -392.892456 53.606384
v 287.574310 -392.892456 35.641129
v 288.515594 -391.933716 13.606379
v 220.828278 -387.777466 71.571640
v 220.828278 -387.777466 53.606384
v 220.828278 -387.777466 35.641129
v 217.760345 -382.689026 13.606379
v 237.760345 -382.689026 73.606384
v 237.760345 -382.689026 53.606380
v 237.760345 -382.689026 33.606380
v 237.760345 -382.689026 13.606379
v 257.760345 -382.689026 73.606384
v 257.760345 -382.689026 53.606380
v 257.760345 -382.689026 33.606380
v 257.760345 -382.689026 13.606379
v 274.724030 -387.777466 71.571640
v 274.724030 -387.777466 53.606384
v 274.724030 -387.777466 35.641129
v 277.760345 -382.689026 13.606379
v 274.724030 -477.603699 71.571640
v 274.724030 -477.603699 53.606384
v 274.724030 -477.603699 35.641129
v 277.760345 -482.689026 13.606379
v 257.760345 -482.689026 73.606384
v 257.760345 -482.689026 53.606380
v 257.760345 -482.689026 33.606380
v 257.760345 -482.689026 13.606379
v 237.760345 -482.689026 73.606384
v 237.760345 -482.689026 53.606380
v 237.760345 -482.689026 33.606380
v 237.760345 -482.689026 13.606379
v 220.828278 -477.603699 71.571640
v 220.828278 -477.603699 53.606384
v 220.828278 -477.603699 35.641129
v 217.760345 -482.689026 13.606379
v 197.760345 -402.688965 -6.393620
v 197.760345 -422.689026 -6.393620
v 197.760345 -442.688965 -6.393620
v 197.760345 -462.689026 -6.393620
v 210.541168 -455.020447 93.606384
v 210.968658 -440.047302 93.606384
v 210.968658 -425.330688 93.606384
v 210.541168 -410.357544 93.606384
v 297.760345 -462.689026 -6.393620
v 297.760345 -442.688965 -6.393620
v 297.760345 -422.689026 -6.393620
v 297.760345 -402.688965 -6.393620
v 284.979462 -410.357544 93.606384
v 284.551971 -425.330688 93.606384
v 284.551971 -440.047302 93.606384
v 284.979462 -455.020447 93.606384
v 225.428864 -455.020447 105.734940
v 217.760345 -442.688965 105.734940
v 217.760345 -422.689026 105.734940
v 225.428864 -410.357544 105.734940
v 237.760345 -462.689026 105.734940
v 237.760345 -442.688965 113.161850
v 237.760345 -422.689026 111.516556
v 237.760345 -402.688965 105.734940
v 257.760345 -462.689026 105.734940
v 257.760345 -442.688965 117.501984
v 257.760345 -422.689026 108.602493
v 257.760345 -402.688965 105.734940
v 270.091827 -455.020447 105.734940
v 277.760345 -442.688965 105.734940
v 277.760345 -422.689026 105.734940
v 270.091827 -410.357544 105.734940
v 217.760345 -402.688965 -6.393620
v 217.760345 -422.689026 -6.393620
v 217.760345 -442.688965 -6.393620
v 217.760345 -462.689026 -6.393620
v 237.760345 -402.688965 -6.393620
v 237.760345 -422.689026 -6.393620
v 237.760345 -442.688965 -6.393620
v 237.760345 -462.689026 -6.393620
v 257.760345 -402.688965 -6.393620
v 257.760345 -422.689026 -6.393620
v 257.760345 -442.688965 -6.393620
v 257.760345 -462.689026 -6.393620
v 277.760345 -402.688965 -6.393620
v 277.760345 -422.689026 -6.393620
v 277.760345 -442.688965 -6.393620
v 277.760345 -462.689026 -6.393620
v 297.760345 -402.688965 13.606379
v 297.760345 -422.689026 13.606379
v 297.760345 -442.688965 13.606379
v 297.760345 -462.689026 13.606379
v 292.689240 -405.742676 35.641129
v 297.760345 -422.689026 33.606380
v 297.760345 -442.688965 33.606380
v 292.689240 -459.638428 35.641129
v 292.689240 -405.742676 53.606384
v 297.760345 -422.689026 53.606380
v 297.760345 -442.688965 53.606380
v 292.689240 -459.638428 53.606384
v 292.689240 -405.742676 71.571640
v 297.760345 -422.689026 73.606384
v 297.760345 -442.688965 73.606384
v 292.689240 -459.638428 71.571640
v 197.760345 -462.689026 13.606379
v 197.760345 -442.688965 13.606379
v 197.760345 -422.689026 13.606379
v 197.760345 -402.688965 13.606379
v 202.863007 -459.638428 35.641129
v 197.760345 -442.688965 33.606380
v 197.760345 -422.689026 33.606380
v 202.863007 -405.742676 35.641129
v 202.863007 -459.638428 53.606384
v 197.760345 -442.688965 53.606380
v 197.760345 -422.689026 53.606380
v 202.863007 -405.742676 53.606384
v 202.863007 -459.638428 71.571640
v 197.760345 -442.688965 73.606384
v 197.760345 -422.689026 73.606384
v 202.863007 -405.742676 71.571640
v 203.924469 -486.151001 -6.393620
v 194.662872 -474.614990 92.494949
v 122.413910 -486.151001 -6.393620
v 127.520905 -477.689636 93.123886
v 203.924469 -404.640503 -6.393620
v 193.483795 -413.834106 93.606384
v 122.413910 -404.640503 -6.393620
v 133.295258 -412.620361 93.606377
v 133.169159 -495.395752 -6.393620
v 153.169220 -495.395752 -6.393620
v 173.169159 -495.395752 -6.393620
v 193.169220 -495.395752 -6.393620
v 185.500641 -482.614929 93.606384
v 170.527496 -482.187439 93.606384
v 155.810883 -482.187439 93.606384
v 140.837738 -482.614929 93.606384
v 193.169220 -395.395752 -6.393620
v 173.169159 -395.395752 -6.393620
v 153.169220 -395.395752 -6.393620
v 133.169159 -395.395752 -6.393620
v 140.837738 -408.176636 93.606384
v 155.810883 -408.604126 93.606384
v 170.527496 -408.604126 93.606384
v 185.500641 -408.176636 93.606384
v 203.924469 -486.151001 13.606379
v 202.983124 -485.195496 35.641129
v 202.983124 -485.195496 53.606384
v 202.983124 -485.195496 71.571640
v 123.386871 -485.195496 71.571640
v 123.386871 -485.195496 53.606384
v 123.386871 -485.195496 35.641129
v 122.413910 -486.151001 13.606379
v 128.412811 -406.107300 71.571640
v 123.386871 -405.599243 53.606384
v 123.386871 -405.599243 35.641129
v 122.413910 -404.640503 13.606379
v 202.983124 -405.599243 71.571640
v 202.983124 -405.599243 53.606384
v 202.983124 -405.599243 35.641129
v 203.924469 -404.640503 13.606379
v 136.237152 -400.484253 71.571640
v 136.237152 -400.484253 53.606384
v 136.237152 -400.484253 35.641129
v 133.169159 -395.395752 13.606379
v 153.169220 -395.395752 73.606384
v 153.169220 -395.395752 53.606380
v 153.169220 -395.395752 33.606380
v 153.169220 -395.395752 13.606379
v 173.169159 -395.395752 73.606384
v 173.169159 -395.395752 53.606380
v 173.169159 -395.395752 33.606380
v 173.169159 -395.395752 13.606379
v 190.132904 -400.484253 71.571640
v 190.132904 -400.484253 53.606384
v 190.132904 -400.484253 35.641129
v 193.169220 -395.395752 13.606379
v 190.132904 -490.310486 71.571640
v 190.132904 -490.310486 53.606384
v 190.132904 -490.310486 35.641129
v 193.169220 -495.395752 13.606379
v 173.169159 -495.395752 73.606384
v 173.169159 -495.395752 53.606380
v 173.169159 -495.395752 33.606380
v 173.169159 -495.395752 13.606379
v 153.169220 -495.395752 73.606384
v 153.169220 -495.395752 53.606380
v 153.169220 -495.395752 33.606380
v 153.169220 -495.395752 13.606379
v 136.237152 -490.310486 71.571640
v 136.237152 -490.310486 53.606384
v 136.237152 -490.310486 35.641129
v 133.169159 -495.395752 13.606379
v 113.169159 -415.395752 -6.393620
v 113.169159 -435.395752 -6.393620
v 113.169159 -455.395752 -6.393620
v 113.169159 -475.395752 -6.393620
v 125.950043 -467.727234 93.606384
v 126.377533 -452.754089 93.606384
v 126.377533 -438.037415 93.606384
v 125.950043 -423.064270 93.606384
v 213.169159 -475.395752 -6.393620
v 213.169159 -455.395752 -6.393620
v 213.169159 -435.395752 -6.393620
v 213.169159 -415.395752 -6.393620
v 200.388336 -423.064270 93.606384
v 199.960846 -438.037415 93.606384
v 199.960846 -452.754089 93.606384
v 200.388336 -467.727234 93.606384
v 140.837738 -467.727234 105.734940
v 133.169159 -455.395752 105.734940
v 133.169159 -435.395752 105.734940
v 140.837738 -423.064270 105.734940
v 153.169220 -475.395752 105.734940
v 153.169220 -455.395752 113.161850
v 153.169220 -435.395752 111.516556
v 153.169220 -415.395752 105.734940
v 173.169159 -475.395752 105.734940
v 173.169159 -455.395752 117.501984
v 173.169159 -435.395752 108.602493
v 173.169159 -415.395752 105.734940
v 185.500641 -467.727234 105.734940
v 193.169220 -455.395752 105.734940
v 193.169220 -435.395752 105.734940
v 185.500641 -423.064270 105.734940
v 133.169159 -415.395752 -6.393620
v 133.169159 -435.395752 -6.393620
v 133.169159 -455.395752 -6.393620
v 133.169159 -475.395752 -6.393620
v 153.169220 -415.395752 -6.393620
v 153.169220 -435.395752 -6.393620
v 153.169220 -455.395752 -6.393620
v 153.169220 -475.395752 -6.393620
v 173.169159 -415.395752 -6.393620
v 173.169159 -435.395752 -6.393620
v 173.169159 -455.395752 -6.393620
v 173.169159 -475.395752 -6.393620
v 193.169220 -415.395752 -6.393620
v 193.169220 -435.395752 -6.393620
v 193.169220 -455.395752 -6.393620
v 193.169220 -475.395752 -6.393620
v 213.169159 -415.395752 13.606379
v 213.169159 -435.395752 13.606379
v 213.169159 -455.395752 13.606379
v 213.169159 -475.395752 13.606379
v 208.098114 -418.449463 35.641129
v 213.169159 -435.395752 33.606380
v 213.169159 -455.395752 33.606380
v 208.098114 -472.345215 35.641129
v 208.098114 -418.449463 53.606384
v 213.169159 -435.395752 53.606380
v 213.169159 -455.395752 53.606380
v 208.098114 -472.345215 53.606384
v 208.098114 -418.449463 71.571640
v 213.169159 -435.395752 73.606384
v 213.169159 -455.395752 73.606384
v 208.098114 -472.345215 71.571640
v 113.169159 -475.395752 13.606379
v 113.169159 -455.395752 13.606379
v 113.169159 -435.395752 13.606379
v 113.169159 -415.395752 13.606379
v 118.271881 -472.345215 35.641129
v 113.169159 -455.395752 33.606380
v 113.169159 -435.395752 33.606380
v 118.271881 -418.449463 35.641129
v 118.271881 -472.345215 53.606384
v 113.169159 -455.395752 53.606380
v 113.169159 -435.395752 53.606380
v 118.271881 -418.449463 53.606384
v 118.271881 -472.345215 71.571640
v 113.169159 -455.395752 73.606384
v 113.169159 -435.395752 73.606384
v 118.271881 -418.449463 71.571640
v 116.239838 -490.099121 -6.393620
v 106.978241 -478.563110 92.494949
v 34.729279 -490.099121 -6.393620
v 39.836304 -481.637756 93.123886
v 116.239838 -408.588623 -6.393620
v 105.799164 -417.782227 93.606384
v 34.729279 -408.588623 -6.393620
v 45.610626 -416.568481 93.606377
v 45.484528 -499.343872 -6.393620
v 65.484558 -499.343872 -6.393620
v 85.484558 -499.343872 -6.393620
v 105.484589 -499.343872 -6.393620
v 97.816040 -486.562988 93.606384
v 82.842865 -486.135559 93.606384
v 68.126251 -486.135559 93.606384
v 53.153076 -486.562988 93.606384
v 105.484589 -399.343872 -6.393620
v 85.484558 -399.343872 -6.393620
v 65.484558 -399.343872 -6.393620
v 45.484528 -399.343872 -6.393620
v 53.153076 -412.124756 93.606384
v 68.126251 -412.552185 93.606384
v 82.842865 -412.552185 93.606384
v 97.816040 -412.124756 93.606384
v 116.239838 -490.099121 13.606379
v 115.298492 -489.143616 35.641129
v 115.298492 -489.143616 53.606384
v 115.298492 -489.143616 71.571640
v 35.702209 -489.143616 71.571640
v 35.702209 -489.143616 53.606384
v 35.702209 -489.143616 35.641129
v 34.729279 -490.099121 13.606379
v 40.728180 -410.055420 71.571640
v 35.702209 -409.547302 53.606384
v 35.702209 -409.547302 35.641129
v 34.729279 -408.588623 13.606379
v 115.298492 -409.547302 71.571640
v 115.298492 -409.547302 53.606384
v 115.298492 -409.547302 35.641129
v 116.239838 -408.588623 13.606379
v 48.552521 -404.432373 71.571640
v 48.552521 -404.432373 53.606384
v 48.552521 -404.432373 35.641129
v 45.484528 -399.343872 13.606379
v 65.484558 -399.343872 73.606384
v 65.484558 -399.343872 53.606380
v 65.484558 -399.343872 33.606380
v 65.484558 -399.343872 13.606379
v 85.484558 -399.343872 73.606384
v 85.484558 -399.343872 53.606380
v 85.484558 -399.343872 33.606380
v 85.484558 -399.343872 13.606379
v 102.448273 -404.432373 71.571640
v 102.448273 -404.432373 53.606384
v 102.448273 -404.432373 35.641129
v 105.484589 -399.343872 13.606379
v 102.448273 -494.258606 71.571640
v 102.448273 -494.258606 53.606384
v 102.448273 -494.258606 35.641129
v 105.484589 -499.343872 13.606379
v 85.484558 -499.343872 73.606384
v 85.484558 -499.343872 53.606380
v 85.484558 -499.343872 33.606380
v 85.484558 -499.343872 13.606379
v 65.484558 -499.343872 73.606384
v 65.484558 -499.343872 53.606380
v 65.484558 -499.343872 33.606380
v 65.484558 -499.343872 13.606379
v 48.552521 -494.258606 71.571640
v 48.552521 -494.258606 53.606384
v 48.552521 -494.258606 35.641129
v 45.484528 -499.343872 13.606379
v 25.484558 -419.343872 -6.393620
v 25.484558 -439.343872 -6.393620
v 25.484558 -459.343872 -6.393620
v 25.484558 -479.343872 -6.393620
v 38.265411 -471.675354 93.606384
v 38.692902 -456.702209 93.606384
v 38.692902 -441.985535 93.606384
v 38.265411 -427.012390 93.606384
v 125.484528 -479.343872 -6.393620
v 125.484528 -459.343872 -6.393620
v 125.484528 -439.343872 -6.393620
v 125.484528 -419.343872 -6.393620
v 112.703705 -427.012390 93.606384
v 112.276215 -441.985535 93.606384
v 112.276215 -456.702209 93.606384
v 112.703705 -471.675354 93.606384
v 53.153076 -471.675354 105.734940
v 45.484528 -459.343872 105.734940
v 45.484528 -439.343872 105.734940
v 53.153076 -427.012390 105.734940
v 65.484558 -479.343872 105.734940
v 65.484558 -459.343872 113.161850
v 65.484558 -439.343872 111.516556
v 65.484558 -419.343872 105.734940
v 85.484558 -479.343872 105.734940
v 85.484558 -459.343872 117.501984
v 85.484558 -439.343872 108.602493
v 85.484558 -419.343872 105.734940
v 97.816040 -471.675354 105.734940
v 105.484589 -459.343872 105.734940
v 105.484589 -439.343872 105.734940
v 97.816040 -427.012390 105.734940
v 45.484528 -419.343872 -6.393620
v 45.484528 -439.343872 -6.393620
v 45.484528 -459.343872 -6.393620
v 45.484528 -479.343872 -6.393620
v 65.484558 -419.343872 -6.393620
v 65.484558 -439.343872 -6.393620
v 65.484558 -459.343872 -6.393620
v 65.484558 -479.343872 -6.393620
v 85.484558 -419.343872 -6.393620
v 85.484558 -439.343872 -6.393620
v 85.484558 -459.343872 -6.393620
v 85.484558 -479.343872 -6.393620
v 105.484589 -419.343872 -6.393620
v 105.484589 -439.343872 -6.393620
v 105.484589 -459.343872 -6.393620
v 105.484589 -479.343872 -6.393620
v 125.484528 -419.343872 13.606379
v 125.484528 -439.343872 13.606379
v 125.484528 -459.343872 13.606379
v 125.484528 -479.343872 13.606379
v 120.413483 -422.397583 35.641129
v 125.484528 -439.343872 33.606380
v 125.484528 -459.343872 33.606380
v 120.413483 -476.293335 35.641129
v 120.413483 -422.397583 53.606384
v 125.484528 -439.343872 53.606380
v 125.484528 -459.343872 53.606380
v 120.413483 -476.293335 53.606384
v 120.413483 -422.397583 71.571640
v 125.484528 -439.343872 73.606384
v 125.484528 -459.343872 73.606384
v 120.413483 -476.293335 71.571640
v 25.484558 -479.343872 13.606379
v 25.484558 -459.343872 13.606379
v 25.484558 -439.343872 13.606379
v 25.484558 -419.343872 13.606379
v 30.587250 -476.293335 35.641129
v 25.484558 -459.343872 33.606380
v 25.484558 -439.343872 33.606380
v 30.587250 -422.397583 35.641129
v 30.587250 -476.293335 53.606384
v 25.484558 -459.343872 53.606380
v 25.484558 -439.343872 53.606380
v 30.587250 -422.397583 53.606384
v 30.587250 -476.293335 71.571640
v 25.484558 -459.343872 73.606384
v 25.484558 -439.343872 73.606384
v 30.587250 -422.397583 71.571640
v 29.036804 -473.514709 -6.393620
v 19.775238 -461.978699 92.494949
v -52.473724 -473.514709 -6.393620
v -47.366699 -465.053345 93.123886
v 29.036804 -392.004150 -6.393620
v 18.596222 -401.197754 93.606384
v -52.473724 -392.004150 -6.393620
v -41.592377 -399.984009 93.606377
v -41.718445 -482.759460 -6.393620
v -21.718445 -482.759460 -6.393620
v -1.718445 -482.759460 -6.393620
v 18.281555 -482.759460 -6.393620
v 10.613068 -469.978577 93.606384
v -4.360107 -469.551086 93.606384
v -19.076782 -469.551086 93.606384
v -34.049957 -469.978577 93.606384
v 18.281555 -382.759460 -6.393620
v -1.718445 -382.759460 -6.393620
v -21.718445 -382.759460 -6.393620
v -41.718445 -382.759460 -6.393620
v -34.049957 -395.540283 93.606384
v -19.076782 -395.967773 93.606384
v -4.360107 -395.967773 93.606384
v 10.613068 -395.540283 93.606384
v 29.036804 -473.514709 13.606379
v 28.095520 -472.559143 35.641129
v 28.095520 -472.559143 53.606384
v 28.095520 -472.559143 71.571640
v -51.500793 -472.559143 71.571640
v -51.500793 -472.559143 53.606384
v -51.500793 -472.559143 35.641129
v -52.473724 -473.514709 13.606379
v -46.474823 -393.470947 71.571640
v -51.500793 -392.962891 53.606384
v -51.500793 -392.962891 35.641129
v -52.473724 -392.004150 13.606379
v 28.095520 -392.962891 71.571640
v 28.095520 -392.962891 53.606384
v 28.095520 -392.962891 35.641129
v 29.036804 -392.004150 13.606379
v -38.650513 -387.847900 71.571640
v -38.650513 -387.847900 53.606384
v -38.650513 -387.847900 35.641129
v -41.718445 -382.759460 13.606379
v -21.718445 -382.759460 73.606384
v -21.718445 -382.759460 53.606380
v -21.718445 -382.759460 33.606380
v -21.718445 -382.759460 13.606379
v -1.718445 -382.759460 73.606384
v -1.718445 -382.759460 53.606380
v -1.718445 -382.759460 33.606380
v -1.718445 -382.759460 13.606379
v 15.245239 -387.847900 71.571640
v 15.245239 -387.847900 53.606384
v 15.245239 -387.847900 35.641129
v 18.281555 -382.759460 13.606379
v 15.245239 -477.674133 71.571640
v 15.245239 -477.674133 53.606384
v 15.245239 -477.674133 35.641129
v 18.281555 -482.759460 13.606379
v -1.718445 -482.759460 73.606384
v -1.718445 -482.759460 53.606380
v -1.718445 -482.759460 33.606380
v -1.718445 -482.759460 13.606379
v -21.718445 -482.759460 73.606384
v -21.718445 -482.759460 53.606380
v -21.718445 -482.759460 33.606380
v -21.718445 -482.759460 13.606379
v -38.650513 -477.674133 71.571640
v -38.650513 -477.674133 53.606384
v -38.650513 -477.674133 35.641129
v -41.718445 -482.759460 13.606379
v -61.718445 -402.759399 -6.393620
v -61.718445 -422.759460 -6.393620
v -61.718445 -442.759399 -6.393620
v -61.718445 -462.759460 -6.393620
v -48.937622 -455.090881 93.606384
v -48.510101 -440.117737 93.606384
v -48.510101 -425.401123 93.606384
v -48.937622 -410.427979 93.606384
v 38.281525 -462.759460 -6.393620
v 38.281525 -442.759399 -6.393620
v 38.281525 -422.759460 -6.393620
v 38.281525 -402.759399 -6.393620
v 25.500732 -410.427979 93.606384
v 25.073181 -425.401123 93.606384
v 25.073181 -440.117737 93.606384
v 25.500732 -455.090881 93.606384
v -34.049957 -455.090881 105.734940
v -41.718445 -442.759399 105.734940
v -41.718445 -422.759460 105.734940
v -34.049957 -410.427979 105.734940
v -21.718445 -462.759460 105.734940
v -21.718445 -442.759399 113.161850
v -21.718445 -422.759460 111.516556
v -21.718445 -402.759399 105.734940
v -1.718445 -462.759460 105.734940
v -1.718445 -442.759399 117.501984
v -1.718445 -422.759460 108.602493
v -1.718445 -402.759399 105.734940
v 10.613068 -455.090881 105.734940
v 18.281555 -442.759399 105.734940
v 18.281555 -422.759460 105.734940
v 10.613068 -410.427979 105.734940
v -41.718445 -402.759399 -6.393620
v -41.718445 -422.759460 -6.393620
v -41.718445 -442.759399 -6.393620
v -41.718445 -462.759460 -6.393620
v -21.718445 -402.759399 -6.393620
v -21.718445 -422.759460 -6.393620
v -21.718445 -442.759399 -6.393620
v -21.718445 -462.759460 -6.393620
v -1.718445 -402.759399 -6.393620
v -1.718445 -422.759460 -6.393620
v -1.718445 -442.759399 -6.393620
v -1.718445 -462.759460 -6.393620
v 18.281555 -402.759399 -6.393620
v 18.281555 -422.759460 -6.393620
v 18.281555 -442.759399 -6.393620
v 18.281555 -462.759460 -6.393620
v 38.281525 -402.759399 13.606379
v 38.281525 -422.759460 13.606379
v 38.281525 -442.759399 13.606379
v 38.281525 -462.759460 13.606379
v 33.210510 -405.813171 35.641129
v 38.281525 -422.759460 33.606380
v 38.281525 -442.759399 33.606380
v 33.210510 -459.708923 35.641129
v 33.210510 -405.813171 53.606384
v 38.281525 -422.759460 53.606380
v 38.281525 -442.759399 53.606380
v 33.210510 -459.708923 53.606384
v 33.210510 -405.813171 71.571640
v 38.281525 -422.759460 73.606384
v 38.281525 -442.759399 73.606384
v 33.210510 -459.708923 71.571640
v -61.718445 -462.759460 13.606379
v -61.718445 -442.759399 13.606379
v -61.718445 -422.759460 13.606379
v -61.718445 -402.759399 13.606379
v -56.615753 -459.708923 35.641129
v -61.718445 -442.759399 33.606380
v -61.718445 -422.759460 33.606380
v -56.615753 -405.813171 35.641129
v -56.615753 -459.708923 53.606384
v -61.718445 -442.759399 53.606380
v -61.718445 -422.759460 53.606380
v -56.615753 -405.813171 53.606384
v -56.615753 -459.708923 71.571640
v -61.718445 -442.759399 73.606384
v -61.718445 -422.759460 73.606384
v -56.615753 -405.813171 71.571640
v -204.428589 -394.577820 -6.393620
v -213.690155 -383.041809 92.494949
v -285.939148 -394.577820 -6.393620
v -280.832092 -386.116455 93.123886
v -204.428589 -313.067291 -6.393620
v -214.869217 -322.260895 93.606377
v -285.939148 -313.067291 -6.393620
v -275.057770 -321.047180 93.606369
v -275.183838 -403.822571 -6.393620
v -255.183853 -403.822571 -6.393620
v -235.183853 -403.822571 -6.393620
v -215.183868 -403.822571 -6.393620
v -222.852356 -391.041687 93.606377
v -237.825516 -390.614197 93.606377
v -252.542191 -390.614197 93.606377
v -267.515350 -391.041687 93.606377
v -215.183868 -303.822571 -6.393620
v -235.183853 -303.822571 -6.393620
v -255.183853 -303.822571 -6.393620
v -275.183838 -303.822571 -6.393620
v -267.515350 -316.603424 93.606377
v -252.542191 -317.030914 93.606377
v -237.825516 -317.030914 93.606377
v -222.852356 -316.603424 93.606377
v -204.428589 -394.577820 13.606377
v -205.369904 -393.622314 35.641129
v -205.369904 -393.622314 53.606380
v -205.369904 -393.622314 71.571632
v -284.966187 -393.622314 71.571632
v -284.966187 -393.622314 53.606380
v -284.966187 -393.622314 35.641129
v -285.939148 -394.577820 13.606377
v -279.940247 -314.534088 71.571640
v -284.966187 -314.026031 53.606380
v -284.966187 -314.026031 35.641129
v -285.939148 -313.067291 13.606377
v -205.369904 -314.026031 71.571632
v -205.369904 -314.026031 53.606380
v -205.369904 -314.026031 35.641129
v -204.428589 -313.067291 13.606377
v -272.115936 -308.911041 71.571632
v -272.115936 -308.911041 53.606380
v -272.115936 -308.911041 35.641129
v -275.183838 -303.822571 13.606377
v -255.183853 -303.822571 73.606377
v -255.183853 -303.822571 53.606377
v -255.183853 -303.822571 33.606377
v -255.183853 -303.822571 13.606377
v -235.183853 -303.822571 73.606377
v -235.183853 -303.822571 53.606377
v -235.183853 -303.822571 33.606377
v -235.183853 -303.822571 13.606377
v -218.220169 -308.911041 71.571632
v -218.220169 -308.911041 53.606380
v -218.220169 -308.911041 35.641129
v -215.183868 -303.822571 13.606377
v -218.220169 -398.737305 71.571632
v -218.220169 -398.737305 53.606380
v -218.220169 -398.737305 35.641129
v -215.183868 -403.822571 13.606377
v -235.183853 -403.822571 73.606377
v -235.183853 -403.822571 53.606377
v -235.183853 -403.822571 33.606377
v -235.183853 -403.822571 13.606377
v -255.183853 -403.822571 73.606377
v -255.183853 -403.822571 53.606377
v -255.183853 -403.822571 33.606377
v -255.183853 -403.822571 13.606377
v -272.115936 -398.737305 71.571632
v -272.115936 -398.737305 53.606380
v -272.115936 -398.737305 35.641129
v -275.183838 -403.822571 13.606377
v -295.183838 -323.822540 -6.393620
v -295.183838 -343.822571 -6.393620
v -295.183838 -363.822571 -6.393620
v -295.183838 -383.822571 -6.393620
v -282.403015 -376.154053 93.606377
v -281.975525 -361.180908 93.606377
v -281.975525 -346.464233 93.606377
v -282.403015 -331.491089 93.606377
v -195.183853 -383.822571 -6.393620
v -195.183853 -363.822571 -6.393620
v -195.183853 -343.822571 -6.393620
v -195.183853 -323.822540 -6.393620
v -207.964691 -331.491089 93.606377
v -208.392197 -346.464233 93.606377
v -208.392197 -361.180908 93.606377
v -207.964691 -376.154053 93.606377
v -267.515350 -376.154053 105.734940
v -275.183838 -363.822571 105.734940
v -275.183838 -343.822571 105.734940
v -267.515350 -331.491089 105.734940
v -255.183853 -383.822571 105.734940
v -255.183853 -363.822571 113.161835
v -255.183853 -343.822571 111.516556
v -255.183853 -323.822540 105.734940
v -235.183853 -383.822571 105.734940
v -235.183853 -363.822571 117.501984
v -235.183853 -343.822571 108.602478
v -235.183853 -323.822540 105.734940
v -222.852356 -376.154053 105.734940
v -215.183868 -363.822571 105.734940
v -215.183868 -343.822571 105.734940
v -222.852356 -331.491089 105.734940
v -275.183838 -323.822540 -6.393620
v -275.183838 -343.822571 -6.393620
v -275.183838 -363.822571 -6.393620
v -275.183838 -383.822571 -6.393620
v -255.183853 -323.822540 -6.393620
v -255.183853 -343.822571 -6.393620
v -255.183853 -363.822571 -6.393620
v -255.183853 -383.822571 -6.393620
v -235.183853 -323.822540 -6.393620
v -235.183853 -343.822571 -6.393620
v -235.183853 -363.822571 -6.393620
v -235.183853 -383.822571 -6.393620
v -215.183868 -323.822540 -6.393620
v -215.183868 -343.822571 -6.393620
v -215.183868 -363.822571 -6.393620
v -215.183868 -383.822571 -6.393620
v -195.183853 -323.822540 13.606377
v -195.183853 -343.822571 13.606377
v -195.183853 -363.822571 13.606377
v -195.183853 -383.822571 13.606377
v -200.254929 -326.876312 35.641129
v -195.183853 -343.822571 33.606377
v -195.183853 -363.822571 33.606377
v -200.254929 -380.772095 35.641129
v -200.254929 -326.876312 53.606380
v -195.183853 -343.822571 53.606377
v -195.183853 -363.822571 53.606377
v -200.254929 -380.772095 53.606380
v -200.254929 -326.876312 71.571632
v -195.183853 -343.822571 73.606377
v -195.183853 -363.822571 73.606377
v -200.254929 -380.772095 71.571632
v -295.183838 -383.822571 13.606377
v -295.183838 -363.822571 13.606377
v -295.183838 -343.822571 13.606377
v -295.183838 -323.822540 13.606377
v -290.081177 -380.772095 35.641129
v -295.183838 -363.822571 33.606377
v -295.183838 -343.822571 33.606377
v -290.081177 -326.876312 35.641129
v -290.081177 -380.772095 53.606380
v -295.183838 -363.822571 53.606377
v -295.183838 -343.822571 53.606377
v -290.081177 -326.876312 53.606380
v -290.081177 -380.772095 71.571632
v -295.183838 -363.822571 73.606377
v -295.183838 -343.822571 73.606377
v -290.081177 -326.876312 71.571632
v -293.951599 -351.837219 -6.393627
v -303.213196 -340.301208 92.494949
v -375.462158 -351.837219 -6.393627
v -370.355133 -343.375854 93.123886
v -293.951599 -270.326660 -6.393627
v -304.392242 -279.520264 93.606369
v -375.462158 -270.326660 -6.393627
v -364.580811 -278.306519 93.606369
v -364.706879 -361.081909 -6.393627
v -344.706879 -361.081909 -6.393627
v -324.706879 -361.081909 -6.393627
v -304.706909 -361.081909 -6.393627
v -312.375397 -348.301086 93.606369
v -327.348572 -347.873596 93.606369
v -342.065216 -347.873596 93.606369
v -357.038391 -348.301086 93.606369
v -304.706909 -261.081940 -6.393627
v -324.706879 -261.081940 -6.393627
v -344.706879 -261.081940 -6.393627
v -364.706879 -261.081940 -6.393627
v -357.038391 -273.862793 93.606369
v -342.065216 -274.290283 93.606369
v -327.348572 -274.290283 93.606369
v -312.375397 -273.862793 93.606369
v -293.951599 -351.837219 13.606373
v -294.892944 -350.881653 35.641125
v -294.892944 -350.881653 53.606377
v -294.892944 -350.881653 71.571632
v -374.489197 -350.881653 71.571632
v -374.489197 -350.881653 53.606377
v -374.489197 -350.881653 35.641125
v -375.462158 -351.837219 13.606373
v -369.463257 -271.793457 71.571632
v -374.489197 -271.285400 53.606377
v -374.489197 -271.285400 35.641125
v -375.462158 -270.326660 13.606373
v -294.892944 -271.285400 71.571632
v -294.892944 -271.285400 53.606377
v -294.892944 -271.285400 35.641125
v -293.951599 -270.326660 13.606373
v -361.638947 -266.170410 71.571632
v -361.638947 -266.170410 53.606377
v -361.638947 -266.170410 35.641125
v -364.706879 -261.081940 13.606373
v -344.706879 -261.081940 73.606377
v -344.706879 -261.081940 53.606377
v -344.706879 -261.081940 33.606373
v -344.706879 -261.081940 13.606373
v -324.706879 -261.081940 73.606377
v -324.706879 -261.081940 53.606377
v -324.706879 -261.081940 33.606373
v -324.706879 -261.081940 13.606373
v -307.743195 -266.170410 71.571632
v -307.743195 -266.170410 53.606377
v -307.743195 -266.170410 35.641125
v -304.706909 -261.081940 13.606373
v -307.743195 -355.996643 71.571632
v -307.743195 -355.996643 53.606377
v -307.743195 -355.996643 35.641125
v -304.706909 -361.081909 13.606373
v -324.706879 -361.081909 73.606377
v -324.706879 -361.081909 53.606377
v -324.706879 -361.081909 33.606373
v -324.706879 -361.081909 13.606373
v -344.706879 -361.081909 73.606377
v -344.706879 -361.081909 53.606377
v -344.706879 -361.081909 33.606373
v -344.706879 -361.081909 13.606373
v -361.638947 -355.996643 71.571632
v -361.638947 -355.996643 53.606377
v -361.638947 -355.996643 35.641125
v -364.706879 -361.081909 13.606373
v -384.706879 -281.081909 -6.393627
v -384.706879 -301.081940 -6.393627
v -384.706879 -321.081940 -6.393627
v -384.706879 -341.081970 -6.393627
v -371.926056 -333.413391 93.606369
v -371.498535 -318.440247 93.606369
v -371.498535 -303.723633 93.606369
v -371.926056 -288.750458 93.606369
v -284.706879 -341.081970 -6.393627
v -284.706879 -321.081940 -6.393627
v -284.706879 -301.081940 -6.393627
v -284.706879 -281.081909 -6.393627
v -297.487732 -288.750458 93.606369
v -297.915222 -303.723633 93.606369
v -297.915222 -318.440247 93.606369
v -297.487732 -333.413391 93.606369
v -357.038391 -333.413391 105.734932
v -364.706879 -321.081940 105.734932
v -364.706879 -301.081940 105.734932
v -357.038391 -288.750458 105.734932
v -344.706879 -341.081970 105.734932
v -344.706879 -321.081940 113.161835
v -344.706879 -301.081940 111.516541
v -344.706879 -281.081909 105.734932
v -324.706879 -341.081970 105.734932
v -324.706879 -321.081940 117.501984
v -324.706879 -301.081940 108.602478
v -324.706879 -281.081909 105.734932
v -312.375397 -333.413391 105.734932
v -304.706909 -321.081940 105.734932
v -304.706909 -301.081940 105.734932
v -312.375397 -288.750458 105.734932
v -364.706879 -281.081909 -6.393627
v -364.706879 -301.081940 -6.393627
v -364.706879 -321.081940 -6.393627
v -364.706879 -341.081970 -6.393627
v -344.706879 -281.081909 -6.393627
v -344.706879 -301.081940 -6.393627
v -344.706879 -321.081940 -6.393627
v -344.706879 -341.081970 -6.393627
v -324.706879 -281.081909 -6.393627
v -324.706879 -301.081940 -6.393627
v -324.706879 -321.081940 -6.393627
v -324.706879 -341.081970 -6.393627
v -304.706909 -281.081909 -6.393627
v -304.706909 -301.081940 -6.393627
v -304.706909 -321.081940 -6.393627
v -304.706909 -341.081970 -6.393627
v -284.706879 -281.081909 13.606373
v -284.706879 -301.081940 13.606373
v -284.706879 -321.081940 13.606373
v -284.706879 -341.081970 13.606373
v -289.777954 -284.135681 35.641125
v -284.706879 -301.081940 33.606373
v -284.706879 -321.081940 33.606373
v -289.777954 -338.031433 35.641125
v -289.777954 -284.135681 53.606377
v -284.706879 -301.081940 53.606377
v -284.706879 -321.081940 53.606377
v -289.777954 -338.031433 53.606377
v -289.777954 -284.135681 71.571632
v -284.706879 -301.081940 73.606377
v -284.706879 -321.081940 73.606377
v -289.777954 -338.031433 71.571632
v -384.706879 -341.081970 13.606373
v -384.706879 -321.081940 13.606373
v -384.706879 -301.081940 13.606373
v -384.706879 -281.081909 13.606373
v -379.604187 -338.031433 35.641125
v -384.706879 -321.081940 33.606373
v -384.706879 -301.081940 33.606373
v -379.604187 -284.135681 35.641125
v -379.604187 -338.031433 53.606377
v -384.706879 -321.081940 53.606377
v -384.706879 -301.081940 53.606377
v -379.604187 -284.135681 53.606377
v -379.604187 -338.031433 71.571632
v -384.706879 -321.081940 73.606377
v -384.706879 -301.081940 73.606377
v -379.604187 -284.135681 71.571632
v -369.755524 -304.549225 -6.393627
v -379.017090 -293.013184 92.494949
v -451.266052 -304.549225 -6.393627
v -446.159027 -296.087830 93.123886
v -369.755524 -223.038666 -6.393627
v -380.196136 -232.232300 93.606369
v -451.266052 -223.038666 -6.393627
v -440.384705 -231.018555 93.606369
v -440.510803 -313.793945 -6.393627
v -420.510773 -313.793945 -6.393627
v -400.510773 -313.793945 -6.393627
v -380.510773 -313.793945 -6.393627
v -388.179291 -301.013092 93.606369
v -403.152466 -300.585602 93.606369
v -417.869110 -300.585602 93.606369
v -432.842285 -301.013092 93.606369
v -380.510773 -213.793945 -6.393627
v -400.510773 -213.793945 -6.393627
v -420.510773 -213.793945 -6.393627
v -440.510803 -213.793945 -6.393627
v -432.842285 -226.574799 93.606369
v -417.869110 -227.002289 93.606369
v -403.152466 -227.002289 93.606369
v -388.179291 -226.574799 93.606369
v -369.755524 -304.549225 13.606373
v -370.696838 -303.593689 35.641125
v -370.696838 -303.593689 53.606377
v -370.696838 -303.593689 71.571632
v -450.293121 -303.593689 71.571632
v -450.293121 -303.593689 53.606377
v -450.293121 -303.593689 35.641125
v -451.266052 -304.549225 13.606373
v -445.267151 -224.505463 71.571632
v -450.293121 -223.997406 53.606377
v -450.293121 -223.997406 35.641125
v -451.266052 -223.038666 13.606373
v -370.696838 -223.997406 71.571632
v -370.696838 -223.997406 53.606377
v -370.696838 -223.997406 35.641125
v -369.755524 -223.038666 13.606373
v -437.442841 -218.882416 71.571632
v -437.442841 -218.882416 53.606377
v -437.442841 -218.882416 35.641125
v -440.510803 -213.793945 13.606373
v -420.510773 -213.793945 73.606377
v -420.510773 -213.793945 53.606377
v -420.510773 -213.793945 33.606373
v -420.510773 -213.793945 13.606373
v -400.510773 -213.793945 73.606377
v -400.510773 -213.793945 53.606377
v -400.510773 -213.793945 33.606373
v -400.510773 -213.793945 13.606373
v -383.547089 -218.882416 71.571632
v -383.547089 -218.882416 53.606377
v -383.547089 -218.882416 35.641125
v -380.510773 -213.793945 13.606373
v -383.547089 -308.708679 71.571632
v -383.547089 -308.708679 53.606377
v -383.547089 -308.708679 35.641125
v -380.510773 -313.793945 13.606373
v -400.510773 -313.793945 73.606377
v -400.510773 -313.793945 53.606377
v -400.510773 -313.793945 33.606373
v -400.510773 -313.793945 13.606373
v -420.510773 -313.793945 73.606377
v -420.510773 -313.793945 53.606377
v -420.510773 -313.793945 33.606373
v -420.510773 -313.793945 13.606373
v -437.442841 -308.708679 71.571632
v -437.442841 -308.708679 53.606377
v -437.442841 -308.708679 35.641125
v -440.510803 -313.793945 13.606373
v -460.510803 -233.793915 -6.393627
v -460.510803 -253.793945 -6.393627
v -460.510803 -273.793945 -6.393627
v -460.510803 -293.793976 -6.393627
v -447.729950 -286.125427 93.606369
v -447.302429 -271.152252 93.606369
v -447.302429 -256.435638 93.606369
v -447.729950 -241.462463 93.606369
v -360.510803 -293.793976 -6.393627
v -360.510803 -273.793945 -6.393627
v -360.510803 -253.793945 -6.393627
v -360.510803 -233.793915 -6.393627
v -373.291626 -241.462463 93.606369
v -373.719147 -256.435638 93.606369
v -373.719147 -271.152252 93.606369
v -373.291626 -286.125427 93.606369
v -432.842285 -286.125427 105.734932
v -440.510803 -273.793945 105.734932
v -440.510803 -253.793945 105.734932
v -432.842285 -241.462463 105.734932
v -420.510773 -293.793976 105.734932
v -420.510773 -273.793945 113.161835
v -420.510773 -253.793945 111.516541
v -420.510773 -233.793915 105.734932
v -400.510773 -293.793976 105.734932
v -400.510773 -273.793945 117.501984
v -400.510773 -253.793945 108.602478
v -400.510773 -233.793915 105.734932
v -388.179291 -286.125427 105.734932
v -380.510773 -273.793945 105.734932
v -380.510773 -253.793945 105.734932
v -388.179291 -241.462463 105.734932
v -440.510803 -233.793915 -6.393627
v -440.510803 -253.793945 -6.393627
v -440.510803 -273.793945 -6.393627
v -440.510803 -293.793976 -6.393627
v -420.510773 -233.793915 -6.393627
v -420.510773 -253.793945 -6.393627
v -420.510773 -273.793945 -6.393627
v -420.510773 -293.793976 -6.393627
v -400.510773 -233.793915 -6.393627
v -400.510773 -253.793945 -6.393627
v -400.510773 -273.793945 -6.393627
v -400.510773 -293.793976 -6.393627
v -380.510773 -233.793915 -6.393627
v -380.510773 -253.793945 -6.393627
v -380.510773 -273.793945 -6.393627
v -380.510773 -293.793976 -6.393627
v -360.510803 -233.793915 13.606373
v -360.510803 -253.793945 13.606373
v -360.510803 -273.793945 13.606373
v -360.510803 -293.793976 13.606373
v -365.581848 -236.847656 35.641125
v -360.510803 -253.793945 33.606373
v -360.510803 -273.793945 33.606373
v -365.581848 -290.743408 35.641125
v -365.581848 -236.847656 53.606377
v -360.510803 -253.793945 53.606377
v -360.510803 -273.793945 53.606377
v -365.581848 -290.743408 53.606377
v -365.581848 -236.847656 71.571632
v -360.510803 -253.793945 73.606377
v -360.510803 -273.793945 73.606377
v -365.581848 -290.743408 71.571632
v -460.510803 -293.793976 13.606373
v -460.510803 -273.793945 13.606373
v -460.510803 -253.793945 13.606373
v -460.510803 -233.793915 13.606373
v -455.408112 -290.743408 35.641125
v -460.510803 -273.793945 33.606373
v -460.510803 -253.793945 33.606373
v -455.408112 -236.847656 35.641125
v -455.408112 -290.743408 53.606377
v -460.510803 -273.793945 53.606377
v -460.510803 -253.793945 53.606377
v -455.408112 -236.847656 53.606377
v -455.408112 -290.743408 71.571632
v -460.510803 -273.793945 73.606377
v -460.510803 -253.793945 73.606377
v -455.408112 -236.847656 71.571632
v -388.668030 -224.252563 -6.393627
v -397.929596 -212.716522 92.494949
v -470.178558 -224.252563 -6.393627
v -465.071533 -215.791168 93.123886
v -388.668030 -142.742035 -6.393627
v -399.108643 -151.935638 93.606369
v -470.178558 -142.742035 -6.393627
v -459.297211 -150.721924 93.606369
v -459.423279 -233.497284 -6.393627
v -439.423279 -233.497284 -6.393627
v -419.423279 -233.497284 -6.393627
v -399.423279 -233.497284 -6.393627
v -407.091797 -220.716492 93.606369
v -422.064972 -220.288971 93.606369
v -436.781616 -220.288971 93.606369
v -451.754791 -220.716492 93.606369
v -399.423279 -133.497314 -6.393627
v -419.423279 -133.497314 -6.393627
v -439.423279 -133.497314 -6.393627
v -459.423279 -133.497314 -6.393627
v -451.754791 -146.278137 93.606369
v -436.781616 -146.705658 93.606369
v -422.064972 -146.705658 93.606369
v -407.091797 -146.278137 93.606369
v -388.668030 -224.252563 13.606373
v -389.609344 -223.297058 35.641125
v -389.609344 -223.297058 53.606377
v -389.609344 -223.297058 71.571632
v -469.205627 -223.297058 71.571632
v -469.205627 -223.297058 53.606377
v -469.205627 -223.297058 35.641125
v -470.178558 -224.252563 13.606373
v -464.179657 -144.208832 71.571632
v -469.205627 -143.700775 53.606377
v -469.205627 -143.700775 35.641125
v -470.178558 -142.742035 13.606373
v -389.609344 -143.700775 71.571632
v -389.609344 -143.700775 53.606377
v -389.609344 -143.700775 35.641125
v -388.668030 -142.742035 13.606373
v -456.355347 -138.585785 71.571632
v -456.355347 -138.585785 53.606377
v -456.355347 -138.585785 35.641125
v -459.423279 -133.497314 13.606373
v -439.423279 -133.497314 73.606377
v -439.423279 -133.497314 53.606377
v -439.423279 -133.497314 33.606373
v -439.423279 -133.497314 13.606373
v -419.423279 -133.497314 73.606377
v -419.423279 -133.497314 53.606377
v -419.423279 -133.497314 33.606373
v -419.423279 -133.497314 13.606373
v -402.459595 -138.585785 71.571632
v -402.459595 -138.585785 53.606377
v -402.459595 -138.585785 35.641125
v -399.423279 -133.497314 13.606373
v -402.459595 -228.412048 71.571632
v -402.459595 -228.412048 53.606377
v -402.459595 -228.412048 35.641125
v -399.423279 -233.497284 13.606373
v -419.423279 -233.497284 73.606377
v -419.423279 -233.497284 53.606377
v -419.423279 -233.497284 33.606373
v -419.423279 -233.497284 13.606373
v -439.423279 -233.497284 73.606377
v -439.423279 -233.497284 53.606377
v -439.423279 -233.497284 33.606373
v -439.423279 -233.497284 13.606373
v -456.355347 -228.412048 71.571632
v -456.355347 -228.412048 53.606377
v -456.355347 -228.412048 35.641125
v -459.423279 -233.497284 13.606373
v -479.423279 -153.497314 -6.393627
v -479.423279 -173.497314 -6.393627
v -479.423279 -193.497314 -6.393627
v -479.423279 -213.497314 -6.393627
v -466.642456 -205.828796 93.606369
v -466.214935 -190.855652 93.606369
v -466.214935 -176.138977 93.606369
v -466.642456 -161.165802 93.606369
v -379.423279 -213.497314 -6.393627
v -379.423279 -193.497314 -6.393627
v -379.423279 -173.497314 -6.393627
v -379.423279 -153.497314 -6.393627
v -392.204132 -161.165802 93.606369
v -392.631653 -176.138977 93.606369
v -392.631653 -190.855652 93.606369
v -392.204132 -205.828796 93.606369
v -451.754791 -205.828796 105.734932
v -459.423279 -193.497314 105.734932
v -459.423279 -173.497314 105.734932
v -451.754791 -161.165802 105.734932
v -439.423279 -213.497314 105.734932
v -439.423279 -193.497314 113.161835
v -439.423279 -173.497314 111.516541
v -439.423279 -153.497314 105.734932
v -419.423279 -213.497314 105.734932
v -419.423279 -193.497314 117.501984
v -419.423279 -173.497314 108.602478
v -419.423279 -153.497314 105.734932
v -407.091797 -205.828796 105.734932
v -399.423279 -193.497314 105.734932
v -399.423279 -173.497314 105.734932
v -407.091797 -161.165802 105.734932
v -459.423279 -153.497314 -6.393627
v -459.423279 -173.497314 -6.393627
v -459.423279 -193.497314 -6.393627
v -459.423279 -213.497314 -6.393627
v -439.423279 -153.497314 -6.393627
v -439.423279 -173.497314 -6.393627
v -439.423279 -193.497314 -6.393627
v -439.423279 -213.497314 -6.393627
v -419.423279 -153.497314 -6.393627
v -419.423279 -173.497314 -6.393627
v -419.423279 -193.497314 -6.393627
v -419.423279 -213.497314 -6.393627
v -399.423279 -153.497314 -6.393627
v -399.423279 -173.497314 -6.393627
v -399.423279 -193.497314 -6.393627
v -399.423279 -213.497314 -6.393627
v -379.423279 -153.497314 13.606373
v -379.423279 -173.497314 13.606373
v -379.423279 -193.497314 13.606373
v -379.423279 -213.497314 13.606373
v -384.494354 -156.551025 35.641125
v -379.423279 -173.497314 33.606373
v -379.423279 -193.497314 33.606373
v -384.494354 -210.446777 35.641125
v -384.494354 -156.551025 53.606377
v -379.423279 -173.497314 53.606377
v -379.423279 -193.497314 53.606377
v -384.494354 -210.446777 53.606377
v -384.494354 -156.551025 71.571632
v -379.423279 -173.497314 73.606377
v -379.423279 -193.497314 73.606377
v -384.494354 -210.446777 71.571632
v -479.423279 -213.497314 13.606373
v -479.423279 -193.497314 13.606373
v -479.423279 -173.497314 13.606373
v -479.423279 -153.497314 13.606373
v -474.320618 -210.446777 35.641125
v -479.423279 -193.497314 33.606373
v -479.423279 -173.497314 33.606373
v -474.320618 -156.551025 35.641125
v -474.320618 -210.446777 53.606377
v -479.423279 -193.497314 53.606377
v -479.423279 -173.497314 53.606377
v -474.320618 -156.551025 53.606377
v -474.320618 -210.446777 71.571632
v -479.423279 -193.497314 73.606377
v -479.423279 -173.497314 73.606377
v -474.320618 -156.551025 71.571632
v -405.417603 -130.755188 -6.393620
v -414.679169 -119.219177 92.494949
v -486.928131 -130.755188 -6.393620
v -481.821106 -122.293793 93.123886
v -405.417603 -49.244644 -6.393620
v -415.858215 -58.438263 93.606384
v -486.928131 -49.244644 -6.393620
v -476.046783 -57.224533 93.606377
v -476.172852 -139.999908 -6.393620
v -456.172852 -139.999908 -6.393620
v -436.172852 -139.999908 -6.393620
v -416.172852 -139.999908 -6.393620
v -423.841370 -127.219086 93.606384
v -438.814545 -126.791565 93.606384
v -453.531189 -126.791565 93.606384
v -468.504364 -127.219086 93.606384
v -416.172852 -39.999908 -6.393620
v -436.172852 -39.999908 -6.393620
v -456.172852 -39.999908 -6.393620
v -476.172852 -39.999908 -6.393620
v -468.504364 -52.780746 93.606384
v -453.531189 -53.208252 93.606384
v -438.814545 -53.208252 93.606384
v -423.841370 -52.780746 93.606384
v -405.417603 -130.755188 13.606379
v -406.358917 -129.799652 35.641129
v -406.358917 -129.799652 53.606384
v -406.358917 -129.799652 71.571640
v -485.955200 -129.799652 71.571640
v -485.955200 -129.799652 53.606384
v -485.955200 -129.799652 35.641129
v -486.928131 -130.755188 13.606379
v -480.929230 -50.711441 71.571640
v -485.955200 -50.203369 53.606384
v -485.955200 -50.203369 35.641129
v -486.928131 -49.244644 13.606379
v -406.358917 -50.203369 71.571640
v -406.358917 -50.203369 53.606384
v -406.358917 -50.203369 35.641129
v -405.417603 -49.244644 13.606379
v -473.104919 -45.088394 71.571640
v -473.104919 -45.088394 53.606384
v -473.104919 -45.088394 35.641129
v -476.172852 -39.999908 13.606379
v -456.172852 -39.999908 73.606384
v -456.172852 -39.999908 53.606380
v -456.172852 -39.999908 33.606380
v -456.172852 -39.999908 13.606379
v -436.172852 -39.999908 73.606384
v -436.172852 -39.999908 53.606380
v -436.172852 -39.999908 33.606380
v -436.172852 -39.999908 13.606379
v -419.209167 -45.088394 71.571640
v -419.209167 -45.088394 53.606384
v -419.209167 -45.088394 35.641129
v -416.172852 -39.999908 13.606379
v -419.209167 -134.914642 71.571640
v -419.209167 -134.914642 53.606384
v -419.209167 -134.914642 35.641129
v -416.172852 -139.999908 13.606379
v -436.172852 -139.999908 73.606384
v -436.172852 -139.999908 53.606380
v -436.172852 -139.999908 33.606380
v -436.172852 -139.999908 13.606379
v -456.172852 -139.999908 73.606384
v -456.172852 -139.999908 53.606380
v -456.172852 -139.999908 33.606380
v -456.172852 -139.999908 13.606379
v -473.104919 -134.914642 71.571640
v -473.104919 -134.914642 53.606384
v -473.104919 -134.914642 35.641129
v -476.172852 -139.999908 13.606379
v -496.172852 -59.999924 -6.393620
v -496.172852 -79.999939 -6.393620
v -496.172852 -99.999908 -6.393620
v -496.172852 -119.999908 -6.393620
v -483.392029 -112.331421 93.606384
v -482.964508 -97.358246 93.606384
v -482.964508 -82.641571 93.606384
v -483.392029 -67.668411 93.606384
v -396.172852 -119.999908 -6.393620
v -396.172852 -99.999908 -6.393620
v -396.172852 -79.999939 -6.393620
v -396.172852 -59.999924 -6.393620
v -408.953705 -67.668411 93.606384
v -409.381226 -82.641571 93.606384
v -409.381226 -97.358246 93.606384
v -408.953705 -112.331421 93.606384
v -468.504364 -112.331421 105.734940
v -476.172852 -99.999908 105.734940
v -476.172852 -79.999939 105.734940
v -468.504364 -67.668411 105.734940
v -456.172852 -119.999908 105.734940
v -456.172852 -99.999908 113.161850
v -456.172852 -79.999939 111.516556
v -456.172852 -59.999924 105.734940
v -436.172852 -119.999908 105.734940
v -436.172852 -99.999908 117.501984
v -436.172852 -79.999939 108.602493
v -436.172852 -59.999924 105.734940
v -423.841370 -112.331421 105.734940
v -416.172852 -99.999908 105.734940
v -416.172852 -79.999939 105.734940
v -423.841370 -67.668411 105.734940
v -476.172852 -59.999924 -6.393620
v -476.172852 -79.999939 -6.393620
v -476.172852 -99.999908 -6.393620
v -476.172852 -119.999908 -6.393620
v -456.172852 -59.999924 -6.393620
v -456.172852 -79.999939 -6.393620
v -456.172852 -99.999908 -6.393620
v -456.172852 -119.999908 -6.393620
v -436.172852 -59.999924 -6.393620
v -436.172852 -79.999939 -6.393620
v -436.172852 -99.999908 -6.393620
v -436.172852 -119.999908 -6.393620
v -416.172852 -59.999924 -6.393620
v -416.172852 -79.999939 -6.393620
v -416.172852 -99.999908 -6.393620
v -416.172852 -119.999908 -6.393620
v -396.172852 -59.999924 13.606379
v -396.172852 -79.999939 13.606379
v -396.172852 -99.999908 13.606379
v -396.172852 -119.999908 13.606379
v -401.243927 -63.053635 35.641129
v -396.172852 -79.999939 33.606380
v -396.172852 -99.999908 33.606380
v -401.243927 -116.949402 35.641129
v -401.243927 -63.053635 53.606384
v -396.172852 -79.999939 53.606380
v -396.172852 -99.999908 53.606380
v -401.243927 -116.949402 53.606384
v -401.243927 -63.053635 71.571640
v -396.172852 -79.999939 73.606384
v -396.172852 -99.999908 73.606384
v -401.243927 -116.949402 71.571640
v -496.172852 -119.999908 13.606379
v -496.172852 -99.999908 13.606379
v -496.172852 -79.999939 13.606379
v -496.172852 -59.999924 13.606379
v -491.070190 -116.949402 35.641129
v -496.172852 -99.999908 33.606380
v -496.172852 -79.999939 33.606380
v -491.070190 -63.053635 35.641129
v -491.070190 -116.949402 53.606384
v -496.172852 -99.999908 53.606380
v -496.172852 -79.999939 53.606380
v -491.070190 -63.053635 53.606384
v -491.070190 -116.949402 71.571640
v -496.172852 -99.999908 73.606384
v -496.172852 -79.999939 73.606384
v -491.070190 -63.053635 71.571640
v -409.022156 -39.226654 -6.393627
v -418.283722 -27.690598 92.494949
v -490.532684 -39.226654 -6.393627
v -485.425659 -30.765244 93.123886
v -409.022156 42.283890 -6.393627
v -419.462769 33.090286 93.606369
v -490.532684 42.283890 -6.393627
v -479.651337 34.304001 93.606369
v -479.777405 -48.471375 -6.393627
v -459.777435 -48.471375 -6.393627
v -439.777405 -48.471375 -6.393627
v -419.777405 -48.471375 -6.393627
v -427.445923 -35.690552 93.606369
v -442.419098 -35.263046 93.606369
v -457.135742 -35.263046 93.606369
v -472.108917 -35.690552 93.606369
v -419.777405 51.528618 -6.393627
v -439.777405 51.528618 -6.393627
v -459.777435 51.528618 -6.393627
v -479.777405 51.528618 -6.393627
v -472.108917 38.747787 93.606369
v -457.135742 38.320282 93.606369
v -442.419098 38.320282 93.606369
v -427.445923 38.747787 93.606369
v -409.022156 -39.226654 13.606373
v -409.963470 -38.271118 35.641125
v -409.963470 -38.271118 53.606377
v -409.963470 -38.271118 71.571632
v -489.559753 -38.271118 71.571632
v -489.559753 -38.271118 53.606377
v -489.559753 -38.271118 35.641125
v -490.532684 -39.226654 13.606373
v -484.533813 40.817093 71.571632
v -489.559753 41.325165 53.606377
v -489.559753 41.325165 35.641125
v -490.532684 42.283890 13.606373
v -409.963470 41.325165 71.571632
v -409.963470 41.325165 53.606377
v -409.963470 41.325165 35.641125
v -409.022156 42.283890 13.606373
v -476.709473 46.440140 71.571632
v -476.709473 46.440140 53.606377
v -476.709473 46.440140 35.641125
v -479.777405 51.528618 13.606373
v -459.777435 51.528618 73.606377
v -459.777435 51.528618 53.606377
v -459.777435 51.528618 33.606373
v -459.777435 51.528618 13.606373
v -439.777405 51.528618 73.606377
v -439.777405 51.528618 53.606377
v -439.777405 51.528618 33.606373
v -439.777405 51.528618 13.606373
v -422.813721 46.440140 71.571632
v -422.813721 46.440140 53.606377
v -422.813721 46.440140 35.641125
v -419.777405 51.528618 13.606373
v -422.813721 -43.386108 71.571632
v -422.813721 -43.386108 53.606377
v -422.813721 -43.386108 35.641125
v -419.777405 -48.471375 13.606373
v -439.777405 -48.471375 73.606377
v -439.777405 -48.471375 53.606377
v -439.777405 -48.471375 33.606373
v -439.777405 -48.471375 13.606373
v -459.777435 -48.471375 73.606377
v -459.777435 -48.471375 53.606377
v -459.777435 -48.471375 33.606373
v -459.777435 -48.471375 13.606373
v -476.709473 -43.386108 71.571632
v -476.709473 -43.386108 53.606377
v -476.709473 -43.386108 35.641125
v -479.777405 -48.471375 13.606373
v -499.777405 31.528610 -6.393627
v -499.777405 11.528625 -6.393627
v -499.777405 -8.471390 -6.393627
v -499.777405 -28.471375 -6.393627
v -486.996582 -20.802887 93.606369
v -486.569061 -5.829712 93.606369
v -486.569061 8.886963 93.606369
v -486.996582 23.860123 93.606369
v -399.777405 -28.471375 -6.393627
v -399.777405 -8.471390 -6.393627
v -399.777405 11.528625 -6.393627
v -399.777405 31.528610 -6.393627
v -412.558258 23.860123 93.606369
v -412.985779 8.886963 93.606369
v -412.985779 -5.829712 93.606369
v -412.558258 -20.802887 93.606369
v -472.108917 -20.802887 105.734932
v -479.777405 -8.471390 105.734932
v -479.777405 11.528625 105.734932
v -472.108917 23.860123 105.734932
v -459.777435 -28.471375 105.734932
v -459.777435 -8.471390 113.161835
v -459.777435 11.528625 111.516541
v -459.777435 31.528610 105.734932
v -439.777405 -28.471375 105.734932
v -439.777405 -8.471390 117.501984
v -439.777405 11.528625 108.602478
v -439.777405 31.528610 105.734932
v -427.445923 -20.802887 105.734932
v -419.777405 -8.471390 105.734932
v -419.777405 11.528625 105.734932
v -427.445923 23.860123 105.734932
v -479.777405 31.528610 -6.393627
v -479.777405 11.528625 -6.393627
v -479.777405 -8.471390 -6.393627
v -479.777405 -28.471375 -6.393627
v -459.777435 31.528610 -6.393627
v -459.777435 11.528625 -6.393627
v -459.777435 -8.471390 -6.393627
v -459.777435 -28.471375 -6.393627
v -439.777405 31.528610 -6.393627
v -439.777405 11.528625 -6.393627
v -439.777405 -8.471390 -6.393627
v -439.777405 -28.471375 -6.393627
v -419.777405 31.528610 -6.393627
v -419.777405 11.528625 -6.393627
v -419.777405 -8.471390 -6.393627
v -419.777405 -28.471375 -6.393627
v -399.777405 31.528610 13.606373
v -399.777405 11.528625 13.606373
v -399.777405 -8.471390 13.606373
v -399.777405 -28.471375 13.606373
v -404.848480 28.474899 35.641125
v -399.777405 11.528625 33.606373
v -399.777405 -8.471390 33.606373
v -404.848480 -25.420853 35.641125
v -404.848480 28.474899 53.606377
v -399.777405 11.528625 53.606377
v -399.777405 -8.471390 53.606377
v -404.848480 -25.420853 53.606377
v -404.848480 28.474899 71.571632
v -399.777405 11.528625 73.606377
v -399.777405 -8.471390 73.606377
v -404.848480 -25.420853 71.571632
v -499.777405 -28.471375 13.606373
v -499.777405 -8.471390 13.606373
v -499.777405 11.528625 13.606373
v -499.777405 31.528610 13.606373
v -494.674744 -25.420853 35.641125
v -499.777405 -8.471390 33.606373
v -499.777405 11.528625 33.606373
v -494.674744 28.474899 35.641125
v -494.674744 -25.420853 53.606377
v -499.777405 -8.471390 53.606377
v -499.777405 11.528625 53.606377
v -494.674744 28.474899 53.606377
v -494.674744 -25.420853 71.571632
v -499.777405 -8.471390 73.606377
v -499.777405 11.528625 73.606377
v -494.674744 28.474899 71.571632
v -399.522583 65.617462 -6.393620
v -408.784180 77.153503 92.494949
v -481.033142 65.617462 -6.393620
v -475.926117 74.078865 93.123886
v -399.522583 147.128006 -6.393620
v -409.963226 137.934387 93.606384
v -481.033142 147.128006 -6.393620
v -470.151794 139.148117 93.606377
v -470.277863 56.372734 -6.393620
v -450.277863 56.372734 -6.393620
v -430.277863 56.372734 -6.393620
v -410.277863 56.372734 -6.393620
v -417.946381 69.153572 93.606384
v -432.919556 69.581078 93.606384
v -447.636200 69.581078 93.606384
v -462.609375 69.153572 93.606384
v -410.277863 156.372742 -6.393620
v -430.277863 156.372742 -6.393620
v -450.277863 156.372742 -6.393620
v -470.277863 156.372742 -6.393620
v -462.609375 143.591888 93.606384
v -447.636200 143.164383 93.606384
v -432.919556 143.164383 93.606384
v -417.946381 143.591888 93.606384
v -399.522583 65.617462 13.606379
v -400.463928 66.572998 35.641129
v -400.463928 66.572998 53.606384
v -400.463928 66.572998 71.571640
v -480.060181 66.572998 71.571640
v -480.060181 66.572998 53.606384
v -480.060181 66.572998 35.641129
v -481.033142 65.617462 13.606379
v -475.034241 145.661224 71.571640
v -480.060181 146.169281 53.606384
v -480.060181 146.169281 35.641129
v -481.033142 147.128006 13.606379
v -400.463928 146.169281 71.571640
v -400.463928 146.169281 53.606384
v -400.463928 146.169281 35.641129
v -399.522583 147.128006 13.606379
v -467.209930 151.284271 71.571640
v -467.209930 151.284271 53.606384
v -467.209930 151.284271 35.641129
v -470.277863 156.372742 13.606379
v -450.277863 156.372742 73.606384
v -450.277863 156.372742 53.606380
v -450.277863 156.372742 33.606380
v -450.277863 156.372742 13.606379
v -430.277863 156.372742 73.606384
v -430.277863 156.372742 53.606380
v -430.277863 156.372742 33.606380
v -430.277863 156.372742 13.606379
v -413.314178 151.284271 71.571640
v -413.314178 151.284271 53.606384
v -413.314178 151.284271 35.641129
v -410.277863 156.372742 13.606379
v -413.314178 61.458015 71.571640
v -413.314178 61.458015 53.606384
v -413.314178 61.458015 35.641129
v -410.277863 56.372734 13.606379
v -430.277863 56.372734 73.606384
v -430.277863 56.372734 53.606380
v -430.277863 56.372734 33.606380
v -430.277863 56.372734 13.606379
v -450.277863 56.372734 73.606384
v -450.277863 56.372734 53.606380
v -450.277863 56.372734 33.606380
v -450.277863 56.372734 13.606379
v -467.209930 61.458015 71.571640
v -467.209930 61.458015 53.606384
v -467.209930 61.458015 35.641129
v -470.277863 56.372734 13.606379
v -490.277863 136.372742 -6.393620
v -490.277863 116.372742 -6.393620
v -490.277863 96.372734 -6.393620
v -490.277863 76.372742 -6.393620
v -477.497040 84.041237 93.606384
v -477.069519 99.014404 93.606384
v -477.069519 113.731064 93.606384
v -477.497040 128.704239 93.606384
v -390.277863 76.372742 -6.393620
v -390.277863 96.372734 -6.393620
v -390.277863 116.372742 -6.393620
v -390.277863 136.372742 -6.393620
v -403.058716 128.704239 93.606384
v -403.486206 113.731064 93.606384
v -403.486206 99.014404 93.606384
v -403.058716 84.041237 93.606384
v -462.609375 84.041237 105.734940
v -470.277863 96.372734 105.734940
v -470.277863 116.372742 105.734940
v -462.609375 128.704239 105.734940
v -450.277863 76.372742 105.734940
v -450.277863 96.372734 113.161850
v -450.277863 116.372742 111.516556
v -450.277863 136.372742 105.734940
v -430.277863 76.372742 105.734940
v -430.277863 96.372734 117.501984
v -430.277863 116.372742 108.602493
v -430.277863 136.372742 105.734940
v -417.946381 84.041237 105.734940
v -410.277863 96.372734 105.734940
v -410.277863 116.372742 105.734940
v -417.946381 128.704239 105.734940
v -470.277863 136.372742 -6.393620
v -470.277863 116.372742 -6.393620
v -470.277863 96.372734 -6.393620
v -470.277863 76.372742 -6.393620
v -450.277863 136.372742 -6.393620
v -450.277863 116.372742 -6.393620
v -450.277863 96.372734 -6.393620
v -450.277863 76.372742 -6.393620
v -430.277863 136.372742 -6.393620
v -430.277863 116.372742 -6.393620
v -430.277863 96.372734 -6.393620
v -430.277863 76.372742 -6.393620
v -410.277863 136.372742 -6.393620
v -410.277863 116.372742 -6.393620
v -410.277863 96.372734 -6.393620
v -410.277863 76.372742 -6.393620
v -390.277863 136.372742 13.606379
v -390.277863 116.372742 13.606379
v -390.277863 96.372734 13.606379
v -390.277863 76.372742 13.606379
v -395.348938 133.319016 35.641129
v -390.277863 116.372742 33.606380
v -390.277863 96.372734 33.606380
v -395.348938 79.423256 35.641129
v -395.348938 133.319016 53.606384
v -390.277863 116.372742 53.606380
v -390.277863 96.372734 53.606380
v -395.348938 79.423256 53.606384
v -395.348938 133.319016 71.571640
v -390.277863 116.372742 73.606384
v -390.277863 96.372734 73.606384
v -395.348938 79.423256 71.571640
v -490.277863 76.372742 13.606379
v -490.277863 96.372734 13.606379
v -490.277863 116.372742 13.606379
v -490.277863 136.372742 13.606379
v -485.175171 79.423256 35.641129
v -490.277863 96.372734 33.606380
v -490.277863 116.372742 33.606380
v -485.175171 133.319016 35.641129
v -485.175171 79.423256 53.606384
v -490.277863 96.372734 53.606380
v -490.277863 116.372742 53.606380
v -485.175171 133.319016 53.606384
v -485.175171 79.423256 71.571640
v -490.277863 96.372734 73.606384
v -490.277863 116.372742 73.606384
v -485.175171 133.319016 71.571640
v -261.420380 286.380249 -6.393620
v -270.681946 297.916290 92.494949
v -342.930908 286.380249 -6.393620
v -337.823914 294.841644 93.123886
v -261.420380 367.890778 -6.393620
v -271.861023 358.697174 93.606384
v -342.930908 367.890778 -6.393620
v -332.049561 359.910889 93.606377
v -332.175659 277.135498 -6.393620
v -312.175659 277.135498 -6.393620
v -292.175659 277.135498 -6.393620
v -272.175659 277.135498 -6.393620
v -279.844147 289.916351 93.606384
v -294.817322 290.343872 93.606384
v -309.533997 290.343872 93.606384
v -324.507141 289.916351 93.606384
v -272.175659 377.135498 -6.393620
v -292.175659 377.135498 -6.393620
v -312.175659 377.135498 -6.393620
v -332.175659 377.135498 -6.393620
v -324.507141 364.354675 93.606384
v -309.533997 363.927185 93.606384
v -294.817322 363.927185 93.606384
v -279.844147 364.354675 93.606384
v -261.420380 286.380249 13.606379
v -262.361694 287.335785 35.641129
v -262.361694 287.335785 53.606384
v -262.361694 287.335785 71.571640
v -341.957977 287.335785 71.571640
v -341.957977 287.335785 53.606384
v -341.957977 287.335785 35.641129
v -342.930908 286.380249 13.606379
v -336.932007 366.423981 71.571640
v -341.957977 366.932068 53.606384
v -341.957977 366.932068 35.641129
v -342.930908 367.890778 13.606379
v -262.361694 366.932068 71.571640
v -262.361694 366.932068 53.606384
v -262.361694 366.932068 35.641129
v -261.420380 367.890778 13.606379
v -329.107727 372.047058 71.571640
v -329.107727 372.047058 53.606384
v -329.107727 372.047058 35.641129
v -332.175659 377.135498 13.606379
v -312.175659 377.135498 73.606384
v -312.175659 377.135498 53.606380
v -312.175659 377.135498 33.606380
v -312.175659 377.135498 13.606379
v -292.175659 377.135498 73.606384
v -292.175659 377.135498 53.606380
v -292.175659 377.135498 33.606380
v -292.175659 377.135498 13.606379
v -275.211975 372.047058 71.571640
v -275.211975 372.047058 53.606384
v -275.211975 372.047058 35.641129
v -272.175659 377.135498 13.606379
v -275.211975 282.220795 71.571640
v -275.211975 282.220795 53.606384
v -275.211975 282.220795 35.641129
v -272.175659 277.135498 13.606379
v -292.175659 277.135498 73.606384
v -292.175659 277.135498 53.606380
v -292.175659 277.135498 33.606380
v -292.175659 277.135498 13.606379
v -312.175659 277.135498 73.606384
v -312.175659 277.135498 53.606380
v -312.175659 277.135498 33.606380
v -312.175659 277.135498 13.606379
v -329.107727 282.220795 71.571640
v -329.107727 282.220795 53.606384
v -329.107727 282.220795 35.641129
v -332.175659 277.135498 13.606379
v -352.175659 357.135498 -6.393620
v -352.175659 337.135498 -6.393620
v -352.175659 317.135498 -6.393620
v -352.175659 297.135529 -6.393620
v -339.394806 304.804016 93.606384
v -338.967285 319.777161 93.606384
v -338.967285 334.493835 93.606384
v -339.394806 349.467010 93.606384
v -252.175644 297.135529 -6.393620
v -252.175644 317.135498 -6.393620
v -252.175644 337.135498 -6.393620
v -252.175644 357.135498 -6.393620
v -264.956482 349.467010 93.606384
v -265.383972 334.493835 93.606384
v -265.383972 319.777161 93.606384
v -264.956482 304.804016 93.606384
v -324.507141 304.804016 105.734940
v -332.175659 317.135498 105.734940
v -332.175659 337.135498 105.734940
v -324.507141 349.467010 105.734940
v -312.175659 297.135529 105.734940
v -312.175659 317.135498 113.161850
v -312.175659 337.135498 111.516556
v -312.175659 357.135498 105.734940
v -292.175659 297.135529 105.734940
v -292.175659 317.135498 117.501984
v -292.175659 337.135498 108.602493
v -292.175659 357.135498 105.734940
v -279.844147 304.804016 105.734940
v -272.175659 317.135498 105.734940
v -272.175659 337.135498 105.734940
v -279.844147 349.467010 105.734940
v -332.175659 357.135498 -6.393620
v -332.175659 337.135498 -6.393620
v -332.175659 317.135498 -6.393620
v -332.175659 297.135529 -6.393620
v -312.175659 357.135498 -6.393620
v -312.175659 337.135498 -6.393620
v -312.175659 317.135498 -6.393620
v -312.175659 297.135529 -6.393620
v -292.175659 357.135498 -6.393620
v -292.175659 337.135498 -6.393620
v -292.175659 317.135498 -6.393620
v -292.175659 297.135529 -6.393620
v -272.175659 357.135498 -6.393620
v -272.175659 337.135498 -6.393620
v -272.175659 317.135498 -6.393620
v -272.175659 297.135529 -6.393620
v -252.175644 357.135498 13.606379
v -252.175644 337.135498 13.606379
v -252.175644 317.135498 13.606379
v -252.175644 297.135529 13.606379
v -257.246704 354.081787 35.641129
v -252.175644 337.135498 33.606380
v -252.175644 317.135498 33.606380
v -257.246704 300.186035 35.641129
v -257.246704 354.081787 53.606384
v -252.175644 337.135498 53.606380
v -252.175644 317.135498 53.606380
v -257.246704 300.186035 53.606384
v -257.246704 354.081787 71.571640
v -252.175644 337.135498 73.606384
v -252.175644 317.135498 73.606384
v -257.246704 300.186035 71.571640
v -352.175659 297.135529 13.606379
v -352.175659 317.135498 13.606379
v -352.175659 337.135498 13.606379
v -352.175659 357.135498 13.606379
v -347.072968 300.186035 35.641129
v -352.175659 317.135498 33.606380
v -352.175659 337.135498 33.606380
v -347.072968 354.081787 35.641129
v -347.072968 300.186035 53.606384
v -352.175659 317.135498 53.606380
v -352.175659 337.135498 53.606380
v -347.072968 354.081787 53.606384
v -347.072968 300.186035 71.571640
v -352.175659 317.135498 73.606384
v -352.175659 337.135498 73.606384
v -347.072968 354.081787 71.571640
v -48.513794 -468.714294 -6.393620
v -57.775360 -457.178284 92.494949
v -130.024353 -468.714294 -6.393620
v -124.917328 -460.252930 93.123886
v -48.513794 -387.203735 -6.393620
v -58.954437 -396.397339 93.606377
v -130.024353 -387.203735 -6.393620
v -119.143005 -395.183594 93.606369
v -119.269073 -477.959045 -6.393620
v -99.269073 -477.959045 -6.393620
v -79.269073 -477.959045 -6.393620
v -59.269073 -477.959045 -6.393620
v -66.937561 -465.178162 93.606377
v -81.910736 -464.750671 93.606377
v -96.627411 -464.750671 93.606377
v -111.600586 -465.178162 93.606377
v -59.269073 -377.959045 -6.393620
v -79.269073 -377.959045 -6.393620
v -99.269073 -377.959045 -6.393620
v -119.269073 -377.959045 -6.393620
v -111.600586 -390.739868 93.606377
v -96.627411 -391.167358 93.606377
v -81.910736 -391.167358 93.606377
v -66.937561 -390.739868 93.606377
v -48.513794 -468.714294 13.606377
v -49.455139 -467.758728 35.641129
v -49.455139 -467.758728 53.606380
v -49.455139 -467.758728 71.571632
v -129.051422 -467.758728 71.571632
v -129.051422 -467.758728 53.606380
v -129.051422 -467.758728 35.641129
v -130.024353 -468.714294 13.606377
v -124.025452 -388.670532 71.571640
v -129.051422 -388.162476 53.606380
v -129.051422 -388.162476 35.641129
v -130.024353 -387.203735 13.606377
v -49.455139 -388.162476 71.571632
v -49.455139 -388.162476 53.606380
v -49.455139 -388.162476 35.641129
v -48.513794 -387.203735 13.606377
v -116.201141 -383.047485 71.571632
v -116.201141 -383.047485 53.606380
v -116.201141 -383.047485 35.641129
v -119.269073 -377.959045 13.606377
v -99.269073 -377.959045 73.606377
v -99.269073 -377.959045 53.606377
v -99.269073 -377.959045 33.606377
v -99.269073 -377.959045 13.606377
v -79.269073 -377.959045 73.606377
v -79.269073 -377.959045 53.606377
v -79.269073 -377.959045 33.606377
v -79.269073 -377.959045 13.606377
v -62.305389 -383.047485 71.571632
v -62.305389 -383.047485 53.606380
v -62.305389 -383.047485 35.641129
v -59.269073 -377.959045 13.606377
v -62.305389 -472.873718 71.571632
v -62.305389 -472.873718 53.606380
v -62.305389 -472.873718 35.641129
v -59.269073 -477.959045 13.606377
v -79.269073 -477.959045 73.606377
v -79.269073 -477.959045 53.606377
v -79.269073 -477.959045 33.606377
v -79.269073 -477.959045 13.606377
v -99.269073 -477.959045 73.606377
v -99.269073 -477.959045 53.606377
v -99.269073 -477.959045 33.606377
v -99.269073 -477.959045 13.606377
v -116.201141 -472.873718 71.571632
v -116.201141 -472.873718 53.606380
v -116.201141 -472.873718 35.641129
v -119.269073 -477.959045 13.606377
v -139.269073 -397.958984 -6.393620
v -139.269073 -417.959045 -6.393620
v -139.269073 -437.958984 -6.393620
v -139.269073 -457.959045 -6.393620
v -126.488251 -450.290466 93.606377
v -126.060730 -435.317322 93.606377
v -126.060730 -420.600708 93.606377
v -126.488251 -405.627563 93.606377
v -39.269073 -457.959045 -6.393620
v -39.269073 -437.958984 -6.393620
v -39.269073 -417.959045 -6.393620
v -39.269073 -397.958984 -6.393620
v -52.049896 -405.627563 93.606377
v -52.477417 -420.600708 93.606377
v -52.477417 -435.317322 93.606377
v -52.049896 -450.290466 93.606377
v -111.600586 -450.290466 105.734940
v -119.269073 -437.958984 105.734940
v -119.269073 -417.959045 105.734940
v -111.600586 -405.627563 105.734940
v -99.269073 -457.959045 105.734940
v -99.269073 -437.958984 113.161835
v -99.269073 -417.959045 111.516556
v -99.269073 -397.958984 105.734940
v -79.269073 -457.959045 105.734940
v -79.269073 -437.958984 117.501984
v -79.269073 -417.959045 108.602478
v -79.269073 -397.958984 105.734940
v -66.937561 -450.290466 105.734940
v -59.269073 -437.958984 105.734940
v -59.269073 -417.959045 105.734940
v -66.937561 -405.627563 105.734940
v -119.269073 -397.958984 -6.393620
v -119.269073 -417.959045 -6.393620
v -119.269073 -437.958984 -6.393620
v -119.269073 -457.959045 -6.393620
v -99.269073 -397.958984 -6.393620
v -99.269073 -417.959045 -6.393620
v -99.269073 -437.958984 -6.393620
v -99.269073 -457.959045 -6.393620
v -79.269073 -397.958984 -6.393620
v -79.269073 -417.959045 -6.393620
v -79.269073 -437.958984 -6.393620
v -79.269073 -457.959045 -6.393620
v -59.269073 -397.958984 -6.393620
v -59.269073 -417.959045 -6.393620
v -59.269073 -437.958984 -6.393620
v -59.269073 -457.959045 -6.393620
v -39.269073 -397.958984 13.606377
v -39.269073 -417.959045 13.606377
v -39.269073 -437.958984 13.606377
v -39.269073 -457.959045 13.606377
v -44.340149 -401.012756 35.641129
v -39.269073 -417.959045 33.606377
v -39.269073 -437.958984 33.606377
v -44.340149 -454.908508 35.641129
v -44.340149 -401.012756 53.606380
v -39.269073 -417.959045 53.606377
v -39.269073 -437.958984 53.606377
v -44.340149 -454.908508 53.606380
v -44.340149 -401.012756 71.571632
v -39.269073 -417.959045 73.606377
v -39.269073 -437.958984 73.606377
v -44.340149 -454.908508 71.571632
v -139.269073 -457.959045 13.606377
v -139.269073 -437.958984 13.606377
v -139.269073 -417.959045 13.606377
v -139.269073 -397.958984 13.606377
v -134.166382 -454.908508 35.641129
v -139.269073 -437.958984 33.606377
v -139.269073 -417.959045 33.606377
v -134.166382 -401.012756 35.641129
v -134.166382 -454.908508 53.606380
v -139.269073 -437.958984 53.606377
v -139.269073 -417.959045 53.606377
v -134.166382 -401.012756 53.606380
v -134.166382 -454.908508 71.571632
v -139.269073 -437.958984 73.606377
v -139.269073 -417.959045 73.606377
v -134.166382 -401.012756 71.571632
v -121.442780 -434.421204 -6.393627
v -130.704346 -422.885193 92.494949
v -202.953323 -434.421204 -6.393627
v -197.846298 -425.959839 93.123886
v -121.442780 -352.910645 -6.393627
v -131.883423 -362.104248 93.606369
v -202.953323 -352.910645 -6.393627
v -192.071976 -360.890564 93.606369
v -192.198044 -443.665955 -6.393627
v -172.198044 -443.665955 -6.393627
v -152.198059 -443.665955 -6.393627
v -132.198059 -443.665955 -6.393627
v -139.866547 -430.885071 93.606369
v -154.839722 -430.457581 93.606369
v -169.556381 -430.457581 93.606369
v -184.529556 -430.885071 93.606369
v -132.198059 -343.665955 -6.393627
v -152.198059 -343.665955 -6.393627
v -172.198044 -343.665955 -6.393627
v -192.198044 -343.665955 -6.393627
v -184.529556 -356.446777 93.606369
v -169.556381 -356.874268 93.606369
v -154.839722 -356.874268 93.606369
v -139.866547 -356.446777 93.606369
v -121.442780 -434.421204 13.606373
v -122.384094 -433.465698 35.641125
v -122.384094 -433.465698 53.606377
v -122.384094 -433.465698 71.571632
v -201.980377 -433.465698 71.571632
v -201.980377 -433.465698 53.606377
v -201.980377 -433.465698 35.641125
v -202.953323 -434.421204 13.606373
v -196.954422 -354.377441 71.571632
v -201.980377 -353.869385 53.606377
v -201.980377 -353.869385 35.641125
v -202.953323 -352.910645 13.606373
v -122.384094 -353.869385 71.571632
v -122.384094 -353.869385 53.606377
v -122.384094 -353.869385 35.641125
v -121.442780 -352.910645 13.606373
v -189.130127 -348.754395 71.571632
v -189.130127 -348.754395 53.606377
v -189.130127 -348.754395 35.641125
v -192.198044 -343.665955 13.606373
v -172.198044 -343.665955 73.606377
v -172.198044 -343.665955 53.606377
v -172.198044 -343.665955 33.606373
v -172.198044 -343.665955 13.606373
v -152.198059 -343.665955 73.606377
v -152.198059 -343.665955 53.606377
v -152.198059 -343.665955 33.606373
v -152.198059 -343.665955 13.606373
v -135.234375 -348.754395 71.571632
v -135.234375 -348.754395 53.606377
v -135.234375 -348.754395 35.641125
v -132.198059 -343.665955 13.606373
v -135.234375 -438.580627 71.571632
v -135.234375 -438.580627 53.606377
v -135.234375 -438.580627 35.641125
v -132.198059 -443.665955 13.606373
v -152.198059 -443.665955 73.606377
v -152.198059 -443.665955 53.606377
v -152.198059 -443.665955 33.606373
v -152.198059 -443.665955 13.606373
v -172.198044 -443.665955 73.606377
v -172.198044 -443.665955 53.606377
v -172.198044 -443.665955 33.606373
v -172.198044 -443.665955 13.606373
v -189.130127 -438.580627 71.571632
v -189.130127 -438.580627 53.606377
v -189.130127 -438.580627 35.641125
v -192.198044 -443.665955 13.606373
v -212.198044 -363.665894 -6.393627
v -212.198044 -383.665955 -6.393627
v -212.198044 -403.665955 -6.393627
v -212.198044 -423.665955 -6.393627
v -199.417221 -415.997437 93.606369
v -198.989716 -401.024231 93.606369
v -198.989716 -386.307617 93.606369
v -199.417221 -371.334473 93.606369
v -112.198059 -423.665955 -6.393627
v -112.198059 -403.665955 -6.393627
v -112.198059 -383.665955 -6.393627
v -112.198059 -363.665894 -6.393627
v -124.978882 -371.334473 93.606369
v -125.406403 -386.307617 93.606369
v -125.406403 -401.024231 93.606369
v -124.978882 -415.997437 93.606369
v -184.529556 -415.997437 105.734932
v -192.198044 -403.665955 105.734932
v -192.198044 -383.665955 105.734932
v -184.529556 -371.334473 105.734932
v -172.198044 -423.665955 105.734932
v -172.198044 -403.665955 113.161835
v -172.198044 -383.665955 111.516541
v -172.198044 -363.665894 105.734932
v -152.198059 -423.665955 105.734932
v -152.198059 -403.665955 117.501984
v -152.198059 -383.665955 108.602478
v -152.198059 -363.665894 105.734932
v -139.866547 -415.997437 105.734932
v -132.198059 -403.665955 105.734932
v -132.198059 -383.665955 105.734932
v -139.866547 -371.334473 105.734932
v -192.198044 -363.665894 -6.393627
v -192.198044 -383.665955 -6.393627
v -192.198044 -403.665955 -6.393627
v -192.198044 -423.665955 -6.393627
v -172.198044 -363.665894 -6.393627
v -172.198044 -383.665955 -6.393627
v -172.198044 -403.665955 -6.393627
v -172.198044 -423.665955 -6.393627
v -152.198059 -363.665894 -6.393627
v -152.198059 -383.665955 -6.393627
v -152.198059 -403.665955 -6.393627
v -152.198059 -423.665955 -6.393627
v -132.198059 -363.665894 -6.393627
v -132.198059 -383.665955 -6.393627
v -132.198059 -403.665955 -6.393627
v -132.198059 -423.665955 -6.393627
v -112.198059 -363.665894 13.606373
v -112.198059 -383.665955 13.606373
v -112.198059 -403.665955 13.606373
v -112.198059 -423.665955 13.606373
v -117.269104 -366.719666 35.641125
v -112.198059 -383.665955 33.606373
v -112.198059 -403.665955 33.606373
v -117.269104 -420.615417 35.641125
v -117.269104 -366.719666 53.606377
v -112.198059 -383.665955 53.606377
v -112.198059 -403.665955 53.606377
v -117.269104 -420.615417 53.606377
v -117.269104 -366.719666 71.571632
v -112.198059 -383.665955 73.606377
v -112.198059 -403.665955 73.606377
v -117.269104 -420.615417 71.571632
v -212.198044 -423.665955 13.606373
v -212.198044 -403.665955 13.606373
v -212.198044 -383.665955 13.606373
v -212.198044 -363.665894 13.606373
v -207.095367 -420.615417 35.641125
v -212.198044 -403.665955 33.606373
v -212.198044 -383.665955 33.606373
v -207.095367 -366.719666 35.641125
v -207.095367 -420.615417 53.606377
v -212.198044 -403.665955 53.606377
v -212.198044 -383.665955 53.606377
v -207.095367 -366.719666 53.606377
v -207.095367 -420.615417 71.571632
v -212.198044 -403.665955 73.606377
v -212.198044 -383.665955 73.606377
v -207.095367 -366.719666 71.571632
v -186.850906 352.460266 -6.393620
v -196.112473 363.996338 92.494949
v -268.361450 352.460266 -6.393620
v -263.254456 360.921692 93.123886
v -186.850906 433.970825 -6.393620
v -197.291550 424.777222 93.606377
v -268.361450 433.970825 -6.393620
v -257.480103 425.990936 93.606369
v -257.606201 343.215576 -6.393620
v -237.606186 343.215576 -6.393620
v -217.606186 343.215576 -6.393620
v -197.606186 343.215576 -6.393620
v -205.274689 355.996399 93.606377
v -220.247849 356.423889 93.606377
v -234.964523 356.423889 93.606377
v -249.937683 355.996399 93.606377
v -197.606186 443.215546 -6.393620
v -217.606186 443.215546 -6.393620
v -237.606186 443.215546 -6.393620
v -257.606201 443.215546 -6.393620
v -249.937683 430.434723 93.606377
v -234.964523 430.007202 93.606377
v -220.247849 430.007202 93.606377
v -205.274689 430.434723 93.606377
v -186.850906 352.460266 13.606377
v -187.792236 353.415833 35.641129
v -187.792236 353.415833 53.606380
v -187.792236 353.415833 71.571632
v -267.388489 353.415833 71.571632
v -267.388489 353.415833 53.606380
v -267.388489 353.415833 35.641129
v -268.361450 352.460266 13.606377
v -262.362549 432.504028 71.571640
v -267.388489 433.012085 53.606380
v -267.388489 433.012085 35.641129
v -268.361450 433.970825 13.606377
v -187.792236 433.012085 71.571632
v -187.792236 433.012085 53.606380
v -187.792236 433.012085 35.641129
v -186.850906 433.970825 13.606377
v -254.538254 438.127075 71.571632
v -254.538254 438.127075 53.606380
v -254.538254 438.127075 35.641129
v -257.606201 443.215546 13.606377
v -237.606186 443.215546 73.606377
v -237.606186 443.215546 53.606377
v -237.606186 443.215546 33.606377
v -237.606186 443.215546 13.606377
v -217.606186 443.215546 73.606377
v -217.606186 443.215546 53.606377
v -217.606186 443.215546 33.606377
v -217.606186 443.215546 13.606377
v -200.642502 438.127075 71.571632
v -200.642502 438.127075 53.606380
v -200.642502 438.127075 35.641129
v -197.606186 443.215546 13.606377
v -200.642502 348.300842 71.571632
v -200.642502 348.300842 53.606380
v -200.642502 348.300842 35.641129
v -197.606186 343.215576 13.606377
v -217.606186 343.215576 73.606377
v -217.606186 343.215576 53.606377
v -217.606186 343.215576 33.606377
v -217.606186 343.215576 13.606377
v -237.606186 343.215576 73.606377
v -237.606186 343.215576 53.606377
v -237.606186 343.215576 33.606377
v -237.606186 343.215576 13.606377
v -254.538254 348.300842 71.571632
v -254.538254 348.300842 53.606380
v -254.538254 348.300842 35.641129
v -257.606201 343.215576 13.606377
v -277.606201 423.215576 -6.393620
v -277.606201 403.215546 -6.393620
v -277.606201 383.215576 -6.393620
v -277.606201 363.215576 -6.393620
v -264.825348 370.884064 93.606377
v -264.397827 385.857239 93.606377
v -264.397827 400.573914 93.606377
v -264.825348 415.547058 93.606377
v -177.606186 363.215576 -6.393620
v -177.606186 383.215576 -6.393620
v -177.606186 403.215546 -6.393620
v -177.606186 423.215576 -6.393620
v -190.387024 415.547058 93.606377
v -190.814529 400.573914 93.606377
v -190.814529 385.857239 93.606377
v -190.387024 370.884064 93.606377
v -249.937683 370.884064 105.734940
v -257.606201 383.215576 105.734940
v -257.606201 403.215546 105.734940
v -249.937683 415.547058 105.734940
v -237.606186 363.215576 105.734940
v -237.606186 383.215576 113.161835
v -237.606186 403.215546 111.516556
v -237.606186 423.215576 105.734940
v -217.606186 363.215576 105.734940
v -217.606186 383.215576 117.501984
v -217.606186 403.215546 108.602478
v -217.606186 423.215576 105.734940
v -205.274689 370.884064 105.734940
v -197.606186 383.215576 105.734940
v -197.606186 403.215546 105.734940
v -205.274689 415.547058 105.734940
v -257.606201 423.215576 -6.393620
v -257.606201 403.215546 -6.393620
v -257.606201 383.215576 -6.393620
v -257.606201 363.215576 -6.393620
v -237.606186 423.215576 -6.393620
v -237.606186 403.215546 -6.393620
v -237.606186 383.215576 -6.393620
v -237.606186 363.215576 -6.393620
v -217.606186 423.215576 -6.393620
v -217.606186 403.215546 -6.393620
v -217.606186 383.215576 -6.393620
v -217.606186 363.215576 -6.393620
v -197.606186 423.215576 -6.393620
v -197.606186 403.215546 -6.393620
v -197.606186 383.215576 -6.393620
v -197.606186 363.215576 -6.393620
v -177.606186 423.215576 13.606377
v -177.606186 403.215546 13.606377
v -177.606186 383.215576 13.606377
v -177.606186 363.215576 13.606377
v -182.677231 420.161835 35.641129
v -177.606186 403.215546 33.606377
v -177.606186 383.215576 33.606377
v -182.677231 366.266083 35.641129
v -182.677231 420.161835 53.606380
v -177.606186 403.215546 53.606377
v -177.606186 383.215576 53.606377
v -182.677231 366.266083 53.606380
v -182.677231 420.161835 71.571632
v -177.606186 403.215546 73.606377
v -177.606186 383.215576 73.606377
v -182.677231 366.266083 71.571632
v -277.606201 363.215576 13.606377
v -277.606201 383.215576 13.606377
v -277.606201 403.215546 13.606377
v -277.606201 423.215576 13.606377
v -272.503510 366.266083 35.641129
v -277.606201 383.215576 33.606377
v -277.606201 403.215546 33.606377
v -272.503510 420.161835 35.641129
v -272.503510 366.266083 53.606380
v -277.606201 383.215576 53.606377
v -277.606201 403.215546 53.606377
v -272.503510 420.161835 53.606380
v -272.503510 366.266083 71.571632
v -277.606201 383.215576 73.606377
v -277.606201 403.215546 73.606377
v -272.503510 420.161835 71.571632
v -101.402710 405.755737 -6.393620
v -110.664246 417.291779 92.494949
v -182.913239 405.755737 -6.393620
v -177.806213 414.217163 93.123886
v -101.402710 487.266296 -6.393620
v -111.843323 478.072693 93.606377
v -182.913239 487.266296 -6.393620
v -172.031891 479.286407 93.606369
v -172.157959 396.511047 -6.393620
v -152.157959 396.511047 -6.393620
v -132.157990 396.511047 -6.393620
v -112.157959 396.511047 -6.393620
v -119.826477 409.291870 93.606377
v -134.799622 409.719360 93.606377
v -149.516296 409.719360 93.606377
v -164.489471 409.291870 93.606377
v -112.157959 496.511017 -6.393620
v -132.157990 496.511017 -6.393620
v -152.157959 496.511017 -6.393620
v -172.157959 496.511017 -6.393620
v -164.489471 483.730194 93.606377
v -149.516296 483.302673 93.606377
v -134.799622 483.302673 93.606377
v -119.826477 483.730194 93.606377
v -101.402710 405.755737 13.606377
v -102.344025 406.711304 35.641129
v -102.344025 406.711304 53.606380
v -102.344025 406.711304 71.571632
v -181.940308 406.711304 71.571632
v -181.940308 406.711304 53.606380
v -181.940308 406.711304 35.641129
v -182.913239 405.755737 13.606377
v -176.914337 485.799500 71.571640
v -181.940308 486.307556 53.606380
v -181.940308 486.307556 35.641129
v -182.913239 487.266296 13.606377
v -102.344025 486.307556 71.571632
v -102.344025 486.307556 53.606380
v -102.344025 486.307556 35.641129
v -101.402710 487.266296 13.606377
v -169.090042 491.422546 71.571632
v -169.090042 491.422546 53.606380
v -169.090042 491.422546 35.641129
v -172.157959 496.511017 13.606377
v -152.157959 496.511017 73.606377
v -152.157959 496.511017 53.606377
v -152.157959 496.511017 33.606377
v -152.157959 496.511017 13.606377
v -132.157990 496.511017 73.606377
v -132.157990 496.511017 53.606377
v -132.157990 496.511017 33.606377
v -132.157990 496.511017 13.606377
v -115.194275 491.422546 71.571632
v -115.194275 491.422546 53.606380
v -115.194275 491.422546 35.641129
v -112.157959 496.511017 13.606377
v -115.194275 401.596313 71.571632
v -115.194275 401.596313 53.606380
v -115.194275 401.596313 35.641129
v -112.157959 396.511047 13.606377
v -132.157990 396.511047 73.606377
v -132.157990 396.511047 53.606377
v -132.157990 396.511047 33.606377
v -132.157990 396.511047 13.606377
v -152.157959 396.511047 73.606377
v -152.157959 396.511047 53.606377
v -152.157959 396.511047 33.606377
v -152.157959 396.511047 13.606377
v -169.090042 401.596313 71.571632
v -169.090042 401.596313 53.606380
v -169.090042 401.596313 35.641129
v -172.157959 396.511047 13.606377
v -192.157974 476.511017 -6.393620
v -192.157974 456.511017 -6.393620
v -192.157974 436.511047 -6.393620
v -192.157974 416.511047 -6.393620
v -179.377136 424.179535 93.606377
v -178.949631 439.152679 93.606377
v -178.949631 453.869354 93.606377
v -179.377136 468.842529 93.606377
v -92.157959 416.511047 -6.393620
v -92.157959 436.511047 -6.393620
v -92.157959 456.511017 -6.393620
v -92.157959 476.511017 -6.393620
v -104.938812 468.842529 93.606377
v -105.366302 453.869354 93.606377
v -105.366302 439.152679 93.606377
v -104.938812 424.179535 93.606377
v -164.489471 424.179535 105.734940
v -172.157959 436.511047 105.734940
v -172.157959 456.511017 105.734940
v -164.489471 468.842529 105.734940
v -152.157959 416.511047 105.734940
v -152.157959 436.511047 113.161835
v -152.157959 456.511017 111.516556
v -152.157959 476.511017 105.734940
v -132.157990 416.511047 105.734940
v -132.157990 436.511047 117.501984
v -132.157990 456.511017 108.602478
v -132.157990 476.511017 105.734940
v -119.826477 424.179535 105.734940
v -112.157959 436.511047 105.734940
v -112.157959 456.511017 105.734940
v -119.826477 468.842529 105.734940
v -172.157959 476.511017 -6.393620
v -172.157959 456.511017 -6.393620
v -172.157959 436.511047 -6.393620
v -172.157959 416.511047 -6.393620
v -152.157959 476.511017 -6.393620
v -152.157959 456.511017 -6.393620
v -152.157959 436.511047 -6.393620
v -152.157959 416.511047 -6.393620
v -132.157990 476.511017 -6.393620
v -132.157990 456.511017 -6.393620
v -132.157990 436.511047 -6.393620
v -132.157990 416.511047 -6.393620
v -112.157959 476.511017 -6.393620
v -112.157959 456.511017 -6.393620
v -112.157959 436.511047 -6.393620
v -112.157959 416.511047 -6.393620
v -92.157959 476.511017 13.606377
v -92.157959 456.511017 13.606377
v -92.157959 436.511047 13.606377
v -92.157959 416.511047 13.606377
v -97.229004 473.457306 35.641129
v -92.157959 456.511017 33.606377
v -92.157959 436.511047 33.606377
v -97.229004 419.561554 35.641129
v -97.229004 473.457306 53.606380
v -92.157959 456.511017 53.606377
v -92.157959 436.511047 53.606377
v -97.229004 419.561554 53.606380
v -97.229004 473.457306 71.571632
v -92.157959 456.511017 73.606377
v -92.157959 436.511047 73.606377
v -97.229004 419.561554 71.571632
v -192.157974 416.511047 13.606377
v -192.157974 436.511047 13.606377
v -192.157974 456.511017 13.606377
v -192.157974 476.511017 13.606377
v -187.055283 419.561554 35.641129
v -192.157974 436.511047 33.606377
v -192.157974 456.511017 33.606377
v -187.055283 473.457306 35.641129
v -187.055283 419.561554 53.606380
v -192.157974 436.511047 53.606377
v -192.157974 456.511017 53.606377
v -187.055283 473.457306 53.606380
v -187.055283 419.561554 71.571632
v -192.157974 436.511047 73.606377
v -192.157974 456.511017 73.606377
v -187.055283 473.457306 71.571632
v -332.207001 215.945831 -6.393620
v -341.468567 227.481873 92.494949
v -413.717529 215.945831 -6.393620
v -408.610535 224.407227 93.123886
v -332.207001 297.456390 -6.393620
v -342.647644 288.262756 93.606377
v -413.717529 297.456390 -6.393620
v -402.836182 289.476501 93.606369
v -402.962280 206.701111 -6.393620
v -382.962280 206.701111 -6.393620
v -362.962280 206.701111 -6.393620
v -342.962280 206.701111 -6.393620
v -350.630768 219.481949 93.606377
v -365.603943 219.909454 93.606377
v -380.320587 219.909454 93.606377
v -395.293762 219.481949 93.606377
v -342.962280 306.701111 -6.393620
v -362.962280 306.701111 -6.393620
v -382.962280 306.701111 -6.393620
v -402.962280 306.701111 -6.393620
v -395.293762 293.920288 93.606377
v -380.320587 293.492767 93.606377
v -365.603943 293.492767 93.606377
v -350.630768 293.920288 93.606377
v -332.207001 215.945831 13.606377
v -333.148315 216.901367 35.641129
v -333.148315 216.901367 53.606380
v -333.148315 216.901367 71.571632
v -412.744598 216.901367 71.571632
v -412.744598 216.901367 53.606380
v -412.744598 216.901367 35.641129
v -413.717529 215.945831 13.606377
v -407.718628 295.989594 71.571640
v -412.744598 296.497650 53.606380
v -412.744598 296.497650 35.641129
v -413.717529 297.456390 13.606377
v -333.148315 296.497650 71.571632
v -333.148315 296.497650 53.606380
v -333.148315 296.497650 35.641129
v -332.207001 297.456390 13.606377
v -399.894348 301.612640 71.571632
v -399.894348 301.612640 53.606380
v -399.894348 301.612640 35.641129
v -402.962280 306.701111 13.606377
v -382.962280 306.701111 73.606377
v -382.962280 306.701111 53.606377
v -382.962280 306.701111 33.606377
v -382.962280 306.701111 13.606377
v -362.962280 306.701111 73.606377
v -362.962280 306.701111 53.606377
v -362.962280 306.701111 33.606377
v -362.962280 306.701111 13.606377
v -345.998566 301.612640 71.571632
v -345.998566 301.612640 53.606380
v -345.998566 301.612640 35.641129
v -342.962280 306.701111 13.606377
v -345.998566 211.786377 71.571632
v -345.998566 211.786377 53.606380
v -345.998566 211.786377 35.641129
v -342.962280 206.701111 13.606377
v -362.962280 206.701111 73.606377
v -362.962280 206.701111 53.606377
v -362.962280 206.701111 33.606377
v -362.962280 206.701111 13.606377
v -382.962280 206.701111 73.606377
v -382.962280 206.701111 53.606377
v -382.962280 206.701111 33.606377
v -382.962280 206.701111 13.606377
v -399.894348 211.786377 71.571632
v -399.894348 211.786377 53.606380
v -399.894348 211.786377 35.641129
v -402.962280 206.701111 13.606377
v -422.962280 286.701111 -6.393620
v -422.962280 266.701111 -6.393620
v -422.962280 246.701111 -6.393620
v -422.962280 226.701111 -6.393620
v -410.181427 234.369614 93.606377
v -409.753906 249.342773 93.606377
v -409.753906 264.059448 93.606377
v -410.181427 279.032593 93.606377
v -322.962280 226.701111 -6.393620
v -322.962280 246.701111 -6.393620
v -322.962280 266.701111 -6.393620
v -322.962280 286.701111 -6.393620
v -335.743103 279.032593 93.606377
v -336.170624 264.059448 93.606377
v -336.170624 249.342773 93.606377
v -335.743103 234.369614 93.606377
v -395.293762 234.369614 105.734940
v -402.962280 246.701111 105.734940
v -402.962280 266.701111 105.734940
v -395.293762 279.032593 105.734940
v -382.962280 226.701111 105.734940
v -382.962280 246.701111 113.161835
v -382.962280 266.701111 111.516556
v -382.962280 286.701111 105.734940
v -362.962280 226.701111 105.734940
v -362.962280 246.701111 117.501984
v -362.962280 266.701111 108.602478
v -362.962280 286.701111 105.734940
v -350.630768 234.369614 105.734940
v -342.962280 246.701111 105.734940
v -342.962280 266.701111 105.734940
v -350.630768 279.032593 105.734940
v -402.962280 286.701111 -6.393620
v -402.962280 266.701111 -6.393620
v -402.962280 246.701111 -6.393620
v -402.962280 226.701111 -6.393620
v -382.962280 286.701111 -6.393620
v -382.962280 266.701111 -6.393620
v -382.962280 246.701111 -6.393620
v -382.962280 226.701111 -6.393620
v -362.962280 286.701111 -6.393620
v -362.962280 266.701111 -6.393620
v -362.962280 246.701111 -6.393620
v -362.962280 226.701111 -6.393620
v -342.962280 286.701111 -6.393620
v -342.962280 266.701111 -6.393620
v -342.962280 246.701111 -6.393620
v -342.962280 226.701111 -6.393620
v -322.962280 286.701111 13.606377
v -322.962280 266.701111 13.606377
v -322.962280 246.701111 13.606377
v -322.962280 226.701111 13.606377
v -328.033325 283.647400 35.641129
v -322.962280 266.701111 33.606377
v -322.962280 246.701111 33.606377
v -328.033325 229.751633 35.641129
v -328.033325 283.647400 53.606380
v -322.962280 266.701111 53.606377
v -322.962280 246.701111 53.606377
v -328.033325 229.751633 53.606380
v -328.033325 283.647400 71.571632
v -322.962280 266.701111 73.606377
v -322.962280 246.701111 73.606377
v -328.033325 229.751633 71.571632
v -422.962280 226.701111 13.606377
v -422.962280 246.701111 13.606377
v -422.962280 266.701111 13.606377
v -422.962280 286.701111 13.606377
v -417.859589 229.751633 35.641129
v -422.962280 246.701111 33.606377
v -422.962280 266.701111 33.606377
v -417.859589 283.647400 35.641129
v -417.859589 229.751633 53.606380
v -422.962280 246.701111 53.606377
v -422.962280 266.701111 53.606377
v -417.859589 283.647400 53.606380
v -417.859589 229.751633 71.571632
v -422.962280 246.701111 73.606377
v -422.962280 266.701111 73.606377
v -417.859589 283.647400 71.571632
vn -0.3388 -0.8652 0.3696
vn -0.7416 0.5691 0.3551
vn 0.4160 0.8044 0.4241
vn 0.7730 -0.4497 0.4475
vn -0.0000 -0.0000 -1.0000
vn 0.5369 -0.5369 0.6508
vn -0.4300 -0.4300 0.7938
vn -0.1967 -0.7416 0.6414
vn -0.0000 -0.8725 0.4886
vn 0.1967 -0.7416 0.6414
vn -0.5110 0.7800 0.3614
vn -0.1570 0.8733 0.4613
vn -0.0000 0.8344 0.5511
vn 0.1568 0.8733 0.4613
vn 0.4711 -0.7516 0.4618
vn 0.1568 -0.8732 0.4614
vn -0.0000 -0.8344 0.5511
vn -0.1569 -0.8733 0.4613
vn -0.0000 -1.0000 -0.0000
vn -0.1283 -0.9834 0.1283
vn -0.2876 -0.9577 -0.0000
vn 0.1282 -0.9834 0.1282
vn 0.2871 -0.9579 -0.0000
vn 0.6518 -0.7584 -0.0000
vn 0.5129 -0.8431 0.1619
vn 0.3698 -0.9291 -0.0000
vn -0.0000 1.0000 -0.0000
vn 0.1283 0.9834 0.1283
vn 0.2873 0.9578 -0.0000
vn -0.1284 0.9834 0.1284
vn -0.2878 0.9577 -0.0000
vn -0.6518 0.7584 -0.0000
vn -0.5128 0.8430 0.1627
vn -0.3698 0.9291 -0.0000
vn -0.4596 0.8848 0.0768
vn 0.7584 -0.6518 -0.0000
vn 0.8431 -0.5129 0.1616
vn 0.9291 -0.3698 -0.0000
vn 0.6518 0.7584 -0.0000
vn 0.5129 0.8431 0.1620
vn 0.3698 0.9291 -0.0000
vn -0.7584 0.6518 -0.0000
vn -0.8429 0.5128 0.1629
vn -0.9291 0.3698 -0.0000
vn -0.8486 0.5139 0.1260
vn -0.6518 -0.7584 -0.0000
vn -0.5128 -0.8430 0.1626
vn -0.3698 -0.9291 -0.0000
vn -0.9291 -0.3698 -0.0000
vn -0.9575 -0.2883 -0.0000
vn -1.0000 -0.0000 -0.0000
vn -0.9575 0.2883 -0.0000
vn -0.8429 -0.5128 0.1628
vn -0.9833 -0.1287 0.1287
vn -0.9833 0.1287 0.1287
vn -0.7584 -0.6518 -0.0000
vn 0.9291 0.3698 -0.0000
vn 0.9580 0.2867 -0.0000
vn 1.0000 -0.0000 -0.0000
vn 0.9580 -0.2866 -0.0000
vn 0.8431 0.5129 0.1617
vn 0.9835 0.1279 0.1279
vn 0.9835 -0.1279 0.1279
vn 0.7584 0.6518 -0.0000
vn 0.1967 0.7416 0.6414
vn 0.1147 0.1147 0.9867
vn 0.3363 0.2045 0.9193
vn 0.3955 -0.3955 0.8289
vn -0.0000 0.8725 0.4886
vn 0.0710 0.2108 0.9749
vn -0.0345 0.2548 0.9664
vn -0.0974 -0.4306 0.8973
vn -0.1967 0.7416 0.6414
vn -0.2225 0.2225 0.9492
vn -0.3133 0.0390 0.9488
vn -0.2771 -0.2771 0.9200
vn -0.4880 0.4880 0.7237
vn -0.7416 0.1967 0.6414
vn -0.8725 -0.0000 0.4886
vn -0.7416 -0.1967 0.6414
vn 0.4991 0.4991 0.7084
vn 0.7416 0.1967 0.6414
vn 0.8725 -0.0000 0.4886
vn 0.7416 -0.1967 0.6414
vn 0.7911 0.4306 0.4345
vn 0.8732 0.1565 0.4616
vn 0.8344 -0.0000 0.5511
vn 0.8732 -0.1564 0.4616
vn -0.9068 -0.2726 0.3216
vn -0.8733 -0.1573 0.4611
vn -0.8344 -0.0000 0.5511
vn -0.8733 0.1573 0.4611
vn -0.0000 -0.0000 1.0000
vn 0.5128 0.8431 0.1620
vn 0.8732 0.1565 0.4615
vn 0.1568 0.8732 0.4613
vn 0.8345 -0.0000 0.5511
vn -0.8345 -0.0000 0.5511
vn 0.2872 -0.9579 -0.0000
vn 0.1567 -0.8732 0.4614
vn 0.8431 -0.5129 0.1617
vt 0.575000 0.200000
vt 0.625000 0.200000
vt 0.625000 0.250000
vt 0.575000 0.250000
vt 0.575000 0.450000
vt 0.625000 0.450000
vt 0.625000 0.500000
vt 0.575000 0.500000
vt 0.575000 0.700000
vt 0.625000 0.700000
vt 0.625000 0.750000
vt 0.575000 0.750000
vt 0.575000 0.950000
vt 0.625000 0.950000
vt 0.625000 1.000000
vt 0.575000 1.000000
vt 0.325000 0.700000
vt 0.375000 0.700000
vt 0.375000 0.750000
vt 0.325000 0.750000
vt 0.825000 0.700000
vt 0.875000 0.700000
vt 0.875000 0.750000
vt 0.825000 0.750000
vt 0.825000 0.500000
vt 0.875000 0.500000
vt 0.875000 0.550000
vt 0.825000 0.550000
vt 0.875000 0.600000
vt 0.825000 0.600000
vt 0.875000 0.650000
vt 0.825000 0.650000
vt 0.325000 0.500000
vt 0.375000 0.500000
vt 0.375000 0.550000
vt 0.325000 0.550000
vt 0.375000 0.600000
vt 0.325000 0.600000
vt 0.375000 0.650000
vt 0.325000 0.650000
vt 0.625000 0.550000
vt 0.575000 0.550000
vt 0.625000 0.600000
vt 0.575000 0.600000
vt 0.625000 0.650000
vt 0.575000 0.650000
vt 0.575000 0.000000
vt 0.625000 0.000000
vt 0.625000 0.050000
vt 0.575000 0.050000
vt 0.625000 0.100000
vt 0.575000 0.100000
vt 0.625000 0.150000
vt 0.575000 0.150000
vt 0.375000 0.150000
vt 0.425000 0.150000
vt 0.425000 0.200000
vt 0.375000 0.200000
vt 0.475000 0.150000
vt 0.475000 0.200000
vt 0.525000 0.150000
vt 0.525000 0.200000
vt 0.375000 0.100000
vt 0.425000 0.100000
vt 0.475000 0.100000
vt 0.525000 0.100000
vt 0.375000 0.050000
vt 0.425000 0.050000
vt 0.475000 0.050000
vt 0.525000 0.050000
vt 0.375000 0.000000
vt 0.425000 0.000000
vt 0.475000 0.000000
vt 0.525000 0.000000
vt 0.425000 0.650000
vt 0.425000 0.700000
vt 0.475000 0.650000
vt 0.475000 0.700000
vt 0.525000 0.650000
vt 0.525000 0.700000
vt 0.425000 0.600000
vt 0.475000 0.600000
vt 0.525000 0.600000
vt 0.425000 0.550000
vt 0.475000 0.550000
vt 0.525000 0.550000
vt 0.425000 0.500000
vt 0.475000 0.500000
vt 0.525000 0.500000
vt 0.375000 0.950000
vt 0.425000 0.950000
vt 0.425000 1.000000
vt 0.375000 1.000000
vt 0.475000 0.950000
vt 0.475000 1.000000
vt 0.525000 0.950000
vt 0.525000 1.000000
vt 0.425000 0.750000
vt 0.475000 0.750000
vt 0.525000 0.750000
vt 0.375000 0.450000
vt 0.425000 0.450000
vt 0.475000 0.450000
vt 0.525000 0.450000
vt 0.425000 0.250000
vt 0.375000 0.250000
vt 0.475000 0.250000
vt 0.525000 0.250000
vt 0.575000 0.300000
vt 0.525000 0.300000
vt 0.575000 0.350000
vt 0.525000 0.350000
vt 0.575000 0.400000
vt 0.525000 0.400000
vt 0.475000 0.300000
vt 0.475000 0.350000
vt 0.475000 0.400000
vt 0.425000 0.300000
vt 0.425000 0.350000
vt 0.425000 0.400000
vt 0.375000 0.300000
vt 0.375000 0.350000
vt 0.375000 0.400000
vt 0.575000 0.800000
vt 0.525000 0.800000
vt 0.575000 0.850000
vt 0.525000 0.850000
vt 0.575000 0.900000
vt 0.525000 0.900000
vt 0.475000 0.800000
vt 0.475000 0.850000
vt 0.475000 0.900000
vt 0.425000 0.800000
vt 0.425000 0.850000
vt 0.425000 0.900000
vt 0.375000 0.800000
vt 0.375000 0.850000
vt 0.375000 0.900000
vt 0.125000 0.650000
vt 0.175000 0.650000
vt 0.175000 0.700000
vt 0.125000 0.700000
vt 0.225000 0.650000
vt 0.225000 0.700000
vt 0.275000 0.650000
vt 0.275000 0.700000
vt 0.125000 0.600000
vt 0.175000 0.600000
vt 0.225000 0.600000
vt 0.275000 0.600000
vt 0.125000 0.550000
vt 0.175000 0.550000
vt 0.225000 0.550000
vt 0.275000 0.550000
vt 0.125000 0.500000
vt 0.175000 0.500000
vt 0.225000 0.500000
vt 0.275000 0.500000
vt 0.675000 0.650000
vt 0.675000 0.700000
vt 0.725000 0.650000
vt 0.725000 0.700000
vt 0.775000 0.650000
vt 0.775000 0.700000
vt 0.675000 0.600000
vt 0.725000 0.600000
vt 0.775000 0.600000
vt 0.675000 0.550000
vt 0.725000 0.550000
vt 0.775000 0.550000
vt 0.675000 0.500000
vt 0.725000 0.500000
vt 0.775000 0.500000
vt 0.675000 0.750000
vt 0.725000 0.750000
vt 0.775000 0.750000
vt 0.175000 0.750000
vt 0.125000 0.750000
vt 0.225000 0.750000
vt 0.275000 0.750000
vt 0.625000 0.800000
vt 0.625000 0.850000
vt 0.625000 0.900000
vt 0.625000 0.300000
vt 0.625000 0.350000
vt 0.625000 0.400000
vt 0.000000 0.000000
vt 1.000000 0.000000
vt 1.000000 1.000000
vt 0.000000 1.000000
s 0
f 69/1/1 16/2/1 4/3/1 29/4/1
f 152/5/2 80/6/2 8/7/2 33/8/2
f 53/9/3 24/10/3 6/11/3 37/12/3
f 136/13/4 88/14/4 2/15/4 28/16/4
f 117/17/5 17/18/5 5/19/5 84/20/5
f 101/21/6 13/22/6 2/23/6 88/24/6
f 77/25/7 4/26/7 16/27/7 89/28/7
f 89/28/8 16/27/8 15/29/8 93/30/8
f 93/30/9 15/29/9 14/31/9 97/32/9
f 97/32/10 14/31/10 13/22/10 101/21/10
f 73/33/5 7/34/5 20/35/5 105/36/5
f 105/36/5 20/35/5 19/37/5 109/38/5
f 109/38/5 19/37/5 18/39/5 113/40/5
f 113/40/5 18/39/5 17/18/5 117/17/5
f 33/8/11 8/7/11 21/41/11 41/42/11
f 41/42/12 21/41/12 22/43/12 45/44/12
f 45/44/13 22/43/13 23/45/13 49/46/13
f 49/46/14 23/45/14 24/10/14 53/9/14
f 28/47/15 2/48/15 13/49/15 57/50/15
f 57/50/16 13/49/16 14/51/16 61/52/16
f 61/52/17 14/51/17 15/53/17 65/54/17
f 65/54/18 15/53/18 16/2/18 69/1/18
f 10/55/19 68/56/19 72/57/19 9/58/19
f 68/56/20 67/59/20 71/60/20 72/57/20
f 67/59/21 66/61/21 70/62/21 71/60/21
f 66/61/21 65/54/21 69/1/21 70/62/21
f 11/63/19 64/64/19 68/56/19 10/55/19
f 64/64/19 63/65/19 67/59/19 68/56/19
f 63/65/19 62/66/19 66/61/19 67/59/19
f 62/66/19 61/52/19 65/54/19 66/61/19
f 12/67/19 60/68/19 64/64/19 11/63/19
f 60/68/22 59/69/22 63/65/22 64/64/22
f 59/69/23 58/70/23 62/66/23 63/65/23
f 58/70/23 57/50/23 61/52/23 62/66/23
f 1/71/24 25/72/24 60/68/24 12/67/24
f 25/72/25 26/73/25 59/69/25 60/68/25
f 26/73/26 27/74/26 58/70/26 59/69/26
f 27/74/26 28/47/26 57/50/26 58/70/26
f 18/39/27 52/75/27 56/76/27 17/18/27
f 52/75/28 51/77/28 55/78/28 56/76/28
f 51/77/29 50/79/29 54/80/29 55/78/29
f 50/79/29 49/46/29 53/9/29 54/80/29
f 19/37/27 48/81/27 52/75/27 18/39/27
f 48/81/27 47/82/27 51/77/27 52/75/27
f 47/82/27 46/83/27 50/79/27 51/77/27
f 46/83/27 45/44/27 49/46/27 50/79/27
f 20/35/27 44/84/27 48/81/27 19/37/27
f 44/84/30 43/85/30 47/82/30 48/81/30
f 43/85/31 42/86/31 46/83/31 47/82/31
f 42/86/31 41/42/31 45/44/31 46/83/31
f 7/34/32 36/87/32 44/84/32 20/35/32
f 36/87/33 35/88/33 43/85/33 44/84/33
f 35/88/34 34/89/34 42/86/34 43/85/34
f 34/89/35 33/8/35 41/42/35 42/86/35
f 81/90/36 124/91/36 25/92/36 1/93/36
f 124/91/37 128/94/37 26/95/37 25/92/37
f 128/94/38 132/96/38 27/97/38 26/95/38
f 132/96/38 136/13/38 28/16/38 27/97/38
f 17/18/39 56/76/39 40/98/39 5/19/39
f 56/76/40 55/78/40 39/99/40 40/98/40
f 55/78/41 54/80/41 38/100/41 39/99/41
f 54/80/41 53/9/41 37/12/41 38/100/41
f 73/101/42 140/102/42 36/87/42 7/34/42
f 140/102/43 144/103/43 35/88/43 36/87/43
f 144/103/44 148/104/44 34/89/44 35/88/44
f 148/104/45 152/5/45 33/8/45 34/89/45
f 9/58/46 72/57/46 32/105/46 3/106/46
f 72/57/47 71/60/47 31/107/47 32/105/47
f 71/60/48 70/62/48 30/108/48 31/107/48
f 70/62/48 69/1/48 29/4/48 30/108/48
f 30/108/49 29/4/49 149/109/49 145/110/49
f 145/110/50 149/109/50 150/111/50 146/112/50
f 146/112/51 150/111/51 151/113/51 147/114/51
f 147/114/52 151/113/52 152/5/52 148/104/52
f 31/107/49 30/108/49 145/110/49 141/115/49
f 141/115/50 145/110/50 146/112/50 142/116/50
f 142/116/51 146/112/51 147/114/51 143/117/51
f 143/117/52 147/114/52 148/104/52 144/103/52
f 32/105/53 31/107/53 141/115/53 137/118/53
f 137/118/54 141/115/54 142/116/54 138/119/54
f 138/119/51 142/116/51 143/117/51 139/120/51
f 139/120/55 143/117/55 144/103/55 140/102/55
f 3/106/56 32/105/56 137/118/56 76/121/56
f 76/121/51 137/118/51 138/119/51 75/122/51
f 75/122/51 138/119/51 139/120/51 74/123/51
f 74/123/51 139/120/51 140/102/51 73/101/51
f 38/100/57 37/12/57 133/124/57 129/125/57
f 129/125/58 133/124/58 134/126/58 130/127/58
f 130/127/59 134/126/59 135/128/59 131/129/59
f 131/129/60 135/128/60 136/13/60 132/96/60
f 39/99/57 38/100/57 129/125/57 125/130/57
f 125/130/58 129/125/58 130/127/58 126/131/58
f 126/131/59 130/127/59 131/129/59 127/132/59
f 127/132/60 131/129/60 132/96/60 128/94/60
f 40/98/61 39/99/61 125/130/61 121/133/61
f 121/133/62 125/130/62 126/131/62 122/134/62
f 122/134/59 126/131/59 127/132/59 123/135/59
f 123/135/63 127/132/63 128/94/63 124/91/63
f 5/19/64 40/98/64 121/133/64 84/136/64
f 84/136/59 121/133/59 122/134/59 83/137/59
f 83/137/59 122/134/59 123/135/59 82/138/59
f 82/138/59 123/135/59 124/91/59 81/90/59
f 11/139/5 116/140/5 120/141/5 12/142/5
f 116/140/5 115/143/5 119/144/5 120/141/5
f 115/143/5 114/145/5 118/146/5 119/144/5
f 114/145/5 113/40/5 117/17/5 118/146/5
f 10/147/5 112/148/5 116/140/5 11/139/5
f 112/148/5 111/149/5 115/143/5 116/140/5
f 111/149/5 110/150/5 114/145/5 115/143/5
f 110/150/5 109/38/5 113/40/5 114/145/5
f 9/151/5 108/152/5 112/148/5 10/147/5
f 108/152/5 107/153/5 111/149/5 112/148/5
f 107/153/5 106/154/5 110/150/5 111/149/5
f 106/154/5 105/36/5 109/38/5 110/150/5
f 3/155/5 76/156/5 108/152/5 9/151/5
f 76/156/5 75/157/5 107/153/5 108/152/5
f 75/157/5 74/158/5 106/154/5 107/153/5
f 74/158/5 73/33/5 105/36/5 106/154/5
f 23/45/65 100/159/65 104/160/65 24/10/65
f 100/159/66 99/161/66 103/162/66 104/160/66
f 99/161/67 98/163/67 102/164/67 103/162/67
f 98/163/68 97/32/68 101/21/68 102/164/68
f 22/43/69 96/165/69 100/159/69 23/45/69
f 96/165/70 95/166/70 99/161/70 100/159/70
f 95/166/71 94/167/71 98/163/71 99/161/71
f 94/167/72 93/30/72 97/32/72 98/163/72
f 21/41/73 92/168/73 96/165/73 22/43/73
f 92/168/74 91/169/74 95/166/74 96/165/74
f 91/169/75 90/170/75 94/167/75 95/166/75
f 90/170/76 89/28/76 93/30/76 94/167/76
f 8/7/77 80/171/77 92/168/77 21/41/77
f 80/171/78 79/172/78 91/169/78 92/168/78
f 79/172/79 78/173/79 90/170/79 91/169/79
f 78/173/80 77/25/80 89/28/80 90/170/80
f 24/10/81 104/160/81 85/174/81 6/11/81
f 104/160/82 103/162/82 86/175/82 85/174/82
f 103/162/83 102/164/83 87/176/83 86/175/83
f 102/164/84 101/21/84 88/24/84 87/176/84
f 12/142/5 120/141/5 81/177/5 1/178/5
f 120/141/5 119/144/5 82/179/5 81/177/5
f 119/144/5 118/146/5 83/180/5 82/179/5
f 118/146/5 117/17/5 84/20/5 83/180/5
f 37/12/85 6/11/85 85/181/85 133/124/85
f 133/124/86 85/181/86 86/182/86 134/126/86
f 134/126/87 86/182/87 87/183/87 135/128/87
f 135/128/88 87/183/88 88/14/88 136/13/88
f 29/4/89 4/3/89 77/184/89 149/109/89
f 149/109/90 77/184/90 78/185/90 150/111/90
f 150/111/91 78/185/91 79/186/91 151/113/91
f 151/113/92 79/186/92 80/6/92 152/5/92
f 153/187/93 154/188/93 156/189/93 155/190/93
f 225/1/1 172/2/1 160/3/1 185/4/1
f 308/5/2 236/6/2 164/7/2 189/8/2
f 209/9/3 180/10/3 162/11/3 193/12/3
f 292/13/4 244/14/4 158/15/4 184/16/4
f 273/17/5 173/18/5 161/19/5 240/20/5
f 257/21/6 169/22/6 158/23/6 244/24/6
f 233/25/7 160/26/7 172/27/7 245/28/7
f 245/28/8 172/27/8 171/29/8 249/30/8
f 249/30/9 171/29/9 170/31/9 253/32/9
f 253/32/10 170/31/10 169/22/10 257/21/10
f 229/33/5 163/34/5 176/35/5 261/36/5
f 261/36/5 176/35/5 175/37/5 265/38/5
f 265/38/5 175/37/5 174/39/5 269/40/5
f 269/40/5 174/39/5 173/18/5 273/17/5
f 189/8/11 164/7/11 177/41/11 197/42/11
f 197/42/12 177/41/12 178/43/12 201/44/12
f 201/44/13 178/43/13 179/45/13 205/46/13
f 205/46/14 179/45/14 180/10/14 209/9/14
f 184/47/15 158/48/15 169/49/15 213/50/15
f 213/50/16 169/49/16 170/51/16 217/52/16
f 217/52/17 170/51/17 171/53/17 221/54/17
f 221/54/18 171/53/18 172/2/18 225/1/18
f 166/55/19 224/56/19 228/57/19 165/58/19
f 224/56/20 223/59/20 227/60/20 228/57/20
f 223/59/21 222/61/21 226/62/21 227/60/21
f 222/61/21 221/54/21 225/1/21 226/62/21
f 167/63/19 220/64/19 224/56/19 166/55/19
f 220/64/19 219/65/19 223/59/19 224/56/19
f 219/65/19 218/66/19 222/61/19 223/59/19
f 218/66/19 217/52/19 221/54/19 222/61/19
f 168/67/19 216/68/19 220/64/19 167/63/19
f 216/68/22 215/69/22 219/65/22 220/64/22
f 215/69/23 214/70/23 218/66/23 219/65/23
f 214/70/23 213/50/23 217/52/23 218/66/23
f 157/71/24 181/72/24 216/68/24 168/67/24
f 181/72/25 182/73/25 215/69/25 216/68/25
f 182/73/26 183/74/26 214/70/26 215/69/26
f 183/74/26 184/47/26 213/50/26 214/70/26
f 174/39/27 208/75/27 212/76/27 173/18/27
f 208/75/28 207/77/28 211/78/28 212/76/28
f 207/77/29 206/79/29 210/80/29 211/78/29
f 206/79/29 205/46/29 209/9/29 210/80/29
f 175/37/27 204/81/27 208/75/27 174/39/27
f 204/81/27 203/82/27 207/77/27 208/75/27
f 203/82/27 202/83/27 206/79/27 207/77/27
f 202/83/27 201/44/27 205/46/27 206/79/27
f 176/35/27 200/84/27 204/81/27 175/37/27
f 200/84/30 199/85/30 203/82/30 204/81/30
f 199/85/31 198/86/31 202/83/31 203/82/31
f 198/86/31 197/42/31 201/44/31 202/83/31
f 163/34/32 192/87/32 200/84/32 176/35/32
f 192/87/33 191/88/33 199/85/33 200/84/33
f 191/88/34 190/89/34 198/86/34 199/85/34
f 190/89/35 189/8/35 197/42/35 198/86/35
f 237/90/36 280/91/36 181/92/36 157/93/36
f 280/91/37 284/94/37 182/95/37 181/92/37
f 284/94/38 288/96/38 183/97/38 182/95/38
f 288/96/38 292/13/38 184/16/38 183/97/38
f 173/18/39 212/76/39 196/98/39 161/19/39
f 212/76/94 211/78/94 195/99/94 196/98/94
f 211/78/41 210/80/41 194/100/41 195/99/41
f 210/80/41 209/9/41 193/12/41 194/100/41
f 229/101/42 296/102/42 192/87/42 163/34/42
f 296/102/43 300/103/43 191/88/43 192/87/43
f 300/103/44 304/104/44 190/89/44 191/88/44
f 304/104/45 308/5/45 189/8/45 190/89/45
f 165/58/46 228/57/46 188/105/46 159/106/46
f 228/57/47 227/60/47 187/107/47 188/105/47
f 227/60/48 226/62/48 186/108/48 187/107/48
f 226/62/48 225/1/48 185/4/48 186/108/48
f 186/108/49 185/4/49 305/109/49 301/110/49
f 301/110/50 305/109/50 306/111/50 302/112/50
f 302/112/51 306/111/51 307/113/51 303/114/51
f 303/114/52 307/113/52 308/5/52 304/104/52
f 187/107/49 186/108/49 301/110/49 297/115/49
f 297/115/50 301/110/50 302/112/50 298/116/50
f 298/116/51 302/112/51 303/114/51 299/117/51
f 299/117/52 303/114/52 304/104/52 300/103/52
f 188/105/53 187/107/53 297/115/53 293/118/53
f 293/118/54 297/115/54 298/116/54 294/119/54
f 294/119/51 298/116/51 299/117/51 295/120/51
f 295/120/55 299/117/55 300/103/55 296/102/55
f 159/106/56 188/105/56 293/118/56 232/121/56
f 232/121/51 293/118/51 294/119/51 231/122/51
f 231/122/51 294/119/51 295/120/51 230/123/51
f 230/123/51 295/120/51 296/102/51 229/101/51
f 194/100/57 193/12/57 289/124/57 285/125/57
f 285/125/58 289/124/58 290/126/58 286/127/58
f 286/127/59 290/126/59 291/128/59 287/129/59
f 287/129/60 291/128/60 292/13/60 288/96/60
f 195/99/57 194/100/57 285/125/57 281/130/57
f 281/130/58 285/125/58 286/127/58 282/131/58
f 282/131/59 286/127/59 287/129/59 283/132/59
f 283/132/60 287/129/60 288/96/60 284/94/60
f 196/98/61 195/99/61 281/130/61 277/133/61
f 277/133/62 281/130/62 282/131/62 278/134/62
f 278/134/59 282/131/59 283/132/59 279/135/59
f 279/135/63 283/132/63 284/94/63 280/91/63
f 161/19/64 196/98/64 277/133/64 240/136/64
f 240/136/59 277/133/59 278/134/59 239/137/59
f 239/137/59 278/134/59 279/135/59 238/138/59
f 238/138/59 279/135/59 280/91/59 237/90/59
f 167/139/5 272/140/5 276/141/5 168/142/5
f 272/140/5 271/143/5 275/144/5 276/141/5
f 271/143/5 270/145/5 274/146/5 275/144/5
f 270/145/5 269/40/5 273/17/5 274/146/5
f 166/147/5 268/148/5 272/140/5 167/139/5
f 268/148/5 267/149/5 271/143/5 272/140/5
f 267/149/5 266/150/5 270/145/5 271/143/5
f 266/150/5 265/38/5 269/40/5 270/145/5
f 165/151/5 264/152/5 268/148/5 166/147/5
f 264/152/5 263/153/5 267/149/5 268/148/5
f 263/153/5 262/154/5 266/150/5 267/149/5
f 262/154/5 261/36/5 265/38/5 266/150/5
f 159/155/5 232/156/5 264/152/5 165/151/5
f 232/156/5 231/157/5 263/153/5 264/152/5
f 231/157/5 230/158/5 262/154/5 263/153/5
f 230/158/5 229/33/5 261/36/5 262/154/5
f 179/45/65 256/159/65 260/160/65 180/10/65
f 256/159/66 255/161/66 259/162/66 260/160/66
f 255/161/67 254/163/67 258/164/67 259/162/67
f 254/163/68 253/32/68 257/21/68 258/164/68
f 178/43/69 252/165/69 256/159/69 179/45/69
f 252/165/70 251/166/70 255/161/70 256/159/70
f 251/166/71 250/167/71 254/163/71 255/161/71
f 250/167/72 249/30/72 253/32/72 254/163/72
f 177/41/73 248/168/73 252/165/73 178/43/73
f 248/168/74 247/169/74 251/166/74 252/165/74
f 247/169/75 246/170/75 250/167/75 251/166/75
f 246/170/76 245/28/76 249/30/76 250/167/76
f 164/7/77 236/171/77 248/168/77 177/41/77
f 236/171/78 235/172/78 247/169/78 248/168/78
f 235/172/79 234/173/79 246/170/79 247/169/79
f 234/173/80 233/25/80 245/28/80 246/170/80
f 180/10/81 260/160/81 241/174/81 162/11/81
f 260/160/82 259/162/82 242/175/82 241/174/82
f 259/162/83 258/164/83 243/176/83 242/175/83
f 258/164/84 257/21/84 244/24/84 243/176/84
f 168/142/5 276/141/5 237/177/5 157/178/5
f 276/141/5 275/144/5 238/179/5 237/177/5
f 275/144/5 274/146/5 239/180/5 238/179/5
f 274/146/5 273/17/5 240/20/5 239/180/5
f 193/12/85 162/11/85 241/181/85 289/124/85
f 289/124/95 241/181/95 242/182/95 290/126/95
f 290/126/87 242/182/87 243/183/87 291/128/87
f 291/128/88 243/183/88 244/14/88 292/13/88
f 185/4/89 160/3/89 233/184/89 305/109/89
f 305/109/90 233/184/90 234/185/90 306/111/90
f 306/111/91 234/185/91 235/186/91 307/113/91
f 307/113/92 235/186/92 236/6/92 308/5/92
f 377/1/1 324/2/1 312/3/1 337/4/1
f 460/5/2 388/6/2 316/7/2 341/8/2
f 361/9/3 332/10/3 314/11/3 345/12/3
f 444/13/4 396/14/4 310/15/4 336/16/4
f 425/17/5 325/18/5 313/19/5 392/20/5
f 409/21/6 321/22/6 310/23/6 396/24/6
f 385/25/7 312/26/7 324/27/7 397/28/7
f 397/28/8 324/27/8 323/29/8 401/30/8
f 401/30/9 323/29/9 322/31/9 405/32/9
f 405/32/10 322/31/10 321/22/10 409/21/10
f 381/33/5 315/34/5 328/35/5 413/36/5
f 413/36/5 328/35/5 327/37/5 417/38/5
f 417/38/5 327/37/5 326/39/5 421/40/5
f 421/40/5 326/39/5 325/18/5 425/17/5
f 341/8/11 316/7/11 329/41/11 349/42/11
f 349/42/12 329/41/12 330/43/12 353/44/12
f 353/44/13 330/43/13 331/45/13 357/46/13
f 357/46/14 331/45/14 332/10/14 361/9/14
f 336/47/15 310/48/15 321/49/15 365/50/15
f 365/50/16 321/49/16 322/51/16 369/52/16
f 369/52/17 322/51/17 323/53/17 373/54/17
f 373/54/18 323/53/18 324/2/18 377/1/18
f 318/55/19 376/56/19 380/57/19 317/58/19
f 376/56/20 375/59/20 379/60/20 380/57/20
f 375/59/21 374/61/21 378/62/21 379/60/21
f 374/61/21 373/54/21 377/1/21 378/62/21
f 319/63/19 372/64/19 376/56/19 318/55/19
f 372/64/19 371/65/19 375/59/19 376/56/19
f 371/65/19 370/66/19 374/61/19 375/59/19
f 370/66/19 369/52/19 373/54/19 374/61/19
f 320/67/19 368/68/19 372/64/19 319/63/19
f 368/68/22 367/69/22 371/65/22 372/64/22
f 367/69/23 366/70/23 370/66/23 371/65/23
f 366/70/23 365/50/23 369/52/23 370/66/23
f 309/71/24 333/72/24 368/68/24 320/67/24
f 333/72/25 334/73/25 367/69/25 368/68/25
f 334/73/26 335/74/26 366/70/26 367/69/26
f 335/74/26 336/47/26 365/50/26 366/70/26
f 326/39/27 360/75/27 364/76/27 325/18/27
f 360/75/28 359/77/28 363/78/28 364/76/28
f 359/77/29 358/79/29 362/80/29 363/78/29
f 358/79/29 357/46/29 361/9/29 362/80/29
f 327/37/27 356/81/27 360/75/27 326/39/27
f 356/81/27 355/82/27 359/77/27 360/75/27
f 355/82/27 354/83/27 358/79/27 359/77/27
f 354/83/27 353/44/27 357/46/27 358/79/27
f 328/35/27 352/84/27 356/81/27 327/37/27
f 352/84/30 351/85/30 355/82/30 356/81/30
f 351/85/31 350/86/31 354/83/31 355/82/31
f 350/86/31 349/42/31 353/44/31 354/83/31
f 315/34/32 344/87/32 352/84/32 328/35/32
f 344/87/33 343/88/33 351/85/33 352/84/33
f 343/88/34 342/89/34 350/86/34 351/85/34
f 342/89/35 341/8/35 349/42/35 350/86/35
f 389/90/36 432/91/36 333/92/36 309/93/36
f 432/91/37 436/94/37 334/95/37 333/92/37
f 436/94/38 440/96/38 335/97/38 334/95/38
f 440/96/38 444/13/38 336/16/38 335/97/38
f 325/18/39 364/76/39 348/98/39 313/19/39
f 364/76/40 363/78/40 347/99/40 348/98/40
f 363/78/41 362/80/41 346/100/41 347/99/41
f 362/80/41 361/9/41 345/12/41 346/100/41
f 381/101/42 448/102/42 344/87/42 315/34/42
f 448/102/43 452/103/43 343/88/43 344/87/43
f 452/103/44 456/104/44 342/89/44 343/88/44
f 456/104/45 460/5/45 341/8/45 342/89/45
f 317/58/46 380/57/46 340/105/46 311/106/46
f 380/57/47 379/60/47 339/107/47 340/105/47
f 379/60/48 378/62/48 338/108/48 339/107/48
f 378/62/48 377/1/48 337/4/48 338/108/48
f 338/108/49 337/4/49 457/109/49 453/110/49
f 453/110/50 457/109/50 458/111/50 454/112/50
f 454/112/51 458/111/51 459/113/51 455/114/51
f 455/114/52 459/113/52 460/5/52 456/104/52
f 339/107/49 338/108/49 453/110/49 449/115/49
f 449/115/50 453/110/50 454/112/50 450/116/50
f 450/116/51 454/112/51 455/114/51 451/117/51
f 451/117/52 455/114/52 456/104/52 452/103/52
f 340/105/53 339/107/53 449/115/53 445/118/53
f 445/118/54 449/115/54 450/116/54 446/119/54
f 446/119/51 450/116/51 451/117/51 447/120/51
f 447/120/55 451/117/55 452/103/55 448/102/55
f 311/106/56 340/105/56 445/118/56 384/121/56
f 384/121/51 445/118/51 446/119/51 383/122/51
f 383/122/51 446/119/51 447/120/51 382/123/51
f 382/123/51 447/120/51 448/102/51 381/101/51
f 346/100/57 345/12/57 441/124/57 437/125/57
f 437/125/58 441/124/58 442/126/58 438/127/58
f 438/127/59 442/126/59 443/128/59 439/129/59
f 439/129/60 443/128/60 444/13/60 440/96/60
f 347/99/57 346/100/57 437/125/57 433/130/57
f 433/130/58 437/125/58 438/127/58 434/131/58
f 434/131/59 438/127/59 439/129/59 435/132/59
f 435/132/60 439/129/60 440/96/60 436/94/60
f 348/98/61 347/99/61 433/130/61 429/133/61
f 429/133/62 433/130/62 434/131/62 430/134/62
f 430/134/59 434/131/59 435/132/59 431/135/59
f 431/135/63 435/132/63 436/94/63 432/91/63
f 313/19/64 348/98/64 429/133/64 392/136/64
f 392/136/59 429/133/59 430/134/59 391/137/59
f 391/137/59 430/134/59 431/135/59 390/138/59
f 390/138/59 431/135/59 432/91/59 389/90/59
f 319/139/5 424/140/5 428/141/5 320/142/5
f 424/140/5 423/143/5 427/144/5 428/141/5
f 423/143/5 422/145/5 426/146/5 427/144/5
f 422/145/5 421/40/5 425/17/5 426/146/5
f 318/147/5 420/148/5 424/140/5 319/139/5
f 420/148/5 419/149/5 423/143/5 424/140/5
f 419/149/5 418/150/5 422/145/5 423/143/5
f 418/150/5 417/38/5 421/40/5 422/145/5
f 317/151/5 416/152/5 420/148/5 318/147/5
f 416/152/5 415/153/5 419/149/5 420/148/5
f 415/153/5 414/154/5 418/150/5 419/149/5
f 414/154/5 413/36/5 417/38/5 418/150/5
f 311/155/5 384/156/5 416/152/5 317/151/5
f 384/156/5 383/157/5 415/153/5 416/152/5
f 383/157/5 382/158/5 414/154/5 415/153/5
f 382/158/5 381/33/5 413/36/5 414/154/5
f 331/45/65 408/159/65 412/160/65 332/10/65
f 408/159/66 407/161/66 411/162/66 412/160/66
f 407/161/67 406/163/67 410/164/67 411/162/67
f 406/163/68 405/32/68 409/21/68 410/164/68
f 330/43/69 404/165/69 408/159/69 331/45/69
f 404/165/70 403/166/70 407/161/70 408/159/70
f 403/166/71 402/167/71 406/163/71 407/161/71
f 402/167/72 401/30/72 405/32/72 406/163/72
f 329/41/73 400/168/73 404/165/73 330/43/73
f 400/168/74 399/169/74 403/166/74 404/165/74
f 399/169/75 398/170/75 402/167/75 403/166/75
f 398/170/76 397/28/76 401/30/76 402/167/76
f 316/7/77 388/171/77 400/168/77 329/41/77
f 388/171/78 387/172/78 399/169/78 400/168/78
f 387/172/79 386/173/79 398/170/79 399/169/79
f 386/173/80 385/25/80 397/28/80 398/170/80
f 332/10/81 412/160/81 393/174/81 314/11/81
f 412/160/82 411/162/82 394/175/82 393/174/82
f 411/162/83 410/164/83 395/176/83 394/175/83
f 410/164/84 409/21/84 396/24/84 395/176/84
f 320/142/5 428/141/5 389/177/5 309/178/5
f 428/141/5 427/144/5 390/179/5 389/177/5
f 427/144/5 426/146/5 391/180/5 390/179/5
f 426/146/5 425/17/5 392/20/5 391/180/5
f 345/12/85 314/11/85 393/181/85 441/124/85
f 441/124/86 393/181/86 394/182/86 442/126/86
f 442/126/87 394/182/87 395/183/87 443/128/87
f 443/128/88 395/183/88 396/14/88 444/13/88
f 337/4/89 312/3/89 385/184/89 457/109/89
f 457/109/90 385/184/90 386/185/90 458/111/90
f 458/111/91 386/185/91 387/186/91 459/113/91
f 459/113/92 387/186/92 388/6/92 460/5/92
f 529/1/1 476/2/1 464/3/1 489/4/1
f 612/5/2 540/6/2 468/7/2 493/8/2
f 513/9/3 484/10/3 466/11/3 497/12/3
f 596/13/4 548/14/4 462/15/4 488/16/4
f 577/17/5 477/18/5 465/19/5 544/20/5
f 561/21/6 473/22/6 462/23/6 548/24/6
f 537/25/7 464/26/7 476/27/7 549/28/7
f 549/28/8 476/27/8 475/29/8 553/30/8
f 553/30/9 475/29/9 474/31/9 557/32/9
f 557/32/10 474/31/10 473/22/10 561/21/10
f 533/33/5 467/34/5 480/35/5 565/36/5
f 565/36/5 480/35/5 479/37/5 569/38/5
f 569/38/5 479/37/5 478/39/5 573/40/5
f 573/40/5 478/39/5 477/18/5 577/17/5
f 493/8/11 468/7/11 481/41/11 501/42/11
f 501/42/12 481/41/12 482/43/12 505/44/12
f 505/44/13 482/43/13 483/45/13 509/46/13
f 509/46/14 483/45/14 484/10/14 513/9/14
f 488/47/15 462/48/15 473/49/15 517/50/15
f 517/50/16 473/49/16 474/51/16 521/52/16
f 521/52/17 474/51/17 475/53/17 525/54/17
f 525/54/18 475/53/18 476/2/18 529/1/18
f 470/55/19 528/56/19 532/57/19 469/58/19
f 528/56/20 527/59/20 531/60/20 532/57/20
f 527/59/21 526/61/21 530/62/21 531/60/21
f 526/61/21 525/54/21 529/1/21 530/62/21
f 471/63/19 524/64/19 528/56/19 470/55/19
f 524/64/19 523/65/19 527/59/19 528/56/19
f 523/65/19 522/66/19 526/61/19 527/59/19
f 522/66/19 521/52/19 525/54/19 526/61/19
f 472/67/19 520/68/19 524/64/19 471/63/19
f 520/68/22 519/69/22 523/65/22 524/64/22
f 519/69/23 518/70/23 522/66/23 523/65/23
f 518/70/23 517/50/23 521/52/23 522/66/23
f 461/71/24 485/72/24 520/68/24 472/67/24
f 485/72/25 486/73/25 519/69/25 520/68/25
f 486/73/26 487/74/26 518/70/26 519/69/26
f 487/74/26 488/47/26 517/50/26 518/70/26
f 478/39/27 512/75/27 516/76/27 477/18/27
f 512/75/28 511/77/28 515/78/28 516/76/28
f 511/77/29 510/79/29 514/80/29 515/78/29
f 510/79/29 509/46/29 513/9/29 514/80/29
f 479/37/27 508/81/27 512/75/27 478/39/27
f 508/81/27 507/82/27 511/77/27 512/75/27
f 507/82/27 506/83/27 510/79/27 511/77/27
f 506/83/27 505/44/27 509/46/27 510/79/27
f 480/35/27 504/84/27 508/81/27 479/37/27
f 504/84/30 503/85/30 507/82/30 508/81/30
f 503/85/31 502/86/31 506/83/31 507/82/31
f 502/86/31 501/42/31 505/44/31 506/83/31
f 467/34/32 496/87/32 504/84/32 480/35/32
f 496/87/33 495/88/33 503/85/33 504/84/33
f 495/88/34 494/89/34 502/86/34 503/85/34
f 494/89/35 493/8/35 501/42/35 502/86/35
f 541/90/36 584/91/36 485/92/36 461/93/36
f 584/91/37 588/94/37 486/95/37 485/92/37
f 588/94/38 592/96/38 487/97/38 486/95/38
f 592/96/38 596/13/38 488/16/38 487/97/38
f 477/18/39 516/76/39 500/98/39 465/19/39
f 516/76/40 515/78/40 499/99/40 500/98/40
f 515/78/41 514/80/41 498/100/41 499/99/41
f 514/80/41 513/9/41 497/12/41 498/100/41
f 533/101/42 600/102/42 496/87/42 467/34/42
f 600/102/43 604/103/43 495/88/43 496/87/43
f 604/103/44 608/104/44 494/89/44 495/88/44
f 608/104/45 612/5/45 493/8/45 494/89/45
f 469/58/46 532/57/46 492/105/46 463/106/46
f 532/57/47 531/60/47 491/107/47 492/105/47
f 531/60/48 530/62/48 490/108/48 491/107/48
f 530/62/48 529/1/48 489/4/48 490/108/48
f 490/108/49 489/4/49 609/109/49 605/110/49
f 605/110/50 609/109/50 610/111/50 606/112/50
f 606/112/51 610/111/51 611/113/51 607/114/51
f 607/114/52 611/113/52 612/5/52 608/104/52
f 491/107/49 490/108/49 605/110/49 601/115/49
f 601/115/50 605/110/50 606/112/50 602/116/50
f 602/116/51 606/112/51 607/114/51 603/117/51
f 603/117/52 607/114/52 608/104/52 604/103/52
f 492/105/53 491/107/53 601/115/53 597/118/53
f 597/118/54 601/115/54 602/116/54 598/119/54
f 598/119/51 602/116/51 603/117/51 599/120/51
f 599/120/55 603/117/55 604/103/55 600/102/55
f 463/106/56 492/105/56 597/118/56 536/121/56
f 536/121/51 597/118/51 598/119/51 535/122/51
f 535/122/51 598/119/51 599/120/51 534/123/51
f 534/123/51 599/120/51 600/102/51 533/101/51
f 498/100/57 497/12/57 593/124/57 589/125/57
f 589/125/58 593/124/58 594/126/58 590/127/58
f 590/127/59 594/126/59 595/128/59 591/129/59
f 591/129/60 595/128/60 596/13/60 592/96/60
f 499/99/57 498/100/57 589/125/57 585/130/57
f 585/130/58 589/125/58 590/127/58 586/131/58
f 586/131/59 590/127/59 591/129/59 587/132/59
f 587/132/60 591/129/60 592/96/60 588/94/60
f 500/98/61 499/99/61 585/130/61 581/133/61
f 581/133/62 585/130/62 586/131/62 582/134/62
f 582/134/59 586/131/59 587/132/59 583/135/59
f 583/135/63 587/132/63 588/94/63 584/91/63
f 465/19/64 500/98/64 581/133/64 544/136/64
f 544/136/59 581/133/59 582/134/59 543/137/59
f 543/137/59 582/134/59 583/135/59 542/138/59
f 542/138/59 583/135/59 584/91/59 541/90/59
f 471/139/5 576/140/5 580/141/5 472/142/5
f 576/140/5 575/143/5 579/144/5 580/141/5
f 575/143/5 574/145/5 578/146/5 579/144/5
f 574/145/5 573/40/5 577/17/5 578/146/5
f 470/147/5 572/148/5 576/140/5 471/139/5
f 572/148/5 571/149/5 575/143/5 576/140/5
f 571/149/5 570/150/5 574/145/5 575/143/5
f 570/150/5 569/38/5 573/40/5 574/145/5
f 469/151/5 568/152/5 572/148/5 470/147/5
f 568/152/5 567/153/5 571/149/5 572/148/5
f 567/153/5 566/154/5 570/150/5 571/149/5
f 566/154/5 565/36/5 569/38/5 570/150/5
f 463/155/5 536/156/5 568/152/5 469/151/5
f 536/156/5 535/157/5 567/153/5 568/152/5
f 535/157/5 534/158/5 566/154/5 567/153/5
f 534/158/5 533/33/5 565/36/5 566/154/5
f 483/45/65 560/159/65 564/160/65 484/10/65
f 560/159/66 559/161/66 563/162/66 564/160/66
f 559/161/67 558/163/67 562/164/67 563/162/67
f 558/163/68 557/32/68 561/21/68 562/164/68
f 482/43/69 556/165/69 560/159/69 483/45/69
f 556/165/70 555/166/70 559/161/70 560/159/70
f 555/166/71 554/167/71 558/163/71 559/161/71
f 554/167/72 553/30/72 557/32/72 558/163/72
f 481/41/73 552/168/73 556/165/73 482/43/73
f 552/168/74 551/169/74 555/166/74 556/165/74
f 551/169/75 550/170/75 554/167/75 555/166/75
f 550/170/76 549/28/76 553/30/76 554/167/76
f 468/7/77 540/171/77 552/168/77 481/41/77
f 540/171/78 539/172/78 551/169/78 552/168/78
f 539/172/79 538/173/79 550/170/79 551/169/79
f 538/173/80 537/25/80 549/28/80 550/170/80
f 484/10/81 564/160/81 545/174/81 466/11/81
f 564/160/82 563/162/82 546/175/82 545/174/82
f 563/162/83 562/164/83 547/176/83 546/175/83
f 562/164/84 561/21/84 548/24/84 547/176/84
f 472/142/5 580/141/5 541/177/5 461/178/5
f 580/141/5 579/144/5 542/179/5 541/177/5
f 579/144/5 578/146/5 543/180/5 542/179/5
f 578/146/5 577/17/5 544/20/5 543/180/5
f 497/12/85 466/11/85 545/181/85 593/124/85
f 593/124/95 545/181/95 546/182/95 594/126/95
f 594/126/87 546/182/87 547/183/87 595/128/87
f 595/128/88 547/183/88 548/14/88 596/13/88
f 489/4/89 464/3/89 537/184/89 609/109/89
f 609/109/90 537/184/90 538/185/90 610/111/90
f 610/111/91 538/185/91 539/186/91 611/113/91
f 611/113/92 539/186/92 540/6/92 612/5/92
f 681/1/1 628/2/1 616/3/1 641/4/1
f 764/5/2 692/6/2 620/7/2 645/8/2
f 665/9/3 636/10/3 618/11/3 649/12/3
f 748/13/4 700/14/4 614/15/4 640/16/4
f 729/17/5 629/18/5 617/19/5 696/20/5
f 713/21/6 625/22/6 614/23/6 700/24/6
f 689/25/7 616/26/7 628/27/7 701/28/7
f 701/28/8 628/27/8 627/29/8 705/30/8
f 705/30/9 627/29/9 626/31/9 709/32/9
f 709/32/10 626/31/10 625/22/10 713/21/10
f 685/33/5 619/34/5 632/35/5 717/36/5
f 717/36/5 632/35/5 631/37/5 721/38/5
f 721/38/5 631/37/5 630/39/5 725/40/5
f 725/40/5 630/39/5 629/18/5 729/17/5
f 645/8/11 620/7/11 633/41/11 653/42/11
f 653/42/12 633/41/12 634/43/12 657/44/12
f 657/44/13 634/43/13 635/45/13 661/46/13
f 661/46/14 635/45/14 636/10/14 665/9/14
f 640/47/15 614/48/15 625/49/15 669/50/15
f 669/50/16 625/49/16 626/51/16 673/52/16
f 673/52/17 626/51/17 627/53/17 677/54/17
f 677/54/18 627/53/18 628/2/18 681/1/18
f 622/55/19 680/56/19 684/57/19 621/58/19
f 680/56/20 679/59/20 683/60/20 684/57/20
f 679/59/21 678/61/21 682/62/21 683/60/21
f 678/61/21 677/54/21 681/1/21 682/62/21
f 623/63/19 676/64/19 680/56/19 622/55/19
f 676/64/19 675/65/19 679/59/19 680/56/19
f 675/65/19 674/66/19 678/61/19 679/59/19
f 674/66/19 673/52/19 677/54/19 678/61/19
f 624/67/19 672/68/19 676/64/19 623/63/19
f 672/68/22 671/69/22 675/65/22 676/64/22
f 671/69/23 670/70/23 674/66/23 675/65/23
f 670/70/23 669/50/23 673/52/23 674/66/23
f 613/71/24 637/72/24 672/68/24 624/67/24
f 637/72/25 638/73/25 671/69/25 672/68/25
f 638/73/26 639/74/26 670/70/26 671/69/26
f 639/74/26 640/47/26 669/50/26 670/70/26
f 630/39/27 664/75/27 668/76/27 629/18/27
f 664/75/28 663/77/28 667/78/28 668/76/28
f 663/77/29 662/79/29 666/80/29 667/78/29
f 662/79/29 661/46/29 665/9/29 666/80/29
f 631/37/27 660/81/27 664/75/27 630/39/27
f 660/81/27 659/82/27 663/77/27 664/75/27
f 659/82/27 658/83/27 662/79/27 663/77/27
f 658/83/27 657/44/27 661/46/27 662/79/27
f 632/35/27 656/84/27 660/81/27 631/37/27
f 656/84/30 655/85/30 659/82/30 660/81/30
f 655/85/31 654/86/31 658/83/31 659/82/31
f 654/86/31 653/42/31 657/44/31 658/83/31
f 619/34/32 648/87/32 656/84/32 632/35/32
f 648/87/33 647/88/33 655/85/33 656/84/33
f 647/88/34 646/89/34 654/86/34 655/85/34
f 646/89/35 645/8/35 653/42/35 654/86/35
f 693/90/36 736/91/36 637/92/36 613/93/36
f 736/91/37 740/94/37 638/95/37 637/92/37
f 740/94/38 744/96/38 639/97/38 638/95/38
f 744/96/38 748/13/38 640/16/38 639/97/38
f 629/18/39 668/76/39 652/98/39 617/19/39
f 668/76/40 667/78/40 651/99/40 652/98/40
f 667/78/41 666/80/41 650/100/41 651/99/41
f 666/80/41 665/9/41 649/12/41 650/100/41
f 685/101/42 752/102/42 648/87/42 619/34/42
f 752/102/43 756/103/43 647/88/43 648/87/43
f 756/103/44 760/104/44 646/89/44 647/88/44
f 760/104/45 764/5/45 645/8/45 646/89/45
f 621/58/46 684/57/46 644/105/46 615/106/46
f 684/57/47 683/60/47 643/107/47 644/105/47
f 683/60/48 682/62/48 642/108/48 643/107/48
f 682/62/48 681/1/48 641/4/48 642/108/48
f 642/108/49 641/4/49 761/109/49 757/110/49
f 757/110/50 761/109/50 762/111/50 758/112/50
f 758/112/51 762/111/51 763/113/51 759/114/51
f 759/114/52 763/113/52 764/5/52 760/104/52
f 643/107/49 642/108/49 757/110/49 753/115/49
f 753/115/50 757/110/50 758/112/50 754/116/50
f 754/116/51 758/112/51 759/114/51 755/117/51
f 755/117/52 759/114/52 760/104/52 756/103/52
f 644/105/53 643/107/53 753/115/53 749/118/53
f 749/118/54 753/115/54 754/116/54 750/119/54
f 750/119/51 754/116/51 755/117/51 751/120/51
f 751/120/55 755/117/55 756/103/55 752/102/55
f 615/106/56 644/105/56 749/118/56 688/121/56
f 688/121/51 749/118/51 750/119/51 687/122/51
f 687/122/51 750/119/51 751/120/51 686/123/51
f 686/123/51 751/120/51 752/102/51 685/101/51
f 650/100/57 649/12/57 745/124/57 741/125/57
f 741/125/58 745/124/58 746/126/58 742/127/58
f 742/127/59 746/126/59 747/128/59 743/129/59
f 743/129/60 747/128/60 748/13/60 744/96/60
f 651/99/57 650/100/57 741/125/57 737/130/57
f 737/130/58 741/125/58 742/127/58 738/131/58
f 738/131/59 742/127/59 743/129/59 739/132/59
f 739/132/60 743/129/60 744/96/60 740/94/60
f 652/98/61 651/99/61 737/130/61 733/133/61
f 733/133/62 737/130/62 738/131/62 734/134/62
f 734/134/59 738/131/59 739/132/59 735/135/59
f 735/135/63 739/132/63 740/94/63 736/91/63
f 617/19/64 652/98/64 733/133/64 696/136/64
f 696/136/59 733/133/59 734/134/59 695/137/59
f 695/137/59 734/134/59 735/135/59 694/138/59
f 694/138/59 735/135/59 736/91/59 693/90/59
f 623/139/5 728/140/5 732/141/5 624/142/5
f 728/140/5 727/143/5 731/144/5 732/141/5
f 727/143/5 726/145/5 730/146/5 731/144/5
f 726/145/5 725/40/5 729/17/5 730/146/5
f 622/147/5 724/148/5 728/140/5 623/139/5
f 724/148/5 723/149/5 727/143/5 728/140/5
f 723/149/5 722/150/5 726/145/5 727/143/5
f 722/150/5 721/38/5 725/40/5 726/145/5
f 621/151/5 720/152/5 724/148/5 622/147/5
f 720/152/5 719/153/5 723/149/5 724/148/5
f 719/153/5 718/154/5 722/150/5 723/149/5
f 718/154/5 717/36/5 721/38/5 722/150/5
f 615/155/5 688/156/5 720/152/5 621/151/5
f 688/156/5 687/157/5 719/153/5 720/152/5
f 687/157/5 686/158/5 718/154/5 719/153/5
f 686/158/5 685/33/5 717/36/5 718/154/5
f 635/45/65 712/159/65 716/160/65 636/10/65
f 712/159/66 711/161/66 715/162/66 716/160/66
f 711/161/67 710/163/67 714/164/67 715/162/67
f 710/163/68 709/32/68 713/21/68 714/164/68
f 634/43/69 708/165/69 712/159/69 635/45/69
f 708/165/70 707/166/70 711/161/70 712/159/70
f 707/166/71 706/167/71 710/163/71 711/161/71
f 706/167/72 705/30/72 709/32/72 710/163/72
f 633/41/73 704/168/73 708/165/73 634/43/73
f 704/168/74 703/169/74 707/166/74 708/165/74
f 703/169/75 702/170/75 706/167/75 707/166/75
f 702/170/76 701/28/76 705/30/76 706/167/76
f 620/7/77 692/171/77 704/168/77 633/41/77
f 692/171/78 691/172/78 703/169/78 704/168/78
f 691/172/79 690/173/79 702/170/79 703/169/79
f 690/173/80 689/25/80 701/28/80 702/170/80
f 636/10/81 716/160/81 697/174/81 618/11/81
f 716/160/82 715/162/82 698/175/82 697/174/82
f 715/162/83 714/164/83 699/176/83 698/175/83
f 714/164/84 713/21/84 700/24/84 699/176/84
f 624/142/5 732/141/5 693/177/5 613/178/5
f 732/141/5 731/144/5 694/179/5 693/177/5
f 731/144/5 730/146/5 695/180/5 694/179/5
f 730/146/5 729/17/5 696/20/5 695/180/5
f 649/12/85 618/11/85 697/181/85 745/124/85
f 745/124/86 697/181/86 698/182/86 746/126/86
f 746/126/87 698/182/87 699/183/87 747/128/87
f 747/128/88 699/183/88 700/14/88 748/13/88
f 641/4/89 616/3/89 689/184/89 761/109/89
f 761/109/90 689/184/90 690/185/90 762/111/90
f 762/111/91 690/185/91 691/186/91 763/113/91
f 763/113/92 691/186/92 692/6/92 764/5/92
f 833/1/1 780/2/1 768/3/1 793/4/1
f 916/5/2 844/6/2 772/7/2 797/8/2
f 817/9/3 788/10/3 770/11/3 801/12/3
f 900/13/4 852/14/4 766/15/4 792/16/4
f 881/17/5 781/18/5 769/19/5 848/20/5
f 865/21/6 777/22/6 766/23/6 852/24/6
f 841/25/7 768/26/7 780/27/7 853/28/7
f 853/28/8 780/27/8 779/29/8 857/30/8
f 857/30/9 779/29/9 778/31/9 861/32/9
f 861/32/10 778/31/10 777/22/10 865/21/10
f 837/33/5 771/34/5 784/35/5 869/36/5
f 869/36/5 784/35/5 783/37/5 873/38/5
f 873/38/5 783/37/5 782/39/5 877/40/5
f 877/40/5 782/39/5 781/18/5 881/17/5
f 797/8/11 772/7/11 785/41/11 805/42/11
f 805/42/12 785/41/12 786/43/12 809/44/12
f 809/44/13 786/43/13 787/45/13 813/46/13
f 813/46/96 787/45/96 788/10/96 817/9/96
f 792/47/15 766/48/15 777/49/15 821/50/15
f 821/50/16 777/49/16 778/51/16 825/52/16
f 825/52/17 778/51/17 779/53/17 829/54/17
f 829/54/18 779/53/18 780/2/18 833/1/18
f 774/55/19 832/56/19 836/57/19 773/58/19
f 832/56/20 831/59/20 835/60/20 836/57/20
f 831/59/21 830/61/21 834/62/21 835/60/21
f 830/61/21 829/54/21 833/1/21 834/62/21
f 775/63/19 828/64/19 832/56/19 774/55/19
f 828/64/19 827/65/19 831/59/19 832/56/19
f 827/65/19 826/66/19 830/61/19 831/59/19
f 826/66/19 825/52/19 829/54/19 830/61/19
f 776/67/19 824/68/19 828/64/19 775/63/19
f 824/68/22 823/69/22 827/65/22 828/64/22
f 823/69/23 822/70/23 826/66/23 827/65/23
f 822/70/23 821/50/23 825/52/23 826/66/23
f 765/71/24 789/72/24 824/68/24 776/67/24
f 789/72/25 790/73/25 823/69/25 824/68/25
f 790/73/26 791/74/26 822/70/26 823/69/26
f 791/74/26 792/47/26 821/50/26 822/70/26
f 782/39/27 816/75/27 820/76/27 781/18/27
f 816/75/28 815/77/28 819/78/28 820/76/28
f 815/77/29 814/79/29 818/80/29 819/78/29
f 814/79/29 813/46/29 817/9/29 818/80/29
f 783/37/27 812/81/27 816/75/27 782/39/27
f 812/81/27 811/82/27 815/77/27 816/75/27
f 811/82/27 810/83/27 814/79/27 815/77/27
f 810/83/27 809/44/27 813/46/27 814/79/27
f 784/35/27 808/84/27 812/81/27 783/37/27
f 808/84/30 807/85/30 811/82/30 812/81/30
f 807/85/31 806/86/31 810/83/31 811/82/31
f 806/86/31 805/42/31 809/44/31 810/83/31
f 771/34/32 800/87/32 808/84/32 784/35/32
f 800/87/33 799/88/33 807/85/33 808/84/33
f 799/88/34 798/89/34 806/86/34 807/85/34
f 798/89/35 797/8/35 805/42/35 806/86/35
f 845/90/36 888/91/36 789/92/36 765/93/36
f 888/91/37 892/94/37 790/95/37 789/92/37
f 892/94/38 896/96/38 791/97/38 790/95/38
f 896/96/38 900/13/38 792/16/38 791/97/38
f 781/18/39 820/76/39 804/98/39 769/19/39
f 820/76/40 819/78/40 803/99/40 804/98/40
f 819/78/41 818/80/41 802/100/41 803/99/41
f 818/80/41 817/9/41 801/12/41 802/100/41
f 837/101/42 904/102/42 800/87/42 771/34/42
f 904/102/43 908/103/43 799/88/43 800/87/43
f 908/103/44 912/104/44 798/89/44 799/88/44
f 912/104/45 916/5/45 797/8/45 798/89/45
f 773/58/46 836/57/46 796/105/46 767/106/46
f 836/57/47 835/60/47 795/107/47 796/105/47
f 835/60/48 834/62/48 794/108/48 795/107/48
f 834/62/48 833/1/48 793/4/48 794/108/48
f 794/108/49 793/4/49 913/109/49 909/110/49
f 909/110/50 913/109/50 914/111/50 910/112/50
f 910/112/51 914/111/51 915/113/51 911/114/51
f 911/114/52 915/113/52 916/5/52 912/104/52
f 795/107/49 794/108/49 909/110/49 905/115/49
f 905/115/50 909/110/50 910/112/50 906/116/50
f 906/116/51 910/112/51 911/114/51 907/117/51
f 907/117/52 911/114/52 912/104/52 908/103/52
f 796/105/53 795/107/53 905/115/53 901/118/53
f 901/118/54 905/115/54 906/116/54 902/119/54
f 902/119/51 906/116/51 907/117/51 903/120/51
f 903/120/55 907/117/55 908/103/55 904/102/55
f 767/106/56 796/105/56 901/118/56 840/121/56
f 840/121/51 901/118/51 902/119/51 839/122/51
f 839/122/51 902/119/51 903/120/51 838/123/51
f 838/123/51 903/120/51 904/102/51 837/101/51
f 802/100/57 801/12/57 897/124/57 893/125/57
f 893/125/58 897/124/58 898/126/58 894/127/58
f 894/127/59 898/126/59 899/128/59 895/129/59
f 895/129/60 899/128/60 900/13/60 896/96/60
f 803/99/57 802/100/57 893/125/57 889/130/57
f 889/130/58 893/125/58 894/127/58 890/131/58
f 890/131/59 894/127/59 895/129/59 891/132/59
f 891/132/60 895/129/60 896/96/60 892/94/60
f 804/98/61 803/99/61 889/130/61 885/133/61
f 885/133/62 889/130/62 890/131/62 886/134/62
f 886/134/59 890/131/59 891/132/59 887/135/59
f 887/135/63 891/132/63 892/94/63 888/91/63
f 769/19/64 804/98/64 885/133/64 848/136/64
f 848/136/59 885/133/59 886/134/59 847/137/59
f 847/137/59 886/134/59 887/135/59 846/138/59
f 846/138/59 887/135/59 888/91/59 845/90/59
f 775/139/5 880/140/5 884/141/5 776/142/5
f 880/140/5 879/143/5 883/144/5 884/141/5
f 879/143/5 878/145/5 882/146/5 883/144/5
f 878/145/5 877/40/5 881/17/5 882/146/5
f 774/147/5 876/148/5 880/140/5 775/139/5
f 876/148/5 875/149/5 879/143/5 880/140/5
f 875/149/5 874/150/5 878/145/5 879/143/5
f 874/150/5 873/38/5 877/40/5 878/145/5
f 773/151/5 872/152/5 876/148/5 774/147/5
f 872/152/5 871/153/5 875/149/5 876/148/5
f 871/153/5 870/154/5 874/150/5 875/149/5
f 870/154/5 869/36/5 873/38/5 874/150/5
f 767/155/5 840/156/5 872/152/5 773/151/5
f 840/156/5 839/157/5 871/153/5 872/152/5
f 839/157/5 838/158/5 870/154/5 871/153/5
f 838/158/5 837/33/5 869/36/5 870/154/5
f 787/45/65 864/159/65 868/160/65 788/10/65
f 864/159/66 863/161/66 867/162/66 868/160/66
f 863/161/67 862/163/67 866/164/67 867/162/67
f 862/163/68 861/32/68 865/21/68 866/164/68
f 786/43/69 860/165/69 864/159/69 787/45/69
f 860/165/70 859/166/70 863/161/70 864/159/70
f 859/166/71 858/167/71 862/163/71 863/161/71
f 858/167/72 857/30/72 861/32/72 862/163/72
f 785/41/73 856/168/73 860/165/73 786/43/73
f 856/168/74 855/169/74 859/166/74 860/165/74
f 855/169/75 854/170/75 858/167/75 859/166/75
f 854/170/76 853/28/76 857/30/76 858/167/76
f 772/7/77 844/171/77 856/168/77 785/41/77
f 844/171/78 843/172/78 855/169/78 856/168/78
f 843/172/79 842/173/79 854/170/79 855/169/79
f 842/173/80 841/25/80 853/28/80 854/170/80
f 788/10/81 868/160/81 849/174/81 770/11/81
f 868/160/82 867/162/82 850/175/82 849/174/82
f 867/162/83 866/164/83 851/176/83 850/175/83
f 866/164/84 865/21/84 852/24/84 851/176/84
f 776/142/5 884/141/5 845/177/5 765/178/5
f 884/141/5 883/144/5 846/179/5 845/177/5
f 883/144/5 882/146/5 847/180/5 846/179/5
f 882/146/5 881/17/5 848/20/5 847/180/5
f 801/12/85 770/11/85 849/181/85 897/124/85
f 897/124/86 849/181/86 850/182/86 898/126/86
f 898/126/97 850/182/97 851/183/97 899/128/97
f 899/128/88 851/183/88 852/14/88 900/13/88
f 793/4/89 768/3/89 841/184/89 913/109/89
f 913/109/90 841/184/90 842/185/90 914/111/90
f 914/111/91 842/185/91 843/186/91 915/113/91
f 915/113/92 843/186/92 844/6/92 916/5/92
f 985/1/1 932/2/1 920/3/1 945/4/1
f 1068/5/2 996/6/2 924/7/2 949/8/2
f 969/9/3 940/10/3 922/11/3 953/12/3
f 1052/13/4 1004/14/4 918/15/4 944/16/4
f 1033/17/5 933/18/5 921/19/5 1000/20/5
f 1017/21/6 929/22/6 918/23/6 1004/24/6
f 993/25/7 920/26/7 932/27/7 1005/28/7
f 1005/28/8 932/27/8 931/29/8 1009/30/8
f 1009/30/9 931/29/9 930/31/9 1013/32/9
f 1013/32/10 930/31/10 929/22/10 1017/21/10
f 989/33/5 923/34/5 936/35/5 1021/36/5
f 1021/36/5 936/35/5 935/37/5 1025/38/5
f 1025/38/5 935/37/5 934/39/5 1029/40/5
f 1029/40/5 934/39/5 933/18/5 1033/17/5
f 949/8/11 924/7/11 937/41/11 957/42/11
f 957/42/12 937/41/12 938/43/12 961/44/12
f 961/44/13 938/43/13 939/45/13 965/46/13
f 965/46/96 939/45/96 940/10/96 969/9/96
f 944/47/15 918/48/15 929/49/15 973/50/15
f 973/50/16 929/49/16 930/51/16 977/52/16
f 977/52/17 930/51/17 931/53/17 981/54/17
f 981/54/18 931/53/18 932/2/18 985/1/18
f 926/55/19 984/56/19 988/57/19 925/58/19
f 984/56/20 983/59/20 987/60/20 988/57/20
f 983/59/21 982/61/21 986/62/21 987/60/21
f 982/61/21 981/54/21 985/1/21 986/62/21
f 927/63/19 980/64/19 984/56/19 926/55/19
f 980/64/19 979/65/19 983/59/19 984/56/19
f 979/65/19 978/66/19 982/61/19 983/59/19
f 978/66/19 977/52/19 981/54/19 982/61/19
f 928/67/19 976/68/19 980/64/19 927/63/19
f 976/68/22 975/69/22 979/65/22 980/64/22
f 975/69/23 974/70/23 978/66/23 979/65/23
f 974/70/23 973/50/23 977/52/23 978/66/23
f 917/71/24 941/72/24 976/68/24 928/67/24
f 941/72/25 942/73/25 975/69/25 976/68/25
f 942/73/26 943/74/26 974/70/26 975/69/26
f 943/74/26 944/47/26 973/50/26 974/70/26
f 934/39/27 968/75/27 972/76/27 933/18/27
f 968/75/28 967/77/28 971/78/28 972/76/28
f 967/77/29 966/79/29 970/80/29 971/78/29
f 966/79/29 965/46/29 969/9/29 970/80/29
f 935/37/27 964/81/27 968/75/27 934/39/27
f 964/81/27 963/82/27 967/77/27 968/75/27
f 963/82/27 962/83/27 966/79/27 967/77/27
f 962/83/27 961/44/27 965/46/27 966/79/27
f 936/35/27 960/84/27 964/81/27 935/37/27
f 960/84/30 959/85/30 963/82/30 964/81/30
f 959/85/31 958/86/31 962/83/31 963/82/31
f 958/86/31 957/42/31 961/44/31 962/83/31
f 923/34/32 952/87/32 960/84/32 936/35/32
f 952/87/33 951/88/33 959/85/33 960/84/33
f 951/88/34 950/89/34 958/86/34 959/85/34
f 950/89/35 949/8/35 957/42/35 958/86/35
f 997/90/36 1040/91/36 941/92/36 917/93/36
f 1040/91/37 1044/94/37 942/95/37 941/92/37
f 1044/94/38 1048/96/38 943/97/38 942/95/38
f 1048/96/38 1052/13/38 944/16/38 943/97/38
f 933/18/39 972/76/39 956/98/39 921/19/39
f 972/76/40 971/78/40 955/99/40 956/98/40
f 971/78/41 970/80/41 954/100/41 955/99/41
f 970/80/41 969/9/41 953/12/41 954/100/41
f 989/101/42 1056/102/42 952/87/42 923/34/42
f 1056/102/43 1060/103/43 951/88/43 952/87/43
f 1060/103/44 1064/104/44 950/89/44 951/88/44
f 1064/104/45 1068/5/45 949/8/45 950/89/45
f 925/58/46 988/57/46 948/105/46 919/106/46
f 988/57/47 987/60/47 947/107/47 948/105/47
f 987/60/48 986/62/48 946/108/48 947/107/48
f 986/62/48 985/1/48 945/4/48 946/108/48
f 946/108/49 945/4/49 1065/109/49 1061/110/49
f 1061/110/50 1065/109/50 1066/111/50 1062/112/50
f 1062/112/51 1066/111/51 1067/113/51 1063/114/51
f 1063/114/52 1067/113/52 1068/5/52 1064/104/52
f 947/107/49 946/108/49 1061/110/49 1057/115/49
f 1057/115/50 1061/110/50 1062/112/50 1058/116/50
f 1058/116/51 1062/112/51 1063/114/51 1059/117/51
f 1059/117/52 1063/114/52 1064/104/52 1060/103/52
f 948/105/53 947/107/53 1057/115/53 1053/118/53
f 1053/118/54 1057/115/54 1058/116/54 1054/119/54
f 1054/119/51 1058/116/51 1059/117/51 1055/120/51
f 1055/120/55 1059/117/55 1060/103/55 1056/102/55
f 919/106/56 948/105/56 1053/118/56 992/121/56
f 992/121/51 1053/118/51 1054/119/51 991/122/51
f 991/122/51 1054/119/51 1055/120/51 990/123/51
f 990/123/51 1055/120/51 1056/102/51 989/101/51
f 954/100/57 953/12/57 1049/124/57 1045/125/57
f 1045/125/58 1049/124/58 1050/126/58 1046/127/58
f 1046/127/59 1050/126/59 1051/128/59 1047/129/59
f 1047/129/60 1051/128/60 1052/13/60 1048/96/60
f 955/99/57 954/100/57 1045/125/57 1041/130/57
f 1041/130/58 1045/125/58 1046/127/58 1042/131/58
f 1042/131/59 1046/127/59 1047/129/59 1043/132/59
f 1043/132/60 1047/129/60 1048/96/60 1044/94/60
f 956/98/61 955/99/61 1041/130/61 1037/133/61
f 1037/133/62 1041/130/62 1042/131/62 1038/134/62
f 1038/134/59 1042/131/59 1043/132/59 1039/135/59
f 1039/135/63 1043/132/63 1044/94/63 1040/91/63
f 921/19/64 956/98/64 1037/133/64 1000/136/64
f 1000/136/59 1037/133/59 1038/134/59 999/137/59
f 999/137/59 1038/134/59 1039/135/59 998/138/59
f 998/138/59 1039/135/59 1040/91/59 997/90/59
f 927/139/5 1032/140/5 1036/141/5 928/142/5
f 1032/140/5 1031/143/5 1035/144/5 1036/141/5
f 1031/143/5 1030/145/5 1034/146/5 1035/144/5
f 1030/145/5 1029/40/5 1033/17/5 1034/146/5
f 926/147/5 1028/148/5 1032/140/5 927/139/5
f 1028/148/5 1027/149/5 1031/143/5 1032/140/5
f 1027/149/5 1026/150/5 1030/145/5 1031/143/5
f 1026/150/5 1025/38/5 1029/40/5 1030/145/5
f 925/151/5 1024/152/5 1028/148/5 926/147/5
f 1024/152/5 1023/153/5 1027/149/5 1028/148/5
f 1023/153/5 1022/154/5 1026/150/5 1027/149/5
f 1022/154/5 1021/36/5 1025/38/5 1026/150/5
f 919/155/5 992/156/5 1024/152/5 925/151/5
f 992/156/5 991/157/5 1023/153/5 1024/152/5
f 991/157/5 990/158/5 1022/154/5 1023/153/5
f 990/158/5 989/33/5 1021/36/5 1022/154/5
f 939/45/65 1016/159/65 1020/160/65 940/10/65
f 1016/159/66 1015/161/66 1019/162/66 1020/160/66
f 1015/161/67 1014/163/67 1018/164/67 1019/162/67
f 1014/163/68 1013/32/68 1017/21/68 1018/164/68
f 938/43/69 1012/165/69 1016/159/69 939/45/69
f 1012/165/70 1011/166/70 1015/161/70 1016/159/70
f 1011/166/71 1010/167/71 1014/163/71 1015/161/71
f 1010/167/72 1009/30/72 1013/32/72 1014/163/72
f 937/41/73 1008/168/73 1012/165/73 938/43/73
f 1008/168/74 1007/169/74 1011/166/74 1012/165/74
f 1007/169/75 1006/170/75 1010/167/75 1011/166/75
f 1006/170/76 1005/28/76 1009/30/76 1010/167/76
f 924/7/77 996/171/77 1008/168/77 937/41/77
f 996/171/78 995/172/78 1007/169/78 1008/168/78
f 995/172/79 994/173/79 1006/170/79 1007/169/79
f 994/173/80 993/25/80 1005/28/80 1006/170/80
f 940/10/81 1020/160/81 1001/174/81 922/11/81
f 1020/160/82 1019/162/82 1002/175/82 1001/174/82
f 1019/162/83 1018/164/83 1003/176/83 1002/175/83
f 1018/164/84 1017/21/84 1004/24/84 1003/176/84
f 928/142/5 1036/141/5 997/177/5 917/178/5
f 1036/141/5 1035/144/5 998/179/5 997/177/5
f 1035/144/5 1034/146/5 999/180/5 998/179/5
f 1034/146/5 1033/17/5 1000/20/5 999/180/5
f 953/12/85 922/11/85 1001/181/85 1049/124/85
f 1049/124/86 1001/181/86 1002/182/86 1050/126/86
f 1050/126/87 1002/182/87 1003/183/87 1051/128/87
f 1051/128/88 1003/183/88 1004/14/88 1052/13/88
f 945/4/89 920/3/89 993/184/89 1065/109/89
f 1065/109/90 993/184/90 994/185/90 1066/111/90
f 1066/111/91 994/185/91 995/186/91 1067/113/91
f 1067/113/92 995/186/92 996/6/92 1068/5/92
f 1137/1/1 1084/2/1 1072/3/1 1097/4/1
f 1220/5/2 1148/6/2 1076/7/2 1101/8/2
f 1121/9/3 1092/10/3 1074/11/3 1105/12/3
f 1204/13/4 1156/14/4 1070/15/4 1096/16/4
f 1185/17/5 1085/18/5 1073/19/5 1152/20/5
f 1169/21/6 1081/22/6 1070/23/6 1156/24/6
f 1145/25/7 1072/26/7 1084/27/7 1157/28/7
f 1157/28/8 1084/27/8 1083/29/8 1161/30/8
f 1161/30/9 1083/29/9 1082/31/9 1165/32/9
f 1165/32/10 1082/31/10 1081/22/10 1169/21/10
f 1141/33/5 1075/34/5 1088/35/5 1173/36/5
f 1173/36/5 1088/35/5 1087/37/5 1177/38/5
f 1177/38/5 1087/37/5 1086/39/5 1181/40/5
f 1181/40/5 1086/39/5 1085/18/5 1185/17/5
f 1101/8/11 1076/7/11 1089/41/11 1109/42/11
f 1109/42/12 1089/41/12 1090/43/12 1113/44/12
f 1113/44/13 1090/43/13 1091/45/13 1117/46/13
f 1117/46/14 1091/45/14 1092/10/14 1121/9/14
f 1096/47/15 1070/48/15 1081/49/15 1125/50/15
f 1125/50/16 1081/49/16 1082/51/16 1129/52/16
f 1129/52/17 1082/51/17 1083/53/17 1133/54/17
f 1133/54/18 1083/53/18 1084/2/18 1137/1/18
f 1078/55/19 1136/56/19 1140/57/19 1077/58/19
f 1136/56/20 1135/59/20 1139/60/20 1140/57/20
f 1135/59/21 1134/61/21 1138/62/21 1139/60/21
f 1134/61/21 1133/54/21 1137/1/21 1138/62/21
f 1079/63/19 1132/64/19 1136/56/19 1078/55/19
f 1132/64/19 1131/65/19 1135/59/19 1136/56/19
f 1131/65/19 1130/66/19 1134/61/19 1135/59/19
f 1130/66/19 1129/52/19 1133/54/19 1134/61/19
f 1080/67/19 1128/68/19 1132/64/19 1079/63/19
f 1128/68/22 1127/69/22 1131/65/22 1132/64/22
f 1127/69/23 1126/70/23 1130/66/23 1131/65/23
f 1126/70/23 1125/50/23 1129/52/23 1130/66/23
f 1069/71/24 1093/72/24 1128/68/24 1080/67/24
f 1093/72/25 1094/73/25 1127/69/25 1128/68/25
f 1094/73/26 1095/74/26 1126/70/26 1127/69/26
f 1095/74/26 1096/47/26 1125/50/26 1126/70/26
f 1086/39/27 1120/75/27 1124/76/27 1085/18/27
f 1120/75/28 1119/77/28 1123/78/28 1124/76/28
f 1119/77/29 1118/79/29 1122/80/29 1123/78/29
f 1118/79/29 1117/46/29 1121/9/29 1122/80/29
f 1087/37/27 1116/81/27 1120/75/27 1086/39/27
f 1116/81/27 1115/82/27 1119/77/27 1120/75/27
f 1115/82/27 1114/83/27 1118/79/27 1119/77/27
f 1114/83/27 1113/44/27 1117/46/27 1118/79/27
f 1088/35/27 1112/84/27 1116/81/27 1087/37/27
f 1112/84/30 1111/85/30 1115/82/30 1116/81/30
f 1111/85/31 1110/86/31 1114/83/31 1115/82/31
f 1110/86/31 1109/42/31 1113/44/31 1114/83/31
f 1075/34/32 1104/87/32 1112/84/32 1088/35/32
f 1104/87/33 1103/88/33 1111/85/33 1112/84/33
f 1103/88/34 1102/89/34 1110/86/34 1111/85/34
f 1102/89/35 1101/8/35 1109/42/35 1110/86/35
f 1149/90/36 1192/91/36 1093/92/36 1069/93/36
f 1192/91/37 1196/94/37 1094/95/37 1093/92/37
f 1196/94/38 1200/96/38 1095/97/38 1094/95/38
f 1200/96/38 1204/13/38 1096/16/38 1095/97/38
f 1085/18/39 1124/76/39 1108/98/39 1073/19/39
f 1124/76/40 1123/78/40 1107/99/40 1108/98/40
f 1123/78/41 1122/80/41 1106/100/41 1107/99/41
f 1122/80/41 1121/9/41 1105/12/41 1106/100/41
f 1141/101/42 1208/102/42 1104/87/42 1075/34/42
f 1208/102/43 1212/103/43 1103/88/43 1104/87/43
f 1212/103/44 1216/104/44 1102/89/44 1103/88/44
f 1216/104/45 1220/5/45 1101/8/45 1102/89/45
f 1077/58/46 1140/57/46 1100/105/46 1071/106/46
f 1140/57/47 1139/60/47 1099/107/47 1100/105/47
f 1139/60/48 1138/62/48 1098/108/48 1099/107/48
f 1138/62/48 1137/1/48 1097/4/48 1098/108/48
f 1098/108/49 1097/4/49 1217/109/49 1213/110/49
f 1213/110/50 1217/109/50 1218/111/50 1214/112/50
f 1214/112/51 1218/111/51 1219/113/51 1215/114/51
f 1215/114/52 1219/113/52 1220/5/52 1216/104/52
f 1099/107/49 1098/108/49 1213/110/49 1209/115/49
f 1209/115/50 1213/110/50 1214/112/50 1210/116/50
f 1210/116/51 1214/112/51 1215/114/51 1211/117/51
f 1211/117/52 1215/114/52 1216/104/52 1212/103/52
f 1100/105/53 1099/107/53 1209/115/53 1205/118/53
f 1205/118/54 1209/115/54 1210/116/54 1206/119/54
f 1206/119/51 1210/116/51 1211/117/51 1207/120/51
f 1207/120/55 1211/117/55 1212/103/55 1208/102/55
f 1071/106/56 1100/105/56 1205/118/56 1144/121/56
f 1144/121/51 1205/118/51 1206/119/51 1143/122/51
f 1143/122/51 1206/119/51 1207/120/51 1142/123/51
f 1142/123/51 1207/120/51 1208/102/51 1141/101/51
f 1106/100/57 1105/12/57 1201/124/57 1197/125/57
f 1197/125/58 1201/124/58 1202/126/58 1198/127/58
f 1198/127/59 1202/126/59 1203/128/59 1199/129/59
f 1199/129/60 1203/128/60 1204/13/60 1200/96/60
f 1107/99/57 1106/100/57 1197/125/57 1193/130/57
f 1193/130/58 1197/125/58 1198/127/58 1194/131/58
f 1194/131/59 1198/127/59 1199/129/59 1195/132/59
f 1195/132/60 1199/129/60 1200/96/60 1196/94/60
f 1108/98/61 1107/99/61 1193/130/61 1189/133/61
f 1189/133/62 1193/130/62 1194/131/62 1190/134/62
f 1190/134/59 1194/131/59 1195/132/59 1191/135/59
f 1191/135/63 1195/132/63 1196/94/63 1192/91/63
f 1073/19/64 1108/98/64 1189/133/64 1152/136/64
f 1152/136/59 1189/133/59 1190/134/59 1151/137/59
f 1151/137/59 1190/134/59 1191/135/59 1150/138/59
f 1150/138/59 1191/135/59 1192/91/59 1149/90/59
f 1079/139/5 1184/140/5 1188/141/5 1080/142/5
f 1184/140/5 1183/143/5 1187/144/5 1188/141/5
f 1183/143/5 1182/145/5 1186/146/5 1187/144/5
f 1182/145/5 1181/40/5 1185/17/5 1186/146/5
f 1078/147/5 1180/148/5 1184/140/5 1079/139/5
f 1180/148/5 1179/149/5 1183/143/5 1184/140/5
f 1179/149/5 1178/150/5 1182/145/5 1183/143/5
f 1178/150/5 1177/38/5 1181/40/5 1182/145/5
f 1077/151/5 1176/152/5 1180/148/5 1078/147/5
f 1176/152/5 1175/153/5 1179/149/5 1180/148/5
f 1175/153/5 1174/154/5 1178/150/5 1179/149/5
f 1174/154/5 1173/36/5 1177/38/5 1178/150/5
f 1071/155/5 1144/156/5 1176/152/5 1077/151/5
f 1144/156/5 1143/157/5 1175/153/5 1176/152/5
f 1143/157/5 1142/158/5 1174/154/5 1175/153/5
f 1142/158/5 1141/33/5 1173/36/5 1174/154/5
f 1091/45/65 1168/159/65 1172/160/65 1092/10/65
f 1168/159/66 1167/161/66 1171/162/66 1172/160/66
f 1167/161/67 1166/163/67 1170/164/67 1171/162/67
f 1166/163/68 1165/32/68 1169/21/68 1170/164/68
f 1090/43/69 1164/165/69 1168/159/69 1091/45/69
f 1164/165/70 1163/166/70 1167/161/70 1168/159/70
f 1163/166/71 1162/167/71 1166/163/71 1167/161/71
f 1162/167/72 1161/30/72 1165/32/72 1166/163/72
f 1089/41/73 1160/168/73 1164/165/73 1090/43/73
f 1160/168/74 1159/169/74 1163/166/74 1164/165/74
f 1159/169/75 1158/170/75 1162/167/75 1163/166/75
f 1158/170/76 1157/28/76 1161/30/76 1162/167/76
f 1076/7/77 1148/171/77 1160/168/77 1089/41/77
f 1148/171/78 1147/172/78 1159/169/78 1160/168/78
f 1147/172/79 1146/173/79 1158/170/79 1159/169/79
f 1146/173/80 1145/25/80 1157/28/80 1158/170/80
f 1092/10/81 1172/160/81 1153/174/81 1074/11/81
f 1172/160/82 1171/162/82 1154/175/82 1153/174/82
f 1171/162/83 1170/164/83 1155/176/83 1154/175/83
f 1170/164/84 1169/21/84 1156/24/84 1155/176/84
f 1080/142/5 1188/141/5 1149/177/5 1069/178/5
f 1188/141/5 1187/144/5 1150/179/5 1149/177/5
f 1187/144/5 1186/146/5 1151/180/5 1150/179/5
f 1186/146/5 1185/17/5 1152/20/5 1151/180/5
f 1105/12/85 1074/11/85 1153/181/85 1201/124/85
f 1201/124/86 1153/181/86 1154/182/86 1202/126/86
f 1202/126/87 1154/182/87 1155/183/87 1203/128/87
f 1203/128/88 1155/183/88 1156/14/88 1204/13/88
f 1097/4/89 1072/3/89 1145/184/89 1217/109/89
f 1217/109/90 1145/184/90 1146/185/90 1218/111/90
f 1218/111/98 1146/185/98 1147/186/98 1219/113/98
f 1219/113/92 1147/186/92 1148/6/92 1220/5/92
f 1289/1/1 1236/2/1 1224/3/1 1249/4/1
f 1372/5/2 1300/6/2 1228/7/2 1253/8/2
f 1273/9/3 1244/10/3 1226/11/3 1257/12/3
f 1356/13/4 1308/14/4 1222/15/4 1248/16/4
f 1337/17/5 1237/18/5 1225/19/5 1304/20/5
f 1321/21/6 1233/22/6 1222/23/6 1308/24/6
f 1297/25/7 1224/26/7 1236/27/7 1309/28/7
f 1309/28/8 1236/27/8 1235/29/8 1313/30/8
f 1313/30/9 1235/29/9 1234/31/9 1317/32/9
f 1317/32/10 1234/31/10 1233/22/10 1321/21/10
f 1293/33/5 1227/34/5 1240/35/5 1325/36/5
f 1325/36/5 1240/35/5 1239/37/5 1329/38/5
f 1329/38/5 1239/37/5 1238/39/5 1333/40/5
f 1333/40/5 1238/39/5 1237/18/5 1337/17/5
f 1253/8/11 1228/7/11 1241/41/11 1261/42/11
f 1261/42/12 1241/41/12 1242/43/12 1265/44/12
f 1265/44/13 1242/43/13 1243/45/13 1269/46/13
f 1269/46/14 1243/45/14 1244/10/14 1273/9/14
f 1248/47/15 1222/48/15 1233/49/15 1277/50/15
f 1277/50/16 1233/49/16 1234/51/16 1281/52/16
f 1281/52/17 1234/51/17 1235/53/17 1285/54/17
f 1285/54/18 1235/53/18 1236/2/18 1289/1/18
f 1230/55/19 1288/56/19 1292/57/19 1229/58/19
f 1288/56/20 1287/59/20 1291/60/20 1292/57/20
f 1287/59/21 1286/61/21 1290/62/21 1291/60/21
f 1286/61/21 1285/54/21 1289/1/21 1290/62/21
f 1231/63/19 1284/64/19 1288/56/19 1230/55/19
f 1284/64/19 1283/65/19 1287/59/19 1288/56/19
f 1283/65/19 1282/66/19 1286/61/19 1287/59/19
f 1282/66/19 1281/52/19 1285/54/19 1286/61/19
f 1232/67/19 1280/68/19 1284/64/19 1231/63/19
f 1280/68/22 1279/69/22 1283/65/22 1284/64/22
f 1279/69/23 1278/70/23 1282/66/23 1283/65/23
f 1278/70/99 1277/50/99 1281/52/99 1282/66/99
f 1221/71/24 1245/72/24 1280/68/24 1232/67/24
f 1245/72/25 1246/73/25 1279/69/25 1280/68/25
f 1246/73/26 1247/74/26 1278/70/26 1279/69/26
f 1247/74/26 1248/47/26 1277/50/26 1278/70/26
f 1238/39/27 1272/75/27 1276/76/27 1237/18/27
f 1272/75/28 1271/77/28 1275/78/28 1276/76/28
f 1271/77/29 1270/79/29 1274/80/29 1275/78/29
f 1270/79/29 1269/46/29 1273/9/29 1274/80/29
f 1239/37/27 1268/81/27 1272/75/27 1238/39/27
f 1268/81/27 1267/82/27 1271/77/27 1272/75/27
f 1267/82/27 1266/83/27 1270/79/27 1271/77/27
f 1266/83/27 1265/44/27 1269/46/27 1270/79/27
f 1240/35/27 1264/84/27 1268/81/27 1239/37/27
f 1264/84/30 1263/85/30 1267/82/30 1268/81/30
f 1263/85/31 1262/86/31 1266/83/31 1267/82/31
f 1262/86/31 1261/42/31 1265/44/31 1266/83/31
f 1227/34/32 1256/87/32 1264/84/32 1240/35/32
f 1256/87/33 1255/88/33 1263/85/33 1264/84/33
f 1255/88/34 1254/89/34 1262/86/34 1263/85/34
f 1254/89/35 1253/8/35 1261/42/35 1262/86/35
f 1301/90/36 1344/91/36 1245/92/36 1221/93/36
f 1344/91/37 1348/94/37 1246/95/37 1245/92/37
f 1348/94/38 1352/96/38 1247/97/38 1246/95/38
f 1352/96/38 1356/13/38 1248/16/38 1247/97/38
f 1237/18/39 1276/76/39 1260/98/39 1225/19/39
f 1276/76/94 1275/78/94 1259/99/94 1260/98/94
f 1275/78/41 1274/80/41 1258/100/41 1259/99/41
f 1274/80/41 1273/9/41 1257/12/41 1258/100/41
f 1293/101/42 1360/102/42 1256/87/42 1227/34/42
f 1360/102/43 1364/103/43 1255/88/43 1256/87/43
f 1364/103/44 1368/104/44 1254/89/44 1255/88/44
f 1368/104/45 1372/5/45 1253/8/45 1254/89/45
f 1229/58/46 1292/57/46 1252/105/46 1223/106/46
f 1292/57/47 1291/60/47 1251/107/47 1252/105/47
f 1291/60/48 1290/62/48 1250/108/48 1251/107/48
f 1290/62/48 1289/1/48 1249/4/48 1250/108/48
f 1250/108/49 1249/4/49 1369/109/49 1365/110/49
f 1365/110/50 1369/109/50 1370/111/50 1366/112/50
f 1366/112/51 1370/111/51 1371/113/51 1367/114/51
f 1367/114/52 1371/113/52 1372/5/52 1368/104/52
f 1251/107/49 1250/108/49 1365/110/49 1361/115/49
f 1361/115/50 1365/110/50 1366/112/50 1362/116/50
f 1362/116/51 1366/112/51 1367/114/51 1363/117/51
f 1363/117/52 1367/114/52 1368/104/52 1364/103/52
f 1252/105/53 1251/107/53 1361/115/53 1357/118/53
f 1357/118/54 1361/115/54 1362/116/54 1358/119/54
f 1358/119/51 1362/116/51 1363/117/51 1359/120/51
f 1359/120/55 1363/117/55 1364/103/55 1360/102/55
f 1223/106/56 1252/105/56 1357/118/56 1296/121/56
f 1296/121/51 1357/118/51 1358/119/51 1295/122/51
f 1295/122/51 1358/119/51 1359/120/51 1294/123/51
f 1294/123/51 1359/120/51 1360/102/51 1293/101/51
f 1258/100/57 1257/12/57 1353/124/57 1349/125/57
f 1349/125/58 1353/124/58 1354/126/58 1350/127/58
f 1350/127/59 1354/126/59 1355/128/59 1351/129/59
f 1351/129/60 1355/128/60 1356/13/60 1352/96/60
f 1259/99/57 1258/100/57 1349/125/57 1345/130/57
f 1345/130/58 1349/125/58 1350/127/58 1346/131/58
f 1346/131/59 1350/127/59 1351/129/59 1347/132/59
f 1347/132/60 1351/129/60 1352/96/60 1348/94/60
f 1260/98/61 1259/99/61 1345/130/61 1341/133/61
f 1341/133/62 1345/130/62 1346/131/62 1342/134/62
f 1342/134/59 1346/131/59 1347/132/59 1343/135/59
f 1343/135/63 1347/132/63 1348/94/63 1344/91/63
f 1225/19/64 1260/98/64 1341/133/64 1304/136/64
f 1304/136/59 1341/133/59 1342/134/59 1303/137/59
f 1303/137/59 1342/134/59 1343/135/59 1302/138/59
f 1302/138/59 1343/135/59 1344/91/59 1301/90/59
f 1231/139/5 1336/140/5 1340/141/5 1232/142/5
f 1336/140/5 1335/143/5 1339/144/5 1340/141/5
f 1335/143/5 1334/145/5 1338/146/5 1339/144/5
f 1334/145/5 1333/40/5 1337/17/5 1338/146/5
f 1230/147/5 1332/148/5 1336/140/5 1231/139/5
f 1332/148/5 1331/149/5 1335/143/5 1336/140/5
f 1331/149/5 1330/150/5 1334/145/5 1335/143/5
f 1330/150/5 1329/38/5 1333/40/5 1334/145/5
f 1229/151/5 1328/152/5 1332/148/5 1230/147/5
f 1328/152/5 1327/153/5 1331/149/5 1332/148/5
f 1327/153/5 1326/154/5 1330/150/5 1331/149/5
f 1326/154/5 1325/36/5 1329/38/5 1330/150/5
f 1223/155/5 1296/156/5 1328/152/5 1229/151/5
f 1296/156/5 1295/157/5 1327/153/5 1328/152/5
f 1295/157/5 1294/158/5 1326/154/5 1327/153/5
f 1294/158/5 1293/33/5 1325/36/5 1326/154/5
f 1243/45/65 1320/159/65 1324/160/65 1244/10/65
f 1320/159/66 1319/161/66 1323/162/66 1324/160/66
f 1319/161/67 1318/163/67 1322/164/67 1323/162/67
f 1318/163/68 1317/32/68 1321/21/68 1322/164/68
f 1242/43/69 1316/165/69 1320/159/69 1243/45/69
f 1316/165/70 1315/166/70 1319/161/70 1320/159/70
f 1315/166/71 1314/167/71 1318/163/71 1319/161/71
f 1314/167/72 1313/30/72 1317/32/72 1318/163/72
f 1241/41/73 1312/168/73 1316/165/73 1242/43/73
f 1312/168/74 1311/169/74 1315/166/74 1316/165/74
f 1311/169/75 1310/170/75 1314/167/75 1315/166/75
f 1310/170/76 1309/28/76 1313/30/76 1314/167/76
f 1228/7/77 1300/171/77 1312/168/77 1241/41/77
f 1300/171/78 1299/172/78 1311/169/78 1312/168/78
f 1299/172/79 1298/173/79 1310/170/79 1311/169/79
f 1298/173/80 1297/25/80 1309/28/80 1310/170/80
f 1244/10/81 1324/160/81 1305/174/81 1226/11/81
f 1324/160/82 1323/162/82 1306/175/82 1305/174/82
f 1323/162/83 1322/164/83 1307/176/83 1306/175/83
f 1322/164/84 1321/21/84 1308/24/84 1307/176/84
f 1232/142/5 1340/141/5 1301/177/5 1221/178/5
f 1340/141/5 1339/144/5 1302/179/5 1301/177/5
f 1339/144/5 1338/146/5 1303/180/5 1302/179/5
f 1338/146/5 1337/17/5 1304/20/5 1303/180/5
f 1257/12/85 1226/11/85 1305/181/85 1353/124/85
f 1353/124/86 1305/181/86 1306/182/86 1354/126/86
f 1354/126/87 1306/182/87 1307/183/87 1355/128/87
f 1355/128/88 1307/183/88 1308/14/88 1356/13/88
f 1249/4/89 1224/3/89 1297/184/89 1369/109/89
f 1369/109/90 1297/184/90 1298/185/90 1370/111/90
f 1370/111/91 1298/185/91 1299/186/91 1371/113/91
f 1371/113/92 1299/186/92 1300/6/92 1372/5/92
f 1441/1/1 1388/2/1 1376/3/1 1401/4/1
f 1524/5/2 1452/6/2 1380/7/2 1405/8/2
f 1425/9/3 1396/10/3 1378/11/3 1409/12/3
f 1508/13/4 1460/14/4 1374/15/4 1400/16/4
f 1489/17/5 1389/18/5 1377/19/5 1456/20/5
f 1473/21/6 1385/22/6 1374/23/6 1460/24/6
f 1449/25/7 1376/26/7 1388/27/7 1461/28/7
f 1461/28/8 1388/27/8 1387/29/8 1465/30/8
f 1465/30/9 1387/29/9 1386/31/9 1469/32/9
f 1469/32/10 1386/31/10 1385/22/10 1473/21/10
f 1445/33/5 1379/34/5 1392/35/5 1477/36/5
f 1477/36/5 1392/35/5 1391/37/5 1481/38/5
f 1481/38/5 1391/37/5 1390/39/5 1485/40/5
f 1485/40/5 1390/39/5 1389/18/5 1489/17/5
f 1405/8/11 1380/7/11 1393/41/11 1413/42/11
f 1413/42/12 1393/41/12 1394/43/12 1417/44/12
f 1417/44/13 1394/43/13 1395/45/13 1421/46/13
f 1421/46/14 1395/45/14 1396/10/14 1425/9/14
f 1400/47/15 1374/48/15 1385/49/15 1429/50/15
f 1429/50/16 1385/49/16 1386/51/16 1433/52/16
f 1433/52/17 1386/51/17 1387/53/17 1437/54/17
f 1437/54/18 1387/53/18 1388/2/18 1441/1/18
f 1382/55/19 1440/56/19 1444/57/19 1381/58/19
f 1440/56/20 1439/59/20 1443/60/20 1444/57/20
f 1439/59/21 1438/61/21 1442/62/21 1443/60/21
f 1438/61/21 1437/54/21 1441/1/21 1442/62/21
f 1383/63/19 1436/64/19 1440/56/19 1382/55/19
f 1436/64/19 1435/65/19 1439/59/19 1440/56/19
f 1435/65/19 1434/66/19 1438/61/19 1439/59/19
f 1434/66/19 1433/52/19 1437/54/19 1438/61/19
f 1384/67/19 1432/68/19 1436/64/19 1383/63/19
f 1432/68/22 1431/69/22 1435/65/22 1436/64/22
f 1431/69/99 1430/70/99 1434/66/99 1435/65/99
f 1430/70/23 1429/50/23 1433/52/23 1434/66/23
f 1373/71/24 1397/72/24 1432/68/24 1384/67/24
f 1397/72/25 1398/73/25 1431/69/25 1432/68/25
f 1398/73/26 1399/74/26 1430/70/26 1431/69/26
f 1399/74/26 1400/47/26 1429/50/26 1430/70/26
f 1390/39/27 1424/75/27 1428/76/27 1389/18/27
f 1424/75/28 1423/77/28 1427/78/28 1428/76/28
f 1423/77/29 1422/79/29 1426/80/29 1427/78/29
f 1422/79/29 1421/46/29 1425/9/29 1426/80/29
f 1391/37/27 1420/81/27 1424/75/27 1390/39/27
f 1420/81/27 1419/82/27 1423/77/27 1424/75/27
f 1419/82/27 1418/83/27 1422/79/27 1423/77/27
f 1418/83/27 1417/44/27 1421/46/27 1422/79/27
f 1392/35/27 1416/84/27 1420/81/27 1391/37/27
f 1416/84/30 1415/85/30 1419/82/30 1420/81/30
f 1415/85/31 1414/86/31 1418/83/31 1419/82/31
f 1414/86/31 1413/42/31 1417/44/31 1418/83/31
f 1379/34/32 1408/87/32 1416/84/32 1392/35/32
f 1408/87/33 1407/88/33 1415/85/33 1416/84/33
f 1407/88/34 1406/89/34 1414/86/34 1415/85/34
f 1406/89/35 1405/8/35 1413/42/35 1414/86/35
f 1453/90/36 1496/91/36 1397/92/36 1373/93/36
f 1496/91/37 1500/94/37 1398/95/37 1397/92/37
f 1500/94/38 1504/96/38 1399/97/38 1398/95/38
f 1504/96/38 1508/13/38 1400/16/38 1399/97/38
f 1389/18/39 1428/76/39 1412/98/39 1377/19/39
f 1428/76/94 1427/78/94 1411/99/94 1412/98/94
f 1427/78/41 1426/80/41 1410/100/41 1411/99/41
f 1426/80/41 1425/9/41 1409/12/41 1410/100/41
f 1445/101/42 1512/102/42 1408/87/42 1379/34/42
f 1512/102/43 1516/103/43 1407/88/43 1408/87/43
f 1516/103/44 1520/104/44 1406/89/44 1407/88/44
f 1520/104/45 1524/5/45 1405/8/45 1406/89/45
f 1381/58/46 1444/57/46 1404/105/46 1375/106/46
f 1444/57/47 1443/60/47 1403/107/47 1404/105/47
f 1443/60/48 1442/62/48 1402/108/48 1403/107/48
f 1442/62/48 1441/1/48 1401/4/48 1402/108/48
f 1402/108/49 1401/4/49 1521/109/49 1517/110/49
f 1517/110/50 1521/109/50 1522/111/50 1518/112/50
f 1518/112/51 1522/111/51 1523/113/51 1519/114/51
f 1519/114/52 1523/113/52 1524/5/52 1520/104/52
f 1403/107/49 1402/108/49 1517/110/49 1513/115/49
f 1513/115/50 1517/110/50 1518/112/50 1514/116/50
f 1514/116/51 1518/112/51 1519/114/51 1515/117/51
f 1515/117/52 1519/114/52 1520/104/52 1516/103/52
f 1404/105/53 1403/107/53 1513/115/53 1509/118/53
f 1509/118/54 1513/115/54 1514/116/54 1510/119/54
f 1510/119/51 1514/116/51 1515/117/51 1511/120/51
f 1511/120/55 1515/117/55 1516/103/55 1512/102/55
f 1375/106/56 1404/105/56 1509/118/56 1448/121/56
f 1448/121/51 1509/118/51 1510/119/51 1447/122/51
f 1447/122/51 1510/119/51 1511/120/51 1446/123/51
f 1446/123/51 1511/120/51 1512/102/51 1445/101/51
f 1410/100/57 1409/12/57 1505/124/57 1501/125/57
f 1501/125/58 1505/124/58 1506/126/58 1502/127/58
f 1502/127/59 1506/126/59 1507/128/59 1503/129/59
f 1503/129/60 1507/128/60 1508/13/60 1504/96/60
f 1411/99/57 1410/100/57 1501/125/57 1497/130/57
f 1497/130/58 1501/125/58 1502/127/58 1498/131/58
f 1498/131/59 1502/127/59 1503/129/59 1499/132/59
f 1499/132/60 1503/129/60 1504/96/60 1500/94/60
f 1412/98/61 1411/99/61 1497/130/61 1493/133/61
f 1493/133/62 1497/130/62 1498/131/62 1494/134/62
f 1494/134/59 1498/131/59 1499/132/59 1495/135/59
f 1495/135/63 1499/132/63 1500/94/63 1496/91/63
f 1377/19/64 1412/98/64 1493/133/64 1456/136/64
f 1456/136/59 1493/133/59 1494/134/59 1455/137/59
f 1455/137/59 1494/134/59 1495/135/59 1454/138/59
f 1454/138/59 1495/135/59 1496/91/59 1453/90/59
f 1383/139/5 1488/140/5 1492/141/5 1384/142/5
f 1488/140/5 1487/143/5 1491/144/5 1492/141/5
f 1487/143/5 1486/145/5 1490/146/5 1491/144/5
f 1486/145/5 1485/40/5 1489/17/5 1490/146/5
f 1382/147/5 1484/148/5 1488/140/5 1383/139/5
f 1484/148/5 1483/149/5 1487/143/5 1488/140/5
f 1483/149/5 1482/150/5 1486/145/5 1487/143/5
f 1482/150/5 1481/38/5 1485/40/5 1486/145/5
f 1381/151/5 1480/152/5 1484/148/5 1382/147/5
f 1480/152/5 1479/153/5 1483/149/5 1484/148/5
f 1479/153/5 1478/154/5 1482/150/5 1483/149/5
f 1478/154/5 1477/36/5 1481/38/5 1482/150/5
f 1375/155/5 1448/156/5 1480/152/5 1381/151/5
f 1448/156/5 1447/157/5 1479/153/5 1480/152/5
f 1447/157/5 1446/158/5 1478/154/5 1479/153/5
f 1446/158/5 1445/33/5 1477/36/5 1478/154/5
f 1395/45/65 1472/159/65 1476/160/65 1396/10/65
f 1472/159/66 1471/161/66 1475/162/66 1476/160/66
f 1471/161/67 1470/163/67 1474/164/67 1475/162/67
f 1470/163/68 1469/32/68 1473/21/68 1474/164/68
f 1394/43/69 1468/165/69 1472/159/69 1395/45/69
f 1468/165/70 1467/166/70 1471/161/70 1472/159/70
f 1467/166/71 1466/167/71 1470/163/71 1471/161/71
f 1466/167/72 1465/30/72 1469/32/72 1470/163/72
f 1393/41/73 1464/168/73 1468/165/73 1394/43/73
f 1464/168/74 1463/169/74 1467/166/74 1468/165/74
f 1463/169/75 1462/170/75 1466/167/75 1467/166/75
f 1462/170/76 1461/28/76 1465/30/76 1466/167/76
f 1380/7/77 1452/171/77 1464/168/77 1393/41/77
f 1452/171/78 1451/172/78 1463/169/78 1464/168/78
f 1451/172/79 1450/173/79 1462/170/79 1463/169/79
f 1450/173/80 1449/25/80 1461/28/80 1462/170/80
f 1396/10/81 1476/160/81 1457/174/81 1378/11/81
f 1476/160/82 1475/162/82 1458/175/82 1457/174/82
f 1475/162/83 1474/164/83 1459/176/83 1458/175/83
f 1474/164/84 1473/21/84 1460/24/84 1459/176/84
f 1384/142/5 1492/141/5 1453/177/5 1373/178/5
f 1492/141/5 1491/144/5 1454/179/5 1453/177/5
f 1491/144/5 1490/146/5 1455/180/5 1454/179/5
f 1490/146/5 1489/17/5 1456/20/5 1455/180/5
f 1409/12/85 1378/11/85 1457/181/85 1505/124/85
f 1505/124/86 1457/181/86 1458/182/86 1506/126/86
f 1506/126/87 1458/182/87 1459/183/87 1507/128/87
f 1507/128/88 1459/183/88 1460/14/88 1508/13/88
f 1401/4/89 1376/3/89 1449/184/89 1521/109/89
f 1521/109/90 1449/184/90 1450/185/90 1522/111/90
f 1522/111/91 1450/185/91 1451/186/91 1523/113/91
f 1523/113/92 1451/186/92 1452/6/92 1524/5/92
f 1593/1/1 1540/2/1 1528/3/1 1553/4/1
f 1676/5/2 1604/6/2 1532/7/2 1557/8/2
f 1577/9/3 1548/10/3 1530/11/3 1561/12/3
f 1660/13/4 1612/14/4 1526/15/4 1552/16/4
f 1641/17/5 1541/18/5 1529/19/5 1608/20/5
f 1625/21/6 1537/22/6 1526/23/6 1612/24/6
f 1601/25/7 1528/26/7 1540/27/7 1613/28/7
f 1613/28/8 1540/27/8 1539/29/8 1617/30/8
f 1617/30/9 1539/29/9 1538/31/9 1621/32/9
f 1621/32/10 1538/31/10 1537/22/10 1625/21/10
f 1597/33/5 1531/34/5 1544/35/5 1629/36/5
f 1629/36/5 1544/35/5 1543/37/5 1633/38/5
f 1633/38/5 1543/37/5 1542/39/5 1637/40/5
f 1637/40/5 1542/39/5 1541/18/5 1641/17/5
f 1557/8/11 1532/7/11 1545/41/11 1565/42/11
f 1565/42/12 1545/41/12 1546/43/12 1569/44/12
f 1569/44/13 1546/43/13 1547/45/13 1573/46/13
f 1573/46/14 1547/45/14 1548/10/14 1577/9/14
f 1552/47/15 1526/48/15 1537/49/15 1581/50/15
f 1581/50/16 1537/49/16 1538/51/16 1585/52/16
f 1585/52/17 1538/51/17 1539/53/17 1589/54/17
f 1589/54/18 1539/53/18 1540/2/18 1593/1/18
f 1534/55/19 1592/56/19 1596/57/19 1533/58/19
f 1592/56/20 1591/59/20 1595/60/20 1596/57/20
f 1591/59/21 1590/61/21 1594/62/21 1595/60/21
f 1590/61/21 1589/54/21 1593/1/21 1594/62/21
f 1535/63/19 1588/64/19 1592/56/19 1534/55/19
f 1588/64/19 1587/65/19 1591/59/19 1592/56/19
f 1587/65/19 1586/66/19 1590/61/19 1591/59/19
f 1586/66/19 1585/52/19 1589/54/19 1590/61/19
f 1536/67/19 1584/68/19 1588/64/19 1535/63/19
f 1584/68/22 1583/69/22 1587/65/22 1588/64/22
f 1583/69/23 1582/70/23 1586/66/23 1587/65/23
f 1582/70/23 1581/50/23 1585/52/23 1586/66/23
f 1525/71/24 1549/72/24 1584/68/24 1536/67/24
f 1549/72/25 1550/73/25 1583/69/25 1584/68/25
f 1550/73/26 1551/74/26 1582/70/26 1583/69/26
f 1551/74/26 1552/47/26 1581/50/26 1582/70/26
f 1542/39/27 1576/75/27 1580/76/27 1541/18/27
f 1576/75/28 1575/77/28 1579/78/28 1580/76/28
f 1575/77/29 1574/79/29 1578/80/29 1579/78/29
f 1574/79/29 1573/46/29 1577/9/29 1578/80/29
f 1543/37/27 1572/81/27 1576/75/27 1542/39/27
f 1572/81/27 1571/82/27 1575/77/27 1576/75/27
f 1571/82/27 1570/83/27 1574/79/27 1575/77/27
f 1570/83/27 1569/44/27 1573/46/27 1574/79/27
f 1544/35/27 1568/84/27 1572/81/27 1543/37/27
f 1568/84/30 1567/85/30 1571/82/30 1572/81/30
f 1567/85/31 1566/86/31 1570/83/31 1571/82/31
f 1566/86/31 1565/42/31 1569/44/31 1570/83/31
f 1531/34/32 1560/87/32 1568/84/32 1544/35/32
f 1560/87/33 1559/88/33 1567/85/33 1568/84/33
f 1559/88/34 1558/89/34 1566/86/34 1567/85/34
f 1558/89/35 1557/8/35 1565/42/35 1566/86/35
f 1605/90/36 1648/91/36 1549/92/36 1525/93/36
f 1648/91/37 1652/94/37 1550/95/37 1549/92/37
f 1652/94/38 1656/96/38 1551/97/38 1550/95/38
f 1656/96/38 1660/13/38 1552/16/38 1551/97/38
f 1541/18/39 1580/76/39 1564/98/39 1529/19/39
f 1580/76/40 1579/78/40 1563/99/40 1564/98/40
f 1579/78/41 1578/80/41 1562/100/41 1563/99/41
f 1578/80/41 1577/9/41 1561/12/41 1562/100/41
f 1597/101/42 1664/102/42 1560/87/42 1531/34/42
f 1664/102/43 1668/103/43 1559/88/43 1560/87/43
f 1668/103/44 1672/104/44 1558/89/44 1559/88/44
f 1672/104/45 1676/5/45 1557/8/45 1558/89/45
f 1533/58/46 1596/57/46 1556/105/46 1527/106/46
f 1596/57/47 1595/60/47 1555/107/47 1556/105/47
f 1595/60/48 1594/62/48 1554/108/48 1555/107/48
f 1594/62/48 1593/1/48 1553/4/48 1554/108/48
f 1554/108/49 1553/4/49 1673/109/49 1669/110/49
f 1669/110/50 1673/109/50 1674/111/50 1670/112/50
f 1670/112/51 1674/111/51 1675/113/51 1671/114/51
f 1671/114/52 1675/113/52 1676/5/52 1672/104/52
f 1555/107/49 1554/108/49 1669/110/49 1665/115/49
f 1665/115/50 1669/110/50 1670/112/50 1666/116/50
f 1666/116/51 1670/112/51 1671/114/51 1667/117/51
f 1667/117/52 1671/114/52 1672/104/52 1668/103/52
f 1556/105/53 1555/107/53 1665/115/53 1661/118/53
f 1661/118/54 1665/115/54 1666/116/54 1662/119/54
f 1662/119/51 1666/116/51 1667/117/51 1663/120/51
f 1663/120/55 1667/117/55 1668/103/55 1664/102/55
f 1527/106/56 1556/105/56 1661/118/56 1600/121/56
f 1600/121/51 1661/118/51 1662/119/51 1599/122/51
f 1599/122/51 1662/119/51 1663/120/51 1598/123/51
f 1598/123/51 1663/120/51 1664/102/51 1597/101/51
f 1562/100/57 1561/12/57 1657/124/57 1653/125/57
f 1653/125/58 1657/124/58 1658/126/58 1654/127/58
f 1654/127/59 1658/126/59 1659/128/59 1655/129/59
f 1655/129/60 1659/128/60 1660/13/60 1656/96/60
f 1563/99/57 1562/100/57 1653/125/57 1649/130/57
f 1649/130/58 1653/125/58 1654/127/58 1650/131/58
f 1650/131/59 1654/127/59 1655/129/59 1651/132/59
f 1651/132/60 1655/129/60 1656/96/60 1652/94/60
f 1564/98/61 1563/99/61 1649/130/61 1645/133/61
f 1645/133/62 1649/130/62 1650/131/62 1646/134/62
f 1646/134/59 1650/131/59 1651/132/59 1647/135/59
f 1647/135/63 1651/132/63 1652/94/63 1648/91/63
f 1529/19/64 1564/98/64 1645/133/64 1608/136/64
f 1608/136/59 1645/133/59 1646/134/59 1607/137/59
f 1607/137/59 1646/134/59 1647/135/59 1606/138/59
f 1606/138/59 1647/135/59 1648/91/59 1605/90/59
f 1535/139/5 1640/140/5 1644/141/5 1536/142/5
f 1640/140/5 1639/143/5 1643/144/5 1644/141/5
f 1639/143/5 1638/145/5 1642/146/5 1643/144/5
f 1638/145/5 1637/40/5 1641/17/5 1642/146/5
f 1534/147/5 1636/148/5 1640/140/5 1535/139/5
f 1636/148/5 1635/149/5 1639/143/5 1640/140/5
f 1635/149/5 1634/150/5 1638/145/5 1639/143/5
f 1634/150/5 1633/38/5 1637/40/5 1638/145/5
f 1533/151/5 1632/152/5 1636/148/5 1534/147/5
f 1632/152/5 1631/153/5 1635/149/5 1636/148/5
f 1631/153/5 1630/154/5 1634/150/5 1635/149/5
f 1630/154/5 1629/36/5 1633/38/5 1634/150/5
f 1527/155/5 1600/156/5 1632/152/5 1533/151/5
f 1600/156/5 1599/157/5 1631/153/5 1632/152/5
f 1599/157/5 1598/158/5 1630/154/5 1631/153/5
f 1598/158/5 1597/33/5 1629/36/5 1630/154/5
f 1547/45/65 1624/159/65 1628/160/65 1548/10/65
f 1624/159/66 1623/161/66 1627/162/66 1628/160/66
f 1623/161/67 1622/163/67 1626/164/67 1627/162/67
f 1622/163/68 1621/32/68 1625/21/68 1626/164/68
f 1546/43/69 1620/165/69 1624/159/69 1547/45/69
f 1620/165/70 1619/166/70 1623/161/70 1624/159/70
f 1619/166/71 1618/167/71 1622/163/71 1623/161/71
f 1618/167/72 1617/30/72 1621/32/72 1622/163/72
f 1545/41/73 1616/168/73 1620/165/73 1546/43/73
f 1616/168/74 1615/169/74 1619/166/74 1620/165/74
f 1615/169/75 1614/170/75 1618/167/75 1619/166/75
f 1614/170/76 1613/28/76 1617/30/76 1618/167/76
f 1532/7/77 1604/171/77 1616/168/77 1545/41/77
f 1604/171/78 1603/172/78 1615/169/78 1616/168/78
f 1603/172/79 1602/173/79 1614/170/79 1615/169/79
f 1602/173/80 1601/25/80 1613/28/80 1614/170/80
f 1548/10/81 1628/160/81 1609/174/81 1530/11/81
f 1628/160/82 1627/162/82 1610/175/82 1609/174/82
f 1627/162/83 1626/164/83 1611/176/83 1610/175/83
f 1626/164/84 1625/21/84 1612/24/84 1611/176/84
f 1536/142/5 1644/141/5 1605/177/5 1525/178/5
f 1644/141/5 1643/144/5 1606/179/5 1605/177/5
f 1643/144/5 1642/146/5 1607/180/5 1606/179/5
f 1642/146/5 1641/17/5 1608/20/5 1607/180/5
f 1561/12/85 1530/11/85 1609/181/85 1657/124/85
f 1657/124/95 1609/181/95 1610/182/95 1658/126/95
f 1658/126/87 1610/182/87 1611/183/87 1659/128/87
f 1659/128/88 1611/183/88 1612/14/88 1660/13/88
f 1553/4/89 1528/3/89 1601/184/89 1673/109/89
f 1673/109/90 1601/184/90 1602/185/90 1674/111/90
f 1674/111/91 1602/185/91 1603/186/91 1675/113/91
f 1675/113/92 1603/186/92 1604/6/92 1676/5/92
f 1745/1/1 1692/2/1 1680/3/1 1705/4/1
f 1828/5/2 1756/6/2 1684/7/2 1709/8/2
f 1729/9/3 1700/10/3 1682/11/3 1713/12/3
f 1812/13/4 1764/14/4 1678/15/4 1704/16/4
f 1793/17/5 1693/18/5 1681/19/5 1760/20/5
f 1777/21/6 1689/22/6 1678/23/6 1764/24/6
f 1753/25/7 1680/26/7 1692/27/7 1765/28/7
f 1765/28/8 1692/27/8 1691/29/8 1769/30/8
f 1769/30/9 1691/29/9 1690/31/9 1773/32/9
f 1773/32/10 1690/31/10 1689/22/10 1777/21/10
f 1749/33/5 1683/34/5 1696/35/5 1781/36/5
f 1781/36/5 1696/35/5 1695/37/5 1785/38/5
f 1785/38/5 1695/37/5 1694/39/5 1789/40/5
f 1789/40/5 1694/39/5 1693/18/5 1793/17/5
f 1709/8/11 1684/7/11 1697/41/11 1717/42/11
f 1717/42/12 1697/41/12 1698/43/12 1721/44/12
f 1721/44/13 1698/43/13 1699/45/13 1725/46/13
f 1725/46/14 1699/45/14 1700/10/14 1729/9/14
f 1704/47/15 1678/48/15 1689/49/15 1733/50/15
f 1733/50/16 1689/49/16 1690/51/16 1737/52/16
f 1737/52/17 1690/51/17 1691/53/17 1741/54/17
f 1741/54/18 1691/53/18 1692/2/18 1745/1/18
f 1686/55/19 1744/56/19 1748/57/19 1685/58/19
f 1744/56/20 1743/59/20 1747/60/20 1748/57/20
f 1743/59/21 1742/61/21 1746/62/21 1747/60/21
f 1742/61/21 1741/54/21 1745/1/21 1746/62/21
f 1687/63/19 1740/64/19 1744/56/19 1686/55/19
f 1740/64/19 1739/65/19 1743/59/19 1744/56/19
f 1739/65/19 1738/66/19 1742/61/19 1743/59/19
f 1738/66/19 1737/52/19 1741/54/19 1742/61/19
f 1688/67/19 1736/68/19 1740/64/19 1687/63/19
f 1736/68/22 1735/69/22 1739/65/22 1740/64/22
f 1735/69/23 1734/70/23 1738/66/23 1739/65/23
f 1734/70/99 1733/50/99 1737/52/99 1738/66/99
f 1677/71/24 1701/72/24 1736/68/24 1688/67/24
f 1701/72/25 1702/73/25 1735/69/25 1736/68/25
f 1702/73/26 1703/74/26 1734/70/26 1735/69/26
f 1703/74/26 1704/47/26 1733/50/26 1734/70/26
f 1694/39/27 1728/75/27 1732/76/27 1693/18/27
f 1728/75/28 1727/77/28 1731/78/28 1732/76/28
f 1727/77/29 1726/79/29 1730/80/29 1731/78/29
f 1726/79/29 1725/46/29 1729/9/29 1730/80/29
f 1695/37/27 1724/81/27 1728/75/27 1694/39/27
f 1724/81/27 1723/82/27 1727/77/27 1728/75/27
f 1723/82/27 1722/83/27 1726/79/27 1727/77/27
f 1722/83/27 1721/44/27 1725/46/27 1726/79/27
f 1696/35/27 1720/84/27 1724/81/27 1695/37/27
f 1720/84/30 1719/85/30 1723/82/30 1724/81/30
f 1719/85/31 1718/86/31 1722/83/31 1723/82/31
f 1718/86/31 1717/42/31 1721/44/31 1722/83/31
f 1683/34/32 1712/87/32 1720/84/32 1696/35/32
f 1712/87/33 1711/88/33 1719/85/33 1720/84/33
f 1711/88/34 1710/89/34 1718/86/34 1719/85/34
f 1710/89/35 1709/8/35 1717/42/35 1718/86/35
f 1757/90/36 1800/91/36 1701/92/36 1677/93/36
f 1800/91/37 1804/94/37 1702/95/37 1701/92/37
f 1804/94/38 1808/96/38 1703/97/38 1702/95/38
f 1808/96/38 1812/13/38 1704/16/38 1703/97/38
f 1693/18/39 1732/76/39 1716/98/39 1681/19/39
f 1732/76/94 1731/78/94 1715/99/94 1716/98/94
f 1731/78/41 1730/80/41 1714/100/41 1715/99/41
f 1730/80/41 1729/9/41 1713/12/41 1714/100/41
f 1749/101/42 1816/102/42 1712/87/42 1683/34/42
f 1816/102/43 1820/103/43 1711/88/43 1712/87/43
f 1820/103/44 1824/104/44 1710/89/44 1711/88/44
f 1824/104/45 1828/5/45 1709/8/45 1710/89/45
f 1685/58/46 1748/57/46 1708/105/46 1679/106/46
f 1748/57/47 1747/60/47 1707/107/47 1708/105/47
f 1747/60/48 1746/62/48 1706/108/48 1707/107/48
f 1746/62/48 1745/1/48 1705/4/48 1706/108/48
f 1706/108/49 1705/4/49 1825/109/49 1821/110/49
f 1821/110/50 1825/109/50 1826/111/50 1822/112/50
f 1822/112/51 1826/111/51 1827/113/51 1823/114/51
f 1823/114/52 1827/113/52 1828/5/52 1824/104/52
f 1707/107/49 1706/108/49 1821/110/49 1817/115/49
f 1817/115/50 1821/110/50 1822/112/50 1818/116/50
f 1818/116/51 1822/112/51 1823/114/51 1819/117/51
f 1819/117/52 1823/114/52 1824/104/52 1820/103/52
f 1708/105/53 1707/107/53 1817/115/53 1813/118/53
f 1813/118/54 1817/115/54 1818/116/54 1814/119/54
f 1814/119/51 1818/116/51 1819/117/51 1815/120/51
f 1815/120/55 1819/117/55 1820/103/55 1816/102/55
f 1679/106/56 1708/105/56 1813/118/56 1752/121/56
f 1752/121/51 1813/118/51 1814/119/51 1751/122/51
f 1751/122/51 1814/119/51 1815/120/51 1750/123/51
f 1750/123/51 1815/120/51 1816/102/51 1749/101/51
f 1714/100/57 1713/12/57 1809/124/57 1805/125/57
f 1805/125/58 1809/124/58 1810/126/58 1806/127/58
f 1806/127/59 1810/126/59 1811/128/59 1807/129/59
f 1807/129/60 1811/128/60 1812/13/60 1808/96/60
f 1715/99/57 1714/100/57 1805/125/57 1801/130/57
f 1801/130/58 1805/125/58 1806/127/58 1802/131/58
f 1802/131/59 1806/127/59 1807/129/59 1803/132/59
f 1803/132/60 1807/129/60 1808/96/60 1804/94/60
f 1716/98/61 1715/99/61 1801/130/61 1797/133/61
f 1797/133/62 1801/130/62 1802/131/62 1798/134/62
f 1798/134/59 1802/131/59 1803/132/59 1799/135/59
f 1799/135/63 1803/132/63 1804/94/63 1800/91/63
f 1681/19/64 1716/98/64 1797/133/64 1760/136/64
f 1760/136/59 1797/133/59 1798/134/59 1759/137/59
f 1759/137/59 1798/134/59 1799/135/59 1758/138/59
f 1758/138/59 1799/135/59 1800/91/59 1757/90/59
f 1687/139/5 1792/140/5 1796/141/5 1688/142/5
f 1792/140/5 1791/143/5 1795/144/5 1796/141/5
f 1791/143/5 1790/145/5 1794/146/5 1795/144/5
f 1790/145/5 1789/40/5 1793/17/5 1794/146/5
f 1686/147/5 1788/148/5 1792/140/5 1687/139/5
f 1788/148/5 1787/149/5 1791/143/5 1792/140/5
f 1787/149/5 1786/150/5 1790/145/5 1791/143/5
f 1786/150/5 1785/38/5 1789/40/5 1790/145/5
f 1685/151/5 1784/152/5 1788/148/5 1686/147/5
f 1784/152/5 1783/153/5 1787/149/5 1788/148/5
f 1783/153/5 1782/154/5 1786/150/5 1787/149/5
f 1782/154/5 1781/36/5 1785/38/5 1786/150/5
f 1679/155/5 1752/156/5 1784/152/5 1685/151/5
f 1752/156/5 1751/157/5 1783/153/5 1784/152/5
f 1751/157/5 1750/158/5 1782/154/5 1783/153/5
f 1750/158/5 1749/33/5 1781/36/5 1782/154/5
f 1699/45/65 1776/159/65 1780/160/65 1700/10/65
f 1776/159/66 1775/161/66 1779/162/66 1780/160/66
f 1775/161/67 1774/163/67 1778/164/67 1779/162/67
f 1774/163/68 1773/32/68 1777/21/68 1778/164/68
f 1698/43/69 1772/165/69 1776/159/69 1699/45/69
f 1772/165/70 1771/166/70 1775/161/70 1776/159/70
f 1771/166/71 1770/167/71 1774/163/71 1775/161/71
f 1770/167/72 1769/30/72 1773/32/72 1774/163/72
f 1697/41/73 1768/168/73 1772/165/73 1698/43/73
f 1768/168/74 1767/169/74 1771/166/74 1772/165/74
f 1767/169/75 1766/170/75 1770/167/75 1771/166/75
f 1766/170/76 1765/28/76 1769/30/76 1770/167/76
f 1684/7/77 1756/171/77 1768/168/77 1697/41/77
f 1756/171/78 1755/172/78 1767/169/78 1768/168/78
f 1755/172/79 1754/173/79 1766/170/79 1767/169/79
f 1754/173/80 1753/25/80 1765/28/80 1766/170/80
f 1700/10/81 1780/160/81 1761/174/81 1682/11/81
f 1780/160/82 1779/162/82 1762/175/82 1761/174/82
f 1779/162/83 1778/164/83 1763/176/83 1762/175/83
f 1778/164/84 1777/21/84 1764/24/84 1763/176/84
f 1688/142/5 1796/141/5 1757/177/5 1677/178/5
f 1796/141/5 1795/144/5 1758/179/5 1757/177/5
f 1795/144/5 1794/146/5 1759/180/5 1758/179/5
f 1794/146/5 1793/17/5 1760/20/5 1759/180/5
f 1713/12/85 1682/11/85 1761/181/85 1809/124/85
f 1809/124/86 1761/181/86 1762/182/86 1810/126/86
f 1810/126/87 1762/182/87 1763/183/87 1811/128/87
f 1811/128/88 1763/183/88 1764/14/88 1812/13/88
f 1705/4/89 1680/3/89 1753/184/89 1825/109/89
f 1825/109/90 1753/184/90 1754/185/90 1826/111/90
f 1826/111/91 1754/185/91 1755/186/91 1827/113/91
f 1827/113/92 1755/186/92 1756/6/92 1828/5/92
f 1897/1/1 1844/2/1 1832/3/1 1857/4/1
f 1980/5/2 1908/6/2 1836/7/2 1861/8/2
f 1881/9/3 1852/10/3 1834/11/3 1865/12/3
f 1964/13/4 1916/14/4 1830/15/4 1856/16/4
f 1945/17/5 1845/18/5 1833/19/5 1912/20/5
f 1929/21/6 1841/22/6 1830/23/6 1916/24/6
f 1905/25/7 1832/26/7 1844/27/7 1917/28/7
f 1917/28/8 1844/27/8 1843/29/8 1921/30/8
f 1921/30/9 1843/29/9 1842/31/9 1925/32/9
f 1925/32/10 1842/31/10 1841/22/10 1929/21/10
f 1901/33/5 1835/34/5 1848/35/5 1933/36/5
f 1933/36/5 1848/35/5 1847/37/5 1937/38/5
f 1937/38/5 1847/37/5 1846/39/5 1941/40/5
f 1941/40/5 1846/39/5 1845/18/5 1945/17/5
f 1861/8/11 1836/7/11 1849/41/11 1869/42/11
f 1869/42/12 1849/41/12 1850/43/12 1873/44/12
f 1873/44/13 1850/43/13 1851/45/13 1877/46/13
f 1877/46/14 1851/45/14 1852/10/14 1881/9/14
f 1856/47/15 1830/48/15 1841/49/15 1885/50/15
f 1885/50/16 1841/49/16 1842/51/16 1889/52/16
f 1889/52/17 1842/51/17 1843/53/17 1893/54/17
f 1893/54/18 1843/53/18 1844/2/18 1897/1/18
f 1838/55/19 1896/56/19 1900/57/19 1837/58/19
f 1896/56/20 1895/59/20 1899/60/20 1900/57/20
f 1895/59/21 1894/61/21 1898/62/21 1899/60/21
f 1894/61/21 1893/54/21 1897/1/21 1898/62/21
f 1839/63/19 1892/64/19 1896/56/19 1838/55/19
f 1892/64/19 1891/65/19 1895/59/19 1896/56/19
f 1891/65/19 1890/66/19 1894/61/19 1895/59/19
f 1890/66/19 1889/52/19 1893/54/19 1894/61/19
f 1840/67/19 1888/68/19 1892/64/19 1839/63/19
f 1888/68/22 1887/69/22 1891/65/22 1892/64/22
f 1887/69/99 1886/70/99 1890/66/99 1891/65/99
f 1886/70/23 1885/50/23 1889/52/23 1890/66/23
f 1829/71/24 1853/72/24 1888/68/24 1840/67/24
f 1853/72/25 1854/73/25 1887/69/25 1888/68/25
f 1854/73/26 1855/74/26 1886/70/26 1887/69/26
f 1855/74/26 1856/47/26 1885/50/26 1886/70/26
f 1846/39/27 1880/75/27 1884/76/27 1845/18/27
f 1880/75/28 1879/77/28 1883/78/28 1884/76/28
f 1879/77/29 1878/79/29 1882/80/29 1883/78/29
f 1878/79/29 1877/46/29 1881/9/29 1882/80/29
f 1847/37/27 1876/81/27 1880/75/27 1846/39/27
f 1876/81/27 1875/82/27 1879/77/27 1880/75/27
f 1875/82/27 1874/83/27 1878/79/27 1879/77/27
f 1874/83/27 1873/44/27 1877/46/27 1878/79/27
f 1848/35/27 1872/84/27 1876/81/27 1847/37/27
f 1872/84/30 1871/85/30 1875/82/30 1876/81/30
f 1871/85/31 1870/86/31 1874/83/31 1875/82/31
f 1870/86/31 1869/42/31 1873/44/31 1874/83/31
f 1835/34/32 1864/87/32 1872/84/32 1848/35/32
f 1864/87/33 1863/88/33 1871/85/33 1872/84/33
f 1863/88/34 1862/89/34 1870/86/34 1871/85/34
f 1862/89/35 1861/8/35 1869/42/35 1870/86/35
f 1909/90/36 1952/91/36 1853/92/36 1829/93/36
f 1952/91/37 1956/94/37 1854/95/37 1853/92/37
f 1956/94/38 1960/96/38 1855/97/38 1854/95/38
f 1960/96/38 1964/13/38 1856/16/38 1855/97/38
f 1845/18/39 1884/76/39 1868/98/39 1833/19/39
f 1884/76/94 1883/78/94 1867/99/94 1868/98/94
f 1883/78/41 1882/80/41 1866/100/41 1867/99/41
f 1882/80/41 1881/9/41 1865/12/41 1866/100/41
f 1901/101/42 1968/102/42 1864/87/42 1835/34/42
f 1968/102/43 1972/103/43 1863/88/43 1864/87/43
f 1972/103/44 1976/104/44 1862/89/44 1863/88/44
f 1976/104/45 1980/5/45 1861/8/45 1862/89/45
f 1837/58/46 1900/57/46 1860/105/46 1831/106/46
f 1900/57/47 1899/60/47 1859/107/47 1860/105/47
f 1899/60/48 1898/62/48 1858/108/48 1859/107/48
f 1898/62/48 1897/1/48 1857/4/48 1858/108/48
f 1858/108/49 1857/4/49 1977/109/49 1973/110/49
f 1973/110/50 1977/109/50 1978/111/50 1974/112/50
f 1974/112/51 1978/111/51 1979/113/51 1975/114/51
f 1975/114/52 1979/113/52 1980/5/52 1976/104/52
f 1859/107/49 1858/108/49 1973/110/49 1969/115/49
f 1969/115/50 1973/110/50 1974/112/50 1970/116/50
f 1970/116/51 1974/112/51 1975/114/51 1971/117/51
f 1971/117/52 1975/114/52 1976/104/52 1972/103/52
f 1860/105/53 1859/107/53 1969/115/53 1965/118/53
f 1965/118/54 1969/115/54 1970/116/54 1966/119/54
f 1966/119/51 1970/116/51 1971/117/51 1967/120/51
f 1967/120/55 1971/117/55 1972/103/55 1968/102/55
f 1831/106/56 1860/105/56 1965/118/56 1904/121/56
f 1904/121/51 1965/118/51 1966/119/51 1903/122/51
f 1903/122/51 1966/119/51 1967/120/51 1902/123/51
f 1902/123/51 1967/120/51 1968/102/51 1901/101/51
f 1866/100/57 1865/12/57 1961/124/57 1957/125/57
f 1957/125/58 1961/124/58 1962/126/58 1958/127/58
f 1958/127/59 1962/126/59 1963/128/59 1959/129/59
f 1959/129/60 1963/128/60 1964/13/60 1960/96/60
f 1867/99/57 1866/100/57 1957/125/57 1953/130/57
f 1953/130/58 1957/125/58 1958/127/58 1954/131/58
f 1954/131/59 1958/127/59 1959/129/59 1955/132/59
f 1955/132/60 1959/129/60 1960/96/60 1956/94/60
f 1868/98/61 1867/99/61 1953/130/61 1949/133/61
f 1949/133/62 1953/130/62 1954/131/62 1950/134/62
f 1950/134/59 1954/131/59 1955/132/59 1951/135/59
f 1951/135/63 1955/132/63 1956/94/63 1952/91/63
f 1833/19/64 1868/98/64 1949/133/64 1912/136/64
f 1912/136/59 1949/133/59 1950/134/59 1911/137/59
f 1911/137/59 1950/134/59 1951/135/59 1910/138/59
f 1910/138/59 1951/135/59 1952/91/59 1909/90/59
f 1839/139/5 1944/140/5 1948/141/5 1840/142/5
f 1944/140/5 1943/143/5 1947/144/5 1948/141/5
f 1943/143/5 1942/145/5 1946/146/5 1947/144/5
f 1942/145/5 1941/40/5 1945/17/5 1946/146/5
f 1838/147/5 1940/148/5 1944/140/5 1839/139/5
f 1940/148/5 1939/149/5 1943/143/5 1944/140/5
f 1939/149/5 1938/150/5 1942/145/5 1943/143/5
f 1938/150/5 1937/38/5 1941/40/5 1942/145/5
f 1837/151/5 1936/152/5 1940/148/5 1838/147/5
f 1936/152/5 1935/153/5 1939/149/5 1940/148/5
f 1935/153/5 1934/154/5 1938/150/5 1939/149/5
f 1934/154/5 1933/36/5 1937/38/5 1938/150/5
f 1831/155/5 1904/156/5 1936/152/5 1837/151/5
f 1904/156/5 1903/157/5 1935/153/5 1936/152/5
f 1903/157/5 1902/158/5 1934/154/5 1935/153/5
f 1902/158/5 1901/33/5 1933/36/5 1934/154/5
f 1851/45/65 1928/159/65 1932/160/65 1852/10/65
f 1928/159/66 1927/161/66 1931/162/66 1932/160/66
f 1927/161/67 1926/163/67 1930/164/67 1931/162/67
f 1926/163/68 1925/32/68 1929/21/68 1930/164/68
f 1850/43/69 1924/165/69 1928/159/69 1851/45/69
f 1924/165/70 1923/166/70 1927/161/70 1928/159/70
f 1923/166/71 1922/167/71 1926/163/71 1927/161/71
f 1922/167/72 1921/30/72 1925/32/72 1926/163/72
f 1849/41/73 1920/168/73 1924/165/73 1850/43/73
f 1920/168/74 1919/169/74 1923/166/74 1924/165/74
f 1919/169/75 1918/170/75 1922/167/75 1923/166/75
f 1918/170/76 1917/28/76 1921/30/76 1922/167/76
f 1836/7/77 1908/171/77 1920/168/77 1849/41/77
f 1908/171/78 1907/172/78 1919/169/78 1920/168/78
f 1907/172/79 1906/173/79 1918/170/79 1919/169/79
f 1906/173/80 1905/25/80 1917/28/80 1918/170/80
f 1852/10/81 1932/160/81 1913/174/81 1834/11/81
f 1932/160/82 1931/162/82 1914/175/82 1913/174/82
f 1931/162/83 1930/164/83 1915/176/83 1914/175/83
f 1930/164/84 1929/21/84 1916/24/84 1915/176/84
f 1840/142/5 1948/141/5 1909/177/5 1829/178/5
f 1948/141/5 1947/144/5 1910/179/5 1909/177/5
f 1947/144/5 1946/146/5 1911/180/5 1910/179/5
f 1946/146/5 1945/17/5 1912/20/5 1911/180/5
f 1865/12/85 1834/11/85 1913/181/85 1961/124/85
f 1961/124/95 1913/181/95 1914/182/95 1962/126/95
f 1962/126/87 1914/182/87 1915/183/87 1963/128/87
f 1963/128/88 1915/183/88 1916/14/88 1964/13/88
f 1857/4/89 1832/3/89 1905/184/89 1977/109/89
f 1977/109/90 1905/184/90 1906/185/90 1978/111/90
f 1978/111/91 1906/185/91 1907/186/91 1979/113/91
f 1979/113/92 1907/186/92 1908/6/92 1980/5/92
f 2049/1/1 1996/2/1 1984/3/1 2009/4/1
f 2132/5/2 2060/6/2 1988/7/2 2013/8/2
f 2033/9/3 2004/10/3 1986/11/3 2017/12/3
f 2116/13/4 2068/14/4 1982/15/4 2008/16/4
f 2097/17/5 1997/18/5 1985/19/5 2064/20/5
f 2081/21/6 1993/22/6 1982/23/6 2068/24/6
f 2057/25/7 1984/26/7 1996/27/7 2069/28/7
f 2069/28/8 1996/27/8 1995/29/8 2073/30/8
f 2073/30/9 1995/29/9 1994/31/9 2077/32/9
f 2077/32/10 1994/31/10 1993/22/10 2081/21/10
f 2053/33/5 1987/34/5 2000/35/5 2085/36/5
f 2085/36/5 2000/35/5 1999/37/5 2089/38/5
f 2089/38/5 1999/37/5 1998/39/5 2093/40/5
f 2093/40/5 1998/39/5 1997/18/5 2097/17/5
f 2013/8/11 1988/7/11 2001/41/11 2021/42/11
f 2021/42/12 2001/41/12 2002/43/12 2025/44/12
f 2025/44/13 2002/43/13 2003/45/13 2029/46/13
f 2029/46/14 2003/45/14 2004/10/14 2033/9/14
f 2008/47/15 1982/48/15 1993/49/15 2037/50/15
f 2037/50/16 1993/49/16 1994/51/16 2041/52/16
f 2041/52/17 1994/51/17 1995/53/17 2045/54/17
f 2045/54/18 1995/53/18 1996/2/18 2049/1/18
f 1990/55/19 2048/56/19 2052/57/19 1989/58/19
f 2048/56/20 2047/59/20 2051/60/20 2052/57/20
f 2047/59/21 2046/61/21 2050/62/21 2051/60/21
f 2046/61/21 2045/54/21 2049/1/21 2050/62/21
f 1991/63/19 2044/64/19 2048/56/19 1990/55/19
f 2044/64/19 2043/65/19 2047/59/19 2048/56/19
f 2043/65/19 2042/66/19 2046/61/19 2047/59/19
f 2042/66/19 2041/52/19 2045/54/19 2046/61/19
f 1992/67/19 2040/68/19 2044/64/19 1991/63/19
f 2040/68/22 2039/69/22 2043/65/22 2044/64/22
f 2039/69/23 2038/70/23 2042/66/23 2043/65/23
f 2038/70/23 2037/50/23 2041/52/23 2042/66/23
f 1981/71/24 2005/72/24 2040/68/24 1992/67/24
f 2005/72/25 2006/73/25 2039/69/25 2040/68/25
f 2006/73/26 2007/74/26 2038/70/26 2039/69/26
f 2007/74/26 2008/47/26 2037/50/26 2038/70/26
f 1998/39/27 2032/75/27 2036/76/27 1997/18/27
f 2032/75/28 2031/77/28 2035/78/28 2036/76/28
f 2031/77/29 2030/79/29 2034/80/29 2035/78/29
f 2030/79/29 2029/46/29 2033/9/29 2034/80/29
f 1999/37/27 2028/81/27 2032/75/27 1998/39/27
f 2028/81/27 2027/82/27 2031/77/27 2032/75/27
f 2027/82/27 2026/83/27 2030/79/27 2031/77/27
f 2026/83/27 2025/44/27 2029/46/27 2030/79/27
f 2000/35/27 2024/84/27 2028/81/27 1999/37/27
f 2024/84/30 2023/85/30 2027/82/30 2028/81/30
f 2023/85/31 2022/86/31 2026/83/31 2027/82/31
f 2022/86/31 2021/42/31 2025/44/31 2026/83/31
f 1987/34/32 2016/87/32 2024/84/32 2000/35/32
f 2016/87/33 2015/88/33 2023/85/33 2024/84/33
f 2015/88/34 2014/89/34 2022/86/34 2023/85/34
f 2014/89/35 2013/8/35 2021/42/35 2022/86/35
f 2061/90/36 2104/91/36 2005/92/36 1981/93/36
f 2104/91/37 2108/94/37 2006/95/37 2005/92/37
f 2108/94/38 2112/96/38 2007/97/38 2006/95/38
f 2112/96/38 2116/13/38 2008/16/38 2007/97/38
f 1997/18/39 2036/76/39 2020/98/39 1985/19/39
f 2036/76/94 2035/78/94 2019/99/94 2020/98/94
f 2035/78/41 2034/80/41 2018/100/41 2019/99/41
f 2034/80/41 2033/9/41 2017/12/41 2018/100/41
f 2053/101/42 2120/102/42 2016/87/42 1987/34/42
f 2120/102/43 2124/103/43 2015/88/43 2016/87/43
f 2124/103/44 2128/104/44 2014/89/44 2015/88/44
f 2128/104/45 2132/5/45 2013/8/45 2014/89/45
f 1989/58/46 2052/57/46 2012/105/46 1983/106/46
f 2052/57/47 2051/60/47 2011/107/47 2012/105/47
f 2051/60/48 2050/62/48 2010/108/48 2011/107/48
f 2050/62/48 2049/1/48 2009/4/48 2010/108/48
f 2010/108/49 2009/4/49 2129/109/49 2125/110/49
f 2125/110/50 2129/109/50 2130/111/50 2126/112/50
f 2126/112/51 2130/111/51 2131/113/51 2127/114/51
f 2127/114/52 2131/113/52 2132/5/52 2128/104/52
f 2011/107/49 2010/108/49 2125/110/49 2121/115/49
f 2121/115/50 2125/110/50 2126/112/50 2122/116/50
f 2122/116/51 2126/112/51 2127/114/51 2123/117/51
f 2123/117/52 2127/114/52 2128/104/52 2124/103/52
f 2012/105/53 2011/107/53 2121/115/53 2117/118/53
f 2117/118/54 2121/115/54 2122/116/54 2118/119/54
f 2118/119/51 2122/116/51 2123/117/51 2119/120/51
f 2119/120/55 2123/117/55 2124/103/55 2120/102/55
f 1983/106/56 2012/105/56 2117/118/56 2056/121/56
f 2056/121/51 2117/118/51 2118/119/51 2055/122/51
f 2055/122/51 2118/119/51 2119/120/51 2054/123/51
f 2054/123/51 2119/120/51 2120/102/51 2053/101/51
f 2018/100/57 2017/12/57 2113/124/57 2109/125/57
f 2109/125/58 2113/124/58 2114/126/58 2110/127/58
f 2110/127/59 2114/126/59 2115/128/59 2111/129/59
f 2111/129/60 2115/128/60 2116/13/60 2112/96/60
f 2019/99/57 2018/100/57 2109/125/57 2105/130/57
f 2105/130/58 2109/125/58 2110/127/58 2106/131/58
f 2106/131/59 2110/127/59 2111/129/59 2107/132/59
f 2107/132/60 2111/129/60 2112/96/60 2108/94/60
f 2020/98/61 2019/99/61 2105/130/61 2101/133/61
f 2101/133/62 2105/130/62 2106/131/62 2102/134/62
f 2102/134/59 2106/131/59 2107/132/59 2103/135/59
f 2103/135/63 2107/132/63 2108/94/63 2104/91/63
f 1985/19/64 2020/98/64 2101/133/64 2064/136/64
f 2064/136/59 2101/133/59 2102/134/59 2063/137/59
f 2063/137/59 2102/134/59 2103/135/59 2062/138/59
f 2062/138/59 2103/135/59 2104/91/59 2061/90/59
f 1991/139/5 2096/140/5 2100/141/5 1992/142/5
f 2096/140/5 2095/143/5 2099/144/5 2100/141/5
f 2095/143/5 2094/145/5 2098/146/5 2099/144/5
f 2094/145/5 2093/40/5 2097/17/5 2098/146/5
f 1990/147/5 2092/148/5 2096/140/5 1991/139/5
f 2092/148/5 2091/149/5 2095/143/5 2096/140/5
f 2091/149/5 2090/150/5 2094/145/5 2095/143/5
f 2090/150/5 2089/38/5 2093/40/5 2094/145/5
f 1989/151/5 2088/152/5 2092/148/5 1990/147/5
f 2088/152/5 2087/153/5 2091/149/5 2092/148/5
f 2087/153/5 2086/154/5 2090/150/5 2091/149/5
f 2086/154/5 2085/36/5 2089/38/5 2090/150/5
f 1983/155/5 2056/156/5 2088/152/5 1989/151/5
f 2056/156/5 2055/157/5 2087/153/5 2088/152/5
f 2055/157/5 2054/158/5 2086/154/5 2087/153/5
f 2054/158/5 2053/33/5 2085/36/5 2086/154/5
f 2003/45/65 2080/159/65 2084/160/65 2004/10/65
f 2080/159/66 2079/161/66 2083/162/66 2084/160/66
f 2079/161/67 2078/163/67 2082/164/67 2083/162/67
f 2078/163/68 2077/32/68 2081/21/68 2082/164/68
f 2002/43/69 2076/165/69 2080/159/69 2003/45/69
f 2076/165/70 2075/166/70 2079/161/70 2080/159/70
f 2075/166/71 2074/167/71 2078/163/71 2079/161/71
f 2074/167/72 2073/30/72 2077/32/72 2078/163/72
f 2001/41/73 2072/168/73 2076/165/73 2002/43/73
f 2072/168/74 2071/169/74 2075/166/74 2076/165/74
f 2071/169/75 2070/170/75 2074/167/75 2075/166/75
f 2070/170/76 2069/28/76 2073/30/76 2074/167/76
f 1988/7/77 2060/171/77 2072/168/77 2001/41/77
f 2060/171/78 2059/172/78 2071/169/78 2072/168/78
f 2059/172/79 2058/173/79 2070/170/79 2071/169/79
f 2058/173/80 2057/25/80 2069/28/80 2070/170/80
f 2004/10/81 2084/160/81 2065/174/81 1986/11/81
f 2084/160/82 2083/162/82 2066/175/82 2065/174/82
f 2083/162/83 2082/164/83 2067/176/83 2066/175/83
f 2082/164/84 2081/21/84 2068/24/84 2067/176/84
f 1992/142/5 2100/141/5 2061/177/5 1981/178/5
f 2100/141/5 2099/144/5 2062/179/5 2061/177/5
f 2099/144/5 2098/146/5 2063/180/5 2062/179/5
f 2098/146/5 2097/17/5 2064/20/5 2063/180/5
f 2017/12/85 1986/11/85 2065/181/85 2113/124/85
f 2113/124/86 2065/181/86 2066/182/86 2114/126/86
f 2114/126/87 2066/182/87 2067/183/87 2115/128/87
f 2115/128/88 2067/183/88 2068/14/88 2116/13/88
f 2009/4/89 1984/3/89 2057/184/89 2129/109/89
f 2129/109/90 2057/184/90 2058/185/90 2130/111/90
f 2130/111/91 2058/185/91 2059/186/91 2131/113/91
f 2131/113/92 2059/186/92 2060/6/92 2132/5/92
f 2201/1/1 2148/2/1 2136/3/1 2161/4/1
f 2284/5/2 2212/6/2 2140/7/2 2165/8/2
f 2185/9/3 2156/10/3 2138/11/3 2169/12/3
f 2268/13/4 2220/14/4 2134/15/4 2160/16/4
f 2249/17/5 2149/18/5 2137/19/5 2216/20/5
f 2233/21/6 2145/22/6 2134/23/6 2220/24/6
f 2209/25/7 2136/26/7 2148/27/7 2221/28/7
f 2221/28/8 2148/27/8 2147/29/8 2225/30/8
f 2225/30/9 2147/29/9 2146/31/9 2229/32/9
f 2229/32/10 2146/31/10 2145/22/10 2233/21/10
f 2205/33/5 2139/34/5 2152/35/5 2237/36/5
f 2237/36/5 2152/35/5 2151/37/5 2241/38/5
f 2241/38/5 2151/37/5 2150/39/5 2245/40/5
f 2245/40/5 2150/39/5 2149/18/5 2249/17/5
f 2165/8/11 2140/7/11 2153/41/11 2173/42/11
f 2173/42/12 2153/41/12 2154/43/12 2177/44/12
f 2177/44/13 2154/43/13 2155/45/13 2181/46/13
f 2181/46/96 2155/45/96 2156/10/96 2185/9/96
f 2160/47/15 2134/48/15 2145/49/15 2189/50/15
f 2189/50/100 2145/49/100 2146/51/100 2193/52/100
f 2193/52/17 2146/51/17 2147/53/17 2197/54/17
f 2197/54/18 2147/53/18 2148/2/18 2201/1/18
f 2142/55/19 2200/56/19 2204/57/19 2141/58/19
f 2200/56/20 2199/59/20 2203/60/20 2204/57/20
f 2199/59/21 2198/61/21 2202/62/21 2203/60/21
f 2198/61/21 2197/54/21 2201/1/21 2202/62/21
f 2143/63/19 2196/64/19 2200/56/19 2142/55/19
f 2196/64/19 2195/65/19 2199/59/19 2200/56/19
f 2195/65/19 2194/66/19 2198/61/19 2199/59/19
f 2194/66/19 2193/52/19 2197/54/19 2198/61/19
f 2144/67/19 2192/68/19 2196/64/19 2143/63/19
f 2192/68/22 2191/69/22 2195/65/22 2196/64/22
f 2191/69/23 2190/70/23 2194/66/23 2195/65/23
f 2190/70/23 2189/50/23 2193/52/23 2194/66/23
f 2133/71/24 2157/72/24 2192/68/24 2144/67/24
f 2157/72/25 2158/73/25 2191/69/25 2192/68/25
f 2158/73/26 2159/74/26 2190/70/26 2191/69/26
f 2159/74/26 2160/47/26 2189/50/26 2190/70/26
f 2150/39/27 2184/75/27 2188/76/27 2149/18/27
f 2184/75/28 2183/77/28 2187/78/28 2188/76/28
f 2183/77/29 2182/79/29 2186/80/29 2187/78/29
f 2182/79/29 2181/46/29 2185/9/29 2186/80/29
f 2151/37/27 2180/81/27 2184/75/27 2150/39/27
f 2180/81/27 2179/82/27 2183/77/27 2184/75/27
f 2179/82/27 2178/83/27 2182/79/27 2183/77/27
f 2178/83/27 2177/44/27 2181/46/27 2182/79/27
f 2152/35/27 2176/84/27 2180/81/27 2151/37/27
f 2176/84/30 2175/85/30 2179/82/30 2180/81/30
f 2175/85/31 2174/86/31 2178/83/31 2179/82/31
f 2174/86/31 2173/42/31 2177/44/31 2178/83/31
f 2139/34/32 2168/87/32 2176/84/32 2152/35/32
f 2168/87/33 2167/88/33 2175/85/33 2176/84/33
f 2167/88/34 2166/89/34 2174/86/34 2175/85/34
f 2166/89/35 2165/8/35 2173/42/35 2174/86/35
f 2213/90/36 2256/91/36 2157/92/36 2133/93/36
f 2256/91/101 2260/94/101 2158/95/101 2157/92/101
f 2260/94/38 2264/96/38 2159/97/38 2158/95/38
f 2264/96/38 2268/13/38 2160/16/38 2159/97/38
f 2149/18/39 2188/76/39 2172/98/39 2137/19/39
f 2188/76/40 2187/78/40 2171/99/40 2172/98/40
f 2187/78/41 2186/80/41 2170/100/41 2171/99/41
f 2186/80/41 2185/9/41 2169/12/41 2170/100/41
f 2205/101/42 2272/102/42 2168/87/42 2139/34/42
f 2272/102/43 2276/103/43 2167/88/43 2168/87/43
f 2276/103/44 2280/104/44 2166/89/44 2167/88/44
f 2280/104/45 2284/5/45 2165/8/45 2166/89/45
f 2141/58/46 2204/57/46 2164/105/46 2135/106/46
f 2204/57/47 2203/60/47 2163/107/47 2164/105/47
f 2203/60/48 2202/62/48 2162/108/48 2163/107/48
f 2202/62/48 2201/1/48 2161/4/48 2162/108/48
f 2162/108/49 2161/4/49 2281/109/49 2277/110/49
f 2277/110/50 2281/109/50 2282/111/50 2278/112/50
f 2278/112/51 2282/111/51 2283/113/51 2279/114/51
f 2279/114/52 2283/113/52 2284/5/52 2280/104/52
f 2163/107/49 2162/108/49 2277/110/49 2273/115/49
f 2273/115/50 2277/110/50 2278/112/50 2274/116/50
f 2274/116/51 2278/112/51 2279/114/51 2275/117/51
f 2275/117/52 2279/114/52 2280/104/52 2276/103/52
f 2164/105/53 2163/107/53 2273/115/53 2269/118/53
f 2269/118/54 2273/115/54 2274/116/54 2270/119/54
f 2270/119/51 2274/116/51 2275/117/51 2271/120/51
f 2271/120/55 2275/117/55 2276/103/55 2272/102/55
f 2135/106/56 2164/105/56 2269/118/56 2208/121/56
f 2208/121/51 2269/118/51 2270/119/51 2207/122/51
f 2207/122/51 2270/119/51 2271/120/51 2206/123/51
f 2206/123/51 2271/120/51 2272/102/51 2205/101/51
f 2170/100/57 2169/12/57 2265/124/57 2261/125/57
f 2261/125/58 2265/124/58 2266/126/58 2262/127/58
f 2262/127/59 2266/126/59 2267/128/59 2263/129/59
f 2263/129/60 2267/128/60 2268/13/60 2264/96/60
f 2171/99/57 2170/100/57 2261/125/57 2257/130/57
f 2257/130/58 2261/125/58 2262/127/58 2258/131/58
f 2258/131/59 2262/127/59 2263/129/59 2259/132/59
f 2259/132/60 2263/129/60 2264/96/60 2260/94/60
f 2172/98/61 2171/99/61 2257/130/61 2253/133/61
f 2253/133/62 2257/130/62 2258/131/62 2254/134/62
f 2254/134/59 2258/131/59 2259/132/59 2255/135/59
f 2255/135/63 2259/132/63 2260/94/63 2256/91/63
f 2137/19/64 2172/98/64 2253/133/64 2216/136/64
f 2216/136/59 2253/133/59 2254/134/59 2215/137/59
f 2215/137/59 2254/134/59 2255/135/59 2214/138/59
f 2214/138/59 2255/135/59 2256/91/59 2213/90/59
f 2143/139/5 2248/140/5 2252/141/5 2144/142/5
f 2248/140/5 2247/143/5 2251/144/5 2252/141/5
f 2247/143/5 2246/145/5 2250/146/5 2251/144/5
f 2246/145/5 2245/40/5 2249/17/5 2250/146/5
f 2142/147/5 2244/148/5 2248/140/5 2143/139/5
f 2244/148/5 2243/149/5 2247/143/5 2248/140/5
f 2243/149/5 2242/150/5 2246/145/5 2247/143/5
f 2242/150/5 2241/38/5 2245/40/5 2246/145/5
f 2141/151/5 2240/152/5 2244/148/5 2142/147/5
f 2240/152/5 2239/153/5 2243/149/5 2244/148/5
f 2239/153/5 2238/154/5 2242/150/5 2243/149/5
f 2238/154/5 2237/36/5 2241/38/5 2242/150/5
f 2135/155/5 2208/156/5 2240/152/5 2141/151/5
f 2208/156/5 2207/157/5 2239/153/5 2240/152/5
f 2207/157/5 2206/158/5 2238/154/5 2239/153/5
f 2206/158/5 2205/33/5 2237/36/5 2238/154/5
f 2155/45/65 2232/159/65 2236/160/65 2156/10/65
f 2232/159/66 2231/161/66 2235/162/66 2236/160/66
f 2231/161/67 2230/163/67 2234/164/67 2235/162/67
f 2230/163/68 2229/32/68 2233/21/68 2234/164/68
f 2154/43/69 2228/165/69 2232/159/69 2155/45/69
f 2228/165/70 2227/166/70 2231/161/70 2232/159/70
f 2227/166/71 2226/167/71 2230/163/71 2231/161/71
f 2226/167/72 2225/30/72 2229/32/72 2230/163/72
f 2153/41/73 2224/168/73 2228/165/73 2154/43/73
f 2224/168/74 2223/169/74 2227/166/74 2228/165/74
f 2223/169/75 2222/170/75 2226/167/75 2227/166/75
f 2222/170/76 2221/28/76 2225/30/76 2226/167/76
f 2140/7/77 2212/171/77 2224/168/77 2153/41/77
f 2212/171/78 2211/172/78 2223/169/78 2224/168/78
f 2211/172/79 2210/173/79 2222/170/79 2223/169/79
f 2210/173/80 2209/25/80 2221/28/80 2222/170/80
f 2156/10/81 2236/160/81 2217/174/81 2138/11/81
f 2236/160/82 2235/162/82 2218/175/82 2217/174/82
f 2235/162/83 2234/164/83 2219/176/83 2218/175/83
f 2234/164/84 2233/21/84 2220/24/84 2219/176/84
f 2144/142/5 2252/141/5 2213/177/5 2133/178/5
f 2252/141/5 2251/144/5 2214/179/5 2213/177/5
f 2251/144/5 2250/146/5 2215/180/5 2214/179/5
f 2250/146/5 2249/17/5 2216/20/5 2215/180/5
f 2169/12/85 2138/11/85 2217/181/85 2265/124/85
f 2265/124/86 2217/181/86 2218/182/86 2266/126/86
f 2266/126/87 2218/182/87 2219/183/87 2267/128/87
f 2267/128/88 2219/183/88 2220/14/88 2268/13/88
f 2161/4/89 2136/3/89 2209/184/89 2281/109/89
f 2281/109/90 2209/184/90 2210/185/90 2282/111/90
f 2282/111/91 2210/185/91 2211/186/91 2283/113/91
f 2283/113/92 2211/186/92 2212/6/92 2284/5/92
f 2353/1/1 2300/2/1 2288/3/1 2313/4/1
f 2436/5/2 2364/6/2 2292/7/2 2317/8/2
f 2337/9/3 2308/10/3 2290/11/3 2321/12/3
f 2420/13/4 2372/14/4 2286/15/4 2312/16/4
f 2401/17/5 2301/18/5 2289/19/5 2368/20/5
f 2385/21/6 2297/22/6 2286/23/6 2372/24/6
f 2361/25/7 2288/26/7 2300/27/7 2373/28/7
f 2373/28/8 2300/27/8 2299/29/8 2377/30/8
f 2377/30/9 2299/29/9 2298/31/9 2381/32/9
f 2381/32/10 2298/31/10 2297/22/10 2385/21/10
f 2357/33/5 2291/34/5 2304/35/5 2389/36/5
f 2389/36/5 2304/35/5 2303/37/5 2393/38/5
f 2393/38/5 2303/37/5 2302/39/5 2397/40/5
f 2397/40/5 2302/39/5 2301/18/5 2401/17/5
f 2317/8/11 2292/7/11 2305/41/11 2325/42/11
f 2325/42/12 2305/41/12 2306/43/12 2329/44/12
f 2329/44/13 2306/43/13 2307/45/13 2333/46/13
f 2333/46/14 2307/45/14 2308/10/14 2337/9/14
f 2312/47/15 2286/48/15 2297/49/15 2341/50/15
f 2341/50/16 2297/49/16 2298/51/16 2345/52/16
f 2345/52/17 2298/51/17 2299/53/17 2349/54/17
f 2349/54/18 2299/53/18 2300/2/18 2353/1/18
f 2294/55/19 2352/56/19 2356/57/19 2293/58/19
f 2352/56/20 2351/59/20 2355/60/20 2356/57/20
f 2351/59/21 2350/61/21 2354/62/21 2355/60/21
f 2350/61/21 2349/54/21 2353/1/21 2354/62/21
f 2295/63/19 2348/64/19 2352/56/19 2294/55/19
f 2348/64/19 2347/65/19 2351/59/19 2352/56/19
f 2347/65/19 2346/66/19 2350/61/19 2351/59/19
f 2346/66/19 2345/52/19 2349/54/19 2350/61/19
f 2296/67/19 2344/68/19 2348/64/19 2295/63/19
f 2344/68/22 2343/69/22 2347/65/22 2348/64/22
f 2343/69/23 2342/70/23 2346/66/23 2347/65/23
f 2342/70/23 2341/50/23 2345/52/23 2346/66/23
f 2285/71/24 2309/72/24 2344/68/24 2296/67/24
f 2309/72/25 2310/73/25 2343/69/25 2344/68/25
f 2310/73/26 2311/74/26 2342/70/26 2343/69/26
f 2311/74/26 2312/47/26 2341/50/26 2342/70/26
f 2302/39/27 2336/75/27 2340/76/27 2301/18/27
f 2336/75/28 2335/77/28 2339/78/28 2340/76/28
f 2335/77/29 2334/79/29 2338/80/29 2339/78/29
f 2334/79/29 2333/46/29 2337/9/29 2338/80/29
f 2303/37/27 2332/81/27 2336/75/27 2302/39/27
f 2332/81/27 2331/82/27 2335/77/27 2336/75/27
f 2331/82/27 2330/83/27 2334/79/27 2335/77/27
f 2330/83/27 2329/44/27 2333/46/27 2334/79/27
f 2304/35/27 2328/84/27 2332/81/27 2303/37/27
f 2328/84/30 2327/85/30 2331/82/30 2332/81/30
f 2327/85/31 2326/86/31 2330/83/31 2331/82/31
f 2326/86/31 2325/42/31 2329/44/31 2330/83/31
f 2291/34/32 2320/87/32 2328/84/32 2304/35/32
f 2320/87/33 2319/88/33 2327/85/33 2328/84/33
f 2319/88/34 2318/89/34 2326/86/34 2327/85/34
f 2318/89/35 2317/8/35 2325/42/35 2326/86/35
f 2365/90/36 2408/91/36 2309/92/36 2285/93/36
f 2408/91/37 2412/94/37 2310/95/37 2309/92/37
f 2412/94/38 2416/96/38 2311/97/38 2310/95/38
f 2416/96/38 2420/13/38 2312/16/38 2311/97/38
f 2301/18/39 2340/76/39 2324/98/39 2289/19/39
f 2340/76/40 2339/78/40 2323/99/40 2324/98/40
f 2339/78/41 2338/80/41 2322/100/41 2323/99/41
f 2338/80/41 2337/9/41 2321/12/41 2322/100/41
f 2357/101/42 2424/102/42 2320/87/42 2291/34/42
f 2424/102/43 2428/103/43 2319/88/43 2320/87/43
f 2428/103/44 2432/104/44 2318/89/44 2319/88/44
f 2432/104/45 2436/5/45 2317/8/45 2318/89/45
f 2293/58/46 2356/57/46 2316/105/46 2287/106/46
f 2356/57/47 2355/60/47 2315/107/47 2316/105/47
f 2355/60/48 2354/62/48 2314/108/48 2315/107/48
f 2354/62/48 2353/1/48 2313/4/48 2314/108/48
f 2314/108/49 2313/4/49 2433/109/49 2429/110/49
f 2429/110/50 2433/109/50 2434/111/50 2430/112/50
f 2430/112/51 2434/111/51 2435/113/51 2431/114/51
f 2431/114/52 2435/113/52 2436/5/52 2432/104/52
f 2315/107/49 2314/108/49 2429/110/49 2425/115/49
f 2425/115/50 2429/110/50 2430/112/50 2426/116/50
f 2426/116/51 2430/112/51 2431/114/51 2427/117/51
f 2427/117/52 2431/114/52 2432/104/52 2428/103/52
f 2316/105/53 2315/107/53 2425/115/53 2421/118/53
f 2421/118/54 2425/115/54 2426/116/54 2422/119/54
f 2422/119/51 2426/116/51 2427/117/51 2423/120/51
f 2423/120/55 2427/117/55 2428/103/55 2424/102/55
f 2287/106/56 2316/105/56 2421/118/56 2360/121/56
f 2360/121/51 2421/118/51 2422/119/51 2359/122/51
f 2359/122/51 2422/119/51 2423/120/51 2358/123/51
f 2358/123/51 2423/120/51 2424/102/51 2357/101/51
f 2322/100/57 2321/12/57 2417/124/57 2413/125/57
f 2413/125/58 2417/124/58 2418/126/58 2414/127/58
f 2414/127/59 2418/126/59 2419/128/59 2415/129/59
f 2415/129/60 2419/128/60 2420/13/60 2416/96/60
f 2323/99/57 2322/100/57 2413/125/57 2409/130/57
f 2409/130/58 2413/125/58 2414/127/58 2410/131/58
f 2410/131/59 2414/127/59 2415/129/59 2411/132/59
f 2411/132/60 2415/129/60 2416/96/60 2412/94/60
f 2324/98/61 2323/99/61 2409/130/61 2405/133/61
f 2405/133/62 2409/130/62 2410/131/62 2406/134/62
f 2406/134/59 2410/131/59 2411/132/59 2407/135/59
f 2407/135/63 2411/132/63 2412/94/63 2408/91/63
f 2289/19/64 2324/98/64 2405/133/64 2368/136/64
f 2368/136/59 2405/133/59 2406/134/59 2367/137/59
f 2367/137/59 2406/134/59 2407/135/59 2366/138/59
f 2366/138/59 2407/135/59 2408/91/59 2365/90/59
f 2295/139/5 2400/140/5 2404/141/5 2296/142/5
f 2400/140/5 2399/143/5 2403/144/5 2404/141/5
f 2399/143/5 2398/145/5 2402/146/5 2403/144/5
f 2398/145/5 2397/40/5 2401/17/5 2402/146/5
f 2294/147/5 2396/148/5 2400/140/5 2295/139/5
f 2396/148/5 2395/149/5 2399/143/5 2400/140/5
f 2395/149/5 2394/150/5 2398/145/5 2399/143/5
f 2394/150/5 2393/38/5 2397/40/5 2398/145/5
f 2293/151/5 2392/152/5 2396/148/5 2294/147/5
f 2392/152/5 2391/153/5 2395/149/5 2396/148/5
f 2391/153/5 2390/154/5 2394/150/5 2395/149/5
f 2390/154/5 2389/36/5 2393/38/5 2394/150/5
f 2287/155/5 2360/156/5 2392/152/5 2293/151/5
f 2360/156/5 2359/157/5 2391/153/5 2392/152/5
f 2359/157/5 2358/158/5 2390/154/5 2391/153/5
f 2358/158/5 2357/33/5 2389/36/5 2390/154/5
f 2307/45/65 2384/159/65 2388/160/65 2308/10/65
f 2384/159/66 2383/161/66 2387/162/66 2388/160/66
f 2383/161/67 2382/163/67 2386/164/67 2387/162/67
f 2382/163/68 2381/32/68 2385/21/68 2386/164/68
f 2306/43/69 2380/165/69 2384/159/69 2307/45/69
f 2380/165/70 2379/166/70 2383/161/70 2384/159/70
f 2379/166/71 2378/167/71 2382/163/71 2383/161/71
f 2378/167/72 2377/30/72 2381/32/72 2382/163/72
f 2305/41/73 2376/168/73 2380/165/73 2306/43/73
f 2376/168/74 2375/169/74 2379/166/74 2380/165/74
f 2375/169/75 2374/170/75 2378/167/75 2379/166/75
f 2374/170/76 2373/28/76 2377/30/76 2378/167/76
f 2292/7/77 2364/171/77 2376/168/77 2305/41/77
f 2364/171/78 2363/172/78 2375/169/78 2376/168/78
f 2363/172/79 2362/173/79 2374/170/79 2375/169/79
f 2362/173/80 2361/25/80 2373/28/80 2374/170/80
f 2308/10/81 2388/160/81 2369/174/81 2290/11/81
f 2388/160/82 2387/162/82 2370/175/82 2369/174/82
f 2387/162/83 2386/164/83 2371/176/83 2370/175/83
f 2386/164/84 2385/21/84 2372/24/84 2371/176/84
f 2296/142/5 2404/141/5 2365/177/5 2285/178/5
f 2404/141/5 2403/144/5 2366/179/5 2365/177/5
f 2403/144/5 2402/146/5 2367/180/5 2366/179/5
f 2402/146/5 2401/17/5 2368/20/5 2367/180/5
f 2321/12/85 2290/11/85 2369/181/85 2417/124/85
f 2417/124/86 2369/181/86 2370/182/86 2418/126/86
f 2418/126/87 2370/182/87 2371/183/87 2419/128/87
f 2419/128/88 2371/183/88 2372/14/88 2420/13/88
f 2313/4/89 2288/3/89 2361/184/89 2433/109/89
f 2433/109/90 2361/184/90 2362/185/90 2434/111/90
f 2434/111/91 2362/185/91 2363/186/91 2435/113/91
f 2435/113/92 2363/186/92 2364/6/92 2436/5/92
f 2505/1/1 2452/2/1 2440/3/1 2465/4/1
f 2588/5/2 2516/6/2 2444/7/2 2469/8/2
f 2489/9/3 2460/10/3 2442/11/3 2473/12/3
f 2572/13/4 2524/14/4 2438/15/4 2464/16/4
f 2553/17/5 2453/18/5 2441/19/5 2520/20/5
f 2537/21/6 2449/22/6 2438/23/6 2524/24/6
f 2513/25/7 2440/26/7 2452/27/7 2525/28/7
f 2525/28/8 2452/27/8 2451/29/8 2529/30/8
f 2529/30/9 2451/29/9 2450/31/9 2533/32/9
f 2533/32/10 2450/31/10 2449/22/10 2537/21/10
f 2509/33/5 2443/34/5 2456/35/5 2541/36/5
f 2541/36/5 2456/35/5 2455/37/5 2545/38/5
f 2545/38/5 2455/37/5 2454/39/5 2549/40/5
f 2549/40/5 2454/39/5 2453/18/5 2553/17/5
f 2469/8/11 2444/7/11 2457/41/11 2477/42/11
f 2477/42/12 2457/41/12 2458/43/12 2481/44/12
f 2481/44/13 2458/43/13 2459/45/13 2485/46/13
f 2485/46/96 2459/45/96 2460/10/96 2489/9/96
f 2464/47/15 2438/48/15 2449/49/15 2493/50/15
f 2493/50/16 2449/49/16 2450/51/16 2497/52/16
f 2497/52/17 2450/51/17 2451/53/17 2501/54/17
f 2501/54/18 2451/53/18 2452/2/18 2505/1/18
f 2446/55/19 2504/56/19 2508/57/19 2445/58/19
f 2504/56/20 2503/59/20 2507/60/20 2508/57/20
f 2503/59/21 2502/61/21 2506/62/21 2507/60/21
f 2502/61/21 2501/54/21 2505/1/21 2506/62/21
f 2447/63/19 2500/64/19 2504/56/19 2446/55/19
f 2500/64/19 2499/65/19 2503/59/19 2504/56/19
f 2499/65/19 2498/66/19 2502/61/19 2503/59/19
f 2498/66/19 2497/52/19 2501/54/19 2502/61/19
f 2448/67/19 2496/68/19 2500/64/19 2447/63/19
f 2496/68/22 2495/69/22 2499/65/22 2500/64/22
f 2495/69/23 2494/70/23 2498/66/23 2499/65/23
f 2494/70/99 2493/50/99 2497/52/99 2498/66/99
f 2437/71/24 2461/72/24 2496/68/24 2448/67/24
f 2461/72/25 2462/73/25 2495/69/25 2496/68/25
f 2462/73/26 2463/74/26 2494/70/26 2495/69/26
f 2463/74/26 2464/47/26 2493/50/26 2494/70/26
f 2454/39/27 2488/75/27 2492/76/27 2453/18/27
f 2488/75/28 2487/77/28 2491/78/28 2492/76/28
f 2487/77/29 2486/79/29 2490/80/29 2491/78/29
f 2486/79/29 2485/46/29 2489/9/29 2490/80/29
f 2455/37/27 2484/81/27 2488/75/27 2454/39/27
f 2484/81/27 2483/82/27 2487/77/27 2488/75/27
f 2483/82/27 2482/83/27 2486/79/27 2487/77/27
f 2482/83/27 2481/44/27 2485/46/27 2486/79/27
f 2456/35/27 2480/84/27 2484/81/27 2455/37/27
f 2480/84/30 2479/85/30 2483/82/30 2484/81/30
f 2479/85/31 2478/86/31 2482/83/31 2483/82/31
f 2478/86/31 2477/42/31 2481/44/31 2482/83/31
f 2443/34/32 2472/87/32 2480/84/32 2456/35/32
f 2472/87/33 2471/88/33 2479/85/33 2480/84/33
f 2471/88/34 2470/89/34 2478/86/34 2479/85/34
f 2470/89/35 2469/8/35 2477/42/35 2478/86/35
f 2517/90/36 2560/91/36 2461/92/36 2437/93/36
f 2560/91/37 2564/94/37 2462/95/37 2461/92/37
f 2564/94/38 2568/96/38 2463/97/38 2462/95/38
f 2568/96/38 2572/13/38 2464/16/38 2463/97/38
f 2453/18/39 2492/76/39 2476/98/39 2441/19/39
f 2492/76/94 2491/78/94 2475/99/94 2476/98/94
f 2491/78/41 2490/80/41 2474/100/41 2475/99/41
f 2490/80/41 2489/9/41 2473/12/41 2474/100/41
f 2509/101/42 2576/102/42 2472/87/42 2443/34/42
f 2576/102/43 2580/103/43 2471/88/43 2472/87/43
f 2580/103/44 2584/104/44 2470/89/44 2471/88/44
f 2584/104/45 2588/5/45 2469/8/45 2470/89/45
f 2445/58/46 2508/57/46 2468/105/46 2439/106/46
f 2508/57/47 2507/60/47 2467/107/47 2468/105/47
f 2507/60/48 2506/62/48 2466/108/48 2467/107/48
f 2506/62/48 2505/1/48 2465/4/48 2466/108/48
f 2466/108/49 2465/4/49 2585/109/49 2581/110/49
f 2581/110/50 2585/109/50 2586/111/50 2582/112/50
f 2582/112/51 2586/111/51 2587/113/51 2583/114/51
f 2583/114/52 2587/113/52 2588/5/52 2584/104/52
f 2467/107/49 2466/108/49 2581/110/49 2577/115/49
f 2577/115/50 2581/110/50 2582/112/50 2578/116/50
f 2578/116/51 2582/112/51 2583/114/51 2579/117/51
f 2579/117/52 2583/114/52 2584/104/52 2580/103/52
f 2468/105/53 2467/107/53 2577/115/53 2573/118/53
f 2573/118/54 2577/115/54 2578/116/54 2574/119/54
f 2574/119/51 2578/116/51 2579/117/51 2575/120/51
f 2575/120/55 2579/117/55 2580/103/55 2576/102/55
f 2439/106/56 2468/105/56 2573/118/56 2512/121/56
f 2512/121/51 2573/118/51 2574/119/51 2511/122/51
f 2511/122/51 2574/119/51 2575/120/51 2510/123/51
f 2510/123/51 2575/120/51 2576/102/51 2509/101/51
f 2474/100/57 2473/12/57 2569/124/57 2565/125/57
f 2565/125/58 2569/124/58 2570/126/58 2566/127/58
f 2566/127/59 2570/126/59 2571/128/59 2567/129/59
f 2567/129/60 2571/128/60 2572/13/60 2568/96/60
f 2475/99/57 2474/100/57 2565/125/57 2561/130/57
f 2561/130/58 2565/125/58 2566/127/58 2562/131/58
f 2562/131/59 2566/127/59 2567/129/59 2563/132/59
f 2563/132/60 2567/129/60 2568/96/60 2564/94/60
f 2476/98/61 2475/99/61 2561/130/61 2557/133/61
f 2557/133/62 2561/130/62 2562/131/62 2558/134/62
f 2558/134/59 2562/131/59 2563/132/59 2559/135/59
f 2559/135/63 2563/132/63 2564/94/63 2560/91/63
f 2441/19/64 2476/98/64 2557/133/64 2520/136/64
f 2520/136/59 2557/133/59 2558/134/59 2519/137/59
f 2519/137/59 2558/134/59 2559/135/59 2518/138/59
f 2518/138/59 2559/135/59 2560/91/59 2517/90/59
f 2447/139/5 2552/140/5 2556/141/5 2448/142/5
f 2552/140/5 2551/143/5 2555/144/5 2556/141/5
f 2551/143/5 2550/145/5 2554/146/5 2555/144/5
f 2550/145/5 2549/40/5 2553/17/5 2554/146/5
f 2446/147/5 2548/148/5 2552/140/5 2447/139/5
f 2548/148/5 2547/149/5 2551/143/5 2552/140/5
f 2547/149/5 2546/150/5 2550/145/5 2551/143/5
f 2546/150/5 2545/38/5 2549/40/5 2550/145/5
f 2445/151/5 2544/152/5 2548/148/5 2446/147/5
f 2544/152/5 2543/153/5 2547/149/5 2548/148/5
f 2543/153/5 2542/154/5 2546/150/5 2547/149/5
f 2542/154/5 2541/36/5 2545/38/5 2546/150/5
f 2439/155/5 2512/156/5 2544/152/5 2445/151/5
f 2512/156/5 2511/157/5 2543/153/5 2544/152/5
f 2511/157/5 2510/158/5 2542/154/5 2543/153/5
f 2510/158/5 2509/33/5 2541/36/5 2542/154/5
f 2459/45/65 2536/159/65 2540/160/65 2460/10/65
f 2536/159/66 2535/161/66 2539/162/66 2540/160/66
f 2535/161/67 2534/163/67 2538/164/67 2539/162/67
f 2534/163/68 2533/32/68 2537/21/68 2538/164/68
f 2458/43/69 2532/165/69 2536/159/69 2459/45/69
f 2532/165/70 2531/166/70 2535/161/70 2536/159/70
f 2531/166/71 2530/167/71 2534/163/71 2535/161/71
f 2530/167/72 2529/30/72 2533/32/72 2534/163/72
f 2457/41/73 2528/168/73 2532/165/73 2458/43/73
f 2528/168/74 2527/169/74 2531/166/74 2532/165/74
f 2527/169/75 2526/170/75 2530/167/75 2531/166/75
f 2526/170/76 2525/28/76 2529/30/76 2530/167/76
f 2444/7/77 2516/171/77 2528/168/77 2457/41/77
f 2516/171/78 2515/172/78 2527/169/78 2528/168/78
f 2515/172/79 2514/173/79 2526/170/79 2527/169/79
f 2514/173/80 2513/25/80 2525/28/80 2526/170/80
f 2460/10/81 2540/160/81 2521/174/81 2442/11/81
f 2540/160/82 2539/162/82 2522/175/82 2521/174/82
f 2539/162/83 2538/164/83 2523/176/83 2522/175/83
f 2538/164/84 2537/21/84 2524/24/84 2523/176/84
f 2448/142/5 2556/141/5 2517/177/5 2437/178/5
f 2556/141/5 2555/144/5 2518/179/5 2517/177/5
f 2555/144/5 2554/146/5 2519/180/5 2518/179/5
f 2554/146/5 2553/17/5 2520/20/5 2519/180/5
f 2473/12/85 2442/11/85 2521/181/85 2569/124/85
f 2569/124/95 2521/181/95 2522/182/95 2570/126/95
f 2570/126/87 2522/182/87 2523/183/87 2571/128/87
f 2571/128/88 2523/183/88 2524/14/88 2572/13/88
f 2465/4/89 2440/3/89 2513/184/89 2585/109/89
f 2585/109/90 2513/184/90 2514/185/90 2586/111/90
f 2586/111/91 2514/185/91 2515/186/91 2587/113/91
f 2587/113/92 2515/186/92 2516/6/92 2588/5/92
f 2657/1/1 2604/2/1 2592/3/1 2617/4/1
f 2740/5/2 2668/6/2 2596/7/2 2621/8/2
f 2641/9/3 2612/10/3 2594/11/3 2625/12/3
f 2724/13/4 2676/14/4 2590/15/4 2616/16/4
f 2705/17/5 2605/18/5 2593/19/5 2672/20/5
f 2689/21/6 2601/22/6 2590/23/6 2676/24/6
f 2665/25/7 2592/26/7 2604/27/7 2677/28/7
f 2677/28/8 2604/27/8 2603/29/8 2681/30/8
f 2681/30/9 2603/29/9 2602/31/9 2685/32/9
f 2685/32/10 2602/31/10 2601/22/10 2689/21/10
f 2661/33/5 2595/34/5 2608/35/5 2693/36/5
f 2693/36/5 2608/35/5 2607/37/5 2697/38/5
f 2697/38/5 2607/37/5 2606/39/5 2701/40/5
f 2701/40/5 2606/39/5 2605/18/5 2705/17/5
f 2621/8/11 2596/7/11 2609/41/11 2629/42/11
f 2629/42/12 2609/41/12 2610/43/12 2633/44/12
f 2633/44/13 2610/43/13 2611/45/13 2637/46/13
f 2637/46/96 2611/45/96 2612/10/96 2641/9/96
f 2616/47/15 2590/48/15 2601/49/15 2645/50/15
f 2645/50/16 2601/49/16 2602/51/16 2649/52/16
f 2649/52/17 2602/51/17 2603/53/17 2653/54/17
f 2653/54/18 2603/53/18 2604/2/18 2657/1/18
f 2598/55/19 2656/56/19 2660/57/19 2597/58/19
f 2656/56/20 2655/59/20 2659/60/20 2660/57/20
f 2655/59/21 2654/61/21 2658/62/21 2659/60/21
f 2654/61/21 2653/54/21 2657/1/21 2658/62/21
f 2599/63/19 2652/64/19 2656/56/19 2598/55/19
f 2652/64/19 2651/65/19 2655/59/19 2656/56/19
f 2651/65/19 2650/66/19 2654/61/19 2655/59/19
f 2650/66/19 2649/52/19 2653/54/19 2654/61/19
f 2600/67/19 2648/68/19 2652/64/19 2599/63/19
f 2648/68/22 2647/69/22 2651/65/22 2652/64/22
f 2647/69/23 2646/70/23 2650/66/23 2651/65/23
f 2646/70/23 2645/50/23 2649/52/23 2650/66/23
f 2589/71/24 2613/72/24 2648/68/24 2600/67/24
f 2613/72/25 2614/73/25 2647/69/25 2648/68/25
f 2614/73/26 2615/74/26 2646/70/26 2647/69/26
f 2615/74/26 2616/47/26 2645/50/26 2646/70/26
f 2606/39/27 2640/75/27 2644/76/27 2605/18/27
f 2640/75/28 2639/77/28 2643/78/28 2644/76/28
f 2639/77/29 2638/79/29 2642/80/29 2643/78/29
f 2638/79/29 2637/46/29 2641/9/29 2642/80/29
f 2607/37/27 2636/81/27 2640/75/27 2606/39/27
f 2636/81/27 2635/82/27 2639/77/27 2640/75/27
f 2635/82/27 2634/83/27 2638/79/27 2639/77/27
f 2634/83/27 2633/44/27 2637/46/27 2638/79/27
f 2608/35/27 2632/84/27 2636/81/27 2607/37/27
f 2632/84/30 2631/85/30 2635/82/30 2636/81/30
f 2631/85/31 2630/86/31 2634/83/31 2635/82/31
f 2630/86/31 2629/42/31 2633/44/31 2634/83/31
f 2595/34/32 2624/87/32 2632/84/32 2608/35/32
f 2624/87/33 2623/88/33 2631/85/33 2632/84/33
f 2623/88/34 2622/89/34 2630/86/34 2631/85/34
f 2622/89/35 2621/8/35 2629/42/35 2630/86/35
f 2669/90/36 2712/91/36 2613/92/36 2589/93/36
f 2712/91/37 2716/94/37 2614/95/37 2613/92/37
f 2716/94/38 2720/96/38 2615/97/38 2614/95/38
f 2720/96/38 2724/13/38 2616/16/38 2615/97/38
f 2605/18/39 2644/76/39 2628/98/39 2593/19/39
f 2644/76/40 2643/78/40 2627/99/40 2628/98/40
f 2643/78/41 2642/80/41 2626/100/41 2627/99/41
f 2642/80/41 2641/9/41 2625/12/41 2626/100/41
f 2661/101/42 2728/102/42 2624/87/42 2595/34/42
f 2728/102/43 2732/103/43 2623/88/43 2624/87/43
f 2732/103/44 2736/104/44 2622/89/44 2623/88/44
f 2736/104/45 2740/5/45 2621/8/45 2622/89/45
f 2597/58/46 2660/57/46 2620/105/46 2591/106/46
f 2660/57/47 2659/60/47 2619/107/47 2620/105/47
f 2659/60/48 2658/62/48 2618/108/48 2619/107/48
f 2658/62/48 2657/1/48 2617/4/48 2618/108/48
f 2618/108/49 2617/4/49 2737/109/49 2733/110/49
f 2733/110/50 2737/109/50 2738/111/50 2734/112/50
f 2734/112/51 2738/111/51 2739/113/51 2735/114/51
f 2735/114/52 2739/113/52 2740/5/52 2736/104/52
f 2619/107/49 2618/108/49 2733/110/49 2729/115/49
f 2729/115/50 2733/110/50 2734/112/50 2730/116/50
f 2730/116/51 2734/112/51 2735/114/51 2731/117/51
f 2731/117/52 2735/114/52 2736/104/52 2732/103/52
f 2620/105/53 2619/107/53 2729/115/53 2725/118/53
f 2725/118/54 2729/115/54 2730/116/54 2726/119/54
f 2726/119/51 2730/116/51 2731/117/51 2727/120/51
f 2727/120/55 2731/117/55 2732/103/55 2728/102/55
f 2591/106/56 2620/105/56 2725/118/56 2664/121/56
f 2664/121/51 2725/118/51 2726/119/51 2663/122/51
f 2663/122/51 2726/119/51 2727/120/51 2662/123/51
f 2662/123/51 2727/120/51 2728/102/51 2661/101/51
f 2626/100/57 2625/12/57 2721/124/57 2717/125/57
f 2717/125/58 2721/124/58 2722/126/58 2718/127/58
f 2718/127/59 2722/126/59 2723/128/59 2719/129/59
f 2719/129/60 2723/128/60 2724/13/60 2720/96/60
f 2627/99/57 2626/100/57 2717/125/57 2713/130/57
f 2713/130/58 2717/125/58 2718/127/58 2714/131/58
f 2714/131/59 2718/127/59 2719/129/59 2715/132/59
f 2715/132/60 2719/129/60 2720/96/60 2716/94/60
f 2628/98/61 2627/99/61 2713/130/61 2709/133/61
f 2709/133/62 2713/130/62 2714/131/62 2710/134/62
f 2710/134/59 2714/131/59 2715/132/59 2711/135/59
f 2711/135/63 2715/132/63 2716/94/63 2712/91/63
f 2593/19/64 2628/98/64 2709/133/64 2672/136/64
f 2672/136/59 2709/133/59 2710/134/59 2671/137/59
f 2671/137/59 2710/134/59 2711/135/59 2670/138/59
f 2670/138/59 2711/135/59 2712/91/59 2669/90/59
f 2599/139/5 2704/140/5 2708/141/5 2600/142/5
f 2704/140/5 2703/143/5 2707/144/5 2708/141/5
f 2703/143/5 2702/145/5 2706/146/5 2707/144/5
f 2702/145/5 2701/40/5 2705/17/5 2706/146/5
f 2598/147/5 2700/148/5 2704/140/5 2599/139/5
f 2700/148/5 2699/149/5 2703/143/5 2704/140/5
f 2699/149/5 2698/150/5 2702/145/5 2703/143/5
f 2698/150/5 2697/38/5 2701/40/5 2702/145/5
f 2597/151/5 2696/152/5 2700/148/5 2598/147/5
f 2696/152/5 2695/153/5 2699/149/5 2700/148/5
f 2695/153/5 2694/154/5 2698/150/5 2699/149/5
f 2694/154/5 2693/36/5 2697/38/5 2698/150/5
f 2591/155/5 2664/156/5 2696/152/5 2597/151/5
f 2664/156/5 2663/157/5 2695/153/5 2696/152/5
f 2663/157/5 2662/158/5 2694/154/5 2695/153/5
f 2662/158/5 2661/33/5 2693/36/5 2694/154/5
f 2611/45/65 2688/159/65 2692/160/65 2612/10/65
f 2688/159/66 2687/161/66 2691/162/66 2692/160/66
f 2687/161/67 2686/163/67 2690/164/67 2691/162/67
f 2686/163/68 2685/32/68 2689/21/68 2690/164/68
f 2610/43/69 2684/165/69 2688/159/69 2611/45/69
f 2684/165/70 2683/166/70 2687/161/70 2688/159/70
f 2683/166/71 2682/167/71 2686/163/71 2687/161/71
f 2682/167/72 2681/30/72 2685/32/72 2686/163/72
f 2609/41/73 2680/168/73 2684/165/73 2610/43/73
f 2680/168/74 2679/169/74 2683/166/74 2684/165/74
f 2679/169/75 2678/170/75 2682/167/75 2683/166/75
f 2678/170/76 2677/28/76 2681/30/76 2682/167/76
f 2596/7/77 2668/171/77 2680/168/77 2609/41/77
f 2668/171/78 2667/172/78 2679/169/78 2680/168/78
f 2667/172/79 2666/173/79 2678/170/79 2679/169/79
f 2666/173/80 2665/25/80 2677/28/80 2678/170/80
f 2612/10/81 2692/160/81 2673/174/81 2594/11/81
f 2692/160/82 2691/162/82 2674/175/82 2673/174/82
f 2691/162/83 2690/164/83 2675/176/83 2674/175/83
f 2690/164/84 2689/21/84 2676/24/84 2675/176/84
f 2600/142/5 2708/141/5 2669/177/5 2589/178/5
f 2708/141/5 2707/144/5 2670/179/5 2669/177/5
f 2707/144/5 2706/146/5 2671/180/5 2670/179/5
f 2706/146/5 2705/17/5 2672/20/5 2671/180/5
f 2625/12/85 2594/11/85 2673/181/85 2721/124/85
f 2721/124/86 2673/181/86 2674/182/86 2722/126/86
f 2722/126/87 2674/182/87 2675/183/87 2723/128/87
f 2723/128/88 2675/183/88 2676/14/88 2724/13/88
f 2617/4/89 2592/3/89 2665/184/89 2737/109/89
f 2737/109/90 2665/184/90 2666/185/90 2738/111/90
f 2738/111/91 2666/185/91 2667/186/91 2739/113/91
f 2739/113/92 2667/186/92 2668/6/92 2740/5/92
f 2809/1/1 2756/2/1 2744/3/1 2769/4/1
f 2892/5/2 2820/6/2 2748/7/2 2773/8/2
f 2793/9/3 2764/10/3 2746/11/3 2777/12/3
f 2876/13/4 2828/14/4 2742/15/4 2768/16/4
f 2857/17/5 2757/18/5 2745/19/5 2824/20/5
f 2841/21/6 2753/22/6 2742/23/6 2828/24/6
f 2817/25/7 2744/26/7 2756/27/7 2829/28/7
f 2829/28/8 2756/27/8 2755/29/8 2833/30/8
f 2833/30/9 2755/29/9 2754/31/9 2837/32/9
f 2837/32/10 2754/31/10 2753/22/10 2841/21/10
f 2813/33/5 2747/34/5 2760/35/5 2845/36/5
f 2845/36/5 2760/35/5 2759/37/5 2849/38/5
f 2849/38/5 2759/37/5 2758/39/5 2853/40/5
f 2853/40/5 2758/39/5 2757/18/5 2857/17/5
f 2773/8/11 2748/7/11 2761/41/11 2781/42/11
f 2781/42/12 2761/41/12 2762/43/12 2785/44/12
f 2785/44/13 2762/43/13 2763/45/13 2789/46/13
f 2789/46/14 2763/45/14 2764/10/14 2793/9/14
f 2768/47/15 2742/48/15 2753/49/15 2797/50/15
f 2797/50/100 2753/49/100 2754/51/100 2801/52/100
f 2801/52/17 2754/51/17 2755/53/17 2805/54/17
f 2805/54/18 2755/53/18 2756/2/18 2809/1/18
f 2750/55/19 2808/56/19 2812/57/19 2749/58/19
f 2808/56/20 2807/59/20 2811/60/20 2812/57/20
f 2807/59/21 2806/61/21 2810/62/21 2811/60/21
f 2806/61/21 2805/54/21 2809/1/21 2810/62/21
f 2751/63/19 2804/64/19 2808/56/19 2750/55/19
f 2804/64/19 2803/65/19 2807/59/19 2808/56/19
f 2803/65/19 2802/66/19 2806/61/19 2807/59/19
f 2802/66/19 2801/52/19 2805/54/19 2806/61/19
f 2752/67/19 2800/68/19 2804/64/19 2751/63/19
f 2800/68/22 2799/69/22 2803/65/22 2804/64/22
f 2799/69/23 2798/70/23 2802/66/23 2803/65/23
f 2798/70/23 2797/50/23 2801/52/23 2802/66/23
f 2741/71/24 2765/72/24 2800/68/24 2752/67/24
f 2765/72/25 2766/73/25 2799/69/25 2800/68/25
f 2766/73/26 2767/74/26 2798/70/26 2799/69/26
f 2767/74/26 2768/47/26 2797/50/26 2798/70/26
f 2758/39/27 2792/75/27 2796/76/27 2757/18/27
f 2792/75/28 2791/77/28 2795/78/28 2796/76/28
f 2791/77/29 2790/79/29 2794/80/29 2795/78/29
f 2790/79/29 2789/46/29 2793/9/29 2794/80/29
f 2759/37/27 2788/81/27 2792/75/27 2758/39/27
f 2788/81/27 2787/82/27 2791/77/27 2792/75/27
f 2787/82/27 2786/83/27 2790/79/27 2791/77/27
f 2786/83/27 2785/44/27 2789/46/27 2790/79/27
f 2760/35/27 2784/84/27 2788/81/27 2759/37/27
f 2784/84/30 2783/85/30 2787/82/30 2788/81/30
f 2783/85/31 2782/86/31 2786/83/31 2787/82/31
f 2782/86/31 2781/42/31 2785/44/31 2786/83/31
f 2747/34/32 2776/87/32 2784/84/32 2760/35/32
f 2776/87/33 2775/88/33 2783/85/33 2784/84/33
f 2775/88/34 2774/89/34 2782/86/34 2783/85/34
f 2774/89/35 2773/8/35 2781/42/35 2782/86/35
f 2821/90/36 2864/91/36 2765/92/36 2741/93/36
f 2864/91/37 2868/94/37 2766/95/37 2765/92/37
f 2868/94/38 2872/96/38 2767/97/38 2766/95/38
f 2872/96/38 2876/13/38 2768/16/38 2767/97/38
f 2757/18/39 2796/76/39 2780/98/39 2745/19/39
f 2796/76/94 2795/78/94 2779/99/94 2780/98/94
f 2795/78/41 2794/80/41 2778/100/41 2779/99/41
f 2794/80/41 2793/9/41 2777/12/41 2778/100/41
f 2813/101/42 2880/102/42 2776/87/42 2747/34/42
f 2880/102/43 2884/103/43 2775/88/43 2776/87/43
f 2884/103/44 2888/104/44 2774/89/44 2775/88/44
f 2888/104/45 2892/5/45 2773/8/45 2774/89/45
f 2749/58/46 2812/57/46 2772/105/46 2743/106/46
f 2812/57/47 2811/60/47 2771/107/47 2772/105/47
f 2811/60/48 2810/62/48 2770/108/48 2771/107/48
f 2810/62/48 2809/1/48 2769/4/48 2770/108/48
f 2770/108/49 2769/4/49 2889/109/49 2885/110/49
f 2885/110/50 2889/109/50 2890/111/50 2886/112/50
f 2886/112/51 2890/111/51 2891/113/51 2887/114/51
f 2887/114/52 2891/113/52 2892/5/52 2888/104/52
f 2771/107/49 2770/108/49 2885/110/49 2881/115/49
f 2881/115/50 2885/110/50 2886/112/50 2882/116/50
f 2882/116/51 2886/112/51 2887/114/51 2883/117/51
f 2883/117/52 2887/114/52 2888/104/52 2884/103/52
f 2772/105/53 2771/107/53 2881/115/53 2877/118/53
f 2877/118/54 2881/115/54 2882/116/54 2878/119/54
f 2878/119/51 2882/116/51 2883/117/51 2879/120/51
f 2879/120/55 2883/117/55 2884/103/55 2880/102/55
f 2743/106/56 2772/105/56 2877/118/56 2816/121/56
f 2816/121/51 2877/118/51 2878/119/51 2815/122/51
f 2815/122/51 2878/119/51 2879/120/51 2814/123/51
f 2814/123/51 2879/120/51 2880/102/51 2813/101/51
f 2778/100/57 2777/12/57 2873/124/57 2869/125/57
f 2869/125/58 2873/124/58 2874/126/58 2870/127/58
f 2870/127/59 2874/126/59 2875/128/59 2871/129/59
f 2871/129/60 2875/128/60 2876/13/60 2872/96/60
f 2779/99/57 2778/100/57 2869/125/57 2865/130/57
f 2865/130/58 2869/125/58 2870/127/58 2866/131/58
f 2866/131/59 2870/127/59 2871/129/59 2867/132/59
f 2867/132/60 2871/129/60 2872/96/60 2868/94/60
f 2780/98/61 2779/99/61 2865/130/61 2861/133/61
f 2861/133/62 2865/130/62 2866/131/62 2862/134/62
f 2862/134/59 2866/131/59 2867/132/59 2863/135/59
f 2863/135/63 2867/132/63 2868/94/63 2864/91/63
f 2745/19/64 2780/98/64 2861/133/64 2824/136/64
f 2824/136/59 2861/133/59 2862/134/59 2823/137/59
f 2823/137/59 2862/134/59 2863/135/59 2822/138/59
f 2822/138/59 2863/135/59 2864/91/59 2821/90/59
f 2751/139/5 2856/140/5 2860/141/5 2752/142/5
f 2856/140/5 2855/143/5 2859/144/5 2860/141/5
f 2855/143/5 2854/145/5 2858/146/5 2859/144/5
f 2854/145/5 2853/40/5 2857/17/5 2858/146/5
f 2750/147/5 2852/148/5 2856/140/5 2751/139/5
f 2852/148/5 2851/149/5 2855/143/5 2856/140/5
f 2851/149/5 2850/150/5 2854/145/5 2855/143/5
f 2850/150/5 2849/38/5 2853/40/5 2854/145/5
f 2749/151/5 2848/152/5 2852/148/5 2750/147/5
f 2848/152/5 2847/153/5 2851/149/5 2852/148/5
f 2847/153/5 2846/154/5 2850/150/5 2851/149/5
f 2846/154/5 2845/36/5 2849/38/5 2850/150/5
f 2743/155/5 2816/156/5 2848/152/5 2749/151/5
f 2816/156/5 2815/157/5 2847/153/5 2848/152/5
f 2815/157/5 2814/158/5 2846/154/5 2847/153/5
f 2814/158/5 2813/33/5 2845/36/5 2846/154/5
f 2763/45/65 2840/159/65 2844/160/65 2764/10/65
f 2840/159/66 2839/161/66 2843/162/66 2844/160/66
f 2839/161/67 2838/163/67 2842/164/67 2843/162/67
f 2838/163/68 2837/32/68 2841/21/68 2842/164/68
f 2762/43/69 2836/165/69 2840/159/69 2763/45/69
f 2836/165/70 2835/166/70 2839/161/70 2840/159/70
f 2835/166/71 2834/167/71 2838/163/71 2839/161/71
f 2834/167/72 2833/30/72 2837/32/72 2838/163/72
f 2761/41/73 2832/168/73 2836/165/73 2762/43/73
f 2832/168/74 2831/169/74 2835/166/74 2836/165/74
f 2831/169/75 2830/170/75 2834/167/75 2835/166/75
f 2830/170/76 2829/28/76 2833/30/76 2834/167/76
f 2748/7/77 2820/171/77 2832/168/77 2761/41/77
f 2820/171/78 2819/172/78 2831/169/78 2832/168/78
f 2819/172/79 2818/173/79 2830/170/79 2831/169/79
f 2818/173/80 2817/25/80 2829/28/80 2830/170/80
f 2764/10/81 2844/160/81 2825/174/81 2746/11/81
f 2844/160/82 2843/162/82 2826/175/82 2825/174/82
f 2843/162/83 2842/164/83 2827/176/83 2826/175/83
f 2842/164/84 2841/21/84 2828/24/84 2827/176/84
f 2752/142/5 2860/141/5 2821/177/5 2741/178/5
f 2860/141/5 2859/144/5 2822/179/5 2821/177/5
f 2859/144/5 2858/146/5 2823/180/5 2822/179/5
f 2858/146/5 2857/17/5 2824/20/5 2823/180/5
f 2777/12/85 2746/11/85 2825/181/85 2873/124/85
f 2873/124/86 2825/181/86 2826/182/86 2874/126/86
f 2874/126/87 2826/182/87 2827/183/87 2875/128/87
f 2875/128/88 2827/183/88 2828/14/88 2876/13/88
f 2769/4/89 2744/3/89 2817/184/89 2889/109/89
f 2889/109/90 2817/184/90 2818/185/90 2890/111/90
f 2890/111/91 2818/185/91 2819/186/91 2891/113/91
f 2891/113/92 2819/186/92 2820/6/92 2892/5/92
f 2961/1/1 2908/2/1 2896/3/1 2921/4/1
f 3044/5/2 2972/6/2 2900/7/2 2925/8/2
f 2945/9/3 2916/10/3 2898/11/3 2929/12/3
f 3028/13/4 2980/14/4 2894/15/4 2920/16/4
f 3009/17/5 2909/18/5 2897/19/5 2976/20/5
f 2993/21/6 2905/22/6 2894/23/6 2980/24/6
f 2969/25/7 2896/26/7 2908/27/7 2981/28/7
f 2981/28/8 2908/27/8 2907/29/8 2985/30/8
f 2985/30/9 2907/29/9 2906/31/9 2989/32/9
f 2989/32/10 2906/31/10 2905/22/10 2993/21/10
f 2965/33/5 2899/34/5 2912/35/5 2997/36/5
f 2997/36/5 2912/35/5 2911/37/5 3001/38/5
f 3001/38/5 2911/37/5 2910/39/5 3005/40/5
f 3005/40/5 2910/39/5 2909/18/5 3009/17/5
f 2925/8/11 2900/7/11 2913/41/11 2933/42/11
f 2933/42/12 2913/41/12 2914/43/12 2937/44/12
f 2937/44/13 2914/43/13 2915/45/13 2941/46/13
f 2941/46/96 2915/45/96 2916/10/96 2945/9/96
f 2920/47/15 2894/48/15 2905/49/15 2949/50/15
f 2949/50/16 2905/49/16 2906/51/16 2953/52/16
f 2953/52/17 2906/51/17 2907/53/17 2957/54/17
f 2957/54/18 2907/53/18 2908/2/18 2961/1/18
f 2902/55/19 2960/56/19 2964/57/19 2901/58/19
f 2960/56/20 2959/59/20 2963/60/20 2964/57/20
f 2959/59/21 2958/61/21 2962/62/21 2963/60/21
f 2958/61/21 2957/54/21 2961/1/21 2962/62/21
f 2903/63/19 2956/64/19 2960/56/19 2902/55/19
f 2956/64/19 2955/65/19 2959/59/19 2960/56/19
f 2955/65/19 2954/66/19 2958/61/19 2959/59/19
f 2954/66/19 2953/52/19 2957/54/19 2958/61/19
f 2904/67/19 2952/68/19 2956/64/19 2903/63/19
f 2952/68/22 2951/69/22 2955/65/22 2956/64/22
f 2951/69/23 2950/70/23 2954/66/23 2955/65/23
f 2950/70/23 2949/50/23 2953/52/23 2954/66/23
f 2893/71/24 2917/72/24 2952/68/24 2904/67/24
f 2917/72/25 2918/73/25 2951/69/25 2952/68/25
f 2918/73/26 2919/74/26 2950/70/26 2951/69/26
f 2919/74/26 2920/47/26 2949/50/26 2950/70/26
f 2910/39/27 2944/75/27 2948/76/27 2909/18/27
f 2944/75/28 2943/77/28 2947/78/28 2948/76/28
f 2943/77/29 2942/79/29 2946/80/29 2947/78/29
f 2942/79/29 2941/46/29 2945/9/29 2946/80/29
f 2911/37/27 2940/81/27 2944/75/27 2910/39/27
f 2940/81/27 2939/82/27 2943/77/27 2944/75/27
f 2939/82/27 2938/83/27 2942/79/27 2943/77/27
f 2938/83/27 2937/44/27 2941/46/27 2942/79/27
f 2912/35/27 2936/84/27 2940/81/27 2911/37/27
f 2936/84/30 2935/85/30 2939/82/30 2940/81/30
f 2935/85/31 2934/86/31 2938/83/31 2939/82/31
f 2934/86/31 2933/42/31 2937/44/31 2938/83/31
f 2899/34/32 2928/87/32 2936/84/32 2912/35/32
f 2928/87/33 2927/88/33 2935/85/33 2936/84/33
f 2927/88/34 2926/89/34 2934/86/34 2935/85/34
f 2926/89/35 2925/8/35 2933/42/35 2934/86/35
f 2973/90/36 3016/91/36 2917/92/36 2893/93/36
f 3016/91/37 3020/94/37 2918/95/37 2917/92/37
f 3020/94/38 3024/96/38 2919/97/38 2918/95/38
f 3024/96/38 3028/13/38 2920/16/38 2919/97/38
f 2909/18/39 2948/76/39 2932/98/39 2897/19/39
f 2948/76/94 2947/78/94 2931/99/94 2932/98/94
f 2947/78/41 2946/80/41 2930/100/41 2931/99/41
f 2946/80/41 2945/9/41 2929/12/41 2930/100/41
f 2965/101/42 3032/102/42 2928/87/42 2899/34/42
f 3032/102/43 3036/103/43 2927/88/43 2928/87/43
f 3036/103/44 3040/104/44 2926/89/44 2927/88/44
f 3040/104/45 3044/5/45 2925/8/45 2926/89/45
f 2901/58/46 2964/57/46 2924/105/46 2895/106/46
f 2964/57/47 2963/60/47 2923/107/47 2924/105/47
f 2963/60/48 2962/62/48 2922/108/48 2923/107/48
f 2962/62/48 2961/1/48 2921/4/48 2922/108/48
f 2922/108/49 2921/4/49 3041/109/49 3037/110/49
f 3037/110/50 3041/109/50 3042/111/50 3038/112/50
f 3038/112/51 3042/111/51 3043/113/51 3039/114/51
f 3039/114/52 3043/113/52 3044/5/52 3040/104/52
f 2923/107/49 2922/108/49 3037/110/49 3033/115/49
f 3033/115/50 3037/110/50 3038/112/50 3034/116/50
f 3034/116/51 3038/112/51 3039/114/51 3035/117/51
f 3035/117/52 3039/114/52 3040/104/52 3036/103/52
f 2924/105/53 2923/107/53 3033/115/53 3029/118/53
f 3029/118/54 3033/115/54 3034/116/54 3030/119/54
f 3030/119/51 3034/116/51 3035/117/51 3031/120/51
f 3031/120/55 3035/117/55 3036/103/55 3032/102/55
f 2895/106/56 2924/105/56 3029/118/56 2968/121/56
f 2968/121/51 3029/118/51 3030/119/51 2967/122/51
f 2967/122/51 3030/119/51 3031/120/51 2966/123/51
f 2966/123/51 3031/120/51 3032/102/51 2965/101/51
f 2930/100/57 2929/12/57 3025/124/57 3021/125/57
f 3021/125/58 3025/124/58 3026/126/58 3022/127/58
f 3022/127/59 3026/126/59 3027/128/59 3023/129/59
f 3023/129/60 3027/128/60 3028/13/60 3024/96/60
f 2931/99/57 2930/100/57 3021/125/57 3017/130/57
f 3017/130/58 3021/125/58 3022/127/58 3018/131/58
f 3018/131/59 3022/127/59 3023/129/59 3019/132/59
f 3019/132/60 3023/129/60 3024/96/60 3020/94/60
f 2932/98/61 2931/99/61 3017/130/61 3013/133/61
f 3013/133/62 3017/130/62 3018/131/62 3014/134/62
f 3014/134/59 3018/131/59 3019/132/59 3015/135/59
f 3015/135/63 3019/132/63 3020/94/63 3016/91/63
f 2897/19/64 2932/98/64 3013/133/64 2976/136/64
f 2976/136/59 3013/133/59 3014/134/59 2975/137/59
f 2975/137/59 3014/134/59 3015/135/59 2974/138/59
f 2974/138/59 3015/135/59 3016/91/59 2973/90/59
f 2903/139/5 3008/140/5 3012/141/5 2904/142/5
f 3008/140/5 3007/143/5 3011/144/5 3012/141/5
f 3007/143/5 3006/145/5 3010/146/5 3011/144/5
f 3006/145/5 3005/40/5 3009/17/5 3010/146/5
f 2902/147/5 3004/148/5 3008/140/5 2903/139/5
f 3004/148/5 3003/149/5 3007/143/5 3008/140/5
f 3003/149/5 3002/150/5 3006/145/5 3007/143/5
f 3002/150/5 3001/38/5 3005/40/5 3006/145/5
f 2901/151/5 3000/152/5 3004/148/5 2902/147/5
f 3000/152/5 2999/153/5 3003/149/5 3004/148/5
f 2999/153/5 2998/154/5 3002/150/5 3003/149/5
f 2998/154/5 2997/36/5 3001/38/5 3002/150/5
f 2895/155/5 2968/156/5 3000/152/5 2901/151/5
f 2968/156/5 2967/157/5 2999/153/5 3000/152/5
f 2967/157/5 2966/158/5 2998/154/5 2999/153/5
f 2966/158/5 2965/33/5 2997/36/5 2998/154/5
f 2915/45/65 2992/159/65 2996/160/65 2916/10/65
f 2992/159/66 2991/161/66 2995/162/66 2996/160/66
f 2991/161/67 2990/163/67 2994/164/67 2995/162/67
f 2990/163/68 2989/32/68 2993/21/68 2994/164/68
f 2914/43/69 2988/165/69 2992/159/69 2915/45/69
f 2988/165/70 2987/166/70 2991/161/70 2992/159/70
f 2987/166/71 2986/167/71 2990/163/71 2991/161/71
f 2986/167/72 2985/30/72 2989/32/72 2990/163/72
f 2913/41/73 2984/168/73 2988/165/73 2914/43/73
f 2984/168/74 2983/169/74 2987/166/74 2988/165/74
f 2983/169/75 2982/170/75 2986/167/75 2987/166/75
f 2982/170/76 2981/28/76 2985/30/76 2986/167/76
f 2900/7/77 2972/171/77 2984/168/77 2913/41/77
f 2972/171/78 2971/172/78 2983/169/78 2984/168/78
f 2971/172/79 2970/173/79 2982/170/79 2983/169/79
f 2970/173/80 2969/25/80 2981/28/80 2982/170/80
f 2916/10/81 2996/160/81 2977/174/81 2898/11/81
f 2996/160/82 2995/162/82 2978/175/82 2977/174/82
f 2995/162/83 2994/164/83 2979/176/83 2978/175/83
f 2994/164/84 2993/21/84 2980/24/84 2979/176/84
f 2904/142/5 3012/141/5 2973/177/5 2893/178/5
f 3012/141/5 3011/144/5 2974/179/5 2973/177/5
f 3011/144/5 3010/146/5 2975/180/5 2974/179/5
f 3010/146/5 3009/17/5 2976/20/5 2975/180/5
f 2929/12/85 2898/11/85 2977/181/85 3025/124/85
f 3025/124/86 2977/181/86 2978/182/86 3026/126/86
f 3026/126/87 2978/182/87 2979/183/87 3027/128/87
f 3027/128/88 2979/183/88 2980/14/88 3028/13/88
f 2921/4/89 2896/3/89 2969/184/89 3041/109/89
f 3041/109/90 2969/184/90 2970/185/90 3042/111/90
f 3042/111/91 2970/185/91 2971/186/91 3043/113/91
f 3043/113/92 2971/186/92 2972/6/92 3044/5/92
f 3113/1/1 3060/2/1 3048/3/1 3073/4/1
f 3196/5/2 3124/6/2 3052/7/2 3077/8/2
f 3097/9/3 3068/10/3 3050/11/3 3081/12/3
f 3180/13/4 3132/14/4 3046/15/4 3072/16/4
f 3161/17/5 3061/18/5 3049/19/5 3128/20/5
f 3145/21/6 3057/22/6 3046/23/6 3132/24/6
f 3121/25/7 3048/26/7 3060/27/7 3133/28/7
f 3133/28/8 3060/27/8 3059/29/8 3137/30/8
f 3137/30/9 3059/29/9 3058/31/9 3141/32/9
f 3141/32/10 3058/31/10 3057/22/10 3145/21/10
f 3117/33/5 3051/34/5 3064/35/5 3149/36/5
f 3149/36/5 3064/35/5 3063/37/5 3153/38/5
f 3153/38/5 3063/37/5 3062/39/5 3157/40/5
f 3157/40/5 3062/39/5 3061/18/5 3161/17/5
f 3077/8/11 3052/7/11 3065/41/11 3085/42/11
f 3085/42/12 3065/41/12 3066/43/12 3089/44/12
f 3089/44/13 3066/43/13 3067/45/13 3093/46/13
f 3093/46/14 3067/45/14 3068/10/14 3097/9/14
f 3072/47/15 3046/48/15 3057/49/15 3101/50/15
f 3101/50/16 3057/49/16 3058/51/16 3105/52/16
f 3105/52/17 3058/51/17 3059/53/17 3109/54/17
f 3109/54/18 3059/53/18 3060/2/18 3113/1/18
f 3054/55/19 3112/56/19 3116/57/19 3053/58/19
f 3112/56/20 3111/59/20 3115/60/20 3116/57/20
f 3111/59/21 3110/61/21 3114/62/21 3115/60/21
f 3110/61/21 3109/54/21 3113/1/21 3114/62/21
f 3055/63/19 3108/64/19 3112/56/19 3054/55/19
f 3108/64/19 3107/65/19 3111/59/19 3112/56/19
f 3107/65/19 3106/66/19 3110/61/19 3111/59/19
f 3106/66/19 3105/52/19 3109/54/19 3110/61/19
f 3056/67/19 3104/68/19 3108/64/19 3055/63/19
f 3104/68/22 3103/69/22 3107/65/22 3108/64/22
f 3103/69/23 3102/70/23 3106/66/23 3107/65/23
f 3102/70/99 3101/50/99 3105/52/99 3106/66/99
f 3045/71/24 3069/72/24 3104/68/24 3056/67/24
f 3069/72/25 3070/73/25 3103/69/25 3104/68/25
f 3070/73/26 3071/74/26 3102/70/26 3103/69/26
f 3071/74/26 3072/47/26 3101/50/26 3102/70/26
f 3062/39/27 3096/75/27 3100/76/27 3061/18/27
f 3096/75/28 3095/77/28 3099/78/28 3100/76/28
f 3095/77/29 3094/79/29 3098/80/29 3099/78/29
f 3094/79/29 3093/46/29 3097/9/29 3098/80/29
f 3063/37/27 3092/81/27 3096/75/27 3062/39/27
f 3092/81/27 3091/82/27 3095/77/27 3096/75/27
f 3091/82/27 3090/83/27 3094/79/27 3095/77/27
f 3090/83/27 3089/44/27 3093/46/27 3094/79/27
f 3064/35/27 3088/84/27 3092/81/27 3063/37/27
f 3088/84/30 3087/85/30 3091/82/30 3092/81/30
f 3087/85/31 3086/86/31 3090/83/31 3091/82/31
f 3086/86/31 3085/42/31 3089/44/31 3090/83/31
f 3051/34/32 3080/87/32 3088/84/32 3064/35/32
f 3080/87/33 3079/88/33 3087/85/33 3088/84/33
f 3079/88/34 3078/89/34 3086/86/34 3087/85/34
f 3078/89/35 3077/8/35 3085/42/35 3086/86/35
f 3125/90/36 3168/91/36 3069/92/36 3045/93/36
f 3168/91/37 3172/94/37 3070/95/37 3069/92/37
f 3172/94/38 3176/96/38 3071/97/38 3070/95/38
f 3176/96/38 3180/13/38 3072/16/38 3071/97/38
f 3061/18/39 3100/76/39 3084/98/39 3049/19/39
f 3100/76/40 3099/78/40 3083/99/40 3084/98/40
f 3099/78/41 3098/80/41 3082/100/41 3083/99/41
f 3098/80/41 3097/9/41 3081/12/41 3082/100/41
f 3117/101/42 3184/102/42 3080/87/42 3051/34/42
f 3184/102/43 3188/103/43 3079/88/43 3080/87/43
f 3188/103/44 3192/104/44 3078/89/44 3079/88/44
f 3192/104/45 3196/5/45 3077/8/45 3078/89/45
f 3053/58/46 3116/57/46 3076/105/46 3047/106/46
f 3116/57/47 3115/60/47 3075/107/47 3076/105/47
f 3115/60/48 3114/62/48 3074/108/48 3075/107/48
f 3114/62/48 3113/1/48 3073/4/48 3074/108/48
f 3074/108/49 3073/4/49 3193/109/49 3189/110/49
f 3189/110/50 3193/109/50 3194/111/50 3190/112/50
f 3190/112/51 3194/111/51 3195/113/51 3191/114/51
f 3191/114/52 3195/113/52 3196/5/52 3192/104/52
f 3075/107/49 3074/108/49 3189/110/49 3185/115/49
f 3185/115/50 3189/110/50 3190/112/50 3186/116/50
f 3186/116/51 3190/112/51 3191/114/51 3187/117/51
f 3187/117/52 3191/114/52 3192/104/52 3188/103/52
f 3076/105/53 3075/107/53 3185/115/53 3181/118/53
f 3181/118/54 3185/115/54 3186/116/54 3182/119/54
f 3182/119/51 3186/116/51 3187/117/51 3183/120/51
f 3183/120/55 3187/117/55 3188/103/55 3184/102/55
f 3047/106/56 3076/105/56 3181/118/56 3120/121/56
f 3120/121/51 3181/118/51 3182/119/51 3119/122/51
f 3119/122/51 3182/119/51 3183/120/51 3118/123/51
f 3118/123/51 3183/120/51 3184/102/51 3117/101/51
f 3082/100/57 3081/12/57 3177/124/57 3173/125/57
f 3173/125/58 3177/124/58 3178/126/58 3174/127/58
f 3174/127/59 3178/126/59 3179/128/59 3175/129/59
f 3175/129/60 3179/128/60 3180/13/60 3176/96/60
f 3083/99/57 3082/100/57 3173/125/57 3169/130/57
f 3169/130/58 3173/125/58 3174/127/58 3170/131/58
f 3170/131/59 3174/127/59 3175/129/59 3171/132/59
f 3171/132/60 3175/129/60 3176/96/60 3172/94/60
f 3084/98/61 3083/99/61 3169/130/61 3165/133/61
f 3165/133/62 3169/130/62 3170/131/62 3166/134/62
f 3166/134/59 3170/131/59 3171/132/59 3167/135/59
f 3167/135/63 3171/132/63 3172/94/63 3168/91/63
f 3049/19/64 3084/98/64 3165/133/64 3128/136/64
f 3128/136/59 3165/133/59 3166/134/59 3127/137/59
f 3127/137/59 3166/134/59 3167/135/59 3126/138/59
f 3126/138/59 3167/135/59 3168/91/59 3125/90/59
f 3055/139/5 3160/140/5 3164/141/5 3056/142/5
f 3160/140/5 3159/143/5 3163/144/5 3164/141/5
f 3159/143/5 3158/145/5 3162/146/5 3163/144/5
f 3158/145/5 3157/40/5 3161/17/5 3162/146/5
f 3054/147/5 3156/148/5 3160/140/5 3055/139/5
f 3156/148/5 3155/149/5 3159/143/5 3160/140/5
f 3155/149/5 3154/150/5 3158/145/5 3159/143/5
f 3154/150/5 3153/38/5 3157/40/5 3158/145/5
f 3053/151/5 3152/152/5 3156/148/5 3054/147/5
f 3152/152/5 3151/153/5 3155/149/5 3156/148/5
f 3151/153/5 3150/154/5 3154/150/5 3155/149/5
f 3150/154/5 3149/36/5 3153/38/5 3154/150/5
f 3047/155/5 3120/156/5 3152/152/5 3053/151/5
f 3120/156/5 3119/157/5 3151/153/5 3152/152/5
f 3119/157/5 3118/158/5 3150/154/5 3151/153/5
f 3118/158/5 3117/33/5 3149/36/5 3150/154/5
f 3067/45/65 3144/159/65 3148/160/65 3068/10/65
f 3144/159/66 3143/161/66 3147/162/66 3148/160/66
f 3143/161/67 3142/163/67 3146/164/67 3147/162/67
f 3142/163/68 3141/32/68 3145/21/68 3146/164/68
f 3066/43/69 3140/165/69 3144/159/69 3067/45/69
f 3140/165/70 3139/166/70 3143/161/70 3144/159/70
f 3139/166/71 3138/167/71 3142/163/71 3143/161/71
f 3138/167/72 3137/30/72 3141/32/72 3142/163/72
f 3065/41/73 3136/168/73 3140/165/73 3066/43/73
f 3136/168/74 3135/169/74 3139/166/74 3140/165/74
f 3135/169/75 3134/170/75 3138/167/75 3139/166/75
f 3134/170/76 3133/28/76 3137/30/76 3138/167/76
f 3052/7/77 3124/171/77 3136/168/77 3065/41/77
f 3124/171/78 3123/172/78 3135/169/78 3136/168/78
f 3123/172/79 3122/173/79 3134/170/79 3135/169/79
f 3122/173/80 3121/25/80 3133/28/80 3134/170/80
f 3068/10/81 3148/160/81 3129/174/81 3050/11/81
f 3148/160/82 3147/162/82 3130/175/82 3129/174/82
f 3147/162/83 3146/164/83 3131/176/83 3130/175/83
f 3146/164/84 3145/21/84 3132/24/84 3131/176/84
f 3056/142/5 3164/141/5 3125/177/5 3045/178/5
f 3164/141/5 3163/144/5 3126/179/5 3125/177/5
f 3163/144/5 3162/146/5 3127/180/5 3126/179/5
f 3162/146/5 3161/17/5 3128/20/5 3127/180/5
f 3081/12/85 3050/11/85 3129/181/85 3177/124/85
f 3177/124/86 3129/181/86 3130/182/86 3178/126/86
f 3178/126/87 3130/182/87 3131/183/87 3179/128/87
f 3179/128/88 3131/183/88 3132/14/88 3180/13/88
f 3073/4/89 3048/3/89 3121/184/89 3193/109/89
f 3193/109/90 3121/184/90 3122/185/90 3194/111/90
f 3194/111/91 3122/185/91 3123/186/91 3195/113/91
f 3195/113/92 3123/186/92 3124/6/92 3196/5/92
f 3265/1/1 3212/2/1 3200/3/1 3225/4/1
f 3348/5/2 3276/6/2 3204/7/2 3229/8/2
f 3249/9/3 3220/10/3 3202/11/3 3233/12/3
f 3332/13/4 3284/14/4 3198/15/4 3224/16/4
f 3313/17/5 3213/18/5 3201/19/5 3280/20/5
f 3297/21/6 3209/22/6 3198/23/6 3284/24/6
f 3273/25/7 3200/26/7 3212/27/7 3285/28/7
f 3285/28/8 3212/27/8 3211/29/8 3289/30/8
f 3289/30/9 3211/29/9 3210/31/9 3293/32/9
f 3293/32/10 3210/31/10 3209/22/10 3297/21/10
f 3269/33/5 3203/34/5 3216/35/5 3301/36/5
f 3301/36/5 3216/35/5 3215/37/5 3305/38/5
f 3305/38/5 3215/37/5 3214/39/5 3309/40/5
f 3309/40/5 3214/39/5 3213/18/5 3313/17/5
f 3229/8/11 3204/7/11 3217/41/11 3237/42/11
f 3237/42/12 3217/41/12 3218/43/12 3241/44/12
f 3241/44/13 3218/43/13 3219/45/13 3245/46/13
f 3245/46/14 3219/45/14 3220/10/14 3249/9/14
f 3224/47/15 3198/48/15 3209/49/15 3253/50/15
f 3253/50/16 3209/49/16 3210/51/16 3257/52/16
f 3257/52/17 3210/51/17 3211/53/17 3261/54/17
f 3261/54/18 3211/53/18 3212/2/18 3265/1/18
f 3206/55/19 3264/56/19 3268/57/19 3205/58/19
f 3264/56/20 3263/59/20 3267/60/20 3268/57/20
f 3263/59/21 3262/61/21 3266/62/21 3267/60/21
f 3262/61/21 3261/54/21 3265/1/21 3266/62/21
f 3207/63/19 3260/64/19 3264/56/19 3206/55/19
f 3260/64/19 3259/65/19 3263/59/19 3264/56/19
f 3259/65/19 3258/66/19 3262/61/19 3263/59/19
f 3258/66/19 3257/52/19 3261/54/19 3262/61/19
f 3208/67/19 3256/68/19 3260/64/19 3207/63/19
f 3256/68/22 3255/69/22 3259/65/22 3260/64/22
f 3255/69/23 3254/70/23 3258/66/23 3259/65/23
f 3254/70/23 3253/50/23 3257/52/23 3258/66/23
f 3197/71/24 3221/72/24 3256/68/24 3208/67/24
f 3221/72/25 3222/73/25 3255/69/25 3256/68/25
f 3222/73/26 3223/74/26 3254/70/26 3255/69/26
f 3223/74/26 3224/47/26 3253/50/26 3254/70/26
f 3214/39/27 3248/75/27 3252/76/27 3213/18/27
f 3248/75/28 3247/77/28 3251/78/28 3252/76/28
f 3247/77/29 3246/79/29 3250/80/29 3251/78/29
f 3246/79/29 3245/46/29 3249/9/29 3250/80/29
f 3215/37/27 3244/81/27 3248/75/27 3214/39/27
f 3244/81/27 3243/82/27 3247/77/27 3248/75/27
f 3243/82/27 3242/83/27 3246/79/27 3247/77/27
f 3242/83/27 3241/44/27 3245/46/27 3246/79/27
f 3216/35/27 3240/84/27 3244/81/27 3215/37/27
f 3240/84/30 3239/85/30 3243/82/30 3244/81/30
f 3239/85/31 3238/86/31 3242/83/31 3243/82/31
f 3238/86/31 3237/42/31 3241/44/31 3242/83/31
f 3203/34/32 3232/87/32 3240/84/32 3216/35/32
f 3232/87/33 3231/88/33 3239/85/33 3240/84/33
f 3231/88/34 3230/89/34 3238/86/34 3239/85/34
f 3230/89/35 3229/8/35 3237/42/35 3238/86/35
f 3277/90/36 3320/91/36 3221/92/36 3197/93/36
f 3320/91/37 3324/94/37 3222/95/37 3221/92/37
f 3324/94/38 3328/96/38 3223/97/38 3222/95/38
f 3328/96/38 3332/13/38 3224/16/38 3223/97/38
f 3213/18/39 3252/76/39 3236/98/39 3201/19/39
f 3252/76/94 3251/78/94 3235/99/94 3236/98/94
f 3251/78/41 3250/80/41 3234/100/41 3235/99/41
f 3250/80/41 3249/9/41 3233/12/41 3234/100/41
f 3269/101/42 3336/102/42 3232/87/42 3203/34/42
f 3336/102/43 3340/103/43 3231/88/43 3232/87/43
f 3340/103/44 3344/104/44 3230/89/44 3231/88/44
f 3344/104/45 3348/5/45 3229/8/45 3230/89/45
f 3205/58/46 3268/57/46 3228/105/46 3199/106/46
f 3268/57/47 3267/60/47 3227/107/47 3228/105/47
f 3267/60/48 3266/62/48 3226/108/48 3227/107/48
f 3266/62/48 3265/1/48 3225/4/48 3226/108/48
f 3226/108/49 3225/4/49 3345/109/49 3341/110/49
f 3341/110/50 3345/109/50 3346/111/50 3342/112/50
f 3342/112/51 3346/111/51 3347/113/51 3343/114/51
f 3343/114/52 3347/113/52 3348/5/52 3344/104/52
f 3227/107/49 3226/108/49 3341/110/49 3337/115/49
f 3337/115/50 3341/110/50 3342/112/50 3338/116/50
f 3338/116/51 3342/112/51 3343/114/51 3339/117/51
f 3339/117/52 3343/114/52 3344/104/52 3340/103/52
f 3228/105/53 3227/107/53 3337/115/53 3333/118/53
f 3333/118/54 3337/115/54 3338/116/54 3334/119/54
f 3334/119/51 3338/116/51 3339/117/51 3335/120/51
f 3335/120/55 3339/117/55 3340/103/55 3336/102/55
f 3199/106/56 3228/105/56 3333/118/56 3272/121/56
f 3272/121/51 3333/118/51 3334/119/51 3271/122/51
f 3271/122/51 3334/119/51 3335/120/51 3270/123/51
f 3270/123/51 3335/120/51 3336/102/51 3269/101/51
f 3234/100/57 3233/12/57 3329/124/57 3325/125/57
f 3325/125/58 3329/124/58 3330/126/58 3326/127/58
f 3326/127/59 3330/126/59 3331/128/59 3327/129/59
f 3327/129/60 3331/128/60 3332/13/60 3328/96/60
f 3235/99/57 3234/100/57 3325/125/57 3321/130/57
f 3321/130/58 3325/125/58 3326/127/58 3322/131/58
f 3322/131/59 3326/127/59 3327/129/59 3323/132/59
f 3323/132/60 3327/129/60 3328/96/60 3324/94/60
f 3236/98/61 3235/99/61 3321/130/61 3317/133/61
f 3317/133/62 3321/130/62 3322/131/62 3318/134/62
f 3318/134/59 3322/131/59 3323/132/59 3319/135/59
f 3319/135/63 3323/132/63 3324/94/63 3320/91/63
f 3201/19/64 3236/98/64 3317/133/64 3280/136/64
f 3280/136/59 3317/133/59 3318/134/59 3279/137/59
f 3279/137/59 3318/134/59 3319/135/59 3278/138/59
f 3278/138/59 3319/135/59 3320/91/59 3277/90/59
f 3207/139/5 3312/140/5 3316/141/5 3208/142/5
f 3312/140/5 3311/143/5 3315/144/5 3316/141/5
f 3311/143/5 3310/145/5 3314/146/5 3315/144/5
f 3310/145/5 3309/40/5 3313/17/5 3314/146/5
f 3206/147/5 3308/148/5 3312/140/5 3207/139/5
f 3308/148/5 3307/149/5 3311/143/5 3312/140/5
f 3307/149/5 3306/150/5 3310/145/5 3311/143/5
f 3306/150/5 3305/38/5 3309/40/5 3310/145/5
f 3205/151/5 3304/152/5 3308/148/5 3206/147/5
f 3304/152/5 3303/153/5 3307/149/5 3308/148/5
f 3303/153/5 3302/154/5 3306/150/5 3307/149/5
f 3302/154/5 3301/36/5 3305/38/5 3306/150/5
f 3199/155/5 3272/156/5 3304/152/5 3205/151/5
f 3272/156/5 3271/157/5 3303/153/5 3304/152/5
f 3271/157/5 3270/158/5 3302/154/5 3303/153/5
f 3270/158/5 3269/33/5 3301/36/5 3302/154/5
f 3219/45/65 3296/159/65 3300/160/65 3220/10/65
f 3296/159/66 3295/161/66 3299/162/66 3300/160/66
f 3295/161/67 3294/163/67 3298/164/67 3299/162/67
f 3294/163/68 3293/32/68 3297/21/68 3298/164/68
f 3218/43/69 3292/165/69 3296/159/69 3219/45/69
f 3292/165/70 3291/166/70 3295/161/70 3296/159/70
f 3291/166/71 3290/167/71 3294/163/71 3295/161/71
f 3290/167/72 3289/30/72 3293/32/72 3294/163/72
f 3217/41/73 3288/168/73 3292/165/73 3218/43/73
f 3288/168/74 3287/169/74 3291/166/74 3292/165/74
f 3287/169/75 3286/170/75 3290/167/75 3291/166/75
f 3286/170/76 3285/28/76 3289/30/76 3290/167/76
f 3204/7/77 3276/171/77 3288/168/77 3217/41/77
f 3276/171/78 3275/172/78 3287/169/78 3288/168/78
f 3275/172/79 3274/173/79 3286/170/79 3287/169/79
f 3274/173/80 3273/25/80 3285/28/80 3286/170/80
f 3220/10/81 3300/160/81 3281/174/81 3202/11/81
f 3300/160/82 3299/162/82 3282/175/82 3281/174/82
f 3299/162/83 3298/164/83 3283/176/83 3282/175/83
f 3298/164/84 3297/21/84 3284/24/84 3283/176/84
f 3208/142/5 3316/141/5 3277/177/5 3197/178/5
f 3316/141/5 3315/144/5 3278/179/5 3277/177/5
f 3315/144/5 3314/146/5 3279/180/5 3278/179/5
f 3314/146/5 3313/17/5 3280/20/5 3279/180/5
f 3233/12/85 3202/11/85 3281/181/85 3329/124/85
f 3329/124/86 3281/181/86 3282/182/86 3330/126/86
f 3330/126/87 3282/182/87 3283/183/87 3331/128/87
f 3331/128/88 3283/183/88 3284/14/88 3332/13/88
f 3225/4/89 3200/3/89 3273/184/89 3345/109/89
f 3345/109/90 3273/184/90 3274/185/90 3346/111/90
f 3346/111/91 3274/185/91 3275/186/91 3347/113/91
f 3347/113/92 3275/186/92 3276/6/92 3348/5/92
f 3417/1/1 3364/2/1 3352/3/1 3377/4/1
f 3500/5/2 3428/6/2 3356/7/2 3381/8/2
f 3401/9/3 3372/10/3 3354/11/3 3385/12/3
f 3484/13/4 3436/14/4 3350/15/4 3376/16/4
f 3465/17/5 3365/18/5 3353/19/5 3432/20/5
f 3449/21/6 3361/22/6 3350/23/6 3436/24/6
f 3425/25/7 3352/26/7 3364/27/7 3437/28/7
f 3437/28/8 3364/27/8 3363/29/8 3441/30/8
f 3441/30/9 3363/29/9 3362/31/9 3445/32/9
f 3445/32/10 3362/31/10 3361/22/10 3449/21/10
f 3421/33/5 3355/34/5 3368/35/5 3453/36/5
f 3453/36/5 3368/35/5 3367/37/5 3457/38/5
f 3457/38/5 3367/37/5 3366/39/5 3461/40/5
f 3461/40/5 3366/39/5 3365/18/5 3465/17/5
f 3381/8/11 3356/7/11 3369/41/11 3389/42/11
f 3389/42/12 3369/41/12 3370/43/12 3393/44/12
f 3393/44/13 3370/43/13 3371/45/13 3397/46/13
f 3397/46/14 3371/45/14 3372/10/14 3401/9/14
f 3376/47/15 3350/48/15 3361/49/15 3405/50/15
f 3405/50/16 3361/49/16 3362/51/16 3409/52/16
f 3409/52/17 3362/51/17 3363/53/17 3413/54/17
f 3413/54/18 3363/53/18 3364/2/18 3417/1/18
f 3358/55/19 3416/56/19 3420/57/19 3357/58/19
f 3416/56/20 3415/59/20 3419/60/20 3420/57/20
f 3415/59/21 3414/61/21 3418/62/21 3419/60/21
f 3414/61/21 3413/54/21 3417/1/21 3418/62/21
f 3359/63/19 3412/64/19 3416/56/19 3358/55/19
f 3412/64/19 3411/65/19 3415/59/19 3416/56/19
f 3411/65/19 3410/66/19 3414/61/19 3415/59/19
f 3410/66/19 3409/52/19 3413/54/19 3414/61/19
f 3360/67/19 3408/68/19 3412/64/19 3359/63/19
f 3408/68/22 3407/69/22 3411/65/22 3412/64/22
f 3407/69/23 3406/70/23 3410/66/23 3411/65/23
f 3406/70/23 3405/50/23 3409/52/23 3410/66/23
f 3349/71/24 3373/72/24 3408/68/24 3360/67/24
f 3373/72/25 3374/73/25 3407/69/25 3408/68/25
f 3374/73/26 3375/74/26 3406/70/26 3407/69/26
f 3375/74/26 3376/47/26 3405/50/26 3406/70/26
f 3366/39/27 3400/75/27 3404/76/27 3365/18/27
f 3400/75/28 3399/77/28 3403/78/28 3404/76/28
f 3399/77/29 3398/79/29 3402/80/29 3403/78/29
f 3398/79/29 3397/46/29 3401/9/29 3402/80/29
f 3367/37/27 3396/81/27 3400/75/27 3366/39/27
f 3396/81/27 3395/82/27 3399/77/27 3400/75/27
f 3395/82/27 3394/83/27 3398/79/27 3399/77/27
f 3394/83/27 3393/44/27 3397/46/27 3398/79/27
f 3368/35/27 3392/84/27 3396/81/27 3367/37/27
f 3392/84/30 3391/85/30 3395/82/30 3396/81/30
f 3391/85/31 3390/86/31 3394/83/31 3395/82/31
f 3390/86/31 3389/42/31 3393/44/31 3394/83/31
f 3355/34/32 3384/87/32 3392/84/32 3368/35/32
f 3384/87/33 3383/88/33 3391/85/33 3392/84/33
f 3383/88/34 3382/89/34 3390/86/34 3391/85/34
f 3382/89/35 3381/8/35 3389/42/35 3390/86/35
f 3429/90/36 3472/91/36 3373/92/36 3349/93/36
f 3472/91/37 3476/94/37 3374/95/37 3373/92/37
f 3476/94/38 3480/96/38 3375/97/38 3374/95/38
f 3480/96/38 3484/13/38 3376/16/38 3375/97/38
f 3365/18/39 3404/76/39 3388/98/39 3353/19/39
f 3404/76/40 3403/78/40 3387/99/40 3388/98/40
f 3403/78/41 3402/80/41 3386/100/41 3387/99/41
f 3402/80/41 3401/9/41 3385/12/41 3386/100/41
f 3421/101/42 3488/102/42 3384/87/42 3355/34/42
f 3488/102/43 3492/103/43 3383/88/43 3384/87/43
f 3492/103/44 3496/104/44 3382/89/44 3383/88/44
f 3496/104/45 3500/5/45 3381/8/45 3382/89/45
f 3357/58/46 3420/57/46 3380/105/46 3351/106/46
f 3420/57/47 3419/60/47 3379/107/47 3380/105/47
f 3419/60/48 3418/62/48 3378/108/48 3379/107/48
f 3418/62/48 3417/1/48 3377/4/48 3378/108/48
f 3378/108/49 3377/4/49 3497/109/49 3493/110/49
f 3493/110/50 3497/109/50 3498/111/50 3494/112/50
f 3494/112/51 3498/111/51 3499/113/51 3495/114/51
f 3495/114/52 3499/113/52 3500/5/52 3496/104/52
f 3379/107/49 3378/108/49 3493/110/49 3489/115/49
f 3489/115/50 3493/110/50 3494/112/50 3490/116/50
f 3490/116/51 3494/112/51 3495/114/51 3491/117/51
f 3491/117/52 3495/114/52 3496/104/52 3492/103/52
f 3380/105/53 3379/107/53 3489/115/53 3485/118/53
f 3485/118/54 3489/115/54 3490/116/54 3486/119/54
f 3486/119/51 3490/116/51 3491/117/51 3487/120/51
f 3487/120/55 3491/117/55 3492/103/55 3488/102/55
f 3351/106/56 3380/105/56 3485/118/56 3424/121/56
f 3424/121/51 3485/118/51 3486/119/51 3423/122/51
f 3423/122/51 3486/119/51 3487/120/51 3422/123/51
f 3422/123/51 3487/120/51 3488/102/51 3421/101/51
f 3386/100/57 3385/12/57 3481/124/57 3477/125/57
f 3477/125/58 3481/124/58 3482/126/58 3478/127/58
f 3478/127/59 3482/126/59 3483/128/59 3479/129/59
f 3479/129/60 3483/128/60 3484/13/60 3480/96/60
f 3387/99/57 3386/100/57 3477/125/57 3473/130/57
f 3473/130/58 3477/125/58 3478/127/58 3474/131/58
f 3474/131/59 3478/127/59 3479/129/59 3475/132/59
f 3475/132/60 3479/129/60 3480/96/60 3476/94/60
f 3388/98/61 3387/99/61 3473/130/61 3469/133/61
f 3469/133/62 3473/130/62 3474/131/62 3470/134/62
f 3470/134/59 3474/131/59 3475/132/59 3471/135/59
f 3471/135/63 3475/132/63 3476/94/63 3472/91/63
f 3353/19/64 3388/98/64 3469/133/64 3432/136/64
f 3432/136/59 3469/133/59 3470/134/59 3431/137/59
f 3431/137/59 3470/134/59 3471/135/59 3430/138/59
f 3430/138/59 3471/135/59 3472/91/59 3429/90/59
f 3359/139/5 3464/140/5 3468/141/5 3360/142/5
f 3464/140/5 3463/143/5 3467/144/5 3468/141/5
f 3463/143/5 3462/145/5 3466/146/5 3467/144/5
f 3462/145/5 3461/40/5 3465/17/5 3466/146/5
f 3358/147/5 3460/148/5 3464/140/5 3359/139/5
f 3460/148/5 3459/149/5 3463/143/5 3464/140/5
f 3459/149/5 3458/150/5 3462/145/5 3463/143/5
f 3458/150/5 3457/38/5 3461/40/5 3462/145/5
f 3357/151/5 3456/152/5 3460/148/5 3358/147/5
f 3456/152/5 3455/153/5 3459/149/5 3460/148/5
f 3455/153/5 3454/154/5 3458/150/5 3459/149/5
f 3454/154/5 3453/36/5 3457/38/5 3458/150/5
f 3351/155/5 3424/156/5 3456/152/5 3357/151/5
f 3424/156/5 3423/157/5 3455/153/5 3456/152/5
f 3423/157/5 3422/158/5 3454/154/5 3455/153/5
f 3422/158/5 3421/33/5 3453/36/5 3454/154/5
f 3371/45/65 3448/159/65 3452/160/65 3372/10/65
f 3448/159/66 3447/161/66 3451/162/66 3452/160/66
f 3447/161/67 3446/163/67 3450/164/67 3451/162/67
f 3446/163/68 3445/32/68 3449/21/68 3450/164/68
f 3370/43/69 3444/165/69 3448/159/69 3371/45/69
f 3444/165/70 3443/166/70 3447/161/70 3448/159/70
f 3443/166/71 3442/167/71 3446/163/71 3447/161/71
f 3442/167/72 3441/30/72 3445/32/72 3446/163/72
f 3369/41/73 3440/168/73 3444/165/73 3370/43/73
f 3440/168/74 3439/169/74 3443/166/74 3444/165/74
f 3439/169/75 3438/170/75 3442/167/75 3443/166/75
f 3438/170/76 3437/28/76 3441/30/76 3442/167/76
f 3356/7/77 3428/171/77 3440/168/77 3369/41/77
f 3428/171/78 3427/172/78 3439/169/78 3440/168/78
f 3427/172/79 3426/173/79 3438/170/79 3439/169/79
f 3426/173/80 3425/25/80 3437/28/80 3438/170/80
f 3372/10/81 3452/160/81 3433/174/81 3354/11/81
f 3452/160/82 3451/162/82 3434/175/82 3433/174/82
f 3451/162/83 3450/164/83 3435/176/83 3434/175/83
f 3450/164/84 3449/21/84 3436/24/84 3435/176/84
f 3360/142/5 3468/141/5 3429/177/5 3349/178/5
f 3468/141/5 3467/144/5 3430/179/5 3429/177/5
f 3467/144/5 3466/146/5 3431/180/5 3430/179/5
f 3466/146/5 3465/17/5 3432/20/5 3431/180/5
f 3385/12/85 3354/11/85 3433/181/85 3481/124/85
f 3481/124/86 3433/181/86 3434/182/86 3482/126/86
f 3482/126/87 3434/182/87 3435/183/87 3483/128/87
f 3483/128/88 3435/183/88 3436/14/88 3484/13/88
f 3377/4/89 3352/3/89 3425/184/89 3497/109/89
f 3497/109/90 3425/184/90 3426/185/90 3498/111/90
f 3498/111/91 3426/185/91 3427/186/91 3499/113/91
f 3499/113/92 3427/186/92 3428/6/92 3500/5/92
f 3569/1/1 3516/2/1 3504/3/1 3529/4/1
f 3652/5/2 3580/6/2 3508/7/2 3533/8/2
f 3553/9/3 3524/10/3 3506/11/3 3537/12/3
f 3636/13/4 3588/14/4 3502/15/4 3528/16/4
f 3617/17/5 3517/18/5 3505/19/5 3584/20/5
f 3601/21/6 3513/22/6 3502/23/6 3588/24/6
f 3577/25/7 3504/26/7 3516/27/7 3589/28/7
f 3589/28/8 3516/27/8 3515/29/8 3593/30/8
f 3593/30/9 3515/29/9 3514/31/9 3597/32/9
f 3597/32/10 3514/31/10 3513/22/10 3601/21/10
f 3573/33/5 3507/34/5 3520/35/5 3605/36/5
f 3605/36/5 3520/35/5 3519/37/5 3609/38/5
f 3609/38/5 3519/37/5 3518/39/5 3613/40/5
f 3613/40/5 3518/39/5 3517/18/5 3617/17/5
f 3533/8/11 3508/7/11 3521/41/11 3541/42/11
f 3541/42/12 3521/41/12 3522/43/12 3545/44/12
f 3545/44/13 3522/43/13 3523/45/13 3549/46/13
f 3549/46/14 3523/45/14 3524/10/14 3553/9/14
f 3528/47/15 3502/48/15 3513/49/15 3557/50/15
f 3557/50/16 3513/49/16 3514/51/16 3561/52/16
f 3561/52/17 3514/51/17 3515/53/17 3565/54/17
f 3565/54/18 3515/53/18 3516/2/18 3569/1/18
f 3510/55/19 3568/56/19 3572/57/19 3509/58/19
f 3568/56/20 3567/59/20 3571/60/20 3572/57/20
f 3567/59/21 3566/61/21 3570/62/21 3571/60/21
f 3566/61/21 3565/54/21 3569/1/21 3570/62/21
f 3511/63/19 3564/64/19 3568/56/19 3510/55/19
f 3564/64/19 3563/65/19 3567/59/19 3568/56/19
f 3563/65/19 3562/66/19 3566/61/19 3567/59/19
f 3562/66/19 3561/52/19 3565/54/19 3566/61/19
f 3512/67/19 3560/68/19 3564/64/19 3511/63/19
f 3560/68/22 3559/69/22 3563/65/22 3564/64/22
f 3559/69/23 3558/70/23 3562/66/23 3563/65/23
f 3558/70/23 3557/50/23 3561/52/23 3562/66/23
f 3501/71/24 3525/72/24 3560/68/24 3512/67/24
f 3525/72/25 3526/73/25 3559/69/25 3560/68/25
f 3526/73/26 3527/74/26 3558/70/26 3559/69/26
f 3527/74/26 3528/47/26 3557/50/26 3558/70/26
f 3518/39/27 3552/75/27 3556/76/27 3517/18/27
f 3552/75/28 3551/77/28 3555/78/28 3556/76/28
f 3551/77/29 3550/79/29 3554/80/29 3555/78/29
f 3550/79/29 3549/46/29 3553/9/29 3554/80/29
f 3519/37/27 3548/81/27 3552/75/27 3518/39/27
f 3548/81/27 3547/82/27 3551/77/27 3552/75/27
f 3547/82/27 3546/83/27 3550/79/27 3551/77/27
f 3546/83/27 3545/44/27 3549/46/27 3550/79/27
f 3520/35/27 3544/84/27 3548/81/27 3519/37/27
f 3544/84/30 3543/85/30 3547/82/30 3548/81/30
f 3543/85/31 3542/86/31 3546/83/31 3547/82/31
f 3542/86/31 3541/42/31 3545/44/31 3546/83/31
f 3507/34/32 3536/87/32 3544/84/32 3520/35/32
f 3536/87/33 3535/88/33 3543/85/33 3544/84/33
f 3535/88/34 3534/89/34 3542/86/34 3543/85/34
f 3534/89/35 3533/8/35 3541/42/35 3542/86/35
f 3581/90/36 3624/91/36 3525/92/36 3501/93/36
f 3624/91/37 3628/94/37 3526/95/37 3525/92/37
f 3628/94/38 3632/96/38 3527/97/38 3526/95/38
f 3632/96/38 3636/13/38 3528/16/38 3527/97/38
f 3517/18/39 3556/76/39 3540/98/39 3505/19/39
f 3556/76/94 3555/78/94 3539/99/94 3540/98/94
f 3555/78/41 3554/80/41 3538/100/41 3539/99/41
f 3554/80/41 3553/9/41 3537/12/41 3538/100/41
f 3573/101/42 3640/102/42 3536/87/42 3507/34/42
f 3640/102/43 3644/103/43 3535/88/43 3536/87/43
f 3644/103/44 3648/104/44 3534/89/44 3535/88/44
f 3648/104/45 3652/5/45 3533/8/45 3534/89/45
f 3509/58/46 3572/57/46 3532/105/46 3503/106/46
f 3572/57/47 3571/60/47 3531/107/47 3532/105/47
f 3571/60/48 3570/62/48 3530/108/48 3531/107/48
f 3570/62/48 3569/1/48 3529/4/48 3530/108/48
f 3530/108/49 3529/4/49 3649/109/49 3645/110/49
f 3645/110/50 3649/109/50 3650/111/50 3646/112/50
f 3646/112/51 3650/111/51 3651/113/51 3647/114/51
f 3647/114/52 3651/113/52 3652/5/52 3648/104/52
f 3531/107/49 3530/108/49 3645/110/49 3641/115/49
f 3641/115/50 3645/110/50 3646/112/50 3642/116/50
f 3642/116/51 3646/112/51 3647/114/51 3643/117/51
f 3643/117/52 3647/114/52 3648/104/52 3644/103/52
f 3532/105/53 3531/107/53 3641/115/53 3637/118/53
f 3637/118/54 3641/115/54 3642/116/54 3638/119/54
f 3638/119/51 3642/116/51 3643/117/51 3639/120/51
f 3639/120/55 3643/117/55 3644/103/55 3640/102/55
f 3503/106/56 3532/105/56 3637/118/56 3576/121/56
f 3576/121/51 3637/118/51 3638/119/51 3575/122/51
f 3575/122/51 3638/119/51 3639/120/51 3574/123/51
f 3574/123/51 3639/120/51 3640/102/51 3573/101/51
f 3538/100/57 3537/12/57 3633/124/57 3629/125/57
f 3629/125/58 3633/124/58 3634/126/58 3630/127/58
f 3630/127/59 3634/126/59 3635/128/59 3631/129/59
f 3631/129/60 3635/128/60 3636/13/60 3632/96/60
f 3539/99/57 3538/100/57 3629/125/57 3625/130/57
f 3625/130/58 3629/125/58 3630/127/58 3626/131/58
f 3626/131/59 3630/127/59 3631/129/59 3627/132/59
f 3627/132/60 3631/129/60 3632/96/60 3628/94/60
f 3540/98/61 3539/99/61 3625/130/61 3621/133/61
f 3621/133/62 3625/130/62 3626/131/62 3622/134/62
f 3622/134/59 3626/131/59 3627/132/59 3623/135/59
f 3623/135/63 3627/132/63 3628/94/63 3624/91/63
f 3505/19/64 3540/98/64 3621/133/64 3584/136/64
f 3584/136/59 3621/133/59 3622/134/59 3583/137/59
f 3583/137/59 3622/134/59 3623/135/59 3582/138/59
f 3582/138/59 3623/135/59 3624/91/59 3581/90/59
f 3511/139/5 3616/140/5 3620/141/5 3512/142/5
f 3616/140/5 3615/143/5 3619/144/5 3620/141/5
f 3615/143/5 3614/145/5 3618/146/5 3619/144/5
f 3614/145/5 3613/40/5 3617/17/5 3618/146/5
f 3510/147/5 3612/148/5 3616/140/5 3511/139/5
f 3612/148/5 3611/149/5 3615/143/5 3616/140/5
f 3611/149/5 3610/150/5 3614/145/5 3615/143/5
f 3610/150/5 3609/38/5 3613/40/5 3614/145/5
f 3509/151/5 3608/152/5 3612/148/5 3510/147/5
f 3608/152/5 3607/153/5 3611/149/5 3612/148/5
f 3607/153/5 3606/154/5 3610/150/5 3611/149/5
f 3606/154/5 3605/36/5 3609/38/5 3610/150/5
f 3503/155/5 3576/156/5 3608/152/5 3509/151/5
f 3576/156/5 3575/157/5 3607/153/5 3608/152/5
f 3575/157/5 3574/158/5 3606/154/5 3607/153/5
f 3574/158/5 3573/33/5 3605/36/5 3606/154/5
f 3523/45/65 3600/159/65 3604/160/65 3524/10/65
f 3600/159/66 3599/161/66 3603/162/66 3604/160/66
f 3599/161/67 3598/163/67 3602/164/67 3603/162/67
f 3598/163/68 3597/32/68 3601/21/68 3602/164/68
f 3522/43/69 3596/165/69 3600/159/69 3523/45/69
f 3596/165/70 3595/166/70 3599/161/70 3600/159/70
f 3595/166/71 3594/167/71 3598/163/71 3599/161/71
f 3594/167/72 3593/30/72 3597/32/72 3598/163/72
f 3521/41/73 3592/168/73 3596/165/73 3522/43/73
f 3592/168/74 3591/169/74 3595/166/74 3596/165/74
f 3591/169/75 3590/170/75 3594/167/75 3595/166/75
f 3590/170/76 3589/28/76 3593/30/76 3594/167/76
f 3508/7/77 3580/171/77 3592/168/77 3521/41/77
f 3580/171/78 3579/172/78 3591/169/78 3592/168/78
f 3579/172/79 3578/173/79 3590/170/79 3591/169/79
f 3578/173/80 3577/25/80 3589/28/80 3590/170/80
f 3524/10/81 3604/160/81 3585/174/81 3506/11/81
f 3604/160/82 3603/162/82 3586/175/82 3585/174/82
f 3603/162/83 3602/164/83 3587/176/83 3586/175/83
f 3602/164/84 3601/21/84 3588/24/84 3587/176/84
f 3512/142/5 3620/141/5 3581/177/5 3501/178/5
f 3620/141/5 3619/144/5 3582/179/5 3581/177/5
f 3619/144/5 3618/146/5 3583/180/5 3582/179/5
f 3618/146/5 3617/17/5 3584/20/5 3583/180/5
f 3537/12/85 3506/11/85 3585/181/85 3633/124/85
f 3633/124/86 3585/181/86 3586/182/86 3634/126/86
f 3634/126/87 3586/182/87 3587/183/87 3635/128/87
f 3635/128/88 3587/183/88 3588/14/88 3636/13/88
f 3529/4/89 3504/3/89 3577/184/89 3649/109/89
f 3649/109/90 3577/184/90 3578/185/90 3650/111/90
f 3650/111/91 3578/185/91 3579/186/91 3651/113/91
f 3651/113/92 3579/186/92 3580/6/92 3652/5/92
f 3721/1/1 3668/2/1 3656/3/1 3681/4/1
f 3804/5/2 3732/6/2 3660/7/2 3685/8/2
f 3705/9/3 3676/10/3 3658/11/3 3689/12/3
f 3788/13/4 3740/14/4 3654/15/4 3680/16/4
f 3769/17/5 3669/18/5 3657/19/5 3736/20/5
f 3753/21/6 3665/22/6 3654/23/6 3740/24/6
f 3729/25/7 3656/26/7 3668/27/7 3741/28/7
f 3741/28/8 3668/27/8 3667/29/8 3745/30/8
f 3745/30/9 3667/29/9 3666/31/9 3749/32/9
f 3749/32/10 3666/31/10 3665/22/10 3753/21/10
f 3725/33/5 3659/34/5 3672/35/5 3757/36/5
f 3757/36/5 3672/35/5 3671/37/5 3761/38/5
f 3761/38/5 3671/37/5 3670/39/5 3765/40/5
f 3765/40/5 3670/39/5 3669/18/5 3769/17/5
f 3685/8/11 3660/7/11 3673/41/11 3693/42/11
f 3693/42/12 3673/41/12 3674/43/12 3697/44/12
f 3697/44/13 3674/43/13 3675/45/13 3701/46/13
f 3701/46/14 3675/45/14 3676/10/14 3705/9/14
f 3680/47/15 3654/48/15 3665/49/15 3709/50/15
f 3709/50/16 3665/49/16 3666/51/16 3713/52/16
f 3713/52/17 3666/51/17 3667/53/17 3717/54/17
f 3717/54/18 3667/53/18 3668/2/18 3721/1/18
f 3662/55/19 3720/56/19 3724/57/19 3661/58/19
f 3720/56/20 3719/59/20 3723/60/20 3724/57/20
f 3719/59/21 3718/61/21 3722/62/21 3723/60/21
f 3718/61/21 3717/54/21 3721/1/21 3722/62/21
f 3663/63/19 3716/64/19 3720/56/19 3662/55/19
f 3716/64/19 3715/65/19 3719/59/19 3720/56/19
f 3715/65/19 3714/66/19 3718/61/19 3719/59/19
f 3714/66/19 3713/52/19 3717/54/19 3718/61/19
f 3664/67/19 3712/68/19 3716/64/19 3663/63/19
f 3712/68/22 3711/69/22 3715/65/22 3716/64/22
f 3711/69/23 3710/70/23 3714/66/23 3715/65/23
f 3710/70/23 3709/50/23 3713/52/23 3714/66/23
f 3653/71/24 3677/72/24 3712/68/24 3664/67/24
f 3677/72/25 3678/73/25 3711/69/25 3712/68/25
f 3678/73/26 3679/74/26 3710/70/26 3711/69/26
f 3679/74/26 3680/47/26 3709/50/26 3710/70/26
f 3670/39/27 3704/75/27 3708/76/27 3669/18/27
f 3704/75/28 3703/77/28 3707/78/28 3708/76/28
f 3703/77/29 3702/79/29 3706/80/29 3707/78/29
f 3702/79/29 3701/46/29 3705/9/29 3706/80/29
f 3671/37/27 3700/81/27 3704/75/27 3670/39/27
f 3700/81/27 3699/82/27 3703/77/27 3704/75/27
f 3699/82/27 3698/83/27 3702/79/27 3703/77/27
f 3698/83/27 3697/44/27 3701/46/27 3702/79/27
f 3672/35/27 3696/84/27 3700/81/27 3671/37/27
f 3696/84/30 3695/85/30 3699/82/30 3700/81/30
f 3695/85/31 3694/86/31 3698/83/31 3699/82/31
f 3694/86/31 3693/42/31 3697/44/31 3698/83/31
f 3659/34/32 3688/87/32 3696/84/32 3672/35/32
f 3688/87/33 3687/88/33 3695/85/33 3696/84/33
f 3687/88/34 3686/89/34 3694/86/34 3695/85/34
f 3686/89/35 3685/8/35 3693/42/35 3694/86/35
f 3733/90/36 3776/91/36 3677/92/36 3653/93/36
f 3776/91/37 3780/94/37 3678/95/37 3677/92/37
f 3780/94/38 3784/96/38 3679/97/38 3678/95/38
f 3784/96/38 3788/13/38 3680/16/38 3679/97/38
f 3669/18/39 3708/76/39 3692/98/39 3657/19/39
f 3708/76/94 3707/78/94 3691/99/94 3692/98/94
f 3707/78/41 3706/80/41 3690/100/41 3691/99/41
f 3706/80/41 3705/9/41 3689/12/41 3690/100/41
f 3725/101/42 3792/102/42 3688/87/42 3659/34/42
f 3792/102/43 3796/103/43 3687/88/43 3688/87/43
f 3796/103/44 3800/104/44 3686/89/44 3687/88/44
f 3800/104/45 3804/5/45 3685/8/45 3686/89/45
f 3661/58/46 3724/57/46 3684/105/46 3655/106/46
f 3724/57/47 3723/60/47 3683/107/47 3684/105/47
f 3723/60/48 3722/62/48 3682/108/48 3683/107/48
f 3722/62/48 3721/1/48 3681/4/48 3682/108/48
f 3682/108/49 3681/4/49 3801/109/49 3797/110/49
f 3797/110/50 3801/109/50 3802/111/50 3798/112/50
f 3798/112/51 3802/111/51 3803/113/51 3799/114/51
f 3799/114/52 3803/113/52 3804/5/52 3800/104/52
f 3683/107/49 3682/108/49 3797/110/49 3793/115/49
f 3793/115/50 3797/110/50 3798/112/50 3794/116/50
f 3794/116/51 3798/112/51 3799/114/51 3795/117/51
f 3795/117/52 3799/114/52 3800/104/52 3796/103/52
f 3684/105/53 3683/107/53 3793/115/53 3789/118/53
f 3789/118/54 3793/115/54 3794/116/54 3790/119/54
f 3790/119/51 3794/116/51 3795/117/51 3791/120/51
f 3791/120/55 3795/117/55 3796/103/55 3792/102/55
f 3655/106/56 3684/105/56 3789/118/56 3728/121/56
f 3728/121/51 3789/118/51 3790/119/51 3727/122/51
f 3727/122/51 3790/119/51 3791/120/51 3726/123/51
f 3726/123/51 3791/120/51 3792/102/51 3725/101/51
f 3690/100/57 3689/12/57 3785/124/57 3781/125/57
f 3781/125/58 3785/124/58 3786/126/58 3782/127/58
f 3782/127/59 3786/126/59 3787/128/59 3783/129/59
f 3783/129/60 3787/128/60 3788/13/60 3784/96/60
f 3691/99/57 3690/100/57 3781/125/57 3777/130/57
f 3777/130/58 3781/125/58 3782/127/58 3778/131/58
f 3778/131/59 3782/127/59 3783/129/59 3779/132/59
f 3779/132/60 3783/129/60 3784/96/60 3780/94/60
f 3692/98/61 3691/99/61 3777/130/61 3773/133/61
f 3773/133/62 3777/130/62 3778/131/62 3774/134/62
f 3774/134/59 3778/131/59 3779/132/59 3775/135/59
f 3775/135/63 3779/132/63 3780/94/63 3776/91/63
f 3657/19/64 3692/98/64 3773/133/64 3736/136/64
f 3736/136/59 3773/133/59 3774/134/59 3735/137/59
f 3735/137/59 3774/134/59 3775/135/59 3734/138/59
f 3734/138/59 3775/135/59 3776/91/59 3733/90/59
f 3663/139/5 3768/140/5 3772/141/5 3664/142/5
f 3768/140/5 3767/143/5 3771/144/5 3772/141/5
f 3767/143/5 3766/145/5 3770/146/5 3771/144/5
f 3766/145/5 3765/40/5 3769/17/5 3770/146/5
f 3662/147/5 3764/148/5 3768/140/5 3663/139/5
f 3764/148/5 3763/149/5 3767/143/5 3768/140/5
f 3763/149/5 3762/150/5 3766/145/5 3767/143/5
f 3762/150/5 3761/38/5 3765/40/5 3766/145/5
f 3661/151/5 3760/152/5 3764/148/5 3662/147/5
f 3760/152/5 3759/153/5 3763/149/5 3764/148/5
f 3759/153/5 3758/154/5 3762/150/5 3763/149/5
f 3758/154/5 3757/36/5 3761/38/5 3762/150/5
f 3655/155/5 3728/156/5 3760/152/5 3661/151/5
f 3728/156/5 3727/157/5 3759/153/5 3760/152/5
f 3727/157/5 3726/158/5 3758/154/5 3759/153/5
f 3726/158/5 3725/33/5 3757/36/5 3758/154/5
f 3675/45/65 3752/159/65 3756/160/65 3676/10/65
f 3752/159/66 3751/161/66 3755/162/66 3756/160/66
f 3751/161/67 3750/163/67 3754/164/67 3755/162/67
f 3750/163/68 3749/32/68 3753/21/68 3754/164/68
f 3674/43/69 3748/165/69 3752/159/69 3675/45/69
f 3748/165/70 3747/166/70 3751/161/70 3752/159/70
f 3747/166/71 3746/167/71 3750/163/71 3751/161/71
f 3746/167/72 3745/30/72 3749/32/72 3750/163/72
f 3673/41/73 3744/168/73 3748/165/73 3674/43/73
f 3744/168/74 3743/169/74 3747/166/74 3748/165/74
f 3743/169/75 3742/170/75 3746/167/75 3747/166/75
f 3742/170/76 3741/28/76 3745/30/76 3746/167/76
f 3660/7/77 3732/171/77 3744/168/77 3673/41/77
f 3732/171/78 3731/172/78 3743/169/78 3744/168/78
f 3731/172/79 3730/173/79 3742/170/79 3743/169/79
f 3730/173/80 3729/25/80 3741/28/80 3742/170/80
f 3676/10/81 3756/160/81 3737/174/81 3658/11/81
f 3756/160/82 3755/162/82 3738/175/82 3737/174/82
f 3755/162/83 3754/164/83 3739/176/83 3738/175/83
f 3754/164/84 3753/21/84 3740/24/84 3739/176/84
f 3664/142/5 3772/141/5 3733/177/5 3653/178/5
f 3772/141/5 3771/144/5 3734/179/5 3733/177/5
f 3771/144/5 3770/146/5 3735/180/5 3734/179/5
f 3770/146/5 3769/17/5 3736/20/5 3735/180/5
f 3689/12/85 3658/11/85 3737/181/85 3785/124/85
f 3785/124/86 3737/181/86 3738/182/86 3786/126/86
f 3786/126/87 3738/182/87 3739/183/87 3787/128/87
f 3787/128/88 3739/183/88 3740/14/88 3788/13/88
f 3681/4/89 3656/3/89 3729/184/89 3801/109/89
f 3801/109/90 3729/184/90 3730/185/90 3802/111/90
f 3802/111/91 3730/185/91 3731/186/91 3803/113/91
f 3803/113/92 3731/186/92 3732/6/92 3804/5/92
f 3873/1/1 3820/2/1 3808/3/1 3833/4/1
f 3956/5/2 3884/6/2 3812/7/2 3837/8/2
f 3857/9/3 3828/10/3 3810/11/3 3841/12/3
f 3940/13/4 3892/14/4 3806/15/4 3832/16/4
f 3921/17/5 3821/18/5 3809/19/5 3888/20/5
f 3905/21/6 3817/22/6 3806/23/6 3892/24/6
f 3881/25/7 3808/26/7 3820/27/7 3893/28/7
f 3893/28/8 3820/27/8 3819/29/8 3897/30/8
f 3897/30/9 3819/29/9 3818/31/9 3901/32/9
f 3901/32/10 3818/31/10 3817/22/10 3905/21/10
f 3877/33/5 3811/34/5 3824/35/5 3909/36/5
f 3909/36/5 3824/35/5 3823/37/5 3913/38/5
f 3913/38/5 3823/37/5 3822/39/5 3917/40/5
f 3917/40/5 3822/39/5 3821/18/5 3921/17/5
f 3837/8/11 3812/7/11 3825/41/11 3845/42/11
f 3845/42/12 3825/41/12 3826/43/12 3849/44/12
f 3849/44/13 3826/43/13 3827/45/13 3853/46/13
f 3853/46/14 3827/45/14 3828/10/14 3857/9/14
f 3832/47/15 3806/48/15 3817/49/15 3861/50/15
f 3861/50/16 3817/49/16 3818/51/16 3865/52/16
f 3865/52/17 3818/51/17 3819/53/17 3869/54/17
f 3869/54/18 3819/53/18 3820/2/18 3873/1/18
f 3814/55/19 3872/56/19 3876/57/19 3813/58/19
f 3872/56/20 3871/59/20 3875/60/20 3876/57/20
f 3871/59/21 3870/61/21 3874/62/21 3875/60/21
f 3870/61/21 3869/54/21 3873/1/21 3874/62/21
f 3815/63/19 3868/64/19 3872/56/19 3814/55/19
f 3868/64/19 3867/65/19 3871/59/19 3872/56/19
f 3867/65/19 3866/66/19 3870/61/19 3871/59/19
f 3866/66/19 3865/52/19 3869/54/19 3870/61/19
f 3816/67/19 3864/68/19 3868/64/19 3815/63/19
f 3864/68/22 3863/69/22 3867/65/22 3868/64/22
f 3863/69/23 3862/70/23 3866/66/23 3867/65/23
f 3862/70/23 3861/50/23 3865/52/23 3866/66/23
f 3805/71/24 3829/72/24 3864/68/24 3816/67/24
f 3829/72/25 3830/73/25 3863/69/25 3864/68/25
f 3830/73/26 3831/74/26 3862/70/26 3863/69/26
f 3831/74/26 3832/47/26 3861/50/26 3862/70/26
f 3822/39/27 3856/75/27 3860/76/27 3821/18/27
f 3856/75/28 3855/77/28 3859/78/28 3860/76/28
f 3855/77/29 3854/79/29 3858/80/29 3859/78/29
f 3854/79/29 3853/46/29 3857/9/29 3858/80/29
f 3823/37/27 3852/81/27 3856/75/27 3822/39/27
f 3852/81/27 3851/82/27 3855/77/27 3856/75/27
f 3851/82/27 3850/83/27 3854/79/27 3855/77/27
f 3850/83/27 3849/44/27 3853/46/27 3854/79/27
f 3824/35/27 3848/84/27 3852/81/27 3823/37/27
f 3848/84/30 3847/85/30 3851/82/30 3852/81/30
f 3847/85/31 3846/86/31 3850/83/31 3851/82/31
f 3846/86/31 3845/42/31 3849/44/31 3850/83/31
f 3811/34/32 3840/87/32 3848/84/32 3824/35/32
f 3840/87/33 3839/88/33 3847/85/33 3848/84/33
f 3839/88/34 3838/89/34 3846/86/34 3847/85/34
f 3838/89/35 3837/8/35 3845/42/35 3846/86/35
f 3885/90/36 3928/91/36 3829/92/36 3805/93/36
f 3928/91/37 3932/94/37 3830/95/37 3829/92/37
f 3932/94/38 3936/96/38 3831/97/38 3830/95/38
f 3936/96/38 3940/13/38 3832/16/38 3831/97/38
f 3821/18/39 3860/76/39 3844/98/39 3809/19/39
f 3860/76/40 3859/78/40 3843/99/40 3844/98/40
f 3859/78/41 3858/80/41 3842/100/41 3843/99/41
f 3858/80/41 3857/9/41 3841/12/41 3842/100/41
f 3877/101/42 3944/102/42 3840/87/42 3811/34/42
f 3944/102/43 3948/103/43 3839/88/43 3840/87/43
f 3948/103/44 3952/104/44 3838/89/44 3839/88/44
f 3952/104/45 3956/5/45 3837/8/45 3838/89/45
f 3813/58/46 3876/57/46 3836/105/46 3807/106/46
f 3876/57/47 3875/60/47 3835/107/47 3836/105/47
f 3875/60/48 3874/62/48 3834/108/48 3835/107/48
f 3874/62/48 3873/1/48 3833/4/48 3834/108/48
f 3834/108/49 3833/4/49 3953/109/49 3949/110/49
f 3949/110/50 3953/109/50 3954/111/50 3950/112/50
f 3950/112/51 3954/111/51 3955/113/51 3951/114/51
f 3951/114/52 3955/113/52 3956/5/52 3952/104/52
f 3835/107/49 3834/108/49 3949/110/49 3945/115/49
f 3945/115/50 3949/110/50 3950/112/50 3946/116/50
f 3946/116/51 3950/112/51 3951/114/51 3947/117/51
f 3947/117/52 3951/114/52 3952/104/52 3948/103/52
f 3836/105/53 3835/107/53 3945/115/53 3941/118/53
f 3941/118/54 3945/115/54 3946/116/54 3942/119/54
f 3942/119/51 3946/116/51 3947/117/51 3943/120/51
f 3943/120/55 3947/117/55 3948/103/55 3944/102/55
f 3807/106/56 3836/105/56 3941/118/56 3880/121/56
f 3880/121/51 3941/118/51 3942/119/51 3879/122/51
f 3879/122/51 3942/119/51 3943/120/51 3878/123/51
f 3878/123/51 3943/120/51 3944/102/51 3877/101/51
f 3842/100/57 3841/12/57 3937/124/57 3933/125/57
f 3933/125/58 3937/124/58 3938/126/58 3934/127/58
f 3934/127/59 3938/126/59 3939/128/59 3935/129/59
f 3935/129/60 3939/128/60 3940/13/60 3936/96/60
f 3843/99/57 3842/100/57 3933/125/57 3929/130/57
f 3929/130/58 3933/125/58 3934/127/58 3930/131/58
f 3930/131/59 3934/127/59 3935/129/59 3931/132/59
f 3931/132/60 3935/129/60 3936/96/60 3932/94/60
f 3844/98/61 3843/99/61 3929/130/61 3925/133/61
f 3925/133/62 3929/130/62 3930/131/62 3926/134/62
f 3926/134/59 3930/131/59 3931/132/59 3927/135/59
f 3927/135/63 3931/132/63 3932/94/63 3928/91/63
f 3809/19/64 3844/98/64 3925/133/64 3888/136/64
f 3888/136/59 3925/133/59 3926/134/59 3887/137/59
f 3887/137/59 3926/134/59 3927/135/59 3886/138/59
f 3886/138/59 3927/135/59 3928/91/59 3885/90/59
f 3815/139/5 3920/140/5 3924/141/5 3816/142/5
f 3920/140/5 3919/143/5 3923/144/5 3924/141/5
f 3919/143/5 3918/145/5 3922/146/5 3923/144/5
f 3918/145/5 3917/40/5 3921/17/5 3922/146/5
f 3814/147/5 3916/148/5 3920/140/5 3815/139/5
f 3916/148/5 3915/149/5 3919/143/5 3920/140/5
f 3915/149/5 3914/150/5 3918/145/5 3919/143/5
f 3914/150/5 3913/38/5 3917/40/5 3918/145/5
f 3813/151/5 3912/152/5 3916/148/5 3814/147/5
f 3912/152/5 3911/153/5 3915/149/5 3916/148/5
f 3911/153/5 3910/154/5 3914/150/5 3915/149/5
f 3910/154/5 3909/36/5 3913/38/5 3914/150/5
f 3807/155/5 3880/156/5 3912/152/5 3813/151/5
f 3880/156/5 3879/157/5 3911/153/5 3912/152/5
f 3879/157/5 3878/158/5 3910/154/5 3911/153/5
f 3878/158/5 3877/33/5 3909/36/5 3910/154/5
f 3827/45/65 3904/159/65 3908/160/65 3828/10/65
f 3904/159/66 3903/161/66 3907/162/66 3908/160/66
f 3903/161/67 3902/163/67 3906/164/67 3907/162/67
f 3902/163/68 3901/32/68 3905/21/68 3906/164/68
f 3826/43/69 3900/165/69 3904/159/69 3827/45/69
f 3900/165/70 3899/166/70 3903/161/70 3904/159/70
f 3899/166/71 3898/167/71 3902/163/71 3903/161/71
f 3898/167/72 3897/30/72 3901/32/72 3902/163/72
f 3825/41/73 3896/168/73 3900/165/73 3826/43/73
f 3896/168/74 3895/169/74 3899/166/74 3900/165/74
f 3895/169/75 3894/170/75 3898/167/75 3899/166/75
f 3894/170/76 3893/28/76 3897/30/76 3898/167/76
f 3812/7/77 3884/171/77 3896/168/77 3825/41/77
f 3884/171/78 3883/172/78 3895/169/78 3896/168/78
f 3883/172/79 3882/173/79 3894/170/79 3895/169/79
f 3882/173/80 3881/25/80 3893/28/80 3894/170/80
f 3828/10/81 3908/160/81 3889/174/81 3810/11/81
f 3908/160/82 3907/162/82 3890/175/82 3889/174/82
f 3907/162/83 3906/164/83 3891/176/83 3890/175/83
f 3906/164/84 3905/21/84 3892/24/84 3891/176/84
f 3816/142/5 3924/141/5 3885/177/5 3805/178/5
f 3924/141/5 3923/144/5 3886/179/5 3885/177/5
f 3923/144/5 3922/146/5 3887/180/5 3886/179/5
f 3922/146/5 3921/17/5 3888/20/5 3887/180/5
f 3841/12/85 3810/11/85 3889/181/85 3937/124/85
f 3937/124/86 3889/181/86 3890/182/86 3938/126/86
f 3938/126/87 3890/182/87 3891/183/87 3939/128/87
f 3939/128/88 3891/183/88 3892/14/88 3940/13/88
f 3833/4/89 3808/3/89 3881/184/89 3953/109/89
f 3953/109/90 3881/184/90 3882/185/90 3954/111/90
f 3954/111/91 3882/185/91 3883/186/91 3955/113/91
f 3955/113/92 3883/186/92 3884/6/92 3956/5/92
f 4025/1/1 3972/2/1 3960/3/1 3985/4/1
f 4108/5/2 4036/6/2 3964/7/2 3989/8/2
f 4009/9/3 3980/10/3 3962/11/3 3993/12/3
f 4092/13/4 4044/14/4 3958/15/4 3984/16/4
f 4073/17/5 3973/18/5 3961/19/5 4040/20/5
f 4057/21/6 3969/22/6 3958/23/6 4044/24/6
f 4033/25/7 3960/26/7 3972/27/7 4045/28/7
f 4045/28/8 3972/27/8 3971/29/8 4049/30/8
f 4049/30/9 3971/29/9 3970/31/9 4053/32/9
f 4053/32/10 3970/31/10 3969/22/10 4057/21/10
f 4029/33/5 3963/34/5 3976/35/5 4061/36/5
f 4061/36/5 3976/35/5 3975/37/5 4065/38/5
f 4065/38/5 3975/37/5 3974/39/5 4069/40/5
f 4069/40/5 3974/39/5 3973/18/5 4073/17/5
f 3989/8/11 3964/7/11 3977/41/11 3997/42/11
f 3997/42/12 3977/41/12 3978/43/12 4001/44/12
f 4001/44/13 3978/43/13 3979/45/13 4005/46/13
f 4005/46/14 3979/45/14 3980/10/14 4009/9/14
f 3984/47/15 3958/48/15 3969/49/15 4013/50/15
f 4013/50/16 3969/49/16 3970/51/16 4017/52/16
f 4017/52/17 3970/51/17 3971/53/17 4021/54/17
f 4021/54/18 3971/53/18 3972/2/18 4025/1/18
f 3966/55/19 4024/56/19 4028/57/19 3965/58/19
f 4024/56/20 4023/59/20 4027/60/20 4028/57/20
f 4023/59/21 4022/61/21 4026/62/21 4027/60/21
f 4022/61/21 4021/54/21 4025/1/21 4026/62/21
f 3967/63/19 4020/64/19 4024/56/19 3966/55/19
f 4020/64/19 4019/65/19 4023/59/19 4024/56/19
f 4019/65/19 4018/66/19 4022/61/19 4023/59/19
f 4018/66/19 4017/52/19 4021/54/19 4022/61/19
f 3968/67/19 4016/68/19 4020/64/19 3967/63/19
f 4016/68/22 4015/69/22 4019/65/22 4020/64/22
f 4015/69/23 4014/70/23 4018/66/23 4019/65/23
f 4014/70/99 4013/50/99 4017/52/99 4018/66/99
f 3957/71/24 3981/72/24 4016/68/24 3968/67/24
f 3981/72/25 3982/73/25 4015/69/25 4016/68/25
f 3982/73/26 3983/74/26 4014/70/26 4015/69/26
f 3983/74/26 3984/47/26 4013/50/26 4014/70/26
f 3974/39/27 4008/75/27 4012/76/27 3973/18/27
f 4008/75/28 4007/77/28 4011/78/28 4012/76/28
f 4007/77/29 4006/79/29 4010/80/29 4011/78/29
f 4006/79/29 4005/46/29 4009/9/29 4010/80/29
f 3975/37/27 4004/81/27 4008/75/27 3974/39/27
f 4004/81/27 4003/82/27 4007/77/27 4008/75/27
f 4003/82/27 4002/83/27 4006/79/27 4007/77/27
f 4002/83/27 4001/44/27 4005/46/27 4006/79/27
f 3976/35/27 4000/84/27 4004/81/27 3975/37/27
f 4000/84/30 3999/85/30 4003/82/30 4004/81/30
f 3999/85/31 3998/86/31 4002/83/31 4003/82/31
f 3998/86/31 3997/42/31 4001/44/31 4002/83/31
f 3963/34/32 3992/87/32 4000/84/32 3976/35/32
f 3992/87/33 3991/88/33 3999/85/33 4000/84/33
f 3991/88/34 3990/89/34 3998/86/34 3999/85/34
f 3990/89/35 3989/8/35 3997/42/35 3998/86/35
f 4037/90/36 4080/91/36 3981/92/36 3957/93/36
f 4080/91/37 4084/94/37 3982/95/37 3981/92/37
f 4084/94/38 4088/96/38 3983/97/38 3982/95/38
f 4088/96/38 4092/13/38 3984/16/38 3983/97/38
f 3973/18/39 4012/76/39 3996/98/39 3961/19/39
f 4012/76/94 4011/78/94 3995/99/94 3996/98/94
f 4011/78/41 4010/80/41 3994/100/41 3995/99/41
f 4010/80/41 4009/9/41 3993/12/41 3994/100/41
f 4029/101/42 4096/102/42 3992/87/42 3963/34/42
f 4096/102/43 4100/103/43 3991/88/43 3992/87/43
f 4100/103/44 4104/104/44 3990/89/44 3991/88/44
f 4104/104/45 4108/5/45 3989/8/45 3990/89/45
f 3965/58/46 4028/57/46 3988/105/46 3959/106/46
f 4028/57/47 4027/60/47 3987/107/47 3988/105/47
f 4027/60/48 4026/62/48 3986/108/48 3987/107/48
f 4026/62/48 4025/1/48 3985/4/48 3986/108/48
f 3986/108/49 3985/4/49 4105/109/49 4101/110/49
f 4101/110/50 4105/109/50 4106/111/50 4102/112/50
f 4102/112/51 4106/111/51 4107/113/51 4103/114/51
f 4103/114/52 4107/113/52 4108/5/52 4104/104/52
f 3987/107/49 3986/108/49 4101/110/49 4097/115/49
f 4097/115/50 4101/110/50 4102/112/50 4098/116/50
f 4098/116/51 4102/112/51 4103/114/51 4099/117/51
f 4099/117/52 4103/114/52 4104/104/52 4100/103/52
f 3988/105/53 3987/107/53 4097/115/53 4093/118/53
f 4093/118/54 4097/115/54 4098/116/54 4094/119/54
f 4094/119/51 4098/116/51 4099/117/51 4095/120/51
f 4095/120/55 4099/117/55 4100/103/55 4096/102/55
f 3959/106/56 3988/105/56 4093/118/56 4032/121/56
f 4032/121/51 4093/118/51 4094/119/51 4031/122/51
f 4031/122/51 4094/119/51 4095/120/51 4030/123/51
f 4030/123/51 4095/120/51 4096/102/51 4029/101/51
f 3994/100/57 3993/12/57 4089/124/57 4085/125/57
f 4085/125/58 4089/124/58 4090/126/58 4086/127/58
f 4086/127/59 4090/126/59 4091/128/59 4087/129/59
f 4087/129/60 4091/128/60 4092/13/60 4088/96/60
f 3995/99/57 3994/100/57 4085/125/57 4081/130/57
f 4081/130/58 4085/125/58 4086/127/58 4082/131/58
f 4082/131/59 4086/127/59 4087/129/59 4083/132/59
f 4083/132/60 4087/129/60 4088/96/60 4084/94/60
f 3996/98/61 3995/99/61 4081/130/61 4077/133/61
f 4077/133/62 4081/130/62 4082/131/62 4078/134/62
f 4078/134/59 4082/131/59 4083/132/59 4079/135/59
f 4079/135/63 4083/132/63 4084/94/63 4080/91/63
f 3961/19/64 3996/98/64 4077/133/64 4040/136/64
f 4040/136/59 4077/133/59 4078/134/59 4039/137/59
f 4039/137/59 4078/134/59 4079/135/59 4038/138/59
f 4038/138/59 4079/135/59 4080/91/59 4037/90/59
f 3967/139/5 4072/140/5 4076/141/5 3968/142/5
f 4072/140/5 4071/143/5 4075/144/5 4076/141/5
f 4071/143/5 4070/145/5 4074/146/5 4075/144/5
f 4070/145/5 4069/40/5 4073/17/5 4074/146/5
f 3966/147/5 4068/148/5 4072/140/5 3967/139/5
f 4068/148/5 4067/149/5 4071/143/5 4072/140/5
f 4067/149/5 4066/150/5 4070/145/5 4071/143/5
f 4066/150/5 4065/38/5 4069/40/5 4070/145/5
f 3965/151/5 4064/152/5 4068/148/5 3966/147/5
f 4064/152/5 4063/153/5 4067/149/5 4068/148/5
f 4063/153/5 4062/154/5 4066/150/5 4067/149/5
f 4062/154/5 4061/36/5 4065/38/5 4066/150/5
f 3959/155/5 4032/156/5 4064/152/5 3965/151/5
f 4032/156/5 4031/157/5 4063/153/5 4064/152/5
f 4031/157/5 4030/158/5 4062/154/5 4063/153/5
f 4030/158/5 4029/33/5 4061/36/5 4062/154/5
f 3979/45/65 4056/159/65 4060/160/65 3980/10/65
f 4056/159/66 4055/161/66 4059/162/66 4060/160/66
f 4055/161/67 4054/163/67 4058/164/67 4059/162/67
f 4054/163/68 4053/32/68 4057/21/68 4058/164/68
f 3978/43/69 4052/165/69 4056/159/69 3979/45/69
f 4052/165/70 4051/166/70 4055/161/70 4056/159/70
f 4051/166/71 4050/167/71 4054/163/71 4055/161/71
f 4050/167/72 4049/30/72 4053/32/72 4054/163/72
f 3977/41/73 4048/168/73 4052/165/73 3978/43/73
f 4048/168/74 4047/169/74 4051/166/74 4052/165/74
f 4047/169/75 4046/170/75 4050/167/75 4051/166/75
f 4046/170/76 4045/28/76 4049/30/76 4050/167/76
f 3964/7/77 4036/171/77 4048/168/77 3977/41/77
f 4036/171/78 4035/172/78 4047/169/78 4048/168/78
f 4035/172/79 4034/173/79 4046/170/79 4047/169/79
f 4034/173/80 4033/25/80 4045/28/80 4046/170/80
f 3980/10/81 4060/160/81 4041/174/81 3962/11/81
f 4060/160/82 4059/162/82 4042/175/82 4041/174/82
f 4059/162/83 4058/164/83 4043/176/83 4042/175/83
f 4058/164/84 4057/21/84 4044/24/84 4043/176/84
f 3968/142/5 4076/141/5 4037/177/5 3957/178/5
f 4076/141/5 4075/144/5 4038/179/5 4037/177/5
f 4075/144/5 4074/146/5 4039/180/5 4038/179/5
f 4074/146/5 4073/17/5 4040/20/5 4039/180/5
f 3993/12/85 3962/11/85 4041/181/85 4089/124/85
f 4089/124/86 4041/181/86 4042/182/86 4090/126/86
f 4090/126/87 4042/182/87 4043/183/87 4091/128/87
f 4091/128/88 4043/183/88 4044/14/88 4092/13/88
f 3985/4/89 3960/3/89 4033/184/89 4105/109/89
f 4105/109/90 4033/184/90 4034/185/90 4106/111/90
f 4106/111/91 4034/185/91 4035/186/91 4107/113/91
f 4107/113/92 4035/186/92 4036/6/92 4108/5/92
f 4177/1/1 4124/2/1 4112/3/1 4137/4/1
f 4260/5/2 4188/6/2 4116/7/2 4141/8/2
f 4161/9/3 4132/10/3 4114/11/3 4145/12/3
f 4244/13/4 4196/14/4 4110/15/4 4136/16/4
f 4225/17/5 4125/18/5 4113/19/5 4192/20/5
f 4209/21/6 4121/22/6 4110/23/6 4196/24/6
f 4185/25/7 4112/26/7 4124/27/7 4197/28/7
f 4197/28/8 4124/27/8 4123/29/8 4201/30/8
f 4201/30/9 4123/29/9 4122/31/9 4205/32/9
f 4205/32/10 4122/31/10 4121/22/10 4209/21/10
f 4181/33/5 4115/34/5 4128/35/5 4213/36/5
f 4213/36/5 4128/35/5 4127/37/5 4217/38/5
f 4217/38/5 4127/37/5 4126/39/5 4221/40/5
f 4221/40/5 4126/39/5 4125/18/5 4225/17/5
f 4141/8/11 4116/7/11 4129/41/11 4149/42/11
f 4149/42/12 4129/41/12 4130/43/12 4153/44/12
f 4153/44/13 4130/43/13 4131/45/13 4157/46/13
f 4157/46/96 4131/45/96 4132/10/96 4161/9/96
f 4136/47/15 4110/48/15 4121/49/15 4165/50/15
f 4165/50/16 4121/49/16 4122/51/16 4169/52/16
f 4169/52/17 4122/51/17 4123/53/17 4173/54/17
f 4173/54/18 4123/53/18 4124/2/18 4177/1/18
f 4118/55/19 4176/56/19 4180/57/19 4117/58/19
f 4176/56/20 4175/59/20 4179/60/20 4180/57/20
f 4175/59/21 4174/61/21 4178/62/21 4179/60/21
f 4174/61/21 4173/54/21 4177/1/21 4178/62/21
f 4119/63/19 4172/64/19 4176/56/19 4118/55/19
f 4172/64/19 4171/65/19 4175/59/19 4176/56/19
f 4171/65/19 4170/66/19 4174/61/19 4175/59/19
f 4170/66/19 4169/52/19 4173/54/19 4174/61/19
f 4120/67/19 4168/68/19 4172/64/19 4119/63/19
f 4168/68/22 4167/69/22 4171/65/22 4172/64/22
f 4167/69/23 4166/70/23 4170/66/23 4171/65/23
f 4166/70/23 4165/50/23 4169/52/23 4170/66/23
f 4109/71/24 4133/72/24 4168/68/24 4120/67/24
f 4133/72/25 4134/73/25 4167/69/25 4168/68/25
f 4134/73/26 4135/74/26 4166/70/26 4167/69/26
f 4135/74/26 4136/47/26 4165/50/26 4166/70/26
f 4126/39/27 4160/75/27 4164/76/27 4125/18/27
f 4160/75/28 4159/77/28 4163/78/28 4164/76/28
f 4159/77/29 4158/79/29 4162/80/29 4163/78/29
f 4158/79/29 4157/46/29 4161/9/29 4162/80/29
f 4127/37/27 4156/81/27 4160/75/27 4126/39/27
f 4156/81/27 4155/82/27 4159/77/27 4160/75/27
f 4155/82/27 4154/83/27 4158/79/27 4159/77/27
f 4154/83/27 4153/44/27 4157/46/27 4158/79/27
f 4128/35/27 4152/84/27 4156/81/27 4127/37/27
f 4152/84/30 4151/85/30 4155/82/30 4156/81/30
f 4151/85/31 4150/86/31 4154/83/31 4155/82/31
f 4150/86/31 4149/42/31 4153/44/31 4154/83/31
f 4115/34/32 4144/87/32 4152/84/32 4128/35/32
f 4144/87/33 4143/88/33 4151/85/33 4152/84/33
f 4143/88/34 4142/89/34 4150/86/34 4151/85/34
f 4142/89/35 4141/8/35 4149/42/35 4150/86/35
f 4189/90/36 4232/91/36 4133/92/36 4109/93/36
f 4232/91/37 4236/94/37 4134/95/37 4133/92/37
f 4236/94/38 4240/96/38 4135/97/38 4134/95/38
f 4240/96/38 4244/13/38 4136/16/38 4135/97/38
f 4125/18/39 4164/76/39 4148/98/39 4113/19/39
f 4164/76/94 4163/78/94 4147/99/94 4148/98/94
f 4163/78/41 4162/80/41 4146/100/41 4147/99/41
f 4162/80/41 4161/9/41 4145/12/41 4146/100/41
f 4181/101/42 4248/102/42 4144/87/42 4115/34/42
f 4248/102/43 4252/103/43 4143/88/43 4144/87/43
f 4252/103/44 4256/104/44 4142/89/44 4143/88/44
f 4256/104/45 4260/5/45 4141/8/45 4142/89/45
f 4117/58/46 4180/57/46 4140/105/46 4111/106/46
f 4180/57/47 4179/60/47 4139/107/47 4140/105/47
f 4179/60/48 4178/62/48 4138/108/48 4139/107/48
f 4178/62/48 4177/1/48 4137/4/48 4138/108/48
f 4138/108/49 4137/4/49 4257/109/49 4253/110/49
f 4253/110/50 4257/109/50 4258/111/50 4254/112/50
f 4254/112/51 4258/111/51 4259/113/51 4255/114/51
f 4255/114/52 4259/113/52 4260/5/52 4256/104/52
f 4139/107/49 4138/108/49 4253/110/49 4249/115/49
f 4249/115/50 4253/110/50 4254/112/50 4250/116/50
f 4250/116/51 4254/112/51 4255/114/51 4251/117/51
f 4251/117/52 4255/114/52 4256/104/52 4252/103/52
f 4140/105/53 4139/107/53 4249/115/53 4245/118/53
f 4245/118/54 4249/115/54 4250/116/54 4246/119/54
f 4246/119/51 4250/116/51 4251/117/51 4247/120/51
f 4247/120/55 4251/117/55 4252/103/55 4248/102/55
f 4111/106/56 4140/105/56 4245/118/56 4184/121/56
f 4184/121/51 4245/118/51 4246/119/51 4183/122/51
f 4183/122/51 4246/119/51 4247/120/51 4182/123/51
f 4182/123/51 4247/120/51 4248/102/51 4181/101/51
f 4146/100/57 4145/12/57 4241/124/57 4237/125/57
f 4237/125/58 4241/124/58 4242/126/58 4238/127/58
f 4238/127/59 4242/126/59 4243/128/59 4239/129/59
f 4239/129/60 4243/128/60 4244/13/60 4240/96/60
f 4147/99/57 4146/100/57 4237/125/57 4233/130/57
f 4233/130/58 4237/125/58 4238/127/58 4234/131/58
f 4234/131/59 4238/127/59 4239/129/59 4235/132/59
f 4235/132/60 4239/129/60 4240/96/60 4236/94/60
f 4148/98/61 4147/99/61 4233/130/61 4229/133/61
f 4229/133/62 4233/130/62 4234/131/62 4230/134/62
f 4230/134/59 4234/131/59 4235/132/59 4231/135/59
f 4231/135/63 4235/132/63 4236/94/63 4232/91/63
f 4113/19/64 4148/98/64 4229/133/64 4192/136/64
f 4192/136/59 4229/133/59 4230/134/59 4191/137/59
f 4191/137/59 4230/134/59 4231/135/59 4190/138/59
f 4190/138/59 4231/135/59 4232/91/59 4189/90/59
f 4119/139/5 4224/140/5 4228/141/5 4120/142/5
f 4224/140/5 4223/143/5 4227/144/5 4228/141/5
f 4223/143/5 4222/145/5 4226/146/5 4227/144/5
f 4222/145/5 4221/40/5 4225/17/5 4226/146/5
f 4118/147/5 4220/148/5 4224/140/5 4119/139/5
f 4220/148/5 4219/149/5 4223/143/5 4224/140/5
f 4219/149/5 4218/150/5 4222/145/5 4223/143/5
f 4218/150/5 4217/38/5 4221/40/5 4222/145/5
f 4117/151/5 4216/152/5 4220/148/5 4118/147/5
f 4216/152/5 4215/153/5 4219/149/5 4220/148/5
f 4215/153/5 4214/154/5 4218/150/5 4219/149/5
f 4214/154/5 4213/36/5 4217/38/5 4218/150/5
f 4111/155/5 4184/156/5 4216/152/5 4117/151/5
f 4184/156/5 4183/157/5 4215/153/5 4216/152/5
f 4183/157/5 4182/158/5 4214/154/5 4215/153/5
f 4182/158/5 4181/33/5 4213/36/5 4214/154/5
f 4131/45/65 4208/159/65 4212/160/65 4132/10/65
f 4208/159/66 4207/161/66 4211/162/66 4212/160/66
f 4207/161/67 4206/163/67 4210/164/67 4211/162/67
f 4206/163/68 4205/32/68 4209/21/68 4210/164/68
f 4130/43/69 4204/165/69 4208/159/69 4131/45/69
f 4204/165/70 4203/166/70 4207/161/70 4208/159/70
f 4203/166/71 4202/167/71 4206/163/71 4207/161/71
f 4202/167/72 4201/30/72 4205/32/72 4206/163/72
f 4129/41/73 4200/168/73 4204/165/73 4130/43/73
f 4200/168/74 4199/169/74 4203/166/74 4204/165/74
f 4199/169/75 4198/170/75 4202/167/75 4203/166/75
f 4198/170/76 4197/28/76 4201/30/76 4202/167/76
f 4116/7/77 4188/171/77 4200/168/77 4129/41/77
f 4188/171/78 4187/172/78 4199/169/78 4200/168/78
f 4187/172/79 4186/173/79 4198/170/79 4199/169/79
f 4186/173/80 4185/25/80 4197/28/80 4198/170/80
f 4132/10/81 4212/160/81 4193/174/81 4114/11/81
f 4212/160/82 4211/162/82 4194/175/82 4193/174/82
f 4211/162/83 4210/164/83 4195/176/83 4194/175/83
f 4210/164/84 4209/21/84 4196/24/84 4195/176/84
f 4120/142/5 4228/141/5 4189/177/5 4109/178/5
f 4228/141/5 4227/144/5 4190/179/5 4189/177/5
f 4227/144/5 4226/146/5 4191/180/5 4190/179/5
f 4226/146/5 4225/17/5 4192/20/5 4191/180/5
f 4145/12/85 4114/11/85 4193/181/85 4241/124/85
f 4241/124/86 4193/181/86 4194/182/86 4242/126/86
f 4242/126/87 4194/182/87 4195/183/87 4243/128/87
f 4243/128/88 4195/183/88 4196/14/88 4244/13/88
f 4137/4/89 4112/3/89 4185/184/89 4257/109/89
f 4257/109/90 4185/184/90 4186/185/90 4258/111/90
f 4258/111/91 4186/185/91 4187/186/91 4259/113/91
f 4259/113/92 4187/186/92 4188/6/92 4260/5/92
f 4329/1/1 4276/2/1 4264/3/1 4289/4/1
f 4412/5/2 4340/6/2 4268/7/2 4293/8/2
f 4313/9/3 4284/10/3 4266/11/3 4297/12/3
f 4396/13/4 4348/14/4 4262/15/4 4288/16/4
f 4377/17/5 4277/18/5 4265/19/5 4344/20/5
f 4361/21/6 4273/22/6 4262/23/6 4348/24/6
f 4337/25/7 4264/26/7 4276/27/7 4349/28/7
f 4349/28/8 4276/27/8 4275/29/8 4353/30/8
f 4353/30/9 4275/29/9 4274/31/9 4357/32/9
f 4357/32/10 4274/31/10 4273/22/10 4361/21/10
f 4333/33/5 4267/34/5 4280/35/5 4365/36/5
f 4365/36/5 4280/35/5 4279/37/5 4369/38/5
f 4369/38/5 4279/37/5 4278/39/5 4373/40/5
f 4373/40/5 4278/39/5 4277/18/5 4377/17/5
f 4293/8/11 4268/7/11 4281/41/11 4301/42/11
f 4301/42/12 4281/41/12 4282/43/12 4305/44/12
f 4305/44/13 4282/43/13 4283/45/13 4309/46/13
f 4309/46/96 4283/45/96 4284/10/96 4313/9/96
f 4288/47/15 4262/48/15 4273/49/15 4317/50/15
f 4317/50/100 4273/49/100 4274/51/100 4321/52/100
f 4321/52/17 4274/51/17 4275/53/17 4325/54/17
f 4325/54/18 4275/53/18 4276/2/18 4329/1/18
f 4270/55/19 4328/56/19 4332/57/19 4269/58/19
f 4328/56/20 4327/59/20 4331/60/20 4332/57/20
f 4327/59/21 4326/61/21 4330/62/21 4331/60/21
f 4326/61/21 4325/54/21 4329/1/21 4330/62/21
f 4271/63/19 4324/64/19 4328/56/19 4270/55/19
f 4324/64/19 4323/65/19 4327/59/19 4328/56/19
f 4323/65/19 4322/66/19 4326/61/19 4327/59/19
f 4322/66/19 4321/52/19 4325/54/19 4326/61/19
f 4272/67/19 4320/68/19 4324/64/19 4271/63/19
f 4320/68/22 4319/69/22 4323/65/22 4324/64/22
f 4319/69/23 4318/70/23 4322/66/23 4323/65/23
f 4318/70/23 4317/50/23 4321/52/23 4322/66/23
f 4261/71/24 4285/72/24 4320/68/24 4272/67/24
f 4285/72/25 4286/73/25 4319/69/25 4320/68/25
f 4286/73/26 4287/74/26 4318/70/26 4319/69/26
f 4287/74/26 4288/47/26 4317/50/26 4318/70/26
f 4278/39/27 4312/75/27 4316/76/27 4277/18/27
f 4312/75/28 4311/77/28 4315/78/28 4316/76/28
f 4311/77/29 4310/79/29 4314/80/29 4315/78/29
f 4310/79/29 4309/46/29 4313/9/29 4314/80/29
f 4279/37/27 4308/81/27 4312/75/27 4278/39/27
f 4308/81/27 4307/82/27 4311/77/27 4312/75/27
f 4307/82/27 4306/83/27 4310/79/27 4311/77/27
f 4306/83/27 4305/44/27 4309/46/27 4310/79/27
f 4280/35/27 4304/84/27 4308/81/27 4279/37/27
f 4304/84/30 4303/85/30 4307/82/30 4308/81/30
f 4303/85/31 4302/86/31 4306/83/31 4307/82/31
f 4302/86/31 4301/42/31 4305/44/31 4306/83/31
f 4267/34/32 4296/87/32 4304/84/32 4280/35/32
f 4296/87/33 4295/88/33 4303/85/33 4304/84/33
f 4295/88/34 4294/89/34 4302/86/34 4303/85/34
f 4294/89/35 4293/8/35 4301/42/35 4302/86/35
f 4341/90/36 4384/91/36 4285/92/36 4261/93/36
f 4384/91/37 4388/94/37 4286/95/37 4285/92/37
f 4388/94/38 4392/96/38 4287/97/38 4286/95/38
f 4392/96/38 4396/13/38 4288/16/38 4287/97/38
f 4277/18/39 4316/76/39 4300/98/39 4265/19/39
f 4316/76/40 4315/78/40 4299/99/40 4300/98/40
f 4315/78/41 4314/80/41 4298/100/41 4299/99/41
f 4314/80/41 4313/9/41 4297/12/41 4298/100/41
f 4333/101/42 4400/102/42 4296/87/42 4267/34/42
f 4400/102/43 4404/103/43 4295/88/43 4296/87/43
f 4404/103/44 4408/104/44 4294/89/44 4295/88/44
f 4408/104/45 4412/5/45 4293/8/45 4294/89/45
f 4269/58/46 4332/57/46 4292/105/46 4263/106/46
f 4332/57/47 4331/60/47 4291/107/47 4292/105/47
f 4331/60/48 4330/62/48 4290/108/48 4291/107/48
f 4330/62/48 4329/1/48 4289/4/48 4290/108/48
f 4290/108/49 4289/4/49 4409/109/49 4405/110/49
f 4405/110/50 4409/109/50 4410/111/50 4406/112/50
f 4406/112/51 4410/111/51 4411/113/51 4407/114/51
f 4407/114/52 4411/113/52 4412/5/52 4408/104/52
f 4291/107/49 4290/108/49 4405/110/49 4401/115/49
f 4401/115/50 4405/110/50 4406/112/50 4402/116/50
f 4402/116/51 4406/112/51 4407/114/51 4403/117/51
f 4403/117/52 4407/114/52 4408/104/52 4404/103/52
f 4292/105/53 4291/107/53 4401/115/53 4397/118/53
f 4397/118/54 4401/115/54 4402/116/54 4398/119/54
f 4398/119/51 4402/116/51 4403/117/51 4399/120/51
f 4399/120/55 4403/117/55 4404/103/55 4400/102/55
f 4263/106/56 4292/105/56 4397/118/56 4336/121/56
f 4336/121/51 4397/118/51 4398/119/51 4335/122/51
f 4335/122/51 4398/119/51 4399/120/51 4334/123/51
f 4334/123/51 4399/120/51 4400/102/51 4333/101/51
f 4298/100/57 4297/12/57 4393/124/57 4389/125/57
f 4389/125/58 4393/124/58 4394/126/58 4390/127/58
f 4390/127/59 4394/126/59 4395/128/59 4391/129/59
f 4391/129/60 4395/128/60 4396/13/60 4392/96/60
f 4299/99/57 4298/100/57 4389/125/57 4385/130/57
f 4385/130/58 4389/125/58 4390/127/58 4386/131/58
f 4386/131/59 4390/127/59 4391/129/59 4387/132/59
f 4387/132/60 4391/129/60 4392/96/60 4388/94/60
f 4300/98/61 4299/99/61 4385/130/61 4381/133/61
f 4381/133/62 4385/130/62 4386/131/62 4382/134/62
f 4382/134/59 4386/131/59 4387/132/59 4383/135/59
f 4383/135/63 4387/132/63 4388/94/63 4384/91/63
f 4265/19/64 4300/98/64 4381/133/64 4344/136/64
f 4344/136/59 4381/133/59 4382/134/59 4343/137/59
f 4343/137/59 4382/134/59 4383/135/59 4342/138/59
f 4342/138/59 4383/135/59 4384/91/59 4341/90/59
f 4271/139/5 4376/140/5 4380/141/5 4272/142/5
f 4376/140/5 4375/143/5 4379/144/5 4380/141/5
f 4375/143/5 4374/145/5 4378/146/5 4379/144/5
f 4374/145/5 4373/40/5 4377/17/5 4378/146/5
f 4270/147/5 4372/148/5 4376/140/5 4271/139/5
f 4372/148/5 4371/149/5 4375/143/5 4376/140/5
f 4371/149/5 4370/150/5 4374/145/5 4375/143/5
f 4370/150/5 4369/38/5 4373/40/5 4374/145/5
f 4269/151/5 4368/152/5 4372/148/5 4270/147/5
f 4368/152/5 4367/153/5 4371/149/5 4372/148/5
f 4367/153/5 4366/154/5 4370/150/5 4371/149/5
f 4366/154/5 4365/36/5 4369/38/5 4370/150/5
f 4263/155/5 4336/156/5 4368/152/5 4269/151/5
f 4336/156/5 4335/157/5 4367/153/5 4368/152/5
f 4335/157/5 4334/158/5 4366/154/5 4367/153/5
f 4334/158/5 4333/33/5 4365/36/5 4366/154/5
f 4283/45/65 4360/159/65 4364/160/65 4284/10/65
f 4360/159/66 4359/161/66 4363/162/66 4364/160/66
f 4359/161/67 4358/163/67 4362/164/67 4363/162/67
f 4358/163/68 4357/32/68 4361/21/68 4362/164/68
f 4282/43/69 4356/165/69 4360/159/69 4283/45/69
f 4356/165/70 4355/166/70 4359/161/70 4360/159/70
f 4355/166/71 4354/167/71 4358/163/71 4359/161/71
f 4354/167/72 4353/30/72 4357/32/72 4358/163/72
f 4281/41/73 4352/168/73 4356/165/73 4282/43/73
f 4352/168/74 4351/169/74 4355/166/74 4356/165/74
f 4351/169/75 4350/170/75 4354/167/75 4355/166/75
f 4350/170/76 4349/28/76 4353/30/76 4354/167/76
f 4268/7/77 4340/171/77 4352/168/77 4281/41/77
f 4340/171/78 4339/172/78 4351/169/78 4352/168/78
f 4339/172/79 4338/173/79 4350/170/79 4351/169/79
f 4338/173/80 4337/25/80 4349/28/80 4350/170/80
f 4284/10/81 4364/160/81 4345/174/81 4266/11/81
f 4364/160/82 4363/162/82 4346/175/82 4345/174/82
f 4363/162/83 4362/164/83 4347/176/83 4346/175/83
f 4362/164/84 4361/21/84 4348/24/84 4347/176/84
f 4272/142/5 4380/141/5 4341/177/5 4261/178/5
f 4380/141/5 4379/144/5 4342/179/5 4341/177/5
f 4379/144/5 4378/146/5 4343/180/5 4342/179/5
f 4378/146/5 4377/17/5 4344/20/5 4343/180/5
f 4297/12/85 4266/11/85 4345/181/85 4393/124/85
f 4393/124/86 4345/181/86 4346/182/86 4394/126/86
f 4394/126/87 4346/182/87 4347/183/87 4395/128/87
f 4395/128/88 4347/183/88 4348/14/88 4396/13/88
f 4289/4/89 4264/3/89 4337/184/89 4409/109/89
f 4409/109/90 4337/184/90 4338/185/90 4410/111/90
f 4410/111/91 4338/185/91 4339/186/91 4411/113/91
f 4411/113/92 4339/186/92 4340/6/92 4412/5/92
f 4481/1/1 4428/2/1 4416/3/1 4441/4/1
f 4564/5/2 4492/6/2 4420/7/2 4445/8/2
f 4465/9/3 4436/10/3 4418/11/3 4449/12/3
f 4548/13/4 4500/14/4 4414/15/4 4440/16/4
f 4529/17/5 4429/18/5 4417/19/5 4496/20/5
f 4513/21/6 4425/22/6 4414/23/6 4500/24/6
f 4489/25/7 4416/26/7 4428/27/7 4501/28/7
f 4501/28/8 4428/27/8 4427/29/8 4505/30/8
f 4505/30/9 4427/29/9 4426/31/9 4509/32/9
f 4509/32/10 4426/31/10 4425/22/10 4513/21/10
f 4485/33/5 4419/34/5 4432/35/5 4517/36/5
f 4517/36/5 4432/35/5 4431/37/5 4521/38/5
f 4521/38/5 4431/37/5 4430/39/5 4525/40/5
f 4525/40/5 4430/39/5 4429/18/5 4529/17/5
f 4445/8/11 4420/7/11 4433/41/11 4453/42/11
f 4453/42/12 4433/41/12 4434/43/12 4457/44/12
f 4457/44/13 4434/43/13 4435/45/13 4461/46/13
f 4461/46/14 4435/45/14 4436/10/14 4465/9/14
f 4440/47/15 4414/48/15 4425/49/15 4469/50/15
f 4469/50/16 4425/49/16 4426/51/16 4473/52/16
f 4473/52/17 4426/51/17 4427/53/17 4477/54/17
f 4477/54/18 4427/53/18 4428/2/18 4481/1/18
f 4422/55/19 4480/56/19 4484/57/19 4421/58/19
f 4480/56/20 4479/59/20 4483/60/20 4484/57/20
f 4479/59/21 4478/61/21 4482/62/21 4483/60/21
f 4478/61/21 4477/54/21 4481/1/21 4482/62/21
f 4423/63/19 4476/64/19 4480/56/19 4422/55/19
f 4476/64/19 4475/65/19 4479/59/19 4480/56/19
f 4475/65/19 4474/66/19 4478/61/19 4479/59/19
f 4474/66/19 4473/52/19 4477/54/19 4478/61/19
f 4424/67/19 4472/68/19 4476/64/19 4423/63/19
f 4472/68/22 4471/69/22 4475/65/22 4476/64/22
f 4471/69/99 4470/70/99 4474/66/99 4475/65/99
f 4470/70/99 4469/50/99 4473/52/99 4474/66/99
f 4413/71/24 4437/72/24 4472/68/24 4424/67/24
f 4437/72/25 4438/73/25 4471/69/25 4472/68/25
f 4438/73/26 4439/74/26 4470/70/26 4471/69/26
f 4439/74/26 4440/47/26 4469/50/26 4470/70/26
f 4430/39/27 4464/75/27 4468/76/27 4429/18/27
f 4464/75/28 4463/77/28 4467/78/28 4468/76/28
f 4463/77/29 4462/79/29 4466/80/29 4467/78/29
f 4462/79/29 4461/46/29 4465/9/29 4466/80/29
f 4431/37/27 4460/81/27 4464/75/27 4430/39/27
f 4460/81/27 4459/82/27 4463/77/27 4464/75/27
f 4459/82/27 4458/83/27 4462/79/27 4463/77/27
f 4458/83/27 4457/44/27 4461/46/27 4462/79/27
f 4432/35/27 4456/84/27 4460/81/27 4431/37/27
f 4456/84/30 4455/85/30 4459/82/30 4460/81/30
f 4455/85/31 4454/86/31 4458/83/31 4459/82/31
f 4454/86/31 4453/42/31 4457/44/31 4458/83/31
f 4419/34/32 4448/87/32 4456/84/32 4432/35/32
f 4448/87/33 4447/88/33 4455/85/33 4456/84/33
f 4447/88/34 4446/89/34 4454/86/34 4455/85/34
f 4446/89/35 4445/8/35 4453/42/35 4454/86/35
f 4493/90/36 4536/91/36 4437/92/36 4413/93/36
f 4536/91/37 4540/94/37 4438/95/37 4437/92/37
f 4540/94/38 4544/96/38 4439/97/38 4438/95/38
f 4544/96/38 4548/13/38 4440/16/38 4439/97/38
f 4429/18/39 4468/76/39 4452/98/39 4417/19/39
f 4468/76/94 4467/78/94 4451/99/94 4452/98/94
f 4467/78/41 4466/80/41 4450/100/41 4451/99/41
f 4466/80/41 4465/9/41 4449/12/41 4450/100/41
f 4485/101/42 4552/102/42 4448/87/42 4419/34/42
f 4552/102/43 4556/103/43 4447/88/43 4448/87/43
f 4556/103/44 4560/104/44 4446/89/44 4447/88/44
f 4560/104/45 4564/5/45 4445/8/45 4446/89/45
f 4421/58/46 4484/57/46 4444/105/46 4415/106/46
f 4484/57/47 4483/60/47 4443/107/47 4444/105/47
f 4483/60/48 4482/62/48 4442/108/48 4443/107/48
f 4482/62/48 4481/1/48 4441/4/48 4442/108/48
f 4442/108/49 4441/4/49 4561/109/49 4557/110/49
f 4557/110/50 4561/109/50 4562/111/50 4558/112/50
f 4558/112/51 4562/111/51 4563/113/51 4559/114/51
f 4559/114/52 4563/113/52 4564/5/52 4560/104/52
f 4443/107/49 4442/108/49 4557/110/49 4553/115/49
f 4553/115/50 4557/110/50 4558/112/50 4554/116/50
f 4554/116/51 4558/112/51 4559/114/51 4555/117/51
f 4555/117/52 4559/114/52 4560/104/52 4556/103/52
f 4444/105/53 4443/107/53 4553/115/53 4549/118/53
f 4549/118/54 4553/115/54 4554/116/54 4550/119/54
f 4550/119/51 4554/116/51 4555/117/51 4551/120/51
f 4551/120/55 4555/117/55 4556/103/55 4552/102/55
f 4415/106/56 4444/105/56 4549/118/56 4488/121/56
f 4488/121/51 4549/118/51 4550/119/51 4487/122/51
f 4487/122/51 4550/119/51 4551/120/51 4486/123/51
f 4486/123/51 4551/120/51 4552/102/51 4485/101/51
f 4450/100/57 4449/12/57 4545/124/57 4541/125/57
f 4541/125/58 4545/124/58 4546/126/58 4542/127/58
f 4542/127/59 4546/126/59 4547/128/59 4543/129/59
f 4543/129/60 4547/128/60 4548/13/60 4544/96/60
f 4451/99/57 4450/100/57 4541/125/57 4537/130/57
f 4537/130/58 4541/125/58 4542/127/58 4538/131/58
f 4538/131/59 4542/127/59 4543/129/59 4539/132/59
f 4539/132/60 4543/129/60 4544/96/60 4540/94/60
f 4452/98/61 4451/99/61 4537/130/61 4533/133/61
f 4533/133/62 4537/130/62 4538/131/62 4534/134/62
f 4534/134/59 4538/131/59 4539/132/59 4535/135/59
f 4535/135/63 4539/132/63 4540/94/63 4536/91/63
f 4417/19/64 4452/98/64 4533/133/64 4496/136/64
f 4496/136/59 4533/133/59 4534/134/59 4495/137/59
f 4495/137/59 4534/134/59 4535/135/59 4494/138/59
f 4494/138/59 4535/135/59 4536/91/59 4493/90/59
f 4423/139/5 4528/140/5 4532/141/5 4424/142/5
f 4528/140/5 4527/143/5 4531/144/5 4532/141/5
f 4527/143/5 4526/145/5 4530/146/5 4531/144/5
f 4526/145/5 4525/40/5 4529/17/5 4530/146/5
f 4422/147/5 4524/148/5 4528/140/5 4423/139/5
f 4524/148/5 4523/149/5 4527/143/5 4528/140/5
f 4523/149/5 4522/150/5 4526/145/5 4527/143/5
f 4522/150/5 4521/38/5 4525/40/5 4526/145/5
f 4421/151/5 4520/152/5 4524/148/5 4422/147/5
f 4520/152/5 4519/153/5 4523/149/5 4524/148/5
f 4519/153/5 4518/154/5 4522/150/5 4523/149/5
f 4518/154/5 4517/36/5 4521/38/5 4522/150/5
f 4415/155/5 4488/156/5 4520/152/5 4421/151/5
f 4488/156/5 4487/157/5 4519/153/5 4520/152/5
f 4487/157/5 4486/158/5 4518/154/5 4519/153/5
f 4486/158/5 4485/33/5 4517/36/5 4518/154/5
f 4435/45/65 4512/159/65 4516/160/65 4436/10/65
f 4512/159/66 4511/161/66 4515/162/66 4516/160/66
f 4511/161/67 4510/163/67 4514/164/67 4515/162/67
f 4510/163/68 4509/32/68 4513/21/68 4514/164/68
f 4434/43/69 4508/165/69 4512/159/69 4435/45/69
f 4508/165/70 4507/166/70 4511/161/70 4512/159/70
f 4507/166/71 4506/167/71 4510/163/71 4511/161/71
f 4506/167/72 4505/30/72 4509/32/72 4510/163/72
f 4433/41/73 4504/168/73 4508/165/73 4434/43/73
f 4504/168/74 4503/169/74 4507/166/74 4508/165/74
f 4503/169/75 4502/170/75 4506/167/75 4507/166/75
f 4502/170/76 4501/28/76 4505/30/76 4506/167/76
f 4420/7/77 4492/171/77 4504/168/77 4433/41/77
f 4492/171/78 4491/172/78 4503/169/78 4504/168/78
f 4491/172/79 4490/173/79 4502/170/79 4503/169/79
f 4490/173/80 4489/25/80 4501/28/80 4502/170/80
f 4436/10/81 4516/160/81 4497/174/81 4418/11/81
f 4516/160/82 4515/162/82 4498/175/82 4497/174/82
f 4515/162/83 4514/164/83 4499/176/83 4498/175/83
f 4514/164/84 4513/21/84 4500/24/84 4499/176/84
f 4424/142/5 4532/141/5 4493/177/5 4413/178/5
f 4532/141/5 4531/144/5 4494/179/5 4493/177/5
f 4531/144/5 4530/146/5 4495/180/5 4494/179/5
f 4530/146/5 4529/17/5 4496/20/5 4495/180/5
f 4449/12/85 4418/11/85 4497/181/85 4545/124/85
f 4545/124/86 4497/181/86 4498/182/86 4546/126/86
f 4546/126/87 4498/182/87 4499/183/87 4547/128/87
f 4547/128/88 4499/183/88 4500/14/88 4548/13/88
f 4441/4/89 4416/3/89 4489/184/89 4561/109/89
f 4561/109/90 4489/184/90 4490/185/90 4562/111/90
f 4562/111/91 4490/185/91 4491/186/91 4563/113/91
f 4563/113/92 4491/186/92 4492/6/92 4564/5/92
f 4633/1/1 4580/2/1 4568/3/1 4593/4/1
f 4716/5/2 4644/6/2 4572/7/2 4597/8/2
f 4617/9/3 4588/10/3 4570/11/3 4601/12/3
f 4700/13/4 4652/14/4 4566/15/4 4592/16/4
f 4681/17/5 4581/18/5 4569/19/5 4648/20/5
f 4665/21/6 4577/22/6 4566/23/6 4652/24/6
f 4641/25/7 4568/26/7 4580/27/7 4653/28/7
f 4653/28/8 4580/27/8 4579/29/8 4657/30/8
f 4657/30/9 4579/29/9 4578/31/9 4661/32/9
f 4661/32/10 4578/31/10 4577/22/10 4665/21/10
f 4637/33/5 4571/34/5 4584/35/5 4669/36/5
f 4669/36/5 4584/35/5 4583/37/5 4673/38/5
f 4673/38/5 4583/37/5 4582/39/5 4677/40/5
f 4677/40/5 4582/39/5 4581/18/5 4681/17/5
f 4597/8/11 4572/7/11 4585/41/11 4605/42/11
f 4605/42/12 4585/41/12 4586/43/12 4609/44/12
f 4609/44/13 4586/43/13 4587/45/13 4613/46/13
f 4613/46/14 4587/45/14 4588/10/14 4617/9/14
f 4592/47/15 4566/48/15 4577/49/15 4621/50/15
f 4621/50/16 4577/49/16 4578/51/16 4625/52/16
f 4625/52/17 4578/51/17 4579/53/17 4629/54/17
f 4629/54/18 4579/53/18 4580/2/18 4633/1/18
f 4574/55/19 4632/56/19 4636/57/19 4573/58/19
f 4632/56/20 4631/59/20 4635/60/20 4636/57/20
f 4631/59/21 4630/61/21 4634/62/21 4635/60/21
f 4630/61/21 4629/54/21 4633/1/21 4634/62/21
f 4575/63/19 4628/64/19 4632/56/19 4574/55/19
f 4628/64/19 4627/65/19 4631/59/19 4632/56/19
f 4627/65/19 4626/66/19 4630/61/19 4631/59/19
f 4626/66/19 4625/52/19 4629/54/19 4630/61/19
f 4576/67/19 4624/68/19 4628/64/19 4575/63/19
f 4624/68/22 4623/69/22 4627/65/22 4628/64/22
f 4623/69/23 4622/70/23 4626/66/23 4627/65/23
f 4622/70/23 4621/50/23 4625/52/23 4626/66/23
f 4565/71/24 4589/72/24 4624/68/24 4576/67/24
f 4589/72/25 4590/73/25 4623/69/25 4624/68/25
f 4590/73/26 4591/74/26 4622/70/26 4623/69/26
f 4591/74/26 4592/47/26 4621/50/26 4622/70/26
f 4582/39/27 4616/75/27 4620/76/27 4581/18/27
f 4616/75/28 4615/77/28 4619/78/28 4620/76/28
f 4615/77/29 4614/79/29 4618/80/29 4619/78/29
f 4614/79/29 4613/46/29 4617/9/29 4618/80/29
f 4583/37/27 4612/81/27 4616/75/27 4582/39/27
f 4612/81/27 4611/82/27 4615/77/27 4616/75/27
f 4611/82/27 4610/83/27 4614/79/27 4615/77/27
f 4610/83/27 4609/44/27 4613/46/27 4614/79/27
f 4584/35/27 4608/84/27 4612/81/27 4583/37/27
f 4608/84/30 4607/85/30 4611/82/30 4612/81/30
f 4607/85/31 4606/86/31 4610/83/31 4611/82/31
f 4606/86/31 4605/42/31 4609/44/31 4610/83/31
f 4571/34/32 4600/87/32 4608/84/32 4584/35/32
f 4600/87/33 4599/88/33 4607/85/33 4608/84/33
f 4599/88/34 4598/89/34 4606/86/34 4607/85/34
f 4598/89/35 4597/8/35 4605/42/35 4606/86/35
f 4645/90/36 4688/91/36 4589/92/36 4565/93/36
f 4688/91/37 4692/94/37 4590/95/37 4589/92/37
f 4692/94/38 4696/96/38 4591/97/38 4590/95/38
f 4696/96/38 4700/13/38 4592/16/38 4591/97/38
f 4581/18/39 4620/76/39 4604/98/39 4569/19/39
f 4620/76/94 4619/78/94 4603/99/94 4604/98/94
f 4619/78/41 4618/80/41 4602/100/41 4603/99/41
f 4618/80/41 4617/9/41 4601/12/41 4602/100/41
f 4637/101/42 4704/102/42 4600/87/42 4571/34/42
f 4704/102/43 4708/103/43 4599/88/43 4600/87/43
f 4708/103/44 4712/104/44 4598/89/44 4599/88/44
f 4712/104/45 4716/5/45 4597/8/45 4598/89/45
f 4573/58/46 4636/57/46 4596/105/46 4567/106/46
f 4636/57/47 4635/60/47 4595/107/47 4596/105/47
f 4635/60/48 4634/62/48 4594/108/48 4595/107/48
f 4634/62/48 4633/1/48 4593/4/48 4594/108/48
f 4594/108/49 4593/4/49 4713/109/49 4709/110/49
f 4709/110/50 4713/109/50 4714/111/50 4710/112/50
f 4710/112/51 4714/111/51 4715/113/51 4711/114/51
f 4711/114/52 4715/113/52 4716/5/52 4712/104/52
f 4595/107/49 4594/108/49 4709/110/49 4705/115/49
f 4705/115/50 4709/110/50 4710/112/50 4706/116/50
f 4706/116/51 4710/112/51 4711/114/51 4707/117/51
f 4707/117/52 4711/114/52 4712/104/52 4708/103/52
f 4596/105/53 4595/107/53 4705/115/53 4701/118/53
f 4701/118/54 4705/115/54 4706/116/54 4702/119/54
f 4702/119/51 4706/116/51 4707/117/51 4703/120/51
f 4703/120/55 4707/117/55 4708/103/55 4704/102/55
f 4567/106/56 4596/105/56 4701/118/56 4640/121/56
f 4640/121/51 4701/118/51 4702/119/51 4639/122/51
f 4639/122/51 4702/119/51 4703/120/51 4638/123/51
f 4638/123/51 4703/120/51 4704/102/51 4637/101/51
f 4602/100/57 4601/12/57 4697/124/57 4693/125/57
f 4693/125/58 4697/124/58 4698/126/58 4694/127/58
f 4694/127/59 4698/126/59 4699/128/59 4695/129/59
f 4695/129/60 4699/128/60 4700/13/60 4696/96/60
f 4603/99/57 4602/100/57 4693/125/57 4689/130/57
f 4689/130/58 4693/125/58 4694/127/58 4690/131/58
f 4690/131/59 4694/127/59 4695/129/59 4691/132/59
f 4691/132/60 4695/129/60 4696/96/60 4692/94/60
f 4604/98/61 4603/99/61 4689/130/61 4685/133/61
f 4685/133/62 4689/130/62 4690/131/62 4686/134/62
f 4686/134/59 4690/131/59 4691/132/59 4687/135/59
f 4687/135/63 4691/132/63 4692/94/63 4688/91/63
f 4569/19/64 4604/98/64 4685/133/64 4648/136/64
f 4648/136/59 4685/133/59 4686/134/59 4647/137/59
f 4647/137/59 4686/134/59 4687/135/59 4646/138/59
f 4646/138/59 4687/135/59 4688/91/59 4645/90/59
f 4575/139/5 4680/140/5 4684/141/5 4576/142/5
f 4680/140/5 4679/143/5 4683/144/5 4684/141/5
f 4679/143/5 4678/145/5 4682/146/5 4683/144/5
f 4678/145/5 4677/40/5 4681/17/5 4682/146/5
f 4574/147/5 4676/148/5 4680/140/5 4575/139/5
f 4676/148/5 4675/149/5 4679/143/5 4680/140/5
f 4675/149/5 4674/150/5 4678/145/5 4679/143/5
f 4674/150/5 4673/38/5 4677/40/5 4678/145/5
f 4573/151/5 4672/152/5 4676/148/5 4574/147/5
f 4672/152/5 4671/153/5 4675/149/5 4676/148/5
f 4671/153/5 4670/154/5 4674/150/5 4675/149/5
f 4670/154/5 4669/36/5 4673/38/5 4674/150/5
f 4567/155/5 4640/156/5 4672/152/5 4573/151/5
f 4640/156/5 4639/157/5 4671/153/5 4672/152/5
f 4639/157/5 4638/158/5 4670/154/5 4671/153/5
f 4638/158/5 4637/33/5 4669/36/5 4670/154/5
f 4587/45/65 4664/159/65 4668/160/65 4588/10/65
f 4664/159/66 4663/161/66 4667/162/66 4668/160/66
f 4663/161/67 4662/163/67 4666/164/67 4667/162/67
f 4662/163/68 4661/32/68 4665/21/68 4666/164/68
f 4586/43/69 4660/165/69 4664/159/69 4587/45/69
f 4660/165/70 4659/166/70 4663/161/70 4664/159/70
f 4659/166/71 4658/167/71 4662/163/71 4663/161/71
f 4658/167/72 4657/30/72 4661/32/72 4662/163/72
f 4585/41/73 4656/168/73 4660/165/73 4586/43/73
f 4656/168/74 4655/169/74 4659/166/74 4660/165/74
f 4655/169/75 4654/170/75 4658/167/75 4659/166/75
f 4654/170/76 4653/28/76 4657/30/76 4658/167/76
f 4572/7/77 4644/171/77 4656/168/77 4585/41/77
f 4644/171/78 4643/172/78 4655/169/78 4656/168/78
f 4643/172/79 4642/173/79 4654/170/79 4655/169/79
f 4642/173/80 4641/25/80 4653/28/80 4654/170/80
f 4588/10/81 4668/160/81 4649/174/81 4570/11/81
f 4668/160/82 4667/162/82 4650/175/82 4649/174/82
f 4667/162/83 4666/164/83 4651/176/83 4650/175/83
f 4666/164/84 4665/21/84 4652/24/84 4651/176/84
f 4576/142/5 4684/141/5 4645/177/5 4565/178/5
f 4684/141/5 4683/144/5 4646/179/5 4645/177/5
f 4683/144/5 4682/146/5 4647/180/5 4646/179/5
f 4682/146/5 4681/17/5 4648/20/5 4647/180/5
f 4601/12/85 4570/11/85 4649/181/85 4697/124/85
f 4697/124/86 4649/181/86 4650/182/86 4698/126/86
f 4698/126/87 4650/182/87 4651/183/87 4699/128/87
f 4699/128/88 4651/183/88 4652/14/88 4700/13/88
f 4593/4/89 4568/3/89 4641/184/89 4713/109/89
f 4713/109/90 4641/184/90 4642/185/90 4714/111/90
f 4714/111/91 4642/185/91 4643/186/91 4715/113/91
f 4715/113/92 4643/186/92 4644/6/92 4716/5/92
f 4785/1/1 4732/2/1 4720/3/1 4745/4/1
f 4868/5/2 4796/6/2 4724/7/2 4749/8/2
f 4769/9/3 4740/10/3 4722/11/3 4753/12/3
f 4852/13/4 4804/14/4 4718/15/4 4744/16/4
f 4833/17/5 4733/18/5 4721/19/5 4800/20/5
f 4817/21/6 4729/22/6 4718/23/6 4804/24/6
f 4793/25/7 4720/26/7 4732/27/7 4805/28/7
f 4805/28/8 4732/27/8 4731/29/8 4809/30/8
f 4809/30/9 4731/29/9 4730/31/9 4813/32/9
f 4813/32/10 4730/31/10 4729/22/10 4817/21/10
f 4789/33/5 4723/34/5 4736/35/5 4821/36/5
f 4821/36/5 4736/35/5 4735/37/5 4825/38/5
f 4825/38/5 4735/37/5 4734/39/5 4829/40/5
f 4829/40/5 4734/39/5 4733/18/5 4833/17/5
f 4749/8/11 4724/7/11 4737/41/11 4757/42/11
f 4757/42/12 4737/41/12 4738/43/12 4761/44/12
f 4761/44/13 4738/43/13 4739/45/13 4765/46/13
f 4765/46/14 4739/45/14 4740/10/14 4769/9/14
f 4744/47/15 4718/48/15 4729/49/15 4773/50/15
f 4773/50/16 4729/49/16 4730/51/16 4777/52/16
f 4777/52/17 4730/51/17 4731/53/17 4781/54/17
f 4781/54/18 4731/53/18 4732/2/18 4785/1/18
f 4726/55/19 4784/56/19 4788/57/19 4725/58/19
f 4784/56/20 4783/59/20 4787/60/20 4788/57/20
f 4783/59/21 4782/61/21 4786/62/21 4787/60/21
f 4782/61/21 4781/54/21 4785/1/21 4786/62/21
f 4727/63/19 4780/64/19 4784/56/19 4726/55/19
f 4780/64/19 4779/65/19 4783/59/19 4784/56/19
f 4779/65/19 4778/66/19 4782/61/19 4783/59/19
f 4778/66/19 4777/52/19 4781/54/19 4782/61/19
f 4728/67/19 4776/68/19 4780/64/19 4727/63/19
f 4776/68/22 4775/69/22 4779/65/22 4780/64/22
f 4775/69/23 4774/70/23 4778/66/23 4779/65/23
f 4774/70/23 4773/50/23 4777/52/23 4778/66/23
f 4717/71/24 4741/72/24 4776/68/24 4728/67/24
f 4741/72/25 4742/73/25 4775/69/25 4776/68/25
f 4742/73/26 4743/74/26 4774/70/26 4775/69/26
f 4743/74/26 4744/47/26 4773/50/26 4774/70/26
f 4734/39/27 4768/75/27 4772/76/27 4733/18/27
f 4768/75/28 4767/77/28 4771/78/28 4772/76/28
f 4767/77/29 4766/79/29 4770/80/29 4771/78/29
f 4766/79/29 4765/46/29 4769/9/29 4770/80/29
f 4735/37/27 4764/81/27 4768/75/27 4734/39/27
f 4764/81/27 4763/82/27 4767/77/27 4768/75/27
f 4763/82/27 4762/83/27 4766/79/27 4767/77/27
f 4762/83/27 4761/44/27 4765/46/27 4766/79/27
f 4736/35/27 4760/84/27 4764/81/27 4735/37/27
f 4760/84/30 4759/85/30 4763/82/30 4764/81/30
f 4759/85/31 4758/86/31 4762/83/31 4763/82/31
f 4758/86/31 4757/42/31 4761/44/31 4762/83/31
f 4723/34/32 4752/87/32 4760/84/32 4736/35/32
f 4752/87/33 4751/88/33 4759/85/33 4760/84/33
f 4751/88/34 4750/89/34 4758/86/34 4759/85/34
f 4750/89/35 4749/8/35 4757/42/35 4758/86/35
f 4797/90/36 4840/91/36 4741/92/36 4717/93/36
f 4840/91/37 4844/94/37 4742/95/37 4741/92/37
f 4844/94/38 4848/96/38 4743/97/38 4742/95/38
f 4848/96/38 4852/13/38 4744/16/38 4743/97/38
f 4733/18/39 4772/76/39 4756/98/39 4721/19/39
f 4772/76/94 4771/78/94 4755/99/94 4756/98/94
f 4771/78/41 4770/80/41 4754/100/41 4755/99/41
f 4770/80/41 4769/9/41 4753/12/41 4754/100/41
f 4789/101/42 4856/102/42 4752/87/42 4723/34/42
f 4856/102/43 4860/103/43 4751/88/43 4752/87/43
f 4860/103/44 4864/104/44 4750/89/44 4751/88/44
f 4864/104/45 4868/5/45 4749/8/45 4750/89/45
f 4725/58/46 4788/57/46 4748/105/46 4719/106/46
f 4788/57/47 4787/60/47 4747/107/47 4748/105/47
f 4787/60/48 4786/62/48 4746/108/48 4747/107/48
f 4786/62/48 4785/1/48 4745/4/48 4746/108/48
f 4746/108/49 4745/4/49 4865/109/49 4861/110/49
f 4861/110/50 4865/109/50 4866/111/50 4862/112/50
f 4862/112/51 4866/111/51 4867/113/51 4863/114/51
f 4863/114/52 4867/113/52 4868/5/52 4864/104/52
f 4747/107/49 4746/108/49 4861/110/49 4857/115/49
f 4857/115/50 4861/110/50 4862/112/50 4858/116/50
f 4858/116/51 4862/112/51 4863/114/51 4859/117/51
f 4859/117/52 4863/114/52 4864/104/52 4860/103/52
f 4748/105/53 4747/107/53 4857/115/53 4853/118/53
f 4853/118/54 4857/115/54 4858/116/54 4854/119/54
f 4854/119/51 4858/116/51 4859/117/51 4855/120/51
f 4855/120/55 4859/117/55 4860/103/55 4856/102/55
f 4719/106/56 4748/105/56 4853/118/56 4792/121/56
f 4792/121/51 4853/118/51 4854/119/51 4791/122/51
f 4791/122/51 4854/119/51 4855/120/51 4790/123/51
f 4790/123/51 4855/120/51 4856/102/51 4789/101/51
f 4754/100/57 4753/12/57 4849/124/57 4845/125/57
f 4845/125/58 4849/124/58 4850/126/58 4846/127/58
f 4846/127/59 4850/126/59 4851/128/59 4847/129/59
f 4847/129/60 4851/128/60 4852/13/60 4848/96/60
f 4755/99/57 4754/100/57 4845/125/57 4841/130/57
f 4841/130/58 4845/125/58 4846/127/58 4842/131/58
f 4842/131/59 4846/127/59 4847/129/59 4843/132/59
f 4843/132/60 4847/129/60 4848/96/60 4844/94/60
f 4756/98/61 4755/99/61 4841/130/61 4837/133/61
f 4837/133/62 4841/130/62 4842/131/62 4838/134/62
f 4838/134/59 4842/131/59 4843/132/59 4839/135/59
f 4839/135/63 4843/132/63 4844/94/63 4840/91/63
f 4721/19/64 4756/98/64 4837/133/64 4800/136/64
f 4800/136/59 4837/133/59 4838/134/59 4799/137/59
f 4799/137/59 4838/134/59 4839/135/59 4798/138/59
f 4798/138/59 4839/135/59 4840/91/59 4797/90/59
f 4727/139/5 4832/140/5 4836/141/5 4728/142/5
f 4832/140/5 4831/143/5 4835/144/5 4836/141/5
f 4831/143/5 4830/145/5 4834/146/5 4835/144/5
f 4830/145/5 4829/40/5 4833/17/5 4834/146/5
f 4726/147/5 4828/148/5 4832/140/5 4727/139/5
f 4828/148/5 4827/149/5 4831/143/5 4832/140/5
f 4827/149/5 4826/150/5 4830/145/5 4831/143/5
f 4826/150/5 4825/38/5 4829/40/5 4830/145/5
f 4725/151/5 4824/152/5 4828/148/5 4726/147/5
f 4824/152/5 4823/153/5 4827/149/5 4828/148/5
f 4823/153/5 4822/154/5 4826/150/5 4827/149/5
f 4822/154/5 4821/36/5 4825/38/5 4826/150/5
f 4719/155/5 4792/156/5 4824/152/5 4725/151/5
f 4792/156/5 4791/157/5 4823/153/5 4824/152/5
f 4791/157/5 4790/158/5 4822/154/5 4823/153/5
f 4790/158/5 4789/33/5 4821/36/5 4822/154/5
f 4739/45/65 4816/159/65 4820/160/65 4740/10/65
f 4816/159/66 4815/161/66 4819/162/66 4820/160/66
f 4815/161/67 4814/163/67 4818/164/67 4819/162/67
f 4814/163/68 4813/32/68 4817/21/68 4818/164/68
f 4738/43/69 4812/165/69 4816/159/69 4739/45/69
f 4812/165/70 4811/166/70 4815/161/70 4816/159/70
f 4811/166/71 4810/167/71 4814/163/71 4815/161/71
f 4810/167/72 4809/30/72 4813/32/72 4814/163/72
f 4737/41/73 4808/168/73 4812/165/73 4738/43/73
f 4808/168/74 4807/169/74 4811/166/74 4812/165/74
f 4807/169/75 4806/170/75 4810/167/75 4811/166/75
f 4806/170/76 4805/28/76 4809/30/76 4810/167/76
f 4724/7/77 4796/171/77 4808/168/77 4737/41/77
f 4796/171/78 4795/172/78 4807/169/78 4808/168/78
f 4795/172/79 4794/173/79 4806/170/79 4807/169/79
f 4794/173/80 4793/25/80 4805/28/80 4806/170/80
f 4740/10/81 4820/160/81 4801/174/81 4722/11/81
f 4820/160/82 4819/162/82 4802/175/82 4801/174/82
f 4819/162/83 4818/164/83 4803/176/83 4802/175/83
f 4818/164/84 4817/21/84 4804/24/84 4803/176/84
f 4728/142/5 4836/141/5 4797/177/5 4717/178/5
f 4836/141/5 4835/144/5 4798/179/5 4797/177/5
f 4835/144/5 4834/146/5 4799/180/5 4798/179/5
f 4834/146/5 4833/17/5 4800/20/5 4799/180/5
f 4753/12/85 4722/11/85 4801/181/85 4849/124/85
f 4849/124/86 4801/181/86 4802/182/86 4850/126/86
f 4850/126/87 4802/182/87 4803/183/87 4851/128/87
f 4851/128/88 4803/183/88 4804/14/88 4852/13/88
f 4745/4/89 4720/3/89 4793/184/89 4865/109/89
f 4865/109/90 4793/184/90 4794/185/90 4866/111/90
f 4866/111/91 4794/185/91 4795/186/91 4867/113/91
f 4867/113/92 4795/186/92 4796/6/92 4868/5/92
