# Blender 4.4.1
# www.blender.org
mtllib stage.mtl
o 立方体.031
v -6.393623 367.680359 -138.362000
v 92.494957 376.941925 -149.898041
v -6.393617 449.190918 -138.362000
v 93.123894 444.083893 -146.823410
v -6.393643 367.680328 -219.872559
v 93.606369 378.120972 -210.678940
v -6.393637 449.190887 -219.872559
v 93.606361 438.309540 -211.892670
v -6.393617 438.435638 -129.117279
v -6.393619 418.435638 -129.117279
v -6.393620 398.435638 -129.117279
v -6.393621 378.435638 -129.117279
v 93.606392 386.104126 -141.898117
v 93.606392 401.077301 -142.325623
v 93.606392 415.793976 -142.325623
v 93.606392 430.767151 -141.898117
v -6.393642 378.435608 -229.117279
v -6.393641 398.435608 -229.117279
v -6.393640 418.435608 -229.117279
v -6.393638 438.435608 -229.117279
v 93.606369 430.767120 -216.336441
v 93.606369 415.793945 -215.908936
v 93.606369 401.077271 -215.908936
v 93.606369 386.104095 -216.336441
v 13.606375 367.680359 -138.362000
v 35.641121 368.621704 -139.317535
v 53.606377 368.621704 -139.317535
v 71.571648 368.621704 -139.317535
v 71.571648 448.217957 -139.317535
v 53.606384 448.217957 -139.317535
v 35.641129 448.217957 -139.317535
v 13.606381 449.190918 -138.362000
v 71.571625 443.191986 -218.405762
v 53.606373 448.217926 -218.913818
v 35.641117 448.217926 -218.913818
v 13.606364 449.190887 -219.872559
v 71.571625 368.621674 -218.913818
v 53.606365 368.621674 -218.913818
v 35.641109 368.621674 -218.913818
v 13.606358 367.680328 -219.872559
v 71.571625 435.367676 -224.028809
v 53.606373 435.367676 -224.028809
v 35.641117 435.367676 -224.028809
v 13.606360 438.435608 -229.117279
v 73.606369 418.435608 -229.117279
v 53.606354 418.435608 -229.117279
v 33.606354 418.435608 -229.117279
v 13.606359 418.435608 -229.117279
v 73.606369 398.435608 -229.117279
v 53.606354 398.435608 -229.117279
v 33.606354 398.435608 -229.117279
v 13.606358 398.435608 -229.117279
v 71.571625 381.471924 -224.028809
v 53.606369 381.471924 -224.028809
v 35.641113 381.471924 -224.028809
v 13.606356 378.435608 -229.117279
v 71.571648 381.471954 -134.202545
v 53.606380 381.471954 -134.202545
v 35.641125 381.471954 -134.202545
v 13.606378 378.435638 -129.117279
v 73.606392 398.435638 -129.117279
v 53.606377 398.435638 -129.117279
v 33.606377 398.435638 -129.117279
v 13.606380 398.435638 -129.117279
v 73.606392 418.435638 -129.117279
v 53.606377 418.435638 -129.117279
v 33.606377 418.435638 -129.117279
v 13.606380 418.435638 -129.117279
v 71.571648 435.367706 -134.202545
v 53.606384 435.367706 -134.202545
v 35.641129 435.367706 -134.202545
v 13.606382 438.435638 -129.117279
v -6.393633 458.435608 -209.117279
v -6.393627 458.435638 -189.117279
v -6.393624 458.435638 -169.117279
v -6.393618 458.435638 -149.117279
v 93.606369 445.654785 -156.785782
v 93.606369 445.227295 -171.758942
v 93.606369 445.227295 -186.475616
v 93.606369 445.654785 -201.448776
v -6.393626 358.435638 -149.117279
v -6.393632 358.435638 -169.117279
v -6.393635 358.435638 -189.117279
v -6.393641 358.435608 -209.117279
v 93.606369 371.216492 -201.448776
v 93.606369 371.643982 -186.475616
v 93.606369 371.643982 -171.758942
v 93.606369 371.216492 -156.785782
v 105.734924 430.767151 -156.785828
v 105.734924 438.435638 -169.117325
v 105.734924 438.435638 -189.117325
v 105.734924 430.767151 -201.448822
v 105.734947 418.435638 -149.117325
v 113.161835 418.435638 -169.117325
v 111.516541 418.435638 -189.117325
v 105.734924 418.435608 -209.117325
v 105.734947 398.435638 -149.117325
v 117.501968 398.435638 -169.117325
v 108.602478 398.435638 -189.117325
v 105.734924 398.435608 -209.117325
v 105.734924 386.104126 -156.785828
v 105.734924 378.435638 -169.117325
v 105.734924 378.435638 -189.117325
v 105.734924 386.104126 -201.448822
v -6.393635 438.435608 -209.117279
v -6.393629 438.435638 -189.117279
v -6.393626 438.435638 -169.117279
v -6.393620 438.435638 -149.117279
v -6.393637 418.435608 -209.117279
v -6.393631 418.435638 -189.117279
v -6.393628 418.435638 -169.117279
v -6.393621 418.435638 -149.117279
v -6.393638 398.435608 -209.117279
v -6.393632 398.435638 -189.117279
v -6.393629 398.435638 -169.117279
v -6.393623 398.435638 -149.117279
v -6.393640 378.435608 -209.117279
v -6.393633 378.435638 -189.117279
v -6.393631 378.435638 -169.117279
v -6.393624 378.435638 -149.117279
v 13.606357 358.435608 -209.117279
v 13.606362 358.435638 -189.117279
v 13.606368 358.435638 -169.117279
v 13.606371 358.435638 -149.117279
v 35.641109 363.506653 -206.063568
v 33.606361 358.435638 -189.117279
v 33.606373 358.435638 -169.117279
v 35.641121 363.506683 -152.167801
v 53.606365 363.506653 -206.063568
v 53.606361 358.435638 -189.117279
v 53.606373 358.435638 -169.117279
v 53.606377 363.506683 -152.167801
v 71.571625 363.506653 -206.063568
v 73.606369 358.435638 -189.117279
v 73.606369 358.435638 -169.117279
v 71.571625 363.506683 -152.167801
v 13.606379 458.435638 -149.117279
v 13.606376 458.435638 -169.117279
v 13.606370 458.435638 -189.117279
v 13.606364 458.435608 -209.117279
v 35.641129 453.332947 -152.167801
v 33.606380 458.435638 -169.117279
v 33.606369 458.435638 -189.117279
v 35.641117 453.332916 -206.063568
v 53.606384 453.332947 -152.167801
v 53.606380 458.435638 -169.117279
v 53.606369 458.435638 -189.117279
v 53.606373 453.332916 -206.063568
v 71.571625 453.332947 -152.167801
v 73.606377 458.435638 -169.117279
v 73.606377 458.435638 -189.117279
v 71.571625 453.332916 -206.063568
v 0.000072 -499.999939 500.000031
v -0.000156 -500.000000 -499.999969
v 0.000148 500.000031 499.999969
v -0.000080 499.999969 -500.000031
v -6.393687 -473.485748 -104.258018
v 92.494888 -464.224152 -115.794083
v -6.393681 -391.975189 -104.258026
v 93.123833 -397.082245 -112.719452
v -6.393705 -473.485748 -185.768570
v 93.606285 -463.045135 -176.574951
v -6.393699 -391.975189 -185.768570
v 93.606293 -402.856537 -177.788681
v -6.393679 -402.730438 -95.013298
v -6.393680 -422.730438 -95.013298
v -6.393682 -442.730499 -95.013298
v -6.393683 -462.730499 -95.013290
v 93.606308 -455.061981 -107.794151
v 93.606316 -440.088837 -108.221672
v 93.606316 -425.372101 -108.221672
v 93.606316 -410.398956 -107.794159
v -6.393707 -462.730499 -195.013306
v -6.393705 -442.730499 -195.013306
v -6.393704 -422.730438 -195.013306
v -6.393703 -402.730438 -195.013306
v 93.606293 -410.398956 -182.232468
v 93.606293 -425.372101 -181.804947
v 93.606293 -440.088837 -181.804947
v 93.606285 -455.061981 -182.232468
v 13.606315 -473.485748 -104.258018
v 35.641068 -472.544464 -105.213554
v 53.606319 -472.544464 -105.213577
v 71.571571 -472.544464 -105.213577
v 71.571579 -392.948151 -105.213585
v 53.606323 -392.948151 -105.213585
v 35.641071 -392.948151 -105.213562
v 13.606320 -391.975189 -104.258026
v 71.571556 -397.974091 -184.301773
v 53.606300 -392.948151 -184.809845
v 35.641048 -392.948151 -184.809845
v 13.606300 -391.975189 -185.768570
v 71.571548 -472.544464 -184.809845
v 53.606297 -472.544464 -184.809845
v 35.641045 -472.544464 -184.809845
v 13.606295 -473.485748 -185.768570
v 71.571556 -405.798431 -189.924835
v 53.606300 -405.798431 -189.924835
v 35.641048 -405.798431 -189.924835
v 13.606299 -402.730438 -195.013306
v 73.606300 -422.730438 -195.013306
v 53.606300 -422.730438 -195.013306
v 33.606297 -422.730438 -195.013306
v 13.606298 -422.730438 -195.013306
v 73.606300 -442.730499 -195.013306
v 53.606297 -442.730499 -195.013306
v 33.606293 -442.730499 -195.013306
v 13.606297 -442.730499 -195.013306
v 71.571548 -459.694183 -189.924835
v 53.606297 -459.694183 -189.924835
v 35.641045 -459.694183 -189.924835
v 13.606295 -462.730499 -195.013306
v 71.571571 -459.694183 -100.098587
v 53.606319 -459.694183 -100.098587
v 35.641068 -459.694183 -100.098564
v 13.606315 -462.730499 -95.013290
v 73.606323 -442.730499 -95.013321
v 53.606319 -442.730499 -95.013321
v 33.606316 -442.730499 -95.013298
v 13.606317 -442.730499 -95.013298
v 73.606323 -422.730438 -95.013321
v 53.606323 -422.730438 -95.013321
v 33.606319 -422.730438 -95.013298
v 13.606318 -422.730438 -95.013298
v 71.571579 -405.798431 -100.098595
v 53.606323 -405.798431 -100.098595
v 35.641071 -405.798431 -100.098572
v 13.606319 -402.730438 -95.013298
v -6.393696 -382.730499 -175.013306
v -6.393692 -382.730499 -155.013306
v -6.393686 -382.730499 -135.013306
v -6.393682 -382.730499 -115.013298
v 93.606316 -395.511322 -122.681824
v 93.606316 -395.938873 -137.654968
v 93.606293 -395.938873 -152.371628
v 93.606293 -395.511322 -167.344803
v -6.393689 -482.730499 -115.013290
v -6.393693 -482.730499 -135.013306
v -6.393699 -482.730499 -155.013306
v -6.393703 -482.730499 -175.013306
v 93.606285 -469.949615 -167.344803
v 93.606285 -469.522064 -152.371628
v 93.606308 -469.522064 -137.654968
v 93.606308 -469.949615 -122.681816
v 105.734879 -410.398956 -122.681824
v 105.734879 -402.730438 -135.013351
v 105.734856 -402.730438 -155.013351
v 105.734856 -410.398956 -167.344849
v 105.734879 -422.730438 -115.013321
v 113.161781 -422.730438 -135.013351
v 111.516464 -422.730438 -155.013351
v 105.734856 -422.730438 -175.013351
v 105.734879 -442.730499 -115.013321
v 117.501930 -442.730499 -135.013351
v 108.602402 -442.730499 -155.013351
v 105.734856 -442.730499 -175.013351
v 105.734871 -455.061981 -122.681816
v 105.734871 -462.730499 -135.013351
v 105.734848 -462.730499 -155.013351
v 105.734848 -455.061981 -167.344849
v -6.393698 -402.730438 -175.013306
v -6.393693 -402.730438 -155.013306
v -6.393688 -402.730438 -135.013306
v -6.393683 -402.730438 -115.013298
v -6.393699 -422.730438 -175.013306
v -6.393695 -422.730438 -155.013306
v -6.393689 -422.730438 -135.013306
v -6.393685 -422.730438 -115.013298
v -6.393701 -442.730499 -175.013306
v -6.393696 -442.730499 -155.013306
v -6.393691 -442.730499 -135.013306
v -6.393686 -442.730499 -115.013298
v -6.393702 -462.730499 -175.013306
v -6.393698 -462.730499 -155.013306
v -6.393692 -462.730499 -135.013306
v -6.393688 -462.730499 -115.013290
v 13.606296 -482.730499 -175.013306
v 13.606303 -482.730499 -155.013306
v 13.606305 -482.730499 -135.013306
v 13.606311 -482.730499 -115.013290
v 35.641056 -477.659393 -171.959579
v 33.606300 -482.730499 -155.013306
v 33.606300 -482.730499 -135.013306
v 35.641068 -477.659393 -118.063820
v 53.606308 -477.659393 -171.959579
v 53.606304 -482.730499 -155.013306
v 53.606304 -482.730499 -135.013306
v 53.606319 -477.659393 -118.063843
v 71.571548 -477.659393 -171.959579
v 73.606293 -482.730499 -155.013306
v 73.606316 -482.730499 -135.013306
v 71.571571 -477.659393 -118.063843
v 13.606318 -382.730499 -115.013298
v 13.606313 -382.730499 -135.013306
v 13.606311 -382.730499 -155.013306
v 13.606303 -382.730499 -175.013306
v 35.641071 -387.833160 -118.063828
v 33.606308 -382.730499 -135.013306
v 33.606308 -382.730499 -155.013306
v 35.641060 -387.833160 -171.959579
v 53.606323 -387.833160 -118.063850
v 53.606312 -382.730499 -135.013306
v 53.606312 -382.730499 -155.013306
v 53.606312 -387.833160 -171.959579
v 71.571579 -387.833160 -118.063850
v 73.606323 -382.730499 -135.013306
v 73.606300 -382.730499 -155.013306
v 71.571556 -387.833160 -171.959579
v -6.393715 -70.404022 -400.450653
v 92.494850 -61.142464 -411.986694
v -6.393709 11.106507 -400.450653
v 93.123795 5.999474 -408.912048
v -6.393733 -70.404030 -481.961212
v 93.606262 -59.963390 -472.767578
v -6.393727 11.106502 -481.961212
v 93.606262 0.225177 -473.981293
v -6.393710 0.351258 -391.205933
v -6.393712 -19.648771 -391.205933
v -6.393713 -39.648743 -391.205933
v -6.393714 -59.648773 -391.205933
v 93.606285 -51.980232 -403.986755
v 93.606293 -37.007088 -404.414276
v 93.606293 -22.290443 -404.414276
v 93.606293 -7.317299 -403.986755
v -6.393735 -59.648781 -491.205933
v -6.393734 -39.648750 -491.205933
v -6.393733 -19.648779 -491.205933
v -6.393731 0.351251 -491.205933
v 93.606270 -7.317304 -478.425110
v 93.606270 -22.290449 -477.997589
v 93.606270 -37.007092 -477.997589
v 93.606262 -51.980236 -478.425110
v 13.606282 -70.404022 -400.450653
v 35.641033 -69.462708 -401.406189
v 53.606289 -69.462715 -401.406189
v 71.571541 -69.462715 -401.406189
v 71.571548 10.133570 -401.406189
v 53.606293 10.133572 -401.406189
v 35.641037 10.133573 -401.406189
v 13.606289 11.106505 -400.450653
v 71.571526 5.107594 -480.494415
v 53.606270 10.133566 -481.002472
v 35.641014 10.133567 -481.002472
v 13.606271 11.106500 -481.961212
v 71.571518 -69.462723 -481.002472
v 53.606266 -69.462723 -481.002472
v 35.641010 -69.462715 -481.002472
v 13.606264 -70.404030 -481.961212
v 71.571526 -2.716717 -486.117462
v 53.606270 -2.716716 -486.117462
v 35.641014 -2.716715 -486.117462
v 13.606267 0.351250 -491.205933
v 73.606270 -19.648785 -491.205933
v 53.606266 -19.648783 -491.205933
v 33.606266 -19.648781 -491.205933
v 13.606265 -19.648781 -491.205933
v 73.606270 -39.648754 -491.205933
v 53.606262 -39.648754 -491.205933
v 33.606262 -39.648754 -491.205933
v 13.606264 -39.648750 -491.205933
v 71.571518 -56.612469 -486.117462
v 53.606266 -56.612469 -486.117462
v 35.641010 -56.612469 -486.117462
v 13.606262 -59.648781 -491.205933
v 71.571541 -56.612461 -396.291199
v 53.606289 -56.612461 -396.291199
v 35.641033 -56.612461 -396.291199
v 13.606285 -59.648773 -391.205933
v 73.606293 -39.648746 -391.205933
v 53.606285 -39.648746 -391.205933
v 33.606285 -39.648746 -391.205933
v 13.606287 -39.648743 -391.205933
v 73.606293 -19.648777 -391.205933
v 53.606289 -19.648775 -391.205933
v 33.606289 -19.648773 -391.205933
v 13.606288 -19.648773 -391.205933
v 71.571548 -2.716711 -396.291199
v 53.606293 -2.716709 -396.291199
v 35.641037 -2.716708 -396.291199
v 13.606290 0.351257 -391.205933
v -6.393726 20.351252 -471.205933
v -6.393721 20.351254 -451.205933
v -6.393714 20.351255 -431.205933
v -6.393712 20.351257 -411.205933
v 93.606293 7.570366 -418.874451
v 93.606293 7.142904 -433.847595
v 93.606293 7.142903 -448.564270
v 93.606270 7.570362 -463.537415
v -6.393719 -79.648743 -411.205933
v -6.393722 -79.648743 -431.205933
v -6.393728 -79.648743 -451.205933
v -6.393734 -79.648750 -471.205933
v 93.606262 -66.867905 -463.537415
v 93.606285 -66.440437 -448.564270
v 93.606285 -66.440437 -433.847595
v 93.606285 -66.867897 -418.874451
v 105.734848 -7.317301 -418.874451
v 105.734848 0.351247 -431.205933
v 105.734848 0.351246 -451.205933
v 105.734825 -7.317304 -463.537415
v 105.734848 -19.648781 -411.205933
v 113.161758 -19.648783 -431.205933
v 111.516464 -19.648785 -451.205933
v 105.734825 -19.648787 -471.205933
v 105.734848 -39.648750 -411.205933
v 117.501892 -39.648754 -431.205933
v 108.602402 -39.648754 -451.205933
v 105.734825 -39.648754 -471.205933
v 105.734840 -51.980232 -418.874451
v 105.734840 -59.648785 -431.205933
v 105.734840 -59.648785 -451.205933
v 105.734818 -51.980236 -463.537415
v -6.393728 0.351252 -471.205933
v -6.393722 0.351254 -451.205933
v -6.393716 0.351255 -431.205933
v -6.393713 0.351257 -411.205933
v -6.393729 -19.648779 -471.205933
v -6.393723 -19.648777 -451.205933
v -6.393717 -19.648775 -431.205933
v -6.393714 -19.648773 -411.205933
v -6.393731 -39.648746 -471.205933
v -6.393725 -39.648746 -451.205933
v -6.393719 -39.648746 -431.205933
v -6.393716 -39.648743 -411.205933
v -6.393732 -59.648777 -471.205933
v -6.393726 -59.648777 -451.205933
v -6.393720 -59.648777 -431.205933
v -6.393717 -59.648773 -411.205933
v 13.606267 -79.648750 -471.205933
v 13.606270 -79.648743 -451.205933
v 13.606276 -79.648743 -431.205933
v 13.606278 -79.648743 -411.205933
v 35.641022 -74.577705 -468.152222
v 33.606270 -79.648743 -451.205933
v 33.606270 -79.648743 -431.205933
v 35.641033 -74.577698 -414.256470
v 53.606277 -74.577713 -468.152222
v 53.606270 -79.648750 -451.205933
v 53.606270 -79.648750 -431.205933
v 53.606289 -74.577705 -414.256470
v 71.571518 -74.577713 -468.152222
v 73.606285 -79.648750 -451.205933
v 73.606285 -79.648750 -431.205933
v 71.571541 -74.577705 -414.256470
v 13.606286 20.351255 -411.205933
v 13.606283 20.351254 -431.205933
v 13.606277 20.351252 -451.205933
v 13.606275 20.351250 -471.205933
v 35.641037 15.248562 -414.256470
v 33.606277 20.351254 -431.205933
v 33.606277 20.351252 -451.205933
v 35.641026 15.248558 -468.152222
v 53.606293 15.248561 -414.256470
v 53.606277 20.351252 -431.205933
v 53.606277 20.351250 -451.205933
v 53.606281 15.248557 -468.152222
v 71.571548 15.248559 -414.256470
v 73.606293 20.351250 -431.205933
v 73.606293 20.351248 -451.205933
v 71.571526 15.248555 -468.152222
v -6.393719 -155.945801 -379.302612
v 92.494850 -146.684265 -390.838623
v -6.393713 -74.435242 -379.302612
v 93.123787 -79.542274 -387.763977
v -6.393737 -155.945801 -460.813141
v 93.606285 -145.505188 -451.619537
v -6.393731 -74.435249 -460.813141
v 93.606277 -85.316597 -452.833252
v -6.393710 -85.190521 -370.057861
v -6.393712 -105.190552 -370.057861
v -6.393713 -125.190491 -370.057861
v -6.393715 -145.190552 -370.057861
v 93.606285 -137.522034 -382.838684
v 93.606285 -122.548836 -383.266205
v 93.606285 -107.832222 -383.266205
v 93.606285 -92.859047 -382.838684
v -6.393736 -145.190552 -470.057861
v -6.393734 -125.190498 -470.057861
v -6.393733 -105.190559 -470.057861
v -6.393731 -85.190529 -470.057861
v 93.606262 -92.859055 -457.277039
v 93.606262 -107.832230 -456.849518
v 93.606262 -122.548843 -456.849518
v 93.606262 -137.522034 -457.277039
v 13.606281 -155.945801 -379.302612
v 35.641026 -155.004456 -380.258118
v 53.606281 -155.004456 -380.258118
v 71.571533 -155.004456 -380.258118
v 71.571541 -75.408211 -380.258118
v 53.606289 -75.408211 -380.258118
v 35.641033 -75.408203 -380.258118
v 13.606287 -74.435242 -379.302612
v 71.571518 -80.434158 -459.346344
v 53.606277 -75.408218 -459.854401
v 35.641022 -75.408211 -459.854401
v 13.606270 -74.435249 -460.813141
v 71.571510 -155.004456 -459.854401
v 53.606270 -155.004456 -459.854401
v 35.641014 -155.004456 -459.854401
v 13.606264 -155.945801 -460.813141
v 71.571518 -88.258499 -464.969391
v 53.606274 -88.258499 -464.969391
v 35.641018 -88.258492 -464.969391
v 13.606266 -85.190529 -470.057861
v 73.606262 -105.190567 -470.057861
v 53.606270 -105.190567 -470.057861
v 33.606270 -105.190559 -470.057861
v 13.606265 -105.190559 -470.057861
v 73.606262 -125.190506 -470.057861
v 53.606270 -125.190506 -470.057861
v 33.606270 -125.190498 -470.057861
v 13.606263 -125.190498 -470.057861
v 71.571518 -142.154236 -464.969391
v 53.606270 -142.154236 -464.969391
v 35.641014 -142.154236 -464.969391
v 13.606262 -145.190552 -470.057861
v 71.571541 -142.154236 -375.143127
v 53.606293 -142.154236 -375.143127
v 35.641037 -142.154236 -375.143127
v 13.606285 -145.190552 -370.057861
v 73.606285 -125.190498 -370.057861
v 53.606293 -125.190498 -370.057861
v 33.606293 -125.190491 -370.057861
v 13.606286 -125.190491 -370.057861
v 73.606285 -105.190559 -370.057861
v 53.606293 -105.190559 -370.057861
v 33.606293 -105.190552 -370.057861
v 13.606288 -105.190552 -370.057861
v 71.571541 -88.258492 -375.143127
v 53.606297 -88.258492 -375.143127
v 35.641041 -88.258484 -375.143127
v 13.606289 -85.190521 -370.057861
v -6.393727 -65.190521 -450.057861
v -6.393721 -65.190521 -430.057861
v -6.393718 -65.190521 -410.057861
v -6.393715 -65.190521 -390.057861
v 93.606285 -77.971382 -397.726379
v 93.606285 -78.398872 -412.699524
v 93.606285 -78.398872 -427.416199
v 93.606285 -77.971382 -442.389374
v -6.393723 -165.190552 -390.057861
v -6.393725 -165.190552 -410.057861
v -6.393728 -165.190552 -430.057861
v -6.393734 -165.190552 -450.057861
v 93.606277 -152.409668 -442.389374
v 93.606277 -151.982178 -427.416199
v 93.606277 -151.982178 -412.699524
v 93.606277 -152.409668 -397.726379
v 105.734840 -92.859047 -397.726379
v 105.734840 -85.190529 -410.057861
v 105.734840 -85.190529 -430.057861
v 105.734840 -92.859047 -442.389374
v 105.734840 -105.190559 -390.057861
v 113.161751 -105.190559 -410.057861
v 111.516457 -105.190559 -430.057861
v 105.734840 -105.190559 -450.057861
v 105.734840 -125.190498 -390.057861
v 117.501884 -125.190498 -410.057861
v 108.602394 -125.190498 -430.057861
v 105.734840 -125.190498 -450.057861
v 105.734840 -137.522049 -397.726379
v 105.734840 -145.190567 -410.057861
v 105.734840 -145.190567 -430.057861
v 105.734840 -137.522049 -442.389374
v -6.393728 -85.190521 -450.057861
v -6.393722 -85.190521 -430.057861
v -6.393719 -85.190521 -410.057861
v -6.393716 -85.190521 -390.057861
v -6.393730 -105.190552 -450.057861
v -6.393724 -105.190552 -430.057861
v -6.393721 -105.190552 -410.057861
v -6.393718 -105.190552 -390.057861
v -6.393732 -125.190491 -450.057861
v -6.393725 -125.190491 -430.057861
v -6.393723 -125.190491 -410.057861
v -6.393720 -125.190491 -390.057861
v -6.393733 -145.190552 -450.057861
v -6.393727 -145.190552 -430.057861
v -6.393724 -145.190552 -410.057861
v -6.393721 -145.190552 -390.057861
v 13.606263 -165.190552 -450.057861
v 13.606269 -165.190552 -430.057861
v 13.606276 -165.190552 -410.057861
v 13.606277 -165.190552 -390.057861
v 35.641014 -160.119446 -447.004150
v 33.606266 -165.190552 -430.057861
v 33.606277 -165.190552 -410.057861
v 35.641026 -160.119446 -393.108398
v 53.606270 -160.119446 -447.004150
v 53.606266 -165.190552 -430.057861
v 53.606277 -165.190552 -410.057861
v 53.606281 -160.119446 -393.108398
v 71.571533 -160.119446 -447.004150
v 73.606277 -165.190552 -430.057861
v 73.606277 -165.190552 -410.057861
v 71.571533 -160.119446 -393.108398
v 13.606285 -65.190521 -390.057861
v 13.606283 -65.190521 -410.057861
v 13.606277 -65.190521 -430.057861
v 13.606271 -65.190521 -450.057861
v 35.641033 -70.293213 -393.108398
v 33.606285 -65.190521 -410.057861
v 33.606274 -65.190521 -430.057861
v 35.641022 -70.293213 -447.004150
v 53.606289 -70.293221 -393.108398
v 53.606285 -65.190529 -410.057861
v 53.606274 -65.190529 -430.057861
v 53.606277 -70.293221 -447.004150
v 71.571541 -70.293221 -393.108398
v 73.606285 -65.190529 -410.057861
v 73.606285 -65.190529 -430.057861
v 71.571541 -70.293221 -447.004150
v -6.393712 -230.242920 -330.206055
v 92.494865 -220.981323 -341.742096
v -6.393706 -148.732361 -330.206085
v 93.123802 -153.839355 -338.667480
v -6.393730 -230.242920 -411.716583
v 93.606277 -219.802246 -402.522980
v -6.393724 -148.732361 -411.716614
v 93.606270 -159.613708 -403.736725
v -6.393704 -159.487610 -320.961365
v -6.393705 -179.487610 -320.961365
v -6.393707 -199.487610 -320.961365
v -6.393709 -219.487671 -320.961334
v 93.606300 -211.819092 -333.742157
v 93.606300 -196.845947 -334.169678
v 93.606300 -182.129333 -334.169678
v 93.606300 -167.156128 -333.742188
v -6.393733 -219.487671 -420.961334
v -6.393731 -199.487610 -420.961365
v -6.393729 -179.487610 -420.961365
v -6.393728 -159.487610 -420.961365
v 93.606277 -167.156128 -408.180542
v 93.606277 -182.129333 -407.752991
v 93.606277 -196.845947 -407.752991
v 93.606277 -211.819092 -408.180511
v 13.606287 -230.242920 -330.206055
v 35.641029 -229.301575 -331.161591
v 53.606285 -229.301575 -331.161591
v 71.571556 -229.301575 -331.161591
v 71.571564 -149.705261 -331.161621
v 53.606293 -149.705261 -331.161621
v 35.641037 -149.705261 -331.161621
v 13.606293 -148.732361 -330.206085
v 71.571533 -154.731262 -410.249817
v 53.606281 -149.705261 -410.757904
v 35.641026 -149.705261 -410.757904
v 13.606273 -148.732361 -411.716614
v 71.571533 -229.301575 -410.757874
v 53.606274 -229.301575 -410.757874
v 35.641018 -229.301575 -410.757874
v 13.606267 -230.242920 -411.716583
v 71.571533 -162.555603 -415.872864
v 53.606281 -162.555603 -415.872864
v 35.641026 -162.555603 -415.872864
v 13.606272 -159.487610 -420.961365
v 73.606277 -179.487610 -420.961365
v 53.606274 -179.487610 -420.961365
v 33.606274 -179.487610 -420.961365
v 13.606271 -179.487610 -420.961365
v 73.606277 -199.487610 -420.961365
v 53.606274 -199.487610 -420.961365
v 33.606274 -199.487610 -420.961365
v 13.606269 -199.487610 -420.961365
v 71.571533 -216.451355 -415.872833
v 53.606277 -216.451355 -415.872833
v 35.641022 -216.451355 -415.872833
v 13.606268 -219.487671 -420.961334
v 71.571556 -216.451355 -326.046600
v 53.606300 -216.451355 -326.046600
v 35.641045 -216.451355 -326.046600
v 13.606291 -219.487671 -320.961334
v 73.606300 -199.487610 -320.961365
v 53.606297 -199.487610 -320.961365
v 33.606297 -199.487610 -320.961365
v 13.606292 -199.487610 -320.961365
v 73.606300 -179.487610 -320.961365
v 53.606297 -179.487610 -320.961365
v 33.606297 -179.487610 -320.961365
v 13.606294 -179.487610 -320.961365
v 71.571556 -162.555603 -326.046631
v 53.606304 -162.555603 -326.046631
v 35.641048 -162.555603 -326.046631
v 13.606295 -159.487610 -320.961365
v -6.393721 -139.487610 -400.961365
v -6.393717 -139.487610 -380.961365
v -6.393712 -139.487610 -360.961365
v -6.393709 -139.487610 -340.961365
v 93.606300 -152.268494 -348.629852
v 93.606277 -152.695984 -363.603027
v 93.606277 -152.695984 -378.319702
v 93.606277 -152.268494 -393.292847
v -6.393716 -239.487610 -340.961334
v -6.393719 -239.487610 -360.961334
v -6.393725 -239.487610 -380.961334
v -6.393728 -239.487610 -400.961334
v 93.606277 -226.706787 -393.292816
v 93.606277 -226.279297 -378.319672
v 93.606277 -226.279297 -363.602997
v 93.606300 -226.706787 -348.629822
v 105.734856 -167.156143 -348.629852
v 105.734833 -159.487625 -360.961365
v 105.734833 -159.487625 -380.961365
v 105.734833 -167.156143 -393.292847
v 105.734856 -179.487625 -340.961365
v 113.161743 -179.487625 -360.961365
v 111.516449 -179.487625 -380.961365
v 105.734833 -179.487625 -400.961365
v 105.734856 -199.487625 -340.961365
v 117.501877 -199.487625 -360.961365
v 108.602386 -199.487625 -380.961365
v 105.734833 -199.487625 -400.961365
v 105.734856 -211.819107 -348.629822
v 105.734833 -219.487686 -360.961334
v 105.734833 -219.487686 -380.961334
v 105.734833 -211.819107 -393.292816
v -6.393722 -159.487610 -400.961365
v -6.393719 -159.487610 -380.961365
v -6.393713 -159.487610 -360.961365
v -6.393710 -159.487610 -340.961365
v -6.393723 -179.487610 -400.961365
v -6.393720 -179.487610 -380.961365
v -6.393714 -179.487610 -360.961365
v -6.393712 -179.487610 -340.961365
v -6.393725 -199.487610 -400.961365
v -6.393722 -199.487610 -380.961365
v -6.393716 -199.487610 -360.961365
v -6.393713 -199.487610 -340.961365
v -6.393727 -219.487671 -400.961334
v -6.393723 -219.487671 -380.961334
v -6.393718 -219.487671 -360.961334
v -6.393715 -219.487671 -340.961334
v 13.606270 -239.487610 -400.961334
v 13.606275 -239.487610 -380.961334
v 13.606277 -239.487610 -360.961334
v 13.606283 -239.487610 -340.961334
v 35.641018 -234.416565 -397.907623
v 33.606270 -239.487610 -380.961334
v 33.606281 -239.487610 -360.961334
v 35.641029 -234.416565 -344.011841
v 53.606274 -234.416565 -397.907623
v 53.606270 -239.487610 -380.961334
v 53.606281 -239.487610 -360.961334
v 53.606285 -234.416565 -344.011841
v 71.571533 -234.416565 -397.907623
v 73.606277 -239.487610 -380.961334
v 73.606277 -239.487610 -360.961334
v 71.571556 -234.416565 -344.011841
v 13.606291 -139.487610 -340.961365
v 13.606285 -139.487610 -360.961365
v 13.606282 -139.487610 -380.961365
v 13.606277 -139.487610 -400.961365
v 35.641037 -144.590332 -344.011871
v 33.606289 -139.487610 -360.961365
v 33.606277 -139.487610 -380.961365
v 35.641026 -144.590332 -397.907654
v 53.606293 -144.590332 -344.011871
v 53.606289 -139.487610 -360.961365
v 53.606277 -139.487610 -380.961365
v 53.606281 -144.590332 -397.907654
v 71.571564 -144.590332 -344.011871
v 73.606285 -139.487610 -360.961365
v 73.606285 -139.487610 -380.961365
v 71.571541 -144.590332 -397.907654
v -6.393706 -302.260498 -277.010620
v 92.494858 -292.998901 -288.546661
v -6.393700 -220.749924 -277.010620
v 93.123802 -225.856918 -285.472015
v -6.393724 -302.260498 -358.521149
v 93.606293 -291.819824 -349.327545
v -6.393718 -220.749939 -358.521149
v 93.606293 -231.631226 -350.541290
v -6.393698 -231.505173 -267.765900
v -6.393699 -251.505173 -267.765900
v -6.393701 -271.505188 -267.765900
v -6.393702 -291.505188 -267.765900
v 93.606293 -283.836670 -280.546722
v 93.606293 -268.863525 -280.974243
v 93.606293 -254.146896 -280.974243
v 93.606300 -239.173691 -280.546722
v -6.393725 -291.505188 -367.765900
v -6.393723 -271.505188 -367.765900
v -6.393722 -251.505188 -367.765900
v -6.393721 -231.505188 -367.765900
v 93.606277 -239.173706 -354.985077
v 93.606270 -254.146912 -354.557556
v 93.606270 -268.863525 -354.557556
v 93.606270 -283.836670 -354.985077
v 13.606293 -302.260498 -277.010620
v 35.641037 -301.319153 -277.966156
v 53.606293 -301.319153 -277.966156
v 71.571548 -301.319153 -277.966156
v 71.571556 -221.722824 -277.966156
v 53.606300 -221.722824 -277.966156
v 35.641045 -221.722824 -277.966156
v 13.606299 -220.749924 -277.010620
v 71.571533 -226.748840 -357.054352
v 53.606289 -221.722839 -357.562439
v 35.641033 -221.722839 -357.562439
v 13.606282 -220.749939 -358.521149
v 71.571526 -301.319153 -357.562439
v 53.606281 -301.319153 -357.562439
v 35.641026 -301.319153 -357.562439
v 13.606276 -302.260498 -358.521149
v 71.571533 -234.573120 -362.677429
v 53.606285 -234.573120 -362.677429
v 35.641029 -234.573120 -362.677429
v 13.606278 -231.505188 -367.765900
v 73.606277 -251.505188 -367.765900
v 53.606281 -251.505188 -367.765900
v 33.606281 -251.505188 -367.765900
v 13.606277 -251.505188 -367.765900
v 73.606270 -271.505188 -367.765900
v 53.606281 -271.505188 -367.765900
v 33.606281 -271.505188 -367.765900
v 13.606276 -271.505188 -367.765900
v 71.571526 -288.468933 -362.677429
v 53.606281 -288.468933 -362.677429
v 35.641026 -288.468933 -362.677429
v 13.606274 -291.505188 -367.765900
v 71.571548 -288.468933 -272.851166
v 53.606304 -288.468933 -272.851166
v 35.641048 -288.468933 -272.851166
v 13.606297 -291.505188 -267.765900
v 73.606293 -271.505188 -267.765900
v 53.606304 -271.505188 -267.765900
v 33.606304 -271.505188 -267.765900
v 13.606299 -271.505188 -267.765900
v 73.606300 -251.505173 -267.765900
v 53.606304 -251.505173 -267.765900
v 33.606304 -251.505173 -267.765900
v 13.606300 -251.505173 -267.765900
v 71.571556 -234.573105 -272.851166
v 53.606308 -234.573105 -272.851166
v 35.641052 -234.573105 -272.851166
v 13.606302 -231.505173 -267.765900
v -6.393714 -211.505188 -347.765900
v -6.393711 -211.505188 -327.765900
v -6.393705 -211.505188 -307.765900
v -6.393702 -211.505173 -287.765900
v 93.606300 -224.286057 -295.434387
v 93.606300 -224.713562 -310.407562
v 93.606300 -224.713562 -325.124237
v 93.606300 -224.286072 -340.097382
v -6.393709 -311.505188 -287.765900
v -6.393713 -311.505188 -307.765900
v -6.393718 -311.505188 -327.765900
v -6.393722 -311.505188 -347.765900
v 93.606293 -298.724365 -340.097382
v 93.606293 -298.296875 -325.124237
v 93.606293 -298.296875 -310.407562
v 93.606293 -298.724365 -295.434387
v 105.734856 -239.173706 -295.434387
v 105.734856 -231.505203 -307.765900
v 105.734856 -231.505203 -327.765900
v 105.734856 -239.173721 -340.097382
v 105.734856 -251.505188 -287.765900
v 113.161766 -251.505203 -307.765900
v 111.516472 -251.505203 -327.765900
v 105.734856 -251.505203 -347.765900
v 105.734848 -271.505188 -287.765900
v 117.501892 -271.505188 -307.765900
v 108.602402 -271.505188 -327.765900
v 105.734848 -271.505188 -347.765900
v 105.734848 -283.836670 -295.434387
v 105.734848 -291.505188 -307.765900
v 105.734848 -291.505188 -327.765900
v 105.734848 -283.836670 -340.097382
v -6.393716 -231.505188 -347.765900
v -6.393713 -231.505188 -327.765900
v -6.393707 -231.505188 -307.765900
v -6.393703 -231.505173 -287.765900
v -6.393717 -251.505188 -347.765900
v -6.393714 -251.505188 -327.765900
v -6.393708 -251.505188 -307.765900
v -6.393705 -251.505173 -287.765900
v -6.393719 -271.505188 -347.765900
v -6.393715 -271.505188 -327.765900
v -6.393710 -271.505188 -307.765900
v -6.393706 -271.505188 -287.765900
v -6.393720 -291.505188 -347.765900
v -6.393717 -291.505188 -327.765900
v -6.393711 -291.505188 -307.765900
v -6.393708 -291.505188 -287.765900
v 13.606275 -311.505188 -347.765900
v 13.606280 -311.505188 -327.765900
v 13.606286 -311.505188 -307.765900
v 13.606289 -311.505188 -287.765900
v 35.641026 -306.434143 -344.712189
v 33.606289 -311.505188 -327.765900
v 33.606289 -311.505188 -307.765900
v 35.641037 -306.434143 -290.816437
v 53.606281 -306.434143 -344.712189
v 53.606289 -311.505188 -327.765900
v 53.606289 -311.505188 -307.765900
v 53.606293 -306.434143 -290.816437
v 71.571548 -306.434143 -344.712189
v 73.606293 -311.505188 -327.765900
v 73.606293 -311.505188 -307.765900
v 71.571548 -306.434143 -290.816437
v 13.606297 -211.505173 -287.765900
v 13.606294 -211.505188 -307.765900
v 13.606288 -211.505188 -327.765900
v 13.606282 -211.505188 -347.765900
v 35.641045 -216.607834 -290.816437
v 33.606297 -211.505188 -307.765900
v 33.606297 -211.505188 -327.765900
v 35.641033 -216.607849 -344.712189
v 53.606300 -216.607834 -290.816437
v 53.606297 -211.505188 -307.765900
v 53.606297 -211.505188 -327.765900
v 53.606289 -216.607849 -344.712189
v 71.571556 -216.607834 -290.816437
v 73.606300 -211.505188 -307.765900
v 73.606300 -211.505188 -327.765900
v 71.571556 -216.607849 -344.712189
v -6.393695 -360.709717 -212.973785
v 92.494881 -351.448120 -224.509811
v -6.393689 -279.199158 -212.973801
v 93.123817 -284.306152 -221.435196
v -6.393713 -360.709717 -294.484314
v 93.606293 -350.269043 -285.290710
v -6.393707 -279.199158 -294.484314
v 93.606285 -290.080505 -286.504425
v -6.393687 -289.954407 -203.729065
v -6.393688 -309.954407 -203.729050
v -6.393690 -329.954407 -203.729050
v -6.393691 -349.954407 -203.729050
v 93.606316 -342.285889 -216.509888
v 93.606316 -327.312744 -216.937393
v 93.606316 -312.596130 -216.937393
v 93.606316 -297.622925 -216.509903
v -6.393715 -349.954407 -303.729034
v -6.393714 -329.954407 -303.729034
v -6.393713 -309.954407 -303.729034
v -6.393711 -289.954407 -303.729034
v 93.606293 -297.622925 -290.948212
v 93.606293 -312.596130 -290.520721
v 93.606293 -327.312744 -290.520721
v 93.606293 -342.285889 -290.948212
v 13.606302 -360.709717 -212.973785
v 35.641056 -359.768372 -213.929306
v 53.606312 -359.768372 -213.929306
v 71.571564 -359.768372 -213.929306
v 71.571571 -280.172058 -213.929321
v 53.606316 -280.172058 -213.929321
v 35.641060 -280.172058 -213.929321
v 13.606309 -279.199158 -212.973801
v 71.571548 -285.198059 -293.017517
v 53.606293 -280.172058 -293.525604
v 35.641037 -280.172058 -293.525604
v 13.606292 -279.199158 -294.484314
v 71.571541 -359.768372 -293.525604
v 53.606289 -359.768372 -293.525604
v 35.641033 -359.768372 -293.525604
v 13.606285 -360.709717 -294.484314
v 71.571548 -293.022400 -298.640594
v 53.606293 -293.022400 -298.640594
v 35.641037 -293.022400 -298.640594
v 13.606288 -289.954407 -303.729034
v 73.606293 -309.954407 -303.729034
v 53.606289 -309.954407 -303.729034
v 33.606289 -309.954407 -303.729034
v 13.606286 -309.954407 -303.729034
v 73.606293 -329.954407 -303.729034
v 53.606285 -329.954407 -303.729034
v 33.606285 -329.954407 -303.729034
v 13.606285 -329.954407 -303.729034
v 71.571548 -346.918152 -298.640594
v 53.606289 -346.918152 -298.640594
v 35.641033 -346.918152 -298.640594
v 13.606283 -349.954407 -303.729034
v 71.571571 -346.918152 -208.814316
v 53.606312 -346.918152 -208.814316
v 35.641056 -346.918152 -208.814316
v 13.606306 -349.954407 -203.729050
v 73.606316 -329.954407 -203.729050
v 53.606308 -329.954407 -203.729050
v 33.606308 -329.954407 -203.729050
v 13.606308 -329.954407 -203.729050
v 73.606316 -309.954407 -203.729050
v 53.606312 -309.954407 -203.729050
v 33.606312 -309.954407 -203.729050
v 13.606309 -309.954407 -203.729050
v 71.571571 -293.022400 -208.814331
v 53.606316 -293.022400 -208.814331
v 35.641060 -293.022400 -208.814331
v 13.606311 -289.954407 -203.729065
v -6.393703 -269.954407 -283.729034
v -6.393701 -269.954407 -263.729034
v -6.393698 -269.954407 -243.729065
v -6.393692 -269.954407 -223.729065
v 93.606316 -282.735291 -231.397568
v 93.606316 -283.162781 -246.370743
v 93.606293 -283.162781 -261.087372
v 93.606293 -282.735291 -276.060547
v -6.393699 -369.954407 -223.729050
v -6.393705 -369.954407 -243.729050
v -6.393708 -369.954407 -263.729034
v -6.393711 -369.954407 -283.729034
v 93.606285 -357.173584 -276.060547
v 93.606285 -356.746094 -261.087372
v 93.606308 -356.746094 -246.370728
v 93.606308 -357.173584 -231.397552
v 105.734871 -297.622925 -231.397614
v 105.734871 -289.954407 -243.729111
v 105.734848 -289.954407 -263.729034
v 105.734848 -297.622925 -276.060547
v 105.734871 -309.954407 -223.729095
v 113.161781 -309.954407 -243.729095
v 111.516464 -309.954407 -263.729034
v 105.734848 -309.954407 -283.729034
v 105.734871 -329.954407 -223.729095
v 117.501915 -329.954407 -243.729095
v 108.602402 -329.954407 -263.729034
v 105.734848 -329.954407 -283.729034
v 105.734871 -342.285889 -231.397598
v 105.734871 -349.954407 -243.729095
v 105.734848 -349.954407 -263.729034
v 105.734848 -342.285889 -276.060547
v -6.393705 -289.954407 -283.729034
v -6.393702 -289.954407 -263.729034
v -6.393699 -289.954407 -243.729065
v -6.393693 -289.954407 -223.729065
v -6.393706 -309.954407 -283.729034
v -6.393703 -309.954407 -263.729034
v -6.393701 -309.954407 -243.729050
v -6.393694 -309.954407 -223.729050
v -6.393708 -329.954407 -283.729034
v -6.393705 -329.954407 -263.729034
v -6.393702 -329.954407 -243.729050
v -6.393696 -329.954407 -223.729050
v -6.393709 -349.954407 -283.729034
v -6.393706 -349.954407 -263.729034
v -6.393703 -349.954407 -243.729050
v -6.393697 -349.954407 -223.729050
v 13.606288 -369.954407 -283.729034
v 13.606292 -369.954407 -263.729034
v 13.606297 -369.954407 -243.729050
v 13.606299 -369.954407 -223.729050
v 35.641033 -364.883362 -280.675323
v 33.606297 -369.954407 -263.729034
v 33.606297 -369.954407 -243.729050
v 35.641056 -364.883362 -226.779572
v 53.606289 -364.883362 -280.675323
v 53.606297 -369.954407 -263.729034
v 53.606297 -369.954407 -243.729050
v 53.606312 -364.883362 -226.779572
v 71.571541 -364.883362 -280.675323
v 73.606285 -369.954407 -263.729034
v 73.606308 -369.954407 -243.729050
v 71.571564 -364.883362 -226.779572
v 13.606307 -269.954407 -223.729065
v 13.606304 -269.954407 -243.729065
v 13.606299 -269.954407 -263.729034
v 13.606296 -269.954407 -283.729034
v 35.641064 -275.057129 -226.779587
v 33.606304 -269.954407 -243.729065
v 33.606304 -269.954407 -263.729034
v 35.641041 -275.057129 -280.675323
v 53.606319 -275.057129 -226.779587
v 53.606304 -269.954407 -243.729065
v 53.606304 -269.954407 -263.729034
v 53.606297 -275.057129 -280.675323
v 71.571571 -275.057129 -226.779587
v 73.606316 -269.954407 -243.729065
v 73.606293 -269.954407 -263.729034
v 71.571548 -275.057129 -280.675323
v -6.393685 -425.134735 -153.443207
v 92.494873 -415.873138 -164.979248
v -6.393679 -343.624176 -153.443207
v 93.123817 -348.731232 -161.904602
v -6.393705 -425.134766 -234.953751
v 93.606308 -414.694153 -225.760132
v -6.393699 -343.624207 -234.953751
v 93.606300 -354.505554 -226.973862
v -6.393680 -354.379425 -144.198486
v -6.393681 -374.379486 -144.198486
v -6.393682 -394.379486 -144.198486
v -6.393684 -414.379486 -144.198486
v 93.606308 -406.710968 -156.979324
v 93.606308 -391.737823 -157.406830
v 93.606308 -377.021149 -157.406830
v 93.606308 -362.048004 -156.979324
v -6.393709 -414.379517 -244.198486
v -6.393707 -394.379517 -244.198486
v -6.393705 -374.379517 -244.198486
v -6.393704 -354.379456 -244.198486
v 93.606308 -362.048035 -231.417633
v 93.606308 -377.021179 -230.990128
v 93.606308 -391.737854 -230.990128
v 93.606308 -406.710999 -231.417633
v 13.606312 -425.134735 -153.443207
v 35.641064 -424.193451 -154.398743
v 53.606319 -424.193451 -154.398743
v 71.571564 -424.193451 -154.398743
v 71.571571 -344.597137 -154.398743
v 53.606323 -344.597137 -154.398743
v 35.641068 -344.597137 -154.398743
v 13.606318 -343.624176 -153.443207
v 71.571571 -349.623108 -233.486969
v 53.606300 -344.597168 -233.995026
v 35.641045 -344.597168 -233.995026
v 13.606298 -343.624207 -234.953751
v 71.571564 -424.193481 -233.995026
v 53.606297 -424.193481 -233.995026
v 35.641041 -424.193481 -233.995026
v 13.606292 -425.134766 -234.953751
v 71.571564 -357.447449 -239.110016
v 53.606300 -357.447449 -239.110016
v 35.641045 -357.447449 -239.110016
v 13.606297 -354.379456 -244.198486
v 73.606308 -374.379517 -244.198486
v 53.606297 -374.379517 -244.198486
v 33.606297 -374.379517 -244.198486
v 13.606296 -374.379517 -244.198486
v 73.606308 -394.379517 -244.198486
v 53.606293 -394.379517 -244.198486
v 33.606293 -394.379517 -244.198486
v 13.606295 -394.379517 -244.198486
v 71.571564 -411.343201 -239.110016
v 53.606297 -411.343201 -239.110016
v 35.641041 -411.343201 -239.110016
v 13.606293 -414.379517 -244.198486
v 71.571587 -411.343170 -149.283752
v 53.606319 -411.343170 -149.283752
v 35.641064 -411.343170 -149.283752
v 13.606316 -414.379486 -144.198486
v 73.606331 -394.379486 -144.198486
v 53.606316 -394.379486 -144.198486
v 33.606316 -394.379486 -144.198486
v 13.606318 -394.379486 -144.198486
v 73.606331 -374.379486 -144.198486
v 53.606319 -374.379486 -144.198486
v 33.606319 -374.379486 -144.198486
v 13.606318 -374.379486 -144.198486
v 71.571587 -357.447418 -149.283752
v 53.606323 -357.447418 -149.283752
v 35.641068 -357.447418 -149.283752
v 13.606320 -354.379425 -144.198486
v -6.393696 -334.379517 -224.198486
v -6.393690 -334.379517 -204.198486
v -6.393687 -334.379486 -184.198486
v -6.393681 -334.379486 -164.198486
v 93.606316 -347.160309 -171.866989
v 93.606316 -347.587799 -186.840149
v 93.606316 -347.587799 -201.556808
v 93.606316 -347.160339 -216.529968
v -6.393689 -434.379486 -164.198486
v -6.393695 -434.379486 -184.198486
v -6.393698 -434.379517 -204.198486
v -6.393704 -434.379517 -224.198486
v 93.606308 -421.598633 -216.529968
v 93.606308 -421.171112 -201.556808
v 93.606308 -421.171112 -186.840149
v 93.606308 -421.598602 -171.866989
v 105.734863 -362.048004 -171.867035
v 105.734863 -354.379425 -184.198532
v 105.734863 -354.379456 -204.198532
v 105.734863 -362.048035 -216.530014
v 105.734863 -374.379486 -164.198532
v 113.161774 -374.379486 -184.198532
v 111.516479 -374.379517 -204.198532
v 105.734863 -374.379517 -224.198532
v 105.734863 -394.379486 -164.198532
v 117.501907 -394.379486 -184.198532
v 108.602417 -394.379517 -204.198532
v 105.734863 -394.379517 -224.198532
v 105.734863 -406.710968 -171.867035
v 105.734863 -414.379486 -184.198532
v 105.734863 -414.379517 -204.198532
v 105.734863 -406.710999 -216.530014
v -6.393698 -354.379456 -224.198486
v -6.393692 -354.379456 -204.198486
v -6.393689 -354.379425 -184.198486
v -6.393682 -354.379425 -164.198486
v -6.393699 -374.379517 -224.198486
v -6.393693 -374.379517 -204.198486
v -6.393690 -374.379486 -184.198486
v -6.393684 -374.379486 -164.198486
v -6.393701 -394.379517 -224.198486
v -6.393694 -394.379517 -204.198486
v -6.393692 -394.379486 -184.198486
v -6.393685 -394.379486 -164.198486
v -6.393703 -414.379517 -224.198486
v -6.393696 -414.379517 -204.198486
v -6.393693 -414.379486 -184.198486
v -6.393687 -414.379486 -164.198486
v 13.606295 -434.379517 -224.198486
v 13.606300 -434.379517 -204.198486
v 13.606303 -434.379486 -184.198486
v 13.606309 -434.379486 -164.198486
v 35.641052 -429.308411 -221.144760
v 33.606300 -434.379517 -204.198486
v 33.606300 -434.379486 -184.198486
v 35.641064 -429.308380 -167.249008
v 53.606308 -429.308411 -221.144760
v 53.606300 -434.379517 -204.198486
v 53.606300 -434.379486 -184.198486
v 53.606319 -429.308380 -167.249008
v 71.571564 -429.308411 -221.144760
v 73.606308 -434.379517 -204.198486
v 73.606308 -434.379486 -184.198486
v 71.571564 -429.308380 -167.249008
v 13.606317 -334.379486 -164.198486
v 13.606311 -334.379486 -184.198486
v 13.606308 -334.379517 -204.198486
v 13.606302 -334.379517 -224.198486
v 35.641068 -339.482147 -167.249008
v 33.606308 -334.379486 -184.198486
v 33.606308 -334.379517 -204.198486
v 35.641056 -339.482178 -221.144760
v 53.606323 -339.482147 -167.249008
v 53.606308 -334.379486 -184.198486
v 53.606308 -334.379517 -204.198486
v 53.606312 -339.482178 -221.144760
v 71.571571 -339.482147 -167.249008
v 73.606316 -334.379486 -184.198486
v 73.606316 -334.379517 -204.198486
v 71.571571 -339.482178 -221.144760
v -6.393660 -494.679474 -16.851387
v 92.494911 -485.417816 -28.387453
v -6.393654 -413.168915 -16.851395
v 93.123856 -418.275909 -25.312811
v -6.393681 -494.679474 -98.361931
v 93.606323 -484.238800 -89.168343
v -6.393675 -413.168915 -98.361938
v 93.606323 -424.050201 -90.382065
v -6.393652 -423.924164 -7.606656
v -6.393653 -443.924103 -7.606655
v -6.393655 -463.924225 -7.606653
v -6.393657 -483.924164 -7.606650
v 93.606346 -476.255707 -20.387514
v 93.606346 -461.282501 -20.815022
v 93.606354 -446.565826 -20.815022
v 93.606354 -431.592621 -20.387518
v -6.393681 -483.924164 -107.606659
v -6.393679 -463.924225 -107.606659
v -6.393677 -443.924103 -107.606667
v -6.393676 -423.924164 -107.606667
v 93.606331 -431.592621 -94.825851
v 93.606331 -446.565826 -94.398338
v 93.606323 -461.282501 -94.398331
v 93.606323 -476.255707 -94.825844
v 13.606339 -494.679474 -16.851393
v 35.641090 -493.738190 -17.806929
v 53.606346 -493.738190 -17.806934
v 71.571602 -493.738190 -17.806940
v 71.571609 -414.141815 -17.806948
v 53.606354 -414.141815 -17.806942
v 35.641098 -414.141815 -17.806936
v 13.606344 -413.168915 -16.851400
v 71.571587 -419.167816 -96.895164
v 53.606331 -414.141815 -97.403229
v 35.641075 -414.141815 -97.403206
v 13.606324 -413.168915 -98.361938
v 71.571579 -493.738190 -97.403221
v 53.606323 -493.738190 -97.403221
v 35.641068 -493.738190 -97.403198
v 13.606318 -494.679474 -98.361931
v 71.571587 -426.992096 -102.518219
v 53.606331 -426.992096 -102.518219
v 35.641075 -426.992096 -102.518196
v 13.606320 -423.924164 -107.606667
v 73.606331 -443.924103 -107.606689
v 53.606323 -443.924103 -107.606689
v 33.606323 -443.924103 -107.606667
v 13.606319 -443.924103 -107.606667
v 73.606323 -463.924225 -107.606682
v 53.606323 -463.924225 -107.606682
v 33.606323 -463.924225 -107.606659
v 13.606318 -463.924225 -107.606659
v 71.571579 -480.887909 -102.518211
v 53.606323 -480.887909 -102.518211
v 35.641068 -480.887909 -102.518188
v 13.606317 -483.924164 -107.606659
v 71.571602 -480.887909 -12.691952
v 53.606346 -480.887909 -12.691946
v 35.641090 -480.887909 -12.691943
v 13.606339 -483.924164 -7.606655
v 73.606346 -463.924225 -7.606672
v 53.606346 -463.924225 -7.606666
v 33.606346 -463.924225 -7.606660
v 13.606340 -463.924225 -7.606657
v 73.606354 -443.924103 -7.606674
v 53.606346 -443.924103 -7.606668
v 33.606346 -443.924103 -7.606661
v 13.606342 -443.924103 -7.606659
v 71.571609 -426.992096 -12.691956
v 53.606354 -426.992096 -12.691950
v 35.641098 -426.992096 -12.691947
v 13.606343 -423.924164 -7.606660
v -6.393672 -403.924164 -87.606667
v -6.393665 -403.924164 -67.606667
v -6.393662 -403.924164 -47.606659
v -6.393657 -403.924164 -27.606674
v 93.606354 -416.705048 -35.275185
v 93.606354 -417.132538 -50.248344
v 93.606331 -417.132538 -64.965027
v 93.606331 -416.705048 -79.938187
v -6.393664 -503.924164 -27.606667
v -6.393670 -503.924164 -47.606651
v -6.393673 -503.924164 -67.606659
v -6.393679 -503.924164 -87.606659
v 93.606323 -491.143341 -79.938179
v 93.606323 -490.715790 -64.965019
v 93.606346 -490.715790 -50.248337
v 93.606346 -491.143341 -35.275177
v 105.734909 -431.592621 -35.275181
v 105.734909 -423.924164 -47.606682
v 105.734886 -423.924164 -67.606689
v 105.734886 -431.592621 -79.938187
v 105.734909 -443.924103 -27.606693
v 113.161819 -443.924103 -47.606678
v 111.516502 -443.924103 -67.606689
v 105.734886 -443.924103 -87.606689
v 105.734901 -463.924225 -27.606693
v 117.501945 -463.924225 -47.606678
v 108.602432 -463.924225 -67.606682
v 105.734879 -463.924225 -87.606682
v 105.734901 -476.255707 -35.275181
v 105.734901 -483.924164 -47.606674
v 105.734879 -483.924164 -67.606682
v 105.734879 -476.255707 -79.938179
v -6.393673 -423.924164 -87.606667
v -6.393667 -423.924164 -67.606667
v -6.393664 -423.924164 -47.606659
v -6.393658 -423.924164 -27.606672
v -6.393674 -443.924103 -87.606667
v -6.393668 -443.924103 -67.606667
v -6.393665 -443.924103 -47.606655
v -6.393660 -443.924103 -27.606670
v -6.393676 -463.924225 -87.606659
v -6.393670 -463.924225 -67.606659
v -6.393667 -463.924225 -47.606655
v -6.393661 -463.924225 -27.606670
v -6.393678 -483.924164 -87.606659
v -6.393672 -483.924164 -67.606659
v -6.393669 -483.924164 -47.606651
v -6.393663 -483.924164 -27.606668
v 13.606320 -503.924164 -87.606659
v 13.606326 -503.924164 -67.606659
v 13.606329 -503.924164 -47.606651
v 13.606335 -503.924164 -27.606672
v 35.641068 -498.853119 -84.552940
v 33.606331 -503.924164 -67.606659
v 33.606331 -503.924164 -47.606663
v 35.641079 -498.853119 -30.657179
v 53.606323 -498.853119 -84.552963
v 53.606331 -503.924164 -67.606682
v 53.606331 -503.924164 -47.606663
v 53.606335 -498.853119 -30.657185
v 71.571579 -498.853119 -84.552963
v 73.606323 -503.924164 -67.606682
v 73.606346 -503.924164 -47.606663
v 71.571602 -498.853119 -30.657190
v 13.606342 -403.924164 -27.606680
v 13.606337 -403.924164 -47.606659
v 13.606334 -403.924164 -67.606667
v 13.606328 -403.924164 -87.606667
v 35.641087 -409.026886 -30.657187
v 33.606339 -403.924164 -47.606670
v 33.606339 -403.924164 -67.606667
v 35.641075 -409.026886 -84.552948
v 53.606342 -409.026886 -30.657192
v 53.606339 -403.924164 -47.606670
v 53.606339 -403.924164 -67.606689
v 53.606331 -409.026886 -84.552971
v 71.571609 -409.026886 -30.657198
v 73.606354 -403.924164 -47.606670
v 73.606331 -403.924164 -67.606689
v 71.571587 -409.026886 -84.552971
v -6.393638 -481.132477 73.105995
v 92.494934 -471.870880 61.569942
v -6.393632 -399.621979 73.105988
v 93.123878 -404.728973 64.644554
v -6.393656 -481.132477 -8.404548
v 93.606346 -470.691864 0.789046
v -6.393650 -399.621979 -8.404553
v 93.606346 -410.503265 -0.424688
v -6.393633 -410.377228 82.350708
v -6.393634 -430.377167 82.350708
v -6.393636 -450.377289 82.350708
v -6.393637 -470.377228 82.350716
v 93.606369 -462.708771 69.569870
v 93.606377 -447.735565 69.142357
v 93.606377 -433.018890 69.142357
v 93.606377 -418.045685 69.569862
v -6.393658 -470.377228 -17.649286
v -6.393657 -450.377289 -17.649288
v -6.393655 -430.377167 -17.649290
v -6.393654 -410.377228 -17.649292
v 93.606354 -418.045685 -4.868473
v 93.606354 -433.018890 -4.440967
v 93.606354 -447.735565 -4.440966
v 93.606346 -462.708771 -4.868470
v 13.606359 -481.132477 73.105995
v 35.641102 -480.191193 72.150459
v 53.606358 -480.191193 72.150436
v 71.571625 -480.191193 72.150436
v 71.571632 -400.594879 72.150429
v 53.606365 -400.594879 72.150429
v 35.641109 -400.594879 72.150452
v 13.606365 -399.621979 73.105988
v 71.571609 -405.620880 -6.937774
v 53.606354 -400.594879 -7.445844
v 35.641098 -400.594879 -7.445841
v 13.606345 -399.621979 -8.404559
v 71.571602 -480.191193 -7.445841
v 53.606346 -480.191193 -7.445838
v 35.641090 -480.191193 -7.445835
v 13.606339 -481.132477 -8.404553
v 71.571609 -413.445160 -12.560823
v 53.606354 -413.445160 -12.560817
v 35.641098 -413.445160 -12.560815
v 13.606345 -410.377228 -17.649298
v 73.606354 -430.377167 -17.649307
v 53.606346 -430.377167 -17.649302
v 33.606346 -430.377167 -17.649296
v 13.606343 -430.377167 -17.649296
v 73.606354 -450.377289 -17.649305
v 53.606346 -450.377289 -17.649300
v 33.606346 -450.377289 -17.649294
v 13.606341 -450.377289 -17.649294
v 71.571602 -467.340912 -12.560820
v 53.606350 -467.340912 -12.560813
v 35.641094 -467.340912 -12.560811
v 13.606340 -470.377228 -17.649292
v 71.571625 -467.340912 77.265427
v 53.606373 -467.340912 77.265427
v 35.641117 -467.340912 77.265450
v 13.606363 -470.377228 82.350716
v 73.606377 -450.377289 82.350685
v 53.606369 -450.377289 82.350685
v 33.606369 -450.377289 82.350708
v 13.606364 -450.377289 82.350708
v 73.606377 -430.377167 82.350685
v 53.606369 -430.377167 82.350685
v 33.606369 -430.377167 82.350708
v 13.606366 -430.377167 82.350708
v 71.571632 -413.445160 77.265419
v 53.606377 -413.445160 77.265419
v 35.641121 -413.445160 77.265442
v 13.606368 -410.377228 82.350708
v -6.393650 -390.377228 2.350724
v -6.393643 -390.377228 22.350721
v -6.393640 -390.377228 42.350708
v -6.393635 -390.377228 62.350708
v 93.606377 -403.158112 54.682198
v 93.606354 -403.585602 39.709023
v 93.606354 -403.585602 24.992363
v 93.606354 -403.158112 10.019191
v -6.393642 -490.377228 62.350716
v -6.393647 -490.377228 42.350716
v -6.393651 -490.377228 22.350729
v -6.393657 -490.377228 2.350730
v 93.606346 -477.596344 10.019197
v 93.606346 -477.168854 24.992369
v 93.606346 -477.168854 39.709026
v 93.606369 -477.596344 54.682201
v 105.734932 -418.045685 54.682198
v 105.734909 -410.377228 42.350685
v 105.734909 -410.377228 22.350700
v 105.734909 -418.045685 10.019190
v 105.734932 -430.377167 62.350689
v 113.161819 -430.377167 42.350689
v 111.516525 -430.377167 22.350702
v 105.734909 -430.377167 2.350701
v 105.734932 -450.377289 62.350689
v 117.501953 -450.377289 42.350689
v 108.602463 -450.377289 22.350704
v 105.734909 -450.377289 2.350703
v 105.734924 -462.708771 54.682201
v 105.734901 -470.377228 42.350689
v 105.734901 -470.377228 22.350706
v 105.734901 -462.708771 10.019193
v -6.393651 -410.377228 2.350724
v -6.393645 -410.377228 22.350723
v -6.393641 -410.377228 42.350708
v -6.393636 -410.377228 62.350708
v -6.393652 -430.377167 2.350725
v -6.393646 -430.377167 22.350725
v -6.393642 -430.377167 42.350712
v -6.393638 -430.377167 62.350712
v -6.393654 -450.377289 2.350728
v -6.393648 -450.377289 22.350727
v -6.393644 -450.377289 42.350712
v -6.393639 -450.377289 62.350712
v -6.393655 -470.377228 2.350729
v -6.393649 -470.377228 22.350729
v -6.393645 -470.377228 42.350712
v -6.393641 -470.377228 62.350712
v 13.606341 -490.377228 2.350727
v 13.606347 -490.377228 22.350723
v 13.606350 -490.377228 42.350716
v 13.606356 -490.377228 62.350716
v 35.641090 -485.306183 5.404432
v 33.606342 -490.377228 22.350723
v 33.606354 -490.377228 42.350704
v 35.641102 -485.306183 59.300182
v 53.606346 -485.306183 5.404429
v 53.606342 -490.377228 22.350718
v 53.606354 -490.377228 42.350704
v 53.606358 -485.306183 59.300182
v 71.571602 -485.306183 5.404426
v 73.606346 -490.377228 22.350712
v 73.606346 -490.377228 42.350704
v 71.571625 -485.306183 59.300182
v 13.606363 -390.377228 62.350708
v 13.606358 -390.377228 42.350708
v 13.606355 -390.377228 22.350716
v 13.606349 -390.377228 2.350720
v 35.641109 -395.479950 59.300175
v 33.606361 -390.377228 42.350697
v 33.606350 -390.377228 22.350716
v 35.641098 -395.479950 5.404425
v 53.606365 -395.479950 59.300175
v 53.606361 -390.377228 42.350697
v 53.606350 -390.377228 22.350710
v 53.606354 -395.479950 5.404422
v 71.571632 -395.479950 59.300175
v 73.606354 -390.377228 42.350697
v 73.606354 -390.377228 22.350704
v 71.571609 -395.479950 5.404419
v -6.393712 12.221681 -409.750885
v 92.494858 21.483236 -421.286926
v -6.393706 93.732239 -409.750885
v 93.123802 88.625206 -418.212280
v -6.393730 12.221674 -491.261444
v 93.606270 22.662310 -482.067810
v -6.393724 93.732231 -491.261444
v 93.606270 82.850876 -483.281525
v -6.393704 82.976959 -400.506165
v -6.393705 62.976959 -400.506165
v -6.393707 42.976990 -400.506165
v -6.393708 22.976959 -400.506165
v 93.606293 30.645470 -413.286987
v 93.606293 45.618614 -413.714508
v 93.606300 60.335289 -413.714508
v 93.606300 75.308464 -413.286987
v -6.393732 22.976952 -500.506165
v -6.393731 42.976982 -500.506165
v -6.393729 62.976952 -500.506165
v -6.393728 82.976952 -500.506165
v 93.606277 75.308456 -487.725342
v 93.606277 60.335281 -487.297821
v 93.606270 45.618607 -487.297821
v 93.606270 30.645464 -487.725342
v 13.606289 12.221679 -409.750885
v 35.641037 13.163021 -410.706421
v 53.606293 13.163020 -410.706421
v 71.571548 13.163018 -410.706421
v 71.571556 92.759300 -410.706421
v 53.606300 92.759300 -410.706421
v 35.641045 92.759308 -410.706421
v 13.606295 93.732239 -409.750885
v 71.571533 87.733322 -489.794647
v 53.606277 92.759293 -490.302704
v 35.641022 92.759300 -490.302704
v 13.606274 93.732231 -491.261444
v 71.571526 13.163013 -490.302704
v 53.606270 13.163014 -490.302704
v 35.641014 13.163015 -490.302704
v 13.606268 12.221672 -491.261444
v 71.571533 79.909012 -495.417694
v 53.606277 79.909012 -495.417694
v 35.641022 79.909019 -495.417694
v 13.606271 82.976952 -500.506165
v 73.606277 62.976948 -500.506165
v 53.606270 62.976948 -500.506165
v 33.606270 62.976948 -500.506165
v 13.606269 62.976952 -500.506165
v 73.606270 42.976978 -500.506165
v 53.606270 42.976978 -500.506165
v 33.606270 42.976978 -500.506165
v 13.606267 42.976982 -500.506165
v 71.571526 26.013262 -495.417694
v 53.606274 26.013264 -495.417694
v 35.641018 26.013266 -495.417694
v 13.606266 22.976950 -500.506165
v 71.571548 26.013269 -405.591431
v 53.606297 26.013271 -405.591431
v 35.641041 26.013273 -405.591431
v 13.606290 22.976957 -400.506165
v 73.606293 42.976986 -400.506165
v 53.606293 42.976986 -400.506165
v 33.606293 42.976986 -400.506165
v 13.606291 42.976990 -400.506165
v 73.606300 62.976955 -400.506165
v 53.606293 62.976955 -400.506165
v 33.606293 62.976955 -400.506165
v 13.606293 62.976959 -400.506165
v 71.571556 79.909019 -405.591431
v 53.606300 79.909019 -405.591431
v 35.641045 79.909027 -405.591431
v 13.606295 82.976959 -400.506165
v -6.393720 102.976952 -480.506165
v -6.393717 102.976952 -460.506165
v -6.393712 102.976959 -440.506165
v -6.393708 102.976959 -420.506165
v 93.606300 90.196129 -428.174683
v 93.606300 89.768608 -443.147827
v 93.606277 89.768600 -457.864502
v 93.606277 90.196121 -472.837646
v -6.393716 2.976959 -420.506165
v -6.393719 2.976958 -440.506165
v -6.393725 2.976955 -460.506165
v -6.393728 2.976954 -480.506165
v 93.606270 15.757801 -472.837646
v 93.606270 16.185291 -457.864502
v 93.606293 16.185291 -443.147827
v 93.606293 15.757804 -428.174683
v 105.734856 75.308464 -428.174683
v 105.734856 82.976952 -440.506165
v 105.734833 82.976944 -460.506165
v 105.734833 75.308456 -472.837646
v 105.734856 62.976952 -420.506165
v 113.161766 62.976948 -440.506165
v 111.516449 62.976948 -460.506165
v 105.734833 62.976944 -480.506165
v 105.734848 42.976982 -420.506165
v 117.501892 42.976978 -440.506165
v 108.602379 42.976978 -460.506165
v 105.734825 42.976974 -480.506165
v 105.734848 30.645468 -428.174683
v 105.734848 22.976950 -440.506165
v 105.734825 22.976948 -460.506165
v 105.734825 30.645464 -472.837646
v -6.393722 82.976952 -480.506165
v -6.393719 82.976952 -460.506165
v -6.393713 82.976959 -440.506165
v -6.393710 82.976959 -420.506165
v -6.393723 62.976952 -480.506165
v -6.393720 62.976955 -460.506165
v -6.393714 62.976955 -440.506165
v -6.393711 62.976959 -420.506165
v -6.393724 42.976982 -480.506165
v -6.393722 42.976986 -460.506165
v -6.393716 42.976986 -440.506165
v -6.393713 42.976990 -420.506165
v -6.393726 22.976954 -480.506165
v -6.393723 22.976955 -460.506165
v -6.393717 22.976957 -440.506165
v -6.393714 22.976957 -420.506165
v 13.606270 2.976953 -480.506165
v 13.606276 2.976954 -460.506165
v 13.606278 2.976956 -440.506165
v 13.606284 2.976957 -420.506165
v 35.641026 8.048026 -477.452454
v 33.606277 2.976952 -460.506165
v 33.606277 2.976954 -440.506165
v 35.641037 8.048030 -423.556702
v 53.606281 8.048025 -477.452454
v 53.606277 2.976951 -460.506165
v 53.606277 2.976953 -440.506165
v 53.606293 8.048029 -423.556702
v 71.571526 8.048023 -477.452454
v 73.606270 2.976949 -460.506165
v 73.606293 2.976952 -440.506165
v 71.571548 8.048027 -423.556702
v 13.606292 102.976959 -420.506165
v 13.606286 102.976959 -440.506165
v 13.606283 102.976952 -460.506165
v 13.606277 102.976952 -480.506165
v 35.641045 97.874298 -423.556702
v 33.606285 102.976959 -440.506165
v 33.606285 102.976952 -460.506165
v 35.641033 97.874290 -477.452454
v 53.606300 97.874290 -423.556702
v 53.606285 102.976952 -440.506165
v 53.606285 102.976944 -460.506165
v 53.606289 97.874283 -477.452454
v 71.571556 97.874290 -423.556702
v 73.606300 102.976952 -440.506165
v 73.606277 102.976944 -460.506165
v 71.571533 97.874283 -477.452454
v -6.393616 -463.490204 167.483704
v 92.494965 -454.228607 155.947662
v -6.393610 -381.979645 167.483704
v 93.123901 -387.086700 159.022278
v -6.393635 -463.490204 85.973152
v 93.606377 -453.049530 95.166756
v -6.393629 -381.979645 85.973145
v 93.606369 -392.860992 93.953011
v -6.393610 -392.734894 176.728424
v -6.393611 -412.734894 176.728424
v -6.393613 -432.734955 176.728424
v -6.393614 -452.734955 176.728424
v 93.606400 -445.066437 163.947601
v 93.606400 -430.093292 163.520081
v 93.606400 -415.376556 163.520081
v 93.606400 -400.403412 163.947601
v -6.393636 -452.734955 76.728424
v -6.393635 -432.734955 76.728424
v -6.393633 -412.734894 76.728424
v -6.393631 -392.734894 76.728424
v 93.606377 -400.403412 89.509224
v 93.606377 -415.376556 89.936745
v 93.606377 -430.093292 89.936745
v 93.606377 -445.066437 89.509224
v 13.606380 -463.490204 167.483704
v 35.641129 -462.548920 166.528168
v 53.606384 -462.548920 166.528168
v 71.571648 -462.548920 166.528168
v 71.571655 -382.952606 166.528168
v 53.606388 -382.952606 166.528168
v 35.641132 -382.952606 166.528168
v 13.606387 -381.979645 167.483704
v 71.571632 -387.978546 87.439919
v 53.606377 -382.952606 86.931862
v 35.641121 -382.952606 86.931885
v 13.606370 -381.979645 85.973145
v 71.571625 -462.548920 86.931870
v 53.606373 -462.548920 86.931870
v 35.641117 -462.548920 86.931892
v 13.606363 -463.490204 85.973152
v 71.571632 -395.802887 81.816872
v 53.606377 -395.802887 81.816872
v 35.641121 -395.802887 81.816895
v 13.606366 -392.734894 76.728424
v 73.606377 -412.734894 76.728401
v 53.606373 -412.734894 76.728401
v 33.606373 -412.734894 76.728424
v 13.606364 -412.734894 76.728424
v 73.606377 -432.734955 76.728401
v 53.606369 -432.734955 76.728401
v 33.606369 -432.734955 76.728424
v 13.606363 -432.734955 76.728424
v 71.571632 -449.698639 81.816872
v 53.606373 -449.698639 81.816872
v 35.641117 -449.698639 81.816895
v 13.606361 -452.734955 76.728424
v 71.571655 -449.698639 171.643158
v 53.606384 -449.698639 171.643158
v 35.641129 -449.698639 171.643158
v 13.606384 -452.734955 176.728424
v 73.606400 -432.734955 176.728424
v 53.606380 -432.734955 176.728424
v 33.606380 -432.734955 176.728424
v 13.606386 -432.734955 176.728424
v 73.606400 -412.734894 176.728424
v 53.606384 -412.734894 176.728424
v 33.606384 -412.734894 176.728424
v 13.606387 -412.734894 176.728424
v 71.571655 -395.802887 171.643158
v 53.606388 -395.802887 171.643158
v 35.641132 -395.802887 171.643158
v 13.606389 -392.734894 176.728424
v -6.393627 -372.734894 96.728424
v -6.393621 -372.734894 116.728424
v -6.393617 -372.734894 136.728424
v -6.393612 -372.734894 156.728424
v 93.606377 -385.515778 149.059937
v 93.606377 -385.943268 134.086761
v 93.606377 -385.943268 119.370064
v 93.606377 -385.515778 104.396889
v -6.393620 -472.734894 156.728424
v -6.393625 -472.734894 136.728424
v -6.393629 -472.734894 116.728432
v -6.393635 -472.734894 96.728432
v 93.606369 -459.954071 104.396896
v 93.606369 -459.526520 119.370071
v 93.606369 -459.526520 134.086761
v 93.606369 -459.954071 149.059937
v 105.734932 -400.403412 149.059891
v 105.734932 -392.734894 136.728378
v 105.734932 -392.734894 116.728401
v 105.734932 -400.403412 104.396889
v 105.734955 -412.734894 156.728378
v 113.161842 -412.734894 136.728378
v 111.516548 -412.734894 116.728401
v 105.734932 -412.734894 96.728401
v 105.734955 -432.734955 156.728378
v 117.501976 -432.734955 136.728378
v 108.602486 -432.734955 116.728401
v 105.734932 -432.734955 96.728401
v 105.734932 -445.066437 149.059891
v 105.734932 -452.734955 136.728378
v 105.734932 -452.734955 116.728401
v 105.734932 -445.066437 104.396889
v -6.393629 -392.734894 96.728424
v -6.393622 -392.734894 116.728424
v -6.393619 -392.734894 136.728424
v -6.393613 -392.734894 156.728424
v -6.393630 -412.734894 96.728424
v -6.393624 -412.734894 116.728424
v -6.393620 -412.734894 136.728424
v -6.393615 -412.734894 156.728424
v -6.393632 -432.734955 96.728424
v -6.393626 -432.734955 116.728424
v -6.393622 -432.734955 136.728424
v -6.393617 -432.734955 156.728424
v -6.393633 -452.734955 96.728424
v -6.393627 -452.734955 116.728424
v -6.393623 -452.734955 136.728424
v -6.393618 -452.734955 156.728424
v 13.606366 -472.734894 96.728432
v 13.606369 -472.734894 116.728432
v 13.606375 -472.734894 136.728424
v 13.606378 -472.734894 156.728424
v 35.641117 -467.663849 99.782143
v 33.606369 -472.734894 116.728432
v 33.606380 -472.734894 136.728424
v 35.641129 -467.663849 153.677887
v 53.606373 -467.663849 99.782120
v 53.606369 -472.734894 116.728409
v 53.606380 -472.734894 136.728424
v 53.606384 -467.663849 153.677887
v 71.571625 -467.663849 99.782120
v 73.606369 -472.734894 116.728409
v 73.606369 -472.734894 136.728424
v 71.571648 -467.663849 153.677887
v 13.606384 -372.734894 156.728424
v 13.606381 -372.734894 136.728424
v 13.606376 -372.734894 116.728424
v 13.606373 -372.734894 96.728424
v 35.641136 -377.837616 153.677887
v 33.606388 -372.734894 136.728424
v 33.606377 -372.734894 116.728424
v 35.641125 -377.837616 99.782135
v 53.606392 -377.837616 153.677887
v 53.606388 -372.734894 136.728424
v 53.606377 -372.734894 116.728401
v 53.606380 -377.837616 99.782112
v 71.571655 -377.837616 153.677887
v 73.606377 -372.734894 136.728424
v 73.606377 -372.734894 116.728401
v 71.571632 -377.837616 99.782112
v -6.393593 -434.694092 256.214661
v 92.494965 -425.432434 244.678619
v -6.393587 -353.183533 256.214661
v 93.123901 -358.290527 247.753265
v -6.393613 -434.694122 174.704102
v 93.606400 -424.253448 183.897705
v -6.393607 -353.183563 174.704102
v 93.606392 -364.064850 182.683990
v -6.393588 -363.938782 265.459381
v -6.393589 -383.938782 265.459381
v -6.393590 -403.938843 265.459381
v -6.393592 -423.938782 265.459381
v 93.606422 -416.270325 252.678528
v 93.606400 -401.297119 252.251038
v 93.606400 -386.580505 252.251038
v 93.606422 -371.607300 252.678528
v -6.393616 -423.938812 165.459381
v -6.393614 -403.938873 165.459381
v -6.393613 -383.938812 165.459381
v -6.393611 -363.938812 165.459381
v 93.606400 -371.607330 178.240204
v 93.606400 -386.580536 178.667725
v 93.606400 -401.297150 178.667725
v 93.606400 -416.270355 178.240204
v 13.606403 -434.694092 256.214661
v 35.641151 -433.752808 255.259125
v 53.606407 -433.752808 255.259125
v 71.571678 -433.752808 255.259125
v 71.571678 -354.156433 255.259125
v 53.606415 -354.156433 255.259125
v 35.641159 -354.156433 255.259125
v 13.606409 -353.183533 256.214661
v 71.571655 -359.182465 176.170898
v 53.606392 -354.156464 175.662842
v 35.641136 -354.156464 175.662842
v 13.606392 -353.183563 174.704102
v 71.571655 -433.752838 175.662842
v 53.606384 -433.752838 175.662842
v 35.641129 -433.752838 175.662842
v 13.606386 -434.694122 174.704102
v 71.571655 -367.006744 170.547852
v 53.606392 -367.006744 170.547852
v 35.641136 -367.006744 170.547852
v 13.606388 -363.938812 165.459381
v 73.606400 -383.938812 165.459381
v 53.606384 -383.938812 165.459381
v 33.606384 -383.938812 165.459381
v 13.606387 -383.938812 165.459381
v 73.606400 -403.938873 165.459381
v 53.606384 -403.938873 165.459381
v 33.606384 -403.938873 165.459381
v 13.606385 -403.938873 165.459381
v 71.571655 -420.902557 170.547852
v 53.606388 -420.902557 170.547852
v 35.641132 -420.902557 170.547852
v 13.606383 -423.938812 165.459381
v 71.571678 -420.902527 260.374115
v 53.606411 -420.902527 260.374115
v 35.641155 -420.902527 260.374115
v 13.606406 -423.938782 265.459381
v 73.606422 -403.938843 265.459381
v 53.606407 -403.938843 265.459381
v 33.606407 -403.938843 265.459381
v 13.606408 -403.938843 265.459381
v 73.606422 -383.938782 265.459381
v 53.606407 -383.938782 265.459381
v 33.606407 -383.938782 265.459381
v 13.606410 -383.938782 265.459381
v 71.571678 -367.006714 260.374115
v 53.606415 -367.006714 260.374115
v 35.641159 -367.006714 260.374115
v 13.606411 -363.938782 265.459381
v -6.393604 -343.938812 185.459381
v -6.393598 -343.938782 205.459381
v -6.393595 -343.938782 225.459381
v -6.393589 -343.938782 245.459412
v 93.606400 -356.719666 237.790863
v 93.606400 -357.147156 222.817688
v 93.606400 -357.147156 208.101044
v 93.606400 -356.719696 193.127869
v -6.393596 -443.938782 245.459412
v -6.393602 -443.938782 225.459381
v -6.393605 -443.938782 205.459381
v -6.393611 -443.938812 185.459381
v 93.606400 -431.157990 193.127869
v 93.606400 -430.730408 208.101044
v 93.606400 -430.730408 222.817688
v 93.606400 -431.157959 237.790863
v 105.734955 -371.607300 237.790817
v 105.734955 -363.938782 225.459335
v 105.734955 -363.938782 205.459335
v 105.734955 -371.607330 193.127823
v 105.734955 -383.938782 245.459366
v 113.161865 -383.938782 225.459335
v 111.516571 -383.938782 205.459335
v 105.734955 -383.938812 185.459335
v 105.734955 -403.938843 245.459366
v 117.501999 -403.938843 225.459335
v 108.602509 -403.938843 205.459335
v 105.734955 -403.938873 185.459335
v 105.734955 -416.270325 237.790817
v 105.734955 -423.938782 225.459335
v 105.734955 -423.938782 205.459335
v 105.734955 -416.270355 193.127823
v -6.393606 -363.938812 185.459381
v -6.393600 -363.938782 205.459381
v -6.393597 -363.938782 225.459381
v -6.393590 -363.938782 245.459412
v -6.393607 -383.938812 185.459381
v -6.393601 -383.938782 205.459381
v -6.393598 -383.938782 225.459381
v -6.393592 -383.938782 245.459412
v -6.393609 -403.938873 185.459381
v -6.393602 -403.938843 205.459381
v -6.393600 -403.938843 225.459381
v -6.393593 -403.938843 245.459412
v -6.393610 -423.938812 185.459381
v -6.393604 -423.938782 205.459381
v -6.393601 -423.938782 225.459381
v -6.393595 -423.938782 245.459412
v 13.606388 -443.938812 185.459381
v 13.606391 -443.938782 205.459381
v 13.606397 -443.938782 225.459381
v 13.606400 -443.938782 245.459412
v 35.641140 -438.867767 188.513092
v 33.606392 -443.938782 205.459381
v 33.606392 -443.938782 225.459381
v 35.641151 -438.867737 242.408844
v 53.606396 -438.867767 188.513092
v 53.606392 -443.938782 205.459381
v 53.606392 -443.938782 225.459381
v 53.606407 -438.867737 242.408844
v 71.571655 -438.867767 188.513092
v 73.606400 -443.938782 205.459381
v 73.606400 -443.938782 225.459381
v 71.571655 -438.867737 242.408844
v 13.606407 -343.938782 245.459412
v 13.606404 -343.938782 225.459381
v 13.606399 -343.938782 205.459381
v 13.606396 -343.938812 185.459381
v 35.641159 -349.041443 242.408844
v 33.606400 -343.938782 225.459381
v 33.606400 -343.938782 205.459381
v 35.641148 -349.041473 188.513092
v 53.606415 -349.041443 242.408844
v 53.606400 -343.938782 225.459381
v 53.606400 -343.938782 205.459381
v 53.606403 -349.041473 188.513092
v 71.571663 -349.041443 242.408844
v 73.606407 -343.938782 225.459381
v 73.606407 -343.938782 205.459381
v 71.571663 -349.041473 188.513092
v -6.393572 -402.385559 343.405731
v 92.494987 -393.123962 331.869720
v -6.393566 -320.875061 343.405731
v 93.123932 -325.982056 334.944366
v -6.393590 -402.385559 261.895203
v 93.606422 -391.944946 271.088837
v -6.393584 -320.875061 261.895203
v 93.606422 -331.756348 269.875092
v -6.393564 -331.630310 352.650482
v -6.393566 -351.630310 352.650482
v -6.393567 -371.630310 352.650482
v -6.393569 -391.630310 352.650482
v 93.606422 -383.961792 339.869598
v 93.606422 -368.988647 339.442169
v 93.606422 -354.271973 339.442169
v 93.606430 -339.298828 339.869598
v -6.393592 -391.630310 252.650482
v -6.393591 -371.630310 252.650482
v -6.393589 -351.630310 252.650482
v -6.393588 -331.630310 252.650482
v 93.606430 -339.298828 265.431335
v 93.606422 -354.271973 265.858826
v 93.606422 -368.988647 265.858826
v 93.606422 -383.961792 265.431335
v 13.606425 -402.385559 343.405731
v 35.641178 -401.444275 342.450226
v 53.606434 -401.444275 342.450226
v 71.571678 -401.444275 342.450226
v 71.571686 -321.847961 342.450226
v 53.606441 -321.847961 342.450226
v 35.641186 -321.847961 342.450226
v 13.606432 -320.875061 343.405731
v 71.571686 -326.873901 263.362000
v 53.606419 -321.847961 262.853943
v 35.641163 -321.847961 262.853943
v 13.606415 -320.875061 261.895203
v 71.571678 -401.444275 262.853943
v 53.606411 -401.444275 262.853943
v 35.641155 -401.444275 262.853943
v 13.606408 -402.385559 261.895203
v 71.571686 -334.698242 257.738953
v 53.606415 -334.698242 257.738953
v 35.641159 -334.698242 257.738953
v 13.606411 -331.630310 252.650482
v 73.606430 -351.630310 252.650482
v 53.606411 -351.630310 252.650482
v 33.606411 -351.630310 252.650482
v 13.606409 -351.630310 252.650482
v 73.606422 -371.630310 252.650482
v 53.606411 -371.630310 252.650482
v 33.606411 -371.630310 252.650482
v 13.606408 -371.630310 252.650482
v 71.571678 -388.593994 257.738953
v 53.606411 -388.593994 257.738953
v 35.641155 -388.593994 257.738953
v 13.606406 -391.630310 252.650482
v 71.571678 -388.593994 347.565216
v 53.606434 -388.593994 347.565216
v 35.641178 -388.593994 347.565216
v 13.606429 -391.630310 352.650482
v 73.606422 -371.630310 352.650482
v 53.606434 -371.630310 352.650482
v 33.606434 -371.630310 352.650482
v 13.606431 -371.630310 352.650482
v 73.606430 -351.630310 352.650482
v 53.606434 -351.630310 352.650482
v 33.606434 -351.630310 352.650482
v 13.606432 -351.630310 352.650482
v 71.571686 -334.698242 347.565216
v 53.606438 -334.698242 347.565216
v 35.641182 -334.698242 347.565216
v 13.606434 -331.630310 352.650482
v -6.393582 -311.630310 272.650452
v -6.393578 -311.630310 292.650482
v -6.393571 -311.630310 312.650482
v -6.393569 -311.630310 332.650513
v 93.606430 -324.411133 324.981964
v 93.606430 -324.838623 310.008789
v 93.606430 -324.838623 295.292175
v 93.606430 -324.411133 280.319000
v -6.393576 -411.630310 332.650513
v -6.393579 -411.630310 312.650482
v -6.393585 -411.630310 292.650482
v -6.393590 -411.630310 272.650452
v 93.606422 -398.849426 280.319000
v 93.606422 -398.421936 295.292175
v 93.606422 -398.421936 310.008789
v 93.606422 -398.849426 324.981964
v 105.734985 -339.298828 324.981964
v 105.734985 -331.630310 312.650482
v 105.734985 -331.630310 292.650482
v 105.734985 -339.298828 280.319000
v 105.734985 -351.630310 332.650513
v 113.161896 -351.630310 312.650482
v 111.516602 -351.630310 292.650482
v 105.734985 -351.630310 272.650452
v 105.734978 -371.630310 332.650513
v 117.502022 -371.630310 312.650482
v 108.602531 -371.630310 292.650482
v 105.734978 -371.630310 272.650452
v 105.734978 -383.961792 324.981964
v 105.734978 -391.630310 312.650482
v 105.734978 -391.630310 292.650482
v 105.734978 -383.961792 280.319000
v -6.393584 -331.630310 272.650452
v -6.393579 -331.630310 292.650482
v -6.393573 -331.630310 312.650482
v -6.393570 -331.630310 332.650513
v -6.393586 -351.630310 272.650452
v -6.393581 -351.630310 292.650482
v -6.393575 -351.630310 312.650482
v -6.393572 -351.630310 332.650513
v -6.393587 -371.630310 272.650452
v -6.393582 -371.630310 292.650482
v -6.393576 -371.630310 312.650482
v -6.393573 -371.630310 332.650513
v -6.393589 -391.630310 272.650452
v -6.393584 -391.630310 292.650482
v -6.393578 -391.630310 312.650482
v -6.393575 -391.630310 332.650513
v 13.606411 -411.630310 272.650452
v 13.606412 -411.630310 292.650482
v 13.606419 -411.630310 312.650482
v 13.606421 -411.630310 332.650513
v 35.641155 -406.559265 275.704193
v 33.606419 -411.630310 292.650482
v 33.606419 -411.630310 312.650482
v 35.641178 -406.559265 329.599945
v 53.606411 -406.559265 275.704193
v 53.606419 -411.630310 292.650482
v 53.606419 -411.630310 312.650482
v 53.606434 -406.559265 329.599945
v 71.571678 -406.559265 275.704193
v 73.606422 -411.630310 292.650482
v 73.606422 -411.630310 312.650482
v 71.571678 -406.559265 329.599945
v 13.606429 -311.630310 332.650513
v 13.606426 -311.630310 312.650482
v 13.606420 -311.630310 292.650482
v 13.606419 -311.630310 272.650452
v 35.641186 -316.732971 329.599945
v 33.606426 -311.630310 312.650482
v 33.606426 -311.630310 292.650482
v 35.641163 -316.732971 275.704193
v 53.606441 -316.732971 329.599945
v 53.606426 -311.630310 312.650482
v 53.606426 -311.630310 292.650482
v 53.606419 -316.732971 275.704193
v 71.571686 -316.732971 329.599945
v 73.606430 -311.630310 312.650482
v 73.606430 -311.630310 292.650482
v 71.571686 -316.732971 275.704193
v -6.393554 -357.353394 417.507172
v 92.495018 -348.091858 405.971161
v -6.393548 -275.842896 417.507172
v 93.123955 -280.949890 409.045746
v -6.393572 -357.353394 335.996613
v 93.606430 -346.912781 345.190216
v -6.393566 -275.842896 335.996613
v 93.606422 -286.724182 343.976471
v -6.393546 -286.598145 426.751862
v -6.393548 -306.598145 426.751862
v -6.393549 -326.598145 426.751862
v -6.393550 -346.598145 426.751862
v 93.606453 -338.929626 413.971039
v 93.606453 -323.956421 413.543549
v 93.606453 -309.239807 413.543549
v 93.606453 -294.266663 413.971039
v -6.393571 -346.598145 326.751892
v -6.393570 -326.598145 326.751892
v -6.393569 -306.598145 326.751892
v -6.393567 -286.598145 326.751892
v 93.606430 -294.266663 339.532745
v 93.606430 -309.239807 339.960236
v 93.606430 -323.956421 339.960236
v 93.606430 -338.929626 339.532745
v 13.606445 -357.353394 417.507172
v 35.641193 -356.412109 416.551605
v 53.606449 -356.412109 416.551605
v 71.571701 -356.412109 416.551605
v 71.571709 -276.815796 416.551605
v 53.606457 -276.815796 416.551605
v 35.641201 -276.815796 416.551605
v 13.606451 -275.842896 417.507172
v 71.571686 -281.841736 337.463409
v 53.606445 -276.815796 336.955353
v 35.641190 -276.815796 336.955353
v 13.606435 -275.842896 335.996613
v 71.571678 -356.412109 336.955353
v 53.606438 -356.412109 336.955353
v 35.641182 -356.412109 336.955353
v 13.606429 -357.353394 335.996613
v 71.571686 -289.666077 331.840363
v 53.606441 -289.666077 331.840363
v 35.641186 -289.666077 331.840363
v 13.606431 -286.598145 326.751892
v 73.606430 -306.598145 326.751892
v 53.606426 -306.598145 326.751892
v 33.606426 -306.598145 326.751892
v 13.606430 -306.598145 326.751892
v 73.606430 -326.598145 326.751892
v 53.606426 -326.598145 326.751892
v 33.606426 -326.598145 326.751892
v 13.606428 -326.598145 326.751892
v 71.571686 -343.561829 331.840363
v 53.606438 -343.561829 331.840363
v 35.641182 -343.561829 331.840363
v 13.606427 -346.598145 326.751892
v 71.571709 -343.561829 421.666595
v 53.606449 -343.561829 421.666595
v 35.641193 -343.561829 421.666595
v 13.606450 -346.598145 426.751862
v 73.606453 -326.598145 426.751862
v 53.606449 -326.598145 426.751862
v 33.606449 -326.598145 426.751862
v 13.606451 -326.598145 426.751862
v 73.606453 -306.598145 426.751862
v 53.606449 -306.598145 426.751862
v 33.606449 -306.598145 426.751862
v 13.606453 -306.598145 426.751862
v 71.571709 -289.666077 421.666595
v 53.606453 -289.666077 421.666595
v 35.641197 -289.666077 421.666595
v 13.606454 -286.598145 426.751862
v -6.393562 -266.598145 346.751862
v -6.393557 -266.598145 366.751923
v -6.393553 -266.598145 386.751862
v -6.393548 -266.598145 406.751923
v 93.606453 -279.378967 399.083344
v 93.606453 -279.806458 384.110199
v 93.606453 -279.806458 369.393585
v 93.606453 -279.378967 354.420380
v -6.393556 -366.598145 406.751923
v -6.393561 -366.598145 386.751862
v -6.393565 -366.598145 366.751923
v -6.393569 -366.598145 346.751862
v 93.606445 -353.817261 354.420380
v 93.606453 -353.389771 369.393585
v 93.606453 -353.389771 384.110199
v 93.606445 -353.817261 399.083344
v 105.735008 -294.266663 399.083344
v 105.735008 -286.598145 386.751862
v 105.735008 -286.598145 366.751923
v 105.735008 -294.266663 354.420380
v 105.735008 -306.598145 406.751923
v 113.161919 -306.598145 386.751862
v 111.516624 -306.598145 366.751923
v 105.734985 -306.598145 346.751862
v 105.735008 -326.598145 406.751923
v 117.502052 -326.598145 386.751862
v 108.602562 -326.598145 366.751923
v 105.734985 -326.598145 346.751862
v 105.735008 -338.929626 399.083344
v 105.735008 -346.598145 386.751862
v 105.735008 -346.598145 366.751923
v 105.735008 -338.929626 354.420380
v -6.393563 -286.598145 346.751862
v -6.393559 -286.598145 366.751923
v -6.393555 -286.598145 386.751862
v -6.393549 -286.598145 406.751923
v -6.393565 -306.598145 346.751862
v -6.393560 -306.598145 366.751923
v -6.393557 -306.598145 386.751862
v -6.393551 -306.598145 406.751923
v -6.393567 -326.598145 346.751862
v -6.393562 -326.598145 366.751923
v -6.393558 -326.598145 386.751862
v -6.393553 -326.598145 406.751923
v -6.393568 -346.598145 346.751862
v -6.393563 -346.598145 366.751923
v -6.393559 -346.598145 386.751862
v -6.393554 -346.598145 406.751923
v 13.606428 -366.598145 346.751862
v 13.606434 -366.598145 366.751923
v 13.606440 -366.598145 386.751862
v 13.606442 -366.598145 406.751923
v 35.641182 -361.527100 349.805634
v 33.606434 -366.598145 366.751923
v 33.606445 -366.598145 386.751862
v 35.641193 -361.527100 403.701385
v 53.606438 -361.527100 349.805634
v 53.606434 -366.598145 366.751923
v 53.606445 -366.598145 386.751862
v 53.606449 -361.527100 403.701385
v 71.571678 -361.527100 349.805634
v 73.606445 -366.598145 366.751923
v 73.606445 -366.598145 386.751862
v 71.571701 -361.527100 403.701385
v 13.606450 -266.598145 406.751923
v 13.606447 -266.598145 386.751862
v 13.606441 -266.598145 366.751923
v 13.606436 -266.598145 346.751862
v 35.641201 -271.700806 403.701385
v 33.606453 -266.598145 386.751862
v 33.606441 -266.598145 366.751923
v 35.641190 -271.700806 349.805634
v 53.606457 -271.700806 403.701385
v 53.606453 -266.598145 386.751862
v 53.606441 -266.598145 366.751923
v 53.606445 -271.700806 349.805634
v 71.571709 -271.700806 403.701385
v 73.606453 -266.598145 386.751862
v 73.606453 -266.598145 366.751923
v 71.571686 -271.700806 349.805634
v -6.393534 -288.515564 473.444305
v 92.495041 -279.254028 461.908295
v -6.393528 -207.005005 473.444305
v 93.123985 -212.112061 464.982941
v -6.393552 -288.515564 391.933746
v 93.606453 -278.074951 401.127350
v -6.393546 -207.005005 391.933746
v 93.606453 -217.886353 399.913605
v -6.393528 -217.760315 482.689056
v -6.393530 -237.760315 482.689056
v -6.393531 -257.760315 482.689056
v -6.393533 -277.760315 482.689056
v 93.606476 -270.091797 469.908173
v 93.606476 -255.118591 469.480682
v 93.606483 -240.401978 469.480682
v 93.606483 -225.428833 469.908173
v -6.393554 -277.760315 382.689056
v -6.393553 -257.760315 382.689056
v -6.393551 -237.760315 382.689056
v -6.393549 -217.760315 382.689056
v 93.606461 -225.428833 395.469879
v 93.606461 -240.401978 395.897369
v 93.606453 -255.118591 395.897369
v 93.606453 -270.091797 395.469879
v 13.606462 -288.515564 473.444305
v 35.641209 -287.574280 472.488739
v 53.606464 -287.574280 472.488739
v 71.571732 -287.574280 472.488739
v 71.571739 -207.977966 472.488739
v 53.606472 -207.977966 472.488739
v 35.641216 -207.977966 472.488739
v 13.606469 -207.005005 473.444305
v 71.571716 -213.003906 393.400543
v 53.606461 -207.977966 392.892487
v 35.641205 -207.977966 392.892487
v 13.606452 -207.005005 391.933746
v 71.571709 -287.574280 392.892487
v 53.606453 -287.574280 392.892487
v 35.641197 -287.574280 392.892487
v 13.606445 -288.515564 391.933746
v 71.571716 -220.828247 387.777496
v 53.606461 -220.828247 387.777496
v 35.641205 -220.828247 387.777496
v 13.606448 -217.760315 382.689056
v 73.606461 -237.760315 382.689056
v 53.606453 -237.760315 382.689056
v 33.606453 -237.760315 382.689056
v 13.606446 -237.760315 382.689056
v 73.606453 -257.760315 382.689056
v 53.606453 -257.760315 382.689056
v 33.606453 -257.760315 382.689056
v 13.606445 -257.760315 382.689056
v 71.571709 -274.723999 387.777496
v 53.606457 -274.723999 387.777496
v 35.641201 -274.723999 387.777496
v 13.606443 -277.760315 382.689056
v 71.571732 -274.723999 477.603729
v 53.606468 -274.723999 477.603729
v 35.641212 -274.723999 477.603729
v 13.606466 -277.760315 482.689056
v 73.606476 -257.760315 482.689056
v 53.606476 -257.760315 482.689056
v 33.606476 -257.760315 482.689056
v 13.606468 -257.760315 482.689056
v 73.606483 -237.760315 482.689056
v 53.606476 -237.760315 482.689056
v 33.606476 -237.760315 482.689056
v 13.606469 -237.760315 482.689056
v 71.571739 -220.828247 477.603729
v 53.606472 -220.828247 477.603729
v 35.641216 -220.828247 477.603729
v 13.606471 -217.760315 482.689056
v -6.393543 -197.760315 402.688965
v -6.393539 -197.760315 422.689026
v -6.393536 -197.760315 442.688965
v -6.393530 -197.760315 462.689026
v 93.606483 -210.541138 455.020477
v 93.606461 -210.968628 440.047333
v 93.606461 -210.968628 425.330719
v 93.606461 -210.541138 410.357574
v -6.393538 -297.760315 462.689056
v -6.393543 -297.760315 442.688995
v -6.393547 -297.760315 422.689056
v -6.393550 -297.760315 402.688995
v 93.606453 -284.979431 410.357574
v 93.606453 -284.551941 425.330719
v 93.606453 -284.551941 440.047333
v 93.606476 -284.979431 455.020477
v 105.735039 -225.428848 455.020477
v 105.735016 -217.760330 442.688995
v 105.735016 -217.760330 422.689056
v 105.735016 -225.428848 410.357574
v 105.735039 -237.760330 462.689056
v 113.161926 -237.760330 442.688995
v 111.516632 -237.760330 422.689056
v 105.735016 -237.760330 402.688995
v 105.735031 -257.760315 462.689056
v 117.502052 -257.760315 442.688995
v 108.602562 -257.760315 422.689056
v 105.735008 -257.760315 402.688995
v 105.735031 -270.091797 455.020477
v 105.735008 -277.760315 442.688995
v 105.735008 -277.760315 422.689056
v 105.735008 -270.091797 410.357574
v -6.393544 -217.760315 402.688995
v -6.393540 -217.760315 422.689056
v -6.393537 -217.760315 442.688995
v -6.393531 -217.760315 462.689056
v -6.393546 -237.760315 402.688995
v -6.393542 -237.760315 422.689056
v -6.393539 -237.760315 442.688995
v -6.393533 -237.760315 462.689056
v -6.393548 -257.760315 402.688995
v -6.393544 -257.760315 422.689056
v -6.393540 -257.760315 442.688995
v -6.393535 -257.760315 462.689056
v -6.393549 -277.760315 402.688995
v -6.393545 -277.760315 422.689056
v -6.393542 -277.760315 442.688995
v -6.393536 -277.760315 462.689056
v 13.606447 -297.760315 402.688995
v 13.606449 -297.760315 422.689056
v 13.606456 -297.760315 442.688995
v 13.606462 -297.760315 462.689056
v 35.641197 -292.689209 405.742706
v 33.606449 -297.760315 422.689056
v 33.606461 -297.760315 442.688995
v 35.641209 -292.689209 459.638458
v 53.606453 -292.689209 405.742706
v 53.606449 -297.760315 422.689056
v 53.606461 -297.760315 442.688995
v 53.606464 -292.689209 459.638458
v 71.571709 -292.689209 405.742706
v 73.606453 -297.760315 422.689056
v 73.606453 -297.760315 442.688995
v 71.571732 -292.689209 459.638458
v 13.606469 -197.760315 462.689026
v 13.606463 -197.760315 442.688965
v 13.606457 -197.760315 422.689026
v 13.606455 -197.760315 402.688965
v 35.641216 -202.862976 459.638458
v 33.606468 -197.760315 442.688965
v 33.606457 -197.760315 422.689026
v 35.641205 -202.862976 405.742706
v 53.606472 -202.862976 459.638458
v 53.606468 -197.760315 442.688965
v 53.606457 -197.760315 422.689026
v 53.606461 -202.862976 405.742706
v 71.571739 -202.862976 459.638458
v 73.606461 -197.760315 442.688965
v 73.606461 -197.760315 422.689026
v 71.571716 -202.862976 405.742706
v -6.393524 -203.924438 486.151031
v 92.495049 -194.662842 474.614990
v -6.393518 -122.413872 486.151001
v 93.123993 -127.520874 477.689636
v -6.393543 -203.924438 404.640533
v 93.606461 -193.483765 413.834106
v -6.393537 -122.413879 404.640503
v 93.606461 -133.295227 412.620361
v -6.393519 -133.169128 495.395752
v -6.393520 -153.169189 495.395752
v -6.393522 -173.169128 495.395752
v -6.393524 -193.169189 495.395752
v 93.606483 -185.500610 482.614929
v 93.606483 -170.527466 482.187439
v 93.606483 -155.810852 482.187439
v 93.606491 -140.837708 482.614929
v -6.393545 -193.169189 395.395752
v -6.393543 -173.169128 395.395752
v -6.393541 -153.169189 395.395752
v -6.393540 -133.169128 395.395752
v 93.606468 -140.837708 408.176636
v 93.606461 -155.810852 408.604126
v 93.606461 -170.527466 408.604126
v 93.606461 -185.500610 408.176636
v 13.606472 -203.924438 486.151031
v 35.641228 -202.983093 485.195526
v 53.606483 -202.983093 485.195526
v 71.571739 -202.983093 485.195526
v 71.571747 -123.386841 485.195496
v 53.606491 -123.386841 485.195496
v 35.641235 -123.386833 485.195496
v 13.606478 -122.413872 486.151001
v 71.571724 -128.412781 406.107300
v 53.606468 -123.386848 405.599243
v 35.641212 -123.386841 405.599243
v 13.606461 -122.413879 404.640503
v 71.571716 -202.983093 405.599274
v 53.606461 -202.983093 405.599274
v 35.641205 -202.983093 405.599274
v 13.606455 -203.924438 404.640533
v 71.571724 -136.237122 400.484253
v 53.606464 -136.237122 400.484253
v 35.641209 -136.237122 400.484253
v 13.606457 -133.169128 395.395752
v 73.606461 -153.169189 395.395752
v 53.606461 -153.169189 395.395752
v 33.606461 -153.169189 395.395752
v 13.606456 -153.169189 395.395752
v 73.606461 -173.169128 395.395752
v 53.606461 -173.169128 395.395752
v 33.606461 -173.169128 395.395752
v 13.606454 -173.169128 395.395752
v 71.571716 -190.132874 400.484253
v 53.606461 -190.132874 400.484253
v 35.641205 -190.132874 400.484253
v 13.606453 -193.169189 395.395752
v 71.571739 -190.132874 490.310486
v 53.606483 -190.132874 490.310486
v 35.641228 -190.132874 490.310486
v 13.606476 -193.169189 495.395752
v 73.606483 -173.169128 495.395752
v 53.606483 -173.169128 495.395752
v 33.606483 -173.169128 495.395752
v 13.606477 -173.169128 495.395752
v 73.606483 -153.169189 495.395752
v 53.606483 -153.169189 495.395752
v 33.606483 -153.169189 495.395752
v 13.606479 -153.169189 495.395752
v 71.571747 -136.237122 490.310486
v 53.606487 -136.237122 490.310486
v 35.641232 -136.237122 490.310486
v 13.606480 -133.169128 495.395752
v -6.393536 -113.169128 415.395752
v -6.393529 -113.169128 435.395752
v -6.393526 -113.169121 455.395752
v -6.393520 -113.169121 475.395752
v 93.606491 -125.950012 467.727234
v 93.606468 -126.377510 452.754089
v 93.606468 -126.377510 438.037415
v 93.606468 -125.950020 423.064270
v -6.393528 -213.169128 475.395782
v -6.393533 -213.169128 455.395782
v -6.393537 -213.169128 435.395782
v -6.393543 -213.169128 415.395782
v 93.606461 -200.388306 423.064270
v 93.606461 -199.960815 438.037415
v 93.606461 -199.960815 452.754089
v 93.606483 -200.388306 467.727234
v 105.735046 -140.837723 467.727234
v 105.735046 -133.169144 455.395752
v 105.735023 -133.169144 435.395752
v 105.735023 -140.837723 423.064270
v 105.735039 -153.169205 475.395752
v 113.161949 -153.169205 455.395752
v 111.516632 -153.169205 435.395752
v 105.735016 -153.169205 415.395752
v 105.735039 -173.169144 475.395752
v 117.502083 -173.169144 455.395752
v 108.602570 -173.169144 435.395752
v 105.735016 -173.169144 415.395752
v 105.735039 -185.500626 467.727234
v 105.735039 -193.169205 455.395752
v 105.735016 -193.169205 435.395752
v 105.735016 -185.500626 423.064270
v -6.393537 -133.169128 415.395752
v -6.393531 -133.169128 435.395752
v -6.393527 -133.169128 455.395752
v -6.393522 -133.169128 475.395752
v -6.393538 -153.169189 415.395752
v -6.393532 -153.169189 435.395752
v -6.393528 -153.169189 455.395752
v -6.393523 -153.169189 475.395752
v -6.393540 -173.169128 415.395752
v -6.393534 -173.169128 435.395752
v -6.393530 -173.169128 455.395752
v -6.393525 -173.169128 475.395752
v -6.393542 -193.169189 415.395752
v -6.393536 -193.169189 435.395752
v -6.393532 -193.169189 455.395752
v -6.393527 -193.169189 475.395752
v 13.606456 -213.169128 415.395782
v 13.606460 -213.169128 435.395782
v 13.606465 -213.169128 455.395782
v 13.606471 -213.169128 475.395782
v 35.641205 -208.098083 418.449493
v 33.606468 -213.169128 435.395782
v 33.606468 -213.169128 455.395782
v 35.641216 -208.098083 472.345245
v 53.606461 -208.098083 418.449493
v 53.606468 -213.169128 435.395782
v 53.606468 -213.169128 455.395782
v 53.606472 -208.098083 472.345245
v 71.571716 -208.098083 418.449493
v 73.606461 -213.169128 435.395782
v 73.606483 -213.169128 455.395782
v 71.571739 -208.098083 472.345245
v 13.606479 -113.169121 475.395752
v 13.606473 -113.169121 455.395752
v 13.606467 -113.169128 435.395752
v 13.606463 -113.169128 415.395752
v 35.641224 -118.271843 472.345215
v 33.606476 -113.169121 455.395752
v 33.606476 -113.169128 435.395752
v 35.641212 -118.271851 418.449463
v 53.606480 -118.271851 472.345215
v 53.606476 -113.169128 455.395752
v 53.606476 -113.169136 435.395752
v 53.606468 -118.271858 418.449463
v 71.571747 -118.271851 472.345215
v 73.606491 -113.169128 455.395752
v 73.606468 -113.169136 435.395752
v 71.571724 -118.271858 418.449463
v -6.393517 -116.239799 490.099121
v 92.495056 -106.978210 478.563110
v -6.393511 -34.729240 490.099121
v 93.124001 -39.836273 481.637756
v -6.393536 -116.239807 408.588623
v 93.606468 -105.799141 417.782227
v -6.393529 -34.729248 408.588623
v 93.606468 -45.610603 416.568481
v -6.393510 -45.484489 499.343872
v -6.393512 -65.484520 499.343872
v -6.393514 -85.484520 499.343872
v -6.393515 -105.484550 499.343872
v 93.606491 -97.816010 486.562988
v 93.606491 -82.842834 486.135559
v 93.606491 -68.126221 486.135559
v 93.606491 -53.153046 486.562988
v -6.393538 -105.484558 399.343872
v -6.393537 -85.484528 399.343872
v -6.393535 -65.484528 399.343872
v -6.393533 -45.484497 399.343872
v 93.606468 -53.153053 412.124756
v 93.606468 -68.126228 412.552185
v 93.606468 -82.842842 412.552185
v 93.606468 -97.816017 412.124756
v 13.606482 -116.239799 490.099121
v 35.641235 -115.298454 489.143616
v 53.606491 -115.298462 489.143616
v 71.571747 -115.298462 489.143616
v 71.571754 -35.702175 489.143616
v 53.606495 -35.702175 489.143616
v 35.641239 -35.702175 489.143616
v 13.606487 -34.729240 490.099121
v 71.571732 -40.728153 410.055420
v 53.606472 -35.702183 409.547302
v 35.641216 -35.702183 409.547302
v 13.606467 -34.729248 408.588623
v 71.571724 -115.298470 409.547302
v 53.606468 -115.298470 409.547302
v 35.641212 -115.298462 409.547302
v 13.606462 -116.239807 408.588623
v 71.571732 -48.552494 404.432373
v 53.606472 -48.552494 404.432373
v 35.641216 -48.552494 404.432373
v 13.606466 -45.484497 399.343872
v 73.606468 -65.484535 399.343872
v 53.606468 -65.484535 399.343872
v 33.606468 -65.484528 399.343872
v 13.606465 -65.484528 399.343872
v 73.606468 -85.484535 399.343872
v 53.606464 -85.484535 399.343872
v 33.606464 -85.484528 399.343872
v 13.606463 -85.484528 399.343872
v 71.571724 -102.448250 404.432373
v 53.606468 -102.448250 404.432373
v 35.641212 -102.448242 404.432373
v 13.606462 -105.484558 399.343872
v 71.571747 -102.448242 494.258606
v 53.606491 -102.448242 494.258606
v 35.641235 -102.448235 494.258606
v 13.606485 -105.484550 499.343872
v 73.606491 -85.484528 499.343872
v 53.606487 -85.484528 499.343872
v 33.606487 -85.484520 499.343872
v 13.606486 -85.484520 499.343872
v 73.606491 -65.484528 499.343872
v 53.606491 -65.484528 499.343872
v 33.606491 -65.484520 499.343872
v 13.606488 -65.484520 499.343872
v 71.571754 -48.552486 494.258606
v 53.606495 -48.552486 494.258606
v 35.641239 -48.552486 494.258606
v 13.606489 -45.484489 499.343872
v -6.393529 -25.484526 419.343872
v -6.393523 -25.484526 439.343872
v -6.393517 -25.484524 459.343872
v -6.393514 -25.484522 479.343872
v 93.606499 -38.265385 471.675354
v 93.606499 -38.692875 456.702209
v 93.606476 -38.692875 441.985535
v 93.606476 -38.265388 427.012390
v -6.393521 -125.484489 479.343872
v -6.393525 -125.484489 459.343872
v -6.393530 -125.484497 439.343872
v -6.393537 -125.484497 419.343872
v 93.606468 -112.703682 427.012390
v 93.606468 -112.276192 441.985535
v 93.606491 -112.276184 456.702209
v 93.606491 -112.703674 471.675354
v 105.735046 -53.153049 471.675354
v 105.735054 -45.484501 459.343872
v 105.735031 -45.484501 439.343872
v 105.735023 -53.153053 427.012390
v 105.735046 -65.484528 479.343872
v 113.161957 -65.484528 459.343872
v 111.516640 -65.484535 439.343872
v 105.735023 -65.484535 419.343872
v 105.735046 -85.484528 479.343872
v 117.502090 -85.484528 459.343872
v 108.602577 -85.484535 439.343872
v 105.735023 -85.484535 419.343872
v 105.735046 -97.816010 471.675354
v 105.735046 -105.484558 459.343872
v 105.735023 -105.484566 439.343872
v 105.735023 -97.816017 427.012390
v -6.393530 -45.484497 419.343872
v -6.393524 -45.484493 439.343872
v -6.393518 -45.484493 459.343872
v -6.393515 -45.484493 479.343872
v -6.393532 -65.484528 419.343872
v -6.393526 -65.484528 439.343872
v -6.393520 -65.484520 459.343872
v -6.393517 -65.484520 479.343872
v -6.393534 -85.484528 419.343872
v -6.393528 -85.484528 439.343872
v -6.393522 -85.484520 459.343872
v -6.393518 -85.484520 479.343872
v -6.393535 -105.484558 419.343872
v -6.393529 -105.484558 439.343872
v -6.393523 -105.484550 459.343872
v -6.393520 -105.484550 479.343872
v 13.606462 -125.484497 419.343872
v 13.606469 -125.484497 439.343872
v 13.606472 -125.484489 459.343872
v 13.606478 -125.484489 479.343872
v 35.641212 -120.413452 422.397583
v 33.606476 -125.484497 439.343872
v 33.606476 -125.484489 459.343872
v 35.641224 -120.413445 476.293335
v 53.606468 -120.413460 422.397583
v 53.606476 -125.484505 439.343872
v 53.606476 -125.484497 459.343872
v 53.606480 -120.413452 476.293335
v 71.571724 -120.413460 422.397583
v 73.606468 -125.484505 439.343872
v 73.606491 -125.484497 459.343872
v 71.571747 -120.413452 476.293335
v 13.606485 -25.484524 479.343872
v 13.606480 -25.484526 459.343872
v 13.606477 -25.484528 439.343872
v 13.606470 -25.484528 419.343872
v 35.641228 -30.587215 476.293335
v 33.606480 -25.484526 459.343872
v 33.606480 -25.484528 439.343872
v 35.641216 -30.587219 422.397583
v 53.606483 -30.587217 476.293335
v 53.606480 -25.484528 459.343872
v 53.606480 -25.484529 439.343872
v 53.606472 -30.587221 422.397583
v 71.571754 -30.587219 476.293335
v 73.606499 -25.484529 459.343872
v 73.606476 -25.484531 439.343872
v 71.571732 -30.587223 422.397583
v -6.393514 -29.036768 473.514709
v 92.495064 -19.775211 461.978699
v -6.393508 52.473759 473.514709
v 93.124001 47.366726 465.053345
v -6.393532 -29.036774 392.004150
v 93.606476 -18.596199 401.197754
v -6.393526 52.473755 392.004150
v 93.606468 41.592400 399.984009
v -6.393508 41.718483 482.759460
v -6.393510 21.718481 482.759460
v -6.393512 1.718481 482.759460
v -6.393513 -18.281519 482.759460
v 93.606499 -10.613039 469.978577
v 93.606499 4.360135 469.551086
v 93.606499 19.076811 469.551086
v 93.606499 34.049984 469.978577
v -6.393535 -18.281527 382.759460
v -6.393533 1.718475 382.759460
v -6.393532 21.718473 382.759460
v -6.393530 41.718475 382.759460
v 93.606476 34.049980 395.540283
v 93.606476 19.076805 395.967773
v 93.606476 4.360130 395.967773
v 93.606476 -10.613045 395.540283
v 13.606483 -29.036770 473.514709
v 35.641228 -28.095486 472.559143
v 53.606483 -28.095488 472.559143
v 71.571754 -28.095490 472.559143
v 71.571762 51.500824 472.559143
v 53.606491 51.500824 472.559143
v 35.641235 51.500824 472.559143
v 13.606488 52.473759 473.514709
v 71.571732 46.474850 393.470947
v 53.606480 51.500820 392.962891
v 35.641224 51.500820 392.962891
v 13.606471 52.473755 392.004150
v 71.571732 -28.095495 392.962891
v 53.606472 -28.095493 392.962891
v 35.641216 -28.095491 392.962891
v 13.606465 -29.036776 392.004150
v 71.571732 38.650539 387.847900
v 53.606480 38.650539 387.847900
v 35.641224 38.650539 387.847900
v 13.606467 41.718475 382.759460
v 73.606476 21.718468 382.759460
v 53.606472 21.718470 382.759460
v 33.606472 21.718472 382.759460
v 13.606466 21.718472 382.759460
v 73.606476 1.718468 382.759460
v 53.606472 1.718470 382.759460
v 33.606472 1.718472 382.759460
v 13.606464 1.718473 382.759460
v 71.571732 -15.245215 387.847900
v 53.606476 -15.245214 387.847900
v 35.641220 -15.245213 387.847900
v 13.606463 -18.281528 382.759460
v 71.571754 -15.245209 477.674133
v 53.606487 -15.245207 477.674133
v 35.641232 -15.245206 477.674133
v 13.606486 -18.281521 482.759460
v 73.606499 1.718475 482.759460
v 53.606495 1.718477 482.759460
v 33.606495 1.718478 482.759460
v 13.606487 1.718480 482.759460
v 73.606499 21.718475 482.759460
v 53.606495 21.718477 482.759460
v 33.606495 21.718479 482.759460
v 13.606489 21.718479 482.759460
v 71.571754 38.650543 477.674133
v 53.606491 38.650543 477.674133
v 35.641235 38.650543 477.674133
v 13.606490 41.718483 482.759460
v -6.393523 61.718475 402.759399
v -6.393519 61.718475 422.759460
v -6.393516 61.718479 442.759399
v -6.393510 61.718479 462.759460
v 93.606499 48.937649 455.090881
v 93.606476 48.510128 440.117737
v 93.606476 48.510124 425.401123
v 93.606476 48.937645 410.427979
v -6.393518 -38.281490 462.759460
v -6.393524 -38.281490 442.759399
v -6.393527 -38.281494 422.759460
v -6.393531 -38.281494 402.759399
v 93.606476 -25.500710 410.427979
v 93.606476 -25.073156 425.401123
v 93.606476 -25.073156 440.117737
v 93.606499 -25.500706 455.090881
v 105.735054 34.049984 455.090881
v 105.735031 41.718472 442.759399
v 105.735031 41.718468 422.759460
v 105.735031 34.049980 410.427979
v 105.735054 21.718472 462.759460
v 113.161942 21.718472 442.759399
v 111.516647 21.718470 422.759460
v 105.735031 21.718468 402.759399
v 105.735054 1.718472 462.759460
v 117.502075 1.718469 442.759399
v 108.602585 1.718469 422.759460
v 105.735031 1.718467 402.759399
v 105.735054 -10.613041 455.090881
v 105.735031 -18.281528 442.759399
v 105.735031 -18.281530 422.759460
v 105.735031 -10.613045 410.427979
v -6.393525 41.718475 402.759399
v -6.393521 41.718475 422.759460
v -6.393517 41.718479 442.759399
v -6.393512 41.718479 462.759460
v -6.393527 21.718475 402.759399
v -6.393523 21.718477 422.759460
v -6.393519 21.718479 442.759399
v -6.393514 21.718479 462.759460
v -6.393528 1.718475 402.759399
v -6.393524 1.718477 422.759460
v -6.393521 1.718478 442.759399
v -6.393515 1.718480 462.759460
v -6.393529 -18.281525 402.759399
v -6.393526 -18.281523 422.759460
v -6.393522 -18.281521 442.759399
v -6.393517 -18.281521 462.759460
v 13.606467 -38.281494 402.759399
v 13.606469 -38.281494 422.759460
v 13.606476 -38.281490 442.759399
v 13.606482 -38.281490 462.759460
v 35.641216 -33.210484 405.813171
v 33.606468 -38.281498 422.759460
v 33.606480 -38.281494 442.759399
v 35.641228 -33.210480 459.708923
v 53.606472 -33.210484 405.813171
v 53.606468 -38.281498 422.759460
v 53.606480 -38.281494 442.759399
v 53.606483 -33.210480 459.708923
v 71.571732 -33.210484 405.813171
v 73.606476 -38.281498 422.759460
v 73.606476 -38.281494 442.759399
v 71.571754 -33.210480 459.708923
v 13.606489 61.718479 462.759460
v 13.606483 61.718479 442.759399
v 13.606477 61.718475 422.759460
v 13.606475 61.718475 402.759399
v 35.641235 56.615784 459.708923
v 33.606487 61.718475 442.759399
v 33.606476 61.718472 422.759460
v 35.641224 56.615780 405.813171
v 53.606491 56.615784 459.708923
v 53.606487 61.718475 442.759399
v 53.606476 61.718472 422.759460
v 53.606480 56.615780 405.813171
v 71.571762 56.615784 459.708923
v 73.606483 61.718475 442.759399
v 73.606483 61.718472 422.759460
v 71.571739 56.615780 405.813171
v -6.393515 204.428619 394.577789
v 92.495056 213.690186 383.041779
v -6.393508 285.939178 394.577789
v 93.124001 280.832123 386.116425
v -6.393533 204.428619 313.067261
v 93.606461 214.869247 322.260864
v -6.393527 285.939178 313.067261
v 93.606461 275.057800 321.047150
v -6.393507 275.183868 403.822540
v -6.393509 255.183884 403.822540
v -6.393510 235.183884 403.822540
v -6.393512 215.183899 403.822540
v 93.606483 222.852386 391.041656
v 93.606483 237.825546 390.614166
v 93.606483 252.542221 390.614166
v 93.606491 267.515381 391.041656
v -6.393535 215.183899 303.822540
v -6.393533 235.183884 303.822540
v -6.393532 255.183884 303.822540
v -6.393530 275.183868 303.822540
v 93.606468 267.515381 316.603394
v 93.606461 252.542221 317.030884
v 93.606461 237.825546 317.030884
v 93.606461 222.852386 316.603394
v 13.606481 204.428619 394.577789
v 35.641235 205.369934 393.622284
v 53.606487 205.369934 393.622284
v 71.571739 205.369934 393.622284
v 71.571747 284.966217 393.622284
v 53.606495 284.966217 393.622284
v 35.641243 284.966217 393.622284
v 13.606487 285.939178 394.577789
v 71.571732 279.940277 314.534058
v 53.606472 284.966217 314.026001
v 35.641220 284.966217 314.026001
v 13.606469 285.939178 313.067261
v 71.571716 205.369934 314.026001
v 53.606464 205.369934 314.026001
v 35.641212 205.369934 314.026001
v 13.606462 204.428619 313.067261
v 71.571724 272.115967 308.911011
v 53.606468 272.115967 308.911011
v 35.641216 272.115967 308.911011
v 13.606466 275.183868 303.822540
v 73.606468 255.183884 303.822540
v 53.606464 255.183884 303.822540
v 33.606464 255.183884 303.822540
v 13.606464 255.183884 303.822540
v 73.606461 235.183884 303.822540
v 53.606464 235.183884 303.822540
v 33.606464 235.183884 303.822540
v 13.606463 235.183884 303.822540
v 71.571716 218.220200 308.911011
v 53.606464 218.220200 308.911011
v 35.641212 218.220200 308.911011
v 13.606462 215.183899 303.822540
v 71.571739 218.220200 398.737274
v 53.606487 218.220200 398.737274
v 35.641235 218.220200 398.737274
v 13.606484 215.183899 403.822540
v 73.606483 235.183884 403.822540
v 53.606487 235.183884 403.822540
v 33.606487 235.183884 403.822540
v 13.606486 235.183884 403.822540
v 73.606491 255.183884 403.822540
v 53.606487 255.183884 403.822540
v 33.606487 255.183884 403.822540
v 13.606487 255.183884 403.822540
v 71.571747 272.115967 398.737274
v 53.606491 272.115967 398.737274
v 35.641239 272.115967 398.737274
v 13.606489 275.183868 403.822540
v -6.393526 295.183868 323.822510
v -6.393519 295.183868 343.822540
v -6.393515 295.183868 363.822540
v -6.393511 295.183868 383.822540
v 93.606491 282.403046 376.154022
v 93.606491 281.975555 361.180878
v 93.606468 281.975555 346.464203
v 93.606468 282.403046 331.491058
v -6.393518 195.183884 383.822571
v -6.393522 195.183884 363.822571
v -6.393527 195.183884 343.822571
v -6.393533 195.183884 323.822540
v 93.606461 207.964722 331.491058
v 93.606461 208.392227 346.464203
v 93.606483 208.392227 361.180878
v 93.606483 207.964722 376.154022
v 105.735054 267.515381 376.154022
v 105.735054 275.183868 363.822540
v 105.735031 275.183868 343.822540
v 105.735031 267.515381 331.491058
v 105.735054 255.183868 383.822540
v 113.161949 255.183868 363.822540
v 111.516647 255.183868 343.822540
v 105.735031 255.183868 323.822510
v 105.735046 235.183868 383.822540
v 117.502090 235.183868 363.822540
v 108.602562 235.183868 343.822540
v 105.735023 235.183868 323.822510
v 105.735046 222.852371 376.154022
v 105.735046 215.183884 363.822540
v 105.735023 215.183884 343.822540
v 105.735023 222.852371 331.491058
v -6.393527 275.183868 323.822510
v -6.393521 275.183868 343.822540
v -6.393516 275.183868 363.822540
v -6.393512 275.183868 383.822540
v -6.393529 255.183884 323.822510
v -6.393523 255.183884 343.822540
v -6.393518 255.183884 363.822540
v -6.393514 255.183884 383.822540
v -6.393530 235.183884 323.822510
v -6.393524 235.183884 343.822540
v -6.393519 235.183884 363.822540
v -6.393516 235.183884 383.822540
v -6.393532 215.183899 323.822510
v -6.393526 215.183899 343.822540
v -6.393521 215.183899 363.822540
v -6.393517 215.183899 383.822540
v 13.606465 195.183884 323.822540
v 13.606468 195.183884 343.822571
v 13.606474 195.183884 363.822571
v 13.606476 195.183884 383.822571
v 35.641212 200.254959 326.876312
v 33.606472 195.183884 343.822571
v 33.606472 195.183884 363.822571
v 35.641235 200.254959 380.772095
v 53.606464 200.254959 326.876312
v 53.606472 195.183884 343.822571
v 53.606472 195.183884 363.822571
v 53.606487 200.254959 380.772095
v 71.571716 200.254959 326.876312
v 73.606461 195.183884 343.822571
v 73.606483 195.183884 363.822571
v 71.571739 200.254959 380.772095
v 13.606483 295.183868 383.822540
v 13.606482 295.183868 363.822540
v 13.606476 295.183868 343.822540
v 13.606473 295.183868 323.822510
v 35.641243 290.081207 380.772064
v 33.606480 295.183868 363.822540
v 33.606480 295.183868 343.822540
v 35.641220 290.081207 326.876282
v 53.606495 290.081207 380.772064
v 53.606480 295.183868 363.822540
v 53.606480 295.183868 343.822540
v 53.606472 290.081207 326.876282
v 71.571747 290.081207 380.772064
v 73.606491 295.183868 363.822540
v 73.606468 295.183868 343.822540
v 71.571724 290.081207 326.876282
v -6.393524 293.951630 351.837189
v 92.495041 303.213226 340.301178
v -6.393518 375.462189 351.837189
v 93.123985 370.355164 343.375824
v -6.393545 293.951630 270.326630
v 93.606461 304.392273 279.520233
v -6.393539 375.462189 270.326630
v 93.606468 364.580841 278.306488
v -6.393518 364.706909 361.081879
v -6.393520 344.706909 361.081879
v -6.393522 324.706909 361.081879
v -6.393523 304.706940 361.081879
v 93.606461 312.375427 348.301056
v 93.606461 327.348602 347.873566
v 93.606461 342.065247 347.873566
v 93.606468 357.038422 348.301056
v -6.393546 304.706940 261.081909
v -6.393545 324.706909 261.081909
v -6.393543 344.706909 261.081909
v -6.393541 364.706909 261.081909
v 93.606468 357.038422 273.862762
v 93.606461 342.065247 274.290253
v 93.606461 327.348602 274.290253
v 93.606461 312.375427 273.862762
v 13.606475 293.951630 351.837189
v 35.641228 294.892975 350.881622
v 53.606480 294.892975 350.881622
v 71.571724 294.892975 350.881622
v 71.571732 374.489227 350.881622
v 53.606483 374.489227 350.881622
v 35.641232 374.489227 350.881622
v 13.606482 375.462189 351.837189
v 71.571732 369.463287 271.793427
v 53.606461 374.489227 271.285370
v 35.641209 374.489227 271.285370
v 13.606462 375.462189 270.326630
v 71.571724 294.892975 271.285370
v 53.606457 294.892975 271.285370
v 35.641205 294.892975 271.285370
v 13.606455 293.951630 270.326630
v 71.571732 361.638977 266.170380
v 53.606461 361.638977 266.170380
v 35.641209 361.638977 266.170380
v 13.606461 364.706909 261.081909
v 73.606468 344.706909 261.081909
v 53.606461 344.706909 261.081909
v 33.606457 344.706909 261.081909
v 13.606459 344.706909 261.081909
v 73.606468 324.706909 261.081909
v 53.606457 324.706909 261.081909
v 33.606453 324.706909 261.081909
v 13.606458 324.706909 261.081909
v 71.571724 307.743225 266.170380
v 53.606457 307.743225 266.170380
v 35.641205 307.743225 266.170380
v 13.606456 304.706940 261.081909
v 71.571747 307.743225 355.996613
v 53.606480 307.743225 355.996613
v 35.641228 307.743225 355.996613
v 13.606478 304.706940 361.081879
v 73.606491 324.706909 361.081879
v 53.606480 324.706909 361.081879
v 33.606476 324.706909 361.081879
v 13.606480 324.706909 361.081879
v 73.606491 344.706909 361.081879
v 53.606483 344.706909 361.081879
v 33.606480 344.706909 361.081879
v 13.606481 344.706909 361.081879
v 71.571754 361.638977 355.996613
v 53.606483 361.638977 355.996613
v 35.641232 361.638977 355.996613
v 13.606483 364.706909 361.081879
v -6.393535 384.706909 281.081879
v -6.393529 384.706909 301.081909
v -6.393526 384.706909 321.081909
v -6.393520 384.706909 341.081940
v 93.606468 371.926086 333.413361
v 93.606468 371.498566 318.440216
v 93.606468 371.498566 303.723602
v 93.606468 371.926086 288.750427
v -6.393528 284.706909 341.081940
v -6.393534 284.706909 321.081909
v -6.393537 284.706909 301.081909
v -6.393543 284.706909 281.081879
v 93.606461 297.487762 288.750427
v 93.606461 297.915253 303.723602
v 93.606461 297.915253 318.440216
v 93.606461 297.487762 333.413361
v 105.735031 357.038422 333.413361
v 105.735031 364.706909 321.081909
v 105.735031 364.706909 301.081909
v 105.735031 357.038422 288.750427
v 105.735023 344.706909 341.081940
v 113.161926 344.706909 321.081909
v 111.516632 344.706909 301.081909
v 105.735023 344.706909 281.081879
v 105.735023 324.706909 341.081940
v 117.502075 324.706909 321.081909
v 108.602570 324.706909 301.081909
v 105.735023 324.706909 281.081879
v 105.735023 312.375427 333.413361
v 105.735023 304.706940 321.081909
v 105.735023 304.706940 301.081909
v 105.735023 312.375427 288.750427
v -6.393537 364.706909 281.081879
v -6.393530 364.706909 301.081909
v -6.393528 364.706909 321.081909
v -6.393521 364.706909 341.081940
v -6.393538 344.706909 281.081879
v -6.393532 344.706909 301.081909
v -6.393529 344.706909 321.081909
v -6.393523 344.706909 341.081940
v -6.393540 324.706909 281.081879
v -6.393534 324.706909 301.081909
v -6.393531 324.706909 321.081909
v -6.393525 324.706909 341.081940
v -6.393541 304.706940 281.081879
v -6.393535 304.706940 301.081909
v -6.393532 304.706940 321.081909
v -6.393526 304.706940 341.081940
v 13.606458 284.706909 281.081879
v 13.606462 284.706909 301.081909
v 13.606467 284.706909 321.081909
v 13.606472 284.706909 341.081940
v 35.641216 289.777985 284.135651
v 33.606464 284.706909 301.081909
v 33.606464 284.706909 321.081909
v 35.641228 289.777985 338.031403
v 53.606468 289.777985 284.135651
v 53.606468 284.706909 301.081909
v 53.606468 284.706909 321.081909
v 53.606480 289.777985 338.031403
v 71.571724 289.777985 284.135651
v 73.606468 284.706909 301.081909
v 73.606468 284.706909 321.081909
v 71.571724 289.777985 338.031403
v 13.606479 384.706909 341.081940
v 13.606474 384.706909 321.081909
v 13.606469 384.706909 301.081909
v 13.606464 384.706909 281.081879
v 35.641235 379.604218 338.031403
v 33.606472 384.706909 321.081909
v 33.606472 384.706909 301.081909
v 35.641224 379.604218 284.135651
v 53.606487 379.604218 338.031403
v 53.606476 384.706909 321.081909
v 53.606476 384.706909 301.081909
v 53.606476 379.604218 284.135651
v 71.571732 379.604218 338.031403
v 73.606476 384.706909 321.081909
v 73.606476 384.706909 301.081909
v 71.571732 379.604218 284.135651
v -6.393530 369.755554 304.549194
v 92.495049 379.017120 293.013153
v -6.393524 451.266083 304.549194
v 93.123985 446.159058 296.087799
v -6.393548 369.755554 223.038635
v 93.606445 380.196167 232.232269
v -6.393542 451.266083 223.038635
v 93.606445 440.384735 231.018524
v -6.393522 440.510834 313.793915
v -6.393523 420.510803 313.793915
v -6.393525 400.510803 313.793915
v -6.393527 380.510803 313.793915
v 93.606468 388.179321 301.013062
v 93.606468 403.152496 300.585571
v 93.606468 417.869141 300.585571
v 93.606468 432.842316 301.013062
v -6.393550 380.510803 213.793915
v -6.393549 400.510803 213.793915
v -6.393547 420.510803 213.793915
v -6.393546 440.510834 213.793915
v 93.606445 432.842316 226.574768
v 93.606445 417.869141 227.002258
v 93.606445 403.152496 227.002258
v 93.606445 388.179321 226.574768
v 13.606468 369.755554 304.549194
v 35.641220 370.696869 303.593658
v 53.606472 370.696869 303.593658
v 71.571732 370.696869 303.593658
v 71.571732 450.293152 303.593658
v 53.606480 450.293152 303.593658
v 35.641228 450.293152 303.593658
v 13.606475 451.266083 304.549194
v 71.571709 445.267181 224.505432
v 53.606457 450.293152 223.997375
v 35.641205 450.293152 223.997375
v 13.606459 451.266083 223.038635
v 71.571709 370.696869 223.997375
v 53.606449 370.696869 223.997375
v 35.641197 370.696869 223.997375
v 13.606452 369.755554 223.038635
v 71.571709 437.442871 218.882385
v 53.606457 437.442871 218.882385
v 35.641205 437.442871 218.882385
v 13.606455 440.510834 213.793915
v 73.606453 420.510803 213.793915
v 53.606453 420.510803 213.793915
v 33.606449 420.510803 213.793915
v 13.606453 420.510803 213.793915
v 73.606453 400.510803 213.793915
v 53.606453 400.510803 213.793915
v 33.606449 400.510803 213.793915
v 13.606452 400.510803 213.793915
v 71.571709 383.547119 218.882385
v 53.606453 383.547119 218.882385
v 35.641201 383.547119 218.882385
v 13.606450 380.510803 213.793915
v 71.571732 383.547119 308.708649
v 53.606476 383.547119 308.708649
v 35.641224 383.547119 308.708649
v 13.606474 380.510803 313.793915
v 73.606476 400.510803 313.793915
v 53.606476 400.510803 313.793915
v 33.606472 400.510803 313.793915
v 13.606476 400.510803 313.793915
v 73.606476 420.510803 313.793915
v 53.606476 420.510803 313.793915
v 33.606472 420.510803 313.793915
v 13.606477 420.510803 313.793915
v 71.571732 437.442871 308.708649
v 53.606480 437.442871 308.708649
v 35.641228 437.442871 308.708649
v 13.606479 440.510834 313.793915
v -6.393539 460.510834 233.793884
v -6.393535 460.510834 253.793915
v -6.393532 460.510834 273.793915
v -6.393525 460.510834 293.793945
v 93.606468 447.729980 286.125397
v 93.606468 447.302460 271.152222
v 93.606468 447.302460 256.435608
v 93.606445 447.729980 241.462433
v -6.393533 360.510834 293.793945
v -6.393540 360.510834 273.793915
v -6.393543 360.510834 253.793915
v -6.393547 360.510834 233.793884
v 93.606445 373.291656 241.462433
v 93.606468 373.719177 256.435608
v 93.606468 373.719177 271.152222
v 93.606468 373.291656 286.125397
v 105.735031 432.842316 286.125397
v 105.735031 440.510834 273.793915
v 105.735031 440.510834 253.793869
v 105.735008 432.842316 241.462387
v 105.735031 420.510803 293.793945
v 113.161934 420.510803 273.793915
v 111.516640 420.510803 253.793869
v 105.735008 420.510803 233.793839
v 105.735031 400.510803 293.793945
v 117.502083 400.510803 273.793915
v 108.602577 400.510803 253.793869
v 105.735008 400.510803 233.793839
v 105.735031 388.179321 286.125397
v 105.735031 380.510803 273.793915
v 105.735031 380.510803 253.793869
v 105.735008 388.179321 241.462387
v -6.393541 440.510834 233.793884
v -6.393537 440.510834 253.793915
v -6.393534 440.510834 273.793915
v -6.393527 440.510834 293.793945
v -6.393542 420.510803 233.793884
v -6.393538 420.510803 253.793915
v -6.393535 420.510803 273.793915
v -6.393528 420.510803 293.793945
v -6.393544 400.510803 233.793884
v -6.393540 400.510803 253.793915
v -6.393537 400.510803 273.793915
v -6.393530 400.510803 293.793945
v -6.393546 380.510803 233.793884
v -6.393541 380.510803 253.793915
v -6.393538 380.510803 273.793915
v -6.393531 380.510803 293.793945
v 13.606455 360.510834 233.793884
v 13.606458 360.510834 253.793915
v 13.606463 360.510834 273.793915
v 13.606466 360.510834 293.793945
v 35.641209 365.581879 236.847626
v 33.606457 360.510834 253.793915
v 33.606457 360.510834 273.793915
v 35.641220 365.581879 290.743378
v 53.606461 365.581879 236.847626
v 53.606461 360.510834 253.793915
v 53.606461 360.510834 273.793915
v 53.606472 365.581879 290.743378
v 71.571709 365.581879 236.847626
v 73.606476 360.510834 253.793915
v 73.606476 360.510834 273.793915
v 71.571732 365.581879 290.743378
v 13.606473 460.510834 293.793945
v 13.606470 460.510834 273.793915
v 13.606464 460.510834 253.793915
v 13.606462 460.510834 233.793884
v 35.641228 455.408142 290.743378
v 33.606464 460.510834 273.793915
v 33.606464 460.510834 253.793915
v 35.641216 455.408142 236.847626
v 53.606480 455.408142 290.743378
v 53.606468 460.510834 273.793915
v 53.606468 460.510834 253.793915
v 53.606468 455.408142 236.847626
v 71.571739 455.408142 290.743378
v 73.606483 460.510834 273.793915
v 73.606483 460.510834 253.793915
v 71.571716 455.408142 236.847626
v -6.393547 388.668060 224.252533
v 92.495026 397.929626 212.716492
v -6.393541 470.178589 224.252533
v 93.123970 465.071564 215.791138
v -6.393564 388.668030 142.742004
v 93.606445 399.108643 151.935608
v -6.393559 470.178558 142.742004
v 93.606430 459.297211 150.721893
v -6.393539 459.423309 233.497253
v -6.393541 439.423309 233.497253
v -6.393543 419.423309 233.497253
v -6.393544 399.423309 233.497253
v 93.606445 407.091827 220.716461
v 93.606445 422.065002 220.288940
v 93.606445 436.781647 220.288940
v 93.606445 451.754822 220.716461
v -6.393567 399.423279 133.497284
v -6.393566 419.423279 133.497284
v -6.393564 439.423279 133.497284
v -6.393562 459.423279 133.497284
v 93.606422 451.754791 146.278107
v 93.606422 436.781616 146.705627
v 93.606422 422.064972 146.705627
v 93.606422 407.091797 146.278107
v 13.606454 388.668060 224.252533
v 35.641201 389.609375 223.297028
v 53.606453 389.609375 223.297028
v 71.571709 389.609375 223.297028
v 71.571716 469.205658 223.297028
v 53.606457 469.205658 223.297028
v 35.641205 469.205658 223.297028
v 13.606460 470.178589 224.252533
v 71.571693 464.179657 144.208801
v 53.606445 469.205627 143.700745
v 35.641193 469.205627 143.700745
v 13.606440 470.178558 142.742004
v 71.571686 389.609344 143.700745
v 53.606441 389.609344 143.700745
v 35.641190 389.609344 143.700745
v 13.606434 388.668030 142.742004
v 71.571693 456.355347 138.585754
v 53.606445 456.355347 138.585754
v 35.641193 456.355347 138.585754
v 13.606439 459.423279 133.497284
v 73.606430 439.423279 133.497284
v 53.606445 439.423279 133.497284
v 33.606441 439.423279 133.497284
v 13.606438 439.423279 133.497284
v 73.606430 419.423279 133.497284
v 53.606441 419.423279 133.497284
v 33.606438 419.423279 133.497284
v 13.606436 419.423279 133.497284
v 71.571686 402.459595 138.585754
v 53.606441 402.459595 138.585754
v 35.641190 402.459595 138.585754
v 13.606435 399.423279 133.497284
v 71.571709 402.459625 228.412018
v 53.606464 402.459625 228.412018
v 35.641212 402.459625 228.412018
v 13.606455 399.423309 233.497253
v 73.606453 419.423309 233.497253
v 53.606464 419.423309 233.497253
v 33.606461 419.423309 233.497253
v 13.606456 419.423309 233.497253
v 73.606453 439.423309 233.497253
v 53.606468 439.423309 233.497253
v 33.606464 439.423309 233.497253
v 13.606458 439.423309 233.497253
v 71.571716 456.355377 228.412018
v 53.606468 456.355377 228.412018
v 35.641216 456.355377 228.412018
v 13.606459 459.423309 233.497253
v -6.393558 479.423279 153.497284
v -6.393552 479.423279 173.497284
v -6.393546 479.423279 193.497284
v -6.393543 479.423309 213.497284
v 93.606453 466.642487 205.828766
v 93.606453 466.214935 190.855621
v 93.606453 466.214935 176.138947
v 93.606453 466.642456 161.165771
v -6.393550 379.423309 213.497284
v -6.393553 379.423279 193.497284
v -6.393559 379.423279 173.497284
v -6.393565 379.423279 153.497284
v 93.606445 392.204132 161.165771
v 93.606445 392.631653 176.138947
v 93.606445 392.631653 190.855621
v 93.606445 392.204163 205.828766
v 105.735008 451.754822 205.828720
v 105.735016 459.423279 193.497238
v 105.735016 459.423279 173.497238
v 105.735008 451.754791 161.165726
v 105.735008 439.423309 213.497238
v 113.161911 439.423279 193.497238
v 111.516617 439.423279 173.497238
v 105.735008 439.423279 153.497238
v 105.735008 419.423309 213.497238
v 117.502060 419.423279 193.497238
v 108.602554 419.423279 173.497238
v 105.735008 419.423279 153.497238
v 105.735008 407.091827 205.828720
v 105.735008 399.423279 193.497238
v 105.735008 399.423279 173.497238
v 105.735008 407.091797 161.165726
v -6.393559 459.423279 153.497284
v -6.393553 459.423279 173.497284
v -6.393547 459.423279 193.497284
v -6.393544 459.423309 213.497284
v -6.393560 439.423279 153.497284
v -6.393555 439.423279 173.497284
v -6.393548 439.423279 193.497284
v -6.393546 439.423309 213.497284
v -6.393562 419.423279 153.497284
v -6.393557 419.423279 173.497284
v -6.393550 419.423279 193.497284
v -6.393548 419.423309 213.497284
v -6.393564 399.423279 153.497284
v -6.393558 399.423279 173.497284
v -6.393552 399.423279 193.497284
v -6.393549 399.423309 213.497284
v 13.606436 379.423279 153.497284
v 13.606441 379.423279 173.497284
v 13.606444 379.423279 193.497284
v 13.606450 379.423309 213.497284
v 35.641190 384.494354 156.550995
v 33.606438 379.423279 173.497284
v 33.606449 379.423279 193.497284
v 35.641201 384.494385 210.446747
v 53.606441 384.494354 156.550995
v 53.606441 379.423279 173.497284
v 53.606453 379.423279 193.497284
v 53.606453 384.494385 210.446747
v 71.571709 384.494354 156.550995
v 73.606453 379.423279 173.497284
v 73.606453 379.423279 193.497284
v 71.571709 384.494385 210.446747
v 13.606458 479.423309 213.497284
v 13.606452 479.423279 193.497284
v 13.606449 479.423279 173.497284
v 13.606443 479.423279 153.497284
v 35.641205 474.320648 210.446747
v 33.606453 479.423279 193.497284
v 33.606441 479.423279 173.497284
v 35.641193 474.320618 156.550995
v 53.606457 474.320648 210.446747
v 53.606457 479.423279 193.497284
v 53.606445 479.423279 173.497284
v 53.606445 474.320618 156.550995
v 71.571716 474.320648 210.446747
v 73.606461 479.423279 193.497284
v 73.606461 479.423279 173.497284
v 71.571716 474.320618 156.550995
v -6.393559 405.417603 130.755157
v 92.495003 414.679169 119.219124
v -6.393553 486.928131 130.755157
v 93.123947 481.821106 122.293732
v -6.393578 405.417603 49.244614
v 93.606438 415.858215 58.438210
v -6.393571 486.928131 49.244606
v 93.606438 476.046783 57.224476
v -6.393553 476.172852 139.999878
v -6.393555 456.172852 139.999878
v -6.393556 436.172852 139.999878
v -6.393558 416.172852 139.999878
v 93.606438 423.841370 127.219032
v 93.606438 438.814545 126.791512
v 93.606438 453.531189 126.791512
v 93.606445 468.504364 127.219025
v -6.393579 416.172852 39.999878
v -6.393578 436.172852 39.999874
v -6.393577 456.172852 39.999874
v -6.393575 476.172852 39.999874
v 93.606445 468.504364 52.780689
v 93.606438 453.531189 53.208195
v 93.606438 438.814545 53.208195
v 93.606438 423.841370 52.780693
v 13.606438 405.417603 130.755157
v 35.641193 406.358917 129.799622
v 53.606449 406.358917 129.799622
v 71.571693 406.358917 129.799622
v 71.571701 485.955200 129.799622
v 53.606457 485.955200 129.799622
v 35.641201 485.955200 129.799622
v 13.606444 486.928131 130.755157
v 71.571701 480.929230 50.711391
v 53.606434 485.955200 50.203320
v 35.641178 485.955200 50.203320
v 13.606427 486.928131 49.244606
v 71.571671 406.358917 50.203327
v 53.606426 406.358917 50.203327
v 35.641171 406.358917 50.203327
v 13.606421 405.417603 49.244614
v 71.571678 473.104919 45.088348
v 53.606430 473.104919 45.088348
v 35.641174 473.104919 45.088348
v 13.606423 476.172852 39.999874
v 73.606422 456.172852 39.999863
v 53.606426 456.172852 39.999863
v 33.606426 456.172852 39.999863
v 13.606421 456.172852 39.999874
v 73.606415 436.172852 39.999863
v 53.606426 436.172852 39.999863
v 33.606426 436.172852 39.999863
v 13.606421 436.172852 39.999874
v 71.571671 419.209167 45.088352
v 53.606426 419.209167 45.088352
v 35.641171 419.209167 45.088352
v 13.606419 416.172852 39.999878
v 71.571693 419.209167 134.914612
v 53.606449 419.209167 134.914612
v 35.641193 419.209167 134.914612
v 13.606441 416.172852 139.999878
v 73.606438 436.172852 139.999878
v 53.606449 436.172852 139.999878
v 33.606449 436.172852 139.999878
v 13.606443 436.172852 139.999878
v 73.606445 456.172852 139.999878
v 53.606449 456.172852 139.999878
v 33.606449 456.172852 139.999878
v 13.606444 456.172852 139.999878
v 71.571701 473.104919 134.914612
v 53.606453 473.104919 134.914612
v 35.641197 473.104919 134.914612
v 13.606446 476.172852 139.999878
v -6.393570 496.172852 59.999886
v -6.393564 496.172852 79.999901
v -6.393559 496.172852 99.999870
v -6.393555 496.172852 119.999870
v 93.606445 483.392029 112.331360
v 93.606445 482.964508 97.358185
v 93.606445 482.964508 82.641510
v 93.606445 483.392029 67.668350
v -6.393563 396.172852 119.999878
v -6.393566 396.172852 99.999878
v -6.393572 396.172852 79.999908
v -6.393578 396.172852 59.999893
v 93.606438 408.953705 67.668358
v 93.606438 409.381226 82.641518
v 93.606438 409.381226 97.358192
v 93.606438 408.953705 112.331367
v 105.735001 468.504364 112.331360
v 105.735001 476.172852 99.999847
v 105.735001 476.172852 79.999878
v 105.735001 468.504364 67.668350
v 105.735001 456.172852 119.999847
v 113.161911 456.172852 99.999847
v 111.516617 456.172852 79.999878
v 105.735001 456.172852 59.999866
v 105.734993 436.172852 119.999855
v 117.502037 436.172852 99.999855
v 108.602547 436.172852 79.999886
v 105.734993 436.172852 59.999866
v 105.734993 423.841370 112.331367
v 105.734993 416.172852 99.999855
v 105.734993 416.172852 79.999886
v 105.734993 423.841370 67.668358
v -6.393572 476.172852 59.999889
v -6.393566 476.172852 79.999901
v -6.393560 476.172852 99.999870
v -6.393557 476.172852 119.999870
v -6.393574 456.172852 59.999889
v -6.393568 456.172852 79.999901
v -6.393562 456.172852 99.999870
v -6.393559 456.172852 119.999870
v -6.393575 436.172852 59.999889
v -6.393569 436.172852 79.999908
v -6.393563 436.172852 99.999878
v -6.393560 436.172852 119.999878
v -6.393577 416.172852 59.999893
v -6.393570 416.172852 79.999908
v -6.393565 416.172852 99.999878
v -6.393561 416.172852 119.999878
v 13.606422 396.172852 59.999893
v 13.606425 396.172852 79.999908
v 13.606431 396.172852 99.999878
v 13.606434 396.172852 119.999878
v 35.641171 401.243927 63.053593
v 33.606434 396.172852 79.999908
v 33.606434 396.172852 99.999878
v 35.641182 401.243927 116.949371
v 53.606426 401.243927 63.053593
v 53.606434 396.172852 79.999886
v 53.606434 396.172852 99.999855
v 53.606438 401.243927 116.949348
v 71.571693 401.243927 63.053593
v 73.606438 396.172852 79.999886
v 73.606438 396.172852 99.999855
v 71.571693 401.243927 116.949348
v 13.606441 496.172852 119.999870
v 13.606439 496.172852 99.999870
v 13.606433 496.172852 79.999901
v 13.606430 496.172852 59.999886
v 35.641190 491.070190 116.949364
v 33.606441 496.172852 99.999870
v 33.606441 496.172852 79.999901
v 35.641178 491.070190 63.053585
v 53.606445 491.070190 116.949341
v 53.606441 496.172852 99.999847
v 53.606441 496.172852 79.999878
v 53.606434 491.070190 63.053585
v 71.571701 491.070190 116.949341
v 73.606445 496.172852 99.999847
v 73.606445 496.172852 79.999878
v 71.571701 491.070190 63.053585
v -6.393587 409.022156 39.226624
v 92.494980 418.283722 27.690542
v -6.393581 490.532684 39.226616
v 93.123924 485.425659 30.765184
v -6.393606 409.022156 -42.283920
v 93.606400 419.462769 -33.090340
v -6.393600 490.532684 -42.283928
v 93.606407 479.651337 -34.304058
v -6.393579 479.777405 48.471340
v -6.393580 459.777435 48.471340
v -6.393581 439.777405 48.471340
v -6.393583 419.777405 48.471344
v 93.606400 427.445923 35.690498
v 93.606400 442.419098 35.262989
v 93.606407 457.135742 35.262989
v 93.606407 472.108917 35.690495
v -6.393608 419.777405 -51.528648
v -6.393606 439.777405 -51.528652
v -6.393604 459.777435 -51.528652
v -6.393603 479.777405 -51.528652
v 93.606407 472.108917 -38.747845
v 93.606407 457.135742 -38.320339
v 93.606400 442.419098 -38.320339
v 93.606400 427.445923 -38.747841
v 13.606412 409.022156 39.226624
v 35.641167 409.963470 38.271076
v 53.606419 409.963470 38.271076
v 71.571663 409.963470 38.271076
v 71.571671 489.559753 38.271069
v 53.606426 489.559753 38.271069
v 35.641174 489.559753 38.271069
v 13.606419 490.532684 39.226616
v 71.571671 484.533813 -40.817142
v 53.606403 489.559753 -41.325214
v 35.641151 489.559753 -41.325214
v 13.606401 490.532684 -42.283928
v 71.571663 409.963470 -41.325207
v 53.606396 409.963470 -41.325207
v 35.641144 409.963470 -41.325207
v 13.606395 409.022156 -42.283920
v 71.571671 476.709473 -46.440186
v 53.606400 476.709473 -46.440186
v 35.641148 476.709473 -46.440186
v 13.606398 479.777405 -51.528652
v 73.606392 459.777435 -51.528664
v 53.606400 459.777435 -51.528664
v 33.606396 459.777435 -51.528664
v 13.606396 459.777435 -51.528652
v 73.606384 439.777405 -51.528664
v 53.606400 439.777405 -51.528664
v 33.606396 439.777405 -51.528664
v 13.606395 439.777405 -51.528652
v 71.571663 422.813721 -46.440182
v 53.606396 422.813721 -46.440182
v 35.641144 422.813721 -46.440182
v 13.606393 419.777405 -51.528648
v 71.571663 422.813721 43.386066
v 53.606419 422.813721 43.386066
v 35.641167 422.813721 43.386066
v 13.606416 419.777405 48.471344
v 73.606407 439.777405 48.471329
v 53.606422 439.777405 48.471329
v 33.606419 439.777405 48.471329
v 13.606418 439.777405 48.471340
v 73.606415 459.777435 48.471329
v 53.606422 459.777435 48.471329
v 33.606419 459.777435 48.471329
v 13.606419 459.777435 48.471340
v 71.571671 476.709473 43.386063
v 53.606422 476.709473 43.386063
v 35.641171 476.709473 43.386063
v 13.606421 479.777405 48.471340
v -6.393596 499.777405 -31.528648
v -6.393592 499.777405 -11.528660
v -6.393589 499.777405 8.471354
v -6.393582 499.777405 28.471336
v 93.606407 486.996582 20.802828
v 93.606407 486.569061 5.829654
v 93.606407 486.569061 -8.887020
v 93.606407 486.996582 -23.860182
v -6.393590 399.777405 28.471344
v -6.393597 399.777405 8.471362
v -6.393600 399.777405 -11.528652
v -6.393604 399.777405 -31.528641
v 93.606400 412.558258 -23.860176
v 93.606400 412.985779 -8.887014
v 93.606400 412.985779 5.829660
v 93.606400 412.558258 20.802834
v 105.734970 472.108917 20.802828
v 105.734970 479.777405 8.471332
v 105.734970 479.777405 -11.528684
v 105.734970 472.108917 -23.860182
v 105.734970 459.777435 28.471317
v 113.161873 459.777435 8.471330
v 111.516579 459.777435 -11.528685
v 105.734970 459.777435 -31.528667
v 105.734962 439.777405 28.471319
v 117.502014 439.777405 8.471331
v 108.602509 439.777405 -11.528684
v 105.734962 439.777405 -31.528666
v 105.734962 427.445923 20.802832
v 105.734962 419.777405 8.471336
v 105.734962 419.777405 -11.528679
v 105.734962 427.445923 -23.860178
v -6.393598 479.777405 -31.528646
v -6.393594 479.777405 -11.528658
v -6.393591 479.777405 8.471356
v -6.393584 479.777405 28.471338
v -6.393599 459.777435 -31.528645
v -6.393595 459.777435 -11.528656
v -6.393592 459.777435 8.471358
v -6.393585 459.777435 28.471340
v -6.393600 439.777405 -31.528643
v -6.393597 439.777405 -11.528655
v -6.393594 439.777405 8.471359
v -6.393587 439.777405 28.471342
v -6.393602 419.777405 -31.528643
v -6.393599 419.777405 -11.528653
v -6.393596 419.777405 8.471361
v -6.393589 419.777405 28.471342
v 13.606398 399.777405 -31.528646
v 13.606400 399.777405 -11.528656
v 13.606406 399.777405 8.471356
v 13.606409 399.777405 28.471338
v 35.641144 404.848480 -28.474936
v 33.606403 399.777405 -11.528664
v 33.606403 399.777405 8.471351
v 35.641167 404.848480 25.420816
v 53.606396 404.848480 -28.474941
v 53.606407 399.777405 -11.528666
v 53.606407 399.777405 8.471348
v 53.606419 404.848480 25.420811
v 71.571663 404.848480 -28.474947
v 73.606407 399.777405 -11.528671
v 73.606407 399.777405 8.471342
v 71.571663 404.848480 25.420805
v 13.606417 499.777405 28.471331
v 13.606414 499.777405 8.471349
v 13.606408 499.777405 -11.528664
v 13.606405 499.777405 -31.528654
v 35.641174 494.674744 25.420809
v 33.606411 499.777405 8.471343
v 33.606411 499.777405 -11.528671
v 35.641151 494.674744 -28.474943
v 53.606426 494.674744 25.420803
v 53.606415 499.777405 8.471340
v 53.606415 499.777405 -11.528674
v 53.606403 494.674744 -28.474949
v 71.571671 494.674744 25.420797
v 73.606415 499.777405 8.471334
v 73.606415 499.777405 -11.528680
v 71.571671 494.674744 -28.474955
v -6.393605 399.522583 -65.617493
v 92.494957 408.784180 -77.153557
v -6.393599 481.033142 -65.617500
v 93.123901 475.926117 -74.078926
v -6.393623 399.522583 -147.128036
v 93.606392 409.963226 -137.934418
v -6.393617 481.033142 -147.128036
v 93.606392 470.151794 -139.148148
v -6.393597 470.277863 -56.372768
v -6.393598 450.277863 -56.372768
v -6.393600 430.277863 -56.372768
v -6.393601 410.277863 -56.372765
v 93.606392 417.946381 -69.153625
v 93.606392 432.919556 -69.581131
v 93.606392 447.636200 -69.581131
v 93.606400 462.609375 -69.153633
v -6.393625 410.277863 -156.372772
v -6.393623 430.277863 -156.372772
v -6.393622 450.277863 -156.372772
v -6.393620 470.277863 -156.372772
v 93.606400 462.609375 -143.591919
v 93.606392 447.636200 -143.164413
v 93.606392 432.919556 -143.164413
v 93.606392 417.946381 -143.591919
v 13.606395 399.522583 -65.617493
v 35.641148 400.463928 -66.573029
v 53.606403 400.463928 -66.573051
v 71.571648 400.463928 -66.573051
v 71.571655 480.060181 -66.573059
v 53.606411 480.060181 -66.573059
v 35.641155 480.060181 -66.573036
v 13.606400 481.033142 -65.617500
v 71.571655 475.034241 -145.661255
v 53.606388 480.060181 -146.169312
v 35.641132 480.060181 -146.169312
v 13.606380 481.033142 -147.128036
v 71.571648 400.463928 -146.169312
v 53.606380 400.463928 -146.169312
v 35.641125 400.463928 -146.169312
v 13.606375 399.522583 -147.128036
v 71.571655 467.209930 -151.284302
v 53.606384 467.209930 -151.284302
v 35.641129 467.209930 -151.284302
v 13.606380 470.277863 -156.372772
v 73.606369 450.277863 -156.372772
v 53.606380 450.277863 -156.372772
v 33.606380 450.277863 -156.372772
v 13.606379 450.277863 -156.372772
v 73.606369 430.277863 -156.372772
v 53.606380 430.277863 -156.372772
v 33.606380 430.277863 -156.372772
v 13.606377 430.277863 -156.372772
v 71.571648 413.314178 -151.284302
v 53.606380 413.314178 -151.284302
v 35.641125 413.314178 -151.284302
v 13.606375 410.277863 -156.372772
v 71.571648 413.314178 -61.458057
v 53.606403 413.314178 -61.458057
v 35.641148 413.314178 -61.458057
v 13.606398 410.277863 -56.372765
v 73.606392 430.277863 -56.372780
v 53.606403 430.277863 -56.372780
v 33.606403 430.277863 -56.372780
v 13.606400 430.277863 -56.372768
v 73.606392 450.277863 -56.372780
v 53.606403 450.277863 -56.372780
v 33.606403 450.277863 -56.372780
v 13.606401 450.277863 -56.372768
v 71.571655 467.209930 -61.458061
v 53.606407 467.209930 -61.458061
v 35.641151 467.209930 -61.458061
v 13.606402 470.277863 -56.372768
v -6.393614 490.277863 -136.372772
v -6.393610 490.277863 -116.372780
v -6.393604 490.277863 -96.372772
v -6.393601 490.277863 -76.372780
v 93.606400 477.497040 -84.041298
v 93.606400 477.069519 -99.014465
v 93.606400 477.069519 -113.731125
v 93.606400 477.497040 -128.704269
v -6.393609 390.277863 -76.372772
v -6.393611 390.277863 -96.372765
v -6.393618 390.277863 -116.372772
v -6.393621 390.277863 -136.372772
v 93.606392 403.058716 -128.704269
v 93.606392 403.486206 -113.731117
v 93.606392 403.486206 -99.014458
v 93.606392 403.058716 -84.041290
v 105.734955 462.609375 -84.041298
v 105.734955 470.277863 -96.372795
v 105.734955 470.277863 -116.372803
v 105.734955 462.609375 -128.704315
v 105.734947 450.277863 -76.372795
v 113.161858 450.277863 -96.372787
v 111.516563 450.277863 -116.372795
v 105.734947 450.277863 -136.372818
v 105.734947 430.277863 -76.372795
v 117.501991 430.277863 -96.372787
v 108.602501 430.277863 -116.372795
v 105.734947 430.277863 -136.372818
v 105.734947 417.946381 -84.041290
v 105.734947 410.277863 -96.372787
v 105.734947 410.277863 -116.372795
v 105.734947 417.946381 -128.704315
v -6.393616 470.277863 -136.372772
v -6.393612 470.277863 -116.372780
v -6.393606 470.277863 -96.372772
v -6.393603 470.277863 -76.372780
v -6.393617 450.277863 -136.372772
v -6.393613 450.277863 -116.372772
v -6.393607 450.277863 -96.372765
v -6.393604 450.277863 -76.372772
v -6.393619 430.277863 -136.372772
v -6.393615 430.277863 -116.372772
v -6.393609 430.277863 -96.372765
v -6.393606 430.277863 -76.372772
v -6.393620 410.277863 -136.372772
v -6.393616 410.277863 -116.372772
v -6.393610 410.277863 -96.372765
v -6.393607 410.277863 -76.372772
v 13.606377 390.277863 -136.372772
v 13.606382 390.277863 -116.372772
v 13.606385 390.277863 -96.372765
v 13.606391 390.277863 -76.372772
v 35.641125 395.348938 -133.319046
v 33.606388 390.277863 -116.372772
v 33.606388 390.277863 -96.372765
v 35.641136 395.348938 -79.423286
v 53.606380 395.348938 -133.319046
v 53.606388 390.277863 -116.372795
v 53.606388 390.277863 -96.372787
v 53.606392 395.348938 -79.423309
v 71.571648 395.348938 -133.319046
v 73.606392 390.277863 -116.372795
v 73.606392 390.277863 -96.372787
v 71.571648 395.348938 -79.423309
v 13.606399 490.277863 -76.372780
v 13.606393 490.277863 -96.372772
v 13.606390 490.277863 -116.372780
v 13.606384 490.277863 -136.372772
v 35.641144 485.175171 -79.423294
v 33.606396 490.277863 -96.372772
v 33.606396 490.277863 -116.372780
v 35.641132 485.175171 -133.319046
v 53.606400 485.175171 -79.423317
v 53.606396 490.277863 -96.372795
v 53.606396 490.277863 -116.372803
v 53.606388 485.175171 -133.319046
v 71.571655 485.175171 -79.423317
v 73.606400 490.277863 -96.372795
v 73.606400 490.277863 -116.372803
v 71.571655 485.175171 -133.319046
v -6.393663 261.420349 -286.380280
v 92.494904 270.681915 -297.916321
v -6.393657 342.930878 -286.380280
v 93.123840 337.823883 -294.841675
v -6.393683 261.420349 -367.890808
v 93.606316 271.860992 -358.697205
v -6.393677 342.930878 -367.890808
v 93.606308 332.049530 -359.910919
v -6.393658 332.175629 -277.135529
v -6.393660 312.175629 -277.135529
v -6.393661 292.175629 -277.135529
v -6.393662 272.175629 -277.135529
v 93.606339 279.844116 -289.916382
v 93.606339 294.817291 -290.343903
v 93.606339 309.533966 -290.343903
v 93.606339 324.507111 -289.916382
v -6.393686 272.175629 -377.135529
v -6.393685 292.175629 -377.135529
v -6.393683 312.175629 -377.135529
v -6.393682 332.175629 -377.135529
v 93.606316 324.507111 -364.354706
v 93.606316 309.533966 -363.927216
v 93.606316 294.817291 -363.927216
v 93.606316 279.844116 -364.354706
v 13.606333 261.420349 -286.380280
v 35.641079 262.361664 -287.335815
v 53.606335 262.361664 -287.335815
v 71.571594 262.361664 -287.335815
v 71.571594 341.957947 -287.335815
v 53.606342 341.957947 -287.335815
v 35.641087 341.957947 -287.335815
v 13.606339 342.930878 -286.380280
v 71.571571 336.931976 -366.424011
v 53.606331 341.957947 -366.932098
v 35.641075 341.957947 -366.932098
v 13.606321 342.930878 -367.890808
v 71.571571 262.361664 -366.932098
v 53.606323 262.361664 -366.932098
v 35.641068 262.361664 -366.932098
v 13.606316 261.420349 -367.890808
v 71.571571 329.107697 -372.047089
v 53.606331 329.107697 -372.047089
v 35.641075 329.107697 -372.047089
v 13.606318 332.175629 -377.135529
v 73.606316 312.175629 -377.135529
v 53.606323 312.175629 -377.135529
v 33.606323 312.175629 -377.135529
v 13.606317 312.175629 -377.135529
v 73.606316 292.175629 -377.135529
v 53.606323 292.175629 -377.135529
v 33.606323 292.175629 -377.135529
v 13.606315 292.175629 -377.135529
v 71.571571 275.211945 -372.047089
v 53.606323 275.211945 -372.047089
v 35.641068 275.211945 -372.047089
v 13.606314 272.175629 -377.135529
v 71.571594 275.211945 -282.220825
v 53.606335 275.211945 -282.220825
v 35.641079 275.211945 -282.220825
v 13.606337 272.175629 -277.135529
v 73.606339 292.175629 -277.135529
v 53.606346 292.175629 -277.135529
v 33.606346 292.175629 -277.135529
v 13.606338 292.175629 -277.135529
v 73.606339 312.175629 -277.135529
v 53.606346 312.175629 -277.135529
v 33.606346 312.175629 -277.135529
v 13.606339 312.175629 -277.135529
v 71.571594 329.107697 -282.220825
v 53.606342 329.107697 -282.220825
v 35.641087 329.107697 -282.220825
v 13.606340 332.175629 -277.135529
v -6.393674 352.175629 -357.135529
v -6.393668 352.175629 -337.135529
v -6.393665 352.175629 -317.135529
v -6.393659 352.175629 -297.135559
v 93.606339 339.394775 -304.804047
v 93.606339 338.967255 -319.777191
v 93.606339 338.967255 -334.493866
v 93.606339 339.394775 -349.467041
v -6.393667 252.175629 -297.135559
v -6.393673 252.175613 -317.135529
v -6.393676 252.175613 -337.135529
v -6.393682 252.175613 -357.135529
v 93.606339 264.956451 -349.467041
v 93.606339 265.383942 -334.493866
v 93.606339 265.383942 -319.777191
v 93.606339 264.956451 -304.804047
v 105.734894 324.507111 -304.804047
v 105.734894 332.175629 -317.135529
v 105.734894 332.175629 -337.135529
v 105.734894 324.507111 -349.467041
v 105.734894 312.175629 -297.135559
v 113.161804 312.175629 -317.135529
v 111.516510 312.175629 -337.135529
v 105.734871 312.175629 -357.135529
v 105.734894 292.175629 -297.135559
v 117.501938 292.175629 -317.135529
v 108.602448 292.175629 -337.135529
v 105.734871 292.175629 -357.135529
v 105.734894 279.844116 -304.804047
v 105.734894 272.175629 -317.135529
v 105.734894 272.175629 -337.135529
v 105.734894 279.844116 -349.467041
v -6.393676 332.175629 -357.135529
v -6.393670 332.175629 -337.135529
v -6.393667 332.175629 -317.135529
v -6.393661 332.175629 -297.135559
v -6.393678 312.175629 -357.135529
v -6.393672 312.175629 -337.135529
v -6.393669 312.175629 -317.135529
v -6.393662 312.175629 -297.135559
v -6.393679 292.175629 -357.135529
v -6.393673 292.175629 -337.135529
v -6.393670 292.175629 -317.135529
v -6.393664 292.175629 -297.135559
v -6.393681 272.175629 -357.135529
v -6.393674 272.175629 -337.135529
v -6.393672 272.175629 -317.135529
v -6.393665 272.175629 -297.135559
v 13.606318 252.175613 -357.135529
v 13.606320 252.175613 -337.135529
v 13.606326 252.175613 -317.135529
v 13.606329 252.175629 -297.135559
v 35.641068 257.246674 -354.081818
v 33.606319 252.175613 -337.135529
v 33.606331 252.175613 -317.135529
v 35.641079 257.246674 -300.186066
v 53.606323 257.246674 -354.081818
v 53.606319 252.175613 -337.135529
v 53.606331 252.175613 -317.135529
v 53.606335 257.246674 -300.186066
v 71.571571 257.246674 -354.081818
v 73.606331 252.175613 -337.135529
v 73.606331 252.175613 -317.135529
v 71.571594 257.246674 -300.186066
v 13.606337 352.175629 -297.135559
v 13.606334 352.175629 -317.135529
v 13.606328 352.175629 -337.135529
v 13.606325 352.175629 -357.135529
v 35.641087 347.072937 -300.186066
v 33.606339 352.175629 -317.135529
v 33.606327 352.175629 -337.135529
v 35.641075 347.072937 -354.081818
v 53.606342 347.072937 -300.186066
v 53.606339 352.175629 -317.135529
v 53.606327 352.175629 -337.135529
v 53.606331 347.072937 -354.081818
v 71.571594 347.072937 -300.186066
v 73.606339 352.175629 -317.135529
v 73.606339 352.175629 -337.135529
v 71.571571 347.072937 -354.081818
v -6.393511 48.513828 468.714294
v 92.495071 57.775387 457.178284
v -6.393505 130.024384 468.714294
v 93.124008 124.917358 460.252930
v -6.393529 48.513824 387.203735
v 93.606476 58.954460 396.397339
v -6.393523 130.024384 387.203735
v 93.606468 119.143028 395.183594
v -6.393503 119.269112 477.959045
v -6.393504 99.269112 477.959045
v -6.393506 79.269112 477.959045
v -6.393507 59.269108 477.959045
v 93.606499 66.937592 465.178162
v 93.606499 81.910767 464.750671
v 93.606499 96.627441 464.750671
v 93.606499 111.600616 465.178162
v -6.393529 59.269100 377.959045
v -6.393527 79.269104 377.959045
v -6.393526 99.269104 377.959045
v -6.393524 119.269104 377.959045
v 93.606476 111.600609 390.739868
v 93.606476 96.627434 391.167358
v 93.606476 81.910759 391.167358
v 93.606476 66.937584 390.739868
v 13.606487 48.513828 468.714294
v 35.641235 49.455170 467.758728
v 53.606487 49.455170 467.758728
v 71.571747 49.455170 467.758728
v 71.571754 129.051453 467.758728
v 53.606495 129.051453 467.758728
v 35.641243 129.051453 467.758728
v 13.606493 130.024384 468.714294
v 71.571739 124.025475 388.670532
v 53.606483 129.051453 388.162476
v 35.641232 129.051453 388.162476
v 13.606475 130.024384 387.203735
v 71.571724 49.455166 388.162476
v 53.606476 49.455166 388.162476
v 35.641224 49.455166 388.162476
v 13.606469 48.513824 387.203735
v 71.571732 116.201164 383.047485
v 53.606480 116.201164 383.047485
v 35.641228 116.201172 383.047485
v 13.606470 119.269104 377.959045
v 73.606476 99.269096 377.959045
v 53.606464 99.269096 377.959045
v 33.606464 99.269104 377.959045
v 13.606469 99.269104 377.959045
v 73.606476 79.269096 377.959045
v 53.606464 79.269096 377.959045
v 33.606464 79.269104 377.959045
v 13.606467 79.269104 377.959045
v 71.571732 62.305416 383.047485
v 53.606476 62.305416 383.047485
v 35.641224 62.305416 383.047485
v 13.606466 59.269100 377.959045
v 71.571754 62.305420 472.873718
v 53.606487 62.305420 472.873718
v 35.641235 62.305420 472.873718
v 13.606490 59.269108 477.959045
v 73.606499 79.269104 477.959045
v 53.606487 79.269104 477.959045
v 33.606487 79.269112 477.959045
v 13.606491 79.269112 477.959045
v 73.606499 99.269104 477.959045
v 53.606487 99.269104 477.959045
v 33.606487 99.269112 477.959045
v 13.606493 99.269112 477.959045
v 71.571754 116.201172 472.873718
v 53.606491 116.201172 472.873718
v 35.641239 116.201180 472.873718
v 13.606494 119.269112 477.959045
v -6.393519 139.269104 397.958984
v -6.393517 139.269104 417.959045
v -6.393510 139.269104 437.958984
v -6.393505 139.269104 457.959045
v 93.606476 126.488274 450.290466
v 93.606476 126.060753 435.317322
v 93.606476 126.060753 420.600708
v 93.606476 126.488274 405.627563
v -6.393512 39.269108 457.959045
v -6.393518 39.269108 437.958984
v -6.393524 39.269104 417.959045
v -6.393527 39.269104 397.958984
v 93.606476 52.049919 405.627563
v 93.606476 52.477440 420.600708
v 93.606476 52.477444 435.317322
v 93.606476 52.049923 450.290466
v 105.735039 111.600609 450.290466
v 105.735039 119.269096 437.958984
v 105.735039 119.269096 417.959045
v 105.735039 111.600609 405.627563
v 105.735062 99.269104 457.959045
v 113.161934 99.269096 437.958984
v 111.516655 99.269096 417.959045
v 105.735039 99.269096 397.958984
v 105.735062 79.269104 457.959045
v 117.502083 79.269096 437.958984
v 108.602577 79.269096 417.959045
v 105.735039 79.269096 397.958984
v 105.735039 66.937584 450.290466
v 105.735039 59.269100 437.958984
v 105.735039 59.269096 417.959045
v 105.735039 66.937584 405.627563
v -6.393521 119.269104 397.958984
v -6.393518 119.269104 417.959045
v -6.393512 119.269104 437.958984
v -6.393506 119.269112 457.959045
v -6.393522 99.269104 397.958984
v -6.393519 99.269104 417.959045
v -6.393513 99.269104 437.958984
v -6.393507 99.269112 457.959045
v -6.393524 79.269104 397.958984
v -6.393521 79.269104 417.959045
v -6.393515 79.269104 437.958984
v -6.393509 79.269112 457.959045
v -6.393526 59.269104 397.958984
v -6.393523 59.269104 417.959045
v -6.393517 59.269108 437.958984
v -6.393511 59.269108 457.959045
v 13.606471 39.269104 397.958984
v 13.606474 39.269104 417.959045
v 13.606480 39.269108 437.958984
v 13.606483 39.269108 457.959045
v 35.641224 44.340176 401.012756
v 33.606472 39.269100 417.959045
v 33.606483 39.269104 437.958984
v 35.641235 44.340179 454.908508
v 53.606476 44.340176 401.012756
v 53.606472 39.269100 417.959045
v 53.606483 39.269104 437.958984
v 53.606487 44.340179 454.908508
v 71.571724 44.340176 401.012756
v 73.606468 39.269100 417.959045
v 73.606468 39.269104 437.958984
v 71.571747 44.340179 454.908508
v 13.606490 139.269104 457.959045
v 13.606487 139.269104 437.958984
v 13.606482 139.269104 417.959045
v 13.606479 139.269104 397.958984
v 35.641243 134.166412 454.908508
v 33.606491 139.269104 437.958984
v 33.606480 139.269104 417.959045
v 35.641232 134.166412 401.012756
v 53.606495 134.166412 454.908508
v 53.606491 139.269104 437.958984
v 53.606480 139.269104 417.959045
v 53.606483 134.166412 401.012756
v 71.571754 134.166412 454.908508
v 73.606476 139.269104 437.958984
v 73.606476 139.269104 417.959045
v 71.571732 134.166412 401.012756
v -6.393519 121.442810 434.421204
v 92.495049 130.704376 422.885193
v -6.393513 202.953354 434.421173
v 93.123993 197.846329 425.959839
v -6.393537 121.442802 352.910645
v 93.606468 131.883453 362.104248
v -6.393531 202.953354 352.910614
v 93.606476 192.072006 360.890564
v -6.393513 192.198074 443.665955
v -6.393514 172.198074 443.665955
v -6.393516 152.198090 443.665955
v -6.393517 132.198090 443.665955
v 93.606468 139.866577 430.885071
v 93.606476 154.839752 430.457581
v 93.606476 169.556412 430.457581
v 93.606476 184.529587 430.885071
v -6.393539 132.198090 343.665955
v -6.393538 152.198090 343.665955
v -6.393536 172.198074 343.665955
v -6.393535 192.198074 343.665955
v 93.606476 184.529587 356.446777
v 93.606476 169.556412 356.874268
v 93.606476 154.839752 356.874268
v 93.606468 139.866577 356.446777
v 13.606480 121.442810 434.421204
v 35.641235 122.384125 433.465698
v 53.606487 122.384117 433.465698
v 71.571732 122.384117 433.465698
v 71.571739 201.980408 433.465698
v 53.606495 201.980408 433.465698
v 35.641243 201.980408 433.465698
v 13.606485 202.953354 434.421173
v 71.571739 196.954453 354.377441
v 53.606472 201.980408 353.869385
v 35.641220 201.980408 353.869385
v 13.606468 202.953354 352.910614
v 71.571732 122.384117 353.869385
v 53.606464 122.384117 353.869385
v 35.641212 122.384125 353.869385
v 13.606462 121.442802 352.910645
v 71.571716 189.130157 348.754395
v 53.606472 189.130157 348.754395
v 35.641220 189.130157 348.754395
v 13.606464 192.198074 343.665955
v 73.606461 172.198074 343.665955
v 53.606468 172.198074 343.665955
v 33.606464 172.198074 343.665955
v 13.606463 172.198074 343.665955
v 73.606461 152.198090 343.665955
v 53.606468 152.198090 343.665955
v 33.606464 152.198090 343.665955
v 13.606462 152.198090 343.665955
v 71.571709 135.234406 348.754395
v 53.606468 135.234406 348.754395
v 35.641216 135.234406 348.754395
v 13.606460 132.198090 343.665955
v 71.571732 135.234406 438.580627
v 53.606491 135.234406 438.580627
v 35.641239 135.234406 438.580627
v 13.606483 132.198090 443.665955
v 73.606483 152.198090 443.665955
v 53.606491 152.198090 443.665955
v 33.606487 152.198090 443.665955
v 13.606484 152.198090 443.665955
v 73.606483 172.198074 443.665955
v 53.606491 172.198074 443.665955
v 33.606487 172.198074 443.665955
v 13.606486 172.198074 443.665955
v 71.571739 189.130157 438.580627
v 53.606495 189.130157 438.580627
v 35.641243 189.130157 438.580627
v 13.606487 192.198074 443.665955
v -6.393528 212.198074 363.665863
v -6.393524 212.198074 383.665924
v -6.393521 212.198074 403.665924
v -6.393515 212.198074 423.665924
v 93.606476 199.417252 415.997437
v 93.606476 198.989746 401.024231
v 93.606476 198.989746 386.307617
v 93.606476 199.417252 371.334473
v -6.393522 112.198090 423.665955
v -6.393528 112.198090 403.665955
v -6.393531 112.198090 383.665955
v -6.393536 112.198090 363.665894
v 93.606468 124.978905 371.334473
v 93.606468 125.406425 386.307617
v 93.606468 125.406425 401.024231
v 93.606468 124.978905 415.997437
v 105.735039 184.529572 415.997437
v 105.735039 192.198059 403.665955
v 105.735039 192.198059 383.665955
v 105.735039 184.529572 371.334473
v 105.735039 172.198059 423.665955
v 113.161942 172.198059 403.665955
v 111.516647 172.198059 383.665955
v 105.735039 172.198059 363.665894
v 105.735039 152.198074 423.665955
v 117.502090 152.198074 403.665955
v 108.602585 152.198074 383.665955
v 105.735039 152.198074 363.665894
v 105.735031 139.866562 415.997437
v 105.735031 132.198074 403.665955
v 105.735031 132.198074 383.665955
v 105.735031 139.866562 371.334473
v -6.393530 192.198074 363.665894
v -6.393526 192.198074 383.665955
v -6.393523 192.198074 403.665955
v -6.393517 192.198074 423.665955
v -6.393531 172.198074 363.665894
v -6.393527 172.198074 383.665955
v -6.393524 172.198074 403.665955
v -6.393518 172.198074 423.665955
v -6.393533 152.198090 363.665894
v -6.393528 152.198090 383.665955
v -6.393526 152.198090 403.665955
v -6.393519 152.198090 423.665955
v -6.393534 132.198090 363.665894
v -6.393530 132.198090 383.665955
v -6.393527 132.198090 403.665955
v -6.393521 132.198090 423.665955
v 13.606463 112.198090 363.665894
v 13.606467 112.198090 383.665955
v 13.606473 112.198090 403.665955
v 13.606479 112.198090 423.665955
v 35.641212 117.269135 366.719666
v 33.606472 112.198090 383.665955
v 33.606472 112.198090 403.665955
v 35.641224 117.269135 420.615417
v 53.606464 117.269127 366.719666
v 53.606476 112.198082 383.665955
v 53.606476 112.198082 403.665955
v 53.606476 117.269127 420.615417
v 71.571732 117.269127 366.719666
v 73.606476 112.198082 383.665955
v 73.606476 112.198082 403.665955
v 71.571732 117.269127 420.615417
v 13.606486 212.198074 423.665924
v 13.606481 212.198074 403.665924
v 13.606475 212.198074 383.665924
v 13.606471 212.198074 363.665863
v 35.641232 207.095398 420.615387
v 33.606480 212.198074 403.665924
v 33.606480 212.198074 383.665924
v 35.641220 207.095398 366.719635
v 53.606483 207.095398 420.615387
v 53.606483 212.198074 403.665924
v 53.606483 212.198074 383.665924
v 53.606472 207.095398 366.719635
v 71.571739 207.095398 420.615387
v 73.606483 212.198074 403.665924
v 73.606483 212.198074 383.665924
v 71.571739 207.095398 366.719635
v -6.393687 186.850876 -352.460266
v 92.494873 196.112442 -363.996338
v -6.393681 268.361420 -352.460297
v 93.123817 263.254425 -360.921722
v -6.393705 186.850876 -433.970825
v 93.606300 197.291519 -424.777222
v -6.393699 268.361420 -433.970856
v 93.606300 257.480072 -425.990967
v -6.393679 257.606171 -343.215607
v -6.393680 237.606155 -343.215607
v -6.393682 217.606155 -343.215607
v -6.393683 197.606155 -343.215576
v 93.606300 205.274658 -355.996429
v 93.606300 220.247818 -356.423920
v 93.606300 234.964493 -356.423920
v 93.606300 249.937653 -355.996429
v -6.393704 197.606155 -443.215546
v -6.393703 217.606155 -443.215576
v -6.393701 237.606155 -443.215576
v -6.393700 257.606171 -443.215576
v 93.606300 249.937653 -430.434753
v 93.606300 234.964493 -430.007233
v 93.606300 220.247818 -430.007233
v 93.606300 205.274658 -430.434753
v 13.606311 186.850876 -352.460266
v 35.641064 187.792206 -353.415833
v 53.606316 187.792206 -353.415833
v 71.571579 187.792206 -353.415833
v 71.571587 267.388458 -353.415863
v 53.606319 267.388458 -353.415863
v 35.641068 267.388458 -353.415863
v 13.606317 268.361420 -352.460297
v 71.571571 262.362518 -432.504059
v 53.606297 267.388458 -433.012115
v 35.641045 267.388458 -433.012115
v 13.606299 268.361420 -433.970856
v 71.571556 187.792206 -433.012085
v 53.606293 187.792206 -433.012085
v 35.641041 187.792206 -433.012085
v 13.606294 186.850876 -433.970825
v 71.571564 254.538223 -438.127106
v 53.606297 254.538223 -438.127106
v 35.641045 254.538223 -438.127106
v 13.606297 257.606171 -443.215576
v 73.606300 237.606155 -443.215576
v 53.606293 237.606155 -443.215576
v 33.606293 237.606155 -443.215576
v 13.606296 237.606155 -443.215576
v 73.606300 217.606155 -443.215576
v 53.606289 217.606155 -443.215576
v 33.606289 217.606155 -443.215576
v 13.606294 217.606155 -443.215576
v 71.571556 200.642471 -438.127075
v 53.606293 200.642471 -438.127075
v 35.641041 200.642471 -438.127075
v 13.606293 197.606155 -443.215546
v 71.571579 200.642471 -348.300842
v 53.606316 200.642471 -348.300842
v 35.641064 200.642471 -348.300842
v 13.606315 197.606155 -343.215576
v 73.606323 217.606155 -343.215607
v 53.606312 217.606155 -343.215607
v 33.606312 217.606155 -343.215607
v 13.606316 217.606155 -343.215607
v 73.606323 237.606155 -343.215607
v 53.606316 237.606155 -343.215607
v 33.606316 237.606155 -343.215607
v 13.606318 237.606155 -343.215607
v 71.571587 254.538223 -348.300873
v 53.606319 254.538223 -348.300873
v 35.641068 254.538223 -348.300873
v 13.606318 257.606171 -343.215607
v -6.393695 277.606171 -423.215607
v -6.393692 277.606171 -403.215576
v -6.393686 277.606171 -383.215607
v -6.393682 277.606171 -363.215607
v 93.606308 264.825317 -370.884094
v 93.606308 264.397797 -385.857269
v 93.606308 264.397797 -400.573944
v 93.606308 264.825317 -415.547089
v -6.393690 177.606155 -363.215576
v -6.393693 177.606155 -383.215576
v -6.393700 177.606155 -403.215546
v -6.393703 177.606155 -423.215576
v 93.606300 190.386993 -415.547058
v 93.606300 190.814499 -400.573914
v 93.606300 190.814499 -385.857239
v 93.606300 190.386993 -370.884064
v 105.734863 249.937637 -370.884094
v 105.734871 257.606171 -383.215607
v 105.734871 257.606171 -403.215576
v 105.734863 249.937637 -415.547089
v 105.734863 237.606140 -363.215607
v 113.161758 237.606140 -383.215607
v 111.516479 237.606140 -403.215576
v 105.734863 237.606140 -423.215607
v 105.734863 217.606140 -363.215607
v 117.501907 217.606140 -383.215607
v 108.602402 217.606140 -403.215576
v 105.734863 217.606140 -423.215607
v 105.734863 205.274643 -370.884094
v 105.734863 197.606140 -383.215576
v 105.734863 197.606140 -403.215546
v 105.734863 205.274643 -415.547089
v -6.393696 257.606171 -423.215607
v -6.393693 257.606171 -403.215576
v -6.393687 257.606171 -383.215607
v -6.393683 257.606171 -363.215607
v -6.393698 237.606155 -423.215607
v -6.393695 237.606155 -403.215576
v -6.393689 237.606155 -383.215607
v -6.393685 237.606155 -363.215607
v -6.393700 217.606155 -423.215607
v -6.393697 217.606155 -403.215576
v -6.393691 217.606155 -383.215607
v -6.393687 217.606155 -363.215607
v -6.393701 197.606155 -423.215576
v -6.393698 197.606155 -403.215546
v -6.393692 197.606155 -383.215576
v -6.393688 197.606155 -363.215576
v 13.606293 177.606155 -423.215576
v 13.606298 177.606155 -403.215546
v 13.606304 177.606155 -383.215576
v 13.606307 177.606155 -363.215576
v 35.641052 182.677200 -420.161835
v 33.606300 177.606155 -403.215546
v 33.606300 177.606155 -383.215576
v 35.641064 182.677200 -366.266083
v 53.606304 182.677200 -420.161835
v 53.606300 177.606155 -403.215546
v 53.606300 177.606155 -383.215576
v 53.606316 182.677200 -366.266083
v 71.571556 182.677200 -420.161835
v 73.606300 177.606155 -403.215546
v 73.606300 177.606155 -383.215576
v 71.571556 182.677200 -366.266083
v 13.606315 277.606171 -363.215607
v 13.606312 277.606171 -383.215607
v 13.606306 277.606171 -403.215576
v 13.606300 277.606171 -423.215607
v 35.641068 272.503479 -366.266113
v 33.606304 277.606171 -383.215607
v 33.606304 277.606171 -403.215576
v 35.641056 272.503479 -420.161865
v 53.606319 272.503479 -366.266113
v 53.606304 277.606171 -383.215607
v 53.606304 277.606171 -403.215576
v 53.606308 272.503479 -420.161865
v 71.571564 272.503479 -366.266113
v 73.606308 277.606171 -383.215607
v 73.606308 277.606171 -403.215576
v 71.571564 272.503479 -420.161865
v -6.393705 101.402679 -405.755737
v 92.494865 110.664207 -417.291779
v -6.393699 182.913208 -405.755737
v 93.123810 177.806183 -414.217163
v -6.393723 101.402672 -487.266296
v 93.606270 111.843277 -478.072693
v -6.393717 182.913208 -487.266296
v 93.606270 172.031860 -479.286407
v -6.393697 172.157928 -396.511047
v -6.393699 152.157928 -396.511047
v -6.393700 132.157959 -396.511047
v -6.393702 112.157928 -396.511047
v 93.606293 119.826439 -409.291870
v 93.606293 134.799591 -409.719360
v 93.606293 149.516266 -409.719360
v 93.606300 164.489441 -409.291870
v -6.393725 112.157921 -496.511017
v -6.393724 132.157959 -496.511017
v -6.393723 152.157928 -496.511017
v -6.393721 172.157928 -496.511017
v 93.606277 164.489441 -483.730194
v 93.606270 149.516266 -483.302673
v 93.606270 134.799591 -483.302673
v 93.606270 119.826431 -483.730194
v 13.606293 101.402679 -405.755737
v 35.641045 102.343994 -406.711304
v 53.606297 102.343987 -406.711304
v 71.571548 102.343987 -406.711304
v 71.571556 181.940277 -406.711304
v 53.606304 181.940277 -406.711304
v 35.641052 181.940277 -406.711304
v 13.606298 182.913208 -405.755737
v 71.571541 176.914307 -485.799500
v 53.606281 181.940277 -486.307556
v 35.641029 181.940277 -486.307556
v 13.606278 182.913208 -487.266296
v 71.571526 102.343979 -486.307556
v 53.606274 102.343979 -486.307556
v 35.641022 102.343987 -486.307556
v 13.606273 101.402672 -487.266296
v 71.571533 169.090012 -491.422546
v 53.606277 169.090012 -491.422546
v 35.641026 169.090012 -491.422546
v 13.606278 172.157928 -496.511017
v 73.606277 152.157928 -496.511017
v 53.606274 152.157928 -496.511017
v 33.606274 152.157928 -496.511017
v 13.606277 152.157928 -496.511017
v 73.606270 132.157959 -496.511017
v 53.606274 132.157959 -496.511017
v 33.606274 132.157959 -496.511017
v 13.606275 132.157959 -496.511017
v 71.571526 115.194229 -491.422546
v 53.606274 115.194229 -491.422546
v 35.641022 115.194237 -491.422546
v 13.606274 112.157921 -496.511017
v 71.571548 115.194237 -401.596313
v 53.606297 115.194237 -401.596313
v 35.641045 115.194244 -401.596313
v 13.606297 112.157928 -396.511047
v 73.606293 132.157959 -396.511047
v 53.606297 132.157959 -396.511047
v 33.606297 132.157959 -396.511047
v 13.606298 132.157959 -396.511047
v 73.606300 152.157928 -396.511047
v 53.606297 152.157928 -396.511047
v 33.606297 152.157928 -396.511047
v 13.606300 152.157928 -396.511047
v 71.571556 169.090012 -401.596313
v 53.606300 169.090012 -401.596313
v 35.641048 169.090012 -401.596313
v 13.606302 172.157928 -396.511047
v -6.393713 192.157944 -476.511017
v -6.393709 192.157944 -456.511017
v -6.393705 192.157944 -436.511047
v -6.393699 192.157944 -416.511047
v 93.606300 179.377106 -424.179535
v 93.606300 178.949600 -439.152679
v 93.606300 178.949600 -453.869354
v 93.606277 179.377106 -468.842529
v -6.393706 92.157928 -416.511047
v -6.393712 92.157928 -436.511047
v -6.393716 92.157921 -456.511017
v -6.393721 92.157921 -476.511017
v 93.606270 104.938766 -468.842529
v 93.606293 105.366264 -453.869354
v 93.606293 105.366264 -439.152679
v 93.606293 104.938774 -424.179535
v 105.734863 164.489426 -424.179535
v 105.734863 172.157913 -436.511047
v 105.734840 172.157913 -456.511017
v 105.734840 164.489426 -468.842529
v 105.734863 152.157913 -416.511047
v 113.161758 152.157913 -436.511047
v 111.516457 152.157913 -456.511017
v 105.734840 152.157913 -476.511017
v 105.734856 132.157944 -416.511047
v 117.501900 132.157944 -436.511047
v 108.602371 132.157944 -456.511017
v 105.734833 132.157944 -476.511017
v 105.734856 119.826439 -424.179535
v 105.734856 112.157921 -436.511047
v 105.734833 112.157913 -456.511017
v 105.734833 119.826431 -468.842529
v -6.393715 172.157928 -476.511017
v -6.393710 172.157928 -456.511017
v -6.393706 172.157928 -436.511047
v -6.393700 172.157928 -416.511047
v -6.393716 152.157928 -476.511017
v -6.393712 152.157928 -456.511017
v -6.393708 152.157928 -436.511047
v -6.393702 152.157928 -416.511047
v -6.393718 132.157959 -476.511017
v -6.393713 132.157959 -456.511017
v -6.393709 132.157959 -436.511047
v -6.393703 132.157959 -416.511047
v -6.393719 112.157921 -476.511017
v -6.393714 112.157921 -456.511017
v -6.393711 112.157928 -436.511047
v -6.393704 112.157928 -416.511047
v 13.606275 92.157921 -476.511017
v 13.606280 92.157921 -456.511017
v 13.606284 92.157928 -436.511047
v 13.606289 92.157928 -416.511047
v 35.641033 97.228966 -473.457306
v 33.606281 92.157921 -456.511017
v 33.606281 92.157928 -436.511047
v 35.641045 97.228973 -419.561554
v 53.606285 97.228958 -473.457306
v 53.606281 92.157913 -456.511017
v 53.606281 92.157921 -436.511047
v 53.606297 97.228966 -419.561554
v 71.571526 97.228958 -473.457306
v 73.606270 92.157913 -456.511017
v 73.606293 92.157921 -436.511047
v 71.571548 97.228966 -419.561554
v 13.606297 192.157944 -416.511047
v 13.606292 192.157944 -436.511047
v 13.606288 192.157944 -456.511017
v 13.606282 192.157944 -476.511017
v 35.641052 187.055252 -419.561554
v 33.606289 192.157944 -436.511047
v 33.606289 192.157944 -456.511017
v 35.641041 187.055252 -473.457306
v 53.606304 187.055252 -419.561554
v 53.606289 192.157944 -436.511047
v 53.606289 192.157944 -456.511017
v 53.606293 187.055252 -473.457306
v 71.571556 187.055252 -419.561554
v 73.606300 192.157944 -436.511047
v 73.606277 192.157944 -456.511017
v 71.571533 187.055252 -473.457306
v -6.393643 332.206970 -215.945862
v 92.494926 341.468536 -227.481903
v -6.393637 413.717499 -215.945862
v 93.123871 408.610504 -224.407257
v -6.393661 332.206970 -297.456421
v 93.606331 342.647614 -288.262787
v -6.393654 413.717499 -297.456421
v 93.606331 402.836151 -289.476532
v -6.393638 402.962250 -206.701141
v -6.393639 382.962250 -206.701141
v -6.393641 362.962250 -206.701141
v -6.393642 342.962250 -206.701141
v 93.606354 350.630737 -219.481979
v 93.606361 365.603912 -219.909485
v 93.606361 380.320557 -219.909485
v 93.606361 395.293732 -219.481979
v -6.393663 342.962250 -306.701141
v -6.393662 362.962250 -306.701141
v -6.393660 382.962250 -306.701141
v -6.393659 402.962250 -306.701141
v 93.606339 395.293732 -293.920319
v 93.606339 380.320557 -293.492798
v 93.606339 365.603912 -293.492798
v 93.606331 350.630737 -293.920319
v 13.606353 332.206970 -215.945862
v 35.641109 333.148285 -216.901398
v 53.606361 333.148285 -216.901398
v 71.571609 333.148285 -216.901398
v 71.571617 412.744568 -216.901398
v 53.606365 412.744568 -216.901398
v 35.641113 412.744568 -216.901398
v 13.606359 413.717499 -215.945862
v 71.571602 407.718597 -295.989624
v 53.606342 412.744568 -296.497681
v 35.641090 412.744568 -296.497681
v 13.606339 413.717499 -297.456421
v 71.571587 333.148285 -296.497681
v 53.606339 333.148285 -296.497681
v 35.641087 333.148285 -296.497681
v 13.606333 332.206970 -297.456421
v 71.571594 399.894318 -301.612671
v 53.606342 399.894318 -301.612671
v 35.641090 399.894318 -301.612671
v 13.606339 402.962250 -306.701141
v 73.606339 382.962250 -306.701141
v 53.606339 382.962250 -306.701141
v 33.606339 382.962250 -306.701141
v 13.606337 382.962250 -306.701141
v 73.606339 362.962250 -306.701141
v 53.606335 362.962250 -306.701141
v 33.606335 362.962250 -306.701141
v 13.606336 362.962250 -306.701141
v 71.571587 345.998535 -301.612671
v 53.606339 345.998535 -301.612671
v 35.641087 345.998535 -301.612671
v 13.606334 342.962250 -306.701141
v 71.571609 345.998535 -211.786407
v 53.606361 345.998535 -211.786407
v 35.641109 345.998535 -211.786407
v 13.606357 342.962250 -206.701141
v 73.606361 362.962250 -206.701141
v 53.606358 362.962250 -206.701141
v 33.606358 362.962250 -206.701141
v 13.606359 362.962250 -206.701141
v 73.606361 382.962250 -206.701141
v 53.606361 382.962250 -206.701141
v 33.606361 382.962250 -206.701141
v 13.606359 382.962250 -206.701141
v 71.571617 399.894318 -211.786407
v 53.606365 399.894318 -211.786407
v 35.641113 399.894318 -211.786407
v 13.606361 402.962250 -206.701141
v -6.393651 422.962250 -286.701141
v -6.393648 422.962250 -266.701141
v -6.393645 422.962250 -246.701141
v -6.393639 422.962250 -226.701141
v 93.606361 410.181396 -234.369644
v 93.606361 409.753876 -249.342804
v 93.606339 409.753876 -264.059479
v 93.606339 410.181396 -279.032623
v -6.393647 322.962250 -226.701141
v -6.393653 322.962250 -246.701141
v -6.393656 322.962250 -266.701141
v -6.393659 322.962250 -286.701141
v 93.606331 335.743073 -279.032623
v 93.606331 336.170593 -264.059479
v 93.606354 336.170593 -249.342804
v 93.606354 335.743073 -234.369644
v 105.734924 395.293732 -234.369690
v 105.734924 402.962250 -246.701187
v 105.734901 402.962250 -266.701141
v 105.734901 395.293732 -279.032623
v 105.734924 382.962250 -226.701187
v 113.161819 382.962250 -246.701187
v 111.516518 382.962250 -266.701141
v 105.734901 382.962250 -286.701141
v 105.734924 362.962250 -226.701187
v 117.501968 362.962250 -246.701187
v 108.602440 362.962250 -266.701141
v 105.734901 362.962250 -286.701141
v 105.734917 350.630737 -234.369690
v 105.734917 342.962250 -246.701187
v 105.734894 342.962250 -266.701141
v 105.734894 350.630737 -279.032623
v -6.393652 402.962250 -286.701141
v -6.393650 402.962250 -266.701141
v -6.393647 402.962250 -246.701141
v -6.393641 402.962250 -226.701141
v -6.393654 382.962250 -286.701141
v -6.393651 382.962250 -266.701141
v -6.393648 382.962250 -246.701141
v -6.393642 382.962250 -226.701141
v -6.393656 362.962250 -286.701141
v -6.393653 362.962250 -266.701141
v -6.393650 362.962250 -246.701141
v -6.393644 362.962250 -226.701141
v -6.393657 342.962250 -286.701141
v -6.393654 342.962250 -266.701141
v -6.393651 342.962250 -246.701141
v -6.393645 342.962250 -226.701141
v 13.606336 322.962250 -286.701141
v 13.606341 322.962250 -266.701141
v 13.606345 322.962250 -246.701141
v 13.606349 322.962250 -226.701141
v 35.641083 328.033295 -283.647430
v 33.606342 322.962250 -266.701141
v 33.606342 322.962250 -246.701141
v 35.641094 328.033295 -229.751663
v 53.606335 328.033295 -283.647430
v 53.606342 322.962250 -266.701141
v 53.606342 322.962250 -246.701141
v 53.606346 328.033295 -229.751663
v 71.571587 328.033295 -283.647430
v 73.606331 322.962250 -266.701141
v 73.606354 322.962250 -246.701141
v 71.571609 328.033295 -229.751663
v 13.606356 422.962250 -226.701141
v 13.606352 422.962250 -246.701141
v 13.606348 422.962250 -266.701141
v 13.606342 422.962250 -286.701141
v 35.641102 417.859558 -229.751663
v 33.606350 422.962250 -246.701141
v 33.606350 422.962250 -266.701141
v 35.641090 417.859558 -283.647430
v 53.606354 417.859558 -229.751663
v 53.606350 422.962250 -246.701141
v 53.606350 422.962250 -266.701141
v 53.606342 417.859558 -283.647430
v 71.571617 417.859558 -229.751663
v 73.606361 422.962250 -246.701141
v 73.606339 422.962250 -266.701141
v 71.571594 417.859558 -283.647430
vn 0.1806 0.3326 0.9256
vn 0.5718 0.6371 0.5169
vn 0.1747 0.6888 0.7036
vn 0.2090 0.8757 -0.4353
vn 0.5486 0.5650 -0.6163
vn 0.2383 0.6363 -0.7337
vn 0.1997 -0.3447 -0.9172
vn 0.5640 -0.5749 -0.5929
vn 0.2413 -0.6885 -0.6840
vn 0.2082 -0.9135 0.3495
vn 0.5324 -0.6013 0.5958
vn 0.2633 -0.6782 0.6861
vn -1.0000 -0.0000 -0.0000
vn -0.6905 -0.5114 -0.5114
vn -0.6366 -0.7231 -0.2681
vn 0.7635 -0.4567 0.4566
vn 0.5471 -0.7593 0.3524
vn 0.8368 0.3862 0.3881
vn 0.5696 0.8090 0.1449
vn 0.5619 0.2129 0.7993
vn 0.7704 0.1116 0.6277
vn 0.5204 -0.0110 0.8539
vn 0.7375 -0.1039 0.6673
vn 0.5455 -0.3547 0.7593
vn -0.6905 0.5114 -0.5114
vn -0.6366 0.7231 -0.2681
vn -0.6366 0.2681 -0.7231
vn -0.7071 -0.0000 -0.7071
vn 0.1755 0.4404 -0.8805
vn 0.5535 0.2698 -0.7879
vn 0.2598 0.1249 -0.9576
vn 0.5204 -0.0110 -0.8539
vn 0.2598 -0.1247 -0.9576
vn 0.5499 -0.3003 -0.7794
vn 0.2148 -0.3554 0.9097
vn 0.2598 -0.1246 0.9576
vn 0.5204 0.0110 0.8539
vn 0.2598 0.1248 0.9576
vn 0.0333 0.0310 0.9990
vn -0.6366 0.2681 0.7231
vn -0.7071 -0.0000 0.7071
vn 0.0908 0.2937 0.9516
vn 0.0916 0.3256 0.9410
vn -0.0000 0.1454 0.9894
vn -0.0000 0.3290 0.9443
vn 0.0332 -0.0310 0.9990
vn -0.0000 -0.1451 0.9894
vn 0.0914 -0.3255 0.9411
vn -0.6366 -0.2681 0.7231
vn 0.0907 -0.2935 0.9516
vn -0.0000 -0.3288 0.9444
vn 0.0304 -0.7068 0.7068
vn -0.6905 -0.5114 0.5114
vn 0.1030 -0.7034 0.7033
vn -0.0000 -0.7071 0.7071
vn 0.0333 -0.0310 -0.9990
vn -0.6366 -0.2681 -0.7231
vn 0.0907 -0.2936 -0.9516
vn 0.0915 -0.3255 -0.9411
vn -0.0000 -0.1452 -0.9894
vn -0.0000 -0.3289 -0.9444
vn 0.0333 0.0310 -0.9990
vn -0.0000 0.1454 -0.9894
vn -0.0000 0.1455 -0.9894
vn 0.0917 0.3256 -0.9410
vn 0.0908 0.2937 -0.9516
vn 0.0225 0.3469 -0.9376
vn 0.0309 0.7068 -0.7068
vn 0.1036 0.7033 -0.7033
vn 0.0609 0.6950 -0.7164
vn 0.0912 -0.9411 0.3256
vn -0.6366 -0.7231 0.2681
vn -0.0000 -0.9445 0.3285
vn 0.0905 -0.9517 0.2933
vn 0.1030 -0.7034 -0.7033
vn 0.0304 -0.7068 -0.7068
vn -0.0000 -0.7071 -0.7071
vn 0.0919 0.9410 -0.3256
vn -0.0000 0.9442 -0.3294
vn 0.0910 0.9515 -0.2939
vn -0.6905 0.5114 0.5114
vn 0.1035 0.7033 0.7034
vn 0.0309 0.7068 0.7068
vn -0.0000 0.7071 0.7071
vn 0.1646 0.9321 0.3225
vn -0.0000 0.9442 0.3294
vn -0.0000 0.9893 0.1457
vn 0.2597 0.9576 -0.1251
vn -0.0000 0.9893 -0.1457
vn 0.0910 0.9515 0.2939
vn 0.0919 0.9411 0.3255
vn 0.0334 0.9990 0.0311
vn 0.0334 0.9990 -0.0311
vn -0.6366 0.7231 0.2681
vn -0.7071 0.7071 -0.0000
vn -0.0000 -0.9445 -0.3286
vn 0.2039 -0.9152 -0.3476
vn -0.0000 -0.9895 -0.1449
vn 0.2599 -0.9576 -0.1244
vn -0.0000 -0.9895 0.1448
vn 0.0905 -0.9517 -0.2933
vn 0.0912 -0.9411 -0.3256
vn 0.0332 -0.9990 -0.0309
vn 0.0332 -0.9990 0.0309
vn -0.7071 -0.7071 -0.0000
vn 0.8255 -0.0922 -0.5568
vn 0.5204 0.0110 -0.8539
vn 0.9723 -0.1277 -0.1959
vn 0.8775 -0.3393 -0.3389
vn 0.7561 -0.6499 0.0768
vn 0.8255 -0.5568 -0.0922
vn 0.9913 -0.1265 0.0351
vn 0.8025 0.0865 -0.5904
vn 0.9757 0.1952 0.0993
vn 0.9855 0.0653 -0.1567
vn 0.8452 0.3784 -0.3775
vn 0.7774 0.6208 0.1018
vn 0.7904 0.6036 -0.1050
vn 0.5498 0.7799 -0.2992
vn 0.5204 0.8539 0.0110
vn 0.5204 0.8539 -0.0110
vn 0.5487 -0.7766 -0.3096
vn 0.5204 -0.8539 0.0110
vn 0.5204 -0.8539 -0.0110
vn 0.2599 -0.9576 0.1244
vn 0.2597 0.9576 0.1251
vn 1.0000 -0.0000 -0.0000
vn 0.7635 -0.4567 0.4567
vn 0.0303 -0.7068 0.7068
vn 0.0919 0.9411 0.3256
vn 0.2597 0.9575 -0.1251
vn 0.1035 0.7033 0.7033
vn -0.6906 0.5114 0.5114
vn -0.6906 0.5114 -0.5114
vn 0.2634 -0.6782 0.6861
vn 0.0333 -0.0310 0.9990
vn 0.5639 -0.5749 -0.5929
vt 0.575000 0.200000
vt 0.625000 0.250000
vt 0.575000 0.250000
vt 0.575000 0.450000
vt 0.625000 0.500000
vt 0.575000 0.500000
vt 0.575000 0.700000
vt 0.625000 0.750000
vt 0.575000 0.750000
vt 0.575000 0.950000
vt 0.625000 1.000000
vt 0.575000 1.000000
vt 0.325000 0.700000
vt 0.375000 0.750000
vt 0.325000 0.750000
vt 0.825000 0.700000
vt 0.875000 0.750000
vt 0.825000 0.750000
vt 0.875000 0.500000
vt 0.825000 0.550000
vt 0.825000 0.500000
vt 0.875000 0.550000
vt 0.825000 0.600000
vt 0.875000 0.600000
vt 0.825000 0.650000
vt 0.875000 0.700000
vt 0.375000 0.500000
vt 0.325000 0.550000
vt 0.325000 0.500000
vt 0.375000 0.550000
vt 0.325000 0.600000
vt 0.375000 0.600000
vt 0.325000 0.650000
vt 0.375000 0.650000
vt 0.575000 0.550000
vt 0.625000 0.550000
vt 0.575000 0.600000
vt 0.625000 0.600000
vt 0.575000 0.650000
vt 0.625000 0.700000
vt 0.625000 0.000000
vt 0.575000 0.050000
vt 0.575000 0.000000
vt 0.625000 0.050000
vt 0.575000 0.100000
vt 0.625000 0.100000
vt 0.575000 0.150000
vt 0.625000 0.200000
vt 0.425000 0.150000
vt 0.375000 0.200000
vt 0.375000 0.150000
vt 0.475000 0.200000
vt 0.425000 0.200000
vt 0.525000 0.150000
vt 0.475000 0.150000
vt 0.525000 0.200000
vt 0.425000 0.100000
vt 0.375000 0.100000
vt 0.475000 0.100000
vt 0.525000 0.100000
vt 0.425000 0.050000
vt 0.375000 0.050000
vt 0.475000 0.050000
vt 0.525000 0.050000
vt 0.425000 0.000000
vt 0.375000 0.000000
vt 0.475000 0.000000
vt 0.525000 0.000000
vt 0.425000 0.650000
vt 0.375000 0.700000
vt 0.475000 0.700000
vt 0.425000 0.700000
vt 0.525000 0.650000
vt 0.475000 0.650000
vt 0.525000 0.700000
vt 0.425000 0.600000
vt 0.475000 0.600000
vt 0.525000 0.600000
vt 0.425000 0.550000
vt 0.475000 0.550000
vt 0.525000 0.550000
vt 0.425000 0.500000
vt 0.475000 0.500000
vt 0.525000 0.500000
vt 0.425000 0.950000
vt 0.375000 1.000000
vt 0.375000 0.950000
vt 0.475000 1.000000
vt 0.425000 1.000000
vt 0.525000 0.950000
vt 0.475000 0.950000
vt 0.525000 1.000000
vt 0.475000 0.750000
vt 0.425000 0.750000
vt 0.525000 0.750000
vt 0.425000 0.450000
vt 0.375000 0.450000
vt 0.525000 0.450000
vt 0.475000 0.450000
vt 0.375000 0.250000
vt 0.475000 0.250000
vt 0.425000 0.250000
vt 0.525000 0.250000
vt 0.575000 0.300000
vt 0.525000 0.300000
vt 0.525000 0.350000
vt 0.575000 0.400000
vt 0.525000 0.400000
vt 0.475000 0.300000
vt 0.475000 0.350000
vt 0.475000 0.400000
vt 0.425000 0.300000
vt 0.425000 0.350000
vt 0.425000 0.400000
vt 0.375000 0.300000
vt 0.375000 0.350000
vt 0.375000 0.400000
vt 0.525000 0.800000
vt 0.575000 0.800000
vt 0.525000 0.850000
vt 0.575000 0.850000
vt 0.525000 0.900000
vt 0.475000 0.800000
vt 0.475000 0.850000
vt 0.475000 0.900000
vt 0.425000 0.800000
vt 0.425000 0.850000
vt 0.425000 0.900000
vt 0.375000 0.800000
vt 0.375000 0.850000
vt 0.375000 0.900000
vt 0.175000 0.650000
vt 0.125000 0.700000
vt 0.125000 0.650000
vt 0.225000 0.650000
vt 0.175000 0.700000
vt 0.275000 0.650000
vt 0.225000 0.700000
vt 0.275000 0.700000
vt 0.175000 0.600000
vt 0.125000 0.600000
vt 0.225000 0.600000
vt 0.275000 0.600000
vt 0.175000 0.550000
vt 0.125000 0.550000
vt 0.225000 0.550000
vt 0.275000 0.550000
vt 0.125000 0.500000
vt 0.225000 0.500000
vt 0.175000 0.500000
vt 0.275000 0.500000
vt 0.675000 0.650000
vt 0.625000 0.650000
vt 0.725000 0.650000
vt 0.675000 0.700000
vt 0.775000 0.700000
vt 0.725000 0.700000
vt 0.775000 0.650000
vt 0.675000 0.600000
vt 0.775000 0.600000
vt 0.725000 0.600000
vt 0.675000 0.550000
vt 0.775000 0.550000
vt 0.725000 0.550000
vt 0.675000 0.500000
vt 0.725000 0.500000
vt 0.775000 0.500000
vt 0.675000 0.750000
vt 0.725000 0.750000
vt 0.775000 0.750000
vt 0.125000 0.750000
vt 0.175000 0.750000
vt 0.225000 0.750000
vt 0.275000 0.750000
vt 0.625000 0.800000
vt 0.625000 0.850000
vt 0.575000 0.900000
vt 0.625000 0.950000
vt 0.625000 0.300000
vt 0.575000 0.350000
vt 0.625000 0.350000
vt 0.625000 0.450000
vt 1.000000 0.000000
vt 0.000000 1.000000
vt 0.000000 0.000000
vt 0.625000 0.400000
vt 0.625000 0.150000
vt 0.625000 0.900000
vt 0.875000 0.650000
vt 1.000000 1.000000
s 1
f 69/1/1 4/2/2 29/3/3
f 152/4/4 8/5/5 33/6/6
f 53/7/7 6/8/8 37/9/9
f 136/10/10 2/11/11 28/12/12
f 117/13/13 5/14/14 84/15/15
f 101/16/16 2/17/11 88/18/17
f 4/19/2 89/20/18 77/21/19
f 16/22/20 93/23/21 89/20/18
f 15/24/22 97/25/23 93/23/21
f 97/25/23 13/26/24 101/16/16
f 7/27/25 105/28/13 73/29/26
f 20/30/27 109/31/13 105/28/13
f 19/32/28 113/33/13 109/31/13
f 18/34/28 117/13/13 113/33/13
f 8/5/5 41/35/29 33/6/6
f 21/36/30 45/37/31 41/35/29
f 22/38/32 49/39/33 45/37/31
f 49/39/33 24/40/34 53/7/7
f 2/41/11 57/42/35 28/43/12
f 13/44/24 61/45/36 57/42/35
f 14/46/37 65/47/38 61/45/36
f 65/47/38 16/48/20 69/1/1
f 68/49/39 9/50/40 10/51/41
f 68/49/39 71/52/42 72/53/43
f 66/54/44 71/52/42 67/55/44
f 66/54/44 69/1/1 70/56/45
f 64/57/46 10/51/41 11/58/41
f 63/59/47 68/49/39 64/57/46
f 62/60/47 67/55/44 63/59/47
f 61/45/36 66/54/44 62/60/47
f 60/61/48 11/58/41 12/62/49
f 59/63/50 64/57/46 60/61/48
f 59/63/50 62/60/47 63/59/47
f 57/42/35 62/60/47 58/64/51
f 25/65/52 12/62/49 1/66/53
f 26/67/54 60/61/48 25/65/52
f 27/68/55 59/63/50 26/67/54
f 28/43/12 58/64/51 27/68/55
f 52/69/56 17/70/57 18/34/28
f 52/69/56 55/71/58 56/72/59
f 50/73/60 55/71/58 51/74/60
f 50/73/60 53/7/7 54/75/61
f 48/76/62 18/34/28 19/32/28
f 47/77/63 52/69/56 48/76/62
f 46/78/64 51/74/60 47/77/63
f 45/37/31 50/73/60 46/78/64
f 44/79/65 19/32/28 20/30/27
f 43/80/66 48/76/62 44/79/65
f 43/80/66 46/78/64 47/77/63
f 41/35/29 46/78/64 42/81/67
f 36/82/68 20/30/27 7/27/25
f 35/83/69 44/79/65 36/82/68
f 34/84/70 43/80/66 35/83/69
f 33/6/6 42/81/67 34/84/70
f 124/85/71 1/86/53 81/87/72
f 124/85/71 26/88/54 25/89/52
f 132/90/73 26/88/54 128/91/74
f 136/10/10 27/92/55 132/90/73
f 56/72/59 5/14/14 17/70/57
f 56/72/59 39/93/75 40/94/76
f 54/75/61 39/93/75 55/71/58
f 53/7/7 38/95/77 54/75/61
f 140/96/78 7/27/25 73/97/26
f 140/96/78 35/83/69 36/82/68
f 148/98/79 35/83/69 144/99/80
f 152/4/4 34/84/70 148/98/79
f 72/53/43 3/100/81 9/50/40
f 72/53/43 31/101/82 32/102/83
f 70/56/45 31/101/82 71/52/42
f 69/1/1 30/103/84 70/56/45
f 30/103/84 149/104/85 145/105/86
f 149/104/85 146/106/87 145/105/86
f 146/106/87 151/107/88 147/108/89
f 147/108/89 152/4/4 148/98/79
f 30/103/84 141/109/90 31/101/82
f 141/109/90 146/106/87 142/110/87
f 142/110/87 147/108/89 143/111/89
f 147/108/89 144/99/80 143/111/89
f 31/101/82 137/112/91 32/102/83
f 141/109/90 138/113/92 137/112/91
f 138/113/92 143/111/89 139/114/93
f 139/114/93 144/99/80 140/96/78
f 32/102/83 76/115/94 3/100/81
f 76/115/94 138/113/92 75/116/95
f 75/116/95 139/114/93 74/117/95
f 74/117/95 140/96/78 73/97/26
f 37/9/9 129/118/96 38/95/77
f 133/119/97 130/120/98 129/118/96
f 134/121/99 131/122/100 130/120/98
f 131/122/100 136/10/10 132/90/73
f 38/95/77 125/123/101 39/93/75
f 125/123/101 130/120/98 126/124/98
f 130/120/98 127/125/100 126/124/98
f 131/122/100 128/91/74 127/125/100
f 39/93/75 121/126/102 40/94/76
f 125/123/101 122/127/103 121/126/102
f 126/124/98 123/128/104 122/127/103
f 123/128/104 128/91/74 124/85/71
f 40/94/76 84/129/15 5/14/14
f 121/126/102 83/130/105 84/129/15
f 122/127/103 82/131/105 83/130/105
f 123/128/104 81/87/72 82/131/105
f 116/132/13 12/133/49 11/134/41
f 115/135/13 120/136/13 116/132/13
f 114/137/13 119/138/13 115/135/13
f 113/33/13 118/139/13 114/137/13
f 112/140/13 11/134/41 10/141/41
f 111/142/13 116/132/13 112/140/13
f 110/143/13 115/135/13 111/142/13
f 109/31/13 114/137/13 110/143/13
f 108/144/13 10/141/41 9/145/40
f 107/146/13 112/140/13 108/144/13
f 106/147/13 111/142/13 107/146/13
f 105/28/13 110/143/13 106/147/13
f 3/148/81 108/144/13 9/145/40
f 75/149/95 108/144/13 76/150/94
f 74/151/95 107/146/13 75/149/95
f 73/29/26 106/147/13 74/151/95
f 100/152/106 24/40/34 23/153/107
f 99/154/108 104/155/109 100/152/106
f 99/154/108 102/156/110 103/157/111
f 98/158/112 101/16/16 102/156/110
f 96/159/113 23/153/107 22/38/32
f 96/159/113 99/154/108 100/152/106
f 94/160/114 99/154/108 95/161/115
f 94/160/114 97/25/23 98/158/112
f 21/36/30 96/159/113 22/38/32
f 92/162/116 95/161/115 96/159/113
f 90/163/117 95/161/115 91/164/118
f 89/20/18 94/160/114 90/163/117
f 8/5/5 92/162/116 21/36/30
f 80/165/119 91/164/118 92/162/116
f 79/166/120 90/163/117 91/164/118
f 77/21/19 90/163/117 78/167/121
f 104/155/109 6/8/8 24/40/34
f 103/157/111 85/168/122 104/155/109
f 102/156/110 86/169/123 103/157/111
f 102/156/110 88/18/17 87/170/124
f 120/136/13 1/171/53 12/133/49
f 119/138/13 81/172/72 120/136/13
f 118/139/13 82/173/105 119/138/13
f 117/13/13 83/174/105 118/139/13
f 6/8/8 133/119/97 37/9/9
f 85/175/122 134/121/99 133/119/97
f 86/176/123 135/177/125 134/121/99
f 135/177/125 88/178/17 136/10/10
f 4/2/2 149/104/85 29/3/3
f 77/179/19 150/180/126 149/104/85
f 78/181/121 151/107/88 150/180/126
f 151/107/88 80/182/119 152/4/4
f 154/183/127 155/184/127 153/185/127
f 225/1/1 160/2/2 185/3/3
f 308/4/4 164/5/5 189/6/6
f 209/7/7 162/8/8 193/9/9
f 292/10/10 158/11/11 184/12/12
f 273/13/13 161/14/14 240/15/15
f 257/16/128 158/17/11 244/18/17
f 160/19/2 245/20/18 233/21/19
f 172/22/20 249/23/21 245/20/18
f 171/24/22 253/25/23 249/23/21
f 253/25/23 169/26/24 257/16/128
f 163/27/25 261/28/13 229/29/26
f 176/30/27 265/31/13 261/28/13
f 175/32/28 269/33/13 265/31/13
f 174/34/28 273/13/13 269/33/13
f 164/5/5 197/35/29 189/6/6
f 177/36/30 201/37/31 197/35/29
f 178/38/32 205/39/33 201/37/31
f 205/39/33 180/40/34 209/7/7
f 158/41/11 213/42/35 184/43/12
f 169/44/24 217/45/36 213/42/35
f 170/46/37 221/47/38 217/45/36
f 221/47/38 172/48/20 225/1/1
f 224/49/39 165/50/40 166/51/41
f 224/49/39 227/52/42 228/53/43
f 222/54/44 227/52/42 223/55/44
f 222/54/44 225/1/1 226/56/45
f 220/57/46 166/51/41 167/58/41
f 219/59/47 224/49/39 220/57/46
f 218/60/47 223/55/44 219/59/47
f 217/45/36 222/54/44 218/60/47
f 216/61/48 167/58/41 168/62/49
f 215/63/50 220/57/46 216/61/48
f 215/63/50 218/60/47 219/59/47
f 213/42/35 218/60/47 214/64/51
f 181/65/129 168/62/49 157/66/53
f 182/67/54 216/61/48 181/65/129
f 182/67/54 214/64/51 215/63/50
f 184/43/12 214/64/51 183/68/55
f 208/69/56 173/70/57 174/34/28
f 208/69/56 211/71/58 212/72/59
f 206/73/60 211/71/58 207/74/60
f 206/73/60 209/7/7 210/75/61
f 204/76/62 174/34/28 175/32/28
f 203/77/63 208/69/56 204/76/62
f 202/78/64 207/74/60 203/77/63
f 201/37/31 206/73/60 202/78/64
f 200/79/65 175/32/28 176/30/27
f 199/80/66 204/76/62 200/79/65
f 199/80/66 202/78/64 203/77/63
f 197/35/29 202/78/64 198/81/67
f 192/82/68 176/30/27 163/27/25
f 191/83/69 200/79/65 192/82/68
f 190/84/70 199/80/66 191/83/69
f 189/6/6 198/81/67 190/84/70
f 280/85/71 157/86/53 237/87/72
f 280/85/71 182/88/54 181/89/129
f 284/91/74 183/92/55 182/88/54
f 292/10/10 183/92/55 288/90/73
f 212/72/59 161/14/14 173/70/57
f 212/72/59 195/93/75 196/94/76
f 210/75/61 195/93/75 211/71/58
f 209/7/7 194/95/77 210/75/61
f 296/96/78 163/27/25 229/97/26
f 296/96/78 191/83/69 192/82/68
f 300/99/80 190/84/70 191/83/69
f 308/4/4 190/84/70 304/98/79
f 228/53/43 159/100/81 165/50/40
f 228/53/43 187/101/82 188/102/83
f 226/56/45 187/101/82 227/52/42
f 225/1/1 186/103/84 226/56/45
f 185/3/3 301/105/86 186/103/84
f 305/104/85 302/106/87 301/105/86
f 302/106/87 307/107/88 303/108/89
f 303/108/89 308/4/4 304/98/79
f 186/103/84 297/109/90 187/101/82
f 297/109/90 302/106/87 298/110/87
f 302/106/87 299/111/89 298/110/87
f 303/108/89 300/99/80 299/111/89
f 187/101/82 293/112/91 188/102/83
f 297/109/90 294/113/92 293/112/91
f 298/110/87 295/114/93 294/113/92
f 295/114/93 300/99/80 296/96/78
f 159/100/81 293/112/91 232/115/94
f 232/115/94 294/113/92 231/116/95
f 231/116/95 295/114/93 230/117/95
f 230/117/95 296/96/78 229/97/26
f 193/9/9 285/118/96 194/95/77
f 289/119/97 286/120/98 285/118/96
f 290/121/99 287/122/100 286/120/98
f 287/122/100 292/10/10 288/90/73
f 194/95/77 281/123/101 195/93/75
f 281/123/101 286/120/98 282/124/98
f 286/120/98 283/125/100 282/124/98
f 287/122/100 284/91/74 283/125/100
f 195/93/75 277/126/102 196/94/76
f 281/123/101 278/127/103 277/126/102
f 282/124/98 279/128/104 278/127/103
f 279/128/104 284/91/74 280/85/71
f 196/94/76 240/129/15 161/14/14
f 277/126/102 239/130/105 240/129/15
f 278/127/103 238/131/105 239/130/105
f 279/128/104 237/87/72 238/131/105
f 272/132/13 168/133/49 167/134/41
f 271/135/13 276/136/13 272/132/13
f 270/137/13 275/138/13 271/135/13
f 269/33/13 274/139/13 270/137/13
f 268/140/13 167/134/41 166/141/41
f 267/142/13 272/132/13 268/140/13
f 266/143/13 271/135/13 267/142/13
f 265/31/13 270/137/13 266/143/13
f 264/144/13 166/141/41 165/145/40
f 263/146/13 268/140/13 264/144/13
f 262/147/13 267/142/13 263/146/13
f 261/28/13 266/143/13 262/147/13
f 159/148/81 264/144/13 165/145/40
f 231/149/95 264/144/13 232/150/94
f 230/151/95 263/146/13 231/149/95
f 229/29/26 262/147/13 230/151/95
f 256/152/106 180/40/34 179/153/107
f 255/154/108 260/155/109 256/152/106
f 255/154/108 258/156/110 259/157/111
f 254/158/112 257/16/128 258/156/110
f 252/159/113 179/153/107 178/38/32
f 252/159/113 255/154/108 256/152/106
f 250/160/114 255/154/108 251/161/115
f 250/160/114 253/25/23 254/158/112
f 177/36/30 252/159/113 178/38/32
f 248/162/116 251/161/115 252/159/113
f 246/163/117 251/161/115 247/164/118
f 245/20/18 250/160/114 246/163/117
f 164/5/5 248/162/116 177/36/30
f 236/165/119 247/164/118 248/162/116
f 235/166/120 246/163/117 247/164/118
f 233/21/19 246/163/117 234/167/121
f 260/155/109 162/8/8 180/40/34
f 259/157/111 241/168/122 260/155/109
f 258/156/110 242/169/123 259/157/111
f 258/156/110 244/18/17 243/170/124
f 276/136/13 157/171/53 168/133/49
f 275/138/13 237/172/72 276/136/13
f 274/139/13 238/173/105 275/138/13
f 273/13/13 239/174/105 274/139/13
f 162/8/8 289/119/97 193/9/9
f 241/175/122 290/121/99 289/119/97
f 242/176/123 291/177/125 290/121/99
f 291/177/125 244/178/17 292/10/10
f 160/2/2 305/104/85 185/3/3
f 233/179/19 306/180/126 305/104/85
f 306/180/126 235/186/120 307/107/88
f 307/107/88 236/182/119 308/4/4
f 377/1/1 312/2/2 337/3/3
f 460/4/4 316/5/5 341/6/6
f 361/7/7 314/8/8 345/9/9
f 444/10/10 310/11/11 336/12/12
f 425/13/13 313/14/14 392/15/15
f 409/16/128 310/17/11 396/18/17
f 312/19/2 397/20/18 385/21/19
f 324/22/20 401/23/21 397/20/18
f 323/24/22 405/25/23 401/23/21
f 405/25/23 321/26/24 409/16/128
f 315/27/25 413/28/13 381/29/26
f 328/30/27 417/31/13 413/28/13
f 327/32/28 421/33/13 417/31/13
f 326/34/28 425/13/13 421/33/13
f 316/5/5 349/35/29 341/6/6
f 329/36/30 353/37/31 349/35/29
f 330/38/32 357/39/33 353/37/31
f 357/39/33 332/40/34 361/7/7
f 310/41/11 365/42/35 336/43/12
f 321/44/24 369/45/36 365/42/35
f 322/46/37 373/47/38 369/45/36
f 373/47/38 324/48/20 377/1/1
f 376/49/39 317/50/40 318/51/41
f 376/49/39 379/52/42 380/53/43
f 374/54/44 379/52/42 375/55/44
f 374/54/44 377/1/1 378/56/45
f 372/57/46 318/51/41 319/58/41
f 371/59/47 376/49/39 372/57/46
f 370/60/47 375/55/44 371/59/47
f 369/45/36 374/54/44 370/60/47
f 368/61/48 319/58/41 320/62/49
f 367/63/50 372/57/46 368/61/48
f 367/63/50 370/60/47 371/59/47
f 365/42/35 370/60/47 366/64/51
f 333/65/129 320/62/49 309/66/53
f 334/67/54 368/61/48 333/65/129
f 335/68/55 367/63/50 334/67/54
f 336/43/12 366/64/51 335/68/55
f 360/69/56 325/70/57 326/34/28
f 360/69/56 363/71/58 364/72/59
f 358/73/60 363/71/58 359/74/60
f 358/73/60 361/7/7 362/75/61
f 356/76/62 326/34/28 327/32/28
f 355/77/63 360/69/56 356/76/62
f 354/78/64 359/74/60 355/77/63
f 353/37/31 358/73/60 354/78/64
f 352/79/65 327/32/28 328/30/27
f 351/80/66 356/76/62 352/79/65
f 351/80/66 354/78/64 355/77/63
f 349/35/29 354/78/64 350/81/67
f 315/27/25 352/79/65 328/30/27
f 343/83/69 352/79/65 344/82/68
f 342/84/70 351/80/66 343/83/69
f 341/6/6 350/81/67 342/84/70
f 432/85/71 309/86/53 389/87/72
f 432/85/71 334/88/54 333/89/129
f 440/90/73 334/88/54 436/91/74
f 444/10/10 335/92/55 440/90/73
f 364/72/59 313/14/14 325/70/57
f 364/72/59 347/93/75 348/94/76
f 362/75/61 347/93/75 363/71/58
f 361/7/7 346/95/77 362/75/61
f 381/97/26 344/82/68 315/27/25
f 448/96/78 343/83/69 344/82/68
f 452/99/80 342/84/70 343/83/69
f 460/4/4 342/84/70 456/98/79
f 317/50/40 340/102/83 311/100/81
f 380/53/43 339/101/82 340/102/83
f 378/56/45 339/101/82 379/52/42
f 377/1/1 338/103/84 378/56/45
f 337/3/3 453/105/86 338/103/84
f 457/104/85 454/106/87 453/105/86
f 458/180/126 455/108/89 454/106/87
f 455/108/89 460/4/4 456/98/79
f 338/103/84 449/109/90 339/101/82
f 449/109/90 454/106/87 450/110/87
f 454/106/87 451/111/89 450/110/87
f 455/108/89 452/99/80 451/111/89
f 339/101/82 445/112/130 340/102/83
f 449/109/90 446/113/92 445/112/130
f 446/113/92 451/111/89 447/114/93
f 447/114/93 452/99/80 448/96/78
f 311/100/81 445/112/130 384/115/94
f 384/115/94 446/113/92 383/116/95
f 383/116/95 447/114/93 382/117/95
f 382/117/95 448/96/78 381/97/26
f 345/9/9 437/118/96 346/95/77
f 441/119/97 438/120/98 437/118/96
f 442/121/99 439/122/100 438/120/98
f 439/122/100 444/10/10 440/90/73
f 346/95/77 433/123/101 347/93/75
f 433/123/101 438/120/98 434/124/98
f 438/120/98 435/125/100 434/124/98
f 439/122/100 436/91/74 435/125/100
f 347/93/75 429/126/102 348/94/76
f 433/123/101 430/127/103 429/126/102
f 434/124/98 431/128/104 430/127/103
f 431/128/104 436/91/74 432/85/71
f 348/94/76 392/129/15 313/14/14
f 429/126/102 391/130/105 392/129/15
f 430/127/103 390/131/105 391/130/105
f 431/128/104 389/87/72 390/131/105
f 424/132/13 320/133/49 319/134/41
f 423/135/13 428/136/13 424/132/13
f 422/137/13 427/138/13 423/135/13
f 421/33/13 426/139/13 422/137/13
f 420/140/13 319/134/41 318/141/41
f 419/142/13 424/132/13 420/140/13
f 418/143/13 423/135/13 419/142/13
f 417/31/13 422/137/13 418/143/13
f 416/144/13 318/141/41 317/145/40
f 415/146/13 420/140/13 416/144/13
f 414/147/13 419/142/13 415/146/13
f 413/28/13 418/143/13 414/147/13
f 311/148/81 416/144/13 317/145/40
f 383/149/95 416/144/13 384/150/94
f 382/151/95 415/146/13 383/149/95
f 381/29/26 414/147/13 382/151/95
f 408/152/106 332/40/34 331/153/107
f 407/154/108 412/155/109 408/152/106
f 407/154/108 410/156/110 411/157/111
f 406/158/112 409/16/128 410/156/110
f 404/159/113 331/153/107 330/38/32
f 404/159/113 407/154/108 408/152/106
f 402/160/114 407/154/108 403/161/115
f 402/160/114 405/25/23 406/158/112
f 329/36/30 404/159/113 330/38/32
f 400/162/116 403/161/115 404/159/113
f 398/163/117 403/161/115 399/164/118
f 397/20/18 402/160/114 398/163/117
f 316/5/5 400/162/116 329/36/30
f 388/165/119 399/164/118 400/162/116
f 386/167/121 399/164/118 387/166/120
f 385/21/19 398/163/117 386/167/121
f 412/155/109 314/8/8 332/40/34
f 411/157/111 393/168/122 412/155/109
f 410/156/110 394/169/123 411/157/111
f 410/156/110 396/18/17 395/170/124
f 428/136/13 309/171/53 320/133/49
f 427/138/13 389/172/72 428/136/13
f 426/139/13 390/173/105 427/138/13
f 425/13/13 391/174/105 426/139/13
f 314/8/8 441/119/97 345/9/9
f 393/175/122 442/121/99 441/119/97
f 394/176/123 443/177/125 442/121/99
f 443/177/125 396/178/17 444/10/10
f 312/2/2 457/104/85 337/3/3
f 385/179/19 458/180/126 457/104/85
f 386/181/121 459/107/131 458/180/126
f 459/107/131 388/182/119 460/4/4
f 529/1/1 464/2/2 489/3/3
f 612/4/4 468/5/5 493/6/6
f 513/7/7 466/8/8 497/9/9
f 596/10/10 462/11/11 488/12/12
f 577/13/13 465/14/14 544/15/15
f 561/16/128 462/17/11 548/18/17
f 464/19/2 549/20/18 537/21/19
f 476/22/20 553/23/21 549/20/18
f 475/24/22 557/25/23 553/23/21
f 557/25/23 473/26/24 561/16/128
f 467/27/25 565/28/13 533/29/26
f 480/30/27 569/31/13 565/28/13
f 479/32/28 573/33/13 569/31/13
f 478/34/28 577/13/13 573/33/13
f 468/5/5 501/35/29 493/6/6
f 481/36/30 505/37/31 501/35/29
f 482/38/32 509/39/33 505/37/31
f 509/39/33 484/40/34 513/7/7
f 462/41/11 517/42/35 488/43/12
f 473/44/24 521/45/36 517/42/35
f 474/46/37 525/47/38 521/45/36
f 525/47/38 476/48/20 529/1/1
f 528/49/39 469/50/40 470/51/41
f 528/49/39 531/52/42 532/53/43
f 526/54/44 531/52/42 527/55/44
f 526/54/44 529/1/1 530/56/45
f 524/57/46 470/51/41 471/58/41
f 523/59/47 528/49/39 524/57/46
f 522/60/47 527/55/44 523/59/47
f 521/45/36 526/54/44 522/60/47
f 520/61/48 471/58/41 472/62/49
f 519/63/50 524/57/46 520/61/48
f 519/63/50 522/60/47 523/59/47
f 517/42/35 522/60/47 518/64/51
f 485/65/129 472/62/49 461/66/53
f 486/67/54 520/61/48 485/65/129
f 487/68/55 519/63/50 486/67/54
f 488/43/12 518/64/51 487/68/55
f 512/69/56 477/70/57 478/34/28
f 512/69/56 515/71/58 516/72/59
f 510/73/60 515/71/58 511/74/60
f 510/73/60 513/7/7 514/75/61
f 508/76/62 478/34/28 479/32/28
f 507/77/63 512/69/56 508/76/62
f 506/78/64 511/74/60 507/77/63
f 505/37/31 510/73/60 506/78/64
f 504/79/65 479/32/28 480/30/27
f 503/80/66 508/76/62 504/79/65
f 503/80/66 506/78/64 507/77/63
f 501/35/29 506/78/64 502/81/67
f 496/82/68 480/30/27 467/27/25
f 495/83/69 504/79/65 496/82/68
f 494/84/70 503/80/66 495/83/69
f 493/6/6 502/81/67 494/84/70
f 584/85/71 461/86/53 541/87/72
f 584/85/71 486/88/54 485/89/129
f 592/90/73 486/88/54 588/91/74
f 596/10/10 487/92/55 592/90/73
f 516/72/59 465/14/14 477/70/57
f 516/72/59 499/93/75 500/94/76
f 514/75/61 499/93/75 515/71/58
f 513/7/7 498/95/77 514/75/61
f 600/96/78 467/27/25 533/97/26
f 600/96/78 495/83/69 496/82/68
f 608/98/79 495/83/69 604/99/80
f 612/4/4 494/84/70 608/98/79
f 469/50/40 492/102/83 463/100/81
f 532/53/43 491/101/132 492/102/83
f 531/52/42 490/103/84 491/101/132
f 530/56/45 489/3/3 490/103/84
f 489/3/3 605/105/86 490/103/84
f 609/104/85 606/106/87 605/105/86
f 606/106/87 611/107/88 607/108/89
f 607/108/89 612/4/4 608/98/79
f 490/103/84 601/109/90 491/101/132
f 601/109/90 606/106/87 602/110/87
f 602/110/87 607/108/89 603/111/89
f 607/108/89 604/99/80 603/111/89
f 491/101/132 597/112/130 492/102/83
f 601/109/90 598/113/92 597/112/130
f 598/113/92 603/111/89 599/114/93
f 599/114/93 604/99/80 600/96/78
f 463/100/81 597/112/130 536/115/94
f 536/115/94 598/113/92 535/116/95
f 535/116/95 599/114/93 534/117/95
f 534/117/95 600/96/78 533/97/26
f 497/9/9 589/118/96 498/95/77
f 593/119/97 590/120/98 589/118/96
f 594/121/99 591/122/100 590/120/98
f 591/122/100 596/10/10 592/90/73
f 498/95/77 585/123/101 499/93/75
f 585/123/101 590/120/98 586/124/98
f 590/120/98 587/125/100 586/124/98
f 591/122/100 588/91/74 587/125/100
f 499/93/75 581/126/102 500/94/76
f 585/123/101 582/127/103 581/126/102
f 586/124/98 583/128/104 582/127/103
f 583/128/104 588/91/74 584/85/71
f 500/94/76 544/129/15 465/14/14
f 581/126/102 543/130/105 544/129/15
f 582/127/103 542/131/105 543/130/105
f 583/128/104 541/87/72 542/131/105
f 576/132/13 472/133/49 471/134/41
f 575/135/13 580/136/13 576/132/13
f 574/137/13 579/138/13 575/135/13
f 573/33/13 578/139/13 574/137/13
f 572/140/13 471/134/41 470/141/41
f 571/142/13 576/132/13 572/140/13
f 570/143/13 575/135/13 571/142/13
f 569/31/13 574/137/13 570/143/13
f 568/144/13 470/141/41 469/145/40
f 567/146/13 572/140/13 568/144/13
f 566/147/13 571/142/13 567/146/13
f 565/28/13 570/143/13 566/147/13
f 463/148/81 568/144/13 469/145/40
f 535/149/95 568/144/13 536/150/94
f 534/151/95 567/146/13 535/149/95
f 533/29/26 566/147/13 534/151/95
f 560/152/106 484/40/34 483/153/107
f 559/154/108 564/155/109 560/152/106
f 559/154/108 562/156/110 563/157/111
f 558/158/112 561/16/128 562/156/110
f 556/159/113 483/153/107 482/38/32
f 556/159/113 559/154/108 560/152/106
f 554/160/114 559/154/108 555/161/115
f 554/160/114 557/25/23 558/158/112
f 481/36/30 556/159/113 482/38/32
f 552/162/116 555/161/115 556/159/113
f 550/163/117 555/161/115 551/164/118
f 549/20/18 554/160/114 550/163/117
f 468/5/5 552/162/116 481/36/30
f 540/165/119 551/164/118 552/162/116
f 538/167/121 551/164/118 539/166/120
f 537/21/19 550/163/117 538/167/121
f 564/155/109 466/8/8 484/40/34
f 563/157/111 545/168/122 564/155/109
f 562/156/110 546/169/123 563/157/111
f 562/156/110 548/18/17 547/170/124
f 580/136/13 461/171/53 472/133/49
f 579/138/13 541/172/72 580/136/13
f 578/139/13 542/173/105 579/138/13
f 577/13/13 543/174/105 578/139/13
f 466/8/8 593/119/97 497/9/9
f 545/175/122 594/121/99 593/119/97
f 546/176/123 595/177/125 594/121/99
f 595/177/125 548/178/17 596/10/10
f 464/2/2 609/104/85 489/3/3
f 537/179/19 610/180/126 609/104/85
f 538/181/121 611/107/88 610/180/126
f 611/107/88 540/182/119 612/4/4
f 681/1/1 616/2/2 641/3/3
f 764/4/4 620/5/5 645/6/6
f 665/7/7 618/8/8 649/9/9
f 748/10/10 614/11/11 640/12/12
f 729/13/13 617/14/14 696/15/15
f 713/16/128 614/17/11 700/18/17
f 616/19/2 701/20/18 689/21/19
f 628/22/20 705/23/21 701/20/18
f 627/24/22 709/25/23 705/23/21
f 709/25/23 625/26/24 713/16/128
f 619/27/25 717/28/13 685/29/26
f 632/30/27 721/31/13 717/28/13
f 631/32/28 725/33/13 721/31/13
f 630/34/28 729/13/13 725/33/13
f 620/5/5 653/35/29 645/6/6
f 633/36/30 657/37/31 653/35/29
f 634/38/32 661/39/33 657/37/31
f 661/39/33 636/40/34 665/7/7
f 614/41/11 669/42/35 640/43/12
f 625/44/24 673/45/36 669/42/35
f 673/45/36 627/187/22 677/47/38
f 677/47/38 628/48/20 681/1/1
f 680/49/39 621/50/40 622/51/41
f 680/49/39 683/52/42 684/53/43
f 678/54/44 683/52/42 679/55/44
f 678/54/44 681/1/1 682/56/45
f 676/57/46 622/51/41 623/58/41
f 675/59/47 680/49/39 676/57/46
f 674/60/47 679/55/44 675/59/47
f 673/45/36 678/54/44 674/60/47
f 672/61/48 623/58/41 624/62/49
f 671/63/50 676/57/46 672/61/48
f 671/63/50 674/60/47 675/59/47
f 669/42/35 674/60/47 670/64/51
f 637/65/129 624/62/49 613/66/53
f 638/67/54 672/61/48 637/65/129
f 639/68/55 671/63/50 638/67/54
f 640/43/12 670/64/51 639/68/55
f 664/69/56 629/70/57 630/34/28
f 664/69/56 667/71/58 668/72/59
f 662/73/60 667/71/58 663/74/60
f 662/73/60 665/7/7 666/75/61
f 660/76/62 630/34/28 631/32/28
f 659/77/63 664/69/56 660/76/62
f 658/78/64 663/74/60 659/77/63
f 657/37/31 662/73/60 658/78/64
f 656/79/65 631/32/28 632/30/27
f 655/80/66 660/76/62 656/79/65
f 655/80/66 658/78/64 659/77/63
f 653/35/29 658/78/64 654/81/67
f 619/27/25 656/79/65 632/30/27
f 647/83/69 656/79/65 648/82/68
f 646/84/70 655/80/66 647/83/69
f 645/6/6 654/81/67 646/84/70
f 736/85/71 613/86/53 693/87/72
f 736/85/71 638/88/54 637/89/129
f 744/90/73 638/88/54 740/91/74
f 748/10/10 639/92/55 744/90/73
f 668/72/59 617/14/14 629/70/57
f 668/72/59 651/93/75 652/94/76
f 666/75/61 651/93/75 667/71/58
f 665/7/7 650/95/77 666/75/61
f 685/97/26 648/82/68 619/27/25
f 752/96/78 647/83/69 648/82/68
f 760/98/79 647/83/69 756/99/80
f 764/4/4 646/84/70 760/98/79
f 621/50/40 644/102/83 615/100/81
f 684/53/43 643/101/132 644/102/83
f 683/52/42 642/103/84 643/101/132
f 682/56/45 641/3/3 642/103/84
f 641/3/3 757/105/86 642/103/84
f 761/104/85 758/106/87 757/105/86
f 758/106/87 763/107/88 759/108/89
f 759/108/89 764/4/4 760/98/79
f 642/103/84 753/109/90 643/101/132
f 753/109/90 758/106/87 754/110/87
f 754/110/87 759/108/89 755/111/89
f 759/108/89 756/99/80 755/111/89
f 643/101/132 749/112/130 644/102/83
f 753/109/90 750/113/92 749/112/130
f 750/113/92 755/111/89 751/114/93
f 751/114/93 756/99/80 752/96/78
f 615/100/81 749/112/130 688/115/94
f 688/115/94 750/113/92 687/116/95
f 687/116/95 751/114/93 686/117/95
f 686/117/95 752/96/78 685/97/26
f 649/9/9 741/118/96 650/95/77
f 745/119/97 742/120/98 741/118/96
f 746/121/99 743/122/100 742/120/98
f 743/122/100 748/10/10 744/90/73
f 650/95/77 737/123/101 651/93/75
f 737/123/101 742/120/98 738/124/98
f 742/120/98 739/125/100 738/124/98
f 743/122/100 740/91/74 739/125/100
f 651/93/75 733/126/102 652/94/76
f 737/123/101 734/127/103 733/126/102
f 738/124/98 735/128/104 734/127/103
f 735/128/104 740/91/74 736/85/71
f 652/94/76 696/129/15 617/14/14
f 733/126/102 695/130/105 696/129/15
f 734/127/103 694/131/105 695/130/105
f 735/128/104 693/87/72 694/131/105
f 728/132/13 624/133/49 623/134/41
f 727/135/13 732/136/13 728/132/13
f 726/137/13 731/138/13 727/135/13
f 725/33/13 730/139/13 726/137/13
f 724/140/13 623/134/41 622/141/41
f 723/142/13 728/132/13 724/140/13
f 722/143/13 727/135/13 723/142/13
f 721/31/13 726/137/13 722/143/13
f 720/144/13 622/141/41 621/145/40
f 719/146/13 724/140/13 720/144/13
f 718/147/13 723/142/13 719/146/13
f 717/28/13 722/143/13 718/147/13
f 615/148/81 720/144/13 621/145/40
f 687/149/95 720/144/13 688/150/94
f 686/151/95 719/146/13 687/149/95
f 685/29/26 718/147/13 686/151/95
f 712/152/106 636/40/34 635/153/107
f 711/154/108 716/155/109 712/152/106
f 711/154/108 714/156/110 715/157/111
f 710/158/112 713/16/128 714/156/110
f 634/38/32 712/152/106 635/153/107
f 708/159/113 711/154/108 712/152/106
f 706/160/114 711/154/108 707/161/115
f 706/160/114 709/25/23 710/158/112
f 633/36/30 708/159/113 634/38/32
f 704/162/116 707/161/115 708/159/113
f 702/163/117 707/161/115 703/164/118
f 701/20/18 706/160/114 702/163/117
f 620/5/5 704/162/116 633/36/30
f 692/165/119 703/164/118 704/162/116
f 690/167/121 703/164/118 691/166/120
f 689/21/19 702/163/117 690/167/121
f 716/155/109 618/8/8 636/40/34
f 715/157/111 697/168/122 716/155/109
f 714/156/110 698/169/123 715/157/111
f 714/156/110 700/18/17 699/170/124
f 732/136/13 613/171/53 624/133/49
f 731/138/13 693/172/72 732/136/13
f 730/139/13 694/173/105 731/138/13
f 729/13/13 695/174/105 730/139/13
f 618/8/8 745/119/97 649/9/9
f 697/175/122 746/121/99 745/119/97
f 698/176/123 747/177/125 746/121/99
f 747/177/125 700/178/17 748/10/10
f 616/2/2 761/104/85 641/3/3
f 689/179/19 762/180/126 761/104/85
f 690/181/121 763/107/88 762/180/126
f 763/107/88 692/182/119 764/4/4
f 833/1/1 768/2/2 793/3/3
f 916/4/4 772/5/5 797/6/6
f 817/7/7 770/8/8 801/9/9
f 900/10/10 766/11/11 792/12/12
f 881/13/13 769/14/14 848/15/15
f 865/16/128 766/17/11 852/18/17
f 768/19/2 853/20/18 841/21/19
f 780/22/20 857/23/21 853/20/18
f 779/24/22 861/25/23 857/23/21
f 861/25/23 777/26/24 865/16/128
f 771/27/25 869/28/13 837/29/26
f 784/30/27 873/31/13 869/28/13
f 783/32/28 877/33/13 873/31/13
f 782/34/28 881/13/13 877/33/13
f 772/5/5 805/35/29 797/6/6
f 785/36/30 809/37/31 805/35/29
f 786/38/32 813/39/33 809/37/31
f 813/39/33 788/40/34 817/7/7
f 766/41/11 821/42/35 792/43/12
f 777/44/24 825/45/36 821/42/35
f 825/45/36 779/187/22 829/47/38
f 829/47/38 780/48/20 833/1/1
f 832/49/39 773/50/40 774/51/41
f 832/49/39 835/52/42 836/53/43
f 830/54/44 835/52/42 831/55/44
f 830/54/44 833/1/1 834/56/45
f 828/57/46 774/51/41 775/58/41
f 827/59/47 832/49/39 828/57/46
f 826/60/47 831/55/44 827/59/47
f 825/45/36 830/54/44 826/60/47
f 824/61/48 775/58/41 776/62/49
f 823/63/50 828/57/46 824/61/48
f 823/63/50 826/60/47 827/59/47
f 821/42/35 826/60/47 822/64/51
f 789/65/129 776/62/49 765/66/53
f 790/67/54 824/61/48 789/65/129
f 791/68/55 823/63/50 790/67/54
f 792/43/12 822/64/51 791/68/55
f 816/69/56 781/70/57 782/34/28
f 816/69/56 819/71/58 820/72/59
f 814/73/60 819/71/58 815/74/60
f 814/73/60 817/7/7 818/75/61
f 812/76/62 782/34/28 783/32/28
f 811/77/63 816/69/56 812/76/62
f 810/78/64 815/74/60 811/77/63
f 809/37/31 814/73/60 810/78/64
f 808/79/65 783/32/28 784/30/27
f 807/80/66 812/76/62 808/79/65
f 807/80/66 810/78/64 811/77/63
f 805/35/29 810/78/64 806/81/67
f 771/27/25 808/79/65 784/30/27
f 799/83/69 808/79/65 800/82/68
f 798/84/70 807/80/66 799/83/69
f 797/6/6 806/81/67 798/84/70
f 888/85/71 765/86/53 845/87/72
f 888/85/71 790/88/54 789/89/129
f 896/90/73 790/88/54 892/91/74
f 900/10/10 791/92/55 896/90/73
f 820/72/59 769/14/14 781/70/57
f 820/72/59 803/93/75 804/94/76
f 818/75/61 803/93/75 819/71/58
f 817/7/7 802/95/77 818/75/61
f 837/97/26 800/82/68 771/27/25
f 904/96/78 799/83/69 800/82/68
f 912/98/79 799/83/69 908/99/80
f 916/4/4 798/84/70 912/98/79
f 773/50/40 796/102/83 767/100/81
f 836/53/43 795/101/132 796/102/83
f 835/52/42 794/103/84 795/101/132
f 834/56/45 793/3/3 794/103/84
f 793/3/3 909/105/86 794/103/84
f 913/104/85 910/106/87 909/105/86
f 914/180/126 911/108/89 910/106/87
f 911/108/89 916/4/4 912/98/79
f 794/103/84 905/109/90 795/101/132
f 905/109/90 910/106/87 906/110/87
f 910/106/87 907/111/89 906/110/87
f 911/108/89 908/99/80 907/111/89
f 795/101/132 901/112/130 796/102/83
f 905/109/90 902/113/92 901/112/130
f 906/110/87 903/114/93 902/113/92
f 903/114/93 908/99/80 904/96/78
f 767/100/81 901/112/130 840/115/94
f 840/115/94 902/113/92 839/116/95
f 839/116/95 903/114/93 838/117/95
f 838/117/95 904/96/78 837/97/26
f 801/9/9 893/118/96 802/95/77
f 897/119/97 894/120/98 893/118/96
f 898/121/99 895/122/100 894/120/98
f 895/122/100 900/10/10 896/90/73
f 802/95/77 889/123/101 803/93/75
f 889/123/101 894/120/98 890/124/98
f 894/120/98 891/125/100 890/124/98
f 895/122/100 892/91/74 891/125/100
f 803/93/75 885/126/102 804/94/76
f 889/123/101 886/127/103 885/126/102
f 890/124/98 887/128/104 886/127/103
f 887/128/104 892/91/74 888/85/71
f 804/94/76 848/129/15 769/14/14
f 885/126/102 847/130/105 848/129/15
f 886/127/103 846/131/105 847/130/105
f 887/128/104 845/87/72 846/131/105
f 880/132/13 776/133/49 775/134/41
f 879/135/13 884/136/13 880/132/13
f 878/137/13 883/138/13 879/135/13
f 877/33/13 882/139/13 878/137/13
f 876/140/13 775/134/41 774/141/41
f 875/142/13 880/132/13 876/140/13
f 874/143/13 879/135/13 875/142/13
f 873/31/13 878/137/13 874/143/13
f 872/144/13 774/141/41 773/145/40
f 871/146/13 876/140/13 872/144/13
f 870/147/13 875/142/13 871/146/13
f 869/28/13 874/143/13 870/147/13
f 767/148/81 872/144/13 773/145/40
f 839/149/95 872/144/13 840/150/94
f 838/151/95 871/146/13 839/149/95
f 837/29/26 870/147/13 838/151/95
f 864/152/106 788/40/34 787/153/107
f 863/154/108 868/155/109 864/152/106
f 863/154/108 866/156/110 867/157/111
f 862/158/112 865/16/128 866/156/110
f 786/38/32 864/152/106 787/153/107
f 860/159/113 863/154/108 864/152/106
f 858/160/114 863/154/108 859/161/115
f 858/160/114 861/25/23 862/158/112
f 785/36/30 860/159/113 786/38/32
f 856/162/116 859/161/115 860/159/113
f 854/163/117 859/161/115 855/164/118
f 853/20/18 858/160/114 854/163/117
f 772/5/5 856/162/116 785/36/30
f 844/165/119 855/164/118 856/162/116
f 842/167/121 855/164/118 843/166/120
f 841/21/19 854/163/117 842/167/121
f 868/155/109 770/8/8 788/40/34
f 867/157/111 849/168/122 868/155/109
f 866/156/110 850/169/123 867/157/111
f 866/156/110 852/18/17 851/170/124
f 884/136/13 765/171/53 776/133/49
f 883/138/13 845/172/72 884/136/13
f 882/139/13 846/173/105 883/138/13
f 881/13/13 847/174/105 882/139/13
f 770/8/8 897/119/97 801/9/9
f 849/175/122 898/121/99 897/119/97
f 850/176/123 899/177/125 898/121/99
f 899/177/125 852/178/17 900/10/10
f 768/2/2 913/104/85 793/3/3
f 841/179/19 914/180/126 913/104/85
f 842/181/121 915/107/131 914/180/126
f 915/107/131 844/182/119 916/4/4
f 985/1/1 920/2/2 945/3/3
f 1068/4/4 924/5/5 949/6/6
f 969/7/7 922/8/8 953/9/9
f 1052/10/10 918/11/11 944/12/12
f 1033/13/13 921/14/14 1000/15/15
f 1017/16/128 918/17/11 1004/18/17
f 920/19/2 1005/20/18 993/21/19
f 932/22/20 1009/23/21 1005/20/18
f 931/24/22 1013/25/23 1009/23/21
f 1013/25/23 929/26/24 1017/16/128
f 923/27/25 1021/28/13 989/29/26
f 936/30/27 1025/31/13 1021/28/13
f 935/32/28 1029/33/13 1025/31/13
f 934/34/28 1033/13/13 1029/33/13
f 924/5/5 957/35/29 949/6/6
f 937/36/30 961/37/31 957/35/29
f 938/38/32 965/39/33 961/37/31
f 965/39/33 940/40/34 969/7/7
f 918/41/11 973/42/35 944/43/12
f 929/44/24 977/45/36 973/42/35
f 977/45/36 931/187/22 981/47/38
f 981/47/38 932/48/20 985/1/1
f 984/49/39 925/50/40 926/51/41
f 984/49/39 987/52/42 988/53/43
f 982/54/44 987/52/42 983/55/44
f 982/54/44 985/1/1 986/56/45
f 980/57/46 926/51/41 927/58/41
f 979/59/47 984/49/39 980/57/46
f 978/60/47 983/55/44 979/59/47
f 977/45/36 982/54/44 978/60/47
f 976/61/48 927/58/41 928/62/49
f 975/63/50 980/57/46 976/61/48
f 975/63/50 978/60/47 979/59/47
f 973/42/35 978/60/47 974/64/51
f 941/65/129 928/62/49 917/66/53
f 942/67/54 976/61/48 941/65/129
f 943/68/55 975/63/50 942/67/54
f 944/43/12 974/64/51 943/68/55
f 968/69/56 933/70/57 934/34/28
f 968/69/56 971/71/58 972/72/59
f 966/73/60 971/71/58 967/74/60
f 966/73/60 969/7/7 970/75/61
f 964/76/62 934/34/28 935/32/28
f 963/77/63 968/69/56 964/76/62
f 962/78/64 967/74/60 963/77/63
f 961/37/31 966/73/60 962/78/64
f 960/79/65 935/32/28 936/30/27
f 959/80/66 964/76/62 960/79/65
f 959/80/66 962/78/64 963/77/63
f 957/35/29 962/78/64 958/81/67
f 923/27/25 960/79/65 936/30/27
f 951/83/69 960/79/65 952/82/68
f 950/84/70 959/80/66 951/83/69
f 949/6/6 958/81/67 950/84/70
f 1040/85/71 917/86/53 997/87/72
f 1040/85/71 942/88/54 941/89/129
f 1048/90/73 942/88/54 1044/91/74
f 1052/10/10 943/92/55 1048/90/73
f 972/72/59 921/14/14 933/70/57
f 972/72/59 955/93/75 956/94/76
f 970/75/61 955/93/75 971/71/58
f 969/7/7 954/95/77 970/75/61
f 989/97/26 952/82/68 923/27/25
f 1056/96/78 951/83/69 952/82/68
f 1064/98/79 951/83/69 1060/99/80
f 1068/4/4 950/84/70 1064/98/79
f 925/50/40 948/102/83 919/100/133
f 988/53/43 947/101/82 948/102/83
f 986/56/45 947/101/82 987/52/42
f 985/1/1 946/103/84 986/56/45
f 945/3/3 1061/105/86 946/103/84
f 1065/104/85 1062/106/87 1061/105/86
f 1062/106/87 1067/107/131 1063/108/89
f 1063/108/89 1068/4/4 1064/98/79
f 946/103/84 1057/109/90 947/101/82
f 1057/109/90 1062/106/87 1058/110/87
f 1062/106/87 1059/111/89 1058/110/87
f 1063/108/89 1060/99/80 1059/111/89
f 947/101/82 1053/112/91 948/102/83
f 1057/109/90 1054/113/92 1053/112/91
f 1054/113/92 1059/111/89 1055/114/93
f 1055/114/93 1060/99/80 1056/96/78
f 948/102/83 992/115/94 919/100/133
f 992/115/94 1054/113/92 991/116/95
f 991/116/95 1055/114/93 990/117/95
f 990/117/95 1056/96/78 989/97/26
f 953/9/9 1045/118/96 954/95/77
f 1049/119/97 1046/120/98 1045/118/96
f 1050/121/99 1047/122/100 1046/120/98
f 1047/122/100 1052/10/10 1048/90/73
f 954/95/77 1041/123/101 955/93/75
f 1041/123/101 1046/120/98 1042/124/98
f 1046/120/98 1043/125/100 1042/124/98
f 1047/122/100 1044/91/74 1043/125/100
f 955/93/75 1037/126/102 956/94/76
f 1041/123/101 1038/127/103 1037/126/102
f 1042/124/98 1039/128/104 1038/127/103
f 1039/128/104 1044/91/74 1040/85/71
f 956/94/76 1000/129/15 921/14/14
f 1037/126/102 999/130/105 1000/129/15
f 1038/127/103 998/131/105 999/130/105
f 1039/128/104 997/87/72 998/131/105
f 1032/132/13 928/133/49 927/134/41
f 1031/135/13 1036/136/13 1032/132/13
f 1030/137/13 1035/138/13 1031/135/13
f 1029/33/13 1034/139/13 1030/137/13
f 1028/140/13 927/134/41 926/141/41
f 1027/142/13 1032/132/13 1028/140/13
f 1026/143/13 1031/135/13 1027/142/13
f 1025/31/13 1030/137/13 1026/143/13
f 1024/144/13 926/141/41 925/145/40
f 1023/146/13 1028/140/13 1024/144/13
f 1022/147/13 1027/142/13 1023/146/13
f 1021/28/13 1026/143/13 1022/147/13
f 919/148/133 1024/144/13 925/145/40
f 991/149/95 1024/144/13 992/150/94
f 990/151/95 1023/146/13 991/149/95
f 989/29/26 1022/147/13 990/151/95
f 1016/152/106 940/40/34 939/153/107
f 1015/154/108 1020/155/109 1016/152/106
f 1015/154/108 1018/156/110 1019/157/111
f 1014/158/112 1017/16/128 1018/156/110
f 938/38/32 1016/152/106 939/153/107
f 1012/159/113 1015/154/108 1016/152/106
f 1010/160/114 1015/154/108 1011/161/115
f 1010/160/114 1013/25/23 1014/158/112
f 937/36/30 1012/159/113 938/38/32
f 1008/162/116 1011/161/115 1012/159/113
f 1006/163/117 1011/161/115 1007/164/118
f 1005/20/18 1010/160/114 1006/163/117
f 924/5/5 1008/162/116 937/36/30
f 996/165/119 1007/164/118 1008/162/116
f 994/167/121 1007/164/118 995/166/120
f 993/21/19 1006/163/117 994/167/121
f 1020/155/109 922/8/8 940/40/34
f 1019/157/111 1001/168/122 1020/155/109
f 1019/157/111 1003/170/124 1002/169/123
f 1018/156/110 1004/18/17 1003/170/124
f 1036/136/13 917/171/53 928/133/49
f 1035/138/13 997/172/72 1036/136/13
f 1034/139/13 998/173/105 1035/138/13
f 1033/13/13 999/174/105 1034/139/13
f 922/8/8 1049/119/97 953/9/9
f 1001/175/122 1050/121/99 1049/119/97
f 1002/176/123 1051/177/125 1050/121/99
f 1051/177/125 1004/178/17 1052/10/10
f 920/2/2 1065/104/85 945/3/3
f 993/179/19 1066/180/126 1065/104/85
f 1066/180/126 995/186/120 1067/107/131
f 1067/107/131 996/182/119 1068/4/4
f 1137/1/1 1072/2/2 1097/3/3
f 1220/4/4 1076/5/5 1101/6/6
f 1121/7/7 1074/8/8 1105/9/9
f 1204/10/10 1070/11/11 1096/12/12
f 1185/13/13 1073/14/14 1152/15/15
f 1169/16/128 1070/17/11 1156/18/17
f 1072/19/2 1157/20/18 1145/21/19
f 1084/22/20 1161/23/21 1157/20/18
f 1083/24/22 1165/25/23 1161/23/21
f 1165/25/23 1081/26/24 1169/16/128
f 1075/27/134 1173/28/13 1141/29/26
f 1088/30/27 1177/31/13 1173/28/13
f 1087/32/28 1181/33/13 1177/31/13
f 1086/34/28 1185/13/13 1181/33/13
f 1076/5/5 1109/35/29 1101/6/6
f 1089/36/30 1113/37/31 1109/35/29
f 1090/38/32 1117/39/33 1113/37/31
f 1117/39/33 1092/40/34 1121/7/7
f 1070/41/11 1125/42/35 1096/43/12
f 1081/44/24 1129/45/36 1125/42/35
f 1082/46/37 1133/47/38 1129/45/36
f 1133/47/38 1084/48/20 1137/1/1
f 1136/49/39 1077/50/40 1078/51/41
f 1136/49/39 1139/52/42 1140/53/43
f 1134/54/44 1139/52/42 1135/55/44
f 1134/54/44 1137/1/1 1138/56/45
f 1132/57/46 1078/51/41 1079/58/41
f 1131/59/47 1136/49/39 1132/57/46
f 1130/60/47 1135/55/44 1131/59/47
f 1129/45/36 1134/54/44 1130/60/47
f 1128/61/48 1079/58/41 1080/62/49
f 1127/63/50 1132/57/46 1128/61/48
f 1127/63/50 1130/60/47 1131/59/47
f 1125/42/35 1130/60/47 1126/64/51
f 1093/65/129 1080/62/49 1069/66/53
f 1094/67/54 1128/61/48 1093/65/129
f 1095/68/55 1127/63/50 1094/67/54
f 1096/43/12 1126/64/51 1095/68/55
f 1120/69/56 1085/70/57 1086/34/28
f 1120/69/56 1123/71/58 1124/72/59
f 1118/73/60 1123/71/58 1119/74/60
f 1118/73/60 1121/7/7 1122/75/61
f 1116/76/62 1086/34/28 1087/32/28
f 1115/77/63 1120/69/56 1116/76/62
f 1114/78/64 1119/74/60 1115/77/63
f 1113/37/31 1118/73/60 1114/78/64
f 1112/79/65 1087/32/28 1088/30/27
f 1111/80/66 1116/76/62 1112/79/65
f 1111/80/66 1114/78/64 1115/77/63
f 1109/35/29 1114/78/64 1110/81/67
f 1104/82/68 1088/30/27 1075/27/134
f 1103/83/69 1112/79/65 1104/82/68
f 1102/84/70 1111/80/66 1103/83/69
f 1101/6/6 1110/81/67 1102/84/70
f 1192/85/71 1069/86/53 1149/87/72
f 1192/85/71 1094/88/54 1093/89/129
f 1200/90/73 1094/88/54 1196/91/74
f 1204/10/10 1095/92/55 1200/90/73
f 1124/72/59 1073/14/14 1085/70/57
f 1124/72/59 1107/93/75 1108/94/76
f 1122/75/61 1107/93/75 1123/71/58
f 1121/7/7 1106/95/77 1122/75/61
f 1141/97/26 1104/82/68 1075/27/134
f 1208/96/78 1103/83/69 1104/82/68
f 1212/99/80 1102/84/70 1103/83/69
f 1220/4/4 1102/84/70 1216/98/79
f 1077/50/40 1100/102/83 1071/100/81
f 1140/53/43 1099/101/82 1100/102/83
f 1138/56/45 1099/101/82 1139/52/42
f 1138/56/45 1097/3/3 1098/103/84
f 1097/3/3 1213/105/86 1098/103/84
f 1217/104/85 1214/106/87 1213/105/86
f 1218/180/126 1215/108/89 1214/106/87
f 1215/108/89 1220/4/4 1216/98/79
f 1098/103/84 1209/109/90 1099/101/82
f 1209/109/90 1214/106/87 1210/110/87
f 1214/106/87 1211/111/89 1210/110/87
f 1215/108/89 1212/99/80 1211/111/89
f 1099/101/82 1205/112/91 1100/102/83
f 1209/109/90 1206/113/92 1205/112/91
f 1206/113/92 1211/111/89 1207/114/93
f 1207/114/93 1212/99/80 1208/96/78
f 1071/100/81 1205/112/91 1144/115/94
f 1144/115/94 1206/113/92 1143/116/95
f 1143/116/95 1207/114/93 1142/117/95
f 1142/117/95 1208/96/78 1141/97/26
f 1105/9/9 1197/118/96 1106/95/77
f 1201/119/97 1198/120/98 1197/118/96
f 1202/121/99 1199/122/100 1198/120/98
f 1199/122/100 1204/10/10 1200/90/73
f 1106/95/77 1193/123/101 1107/93/75
f 1193/123/101 1198/120/98 1194/124/98
f 1198/120/98 1195/125/100 1194/124/98
f 1199/122/100 1196/91/74 1195/125/100
f 1107/93/75 1189/126/102 1108/94/76
f 1193/123/101 1190/127/103 1189/126/102
f 1194/124/98 1191/128/104 1190/127/103
f 1191/128/104 1196/91/74 1192/85/71
f 1108/94/76 1152/129/15 1073/14/14
f 1189/126/102 1151/130/105 1152/129/15
f 1190/127/103 1150/131/105 1151/130/105
f 1191/128/104 1149/87/72 1150/131/105
f 1184/132/13 1080/133/49 1079/134/41
f 1183/135/13 1188/136/13 1184/132/13
f 1182/137/13 1187/138/13 1183/135/13
f 1181/33/13 1186/139/13 1182/137/13
f 1180/140/13 1079/134/41 1078/141/41
f 1179/142/13 1184/132/13 1180/140/13
f 1178/143/13 1183/135/13 1179/142/13
f 1177/31/13 1182/137/13 1178/143/13
f 1176/144/13 1078/141/41 1077/145/40
f 1175/146/13 1180/140/13 1176/144/13
f 1174/147/13 1179/142/13 1175/146/13
f 1173/28/13 1178/143/13 1174/147/13
f 1071/148/81 1176/144/13 1077/145/40
f 1143/149/95 1176/144/13 1144/150/94
f 1142/151/95 1175/146/13 1143/149/95
f 1141/29/26 1174/147/13 1142/151/95
f 1168/152/106 1092/40/34 1091/153/107
f 1167/154/108 1172/155/109 1168/152/106
f 1167/154/108 1170/156/110 1171/157/111
f 1166/158/112 1169/16/128 1170/156/110
f 1164/159/113 1091/153/107 1090/38/32
f 1164/159/113 1167/154/108 1168/152/106
f 1162/160/114 1167/154/108 1163/161/115
f 1162/160/114 1165/25/23 1166/158/112
f 1089/36/30 1164/159/113 1090/38/32
f 1160/162/116 1163/161/115 1164/159/113
f 1158/163/117 1163/161/115 1159/164/118
f 1157/20/18 1162/160/114 1158/163/117
f 1076/5/5 1160/162/116 1089/36/30
f 1148/165/119 1159/164/118 1160/162/116
f 1147/166/120 1158/163/117 1159/164/118
f 1145/21/19 1158/163/117 1146/167/121
f 1172/155/109 1074/8/8 1092/40/34
f 1171/157/111 1153/168/122 1172/155/109
f 1170/156/110 1154/169/123 1171/157/111
f 1170/156/110 1156/18/17 1155/170/124
f 1188/136/13 1069/171/53 1080/133/49
f 1187/138/13 1149/172/72 1188/136/13
f 1186/139/13 1150/173/105 1187/138/13
f 1185/13/13 1151/174/105 1186/139/13
f 1074/8/8 1201/119/97 1105/9/9
f 1153/175/122 1202/121/99 1201/119/97
f 1154/176/123 1203/177/125 1202/121/99
f 1203/177/125 1156/178/17 1204/10/10
f 1072/2/2 1217/104/85 1097/3/3
f 1145/179/19 1218/180/126 1217/104/85
f 1218/180/126 1147/186/120 1219/107/131
f 1219/107/131 1148/182/119 1220/4/4
f 1289/1/1 1224/2/2 1249/3/3
f 1372/4/4 1228/5/5 1253/6/6
f 1273/7/7 1226/8/8 1257/9/9
f 1356/10/10 1222/11/11 1248/12/135
f 1337/13/13 1225/14/14 1304/15/15
f 1321/16/128 1222/17/11 1308/18/17
f 1224/19/2 1309/20/18 1297/21/19
f 1236/22/20 1313/23/21 1309/20/18
f 1235/24/22 1317/25/23 1313/23/21
f 1317/25/23 1233/26/24 1321/16/128
f 1227/27/25 1325/28/13 1293/29/26
f 1240/30/27 1329/31/13 1325/28/13
f 1239/32/28 1333/33/13 1329/31/13
f 1238/34/28 1337/13/13 1333/33/13
f 1228/5/5 1261/35/29 1253/6/6
f 1241/36/30 1265/37/31 1261/35/29
f 1242/38/32 1269/39/33 1265/37/31
f 1269/39/33 1244/40/34 1273/7/7
f 1222/41/11 1277/42/35 1248/43/135
f 1233/44/24 1281/45/36 1277/42/35
f 1234/46/37 1285/47/38 1281/45/36
f 1285/47/38 1236/48/20 1289/1/1
f 1288/49/39 1229/50/40 1230/51/41
f 1288/49/39 1291/52/42 1292/53/43
f 1286/54/44 1291/52/42 1287/55/44
f 1286/54/44 1289/1/1 1290/56/45
f 1284/57/136 1230/51/41 1231/58/41
f 1283/59/47 1288/49/39 1284/57/136
f 1282/60/47 1287/55/44 1283/59/47
f 1281/45/36 1286/54/44 1282/60/47
f 1280/61/48 1231/58/41 1232/62/49
f 1279/63/50 1284/57/136 1280/61/48
f 1279/63/50 1282/60/47 1283/59/47
f 1277/42/35 1282/60/47 1278/64/51
f 1221/66/53 1280/61/48 1232/62/49
f 1246/67/54 1280/61/48 1245/65/129
f 1246/67/54 1278/64/51 1279/63/50
f 1247/68/55 1277/42/35 1278/64/51
f 1272/69/56 1237/70/57 1238/34/28
f 1272/69/56 1275/71/58 1276/72/59
f 1270/73/60 1275/71/58 1271/74/60
f 1270/73/60 1273/7/7 1274/75/61
f 1268/76/62 1238/34/28 1239/32/28
f 1267/77/63 1272/69/56 1268/76/62
f 1266/78/64 1271/74/60 1267/77/63
f 1265/37/31 1270/73/60 1266/78/64
f 1264/79/65 1239/32/28 1240/30/27
f 1263/80/66 1268/76/62 1264/79/65
f 1263/80/66 1266/78/64 1267/77/63
f 1261/35/29 1266/78/64 1262/81/67
f 1227/27/25 1264/79/65 1240/30/27
f 1255/83/69 1264/79/65 1256/82/68
f 1254/84/70 1263/80/66 1255/83/69
f 1253/6/6 1262/81/67 1254/84/70
f 1301/87/72 1245/89/129 1221/86/53
f 1344/85/71 1246/88/54 1245/89/129
f 1352/90/73 1246/88/54 1348/91/74
f 1356/10/10 1247/92/55 1352/90/73
f 1276/72/59 1225/14/14 1237/70/57
f 1276/72/59 1259/93/75 1260/94/76
f 1275/71/58 1258/95/77 1259/93/75
f 1273/7/7 1258/95/77 1274/75/61
f 1293/97/26 1256/82/68 1227/27/25
f 1360/96/78 1255/83/69 1256/82/68
f 1368/98/79 1255/83/69 1364/99/80
f 1372/4/4 1254/84/70 1368/98/79
f 1292/53/43 1223/100/81 1229/50/40
f 1292/53/43 1251/101/132 1252/102/83
f 1290/56/45 1251/101/132 1291/52/42
f 1289/1/1 1250/103/84 1290/56/45
f 1249/3/3 1365/105/86 1250/103/84
f 1369/104/85 1366/106/87 1365/105/86
f 1366/106/87 1371/107/131 1367/108/89
f 1367/108/89 1372/4/4 1368/98/79
f 1251/101/132 1365/105/86 1361/109/90
f 1361/109/90 1366/106/87 1362/110/87
f 1366/106/87 1363/111/89 1362/110/87
f 1367/108/89 1364/99/80 1363/111/89
f 1251/101/132 1357/112/91 1252/102/83
f 1361/109/90 1358/113/92 1357/112/91
f 1362/110/87 1359/114/93 1358/113/92
f 1359/114/93 1364/99/80 1360/96/78
f 1252/102/83 1296/115/94 1223/100/81
f 1296/115/94 1358/113/92 1295/116/95
f 1295/116/95 1359/114/93 1294/117/95
f 1294/117/95 1360/96/78 1293/97/26
f 1257/9/9 1349/118/96 1258/95/77
f 1353/119/97 1350/120/98 1349/118/96
f 1354/121/99 1351/122/100 1350/120/98
f 1351/122/100 1356/10/10 1352/90/73
f 1259/93/75 1349/118/96 1345/123/101
f 1345/123/101 1350/120/98 1346/124/98
f 1346/124/98 1351/122/100 1347/125/100
f 1351/122/100 1348/91/74 1347/125/100
f 1259/93/75 1341/126/102 1260/94/76
f 1345/123/101 1342/127/103 1341/126/102
f 1342/127/103 1347/125/100 1343/128/104
f 1343/128/104 1348/91/74 1344/85/71
f 1260/94/76 1304/129/15 1225/14/14
f 1341/126/102 1303/130/105 1304/129/15
f 1342/127/103 1302/131/105 1303/130/105
f 1343/128/104 1301/87/72 1302/131/105
f 1336/132/13 1232/133/49 1231/134/41
f 1335/135/13 1340/136/13 1336/132/13
f 1334/137/13 1339/138/13 1335/135/13
f 1333/33/13 1338/139/13 1334/137/13
f 1332/140/13 1231/134/41 1230/141/41
f 1331/142/13 1336/132/13 1332/140/13
f 1330/143/13 1335/135/13 1331/142/13
f 1329/31/13 1334/137/13 1330/143/13
f 1328/144/13 1230/141/41 1229/145/40
f 1327/146/13 1332/140/13 1328/144/13
f 1326/147/13 1331/142/13 1327/146/13
f 1325/28/13 1330/143/13 1326/147/13
f 1223/148/81 1328/144/13 1229/145/40
f 1295/149/95 1328/144/13 1296/150/94
f 1294/151/95 1327/146/13 1295/149/95
f 1293/29/26 1326/147/13 1294/151/95
f 1320/152/106 1244/40/34 1243/153/107
f 1319/154/108 1324/155/109 1320/152/106
f 1319/154/108 1322/156/110 1323/157/111
f 1318/158/112 1321/16/128 1322/156/110
f 1316/159/113 1243/153/107 1242/38/32
f 1316/159/113 1319/154/108 1320/152/106
f 1314/160/114 1319/154/108 1315/161/115
f 1314/160/114 1317/25/23 1318/158/112
f 1241/36/30 1316/159/113 1242/38/32
f 1312/162/116 1315/161/115 1316/159/113
f 1310/163/117 1315/161/115 1311/164/118
f 1309/20/18 1314/160/114 1310/163/117
f 1228/5/5 1312/162/116 1241/36/30
f 1300/165/119 1311/164/118 1312/162/116
f 1298/167/121 1311/164/118 1299/166/120
f 1297/21/19 1310/163/117 1298/167/121
f 1324/155/109 1226/8/8 1244/40/34
f 1323/157/111 1305/168/122 1324/155/109
f 1323/157/111 1307/170/124 1306/169/123
f 1322/156/110 1308/18/17 1307/170/124
f 1340/136/13 1221/171/53 1232/133/49
f 1339/138/13 1301/172/72 1340/136/13
f 1338/139/13 1302/173/105 1339/138/13
f 1337/13/13 1303/174/105 1338/139/13
f 1226/8/8 1353/119/97 1257/9/9
f 1305/175/122 1354/121/99 1353/119/97
f 1306/176/123 1355/177/125 1354/121/99
f 1355/177/125 1308/178/17 1356/10/10
f 1224/2/2 1369/104/85 1249/3/3
f 1297/179/19 1370/180/126 1369/104/85
f 1370/180/126 1299/186/120 1371/107/131
f 1371/107/131 1300/182/119 1372/4/4
f 1441/1/1 1376/2/2 1401/3/3
f 1524/4/4 1380/5/5 1405/6/6
f 1425/7/7 1378/8/137 1409/9/9
f 1508/10/10 1374/11/11 1400/12/12
f 1489/13/13 1377/14/14 1456/15/15
f 1473/16/16 1374/17/11 1460/18/17
f 1376/19/2 1461/20/18 1449/21/19
f 1388/22/20 1465/23/21 1461/20/18
f 1387/24/22 1469/25/23 1465/23/21
f 1469/25/23 1385/26/24 1473/16/16
f 1379/27/25 1477/28/13 1445/29/26
f 1392/30/27 1481/31/13 1477/28/13
f 1391/32/28 1485/33/13 1481/31/13
f 1390/34/28 1489/13/13 1485/33/13
f 1380/5/5 1413/35/29 1405/6/6
f 1393/36/30 1417/37/31 1413/35/29
f 1394/38/32 1421/39/33 1417/37/31
f 1421/39/33 1396/40/34 1425/7/7
f 1374/41/11 1429/42/35 1400/43/12
f 1385/44/24 1433/45/36 1429/42/35
f 1386/46/37 1437/47/38 1433/45/36
f 1437/47/38 1388/48/20 1441/1/1
f 1440/49/39 1381/50/40 1382/51/41
f 1440/49/39 1443/52/42 1444/53/43
f 1438/54/44 1443/52/42 1439/55/44
f 1438/54/44 1441/1/1 1442/56/45
f 1436/57/46 1382/51/41 1383/58/41
f 1435/59/47 1440/49/39 1436/57/46
f 1434/60/47 1439/55/44 1435/59/47
f 1433/45/36 1438/54/44 1434/60/47
f 1432/61/48 1383/58/41 1384/62/49
f 1431/63/50 1436/57/46 1432/61/48
f 1431/63/50 1434/60/47 1435/59/47
f 1429/42/35 1434/60/47 1430/64/51
f 1397/65/129 1384/62/49 1373/66/53
f 1398/67/54 1432/61/48 1397/65/129
f 1399/68/55 1431/63/50 1398/67/54
f 1400/43/12 1430/64/51 1399/68/55
f 1424/69/56 1389/70/57 1390/34/28
f 1424/69/56 1427/71/58 1428/72/59
f 1422/73/60 1427/71/58 1423/74/60
f 1422/73/60 1425/7/7 1426/75/61
f 1420/76/62 1390/34/28 1391/32/28
f 1419/77/63 1424/69/56 1420/76/62
f 1418/78/64 1423/74/60 1419/77/63
f 1417/37/31 1422/73/60 1418/78/64
f 1416/79/65 1391/32/28 1392/30/27
f 1415/80/66 1420/76/62 1416/79/65
f 1415/80/66 1418/78/64 1419/77/63
f 1413/35/29 1418/78/64 1414/81/67
f 1408/82/68 1392/30/27 1379/27/25
f 1407/83/69 1416/79/65 1408/82/68
f 1406/84/70 1415/80/66 1407/83/69
f 1405/6/6 1414/81/67 1406/84/70
f 1496/85/71 1373/86/53 1453/87/72
f 1496/85/71 1398/88/54 1397/89/129
f 1500/91/74 1399/92/55 1398/88/54
f 1508/10/10 1399/92/55 1504/90/73
f 1389/70/57 1412/94/76 1377/14/14
f 1428/72/59 1411/93/75 1412/94/76
f 1426/75/61 1411/93/75 1427/71/58
f 1426/75/61 1409/9/9 1410/95/77
f 1512/96/78 1379/27/25 1445/97/26
f 1512/96/78 1407/83/69 1408/82/68
f 1520/98/79 1407/83/69 1516/99/80
f 1524/4/4 1406/84/70 1520/98/79
f 1381/50/40 1404/102/83 1375/100/81
f 1444/53/43 1403/101/132 1404/102/83
f 1443/52/42 1402/103/84 1403/101/132
f 1442/56/45 1401/3/3 1402/103/84
f 1401/3/3 1517/105/86 1402/103/84
f 1521/104/85 1518/106/87 1517/105/86
f 1522/180/126 1519/108/89 1518/106/87
f 1519/108/89 1524/4/4 1520/98/79
f 1402/103/84 1513/109/90 1403/101/132
f 1513/109/90 1518/106/87 1514/110/87
f 1514/110/87 1519/108/89 1515/111/89
f 1519/108/89 1516/99/80 1515/111/89
f 1403/101/132 1509/112/130 1404/102/83
f 1513/109/90 1510/113/92 1509/112/130
f 1514/110/87 1511/114/93 1510/113/92
f 1511/114/93 1516/99/80 1512/96/78
f 1375/100/81 1509/112/130 1448/115/94
f 1448/115/94 1510/113/92 1447/116/95
f 1510/113/92 1446/117/95 1447/116/95
f 1446/117/95 1512/96/78 1445/97/26
f 1410/95/77 1505/119/97 1501/118/96
f 1505/119/97 1502/120/98 1501/118/96
f 1506/121/99 1503/122/100 1502/120/98
f 1503/122/100 1508/10/10 1504/90/73
f 1411/93/75 1501/118/96 1497/123/101
f 1497/123/101 1502/120/98 1498/124/98
f 1502/120/98 1499/125/100 1498/124/98
f 1503/122/100 1500/91/74 1499/125/100
f 1411/93/75 1493/126/102 1412/94/76
f 1497/123/101 1494/127/103 1493/126/102
f 1498/124/98 1495/128/104 1494/127/103
f 1495/128/104 1500/91/74 1496/85/71
f 1377/14/14 1493/126/102 1456/129/15
f 1493/126/102 1455/130/105 1456/129/15
f 1494/127/103 1454/131/105 1455/130/105
f 1495/128/104 1453/87/72 1454/131/105
f 1488/132/13 1384/133/49 1383/134/41
f 1487/135/13 1492/136/13 1488/132/13
f 1486/137/13 1491/138/13 1487/135/13
f 1485/33/13 1490/139/13 1486/137/13
f 1484/140/13 1383/134/41 1382/141/41
f 1483/142/13 1488/132/13 1484/140/13
f 1482/143/13 1487/135/13 1483/142/13
f 1481/31/13 1486/137/13 1482/143/13
f 1480/144/13 1382/141/41 1381/145/40
f 1479/146/13 1484/140/13 1480/144/13
f 1478/147/13 1483/142/13 1479/146/13
f 1477/28/13 1482/143/13 1478/147/13
f 1375/148/81 1480/144/13 1381/145/40
f 1447/149/95 1480/144/13 1448/150/94
f 1446/151/95 1479/146/13 1447/149/95
f 1445/29/26 1478/147/13 1446/151/95
f 1472/152/106 1396/40/34 1395/153/107
f 1471/154/108 1476/155/109 1472/152/106
f 1471/154/108 1474/156/110 1475/157/111
f 1470/158/112 1473/16/16 1474/156/110
f 1468/159/113 1395/153/107 1394/38/32
f 1468/159/113 1471/154/108 1472/152/106
f 1466/160/114 1471/154/108 1467/161/115
f 1466/160/114 1469/25/23 1470/158/112
f 1393/36/30 1468/159/113 1394/38/32
f 1464/162/116 1467/161/115 1468/159/113
f 1462/163/117 1467/161/115 1463/164/118
f 1461/20/18 1466/160/114 1462/163/117
f 1380/5/5 1464/162/116 1393/36/30
f 1452/165/119 1463/164/118 1464/162/116
f 1450/167/121 1463/164/118 1451/166/120
f 1449/21/19 1462/163/117 1450/167/121
f 1476/155/109 1378/8/137 1396/40/34
f 1475/157/111 1457/168/122 1476/155/109
f 1474/156/110 1458/169/123 1475/157/111
f 1474/156/110 1460/18/17 1459/170/124
f 1492/136/13 1373/171/53 1384/133/49
f 1491/138/13 1453/172/72 1492/136/13
f 1490/139/13 1454/173/105 1491/138/13
f 1489/13/13 1455/174/105 1490/139/13
f 1378/8/137 1505/119/97 1409/9/9
f 1457/175/122 1506/121/99 1505/119/97
f 1506/121/99 1459/188/124 1507/177/125
f 1507/177/125 1460/178/17 1508/10/10
f 1376/2/2 1521/104/85 1401/3/3
f 1449/179/19 1522/180/126 1521/104/85
f 1450/181/121 1523/107/131 1522/180/126
f 1523/107/131 1452/182/119 1524/4/4
f 1593/1/1 1528/2/2 1553/3/3
f 1676/4/4 1532/5/5 1557/6/6
f 1577/7/7 1530/8/8 1561/9/9
f 1660/10/10 1526/11/11 1552/12/12
f 1641/13/13 1529/14/14 1608/15/15
f 1625/16/128 1526/17/11 1612/18/17
f 1528/19/2 1613/20/18 1601/21/19
f 1540/22/20 1617/23/21 1613/20/18
f 1539/24/22 1621/25/23 1617/23/21
f 1621/25/23 1537/26/24 1625/16/128
f 1531/27/134 1629/28/13 1597/29/26
f 1544/30/27 1633/31/13 1629/28/13
f 1543/32/28 1637/33/13 1633/31/13
f 1542/34/28 1641/13/13 1637/33/13
f 1532/5/5 1565/35/29 1557/6/6
f 1545/36/30 1569/37/31 1565/35/29
f 1546/38/32 1573/39/33 1569/37/31
f 1573/39/33 1548/40/34 1577/7/7
f 1526/41/11 1581/42/35 1552/43/12
f 1537/44/24 1585/45/36 1581/42/35
f 1585/45/36 1539/187/22 1589/47/38
f 1589/47/38 1540/48/20 1593/1/1
f 1592/49/39 1533/50/40 1534/51/41
f 1592/49/39 1595/52/42 1596/53/43
f 1590/54/44 1595/52/42 1591/55/44
f 1590/54/44 1593/1/1 1594/56/45
f 1588/57/46 1534/51/41 1535/58/41
f 1587/59/47 1592/49/39 1588/57/46
f 1586/60/47 1591/55/44 1587/59/47
f 1585/45/36 1590/54/44 1586/60/47
f 1584/61/48 1535/58/41 1536/62/49
f 1583/63/50 1588/57/46 1584/61/48
f 1583/63/50 1586/60/47 1587/59/47
f 1581/42/35 1586/60/47 1582/64/51
f 1549/65/129 1536/62/49 1525/66/53
f 1550/67/54 1584/61/48 1549/65/129
f 1551/68/55 1583/63/50 1550/67/54
f 1552/43/12 1582/64/51 1551/68/55
f 1576/69/56 1541/70/57 1542/34/28
f 1576/69/56 1579/71/58 1580/72/59
f 1574/73/60 1579/71/58 1575/74/60
f 1574/73/60 1577/7/7 1578/75/61
f 1572/76/62 1542/34/28 1543/32/28
f 1571/77/63 1576/69/56 1572/76/62
f 1570/78/64 1575/74/60 1571/77/63
f 1569/37/31 1574/73/60 1570/78/64
f 1568/79/65 1543/32/28 1544/30/27
f 1567/80/66 1572/76/62 1568/79/65
f 1567/80/66 1570/78/64 1571/77/63
f 1565/35/29 1570/78/64 1566/81/67
f 1560/82/68 1544/30/27 1531/27/134
f 1559/83/69 1568/79/65 1560/82/68
f 1558/84/70 1567/80/66 1559/83/69
f 1557/6/6 1566/81/67 1558/84/70
f 1648/85/71 1525/86/53 1605/87/72
f 1648/85/71 1550/88/54 1549/89/129
f 1656/90/73 1550/88/54 1652/91/74
f 1660/10/10 1551/92/55 1656/90/73
f 1580/72/59 1529/14/14 1541/70/57
f 1580/72/59 1563/93/75 1564/94/76
f 1578/75/61 1563/93/75 1579/71/58
f 1577/7/7 1562/95/77 1578/75/61
f 1597/97/26 1560/82/68 1531/27/134
f 1664/96/78 1559/83/69 1560/82/68
f 1668/99/80 1558/84/70 1559/83/69
f 1676/4/4 1558/84/70 1672/98/79
f 1596/53/43 1527/100/81 1533/50/40
f 1596/53/43 1555/101/82 1556/102/83
f 1594/56/45 1555/101/82 1595/52/42
f 1593/1/1 1554/103/84 1594/56/45
f 1553/3/3 1669/105/86 1554/103/84
f 1673/104/85 1670/106/87 1669/105/86
f 1670/106/87 1675/107/88 1671/108/89
f 1671/108/89 1676/4/4 1672/98/79
f 1554/103/84 1665/109/90 1555/101/82
f 1665/109/90 1670/106/87 1666/110/87
f 1670/106/87 1667/111/89 1666/110/87
f 1671/108/89 1668/99/80 1667/111/89
f 1555/101/82 1661/112/91 1556/102/83
f 1665/109/90 1662/113/92 1661/112/91
f 1662/113/92 1667/111/89 1663/114/93
f 1663/114/93 1668/99/80 1664/96/78
f 1556/102/83 1600/115/94 1527/100/81
f 1600/115/94 1662/113/92 1599/116/95
f 1599/116/95 1663/114/93 1598/117/95
f 1598/117/95 1664/96/78 1597/97/26
f 1561/9/9 1653/118/96 1562/95/77
f 1657/119/97 1654/120/98 1653/118/96
f 1658/121/99 1655/122/100 1654/120/98
f 1655/122/100 1660/10/10 1656/90/73
f 1562/95/77 1649/123/101 1563/93/75
f 1649/123/101 1654/120/98 1650/124/98
f 1654/120/98 1651/125/100 1650/124/98
f 1655/122/100 1652/91/74 1651/125/100
f 1563/93/75 1645/126/102 1564/94/76
f 1649/123/101 1646/127/103 1645/126/102
f 1650/124/98 1647/128/104 1646/127/103
f 1647/128/104 1652/91/74 1648/85/71
f 1564/94/76 1608/129/15 1529/14/14
f 1645/126/102 1607/130/105 1608/129/15
f 1646/127/103 1606/131/105 1607/130/105
f 1647/128/104 1605/87/72 1606/131/105
f 1640/132/13 1536/133/49 1535/134/41
f 1639/135/13 1644/136/13 1640/132/13
f 1638/137/13 1643/138/13 1639/135/13
f 1637/33/13 1642/139/13 1638/137/13
f 1636/140/13 1535/134/41 1534/141/41
f 1635/142/13 1640/132/13 1636/140/13
f 1634/143/13 1639/135/13 1635/142/13
f 1633/31/13 1638/137/13 1634/143/13
f 1632/144/13 1534/141/41 1533/145/40
f 1631/146/13 1636/140/13 1632/144/13
f 1630/147/13 1635/142/13 1631/146/13
f 1629/28/13 1634/143/13 1630/147/13
f 1527/148/81 1632/144/13 1533/145/40
f 1599/149/95 1632/144/13 1600/150/94
f 1598/151/95 1631/146/13 1599/149/95
f 1597/29/26 1630/147/13 1598/151/95
f 1624/152/106 1548/40/34 1547/153/107
f 1623/154/108 1628/155/109 1624/152/106
f 1623/154/108 1626/156/110 1627/157/111
f 1622/158/112 1625/16/128 1626/156/110
f 1546/38/32 1624/152/106 1547/153/107
f 1620/159/113 1623/154/108 1624/152/106
f 1618/160/114 1623/154/108 1619/161/115
f 1618/160/114 1621/25/23 1622/158/112
f 1545/36/30 1620/159/113 1546/38/32
f 1616/162/116 1619/161/115 1620/159/113
f 1614/163/117 1619/161/115 1615/164/118
f 1613/20/18 1618/160/114 1614/163/117
f 1532/5/5 1616/162/116 1545/36/30
f 1604/165/119 1615/164/118 1616/162/116
f 1602/167/121 1615/164/118 1603/166/120
f 1601/21/19 1614/163/117 1602/167/121
f 1628/155/109 1530/8/8 1548/40/34
f 1627/157/111 1609/168/122 1628/155/109
f 1627/157/111 1611/170/124 1610/169/123
f 1626/156/110 1612/18/17 1611/170/124
f 1644/136/13 1525/171/53 1536/133/49
f 1643/138/13 1605/172/72 1644/136/13
f 1642/139/13 1606/173/105 1643/138/13
f 1641/13/13 1607/174/105 1642/139/13
f 1530/8/8 1657/119/97 1561/9/9
f 1609/175/122 1658/121/99 1657/119/97
f 1610/176/123 1659/177/125 1658/121/99
f 1659/177/125 1612/178/17 1660/10/10
f 1528/2/2 1673/104/85 1553/3/3
f 1601/179/19 1674/180/126 1673/104/85
f 1674/180/126 1603/186/120 1675/107/88
f 1675/107/88 1604/182/119 1676/4/4
f 1745/1/1 1680/2/2 1705/3/3
f 1828/4/4 1684/5/5 1709/6/6
f 1729/7/7 1682/8/137 1713/9/9
f 1812/10/10 1678/11/11 1704/12/12
f 1793/13/13 1681/14/14 1760/15/15
f 1777/16/16 1678/17/11 1764/18/17
f 1680/19/2 1765/20/18 1753/21/19
f 1692/22/20 1769/23/21 1765/20/18
f 1691/24/22 1773/25/23 1769/23/21
f 1773/25/23 1689/26/24 1777/16/16
f 1683/27/25 1781/28/13 1749/29/26
f 1696/30/27 1785/31/13 1781/28/13
f 1695/32/28 1789/33/13 1785/31/13
f 1694/34/28 1793/13/13 1789/33/13
f 1684/5/5 1717/35/29 1709/6/6
f 1697/36/30 1721/37/31 1717/35/29
f 1698/38/32 1725/39/33 1721/37/31
f 1725/39/33 1700/40/34 1729/7/7
f 1678/41/11 1733/42/35 1704/43/12
f 1689/44/24 1737/45/36 1733/42/35
f 1690/46/37 1741/47/38 1737/45/36
f 1741/47/38 1692/48/20 1745/1/1
f 1744/49/39 1685/50/40 1686/51/41
f 1744/49/39 1747/52/42 1748/53/43
f 1742/54/44 1747/52/42 1743/55/44
f 1742/54/44 1745/1/1 1746/56/45
f 1740/57/46 1686/51/41 1687/58/41
f 1739/59/47 1744/49/39 1740/57/46
f 1738/60/47 1743/55/44 1739/59/47
f 1737/45/36 1742/54/44 1738/60/47
f 1736/61/48 1687/58/41 1688/62/49
f 1735/63/50 1740/57/46 1736/61/48
f 1735/63/50 1738/60/47 1739/59/47
f 1733/42/35 1738/60/47 1734/64/51
f 1701/65/129 1688/62/49 1677/66/53
f 1702/67/54 1736/61/48 1701/65/129
f 1703/68/55 1735/63/50 1702/67/54
f 1704/43/12 1734/64/51 1703/68/55
f 1728/69/56 1693/70/57 1694/34/28
f 1728/69/56 1731/71/58 1732/72/59
f 1726/73/60 1731/71/58 1727/74/60
f 1726/73/60 1729/7/7 1730/75/61
f 1724/76/62 1694/34/28 1695/32/28
f 1723/77/63 1728/69/56 1724/76/62
f 1722/78/64 1727/74/60 1723/77/63
f 1721/37/31 1726/73/60 1722/78/64
f 1720/79/65 1695/32/28 1696/30/27
f 1719/80/66 1724/76/62 1720/79/65
f 1719/80/66 1722/78/64 1723/77/63
f 1717/35/29 1722/78/64 1718/81/67
f 1683/27/25 1720/79/65 1696/30/27
f 1711/83/69 1720/79/65 1712/82/68
f 1710/84/70 1719/80/66 1711/83/69
f 1709/6/6 1718/81/67 1710/84/70
f 1800/85/71 1677/86/53 1757/87/72
f 1800/85/71 1702/88/54 1701/89/129
f 1808/90/73 1702/88/54 1804/91/74
f 1812/10/10 1703/92/55 1808/90/73
f 1732/72/59 1681/14/14 1693/70/57
f 1732/72/59 1715/93/75 1716/94/76
f 1731/71/58 1714/95/77 1715/93/75
f 1729/7/7 1714/95/77 1730/75/61
f 1749/97/26 1712/82/68 1683/27/25
f 1816/96/78 1711/83/69 1712/82/68
f 1824/98/79 1711/83/69 1820/99/80
f 1828/4/4 1710/84/70 1824/98/79
f 1685/50/40 1708/102/83 1679/100/81
f 1748/53/43 1707/101/82 1708/102/83
f 1746/56/45 1707/101/82 1747/52/42
f 1745/1/1 1706/103/84 1746/56/45
f 1705/3/3 1821/105/86 1706/103/84
f 1825/104/85 1822/106/87 1821/105/86
f 1822/106/87 1827/107/88 1823/108/89
f 1823/108/89 1828/4/4 1824/98/79
f 1706/103/84 1817/109/90 1707/101/82
f 1817/109/90 1822/106/87 1818/110/87
f 1822/106/87 1819/111/89 1818/110/87
f 1823/108/89 1820/99/80 1819/111/89
f 1707/101/82 1813/112/130 1708/102/83
f 1817/109/90 1814/113/92 1813/112/130
f 1814/113/92 1819/111/89 1815/114/93
f 1815/114/93 1820/99/80 1816/96/78
f 1679/100/81 1813/112/130 1752/115/94
f 1752/115/94 1814/113/92 1751/116/95
f 1751/116/95 1815/114/93 1750/117/95
f 1750/117/95 1816/96/78 1749/97/26
f 1713/9/9 1805/118/96 1714/95/77
f 1809/119/97 1806/120/98 1805/118/96
f 1810/121/99 1807/122/100 1806/120/98
f 1807/122/100 1812/10/10 1808/90/73
f 1715/93/75 1805/118/96 1801/123/101
f 1801/123/101 1806/120/98 1802/124/98
f 1806/120/98 1803/125/100 1802/124/98
f 1807/122/100 1804/91/74 1803/125/100
f 1715/93/75 1797/126/102 1716/94/76
f 1801/123/101 1798/127/103 1797/126/102
f 1802/124/98 1799/128/104 1798/127/103
f 1799/128/104 1804/91/74 1800/85/71
f 1716/94/76 1760/129/15 1681/14/14
f 1797/126/102 1759/130/105 1760/129/15
f 1798/127/103 1758/131/105 1759/130/105
f 1799/128/104 1757/87/72 1758/131/105
f 1792/132/13 1688/133/49 1687/134/41
f 1791/135/13 1796/136/13 1792/132/13
f 1790/137/13 1795/138/13 1791/135/13
f 1789/33/13 1794/139/13 1790/137/13
f 1788/140/13 1687/134/41 1686/141/41
f 1787/142/13 1792/132/13 1788/140/13
f 1786/143/13 1791/135/13 1787/142/13
f 1785/31/13 1790/137/13 1786/143/13
f 1784/144/13 1686/141/41 1685/145/40
f 1783/146/13 1788/140/13 1784/144/13
f 1782/147/13 1787/142/13 1783/146/13
f 1781/28/13 1786/143/13 1782/147/13
f 1679/148/81 1784/144/13 1685/145/40
f 1751/149/95 1784/144/13 1752/150/94
f 1750/151/95 1783/146/13 1751/149/95
f 1749/29/26 1782/147/13 1750/151/95
f 1776/152/106 1700/40/34 1699/153/107
f 1775/154/108 1780/155/109 1776/152/106
f 1775/154/108 1778/156/110 1779/157/111
f 1774/158/112 1777/16/16 1778/156/110
f 1772/159/113 1699/153/107 1698/38/32
f 1772/159/113 1775/154/108 1776/152/106
f 1770/160/114 1775/154/108 1771/161/115
f 1770/160/114 1773/25/23 1774/158/112
f 1697/36/30 1772/159/113 1698/38/32
f 1768/162/116 1771/161/115 1772/159/113
f 1766/163/117 1771/161/115 1767/164/118
f 1765/20/18 1770/160/114 1766/163/117
f 1684/5/5 1768/162/116 1697/36/30
f 1756/165/119 1767/164/118 1768/162/116
f 1755/166/120 1766/163/117 1767/164/118
f 1753/21/19 1766/163/117 1754/167/121
f 1780/155/109 1682/8/137 1700/40/34
f 1779/157/111 1761/168/122 1780/155/109
f 1778/156/110 1762/169/123 1779/157/111
f 1778/156/110 1764/18/17 1763/170/124
f 1796/136/13 1677/171/53 1688/133/49
f 1795/138/13 1757/172/72 1796/136/13
f 1794/139/13 1758/173/105 1795/138/13
f 1793/13/13 1759/174/105 1794/139/13
f 1682/8/137 1809/119/97 1713/9/9
f 1761/175/122 1810/121/99 1809/119/97
f 1762/176/123 1811/177/125 1810/121/99
f 1811/177/125 1764/178/17 1812/10/10
f 1680/2/2 1825/104/85 1705/3/3
f 1753/179/19 1826/180/126 1825/104/85
f 1754/181/121 1827/107/88 1826/180/126
f 1827/107/88 1756/182/119 1828/4/4
f 1897/1/1 1832/2/2 1857/3/3
f 1980/4/4 1836/5/5 1861/6/6
f 1881/7/7 1834/8/8 1865/9/9
f 1964/10/10 1830/11/11 1856/12/12
f 1945/13/13 1833/14/14 1912/15/15
f 1929/16/16 1830/17/11 1916/18/17
f 1832/19/2 1917/20/18 1905/21/19
f 1844/22/20 1921/23/21 1917/20/18
f 1843/24/22 1925/25/23 1921/23/21
f 1925/25/23 1841/26/24 1929/16/16
f 1835/27/25 1933/28/13 1901/29/26
f 1848/30/27 1937/31/13 1933/28/13
f 1847/32/28 1941/33/13 1937/31/13
f 1846/34/28 1945/13/13 1941/33/13
f 1836/5/5 1869/35/29 1861/6/6
f 1849/36/30 1873/37/31 1869/35/29
f 1850/38/32 1877/39/33 1873/37/31
f 1877/39/33 1852/40/34 1881/7/7
f 1830/41/11 1885/42/35 1856/43/12
f 1841/44/24 1889/45/36 1885/42/35
f 1842/46/37 1893/47/38 1889/45/36
f 1893/47/38 1844/48/20 1897/1/1
f 1896/49/39 1837/50/40 1838/51/41
f 1896/49/39 1899/52/42 1900/53/43
f 1894/54/44 1899/52/42 1895/55/44
f 1894/54/44 1897/1/1 1898/56/45
f 1892/57/46 1838/51/41 1839/58/41
f 1891/59/47 1896/49/39 1892/57/46
f 1890/60/47 1895/55/44 1891/59/47
f 1889/45/36 1894/54/44 1890/60/47
f 1888/61/48 1839/58/41 1840/62/49
f 1887/63/50 1892/57/46 1888/61/48
f 1887/63/50 1890/60/47 1891/59/47
f 1885/42/35 1890/60/47 1886/64/51
f 1853/65/129 1840/62/49 1829/66/53
f 1854/67/54 1888/61/48 1853/65/129
f 1855/68/55 1887/63/50 1854/67/54
f 1856/43/12 1886/64/51 1855/68/55
f 1880/69/56 1845/70/57 1846/34/28
f 1880/69/56 1883/71/58 1884/72/59
f 1878/73/60 1883/71/58 1879/74/60
f 1878/73/60 1881/7/7 1882/75/61
f 1876/76/62 1846/34/28 1847/32/28
f 1875/77/63 1880/69/56 1876/76/62
f 1874/78/64 1879/74/60 1875/77/63
f 1873/37/31 1878/73/60 1874/78/64
f 1872/79/65 1847/32/28 1848/30/27
f 1871/80/66 1876/76/62 1872/79/65
f 1871/80/66 1874/78/64 1875/77/63
f 1869/35/29 1874/78/64 1870/81/67
f 1835/27/25 1872/79/65 1848/30/27
f 1863/83/69 1872/79/65 1864/82/68
f 1862/84/70 1871/80/66 1863/83/69
f 1861/6/6 1870/81/67 1862/84/70
f 1952/85/71 1829/86/53 1909/87/72
f 1952/85/71 1854/88/54 1853/89/129
f 1960/90/73 1854/88/54 1956/91/74
f 1964/10/10 1855/92/55 1960/90/73
f 1884/72/59 1833/14/14 1845/70/57
f 1884/72/59 1867/93/75 1868/94/76
f 1882/75/61 1867/93/75 1883/71/58
f 1881/7/7 1866/95/77 1882/75/61
f 1901/97/26 1864/82/68 1835/27/25
f 1968/96/78 1863/83/69 1864/82/68
f 1972/99/80 1862/84/70 1863/83/69
f 1980/4/4 1862/84/70 1976/98/79
f 1900/53/43 1831/100/81 1837/50/40
f 1900/53/43 1859/101/82 1860/102/83
f 1898/56/45 1859/101/82 1899/52/42
f 1897/1/1 1858/103/84 1898/56/45
f 1858/103/84 1977/104/85 1973/105/86
f 1977/104/85 1974/106/87 1973/105/86
f 1978/180/126 1975/108/89 1974/106/87
f 1975/108/89 1980/4/4 1976/98/79
f 1858/103/84 1969/109/90 1859/101/82
f 1969/109/90 1974/106/87 1970/110/87
f 1974/106/87 1971/111/89 1970/110/87
f 1975/108/89 1972/99/80 1971/111/89
f 1859/101/82 1965/112/130 1860/102/83
f 1969/109/90 1966/113/92 1965/112/130
f 1966/113/92 1971/111/89 1967/114/93
f 1967/114/93 1972/99/80 1968/96/78
f 1831/100/81 1965/112/130 1904/115/94
f 1904/115/94 1966/113/92 1903/116/95
f 1903/116/95 1967/114/93 1902/117/95
f 1902/117/95 1968/96/78 1901/97/26
f 1865/9/9 1957/118/96 1866/95/77
f 1961/119/97 1958/120/98 1957/118/96
f 1962/121/99 1959/122/100 1958/120/98
f 1959/122/100 1964/10/10 1960/90/73
f 1866/95/77 1953/123/101 1867/93/75
f 1953/123/101 1958/120/98 1954/124/98
f 1958/120/98 1955/125/100 1954/124/98
f 1959/122/100 1956/91/74 1955/125/100
f 1867/93/75 1949/126/102 1868/94/76
f 1953/123/101 1950/127/103 1949/126/102
f 1954/124/98 1951/128/104 1950/127/103
f 1951/128/104 1956/91/74 1952/85/71
f 1868/94/76 1912/129/15 1833/14/14
f 1949/126/102 1911/130/105 1912/129/15
f 1950/127/103 1910/131/105 1911/130/105
f 1951/128/104 1909/87/72 1910/131/105
f 1944/132/13 1840/133/49 1839/134/41
f 1943/135/13 1948/136/13 1944/132/13
f 1942/137/13 1947/138/13 1943/135/13
f 1941/33/13 1946/139/13 1942/137/13
f 1940/140/13 1839/134/41 1838/141/41
f 1939/142/13 1944/132/13 1940/140/13
f 1938/143/13 1943/135/13 1939/142/13
f 1937/31/13 1942/137/13 1938/143/13
f 1936/144/13 1838/141/41 1837/145/40
f 1935/146/13 1940/140/13 1936/144/13
f 1934/147/13 1939/142/13 1935/146/13
f 1933/28/13 1938/143/13 1934/147/13
f 1831/148/81 1936/144/13 1837/145/40
f 1903/149/95 1936/144/13 1904/150/94
f 1902/151/95 1935/146/13 1903/149/95
f 1901/29/26 1934/147/13 1902/151/95
f 1928/152/106 1852/40/34 1851/153/107
f 1927/154/108 1932/155/109 1928/152/106
f 1927/154/108 1930/156/110 1931/157/111
f 1926/158/112 1929/16/16 1930/156/110
f 1924/159/113 1851/153/107 1850/38/32
f 1924/159/113 1927/154/108 1928/152/106
f 1922/160/114 1927/154/108 1923/161/115
f 1922/160/114 1925/25/23 1926/158/112
f 1849/36/30 1924/159/113 1850/38/32
f 1920/162/116 1923/161/115 1924/159/113
f 1918/163/117 1923/161/115 1919/164/118
f 1917/20/18 1922/160/114 1918/163/117
f 1836/5/5 1920/162/116 1849/36/30
f 1908/165/119 1919/164/118 1920/162/116
f 1906/167/121 1919/164/118 1907/166/120
f 1905/21/19 1918/163/117 1906/167/121
f 1932/155/109 1834/8/8 1852/40/34
f 1931/157/111 1913/168/122 1932/155/109
f 1930/156/110 1914/169/123 1931/157/111
f 1930/156/110 1916/18/17 1915/170/124
f 1948/136/13 1829/171/53 1840/133/49
f 1947/138/13 1909/172/72 1948/136/13
f 1946/139/13 1910/173/105 1947/138/13
f 1945/13/13 1911/174/105 1946/139/13
f 1834/8/8 1961/119/97 1865/9/9
f 1913/175/122 1962/121/99 1961/119/97
f 1962/121/99 1915/188/124 1963/177/125
f 1963/177/125 1916/178/17 1964/10/10
f 1832/2/2 1977/104/85 1857/3/3
f 1905/179/19 1978/180/126 1977/104/85
f 1906/181/121 1979/107/131 1978/180/126
f 1979/107/131 1908/182/119 1980/4/4
f 2049/1/1 1984/2/2 2009/3/3
f 2132/4/4 1988/5/5 2013/6/6
f 2033/7/7 1986/8/8 2017/9/9
f 2116/10/10 1982/11/11 2008/12/12
f 2097/13/13 1985/14/14 2064/15/15
f 2081/16/128 1982/17/11 2068/18/17
f 1984/19/2 2069/20/18 2057/21/19
f 1996/22/20 2073/23/21 2069/20/18
f 1995/24/22 2077/25/23 2073/23/21
f 2077/25/23 1993/26/24 2081/16/128
f 1987/27/25 2085/28/13 2053/29/26
f 2000/30/27 2089/31/13 2085/28/13
f 1999/32/28 2093/33/13 2089/31/13
f 1998/34/28 2097/13/13 2093/33/13
f 1988/5/5 2021/35/29 2013/6/6
f 2001/36/30 2025/37/31 2021/35/29
f 2002/38/32 2029/39/33 2025/37/31
f 2029/39/33 2004/40/34 2033/7/7
f 1982/41/11 2037/42/35 2008/43/12
f 1993/44/24 2041/45/36 2037/42/35
f 1994/46/37 2045/47/38 2041/45/36
f 2045/47/38 1996/48/20 2049/1/1
f 2048/49/39 1989/50/40 1990/51/41
f 2048/49/39 2051/52/42 2052/53/43
f 2046/54/44 2051/52/42 2047/55/44
f 2046/54/44 2049/1/1 2050/56/45
f 2044/57/46 1990/51/41 1991/58/41
f 2043/59/47 2048/49/39 2044/57/46
f 2042/60/47 2047/55/44 2043/59/47
f 2041/45/36 2046/54/44 2042/60/47
f 2040/61/48 1991/58/41 1992/62/49
f 2039/63/50 2044/57/46 2040/61/48
f 2039/63/50 2042/60/47 2043/59/47
f 2037/42/35 2042/60/47 2038/64/51
f 2005/65/129 1992/62/49 1981/66/53
f 2006/67/54 2040/61/48 2005/65/129
f 2007/68/55 2039/63/50 2006/67/54
f 2008/43/12 2038/64/51 2007/68/55
f 2032/69/56 1997/70/57 1998/34/28
f 2032/69/56 2035/71/58 2036/72/59
f 2030/73/60 2035/71/58 2031/74/60
f 2030/73/60 2033/7/7 2034/75/61
f 2028/76/62 1998/34/28 1999/32/28
f 2027/77/63 2032/69/56 2028/76/62
f 2026/78/64 2031/74/60 2027/77/63
f 2025/37/31 2030/73/60 2026/78/64
f 2024/79/65 1999/32/28 2000/30/27
f 2023/80/66 2028/76/62 2024/79/65
f 2023/80/66 2026/78/64 2027/77/63
f 2021/35/29 2026/78/64 2022/81/67
f 1987/27/25 2024/79/65 2000/30/27
f 2015/83/69 2024/79/65 2016/82/68
f 2014/84/70 2023/80/66 2015/83/69
f 2013/6/6 2022/81/67 2014/84/70
f 2104/85/71 1981/86/53 2061/87/72
f 2104/85/71 2006/88/54 2005/89/129
f 2112/90/73 2006/88/54 2108/91/74
f 2116/10/10 2007/92/55 2112/90/73
f 2036/72/59 1985/14/14 1997/70/57
f 2036/72/59 2019/93/75 2020/94/76
f 2034/75/61 2019/93/75 2035/71/58
f 2033/7/7 2018/95/77 2034/75/61
f 2053/97/26 2016/82/68 1987/27/25
f 2120/96/78 2015/83/69 2016/82/68
f 2128/98/79 2015/83/69 2124/99/80
f 2132/4/4 2014/84/70 2128/98/79
f 1989/50/40 2012/102/83 1983/100/81
f 2052/53/43 2011/101/82 2012/102/83
f 2050/56/45 2011/101/82 2051/52/42
f 2049/1/1 2010/103/84 2050/56/45
f 2009/3/3 2125/105/86 2010/103/84
f 2129/104/85 2126/106/87 2125/105/86
f 2130/180/126 2127/108/89 2126/106/87
f 2127/108/89 2132/4/4 2128/98/79
f 2010/103/84 2121/109/90 2011/101/82
f 2121/109/90 2126/106/87 2122/110/87
f 2126/106/87 2123/111/89 2122/110/87
f 2127/108/89 2124/99/80 2123/111/89
f 2011/101/82 2117/112/130 2012/102/83
f 2121/109/90 2118/113/92 2117/112/130
f 2118/113/92 2123/111/89 2119/114/93
f 2119/114/93 2124/99/80 2120/96/78
f 1983/100/81 2117/112/130 2056/115/94
f 2056/115/94 2118/113/92 2055/116/95
f 2055/116/95 2119/114/93 2054/117/95
f 2054/117/95 2120/96/78 2053/97/26
f 2017/9/9 2109/118/96 2018/95/77
f 2113/119/97 2110/120/98 2109/118/96
f 2114/121/99 2111/122/100 2110/120/98
f 2111/122/100 2116/10/10 2112/90/73
f 2018/95/77 2105/123/101 2019/93/75
f 2105/123/101 2110/120/98 2106/124/98
f 2110/120/98 2107/125/100 2106/124/98
f 2111/122/100 2108/91/74 2107/125/100
f 2019/93/75 2101/126/102 2020/94/76
f 2105/123/101 2102/127/103 2101/126/102
f 2106/124/98 2103/128/104 2102/127/103
f 2103/128/104 2108/91/74 2104/85/71
f 2020/94/76 2064/129/15 1985/14/14
f 2101/126/102 2063/130/105 2064/129/15
f 2102/127/103 2062/131/105 2063/130/105
f 2103/128/104 2061/87/72 2062/131/105
f 2096/132/13 1992/133/49 1991/134/41
f 2095/135/13 2100/136/13 2096/132/13
f 2094/137/13 2099/138/13 2095/135/13
f 2093/33/13 2098/139/13 2094/137/13
f 2092/140/13 1991/134/41 1990/141/41
f 2091/142/13 2096/132/13 2092/140/13
f 2090/143/13 2095/135/13 2091/142/13
f 2089/31/13 2094/137/13 2090/143/13
f 2088/144/13 1990/141/41 1989/145/40
f 2087/146/13 2092/140/13 2088/144/13
f 2086/147/13 2091/142/13 2087/146/13
f 2085/28/13 2090/143/13 2086/147/13
f 1983/148/81 2088/144/13 1989/145/40
f 2055/149/95 2088/144/13 2056/150/94
f 2054/151/95 2087/146/13 2055/149/95
f 2053/29/26 2086/147/13 2054/151/95
f 2080/152/106 2004/40/34 2003/153/107
f 2079/154/108 2084/155/109 2080/152/106
f 2079/154/108 2082/156/110 2083/157/111
f 2078/158/112 2081/16/128 2082/156/110
f 2076/159/113 2003/153/107 2002/38/32
f 2076/159/113 2079/154/108 2080/152/106
f 2074/160/114 2079/154/108 2075/161/115
f 2074/160/114 2077/25/23 2078/158/112
f 2001/36/30 2076/159/113 2002/38/32
f 2072/162/116 2075/161/115 2076/159/113
f 2070/163/117 2075/161/115 2071/164/118
f 2069/20/18 2074/160/114 2070/163/117
f 1988/5/5 2072/162/116 2001/36/30
f 2060/165/119 2071/164/118 2072/162/116
f 2058/167/121 2071/164/118 2059/166/120
f 2057/21/19 2070/163/117 2058/167/121
f 2084/155/109 1986/8/8 2004/40/34
f 2083/157/111 2065/168/122 2084/155/109
f 2082/156/110 2066/169/123 2083/157/111
f 2082/156/110 2068/18/17 2067/170/124
f 2100/136/13 1981/171/53 1992/133/49
f 2099/138/13 2061/172/72 2100/136/13
f 2098/139/13 2062/173/105 2099/138/13
f 2097/13/13 2063/174/105 2098/139/13
f 1986/8/8 2113/119/97 2017/9/9
f 2065/175/122 2114/121/99 2113/119/97
f 2066/176/123 2115/177/125 2114/121/99
f 2115/177/125 2068/178/17 2116/10/10
f 1984/2/2 2129/104/85 2009/3/3
f 2057/179/19 2130/180/126 2129/104/85
f 2058/181/121 2131/107/131 2130/180/126
f 2131/107/131 2060/182/119 2132/4/4
f 2201/1/1 2136/2/2 2161/3/3
f 2284/4/4 2140/5/5 2165/6/6
f 2185/7/7 2138/8/8 2169/9/9
f 2268/10/10 2134/11/11 2160/12/12
f 2249/13/13 2137/14/14 2216/15/15
f 2233/16/16 2134/17/11 2220/18/17
f 2136/19/2 2221/20/18 2209/21/19
f 2148/22/20 2225/23/21 2221/20/18
f 2225/23/21 2146/189/37 2229/25/23
f 2229/25/23 2145/26/24 2233/16/16
f 2139/27/25 2237/28/13 2205/29/26
f 2152/30/27 2241/31/13 2237/28/13
f 2151/32/28 2245/33/13 2241/31/13
f 2150/34/28 2249/13/13 2245/33/13
f 2140/5/5 2173/35/29 2165/6/6
f 2153/36/30 2177/37/31 2173/35/29
f 2177/37/31 2155/153/107 2181/39/33
f 2181/39/33 2156/40/34 2185/7/7
f 2134/41/11 2189/42/35 2160/43/12
f 2145/44/24 2193/45/36 2189/42/35
f 2146/46/37 2197/47/38 2193/45/36
f 2197/47/38 2148/48/20 2201/1/1
f 2200/49/39 2141/50/40 2142/51/41
f 2200/49/39 2203/52/42 2204/53/43
f 2198/54/44 2203/52/42 2199/55/44
f 2198/54/44 2201/1/1 2202/56/45
f 2196/57/46 2142/51/41 2143/58/41
f 2195/59/47 2200/49/39 2196/57/46
f 2194/60/47 2199/55/44 2195/59/47
f 2193/45/36 2198/54/44 2194/60/47
f 2192/61/48 2143/58/41 2144/62/49
f 2191/63/50 2196/57/46 2192/61/48
f 2191/63/50 2194/60/47 2195/59/47
f 2189/42/35 2194/60/47 2190/64/51
f 2157/65/129 2144/62/49 2133/66/53
f 2158/67/54 2192/61/48 2157/65/129
f 2159/68/55 2191/63/50 2158/67/54
f 2160/43/12 2190/64/51 2159/68/55
f 2184/69/56 2149/70/57 2150/34/28
f 2184/69/56 2187/71/58 2188/72/59
f 2182/73/60 2187/71/58 2183/74/60
f 2182/73/60 2185/7/7 2186/75/61
f 2180/76/62 2150/34/28 2151/32/28
f 2179/77/63 2184/69/56 2180/76/62
f 2178/78/64 2183/74/60 2179/77/63
f 2177/37/31 2182/73/60 2178/78/64
f 2176/79/65 2151/32/28 2152/30/27
f 2175/80/66 2180/76/62 2176/79/65
f 2175/80/66 2178/78/64 2179/77/63
f 2173/35/29 2178/78/64 2174/81/67
f 2139/27/25 2176/79/65 2152/30/27
f 2167/83/69 2176/79/65 2168/82/68
f 2166/84/70 2175/80/66 2167/83/69
f 2165/6/6 2174/81/67 2166/84/70
f 2256/85/71 2133/86/53 2213/87/72
f 2256/85/71 2158/88/54 2157/89/129
f 2264/90/73 2158/88/54 2260/91/74
f 2268/10/10 2159/92/55 2264/90/73
f 2188/72/59 2137/14/14 2149/70/57
f 2188/72/59 2171/93/75 2172/94/76
f 2186/75/61 2171/93/75 2187/71/58
f 2185/7/7 2170/95/77 2186/75/61
f 2205/97/26 2168/82/68 2139/27/25
f 2272/96/78 2167/83/69 2168/82/68
f 2280/98/79 2167/83/69 2276/99/80
f 2284/4/4 2166/84/70 2280/98/79
f 2204/53/43 2135/100/81 2141/50/40
f 2204/53/43 2163/101/82 2164/102/83
f 2202/56/45 2163/101/82 2203/52/42
f 2201/1/1 2162/103/84 2202/56/45
f 2161/3/3 2277/105/86 2162/103/84
f 2281/104/85 2278/106/87 2277/105/86
f 2278/106/87 2283/107/88 2279/108/89
f 2279/108/89 2284/4/4 2280/98/79
f 2162/103/84 2273/109/90 2163/101/82
f 2273/109/90 2278/106/87 2274/110/87
f 2274/110/87 2279/108/89 2275/111/89
f 2279/108/89 2276/99/80 2275/111/89
f 2163/101/82 2269/112/130 2164/102/83
f 2273/109/90 2270/113/92 2269/112/130
f 2270/113/92 2275/111/89 2271/114/93
f 2271/114/93 2276/99/80 2272/96/78
f 2135/100/81 2269/112/130 2208/115/94
f 2208/115/94 2270/113/92 2207/116/95
f 2207/116/95 2271/114/93 2206/117/95
f 2206/117/95 2272/96/78 2205/97/26
f 2169/9/9 2261/118/96 2170/95/77
f 2265/119/97 2262/120/98 2261/118/96
f 2266/121/99 2263/122/100 2262/120/98
f 2263/122/100 2268/10/10 2264/90/73
f 2170/95/77 2257/123/101 2171/93/75
f 2257/123/101 2262/120/98 2258/124/98
f 2262/120/98 2259/125/100 2258/124/98
f 2263/122/100 2260/91/74 2259/125/100
f 2171/93/75 2253/126/102 2172/94/76
f 2257/123/101 2254/127/103 2253/126/102
f 2258/124/98 2255/128/104 2254/127/103
f 2255/128/104 2260/91/74 2256/85/71
f 2172/94/76 2216/129/15 2137/14/14
f 2253/126/102 2215/130/105 2216/129/15
f 2254/127/103 2214/131/105 2215/130/105
f 2255/128/104 2213/87/72 2214/131/105
f 2248/132/13 2144/133/49 2143/134/41
f 2247/135/13 2252/136/13 2248/132/13
f 2246/137/13 2251/138/13 2247/135/13
f 2245/33/13 2250/139/13 2246/137/13
f 2244/140/13 2143/134/41 2142/141/41
f 2243/142/13 2248/132/13 2244/140/13
f 2242/143/13 2247/135/13 2243/142/13
f 2241/31/13 2246/137/13 2242/143/13
f 2240/144/13 2142/141/41 2141/145/40
f 2239/146/13 2244/140/13 2240/144/13
f 2238/147/13 2243/142/13 2239/146/13
f 2237/28/13 2242/143/13 2238/147/13
f 2135/148/81 2240/144/13 2141/145/40
f 2207/149/95 2240/144/13 2208/150/94
f 2206/151/95 2239/146/13 2207/149/95
f 2205/29/26 2238/147/13 2206/151/95
f 2232/152/106 2156/40/34 2155/153/107
f 2231/154/108 2236/155/109 2232/152/106
f 2231/154/108 2234/156/110 2235/157/111
f 2230/158/112 2233/16/16 2234/156/110
f 2228/159/113 2155/153/107 2154/38/32
f 2228/159/113 2231/154/108 2232/152/106
f 2226/160/114 2231/154/108 2227/161/115
f 2226/160/114 2229/25/23 2230/158/112
f 2153/36/30 2228/159/113 2154/38/32
f 2224/162/116 2227/161/115 2228/159/113
f 2222/163/117 2227/161/115 2223/164/118
f 2221/20/18 2226/160/114 2222/163/117
f 2140/5/5 2224/162/116 2153/36/30
f 2212/165/119 2223/164/118 2224/162/116
f 2210/167/121 2223/164/118 2211/166/120
f 2209/21/19 2222/163/117 2210/167/121
f 2236/155/109 2138/8/8 2156/40/34
f 2235/157/111 2217/168/122 2236/155/109
f 2234/156/110 2218/169/123 2235/157/111
f 2234/156/110 2220/18/17 2219/170/124
f 2252/136/13 2133/171/53 2144/133/49
f 2251/138/13 2213/172/72 2252/136/13
f 2250/139/13 2214/173/105 2251/138/13
f 2249/13/13 2215/174/105 2250/139/13
f 2138/8/8 2265/119/97 2169/9/9
f 2217/175/122 2266/121/99 2265/119/97
f 2218/176/123 2267/177/125 2266/121/99
f 2267/177/125 2220/178/17 2268/10/10
f 2136/2/2 2281/104/85 2161/3/3
f 2209/179/19 2282/180/126 2281/104/85
f 2210/181/121 2283/107/88 2282/180/126
f 2283/107/88 2212/182/119 2284/4/4
f 2353/1/1 2288/2/2 2313/3/3
f 2436/4/4 2292/5/5 2317/6/6
f 2337/7/7 2290/8/8 2321/9/9
f 2420/10/10 2286/11/11 2312/12/12
f 2401/13/13 2289/14/14 2368/15/15
f 2385/16/16 2286/17/11 2372/18/17
f 2288/19/2 2373/20/18 2361/21/19
f 2300/22/20 2377/23/21 2373/20/18
f 2377/23/21 2298/189/37 2381/25/23
f 2381/25/23 2297/26/24 2385/16/16
f 2291/27/25 2389/28/13 2357/29/26
f 2304/30/27 2393/31/13 2389/28/13
f 2303/32/28 2397/33/13 2393/31/13
f 2302/34/28 2401/13/13 2397/33/13
f 2292/5/5 2325/35/29 2317/6/6
f 2305/36/30 2329/37/31 2325/35/29
f 2329/37/31 2307/153/107 2333/39/33
f 2333/39/33 2308/40/34 2337/7/7
f 2286/41/11 2341/42/35 2312/43/12
f 2297/44/24 2345/45/36 2341/42/35
f 2298/46/37 2349/47/38 2345/45/36
f 2349/47/38 2300/48/20 2353/1/1
f 2352/49/39 2293/50/40 2294/51/41
f 2352/49/39 2355/52/42 2356/53/43
f 2350/54/44 2355/52/42 2351/55/44
f 2350/54/44 2353/1/1 2354/56/45
f 2348/57/136 2294/51/41 2295/58/41
f 2347/59/47 2352/49/39 2348/57/136
f 2346/60/47 2351/55/44 2347/59/47
f 2345/45/36 2350/54/44 2346/60/47
f 2344/61/48 2295/58/41 2296/62/49
f 2343/63/50 2348/57/136 2344/61/48
f 2343/63/50 2346/60/47 2347/59/47
f 2341/42/35 2346/60/47 2342/64/51
f 2309/65/129 2296/62/49 2285/66/53
f 2310/67/54 2344/61/48 2309/65/129
f 2311/68/55 2343/63/50 2310/67/54
f 2312/43/12 2342/64/51 2311/68/55
f 2336/69/56 2301/70/57 2302/34/28
f 2336/69/56 2339/71/58 2340/72/59
f 2334/73/60 2339/71/58 2335/74/60
f 2334/73/60 2337/7/7 2338/75/61
f 2332/76/62 2302/34/28 2303/32/28
f 2331/77/63 2336/69/56 2332/76/62
f 2330/78/64 2335/74/60 2331/77/63
f 2329/37/31 2334/73/60 2330/78/64
f 2328/79/65 2303/32/28 2304/30/27
f 2327/80/66 2332/76/62 2328/79/65
f 2327/80/66 2330/78/64 2331/77/63
f 2325/35/29 2330/78/64 2326/81/67
f 2291/27/25 2328/79/65 2304/30/27
f 2319/83/69 2328/79/65 2320/82/68
f 2318/84/70 2327/80/66 2319/83/69
f 2317/6/6 2326/81/67 2318/84/70
f 2408/85/71 2285/86/53 2365/87/72
f 2408/85/71 2310/88/54 2309/89/129
f 2416/90/73 2310/88/54 2412/91/74
f 2420/10/10 2311/92/55 2416/90/73
f 2340/72/59 2289/14/14 2301/70/57
f 2340/72/59 2323/93/75 2324/94/76
f 2338/75/61 2323/93/75 2339/71/58
f 2337/7/7 2322/95/77 2338/75/61
f 2357/97/26 2320/82/68 2291/27/25
f 2424/96/78 2319/83/69 2320/82/68
f 2432/98/79 2319/83/69 2428/99/80
f 2436/4/4 2318/84/70 2432/98/79
f 2356/53/43 2287/100/81 2293/50/40
f 2356/53/43 2315/101/82 2316/102/83
f 2354/56/45 2315/101/82 2355/52/42
f 2353/1/1 2314/103/84 2354/56/45
f 2313/3/3 2429/105/86 2314/103/84
f 2433/104/85 2430/106/87 2429/105/86
f 2430/106/87 2435/107/88 2431/108/89
f 2431/108/89 2436/4/4 2432/98/79
f 2314/103/84 2425/109/90 2315/101/82
f 2425/109/90 2430/106/87 2426/110/87
f 2426/110/87 2431/108/89 2427/111/89
f 2431/108/89 2428/99/80 2427/111/89
f 2315/101/82 2421/112/91 2316/102/83
f 2425/109/90 2422/113/92 2421/112/91
f 2422/113/92 2427/111/89 2423/114/93
f 2423/114/93 2428/99/80 2424/96/78
f 2316/102/83 2360/115/94 2287/100/81
f 2360/115/94 2422/113/92 2359/116/95
f 2359/116/95 2423/114/93 2358/117/95
f 2358/117/95 2424/96/78 2357/97/26
f 2321/9/9 2413/118/96 2322/95/77
f 2417/119/97 2414/120/98 2413/118/96
f 2418/121/99 2415/122/100 2414/120/98
f 2415/122/100 2420/10/10 2416/90/73
f 2322/95/77 2409/123/101 2323/93/75
f 2409/123/101 2414/120/98 2410/124/98
f 2414/120/98 2411/125/100 2410/124/98
f 2415/122/100 2412/91/74 2411/125/100
f 2323/93/75 2405/126/102 2324/94/76
f 2409/123/101 2406/127/103 2405/126/102
f 2410/124/98 2407/128/104 2406/127/103
f 2407/128/104 2412/91/74 2408/85/71
f 2324/94/76 2368/129/15 2289/14/14
f 2405/126/102 2367/130/105 2368/129/15
f 2406/127/103 2366/131/105 2367/130/105
f 2407/128/104 2365/87/72 2366/131/105
f 2400/132/13 2296/133/49 2295/134/41
f 2399/135/13 2404/136/13 2400/132/13
f 2398/137/13 2403/138/13 2399/135/13
f 2397/33/13 2402/139/13 2398/137/13
f 2396/140/13 2295/134/41 2294/141/41
f 2395/142/13 2400/132/13 2396/140/13
f 2394/143/13 2399/135/13 2395/142/13
f 2393/31/13 2398/137/13 2394/143/13
f 2392/144/13 2294/141/41 2293/145/40
f 2391/146/13 2396/140/13 2392/144/13
f 2390/147/13 2395/142/13 2391/146/13
f 2389/28/13 2394/143/13 2390/147/13
f 2287/148/81 2392/144/13 2293/145/40
f 2359/149/95 2392/144/13 2360/150/94
f 2358/151/95 2391/146/13 2359/149/95
f 2357/29/26 2390/147/13 2358/151/95
f 2384/152/106 2308/40/34 2307/153/107
f 2383/154/108 2388/155/109 2384/152/106
f 2383/154/108 2386/156/110 2387/157/111
f 2382/158/112 2385/16/16 2386/156/110
f 2380/159/113 2307/153/107 2306/38/32
f 2380/159/113 2383/154/108 2384/152/106
f 2378/160/114 2383/154/108 2379/161/115
f 2378/160/114 2381/25/23 2382/158/112
f 2305/36/30 2380/159/113 2306/38/32
f 2376/162/116 2379/161/115 2380/159/113
f 2374/163/117 2379/161/115 2375/164/118
f 2373/20/18 2378/160/114 2374/163/117
f 2292/5/5 2376/162/116 2305/36/30
f 2364/165/119 2375/164/118 2376/162/116
f 2362/167/121 2375/164/118 2363/166/120
f 2361/21/19 2374/163/117 2362/167/121
f 2388/155/109 2290/8/8 2308/40/34
f 2387/157/111 2369/168/122 2388/155/109
f 2386/156/110 2370/169/123 2387/157/111
f 2386/156/110 2372/18/17 2371/170/124
f 2404/136/13 2285/171/53 2296/133/49
f 2403/138/13 2365/172/72 2404/136/13
f 2402/139/13 2366/173/105 2403/138/13
f 2401/13/13 2367/174/105 2402/139/13
f 2290/8/8 2417/119/97 2321/9/9
f 2369/175/122 2418/121/99 2417/119/97
f 2370/176/123 2419/177/125 2418/121/99
f 2419/177/125 2372/178/17 2420/10/10
f 2288/2/2 2433/104/85 2313/3/3
f 2361/179/19 2434/180/126 2433/104/85
f 2362/181/121 2435/107/88 2434/180/126
f 2435/107/88 2364/182/119 2436/4/4
f 2505/1/1 2440/2/2 2465/3/3
f 2588/4/4 2444/5/5 2469/6/6
f 2489/7/7 2442/8/8 2473/9/9
f 2572/10/10 2438/11/11 2464/12/12
f 2553/13/13 2441/14/14 2520/15/15
f 2537/16/128 2438/17/11 2524/18/17
f 2440/19/2 2525/20/18 2513/21/19
f 2452/22/20 2529/23/21 2525/20/18
f 2451/24/22 2533/25/23 2529/23/21
f 2533/25/23 2449/26/24 2537/16/128
f 2443/27/25 2541/28/13 2509/29/26
f 2456/30/27 2545/31/13 2541/28/13
f 2455/32/28 2549/33/13 2545/31/13
f 2454/34/28 2553/13/13 2549/33/13
f 2444/5/5 2477/35/29 2469/6/6
f 2457/36/30 2481/37/31 2477/35/29
f 2458/38/32 2485/39/33 2481/37/31
f 2485/39/33 2460/40/34 2489/7/7
f 2438/41/11 2493/42/35 2464/43/12
f 2449/44/24 2497/45/36 2493/42/35
f 2450/46/37 2501/47/38 2497/45/36
f 2501/47/38 2452/48/20 2505/1/1
f 2504/49/39 2445/50/40 2446/51/41
f 2504/49/39 2507/52/42 2508/53/43
f 2502/54/44 2507/52/42 2503/55/44
f 2502/54/44 2505/1/1 2506/56/45
f 2500/57/46 2446/51/41 2447/58/41
f 2499/59/47 2504/49/39 2500/57/46
f 2498/60/47 2503/55/44 2499/59/47
f 2497/45/36 2502/54/44 2498/60/47
f 2496/61/48 2447/58/41 2448/62/49
f 2495/63/50 2500/57/46 2496/61/48
f 2495/63/50 2498/60/47 2499/59/47
f 2493/42/35 2498/60/47 2494/64/51
f 2461/65/129 2448/62/49 2437/66/53
f 2462/67/54 2496/61/48 2461/65/129
f 2463/68/55 2495/63/50 2462/67/54
f 2464/43/12 2494/64/51 2463/68/55
f 2488/69/56 2453/70/57 2454/34/28
f 2488/69/56 2491/71/58 2492/72/59
f 2486/73/60 2491/71/58 2487/74/60
f 2486/73/60 2489/7/7 2490/75/61
f 2484/76/62 2454/34/28 2455/32/28
f 2483/77/63 2488/69/56 2484/76/62
f 2482/78/64 2487/74/60 2483/77/63
f 2481/37/31 2486/73/60 2482/78/64
f 2480/79/65 2455/32/28 2456/30/27
f 2479/80/66 2484/76/62 2480/79/65
f 2479/80/66 2482/78/64 2483/77/63
f 2477/35/29 2482/78/64 2478/81/67
f 2443/27/25 2480/79/65 2456/30/27
f 2471/83/69 2480/79/65 2472/82/68
f 2470/84/70 2479/80/66 2471/83/69
f 2469/6/6 2478/81/67 2470/84/70
f 2560/85/71 2437/86/53 2517/87/72
f 2560/85/71 2462/88/54 2461/89/129
f 2568/90/73 2462/88/54 2564/91/74
f 2572/10/10 2463/92/55 2568/90/73
f 2492/72/59 2441/14/14 2453/70/57
f 2492/72/59 2475/93/75 2476/94/76
f 2490/75/61 2475/93/75 2491/71/58
f 2489/7/7 2474/95/77 2490/75/61
f 2509/97/26 2472/82/68 2443/27/25
f 2576/96/78 2471/83/69 2472/82/68
f 2584/98/79 2471/83/69 2580/99/80
f 2588/4/4 2470/84/70 2584/98/79
f 2508/53/43 2439/100/81 2445/50/40
f 2508/53/43 2467/101/132 2468/102/83
f 2506/56/45 2467/101/132 2507/52/42
f 2505/1/1 2466/103/84 2506/56/45
f 2466/103/84 2585/104/85 2581/105/86
f 2585/104/85 2582/106/87 2581/105/86
f 2582/106/87 2587/107/131 2583/108/89
f 2583/108/89 2588/4/4 2584/98/79
f 2467/101/132 2581/105/86 2577/109/90
f 2577/109/90 2582/106/87 2578/110/87
f 2582/106/87 2579/111/89 2578/110/87
f 2583/108/89 2580/99/80 2579/111/89
f 2467/101/132 2573/112/91 2468/102/83
f 2577/109/90 2574/113/92 2573/112/91
f 2578/110/87 2575/114/93 2574/113/92
f 2575/114/93 2580/99/80 2576/96/78
f 2468/102/83 2512/115/94 2439/100/81
f 2512/115/94 2574/113/92 2511/116/95
f 2511/116/95 2575/114/93 2510/117/95
f 2510/117/95 2576/96/78 2509/97/26
f 2473/9/9 2565/118/96 2474/95/77
f 2569/119/97 2566/120/98 2565/118/96
f 2570/121/99 2567/122/100 2566/120/98
f 2567/122/100 2572/10/10 2568/90/73
f 2474/95/77 2561/123/101 2475/93/75
f 2561/123/101 2566/120/98 2562/124/98
f 2566/120/98 2563/125/100 2562/124/98
f 2567/122/100 2564/91/74 2563/125/100
f 2475/93/75 2557/126/102 2476/94/76
f 2561/123/101 2558/127/103 2557/126/102
f 2562/124/98 2559/128/104 2558/127/103
f 2559/128/104 2564/91/74 2560/85/71
f 2476/94/76 2520/129/15 2441/14/14
f 2557/126/102 2519/130/105 2520/129/15
f 2558/127/103 2518/131/105 2519/130/105
f 2559/128/104 2517/87/72 2518/131/105
f 2552/132/13 2448/133/49 2447/134/41
f 2551/135/13 2556/136/13 2552/132/13
f 2550/137/13 2555/138/13 2551/135/13
f 2549/33/13 2554/139/13 2550/137/13
f 2548/140/13 2447/134/41 2446/141/41
f 2547/142/13 2552/132/13 2548/140/13
f 2546/143/13 2551/135/13 2547/142/13
f 2545/31/13 2550/137/13 2546/143/13
f 2544/144/13 2446/141/41 2445/145/40
f 2543/146/13 2548/140/13 2544/144/13
f 2542/147/13 2547/142/13 2543/146/13
f 2541/28/13 2546/143/13 2542/147/13
f 2439/148/81 2544/144/13 2445/145/40
f 2511/149/95 2544/144/13 2512/150/94
f 2510/151/95 2543/146/13 2511/149/95
f 2509/29/26 2542/147/13 2510/151/95
f 2536/152/106 2460/40/34 2459/153/107
f 2535/154/108 2540/155/109 2536/152/106
f 2535/154/108 2538/156/110 2539/157/111
f 2534/158/112 2537/16/128 2538/156/110
f 2532/159/113 2459/153/107 2458/38/32
f 2532/159/113 2535/154/108 2536/152/106
f 2530/160/114 2535/154/108 2531/161/115
f 2530/160/114 2533/25/23 2534/158/112
f 2457/36/30 2532/159/113 2458/38/32
f 2528/162/116 2531/161/115 2532/159/113
f 2526/163/117 2531/161/115 2527/164/118
f 2525/20/18 2530/160/114 2526/163/117
f 2444/5/5 2528/162/116 2457/36/30
f 2516/165/119 2527/164/118 2528/162/116
f 2514/167/121 2527/164/118 2515/166/120
f 2513/21/19 2526/163/117 2514/167/121
f 2540/155/109 2442/8/8 2460/40/34
f 2539/157/111 2521/168/122 2540/155/109
f 2539/157/111 2523/170/124 2522/169/123
f 2538/156/110 2524/18/17 2523/170/124
f 2556/136/13 2437/171/53 2448/133/49
f 2555/138/13 2517/172/72 2556/136/13
f 2554/139/13 2518/173/105 2555/138/13
f 2553/13/13 2519/174/105 2554/139/13
f 2442/8/8 2569/119/97 2473/9/9
f 2521/175/122 2570/121/99 2569/119/97
f 2522/176/123 2571/177/125 2570/121/99
f 2571/177/125 2524/178/17 2572/10/10
f 2440/2/2 2585/104/85 2465/3/3
f 2513/179/19 2586/180/126 2585/104/85
f 2586/180/126 2515/186/120 2587/107/131
f 2587/107/131 2516/182/119 2588/4/4
f 2657/1/1 2592/2/2 2617/3/3
f 2740/4/4 2596/5/5 2621/6/6
f 2641/7/7 2594/8/8 2625/9/9
f 2724/10/10 2590/11/11 2616/12/12
f 2705/13/13 2593/14/14 2672/15/15
f 2689/16/128 2590/17/11 2676/18/17
f 2592/19/2 2677/20/18 2665/21/19
f 2604/22/20 2681/23/21 2677/20/18
f 2603/24/22 2685/25/23 2681/23/21
f 2685/25/23 2601/26/24 2689/16/128
f 2595/27/25 2693/28/13 2661/29/26
f 2608/30/27 2697/31/13 2693/28/13
f 2607/32/28 2701/33/13 2697/31/13
f 2606/34/28 2705/13/13 2701/33/13
f 2596/5/5 2629/35/29 2621/6/6
f 2609/36/30 2633/37/31 2629/35/29
f 2610/38/32 2637/39/33 2633/37/31
f 2637/39/33 2612/40/34 2641/7/7
f 2590/41/11 2645/42/35 2616/43/12
f 2601/44/24 2649/45/36 2645/42/35
f 2602/46/37 2653/47/38 2649/45/36
f 2653/47/38 2604/48/20 2657/1/1
f 2656/49/39 2597/50/40 2598/51/41
f 2656/49/39 2659/52/42 2660/53/43
f 2654/54/44 2659/52/42 2655/55/44
f 2654/54/44 2657/1/1 2658/56/45
f 2652/57/46 2598/51/41 2599/58/41
f 2651/59/47 2656/49/39 2652/57/46
f 2650/60/47 2655/55/44 2651/59/47
f 2649/45/36 2654/54/44 2650/60/47
f 2648/61/48 2599/58/41 2600/62/49
f 2647/63/50 2652/57/46 2648/61/48
f 2647/63/50 2650/60/47 2651/59/47
f 2645/42/35 2650/60/47 2646/64/51
f 2613/65/129 2600/62/49 2589/66/53
f 2614/67/54 2648/61/48 2613/65/129
f 2615/68/55 2647/63/50 2614/67/54
f 2616/43/12 2646/64/51 2615/68/55
f 2640/69/56 2605/70/57 2606/34/28
f 2640/69/56 2643/71/58 2644/72/59
f 2638/73/60 2643/71/58 2639/74/60
f 2638/73/60 2641/7/7 2642/75/61
f 2636/76/62 2606/34/28 2607/32/28
f 2635/77/63 2640/69/56 2636/76/62
f 2634/78/64 2639/74/60 2635/77/63
f 2633/37/31 2638/73/60 2634/78/64
f 2632/79/65 2607/32/28 2608/30/27
f 2631/80/66 2636/76/62 2632/79/65
f 2631/80/66 2634/78/64 2635/77/63
f 2629/35/29 2634/78/64 2630/81/67
f 2595/27/25 2632/79/65 2608/30/27
f 2623/83/69 2632/79/65 2624/82/68
f 2622/84/70 2631/80/66 2623/83/69
f 2621/6/6 2630/81/67 2622/84/70
f 2712/85/71 2589/86/53 2669/87/72
f 2712/85/71 2614/88/54 2613/89/129
f 2720/90/73 2614/88/54 2716/91/74
f 2724/10/10 2615/92/55 2720/90/73
f 2644/72/59 2593/14/14 2605/70/57
f 2644/72/59 2627/93/75 2628/94/76
f 2642/75/61 2627/93/75 2643/71/58
f 2641/7/7 2626/95/77 2642/75/61
f 2661/97/26 2624/82/68 2595/27/25
f 2728/96/78 2623/83/69 2624/82/68
f 2736/98/79 2623/83/69 2732/99/80
f 2740/4/4 2622/84/70 2736/98/79
f 2597/50/40 2620/102/83 2591/100/81
f 2660/53/43 2619/101/132 2620/102/83
f 2658/56/45 2619/101/132 2659/52/42
f 2657/1/1 2618/103/84 2658/56/45
f 2618/103/84 2737/104/85 2733/105/86
f 2737/104/85 2734/106/87 2733/105/86
f 2734/106/87 2739/107/88 2735/108/89
f 2735/108/89 2740/4/4 2736/98/79
f 2619/101/132 2733/105/86 2729/109/90
f 2729/109/90 2734/106/87 2730/110/87
f 2734/106/87 2731/111/89 2730/110/87
f 2735/108/89 2732/99/80 2731/111/89
f 2619/101/132 2725/112/130 2620/102/83
f 2729/109/90 2726/113/92 2725/112/130
f 2730/110/87 2727/114/93 2726/113/92
f 2727/114/93 2732/99/80 2728/96/78
f 2591/100/81 2725/112/130 2664/115/94
f 2664/115/94 2726/113/92 2663/116/95
f 2663/116/95 2727/114/93 2662/117/95
f 2662/117/95 2728/96/78 2661/97/26
f 2625/9/9 2717/118/96 2626/95/77
f 2721/119/97 2718/120/98 2717/118/96
f 2722/121/99 2719/122/100 2718/120/98
f 2719/122/100 2724/10/10 2720/90/73
f 2626/95/77 2713/123/101 2627/93/75
f 2713/123/101 2718/120/98 2714/124/98
f 2718/120/98 2715/125/100 2714/124/98
f 2719/122/100 2716/91/74 2715/125/100
f 2627/93/75 2709/126/102 2628/94/76
f 2713/123/101 2710/127/103 2709/126/102
f 2714/124/98 2711/128/104 2710/127/103
f 2711/128/104 2716/91/74 2712/85/71
f 2628/94/76 2672/129/15 2593/14/14
f 2709/126/102 2671/130/105 2672/129/15
f 2710/127/103 2670/131/105 2671/130/105
f 2711/128/104 2669/87/72 2670/131/105
f 2704/132/13 2600/133/49 2599/134/41
f 2703/135/13 2708/136/13 2704/132/13
f 2702/137/13 2707/138/13 2703/135/13
f 2701/33/13 2706/139/13 2702/137/13
f 2700/140/13 2599/134/41 2598/141/41
f 2699/142/13 2704/132/13 2700/140/13
f 2698/143/13 2703/135/13 2699/142/13
f 2697/31/13 2702/137/13 2698/143/13
f 2696/144/13 2598/141/41 2597/145/40
f 2695/146/13 2700/140/13 2696/144/13
f 2694/147/13 2699/142/13 2695/146/13
f 2693/28/13 2698/143/13 2694/147/13
f 2591/148/81 2696/144/13 2597/145/40
f 2663/149/95 2696/144/13 2664/150/94
f 2662/151/95 2695/146/13 2663/149/95
f 2661/29/26 2694/147/13 2662/151/95
f 2688/152/106 2612/40/34 2611/153/107
f 2687/154/108 2692/155/109 2688/152/106
f 2687/154/108 2690/156/110 2691/157/111
f 2686/158/112 2689/16/128 2690/156/110
f 2684/159/113 2611/153/107 2610/38/32
f 2684/159/113 2687/154/108 2688/152/106
f 2682/160/114 2687/154/108 2683/161/115
f 2682/160/114 2685/25/23 2686/158/112
f 2609/36/30 2684/159/113 2610/38/32
f 2680/162/116 2683/161/115 2684/159/113
f 2678/163/117 2683/161/115 2679/164/118
f 2677/20/18 2682/160/114 2678/163/117
f 2596/5/5 2680/162/116 2609/36/30
f 2668/165/119 2679/164/118 2680/162/116
f 2666/167/121 2679/164/118 2667/166/120
f 2665/21/19 2678/163/117 2666/167/121
f 2692/155/109 2594/8/8 2612/40/34
f 2691/157/111 2673/168/122 2692/155/109
f 2691/157/111 2675/170/124 2674/169/123
f 2690/156/110 2676/18/17 2675/170/124
f 2708/136/13 2589/171/53 2600/133/49
f 2707/138/13 2669/172/72 2708/136/13
f 2706/139/13 2670/173/105 2707/138/13
f 2705/13/13 2671/174/105 2706/139/13
f 2594/8/8 2721/119/97 2625/9/9
f 2673/175/122 2722/121/99 2721/119/97
f 2674/176/123 2723/177/125 2722/121/99
f 2723/177/125 2676/178/17 2724/10/10
f 2592/2/2 2737/104/85 2617/3/3
f 2665/179/19 2738/180/126 2737/104/85
f 2738/180/126 2667/186/120 2739/107/88
f 2739/107/88 2668/182/119 2740/4/4
f 2809/1/1 2744/2/2 2769/3/3
f 2892/4/4 2748/5/5 2773/6/6
f 2793/7/7 2746/8/8 2777/9/9
f 2876/10/10 2742/11/11 2768/12/12
f 2857/13/13 2745/14/14 2824/15/15
f 2841/16/16 2742/17/11 2828/18/17
f 2744/19/2 2829/20/18 2817/21/19
f 2756/22/20 2833/23/21 2829/20/18
f 2755/24/22 2837/25/23 2833/23/21
f 2837/25/23 2753/26/24 2841/16/16
f 2747/27/25 2845/28/13 2813/29/26
f 2760/30/27 2849/31/13 2845/28/13
f 2759/32/28 2853/33/13 2849/31/13
f 2758/34/28 2857/13/13 2853/33/13
f 2748/5/5 2781/35/29 2773/6/6
f 2761/36/30 2785/37/31 2781/35/29
f 2762/38/32 2789/39/33 2785/37/31
f 2789/39/33 2764/40/34 2793/7/7
f 2742/41/11 2797/42/35 2768/43/12
f 2753/44/24 2801/45/36 2797/42/35
f 2754/46/37 2805/47/38 2801/45/36
f 2805/47/38 2756/48/20 2809/1/1
f 2808/49/39 2749/50/40 2750/51/41
f 2808/49/39 2811/52/42 2812/53/43
f 2806/54/44 2811/52/42 2807/55/44
f 2806/54/44 2809/1/1 2810/56/45
f 2804/57/136 2750/51/41 2751/58/41
f 2803/59/47 2808/49/39 2804/57/136
f 2802/60/47 2807/55/44 2803/59/47
f 2801/45/36 2806/54/44 2802/60/47
f 2800/61/48 2751/58/41 2752/62/49
f 2799/63/50 2804/57/136 2800/61/48
f 2799/63/50 2802/60/47 2803/59/47
f 2797/42/35 2802/60/47 2798/64/51
f 2765/65/129 2752/62/49 2741/66/53
f 2766/67/54 2800/61/48 2765/65/129
f 2767/68/55 2799/63/50 2766/67/54
f 2768/43/12 2798/64/51 2767/68/55
f 2792/69/56 2757/70/57 2758/34/28
f 2792/69/56 2795/71/58 2796/72/59
f 2790/73/60 2795/71/58 2791/74/60
f 2790/73/60 2793/7/7 2794/75/61
f 2788/76/62 2758/34/28 2759/32/28
f 2787/77/63 2792/69/56 2788/76/62
f 2786/78/64 2791/74/60 2787/77/63
f 2785/37/31 2790/73/60 2786/78/64
f 2784/79/65 2759/32/28 2760/30/27
f 2783/80/66 2788/76/62 2784/79/65
f 2783/80/66 2786/78/64 2787/77/63
f 2781/35/29 2786/78/64 2782/81/67
f 2747/27/25 2784/79/65 2760/30/27
f 2775/83/69 2784/79/65 2776/82/68
f 2774/84/70 2783/80/66 2775/83/69
f 2773/6/6 2782/81/67 2774/84/70
f 2864/85/71 2741/86/53 2821/87/72
f 2864/85/71 2766/88/54 2765/89/129
f 2872/90/73 2766/88/54 2868/91/74
f 2876/10/10 2767/92/55 2872/90/73
f 2796/72/59 2745/14/14 2757/70/57
f 2796/72/59 2779/93/75 2780/94/76
f 2794/75/61 2779/93/75 2795/71/58
f 2793/7/7 2778/95/77 2794/75/61
f 2813/97/26 2776/82/68 2747/27/25
f 2880/96/78 2775/83/69 2776/82/68
f 2888/98/79 2775/83/69 2884/99/80
f 2892/4/4 2774/84/70 2888/98/79
f 2812/53/43 2743/100/81 2749/50/40
f 2812/53/43 2771/101/82 2772/102/83
f 2810/56/45 2771/101/82 2811/52/42
f 2809/1/1 2770/103/84 2810/56/45
f 2769/3/3 2885/105/86 2770/103/84
f 2889/104/85 2886/106/87 2885/105/86
f 2886/106/87 2891/107/88 2887/108/89
f 2887/108/89 2892/4/4 2888/98/79
f 2770/103/84 2881/109/90 2771/101/82
f 2881/109/90 2886/106/87 2882/110/87
f 2882/110/87 2887/108/89 2883/111/89
f 2887/108/89 2884/99/80 2883/111/89
f 2771/101/82 2877/112/130 2772/102/83
f 2881/109/90 2878/113/92 2877/112/130
f 2878/113/92 2883/111/89 2879/114/93
f 2879/114/93 2884/99/80 2880/96/78
f 2743/100/81 2877/112/130 2816/115/94
f 2816/115/94 2878/113/92 2815/116/95
f 2815/116/95 2879/114/93 2814/117/95
f 2814/117/95 2880/96/78 2813/97/26
f 2777/9/9 2869/118/96 2778/95/77
f 2873/119/97 2870/120/98 2869/118/96
f 2874/121/99 2871/122/100 2870/120/98
f 2871/122/100 2876/10/10 2872/90/73
f 2778/95/77 2865/123/101 2779/93/75
f 2865/123/101 2870/120/98 2866/124/98
f 2870/120/98 2867/125/100 2866/124/98
f 2871/122/100 2868/91/74 2867/125/100
f 2779/93/75 2861/126/102 2780/94/76
f 2865/123/101 2862/127/103 2861/126/102
f 2866/124/98 2863/128/104 2862/127/103
f 2863/128/104 2868/91/74 2864/85/71
f 2780/94/76 2824/129/15 2745/14/14
f 2861/126/102 2823/130/105 2824/129/15
f 2862/127/103 2822/131/105 2823/130/105
f 2863/128/104 2821/87/72 2822/131/105
f 2856/132/13 2752/133/49 2751/134/41
f 2855/135/13 2860/136/13 2856/132/13
f 2854/137/13 2859/138/13 2855/135/13
f 2853/33/13 2858/139/13 2854/137/13
f 2852/140/13 2751/134/41 2750/141/41
f 2851/142/13 2856/132/13 2852/140/13
f 2850/143/13 2855/135/13 2851/142/13
f 2849/31/13 2854/137/13 2850/143/13
f 2848/144/13 2750/141/41 2749/145/40
f 2847/146/13 2852/140/13 2848/144/13
f 2846/147/13 2851/142/13 2847/146/13
f 2845/28/13 2850/143/13 2846/147/13
f 2743/148/81 2848/144/13 2749/145/40
f 2815/149/95 2848/144/13 2816/150/94
f 2814/151/95 2847/146/13 2815/149/95
f 2813/29/26 2846/147/13 2814/151/95
f 2840/152/106 2764/40/34 2763/153/107
f 2839/154/108 2844/155/109 2840/152/106
f 2839/154/108 2842/156/110 2843/157/111
f 2838/158/112 2841/16/16 2842/156/110
f 2836/159/113 2763/153/107 2762/38/32
f 2836/159/113 2839/154/108 2840/152/106
f 2834/160/114 2839/154/108 2835/161/115
f 2834/160/114 2837/25/23 2838/158/112
f 2761/36/30 2836/159/113 2762/38/32
f 2832/162/116 2835/161/115 2836/159/113
f 2830/163/117 2835/161/115 2831/164/118
f 2829/20/18 2834/160/114 2830/163/117
f 2748/5/5 2832/162/116 2761/36/30
f 2820/165/119 2831/164/118 2832/162/116
f 2818/167/121 2831/164/118 2819/166/120
f 2817/21/19 2830/163/117 2818/167/121
f 2844/155/109 2746/8/8 2764/40/34
f 2843/157/111 2825/168/122 2844/155/109
f 2842/156/110 2826/169/123 2843/157/111
f 2842/156/110 2828/18/17 2827/170/124
f 2860/136/13 2741/171/53 2752/133/49
f 2859/138/13 2821/172/72 2860/136/13
f 2858/139/13 2822/173/105 2859/138/13
f 2857/13/13 2823/174/105 2858/139/13
f 2746/8/8 2873/119/97 2777/9/9
f 2825/175/122 2874/121/99 2873/119/97
f 2826/176/123 2875/177/125 2874/121/99
f 2875/177/125 2828/178/17 2876/10/10
f 2744/2/2 2889/104/85 2769/3/3
f 2817/179/19 2890/180/126 2889/104/85
f 2818/181/121 2891/107/88 2890/180/126
f 2891/107/88 2820/182/119 2892/4/4
f 2961/1/1 2896/2/2 2921/3/3
f 3044/4/4 2900/5/5 2925/6/6
f 2945/7/7 2898/8/8 2929/9/9
f 3028/10/10 2894/11/11 2920/12/12
f 3009/13/13 2897/14/14 2976/15/15
f 2993/16/128 2894/17/11 2980/18/17
f 2896/19/2 2981/20/18 2969/21/19
f 2908/22/20 2985/23/21 2981/20/18
f 2907/24/22 2989/25/23 2985/23/21
f 2989/25/23 2905/26/24 2993/16/128
f 2899/27/134 2997/28/13 2965/29/26
f 2912/30/27 3001/31/13 2997/28/13
f 2911/32/28 3005/33/13 3001/31/13
f 2910/34/28 3009/13/13 3005/33/13
f 2900/5/5 2933/35/29 2925/6/6
f 2913/36/30 2937/37/31 2933/35/29
f 2914/38/32 2941/39/33 2937/37/31
f 2941/39/33 2916/40/34 2945/7/7
f 2894/41/11 2949/42/35 2920/43/12
f 2905/44/24 2953/45/36 2949/42/35
f 2906/46/37 2957/47/38 2953/45/36
f 2957/47/38 2908/48/20 2961/1/1
f 2960/49/39 2901/50/40 2902/51/41
f 2960/49/39 2963/52/42 2964/53/43
f 2958/54/44 2963/52/42 2959/55/44
f 2958/54/44 2961/1/1 2962/56/45
f 2956/57/46 2902/51/41 2903/58/41
f 2955/59/47 2960/49/39 2956/57/46
f 2954/60/47 2959/55/44 2955/59/47
f 2953/45/36 2958/54/44 2954/60/47
f 2952/61/48 2903/58/41 2904/62/49
f 2951/63/50 2956/57/46 2952/61/48
f 2951/63/50 2954/60/47 2955/59/47
f 2949/42/35 2954/60/47 2950/64/51
f 2917/65/129 2904/62/49 2893/66/53
f 2918/67/54 2952/61/48 2917/65/129
f 2919/68/55 2951/63/50 2918/67/54
f 2920/43/12 2950/64/51 2919/68/55
f 2944/69/56 2909/70/57 2910/34/28
f 2944/69/56 2947/71/58 2948/72/59
f 2942/73/60 2947/71/58 2943/74/60
f 2942/73/60 2945/7/7 2946/75/61
f 2940/76/62 2910/34/28 2911/32/28
f 2939/77/63 2944/69/56 2940/76/62
f 2938/78/64 2943/74/60 2939/77/63
f 2937/37/31 2942/73/60 2938/78/64
f 2936/79/65 2911/32/28 2912/30/27
f 2935/80/66 2940/76/62 2936/79/65
f 2935/80/66 2938/78/64 2939/77/63
f 2933/35/29 2938/78/64 2934/81/67
f 2928/82/68 2912/30/27 2899/27/134
f 2927/83/69 2936/79/65 2928/82/68
f 2926/84/70 2935/80/66 2927/83/69
f 2925/6/6 2934/81/67 2926/84/70
f 3016/85/71 2893/86/53 2973/87/72
f 3016/85/71 2918/88/54 2917/89/129
f 3024/90/73 2918/88/54 3020/91/74
f 3028/10/10 2919/92/55 3024/90/73
f 2948/72/59 2897/14/14 2909/70/57
f 2948/72/59 2931/93/75 2932/94/76
f 2946/75/61 2931/93/75 2947/71/58
f 2945/7/7 2930/95/77 2946/75/61
f 2965/97/26 2928/82/68 2899/27/134
f 3032/96/78 2927/83/69 2928/82/68
f 3040/98/79 2927/83/69 3036/99/80
f 3044/4/4 2926/84/70 3040/98/79
f 2964/53/43 2895/100/81 2901/50/40
f 2964/53/43 2923/101/82 2924/102/83
f 2962/56/45 2923/101/82 2963/52/42
f 2961/1/1 2922/103/84 2962/56/45
f 2921/3/3 3037/105/86 2922/103/84
f 3041/104/85 3038/106/87 3037/105/86
f 3038/106/87 3043/107/88 3039/108/89
f 3039/108/89 3044/4/4 3040/98/79
f 2922/103/84 3033/109/90 2923/101/82
f 3033/109/90 3038/106/87 3034/110/87
f 3038/106/87 3035/111/89 3034/110/87
f 3039/108/89 3036/99/80 3035/111/89
f 2923/101/82 3029/112/91 2924/102/83
f 3033/109/90 3030/113/92 3029/112/91
f 3034/110/87 3031/114/93 3030/113/92
f 3031/114/93 3036/99/80 3032/96/78
f 2924/102/83 2968/115/94 2895/100/81
f 3029/112/91 2967/116/95 2968/115/94
f 2967/116/95 3031/114/93 2966/117/95
f 2966/117/95 3032/96/78 2965/97/26
f 2929/9/9 3021/118/96 2930/95/77
f 3025/119/97 3022/120/98 3021/118/96
f 3026/121/99 3023/122/100 3022/120/98
f 3023/122/100 3028/10/10 3024/90/73
f 2930/95/77 3017/123/101 2931/93/75
f 3017/123/101 3022/120/98 3018/124/98
f 3022/120/98 3019/125/100 3018/124/98
f 3023/122/100 3020/91/74 3019/125/100
f 2931/93/75 3013/126/102 2932/94/76
f 3017/123/101 3014/127/103 3013/126/102
f 3018/124/98 3015/128/104 3014/127/103
f 3015/128/104 3020/91/74 3016/85/71
f 2932/94/76 2976/129/15 2897/14/14
f 3013/126/102 2975/130/105 2976/129/15
f 3014/127/103 2974/131/105 2975/130/105
f 3015/128/104 2973/87/72 2974/131/105
f 3008/132/13 2904/133/49 2903/134/41
f 3007/135/13 3012/136/13 3008/132/13
f 3006/137/13 3011/138/13 3007/135/13
f 3005/33/13 3010/139/13 3006/137/13
f 3004/140/13 2903/134/41 2902/141/41
f 3003/142/13 3008/132/13 3004/140/13
f 3002/143/13 3007/135/13 3003/142/13
f 3001/31/13 3006/137/13 3002/143/13
f 3000/144/13 2902/141/41 2901/145/40
f 2999/146/13 3004/140/13 3000/144/13
f 2998/147/13 3003/142/13 2999/146/13
f 2997/28/13 3002/143/13 2998/147/13
f 2895/148/81 3000/144/13 2901/145/40
f 2967/149/95 3000/144/13 2968/150/94
f 2966/151/95 2999/146/13 2967/149/95
f 2965/29/26 2998/147/13 2966/151/95
f 2992/152/106 2916/40/34 2915/153/107
f 2991/154/108 2996/155/109 2992/152/106
f 2991/154/108 2994/156/110 2995/157/111
f 2990/158/112 2993/16/128 2994/156/110
f 2988/159/113 2915/153/107 2914/38/32
f 2988/159/113 2991/154/108 2992/152/106
f 2986/160/114 2991/154/108 2987/161/115
f 2986/160/114 2989/25/23 2990/158/112
f 2913/36/30 2988/159/113 2914/38/32
f 2984/162/116 2987/161/115 2988/159/113
f 2982/163/117 2987/161/115 2983/164/118
f 2981/20/18 2986/160/114 2982/163/117
f 2900/5/5 2984/162/116 2913/36/30
f 2972/165/119 2983/164/118 2984/162/116
f 2970/167/121 2983/164/118 2971/166/120
f 2969/21/19 2982/163/117 2970/167/121
f 2996/155/109 2898/8/8 2916/40/34
f 2995/157/111 2977/168/122 2996/155/109
f 2995/157/111 2979/170/124 2978/169/123
f 2994/156/110 2980/18/17 2979/170/124
f 3012/136/13 2893/171/53 2904/133/49
f 3011/138/13 2973/172/72 3012/136/13
f 3010/139/13 2974/173/105 3011/138/13
f 3009/13/13 2975/174/105 3010/139/13
f 2898/8/8 3025/119/97 2929/9/9
f 2977/175/122 3026/121/99 3025/119/97
f 2978/176/123 3027/177/125 3026/121/99
f 3027/177/125 2980/178/17 3028/10/10
f 2896/2/2 3041/104/85 2921/3/3
f 2969/179/19 3042/180/126 3041/104/85
f 3042/180/126 2971/186/120 3043/107/88
f 3043/107/88 2972/182/119 3044/4/4
f 3113/1/1 3048/2/2 3073/3/3
f 3196/4/4 3052/5/5 3077/6/6
f 3097/7/7 3050/8/8 3081/9/9
f 3180/10/10 3046/11/11 3072/12/12
f 3161/13/13 3049/14/14 3128/15/15
f 3145/16/128 3046/17/11 3132/18/17
f 3048/19/2 3133/20/18 3121/21/19
f 3060/22/20 3137/23/21 3133/20/18
f 3137/23/21 3058/189/37 3141/25/23
f 3141/25/23 3057/26/24 3145/16/128
f 3051/27/25 3149/28/13 3117/29/26
f 3064/30/27 3153/31/13 3149/28/13
f 3063/32/28 3157/33/13 3153/31/13
f 3062/34/28 3161/13/13 3157/33/13
f 3052/5/5 3085/35/29 3077/6/6
f 3065/36/30 3089/37/31 3085/35/29
f 3089/37/31 3067/153/107 3093/39/33
f 3093/39/33 3068/40/34 3097/7/7
f 3046/41/11 3101/42/35 3072/43/12
f 3057/44/24 3105/45/36 3101/42/35
f 3058/46/37 3109/47/38 3105/45/36
f 3109/47/38 3060/48/20 3113/1/1
f 3112/49/39 3053/50/40 3054/51/41
f 3112/49/39 3115/52/42 3116/53/43
f 3110/54/44 3115/52/42 3111/55/44
f 3110/54/44 3113/1/1 3114/56/45
f 3108/57/46 3054/51/41 3055/58/41
f 3107/59/47 3112/49/39 3108/57/46
f 3106/60/47 3111/55/44 3107/59/47
f 3105/45/36 3110/54/44 3106/60/47
f 3104/61/48 3055/58/41 3056/62/49
f 3103/63/50 3108/57/46 3104/61/48
f 3103/63/50 3106/60/47 3107/59/47
f 3101/42/35 3106/60/47 3102/64/51
f 3069/65/129 3056/62/49 3045/66/53
f 3070/67/54 3104/61/48 3069/65/129
f 3071/68/55 3103/63/50 3070/67/54
f 3072/43/12 3102/64/51 3071/68/55
f 3096/69/56 3061/70/57 3062/34/28
f 3096/69/56 3099/71/58 3100/72/59
f 3094/73/60 3099/71/58 3095/74/60
f 3094/73/60 3097/7/7 3098/75/61
f 3092/76/62 3062/34/28 3063/32/28
f 3091/77/63 3096/69/56 3092/76/62
f 3090/78/64 3095/74/60 3091/77/63
f 3089/37/31 3094/73/60 3090/78/64
f 3088/79/65 3063/32/28 3064/30/27
f 3087/80/66 3092/76/62 3088/79/65
f 3087/80/66 3090/78/64 3091/77/63
f 3085/35/29 3090/78/64 3086/81/67
f 3080/82/68 3064/30/27 3051/27/25
f 3079/83/69 3088/79/65 3080/82/68
f 3078/84/70 3087/80/66 3079/83/69
f 3077/6/6 3086/81/67 3078/84/70
f 3168/85/71 3045/86/53 3125/87/72
f 3168/85/71 3070/88/54 3069/89/129
f 3176/90/73 3070/88/54 3172/91/74
f 3180/10/10 3071/92/55 3176/90/73
f 3100/72/59 3049/14/14 3061/70/57
f 3100/72/59 3083/93/75 3084/94/76
f 3098/75/61 3083/93/75 3099/71/58
f 3097/7/7 3082/95/77 3098/75/61
f 3184/96/78 3051/27/25 3117/97/26
f 3184/96/78 3079/83/69 3080/82/68
f 3188/99/80 3078/84/70 3079/83/69
f 3196/4/4 3078/84/70 3192/98/79
f 3116/53/43 3047/100/81 3053/50/40
f 3116/53/43 3075/101/82 3076/102/83
f 3114/56/45 3075/101/82 3115/52/42
f 3114/56/45 3073/3/3 3074/103/84
f 3073/3/3 3189/105/86 3074/103/84
f 3193/104/85 3190/106/87 3189/105/86
f 3194/180/126 3191/108/89 3190/106/87
f 3191/108/89 3196/4/4 3192/98/79
f 3074/103/84 3185/109/90 3075/101/82
f 3185/109/90 3190/106/87 3186/110/87
f 3190/106/87 3187/111/89 3186/110/87
f 3191/108/89 3188/99/80 3187/111/89
f 3075/101/82 3181/112/130 3076/102/83
f 3185/109/90 3182/113/92 3181/112/130
f 3186/110/87 3183/114/93 3182/113/92
f 3183/114/93 3188/99/80 3184/96/78
f 3047/100/81 3181/112/130 3120/115/94
f 3120/115/94 3182/113/92 3119/116/95
f 3119/116/95 3183/114/93 3118/117/95
f 3118/117/95 3184/96/78 3117/97/26
f 3081/9/9 3173/118/96 3082/95/77
f 3177/119/97 3174/120/98 3173/118/96
f 3178/121/99 3175/122/100 3174/120/98
f 3175/122/100 3180/10/10 3176/90/73
f 3082/95/77 3169/123/101 3083/93/75
f 3169/123/101 3174/120/98 3170/124/98
f 3174/120/98 3171/125/100 3170/124/98
f 3175/122/100 3172/91/74 3171/125/100
f 3083/93/75 3165/126/102 3084/94/76
f 3169/123/101 3166/127/103 3165/126/102
f 3170/124/98 3167/128/104 3166/127/103
f 3167/128/104 3172/91/74 3168/85/71
f 3084/94/76 3128/129/15 3049/14/14
f 3165/126/102 3127/130/105 3128/129/15
f 3166/127/103 3126/131/105 3127/130/105
f 3167/128/104 3125/87/72 3126/131/105
f 3160/132/13 3056/133/49 3055/134/41
f 3159/135/13 3164/136/13 3160/132/13
f 3158/137/13 3163/138/13 3159/135/13
f 3157/33/13 3162/139/13 3158/137/13
f 3156/140/13 3055/134/41 3054/141/41
f 3155/142/13 3160/132/13 3156/140/13
f 3154/143/13 3159/135/13 3155/142/13
f 3153/31/13 3158/137/13 3154/143/13
f 3152/144/13 3054/141/41 3053/145/40
f 3151/146/13 3156/140/13 3152/144/13
f 3150/147/13 3155/142/13 3151/146/13
f 3149/28/13 3154/143/13 3150/147/13
f 3047/148/81 3152/144/13 3053/145/40
f 3119/149/95 3152/144/13 3120/150/94
f 3118/151/95 3151/146/13 3119/149/95
f 3117/29/26 3150/147/13 3118/151/95
f 3144/152/106 3068/40/34 3067/153/107
f 3143/154/108 3148/155/109 3144/152/106
f 3143/154/108 3146/156/110 3147/157/111
f 3142/158/112 3145/16/128 3146/156/110
f 3140/159/113 3067/153/107 3066/38/32
f 3140/159/113 3143/154/108 3144/152/106
f 3138/160/114 3143/154/108 3139/161/115
f 3138/160/114 3141/25/23 3142/158/112
f 3065/36/30 3140/159/113 3066/38/32
f 3136/162/116 3139/161/115 3140/159/113
f 3134/163/117 3139/161/115 3135/164/118
f 3133/20/18 3138/160/114 3134/163/117
f 3052/5/5 3136/162/116 3065/36/30
f 3124/165/119 3135/164/118 3136/162/116
f 3122/167/121 3135/164/118 3123/166/120
f 3121/21/19 3134/163/117 3122/167/121
f 3148/155/109 3050/8/8 3068/40/34
f 3147/157/111 3129/168/122 3148/155/109
f 3146/156/110 3130/169/123 3147/157/111
f 3146/156/110 3132/18/17 3131/170/124
f 3164/136/13 3045/171/53 3056/133/49
f 3163/138/13 3125/172/72 3164/136/13
f 3162/139/13 3126/173/105 3163/138/13
f 3161/13/13 3127/174/105 3162/139/13
f 3050/8/8 3177/119/97 3081/9/9
f 3129/175/122 3178/121/99 3177/119/97
f 3130/176/123 3179/177/125 3178/121/99
f 3179/177/125 3132/178/17 3180/10/10
f 3048/2/2 3193/104/85 3073/3/3
f 3121/179/19 3194/180/126 3193/104/85
f 3122/181/121 3195/107/131 3194/180/126
f 3195/107/131 3124/182/119 3196/4/4
f 3265/1/1 3200/2/2 3225/3/3
f 3348/4/4 3204/5/5 3229/6/6
f 3249/7/7 3202/8/8 3233/9/9
f 3332/10/10 3198/11/11 3224/12/12
f 3313/13/13 3201/14/14 3280/15/15
f 3297/16/128 3198/17/11 3284/18/17
f 3200/19/2 3285/20/18 3273/21/19
f 3212/22/20 3289/23/21 3285/20/18
f 3289/23/21 3210/189/37 3293/25/23
f 3293/25/23 3209/26/24 3297/16/128
f 3203/27/25 3301/28/13 3269/29/26
f 3216/30/27 3305/31/13 3301/28/13
f 3215/32/28 3309/33/13 3305/31/13
f 3214/34/28 3313/13/13 3309/33/13
f 3204/5/5 3237/35/29 3229/6/6
f 3217/36/30 3241/37/31 3237/35/29
f 3241/37/31 3219/153/107 3245/39/33
f 3245/39/33 3220/40/34 3249/7/7
f 3198/41/11 3253/42/35 3224/43/12
f 3209/44/24 3257/45/36 3253/42/35
f 3210/46/37 3261/47/38 3257/45/36
f 3261/47/38 3212/48/20 3265/1/1
f 3264/49/39 3205/50/40 3206/51/41
f 3264/49/39 3267/52/42 3268/53/43
f 3262/54/44 3267/52/42 3263/55/44
f 3262/54/44 3265/1/1 3266/56/45
f 3260/57/46 3206/51/41 3207/58/41
f 3259/59/47 3264/49/39 3260/57/46
f 3258/60/47 3263/55/44 3259/59/47
f 3257/45/36 3262/54/44 3258/60/47
f 3256/61/48 3207/58/41 3208/62/49
f 3255/63/50 3260/57/46 3256/61/48
f 3255/63/50 3258/60/47 3259/59/47
f 3253/42/35 3258/60/47 3254/64/51
f 3221/65/129 3208/62/49 3197/66/53
f 3222/67/54 3256/61/48 3221/65/129
f 3223/68/55 3255/63/50 3222/67/54
f 3224/43/12 3254/64/51 3223/68/55
f 3248/69/56 3213/70/57 3214/34/28
f 3248/69/56 3251/71/58 3252/72/59
f 3246/73/60 3251/71/58 3247/74/60
f 3246/73/60 3249/7/7 3250/75/61
f 3244/76/62 3214/34/28 3215/32/28
f 3243/77/63 3248/69/56 3244/76/62
f 3242/78/64 3247/74/60 3243/77/63
f 3241/37/31 3246/73/60 3242/78/64
f 3240/79/65 3215/32/28 3216/30/27
f 3239/80/66 3244/76/62 3240/79/65
f 3239/80/66 3242/78/64 3243/77/63
f 3237/35/29 3242/78/64 3238/81/67
f 3232/82/68 3216/30/27 3203/27/25
f 3231/83/69 3240/79/65 3232/82/68
f 3230/84/70 3239/80/66 3231/83/69
f 3229/6/6 3238/81/67 3230/84/70
f 3320/85/71 3197/86/53 3277/87/72
f 3320/85/71 3222/88/54 3221/89/129
f 3328/90/73 3222/88/54 3324/91/74
f 3332/10/10 3223/92/55 3328/90/73
f 3252/72/59 3201/14/14 3213/70/57
f 3252/72/59 3235/93/75 3236/94/76
f 3250/75/61 3235/93/75 3251/71/58
f 3249/7/7 3234/95/77 3250/75/61
f 3336/96/78 3203/27/25 3269/97/26
f 3336/96/78 3231/83/69 3232/82/68
f 3340/99/80 3230/84/70 3231/83/69
f 3348/4/4 3230/84/70 3344/98/79
f 3205/50/40 3228/102/83 3199/100/81
f 3268/53/43 3227/101/82 3228/102/83
f 3266/56/45 3227/101/82 3267/52/42
f 3265/1/1 3226/103/84 3266/56/45
f 3225/3/3 3341/105/86 3226/103/84
f 3345/104/85 3342/106/87 3341/105/86
f 3346/180/126 3343/108/89 3342/106/87
f 3343/108/89 3348/4/4 3344/98/79
f 3226/103/84 3337/109/90 3227/101/82
f 3337/109/90 3342/106/87 3338/110/87
f 3342/106/87 3339/111/89 3338/110/87
f 3343/108/89 3340/99/80 3339/111/89
f 3227/101/82 3333/112/130 3228/102/83
f 3337/109/90 3334/113/92 3333/112/130
f 3334/113/92 3339/111/89 3335/114/93
f 3335/114/93 3340/99/80 3336/96/78
f 3199/100/81 3333/112/130 3272/115/94
f 3272/115/94 3334/113/92 3271/116/95
f 3271/116/95 3335/114/93 3270/117/95
f 3270/117/95 3336/96/78 3269/97/26
f 3233/9/9 3325/118/96 3234/95/77
f 3329/119/97 3326/120/98 3325/118/96
f 3330/121/99 3327/122/100 3326/120/98
f 3327/122/100 3332/10/10 3328/90/73
f 3234/95/77 3321/123/101 3235/93/75
f 3321/123/101 3326/120/98 3322/124/98
f 3326/120/98 3323/125/100 3322/124/98
f 3327/122/100 3324/91/74 3323/125/100
f 3235/93/75 3317/126/102 3236/94/76
f 3321/123/101 3318/127/103 3317/126/102
f 3322/124/98 3319/128/104 3318/127/103
f 3319/128/104 3324/91/74 3320/85/71
f 3236/94/76 3280/129/15 3201/14/14
f 3317/126/102 3279/130/105 3280/129/15
f 3318/127/103 3278/131/105 3279/130/105
f 3319/128/104 3277/87/72 3278/131/105
f 3312/132/13 3208/133/49 3207/134/41
f 3311/135/13 3316/136/13 3312/132/13
f 3310/137/13 3315/138/13 3311/135/13
f 3309/33/13 3314/139/13 3310/137/13
f 3308/140/13 3207/134/41 3206/141/41
f 3307/142/13 3312/132/13 3308/140/13
f 3306/143/13 3311/135/13 3307/142/13
f 3305/31/13 3310/137/13 3306/143/13
f 3304/144/13 3206/141/41 3205/145/40
f 3303/146/13 3308/140/13 3304/144/13
f 3302/147/13 3307/142/13 3303/146/13
f 3301/28/13 3306/143/13 3302/147/13
f 3199/148/81 3304/144/13 3205/145/40
f 3271/149/95 3304/144/13 3272/150/94
f 3270/151/95 3303/146/13 3271/149/95
f 3269/29/26 3302/147/13 3270/151/95
f 3296/152/106 3220/40/34 3219/153/107
f 3295/154/108 3300/155/109 3296/152/106
f 3295/154/108 3298/156/110 3299/157/111
f 3294/158/112 3297/16/128 3298/156/110
f 3292/159/113 3219/153/107 3218/38/32
f 3292/159/113 3295/154/108 3296/152/106
f 3290/160/114 3295/154/108 3291/161/115
f 3290/160/114 3293/25/23 3294/158/112
f 3217/36/30 3292/159/113 3218/38/32
f 3288/162/116 3291/161/115 3292/159/113
f 3286/163/117 3291/161/115 3287/164/118
f 3285/20/18 3290/160/114 3286/163/117
f 3204/5/5 3288/162/116 3217/36/30
f 3276/165/119 3287/164/118 3288/162/116
f 3275/166/120 3286/163/117 3287/164/118
f 3273/21/19 3286/163/117 3274/167/121
f 3300/155/109 3202/8/8 3220/40/34
f 3299/157/111 3281/168/122 3300/155/109
f 3298/156/110 3282/169/123 3299/157/111
f 3298/156/110 3284/18/17 3283/170/124
f 3316/136/13 3197/171/53 3208/133/49
f 3315/138/13 3277/172/72 3316/136/13
f 3314/139/13 3278/173/105 3315/138/13
f 3313/13/13 3279/174/105 3314/139/13
f 3202/8/8 3329/119/97 3233/9/9
f 3281/175/122 3330/121/99 3329/119/97
f 3282/176/123 3331/177/125 3330/121/99
f 3331/177/125 3284/178/17 3332/10/10
f 3200/2/2 3345/104/85 3225/3/3
f 3273/179/19 3346/180/126 3345/104/85
f 3274/181/121 3347/107/131 3346/180/126
f 3347/107/131 3276/182/119 3348/4/4
f 3417/1/1 3352/2/2 3377/3/3
f 3500/4/4 3356/5/5 3381/6/6
f 3401/7/7 3354/8/8 3385/9/9
f 3484/10/10 3350/11/11 3376/12/12
f 3465/13/13 3353/14/14 3432/15/15
f 3449/16/128 3350/17/11 3436/18/17
f 3352/19/2 3437/20/18 3425/21/19
f 3364/22/20 3441/23/21 3437/20/18
f 3441/23/21 3362/189/37 3445/25/23
f 3445/25/23 3361/26/24 3449/16/128
f 3355/27/25 3453/28/13 3421/29/26
f 3368/30/27 3457/31/13 3453/28/13
f 3367/32/28 3461/33/13 3457/31/13
f 3366/34/28 3465/13/13 3461/33/13
f 3356/5/5 3389/35/29 3381/6/6
f 3369/36/30 3393/37/31 3389/35/29
f 3393/37/31 3371/153/107 3397/39/33
f 3397/39/33 3372/40/34 3401/7/7
f 3350/41/11 3405/42/35 3376/43/12
f 3361/44/24 3409/45/36 3405/42/35
f 3362/46/37 3413/47/38 3409/45/36
f 3413/47/38 3364/48/20 3417/1/1
f 3416/49/39 3357/50/40 3358/51/41
f 3416/49/39 3419/52/42 3420/53/43
f 3414/54/44 3419/52/42 3415/55/44
f 3414/54/44 3417/1/1 3418/56/45
f 3412/57/46 3358/51/41 3359/58/41
f 3411/59/47 3416/49/39 3412/57/46
f 3410/60/47 3415/55/44 3411/59/47
f 3409/45/36 3414/54/44 3410/60/47
f 3408/61/48 3359/58/41 3360/62/49
f 3407/63/50 3412/57/46 3408/61/48
f 3407/63/50 3410/60/47 3411/59/47
f 3405/42/35 3410/60/47 3406/64/51
f 3373/65/129 3360/62/49 3349/66/53
f 3374/67/54 3408/61/48 3373/65/129
f 3375/68/55 3407/63/50 3374/67/54
f 3376/43/12 3406/64/51 3375/68/55
f 3400/69/56 3365/70/57 3366/34/28
f 3400/69/56 3403/71/58 3404/72/59
f 3398/73/60 3403/71/58 3399/74/60
f 3398/73/60 3401/7/7 3402/75/61
f 3396/76/62 3366/34/28 3367/32/28
f 3395/77/63 3400/69/56 3396/76/62
f 3394/78/64 3399/74/60 3395/77/63
f 3393/37/31 3398/73/60 3394/78/64
f 3392/79/65 3367/32/28 3368/30/27
f 3391/80/66 3396/76/62 3392/79/65
f 3391/80/66 3394/78/64 3395/77/63
f 3389/35/29 3394/78/64 3390/81/67
f 3384/82/68 3368/30/27 3355/27/25
f 3383/83/69 3392/79/65 3384/82/68
f 3382/84/70 3391/80/66 3383/83/69
f 3381/6/6 3390/81/67 3382/84/70
f 3472/85/71 3349/86/53 3429/87/72
f 3472/85/71 3374/88/54 3373/89/129
f 3480/90/73 3374/88/54 3476/91/74
f 3484/10/10 3375/92/55 3480/90/73
f 3404/72/59 3353/14/14 3365/70/57
f 3404/72/59 3387/93/75 3388/94/76
f 3402/75/61 3387/93/75 3403/71/58
f 3401/7/7 3386/95/77 3402/75/61
f 3488/96/78 3355/27/25 3421/97/26
f 3488/96/78 3383/83/69 3384/82/68
f 3496/98/79 3383/83/69 3492/99/80
f 3500/4/4 3382/84/70 3496/98/79
f 3420/53/43 3351/100/81 3357/50/40
f 3420/53/43 3379/101/132 3380/102/83
f 3419/52/42 3378/103/84 3379/101/132
f 3418/56/45 3377/3/3 3378/103/84
f 3377/3/3 3493/105/86 3378/103/84
f 3497/104/85 3494/106/87 3493/105/86
f 3494/106/87 3499/107/88 3495/108/89
f 3495/108/89 3500/4/4 3496/98/79
f 3378/103/84 3489/109/90 3379/101/132
f 3489/109/90 3494/106/87 3490/110/87
f 3490/110/87 3495/108/89 3491/111/89
f 3495/108/89 3492/99/80 3491/111/89
f 3379/101/132 3485/112/91 3380/102/83
f 3489/109/90 3486/113/92 3485/112/91
f 3486/113/92 3491/111/89 3487/114/93
f 3487/114/93 3492/99/80 3488/96/78
f 3380/102/83 3424/115/94 3351/100/81
f 3424/115/94 3486/113/92 3423/116/95
f 3423/116/95 3487/114/93 3422/117/95
f 3422/117/95 3488/96/78 3421/97/26
f 3385/9/9 3477/118/96 3386/95/77
f 3481/119/97 3478/120/98 3477/118/96
f 3482/121/99 3479/122/100 3478/120/98
f 3479/122/100 3484/10/10 3480/90/73
f 3386/95/77 3473/123/101 3387/93/75
f 3473/123/101 3478/120/98 3474/124/98
f 3478/120/98 3475/125/100 3474/124/98
f 3479/122/100 3476/91/74 3475/125/100
f 3387/93/75 3469/126/102 3388/94/76
f 3473/123/101 3470/127/103 3469/126/102
f 3474/124/98 3471/128/104 3470/127/103
f 3471/128/104 3476/91/74 3472/85/71
f 3388/94/76 3432/129/15 3353/14/14
f 3469/126/102 3431/130/105 3432/129/15
f 3470/127/103 3430/131/105 3431/130/105
f 3471/128/104 3429/87/72 3430/131/105
f 3464/132/13 3360/133/49 3359/134/41
f 3463/135/13 3468/136/13 3464/132/13
f 3462/137/13 3467/138/13 3463/135/13
f 3461/33/13 3466/139/13 3462/137/13
f 3460/140/13 3359/134/41 3358/141/41
f 3459/142/13 3464/132/13 3460/140/13
f 3458/143/13 3463/135/13 3459/142/13
f 3457/31/13 3462/137/13 3458/143/13
f 3456/144/13 3358/141/41 3357/145/40
f 3455/146/13 3460/140/13 3456/144/13
f 3454/147/13 3459/142/13 3455/146/13
f 3453/28/13 3458/143/13 3454/147/13
f 3351/148/81 3456/144/13 3357/145/40
f 3423/149/95 3456/144/13 3424/150/94
f 3422/151/95 3455/146/13 3423/149/95
f 3421/29/26 3454/147/13 3422/151/95
f 3448/152/106 3372/40/34 3371/153/107
f 3447/154/108 3452/155/109 3448/152/106
f 3447/154/108 3450/156/110 3451/157/111
f 3446/158/112 3449/16/128 3450/156/110
f 3444/159/113 3371/153/107 3370/38/32
f 3444/159/113 3447/154/108 3448/152/106
f 3442/160/114 3447/154/108 3443/161/115
f 3442/160/114 3445/25/23 3446/158/112
f 3369/36/30 3444/159/113 3370/38/32
f 3440/162/116 3443/161/115 3444/159/113
f 3438/163/117 3443/161/115 3439/164/118
f 3437/20/18 3442/160/114 3438/163/117
f 3356/5/5 3440/162/116 3369/36/30
f 3428/165/119 3439/164/118 3440/162/116
f 3427/166/120 3438/163/117 3439/164/118
f 3425/21/19 3438/163/117 3426/167/121
f 3452/155/109 3354/8/8 3372/40/34
f 3451/157/111 3433/168/122 3452/155/109
f 3450/156/110 3434/169/123 3451/157/111
f 3450/156/110 3436/18/17 3435/170/124
f 3468/136/13 3349/171/53 3360/133/49
f 3467/138/13 3429/172/72 3468/136/13
f 3466/139/13 3430/173/105 3467/138/13
f 3465/13/13 3431/174/105 3466/139/13
f 3354/8/8 3481/119/97 3385/9/9
f 3433/175/122 3482/121/99 3481/119/97
f 3434/176/123 3483/177/125 3482/121/99
f 3483/177/125 3436/178/17 3484/10/10
f 3352/2/2 3497/104/85 3377/3/3
f 3425/179/19 3498/180/126 3497/104/85
f 3426/181/121 3499/107/88 3498/180/126
f 3499/107/88 3428/182/119 3500/4/4
f 3569/1/1 3504/2/2 3529/3/3
f 3652/4/4 3508/5/5 3533/6/6
f 3553/7/7 3506/8/8 3537/9/9
f 3636/10/10 3502/11/11 3528/12/12
f 3617/13/13 3505/14/14 3584/15/15
f 3601/16/128 3502/17/11 3588/18/17
f 3504/19/2 3589/20/18 3577/21/19
f 3516/22/20 3593/23/21 3589/20/18
f 3593/23/21 3514/189/37 3597/25/23
f 3597/25/23 3513/26/24 3601/16/128
f 3507/27/25 3605/28/13 3573/29/26
f 3520/30/27 3609/31/13 3605/28/13
f 3519/32/28 3613/33/13 3609/31/13
f 3518/34/28 3617/13/13 3613/33/13
f 3508/5/5 3541/35/29 3533/6/6
f 3521/36/30 3545/37/31 3541/35/29
f 3545/37/31 3523/153/107 3549/39/33
f 3549/39/33 3524/40/34 3553/7/7
f 3502/41/11 3557/42/35 3528/43/12
f 3513/44/24 3561/45/36 3557/42/35
f 3514/46/37 3565/47/38 3561/45/36
f 3565/47/38 3516/48/20 3569/1/1
f 3568/49/39 3509/50/40 3510/51/41
f 3568/49/39 3571/52/42 3572/53/43
f 3566/54/44 3571/52/42 3567/55/44
f 3566/54/44 3569/1/1 3570/56/45
f 3564/57/46 3510/51/41 3511/58/41
f 3563/59/47 3568/49/39 3564/57/46
f 3562/60/47 3567/55/44 3563/59/47
f 3561/45/36 3566/54/44 3562/60/47
f 3560/61/48 3511/58/41 3512/62/49
f 3559/63/50 3564/57/46 3560/61/48
f 3559/63/50 3562/60/47 3563/59/47
f 3557/42/35 3562/60/47 3558/64/51
f 3525/65/129 3512/62/49 3501/66/53
f 3526/67/54 3560/61/48 3525/65/129
f 3527/68/55 3559/63/50 3526/67/54
f 3528/43/12 3558/64/51 3527/68/55
f 3552/69/56 3517/70/57 3518/34/28
f 3552/69/56 3555/71/58 3556/72/59
f 3550/73/60 3555/71/58 3551/74/60
f 3550/73/60 3553/7/7 3554/75/61
f 3548/76/62 3518/34/28 3519/32/28
f 3547/77/63 3552/69/56 3548/76/62
f 3546/78/64 3551/74/60 3547/77/63
f 3545/37/31 3550/73/60 3546/78/64
f 3544/79/65 3519/32/28 3520/30/27
f 3543/80/66 3548/76/62 3544/79/65
f 3543/80/66 3546/78/64 3547/77/63
f 3541/35/29 3546/78/64 3542/81/67
f 3507/27/25 3544/79/65 3520/30/27
f 3535/83/69 3544/79/65 3536/82/68
f 3534/84/70 3543/80/66 3535/83/69
f 3533/6/6 3542/81/67 3534/84/70
f 3624/85/71 3501/86/53 3581/87/72
f 3624/85/71 3526/88/54 3525/89/129
f 3632/90/73 3526/88/54 3628/91/74
f 3636/10/10 3527/92/55 3632/90/73
f 3556/72/59 3505/14/14 3517/70/57
f 3556/72/59 3539/93/75 3540/94/76
f 3554/75/61 3539/93/75 3555/71/58
f 3553/7/7 3538/95/77 3554/75/61
f 3640/96/78 3507/27/25 3573/97/26
f 3640/96/78 3535/83/69 3536/82/68
f 3648/98/79 3535/83/69 3644/99/80
f 3652/4/4 3534/84/70 3648/98/79
f 3572/53/43 3503/100/81 3509/50/40
f 3572/53/43 3531/101/132 3532/102/83
f 3570/56/45 3531/101/132 3571/52/42
f 3569/1/1 3530/103/84 3570/56/45
f 3530/103/84 3649/104/85 3645/105/86
f 3649/104/85 3646/106/87 3645/105/86
f 3650/180/126 3647/108/89 3646/106/87
f 3647/108/89 3652/4/4 3648/98/79
f 3531/101/132 3645/105/86 3641/109/90
f 3641/109/90 3646/106/87 3642/110/87
f 3646/106/87 3643/111/89 3642/110/87
f 3647/108/89 3644/99/80 3643/111/89
f 3531/101/132 3637/112/130 3532/102/83
f 3641/109/90 3638/113/92 3637/112/130
f 3642/110/87 3639/114/93 3638/113/92
f 3639/114/93 3644/99/80 3640/96/78
f 3503/100/81 3637/112/130 3576/115/94
f 3576/115/94 3638/113/92 3575/116/95
f 3575/116/95 3639/114/93 3574/117/95
f 3574/117/95 3640/96/78 3573/97/26
f 3537/9/9 3629/118/96 3538/95/77
f 3633/119/97 3630/120/98 3629/118/96
f 3634/121/99 3631/122/100 3630/120/98
f 3631/122/100 3636/10/10 3632/90/73
f 3538/95/77 3625/123/101 3539/93/75
f 3625/123/101 3630/120/98 3626/124/98
f 3626/124/98 3631/122/100 3627/125/100
f 3631/122/100 3628/91/74 3627/125/100
f 3539/93/75 3621/126/102 3540/94/76
f 3625/123/101 3622/127/103 3621/126/102
f 3626/124/98 3623/128/104 3622/127/103
f 3623/128/104 3628/91/74 3624/85/71
f 3540/94/76 3584/129/15 3505/14/14
f 3621/126/102 3583/130/105 3584/129/15
f 3622/127/103 3582/131/105 3583/130/105
f 3623/128/104 3581/87/72 3582/131/105
f 3616/132/13 3512/133/49 3511/134/41
f 3615/135/13 3620/136/13 3616/132/13
f 3614/137/13 3619/138/13 3615/135/13
f 3613/33/13 3618/139/13 3614/137/13
f 3612/140/13 3511/134/41 3510/141/41
f 3611/142/13 3616/132/13 3612/140/13
f 3610/143/13 3615/135/13 3611/142/13
f 3609/31/13 3614/137/13 3610/143/13
f 3608/144/13 3510/141/41 3509/145/40
f 3607/146/13 3612/140/13 3608/144/13
f 3606/147/13 3611/142/13 3607/146/13
f 3605/28/13 3610/143/13 3606/147/13
f 3503/148/81 3608/144/13 3509/145/40
f 3575/149/95 3608/144/13 3576/150/94
f 3574/151/95 3607/146/13 3575/149/95
f 3573/29/26 3606/147/13 3574/151/95
f 3600/152/106 3524/40/34 3523/153/107
f 3599/154/108 3604/155/109 3600/152/106
f 3599/154/108 3602/156/110 3603/157/111
f 3598/158/112 3601/16/128 3602/156/110
f 3596/159/113 3523/153/107 3522/38/32
f 3596/159/113 3599/154/108 3600/152/106
f 3594/160/114 3599/154/108 3595/161/115
f 3594/160/114 3597/25/23 3598/158/112
f 3521/36/30 3596/159/113 3522/38/32
f 3592/162/116 3595/161/115 3596/159/113
f 3590/163/117 3595/161/115 3591/164/118
f 3589/20/18 3594/160/114 3590/163/117
f 3508/5/5 3592/162/116 3521/36/30
f 3580/165/119 3591/164/118 3592/162/116
f 3578/167/121 3591/164/118 3579/166/120
f 3577/21/19 3590/163/117 3578/167/121
f 3604/155/109 3506/8/8 3524/40/34
f 3603/157/111 3585/168/122 3604/155/109
f 3603/157/111 3587/170/124 3586/169/123
f 3602/156/110 3588/18/17 3587/170/124
f 3620/136/13 3501/171/53 3512/133/49
f 3619/138/13 3581/172/72 3620/136/13
f 3618/139/13 3582/173/105 3619/138/13
f 3617/13/13 3583/174/105 3618/139/13
f 3506/8/8 3633/119/97 3537/9/9
f 3585/175/122 3634/121/99 3633/119/97
f 3634/121/99 3587/188/124 3635/177/125
f 3635/177/125 3588/178/17 3636/10/10
f 3504/2/2 3649/104/85 3529/3/3
f 3577/179/19 3650/180/126 3649/104/85
f 3578/181/121 3651/107/131 3650/180/126
f 3651/107/131 3580/182/119 3652/4/4
f 3721/1/1 3656/2/2 3681/3/3
f 3804/4/4 3660/5/5 3685/6/6
f 3705/7/7 3658/8/8 3689/9/9
f 3788/10/10 3654/11/11 3680/12/12
f 3769/13/13 3657/14/14 3736/15/15
f 3753/16/128 3654/17/11 3740/18/17
f 3656/19/2 3741/20/18 3729/21/19
f 3668/22/20 3745/23/21 3741/20/18
f 3667/24/22 3749/25/23 3745/23/21
f 3749/25/23 3665/26/24 3753/16/128
f 3659/27/134 3757/28/13 3725/29/26
f 3672/30/27 3761/31/13 3757/28/13
f 3671/32/28 3765/33/13 3761/31/13
f 3670/34/28 3769/13/13 3765/33/13
f 3660/5/5 3693/35/29 3685/6/6
f 3673/36/30 3697/37/31 3693/35/29
f 3674/38/32 3701/39/33 3697/37/31
f 3701/39/33 3676/40/34 3705/7/7
f 3654/41/11 3709/42/35 3680/43/12
f 3665/44/24 3713/45/36 3709/42/35
f 3666/46/37 3717/47/38 3713/45/36
f 3717/47/38 3668/48/20 3721/1/1
f 3720/49/39 3661/50/40 3662/51/41
f 3720/49/39 3723/52/42 3724/53/43
f 3718/54/44 3723/52/42 3719/55/44
f 3718/54/44 3721/1/1 3722/56/45
f 3716/57/46 3662/51/41 3663/58/41
f 3715/59/47 3720/49/39 3716/57/46
f 3714/60/47 3719/55/44 3715/59/47
f 3713/45/36 3718/54/44 3714/60/47
f 3712/61/48 3663/58/41 3664/62/49
f 3711/63/50 3716/57/46 3712/61/48
f 3711/63/50 3714/60/47 3715/59/47
f 3709/42/35 3714/60/47 3710/64/51
f 3677/65/129 3664/62/49 3653/66/53
f 3678/67/54 3712/61/48 3677/65/129
f 3679/68/55 3711/63/50 3678/67/54
f 3680/43/12 3710/64/51 3679/68/55
f 3704/69/56 3669/70/57 3670/34/28
f 3704/69/56 3707/71/58 3708/72/59
f 3702/73/60 3707/71/58 3703/74/60
f 3702/73/60 3705/7/7 3706/75/61
f 3700/76/62 3670/34/28 3671/32/28
f 3699/77/63 3704/69/56 3700/76/62
f 3698/78/64 3703/74/60 3699/77/63
f 3697/37/31 3702/73/60 3698/78/64
f 3696/79/65 3671/32/28 3672/30/27
f 3695/80/66 3700/76/62 3696/79/65
f 3695/80/66 3698/78/64 3699/77/63
f 3693/35/29 3698/78/64 3694/81/67
f 3688/82/68 3672/30/27 3659/27/134
f 3687/83/69 3696/79/65 3688/82/68
f 3686/84/70 3695/80/66 3687/83/69
f 3685/6/6 3694/81/67 3686/84/70
f 3776/85/71 3653/86/53 3733/87/72
f 3776/85/71 3678/88/54 3677/89/129
f 3780/91/74 3679/92/55 3678/88/54
f 3784/90/73 3680/12/12 3679/92/55
f 3708/72/59 3657/14/14 3669/70/57
f 3708/72/59 3691/93/75 3692/94/76
f 3706/75/61 3691/93/75 3707/71/58
f 3705/7/7 3690/95/77 3706/75/61
f 3725/97/26 3688/82/68 3659/27/134
f 3792/96/78 3687/83/69 3688/82/68
f 3800/98/79 3687/83/69 3796/99/80
f 3804/4/4 3686/84/70 3800/98/79
f 3724/53/43 3655/100/81 3661/50/40
f 3724/53/43 3683/101/82 3684/102/83
f 3722/56/45 3683/101/82 3723/52/42
f 3721/1/1 3682/103/84 3722/56/45
f 3681/3/3 3797/105/86 3682/103/84
f 3801/104/85 3798/106/87 3797/105/86
f 3802/180/126 3799/108/89 3798/106/87
f 3799/108/89 3804/4/4 3800/98/79
f 3682/103/84 3793/109/90 3683/101/82
f 3793/109/90 3798/106/87 3794/110/87
f 3798/106/87 3795/111/89 3794/110/87
f 3799/108/89 3796/99/80 3795/111/89
f 3683/101/82 3789/112/91 3684/102/83
f 3793/109/90 3790/113/92 3789/112/91
f 3794/110/87 3791/114/93 3790/113/92
f 3791/114/93 3796/99/80 3792/96/78
f 3684/102/83 3728/115/94 3655/100/81
f 3789/112/91 3727/116/95 3728/115/94
f 3790/113/92 3726/117/95 3727/116/95
f 3791/114/93 3725/97/26 3726/117/95
f 3689/9/9 3781/118/96 3690/95/77
f 3785/119/97 3782/120/98 3781/118/96
f 3782/120/98 3787/177/125 3783/122/100
f 3783/122/100 3788/10/10 3784/90/73
f 3691/93/75 3781/118/96 3777/123/101
f 3777/123/101 3782/120/98 3778/124/98
f 3782/120/98 3779/125/100 3778/124/98
f 3783/122/100 3780/91/74 3779/125/100
f 3691/93/75 3773/126/102 3692/94/76
f 3777/123/101 3774/127/103 3773/126/102
f 3774/127/103 3779/125/100 3775/128/104
f 3775/128/104 3780/91/74 3776/85/71
f 3692/94/76 3736/129/15 3657/14/14
f 3773/126/102 3735/130/105 3736/129/15
f 3735/130/105 3775/128/104 3734/131/105
f 3775/128/104 3733/87/72 3734/131/105
f 3768/132/13 3664/133/49 3663/134/41
f 3767/135/13 3772/136/13 3768/132/13
f 3766/137/13 3771/138/13 3767/135/13
f 3765/33/13 3770/139/13 3766/137/13
f 3764/140/13 3663/134/41 3662/141/41
f 3763/142/13 3768/132/13 3764/140/13
f 3762/143/13 3767/135/13 3763/142/13
f 3761/31/13 3766/137/13 3762/143/13
f 3760/144/13 3662/141/41 3661/145/40
f 3759/146/13 3764/140/13 3760/144/13
f 3758/147/13 3763/142/13 3759/146/13
f 3757/28/13 3762/143/13 3758/147/13
f 3655/148/81 3760/144/13 3661/145/40
f 3727/149/95 3760/144/13 3728/150/94
f 3726/151/95 3759/146/13 3727/149/95
f 3725/29/26 3758/147/13 3726/151/95
f 3752/152/106 3676/40/34 3675/153/107
f 3751/154/108 3756/155/109 3752/152/106
f 3751/154/108 3754/156/110 3755/157/111
f 3750/158/112 3753/16/128 3754/156/110
f 3748/159/113 3675/153/107 3674/38/32
f 3748/159/113 3751/154/108 3752/152/106
f 3746/160/114 3751/154/108 3747/161/115
f 3746/160/114 3749/25/23 3750/158/112
f 3673/36/30 3748/159/113 3674/38/32
f 3744/162/116 3747/161/115 3748/159/113
f 3742/163/117 3747/161/115 3743/164/118
f 3741/20/18 3746/160/114 3742/163/117
f 3660/5/5 3744/162/116 3673/36/30
f 3732/165/119 3743/164/118 3744/162/116
f 3730/167/121 3743/164/118 3731/166/120
f 3729/21/19 3742/163/117 3730/167/121
f 3756/155/109 3658/8/8 3676/40/34
f 3755/157/111 3737/168/122 3756/155/109
f 3755/157/111 3739/170/124 3738/169/123
f 3754/156/110 3740/18/17 3739/170/124
f 3772/136/13 3653/171/53 3664/133/49
f 3771/138/13 3733/172/72 3772/136/13
f 3770/139/13 3734/173/105 3771/138/13
f 3769/13/13 3735/174/105 3770/139/13
f 3658/8/8 3785/119/97 3689/9/9
f 3737/175/122 3786/121/99 3785/119/97
f 3786/121/99 3739/188/124 3787/177/125
f 3787/177/125 3740/178/17 3788/10/10
f 3656/2/2 3801/104/85 3681/3/3
f 3729/179/19 3802/180/126 3801/104/85
f 3730/181/121 3803/107/131 3802/180/126
f 3803/107/131 3732/182/119 3804/4/4
f 3873/1/1 3808/2/2 3833/3/3
f 3956/4/4 3812/5/5 3837/6/6
f 3857/7/7 3810/8/8 3841/9/9
f 3940/10/10 3806/11/11 3832/12/12
f 3921/13/13 3809/14/14 3888/15/15
f 3905/16/128 3806/17/11 3892/18/17
f 3808/19/2 3893/20/18 3881/21/19
f 3820/22/20 3897/23/21 3893/20/18
f 3897/23/21 3818/189/37 3901/25/23
f 3901/25/23 3817/26/24 3905/16/128
f 3811/27/25 3909/28/13 3877/29/26
f 3824/30/27 3913/31/13 3909/28/13
f 3823/32/28 3917/33/13 3913/31/13
f 3822/34/28 3921/13/13 3917/33/13
f 3812/5/5 3845/35/29 3837/6/6
f 3825/36/30 3849/37/31 3845/35/29
f 3849/37/31 3827/153/107 3853/39/33
f 3853/39/33 3828/40/34 3857/7/7
f 3806/41/11 3861/42/35 3832/43/12
f 3817/44/24 3865/45/36 3861/42/35
f 3818/46/37 3869/47/38 3865/45/36
f 3869/47/38 3820/48/20 3873/1/1
f 3872/49/39 3813/50/40 3814/51/41
f 3872/49/39 3875/52/42 3876/53/43
f 3870/54/44 3875/52/42 3871/55/44
f 3870/54/44 3873/1/1 3874/56/45
f 3868/57/136 3814/51/41 3815/58/41
f 3867/59/47 3872/49/39 3868/57/136
f 3866/60/47 3871/55/44 3867/59/47
f 3865/45/36 3870/54/44 3866/60/47
f 3864/61/48 3815/58/41 3816/62/49
f 3863/63/50 3868/57/136 3864/61/48
f 3863/63/50 3866/60/47 3867/59/47
f 3861/42/35 3866/60/47 3862/64/51
f 3829/65/129 3816/62/49 3805/66/53
f 3830/67/54 3864/61/48 3829/65/129
f 3830/67/54 3862/64/51 3863/63/50
f 3832/43/12 3862/64/51 3831/68/55
f 3856/69/56 3821/70/57 3822/34/28
f 3856/69/56 3859/71/58 3860/72/59
f 3854/73/60 3859/71/58 3855/74/60
f 3854/73/60 3857/7/7 3858/75/61
f 3852/76/62 3822/34/28 3823/32/28
f 3851/77/63 3856/69/56 3852/76/62
f 3850/78/64 3855/74/60 3851/77/63
f 3849/37/31 3854/73/60 3850/78/64
f 3848/79/65 3823/32/28 3824/30/27
f 3847/80/66 3852/76/62 3848/79/65
f 3847/80/66 3850/78/64 3851/77/63
f 3845/35/29 3850/78/64 3846/81/67
f 3811/27/25 3848/79/65 3824/30/27
f 3839/83/69 3848/79/65 3840/82/68
f 3838/84/70 3847/80/66 3839/83/69
f 3837/6/6 3846/81/67 3838/84/70
f 3928/85/71 3805/86/53 3885/87/72
f 3928/85/71 3830/88/54 3829/89/129
f 3932/91/74 3831/92/55 3830/88/54
f 3940/10/10 3831/92/55 3936/90/73
f 3860/72/59 3809/14/14 3821/70/57
f 3860/72/59 3843/93/75 3844/94/76
f 3858/75/61 3843/93/75 3859/71/58
f 3857/7/7 3842/95/77 3858/75/61
f 3877/97/26 3840/82/68 3811/27/25
f 3944/96/78 3839/83/69 3840/82/68
f 3952/98/79 3839/83/69 3948/99/80
f 3956/4/4 3838/84/70 3952/98/79
f 3813/50/40 3836/102/83 3807/100/133
f 3876/53/43 3835/101/82 3836/102/83
f 3874/56/45 3835/101/82 3875/52/42
f 3873/1/1 3834/103/84 3874/56/45
f 3834/103/84 3953/104/85 3949/105/86
f 3953/104/85 3950/106/87 3949/105/86
f 3954/180/126 3951/108/89 3950/106/87
f 3951/108/89 3956/4/4 3952/98/79
f 3834/103/84 3945/109/90 3835/101/82
f 3945/109/90 3950/106/87 3946/110/87
f 3950/106/87 3947/111/89 3946/110/87
f 3951/108/89 3948/99/80 3947/111/89
f 3835/101/82 3941/112/91 3836/102/83
f 3945/109/90 3942/113/92 3941/112/91
f 3942/113/92 3947/111/89 3943/114/93
f 3943/114/93 3948/99/80 3944/96/78
f 3836/102/83 3880/115/94 3807/100/133
f 3880/115/94 3942/113/92 3879/116/95
f 3879/116/95 3943/114/93 3878/117/95
f 3878/117/95 3944/96/78 3877/97/26
f 3841/9/9 3933/118/96 3842/95/77
f 3937/119/97 3934/120/98 3933/118/96
f 3938/121/99 3935/122/100 3934/120/98
f 3935/122/100 3940/10/10 3936/90/73
f 3842/95/77 3929/123/101 3843/93/75
f 3929/123/101 3934/120/98 3930/124/98
f 3930/124/98 3935/122/100 3931/125/100
f 3935/122/100 3932/91/74 3931/125/100
f 3843/93/75 3925/126/102 3844/94/76
f 3929/123/101 3926/127/103 3925/126/102
f 3930/124/98 3927/128/104 3926/127/103
f 3927/128/104 3932/91/74 3928/85/71
f 3844/94/76 3888/129/15 3809/14/14
f 3925/126/102 3887/130/105 3888/129/15
f 3926/127/103 3886/131/105 3887/130/105
f 3927/128/104 3885/87/72 3886/131/105
f 3920/132/13 3816/133/49 3815/134/41
f 3919/135/13 3924/136/13 3920/132/13
f 3918/137/13 3923/138/13 3919/135/13
f 3917/33/13 3922/139/13 3918/137/13
f 3916/140/13 3815/134/41 3814/141/41
f 3915/142/13 3920/132/13 3916/140/13
f 3914/143/13 3919/135/13 3915/142/13
f 3913/31/13 3918/137/13 3914/143/13
f 3912/144/13 3814/141/41 3813/145/40
f 3911/146/13 3916/140/13 3912/144/13
f 3910/147/13 3915/142/13 3911/146/13
f 3909/28/13 3914/143/13 3910/147/13
f 3807/148/133 3912/144/13 3813/145/40
f 3879/149/95 3912/144/13 3880/150/94
f 3878/151/95 3911/146/13 3879/149/95
f 3877/29/26 3910/147/13 3878/151/95
f 3904/152/106 3828/40/34 3827/153/107
f 3903/154/108 3908/155/109 3904/152/106
f 3903/154/108 3906/156/110 3907/157/111
f 3902/158/112 3905/16/128 3906/156/110
f 3900/159/113 3827/153/107 3826/38/32
f 3900/159/113 3903/154/108 3904/152/106
f 3898/160/114 3903/154/108 3899/161/115
f 3898/160/114 3901/25/23 3902/158/112
f 3825/36/30 3900/159/113 3826/38/32
f 3896/162/116 3899/161/115 3900/159/113
f 3894/163/117 3899/161/115 3895/164/118
f 3893/20/18 3898/160/114 3894/163/117
f 3812/5/5 3896/162/116 3825/36/30
f 3884/165/119 3895/164/118 3896/162/116
f 3883/166/120 3894/163/117 3895/164/118
f 3881/21/19 3894/163/117 3882/167/121
f 3908/155/109 3810/8/8 3828/40/34
f 3907/157/111 3889/168/122 3908/155/109
f 3906/156/110 3890/169/123 3907/157/111
f 3906/156/110 3892/18/17 3891/170/124
f 3924/136/13 3805/171/53 3816/133/49
f 3923/138/13 3885/172/72 3924/136/13
f 3922/139/13 3886/173/105 3923/138/13
f 3921/13/13 3887/174/105 3922/139/13
f 3810/8/8 3937/119/97 3841/9/9
f 3889/175/122 3938/121/99 3937/119/97
f 3890/176/123 3939/177/125 3938/121/99
f 3939/177/125 3892/178/17 3940/10/10
f 3808/2/2 3953/104/85 3833/3/3
f 3881/179/19 3954/180/126 3953/104/85
f 3954/180/126 3883/186/120 3955/107/131
f 3955/107/131 3884/182/119 3956/4/4
f 4025/1/1 3960/2/2 3985/3/3
f 4108/4/4 3964/5/5 3989/6/6
f 4009/7/7 3962/8/137 3993/9/9
f 4092/10/10 3958/11/11 3984/12/12
f 4073/13/13 3961/14/14 4040/15/15
f 4057/16/128 3958/17/11 4044/18/17
f 3960/19/2 4045/20/18 4033/21/19
f 3972/22/20 4049/23/21 4045/20/18
f 3971/24/22 4053/25/23 4049/23/21
f 4053/25/23 3969/26/24 4057/16/128
f 3963/27/25 4061/28/13 4029/29/26
f 3976/30/27 4065/31/13 4061/28/13
f 3975/32/28 4069/33/13 4065/31/13
f 3974/34/28 4073/13/13 4069/33/13
f 3964/5/5 3997/35/29 3989/6/6
f 3977/36/30 4001/37/31 3997/35/29
f 3978/38/32 4005/39/33 4001/37/31
f 4005/39/33 3980/40/34 4009/7/7
f 3958/41/11 4013/42/35 3984/43/12
f 3969/44/24 4017/45/36 4013/42/35
f 3970/46/37 4021/47/38 4017/45/36
f 4021/47/38 3972/48/20 4025/1/1
f 4024/49/39 3965/50/40 3966/51/41
f 4024/49/39 4027/52/42 4028/53/43
f 4022/54/44 4027/52/42 4023/55/44
f 4022/54/44 4025/1/1 4026/56/45
f 4020/57/46 3966/51/41 3967/58/41
f 4019/59/47 4024/49/39 4020/57/46
f 4018/60/47 4023/55/44 4019/59/47
f 4017/45/36 4022/54/44 4018/60/47
f 4016/61/48 3967/58/41 3968/62/49
f 4015/63/50 4020/57/46 4016/61/48
f 4015/63/50 4018/60/47 4019/59/47
f 4013/42/35 4018/60/47 4014/64/51
f 3981/65/129 3968/62/49 3957/66/53
f 3982/67/54 4016/61/48 3981/65/129
f 3983/68/55 4015/63/50 3982/67/54
f 3984/43/12 4014/64/51 3983/68/55
f 4008/69/56 3973/70/57 3974/34/28
f 4008/69/56 4011/71/58 4012/72/59
f 4006/73/60 4011/71/58 4007/74/60
f 4006/73/60 4009/7/7 4010/75/61
f 4004/76/62 3974/34/28 3975/32/28
f 4003/77/63 4008/69/56 4004/76/62
f 4002/78/64 4007/74/60 4003/77/63
f 4001/37/31 4006/73/60 4002/78/64
f 4000/79/65 3975/32/28 3976/30/27
f 3999/80/66 4004/76/62 4000/79/65
f 3999/80/66 4002/78/64 4003/77/63
f 3997/35/29 4002/78/64 3998/81/67
f 3963/27/25 4000/79/65 3976/30/27
f 3991/83/69 4000/79/65 3992/82/68
f 3990/84/70 3999/80/66 3991/83/69
f 3989/6/6 3998/81/67 3990/84/70
f 4080/85/71 3957/86/53 4037/87/72
f 4080/85/71 3982/88/54 3981/89/129
f 4088/90/73 3982/88/54 4084/91/74
f 4092/10/10 3983/92/55 4088/90/73
f 4012/72/59 3961/14/14 3973/70/57
f 4012/72/59 3995/93/75 3996/94/76
f 4010/75/61 3995/93/75 4011/71/58
f 4009/7/7 3994/95/77 4010/75/61
f 4029/97/26 3992/82/68 3963/27/25
f 4096/96/78 3991/83/69 3992/82/68
f 4104/98/79 3991/83/69 4100/99/80
f 4108/4/4 3990/84/70 4104/98/79
f 4028/53/43 3959/100/81 3965/50/40
f 4028/53/43 3987/101/82 3988/102/83
f 4026/56/45 3987/101/82 4027/52/42
f 4025/1/1 3986/103/84 4026/56/45
f 3985/3/3 4101/105/86 3986/103/84
f 4105/104/85 4102/106/87 4101/105/86
f 4102/106/87 4107/107/88 4103/108/89
f 4103/108/89 4108/4/4 4104/98/79
f 3986/103/84 4097/109/90 3987/101/82
f 4097/109/90 4102/106/87 4098/110/87
f 4098/110/87 4103/108/89 4099/111/89
f 4103/108/89 4100/99/80 4099/111/89
f 3987/101/82 4093/112/130 3988/102/83
f 4097/109/90 4094/113/92 4093/112/130
f 4094/113/92 4099/111/89 4095/114/93
f 4095/114/93 4100/99/80 4096/96/78
f 3959/100/81 4093/112/130 4032/115/94
f 4032/115/94 4094/113/92 4031/116/95
f 4031/116/95 4095/114/93 4030/117/95
f 4030/117/95 4096/96/78 4029/97/26
f 3993/9/9 4085/118/96 3994/95/77
f 4089/119/97 4086/120/98 4085/118/96
f 4090/121/99 4087/122/100 4086/120/98
f 4087/122/100 4092/10/10 4088/90/73
f 3994/95/77 4081/123/101 3995/93/75
f 4081/123/101 4086/120/98 4082/124/98
f 4086/120/98 4083/125/100 4082/124/98
f 4087/122/100 4084/91/74 4083/125/100
f 3995/93/75 4077/126/102 3996/94/76
f 4081/123/101 4078/127/103 4077/126/102
f 4082/124/98 4079/128/104 4078/127/103
f 4079/128/104 4084/91/74 4080/85/71
f 3996/94/76 4040/129/15 3961/14/14
f 4077/126/102 4039/130/105 4040/129/15
f 4078/127/103 4038/131/105 4039/130/105
f 4079/128/104 4037/87/72 4038/131/105
f 4072/132/13 3968/133/49 3967/134/41
f 4071/135/13 4076/136/13 4072/132/13
f 4070/137/13 4075/138/13 4071/135/13
f 4069/33/13 4074/139/13 4070/137/13
f 4068/140/13 3967/134/41 3966/141/41
f 4067/142/13 4072/132/13 4068/140/13
f 4066/143/13 4071/135/13 4067/142/13
f 4065/31/13 4070/137/13 4066/143/13
f 4064/144/13 3966/141/41 3965/145/40
f 4063/146/13 4068/140/13 4064/144/13
f 4062/147/13 4067/142/13 4063/146/13
f 4061/28/13 4066/143/13 4062/147/13
f 3959/148/81 4064/144/13 3965/145/40
f 4031/149/95 4064/144/13 4032/150/94
f 4030/151/95 4063/146/13 4031/149/95
f 4029/29/26 4062/147/13 4030/151/95
f 4056/152/106 3980/40/34 3979/153/107
f 4055/154/108 4060/155/109 4056/152/106
f 4055/154/108 4058/156/110 4059/157/111
f 4054/158/112 4057/16/128 4058/156/110
f 4052/159/113 3979/153/107 3978/38/32
f 4052/159/113 4055/154/108 4056/152/106
f 4050/160/114 4055/154/108 4051/161/115
f 4050/160/114 4053/25/23 4054/158/112
f 3977/36/30 4052/159/113 3978/38/32
f 4048/162/116 4051/161/115 4052/159/113
f 4046/163/117 4051/161/115 4047/164/118
f 4045/20/18 4050/160/114 4046/163/117
f 3964/5/5 4048/162/116 3977/36/30
f 4036/165/119 4047/164/118 4048/162/116
f 4034/167/121 4047/164/118 4035/166/120
f 4033/21/19 4046/163/117 4034/167/121
f 4060/155/109 3962/8/137 3980/40/34
f 4059/157/111 4041/168/122 4060/155/109
f 4058/156/110 4042/169/123 4059/157/111
f 4058/156/110 4044/18/17 4043/170/124
f 4076/136/13 3957/171/53 3968/133/49
f 4075/138/13 4037/172/72 4076/136/13
f 4074/139/13 4038/173/105 4075/138/13
f 4073/13/13 4039/174/105 4074/139/13
f 3962/8/137 4089/119/97 3993/9/9
f 4041/175/122 4090/121/99 4089/119/97
f 4042/176/123 4091/177/125 4090/121/99
f 4091/177/125 4044/178/17 4092/10/10
f 3960/2/2 4105/104/85 3985/3/3
f 4033/179/19 4106/180/126 4105/104/85
f 4034/181/121 4107/107/88 4106/180/126
f 4107/107/88 4036/182/119 4108/4/4
f 4177/1/1 4112/2/2 4137/3/3
f 4260/4/4 4116/5/5 4141/6/6
f 4161/7/7 4114/8/8 4145/9/9
f 4244/10/10 4110/11/11 4136/12/12
f 4225/13/13 4113/14/14 4192/15/15
f 4209/16/16 4110/17/11 4196/18/17
f 4112/19/2 4197/20/18 4185/21/19
f 4124/22/20 4201/23/21 4197/20/18
f 4123/24/22 4205/25/23 4201/23/21
f 4205/25/23 4121/26/24 4209/16/16
f 4115/27/134 4213/28/13 4181/29/26
f 4128/30/27 4217/31/13 4213/28/13
f 4127/32/28 4221/33/13 4217/31/13
f 4126/34/28 4225/13/13 4221/33/13
f 4116/5/5 4149/35/29 4141/6/6
f 4129/36/30 4153/37/31 4149/35/29
f 4130/38/32 4157/39/33 4153/37/31
f 4157/39/33 4132/40/34 4161/7/7
f 4110/41/11 4165/42/35 4136/43/12
f 4121/44/24 4169/45/36 4165/42/35
f 4122/46/37 4173/47/38 4169/45/36
f 4173/47/38 4124/48/20 4177/1/1
f 4176/49/39 4117/50/40 4118/51/41
f 4176/49/39 4179/52/42 4180/53/43
f 4174/54/44 4179/52/42 4175/55/44
f 4174/54/44 4177/1/1 4178/56/45
f 4172/57/136 4118/51/41 4119/58/41
f 4171/59/47 4176/49/39 4172/57/136
f 4170/60/47 4175/55/44 4171/59/47
f 4169/45/36 4174/54/44 4170/60/47
f 4168/61/48 4119/58/41 4120/62/49
f 4167/63/50 4172/57/136 4168/61/48
f 4167/63/50 4170/60/47 4171/59/47
f 4165/42/35 4170/60/47 4166/64/51
f 4133/65/129 4120/62/49 4109/66/53
f 4134/67/54 4168/61/48 4133/65/129
f 4135/68/55 4167/63/50 4134/67/54
f 4136/43/12 4166/64/51 4135/68/55
f 4160/69/56 4125/70/57 4126/34/28
f 4160/69/56 4163/71/58 4164/72/59
f 4158/73/60 4163/71/58 4159/74/60
f 4158/73/60 4161/7/7 4162/75/61
f 4156/76/62 4126/34/28 4127/32/28
f 4155/77/63 4160/69/56 4156/76/62
f 4154/78/64 4159/74/60 4155/77/63
f 4153/37/31 4158/73/60 4154/78/64
f 4152/79/65 4127/32/28 4128/30/27
f 4151/80/66 4156/76/62 4152/79/65
f 4151/80/66 4154/78/64 4155/77/63
f 4149/35/29 4154/78/64 4150/81/67
f 4144/82/68 4128/30/27 4115/27/134
f 4143/83/69 4152/79/65 4144/82/68
f 4142/84/70 4151/80/66 4143/83/69
f 4141/6/6 4150/81/67 4142/84/70
f 4232/85/71 4109/86/53 4189/87/72
f 4232/85/71 4134/88/54 4133/89/129
f 4240/90/73 4134/88/54 4236/91/74
f 4244/10/10 4135/92/55 4240/90/73
f 4164/72/59 4113/14/14 4125/70/57
f 4164/72/59 4147/93/75 4148/94/76
f 4162/75/61 4147/93/75 4163/71/58
f 4161/7/7 4146/95/77 4162/75/61
f 4181/97/26 4144/82/68 4115/27/134
f 4248/96/78 4143/83/69 4144/82/68
f 4256/98/79 4143/83/69 4252/99/80
f 4260/4/4 4142/84/70 4256/98/79
f 4117/50/40 4140/102/83 4111/100/133
f 4180/53/43 4139/101/82 4140/102/83
f 4178/56/45 4139/101/82 4179/52/42
f 4177/1/1 4138/103/84 4178/56/45
f 4137/3/3 4253/105/86 4138/103/84
f 4257/104/85 4254/106/87 4253/105/86
f 4254/106/87 4259/107/88 4255/108/89
f 4255/108/89 4260/4/4 4256/98/79
f 4138/103/84 4249/109/90 4139/101/82
f 4249/109/90 4254/106/87 4250/110/87
f 4250/110/87 4255/108/89 4251/111/89
f 4255/108/89 4252/99/80 4251/111/89
f 4139/101/82 4245/112/91 4140/102/83
f 4249/109/90 4246/113/92 4245/112/91
f 4246/113/92 4251/111/89 4247/114/93
f 4247/114/93 4252/99/80 4248/96/78
f 4140/102/83 4184/115/94 4111/100/133
f 4184/115/94 4246/113/92 4183/116/95
f 4183/116/95 4247/114/93 4182/117/95
f 4182/117/95 4248/96/78 4181/97/26
f 4145/9/9 4237/118/96 4146/95/77
f 4241/119/97 4238/120/98 4237/118/96
f 4242/121/99 4239/122/100 4238/120/98
f 4239/122/100 4244/10/10 4240/90/73
f 4146/95/77 4233/123/101 4147/93/75
f 4233/123/101 4238/120/98 4234/124/98
f 4238/120/98 4235/125/100 4234/124/98
f 4239/122/100 4236/91/74 4235/125/100
f 4147/93/75 4229/126/102 4148/94/76
f 4233/123/101 4230/127/103 4229/126/102
f 4234/124/98 4231/128/104 4230/127/103
f 4231/128/104 4236/91/74 4232/85/71
f 4148/94/76 4192/129/15 4113/14/14
f 4229/126/102 4191/130/105 4192/129/15
f 4230/127/103 4190/131/105 4191/130/105
f 4231/128/104 4189/87/72 4190/131/105
f 4224/132/13 4120/133/49 4119/134/41
f 4223/135/13 4228/136/13 4224/132/13
f 4222/137/13 4227/138/13 4223/135/13
f 4221/33/13 4226/139/13 4222/137/13
f 4220/140/13 4119/134/41 4118/141/41
f 4219/142/13 4224/132/13 4220/140/13
f 4218/143/13 4223/135/13 4219/142/13
f 4217/31/13 4222/137/13 4218/143/13
f 4216/144/13 4118/141/41 4117/145/40
f 4215/146/13 4220/140/13 4216/144/13
f 4214/147/13 4219/142/13 4215/146/13
f 4213/28/13 4218/143/13 4214/147/13
f 4111/148/133 4216/144/13 4117/145/40
f 4183/149/95 4216/144/13 4184/150/94
f 4182/151/95 4215/146/13 4183/149/95
f 4181/29/26 4214/147/13 4182/151/95
f 4208/152/106 4132/40/34 4131/153/107
f 4207/154/108 4212/155/109 4208/152/106
f 4207/154/108 4210/156/110 4211/157/111
f 4206/158/112 4209/16/16 4210/156/110
f 4204/159/113 4131/153/107 4130/38/32
f 4204/159/113 4207/154/108 4208/152/106
f 4202/160/114 4207/154/108 4203/161/115
f 4202/160/114 4205/25/23 4206/158/112
f 4129/36/30 4204/159/113 4130/38/32
f 4200/162/116 4203/161/115 4204/159/113
f 4198/163/117 4203/161/115 4199/164/118
f 4197/20/18 4202/160/114 4198/163/117
f 4116/5/5 4200/162/116 4129/36/30
f 4188/165/119 4199/164/118 4200/162/116
f 4186/167/121 4199/164/118 4187/166/120
f 4185/21/19 4198/163/117 4186/167/121
f 4212/155/109 4114/8/8 4132/40/34
f 4211/157/111 4193/168/122 4212/155/109
f 4210/156/110 4194/169/123 4211/157/111
f 4210/156/110 4196/18/17 4195/170/124
f 4228/136/13 4109/171/53 4120/133/49
f 4227/138/13 4189/172/72 4228/136/13
f 4226/139/13 4190/173/105 4227/138/13
f 4225/13/13 4191/174/105 4226/139/13
f 4114/8/8 4241/119/97 4145/9/9
f 4193/175/122 4242/121/99 4241/119/97
f 4194/176/123 4243/177/125 4242/121/99
f 4243/177/125 4196/178/17 4244/10/10
f 4112/2/2 4257/104/85 4137/3/3
f 4185/179/19 4258/180/126 4257/104/85
f 4186/181/121 4259/107/88 4258/180/126
f 4259/107/88 4188/182/119 4260/4/4
f 4329/1/1 4264/2/2 4289/3/3
f 4412/4/4 4268/5/5 4293/6/6
f 4313/7/7 4266/8/8 4297/9/9
f 4396/10/10 4262/11/11 4288/12/12
f 4377/13/13 4265/14/14 4344/15/15
f 4361/16/128 4262/17/11 4348/18/17
f 4264/19/2 4349/20/18 4337/21/19
f 4276/22/20 4353/23/21 4349/20/18
f 4275/24/22 4357/25/23 4353/23/21
f 4357/25/23 4273/26/24 4361/16/128
f 4267/27/25 4365/28/13 4333/29/26
f 4280/30/27 4369/31/13 4365/28/13
f 4279/32/28 4373/33/13 4369/31/13
f 4278/34/28 4377/13/13 4373/33/13
f 4268/5/5 4301/35/29 4293/6/6
f 4281/36/30 4305/37/31 4301/35/29
f 4282/38/32 4309/39/33 4305/37/31
f 4309/39/33 4284/40/34 4313/7/7
f 4262/41/11 4317/42/35 4288/43/12
f 4273/44/24 4321/45/36 4317/42/35
f 4274/46/37 4325/47/38 4321/45/36
f 4325/47/38 4276/48/20 4329/1/1
f 4328/49/39 4269/50/40 4270/51/41
f 4328/49/39 4331/52/42 4332/53/43
f 4326/54/44 4331/52/42 4327/55/44
f 4326/54/44 4329/1/1 4330/56/45
f 4324/57/136 4270/51/41 4271/58/41
f 4323/59/47 4328/49/39 4324/57/136
f 4322/60/47 4327/55/44 4323/59/47
f 4321/45/36 4326/54/44 4322/60/47
f 4320/61/48 4271/58/41 4272/62/49
f 4319/63/50 4324/57/136 4320/61/48
f 4319/63/50 4322/60/47 4323/59/47
f 4317/42/35 4322/60/47 4318/64/51
f 4285/65/129 4272/62/49 4261/66/53
f 4286/67/54 4320/61/48 4285/65/129
f 4287/68/55 4319/63/50 4286/67/54
f 4288/43/12 4318/64/51 4287/68/55
f 4312/69/56 4277/70/57 4278/34/28
f 4312/69/56 4315/71/58 4316/72/59
f 4310/73/60 4315/71/58 4311/74/60
f 4310/73/60 4313/7/7 4314/75/61
f 4308/76/62 4278/34/28 4279/32/28
f 4307/77/63 4312/69/56 4308/76/62
f 4306/78/64 4311/74/60 4307/77/63
f 4305/37/31 4310/73/60 4306/78/64
f 4304/79/65 4279/32/28 4280/30/27
f 4303/80/66 4308/76/62 4304/79/65
f 4303/80/66 4306/78/64 4307/77/63
f 4301/35/29 4306/78/64 4302/81/67
f 4267/27/25 4304/79/65 4280/30/27
f 4295/83/69 4304/79/65 4296/82/68
f 4294/84/70 4303/80/66 4295/83/69
f 4293/6/6 4302/81/67 4294/84/70
f 4384/85/71 4261/86/53 4341/87/72
f 4384/85/71 4286/88/54 4285/89/129
f 4392/90/73 4286/88/54 4388/91/74
f 4396/10/10 4287/92/55 4392/90/73
f 4316/72/59 4265/14/14 4277/70/57
f 4316/72/59 4299/93/75 4300/94/76
f 4314/75/61 4299/93/75 4315/71/58
f 4313/7/7 4298/95/77 4314/75/61
f 4400/96/78 4267/27/25 4333/97/26
f 4400/96/78 4295/83/69 4296/82/68
f 4408/98/79 4295/83/69 4404/99/80
f 4412/4/4 4294/84/70 4408/98/79
f 4332/53/43 4263/100/81 4269/50/40
f 4332/53/43 4291/101/132 4292/102/83
f 4330/56/45 4291/101/132 4331/52/42
f 4329/1/1 4290/103/84 4330/56/45
f 4290/103/84 4409/104/85 4405/105/86
f 4409/104/85 4406/106/87 4405/105/86
f 4410/180/126 4407/108/89 4406/106/87
f 4407/108/89 4412/4/4 4408/98/79
f 4291/101/132 4405/105/86 4401/109/90
f 4401/109/90 4406/106/87 4402/110/87
f 4406/106/87 4403/111/89 4402/110/87
f 4407/108/89 4404/99/80 4403/111/89
f 4291/101/132 4397/112/91 4292/102/83
f 4401/109/90 4398/113/92 4397/112/91
f 4398/113/92 4403/111/89 4399/114/93
f 4399/114/93 4404/99/80 4400/96/78
f 4292/102/83 4336/115/94 4263/100/81
f 4336/115/94 4398/113/92 4335/116/95
f 4335/116/95 4399/114/93 4334/117/95
f 4334/117/95 4400/96/78 4333/97/26
f 4297/9/9 4389/118/96 4298/95/77
f 4393/119/97 4390/120/98 4389/118/96
f 4394/121/99 4391/122/100 4390/120/98
f 4391/122/100 4396/10/10 4392/90/73
f 4298/95/77 4385/123/101 4299/93/75
f 4385/123/101 4390/120/98 4386/124/98
f 4390/120/98 4387/125/100 4386/124/98
f 4391/122/100 4388/91/74 4387/125/100
f 4299/93/75 4381/126/102 4300/94/76
f 4385/123/101 4382/127/103 4381/126/102
f 4386/124/98 4383/128/104 4382/127/103
f 4383/128/104 4388/91/74 4384/85/71
f 4300/94/76 4344/129/15 4265/14/14
f 4381/126/102 4343/130/105 4344/129/15
f 4382/127/103 4342/131/105 4343/130/105
f 4383/128/104 4341/87/72 4342/131/105
f 4376/132/13 4272/133/49 4271/134/41
f 4375/135/13 4380/136/13 4376/132/13
f 4374/137/13 4379/138/13 4375/135/13
f 4373/33/13 4378/139/13 4374/137/13
f 4372/140/13 4271/134/41 4270/141/41
f 4371/142/13 4376/132/13 4372/140/13
f 4370/143/13 4375/135/13 4371/142/13
f 4369/31/13 4374/137/13 4370/143/13
f 4368/144/13 4270/141/41 4269/145/40
f 4367/146/13 4372/140/13 4368/144/13
f 4366/147/13 4371/142/13 4367/146/13
f 4365/28/13 4370/143/13 4366/147/13
f 4263/148/81 4368/144/13 4269/145/40
f 4335/149/95 4368/144/13 4336/150/94
f 4334/151/95 4367/146/13 4335/149/95
f 4333/29/26 4366/147/13 4334/151/95
f 4360/152/106 4284/40/34 4283/153/107
f 4359/154/108 4364/155/109 4360/152/106
f 4359/154/108 4362/156/110 4363/157/111
f 4358/158/112 4361/16/128 4362/156/110
f 4356/159/113 4283/153/107 4282/38/32
f 4356/159/113 4359/154/108 4360/152/106
f 4354/160/114 4359/154/108 4355/161/115
f 4354/160/114 4357/25/23 4358/158/112
f 4281/36/30 4356/159/113 4282/38/32
f 4352/162/116 4355/161/115 4356/159/113
f 4350/163/117 4355/161/115 4351/164/118
f 4349/20/18 4354/160/114 4350/163/117
f 4268/5/5 4352/162/116 4281/36/30
f 4340/165/119 4351/164/118 4352/162/116
f 4338/167/121 4351/164/118 4339/166/120
f 4337/21/19 4350/163/117 4338/167/121
f 4364/155/109 4266/8/8 4284/40/34
f 4363/157/111 4345/168/122 4364/155/109
f 4363/157/111 4347/170/124 4346/169/123
f 4362/156/110 4348/18/17 4347/170/124
f 4380/136/13 4261/171/53 4272/133/49
f 4379/138/13 4341/172/72 4380/136/13
f 4378/139/13 4342/173/105 4379/138/13
f 4377/13/13 4343/174/105 4378/139/13
f 4266/8/8 4393/119/97 4297/9/9
f 4345/175/122 4394/121/99 4393/119/97
f 4394/121/99 4347/188/124 4395/177/125
f 4395/177/125 4348/178/17 4396/10/10
f 4264/2/2 4409/104/85 4289/3/3
f 4337/179/19 4410/180/126 4409/104/85
f 4338/181/121 4411/107/131 4410/180/126
f 4411/107/131 4340/182/119 4412/4/4
f 4481/1/1 4416/2/2 4441/3/3
f 4564/4/4 4420/5/5 4445/6/6
f 4465/7/7 4418/8/137 4449/9/9
f 4548/10/10 4414/11/11 4440/12/12
f 4529/13/13 4417/14/14 4496/15/15
f 4513/16/128 4414/17/11 4500/18/17
f 4416/19/2 4501/20/18 4489/21/19
f 4428/22/20 4505/23/21 4501/20/18
f 4427/24/22 4509/25/23 4505/23/21
f 4509/25/23 4425/26/24 4513/16/128
f 4419/27/25 4517/28/13 4485/29/26
f 4432/30/27 4521/31/13 4517/28/13
f 4431/32/28 4525/33/13 4521/31/13
f 4430/34/28 4529/13/13 4525/33/13
f 4420/5/5 4453/35/29 4445/6/6
f 4433/36/30 4457/37/31 4453/35/29
f 4434/38/32 4461/39/33 4457/37/31
f 4461/39/33 4436/40/34 4465/7/7
f 4414/41/11 4469/42/35 4440/43/12
f 4425/44/24 4473/45/36 4469/42/35
f 4426/46/37 4477/47/38 4473/45/36
f 4477/47/38 4428/48/20 4481/1/1
f 4480/49/39 4421/50/40 4422/51/41
f 4480/49/39 4483/52/42 4484/53/43
f 4478/54/44 4483/52/42 4479/55/44
f 4478/54/44 4481/1/1 4482/56/45
f 4476/57/46 4422/51/41 4423/58/41
f 4475/59/47 4480/49/39 4476/57/46
f 4474/60/47 4479/55/44 4475/59/47
f 4473/45/36 4478/54/44 4474/60/47
f 4472/61/48 4423/58/41 4424/62/49
f 4471/63/50 4476/57/46 4472/61/48
f 4471/63/50 4474/60/47 4475/59/47
f 4469/42/35 4474/60/47 4470/64/51
f 4437/65/129 4424/62/49 4413/66/53
f 4438/67/54 4472/61/48 4437/65/129
f 4439/68/55 4471/63/50 4438/67/54
f 4440/43/12 4470/64/51 4439/68/55
f 4464/69/56 4429/70/57 4430/34/28
f 4464/69/56 4467/71/58 4468/72/59
f 4462/73/60 4467/71/58 4463/74/60
f 4462/73/60 4465/7/7 4466/75/61
f 4460/76/62 4430/34/28 4431/32/28
f 4459/77/63 4464/69/56 4460/76/62
f 4458/78/64 4463/74/60 4459/77/63
f 4457/37/31 4462/73/60 4458/78/64
f 4456/79/65 4431/32/28 4432/30/27
f 4455/80/66 4460/76/62 4456/79/65
f 4455/80/66 4458/78/64 4459/77/63
f 4453/35/29 4458/78/64 4454/81/67
f 4448/82/68 4432/30/27 4419/27/25
f 4447/83/69 4456/79/65 4448/82/68
f 4446/84/70 4455/80/66 4447/83/69
f 4445/6/6 4454/81/67 4446/84/70
f 4536/85/71 4413/86/53 4493/87/72
f 4536/85/71 4438/88/54 4437/89/129
f 4544/90/73 4438/88/54 4540/91/74
f 4548/10/10 4439/92/55 4544/90/73
f 4468/72/59 4417/14/14 4429/70/57
f 4468/72/59 4451/93/75 4452/94/76
f 4466/75/61 4451/93/75 4467/71/58
f 4465/7/7 4450/95/77 4466/75/61
f 4552/96/78 4419/27/25 4485/97/26
f 4552/96/78 4447/83/69 4448/82/68
f 4556/99/80 4446/84/70 4447/83/69
f 4564/4/4 4446/84/70 4560/98/79
f 4421/50/40 4444/102/83 4415/100/81
f 4484/53/43 4443/101/82 4444/102/83
f 4482/56/45 4443/101/82 4483/52/42
f 4481/1/1 4442/103/84 4482/56/45
f 4442/103/84 4561/104/85 4557/105/86
f 4561/104/85 4558/106/87 4557/105/86
f 4562/180/126 4559/108/89 4558/106/87
f 4559/108/89 4564/4/4 4560/98/79
f 4442/103/84 4553/109/90 4443/101/82
f 4553/109/90 4558/106/87 4554/110/87
f 4558/106/87 4555/111/89 4554/110/87
f 4559/108/89 4556/99/80 4555/111/89
f 4443/101/82 4549/112/130 4444/102/83
f 4553/109/90 4550/113/92 4549/112/130
f 4550/113/92 4555/111/89 4551/114/93
f 4551/114/93 4556/99/80 4552/96/78
f 4415/100/81 4549/112/130 4488/115/94
f 4488/115/94 4550/113/92 4487/116/95
f 4487/116/95 4551/114/93 4486/117/95
f 4486/117/95 4552/96/78 4485/97/26
f 4449/9/9 4541/118/96 4450/95/77
f 4545/119/97 4542/120/98 4541/118/96
f 4546/121/99 4543/122/100 4542/120/98
f 4543/122/100 4548/10/10 4544/90/73
f 4450/95/77 4537/123/101 4451/93/75
f 4537/123/101 4542/120/98 4538/124/98
f 4542/120/98 4539/125/100 4538/124/98
f 4543/122/100 4540/91/74 4539/125/100
f 4451/93/75 4533/126/102 4452/94/76
f 4537/123/101 4534/127/103 4533/126/102
f 4538/124/98 4535/128/104 4534/127/103
f 4535/128/104 4540/91/74 4536/85/71
f 4452/94/76 4496/129/15 4417/14/14
f 4533/126/102 4495/130/105 4496/129/15
f 4534/127/103 4494/131/105 4495/130/105
f 4535/128/104 4493/87/72 4494/131/105
f 4528/132/13 4424/133/49 4423/134/41
f 4527/135/13 4532/136/13 4528/132/13
f 4526/137/13 4531/138/13 4527/135/13
f 4525/33/13 4530/139/13 4526/137/13
f 4524/140/13 4423/134/41 4422/141/41
f 4523/142/13 4528/132/13 4524/140/13
f 4522/143/13 4527/135/13 4523/142/13
f 4521/31/13 4526/137/13 4522/143/13
f 4520/144/13 4422/141/41 4421/145/40
f 4519/146/13 4524/140/13 4520/144/13
f 4518/147/13 4523/142/13 4519/146/13
f 4517/28/13 4522/143/13 4518/147/13
f 4415/148/81 4520/144/13 4421/145/40
f 4487/149/95 4520/144/13 4488/150/94
f 4486/151/95 4519/146/13 4487/149/95
f 4485/29/26 4518/147/13 4486/151/95
f 4512/152/106 4436/40/34 4435/153/107
f 4511/154/108 4516/155/109 4512/152/106
f 4511/154/108 4514/156/110 4515/157/111
f 4510/158/112 4513/16/128 4514/156/110
f 4508/159/113 4435/153/107 4434/38/32
f 4508/159/113 4511/154/108 4512/152/106
f 4506/160/114 4511/154/108 4507/161/115
f 4506/160/114 4509/25/23 4510/158/112
f 4433/36/30 4508/159/113 4434/38/32
f 4504/162/116 4507/161/115 4508/159/113
f 4502/163/117 4507/161/115 4503/164/118
f 4501/20/18 4506/160/114 4502/163/117
f 4420/5/5 4504/162/116 4433/36/30
f 4492/165/119 4503/164/118 4504/162/116
f 4490/167/121 4503/164/118 4491/166/120
f 4489/21/19 4502/163/117 4490/167/121
f 4516/155/109 4418/8/137 4436/40/34
f 4515/157/111 4497/168/122 4516/155/109
f 4515/157/111 4499/170/124 4498/169/123
f 4514/156/110 4500/18/17 4499/170/124
f 4532/136/13 4413/171/53 4424/133/49
f 4531/138/13 4493/172/72 4532/136/13
f 4530/139/13 4494/173/105 4531/138/13
f 4529/13/13 4495/174/105 4530/139/13
f 4418/8/137 4545/119/97 4449/9/9
f 4497/175/122 4546/121/99 4545/119/97
f 4546/121/99 4499/188/124 4547/177/125
f 4547/177/125 4500/178/17 4548/10/10
f 4416/2/2 4561/104/85 4441/3/3
f 4489/179/19 4562/180/126 4561/104/85
f 4490/181/121 4563/107/131 4562/180/126
f 4563/107/131 4492/182/119 4564/4/4
f 4633/1/1 4568/2/2 4593/3/3
f 4716/4/4 4572/5/5 4597/6/6
f 4617/7/7 4570/8/8 4601/9/9
f 4700/10/10 4566/11/11 4592/12/12
f 4681/13/13 4569/14/14 4648/15/15
f 4665/16/128 4566/17/11 4652/18/17
f 4568/19/2 4653/20/18 4641/21/19
f 4580/22/20 4657/23/21 4653/20/18
f 4579/24/22 4661/25/23 4657/23/21
f 4661/25/23 4577/26/24 4665/16/128
f 4571/27/25 4669/28/13 4637/29/26
f 4584/30/27 4673/31/13 4669/28/13
f 4583/32/28 4677/33/13 4673/31/13
f 4582/34/28 4681/13/13 4677/33/13
f 4572/5/5 4605/35/29 4597/6/6
f 4585/36/30 4609/37/31 4605/35/29
f 4586/38/32 4613/39/33 4609/37/31
f 4613/39/33 4588/40/34 4617/7/7
f 4566/41/11 4621/42/35 4592/43/12
f 4577/44/24 4625/45/36 4621/42/35
f 4625/45/36 4579/187/22 4629/47/38
f 4629/47/38 4580/48/20 4633/1/1
f 4632/49/39 4573/50/40 4574/51/41
f 4632/49/39 4635/52/42 4636/53/43
f 4630/54/44 4635/52/42 4631/55/44
f 4630/54/44 4633/1/1 4634/56/45
f 4628/57/46 4574/51/41 4575/58/41
f 4627/59/47 4632/49/39 4628/57/46
f 4626/60/47 4631/55/44 4627/59/47
f 4625/45/36 4630/54/44 4626/60/47
f 4624/61/48 4575/58/41 4576/62/49
f 4623/63/50 4628/57/46 4624/61/48
f 4623/63/50 4626/60/47 4627/59/47
f 4621/42/35 4626/60/47 4622/64/51
f 4589/65/129 4576/62/49 4565/66/53
f 4590/67/54 4624/61/48 4589/65/129
f 4591/68/55 4623/63/50 4590/67/54
f 4592/43/12 4622/64/51 4591/68/55
f 4616/69/56 4581/70/57 4582/34/28
f 4616/69/56 4619/71/58 4620/72/59
f 4614/73/60 4619/71/58 4615/74/60
f 4614/73/60 4617/7/7 4618/75/61
f 4612/76/62 4582/34/28 4583/32/28
f 4611/77/63 4616/69/56 4612/76/62
f 4610/78/64 4615/74/60 4611/77/63
f 4609/37/31 4614/73/60 4610/78/64
f 4608/79/65 4583/32/28 4584/30/27
f 4607/80/66 4612/76/62 4608/79/65
f 4607/80/66 4610/78/64 4611/77/63
f 4605/35/29 4610/78/64 4606/81/67
f 4571/27/25 4608/79/65 4584/30/27
f 4599/83/69 4608/79/65 4600/82/68
f 4598/84/70 4607/80/66 4599/83/69
f 4597/6/6 4606/81/67 4598/84/70
f 4688/85/71 4565/86/53 4645/87/72
f 4688/85/71 4590/88/54 4589/89/129
f 4696/90/73 4590/88/54 4692/91/74
f 4700/10/10 4591/92/55 4696/90/73
f 4620/72/59 4569/14/14 4581/70/57
f 4620/72/59 4603/93/75 4604/94/76
f 4618/75/61 4603/93/75 4619/71/58
f 4617/7/7 4602/95/77 4618/75/61
f 4637/97/26 4600/82/68 4571/27/25
f 4704/96/78 4599/83/69 4600/82/68
f 4708/99/80 4598/84/70 4599/83/69
f 4716/4/4 4598/84/70 4712/98/79
f 4573/50/40 4596/102/83 4567/100/133
f 4636/53/43 4595/101/82 4596/102/83
f 4634/56/45 4595/101/82 4635/52/42
f 4633/1/1 4594/103/84 4634/56/45
f 4593/3/3 4709/105/86 4594/103/84
f 4713/104/85 4710/106/87 4709/105/86
f 4710/106/87 4715/107/88 4711/108/89
f 4711/108/89 4716/4/4 4712/98/79
f 4594/103/84 4705/109/90 4595/101/82
f 4705/109/90 4710/106/87 4706/110/87
f 4710/106/87 4707/111/89 4706/110/87
f 4711/108/89 4708/99/80 4707/111/89
f 4595/101/82 4701/112/91 4596/102/83
f 4705/109/90 4702/113/92 4701/112/91
f 4706/110/87 4703/114/93 4702/113/92
f 4703/114/93 4708/99/80 4704/96/78
f 4596/102/83 4640/115/94 4567/100/133
f 4640/115/94 4702/113/92 4639/116/95
f 4702/113/92 4638/117/95 4639/116/95
f 4638/117/95 4704/96/78 4637/97/26
f 4601/9/9 4693/118/96 4602/95/77
f 4697/119/97 4694/120/98 4693/118/96
f 4698/121/99 4695/122/100 4694/120/98
f 4695/122/100 4700/10/10 4696/90/73
f 4602/95/77 4689/123/101 4603/93/75
f 4689/123/101 4694/120/98 4690/124/98
f 4694/120/98 4691/125/100 4690/124/98
f 4695/122/100 4692/91/74 4691/125/100
f 4603/93/75 4685/126/102 4604/94/76
f 4689/123/101 4686/127/103 4685/126/102
f 4690/124/98 4687/128/104 4686/127/103
f 4687/128/104 4692/91/74 4688/85/71
f 4604/94/76 4648/129/15 4569/14/14
f 4685/126/102 4647/130/105 4648/129/15
f 4686/127/103 4646/131/105 4647/130/105
f 4687/128/104 4645/87/72 4646/131/105
f 4680/132/13 4576/133/49 4575/134/41
f 4679/135/13 4684/136/13 4680/132/13
f 4678/137/13 4683/138/13 4679/135/13
f 4677/33/13 4682/139/13 4678/137/13
f 4676/140/13 4575/134/41 4574/141/41
f 4675/142/13 4680/132/13 4676/140/13
f 4674/143/13 4679/135/13 4675/142/13
f 4673/31/13 4678/137/13 4674/143/13
f 4672/144/13 4574/141/41 4573/145/40
f 4671/146/13 4676/140/13 4672/144/13
f 4670/147/13 4675/142/13 4671/146/13
f 4669/28/13 4674/143/13 4670/147/13
f 4567/148/133 4672/144/13 4573/145/40
f 4639/149/95 4672/144/13 4640/150/94
f 4638/151/95 4671/146/13 4639/149/95
f 4637/29/26 4670/147/13 4638/151/95
f 4664/152/106 4588/40/34 4587/153/107
f 4663/154/108 4668/155/109 4664/152/106
f 4663/154/108 4666/156/110 4667/157/111
f 4662/158/112 4665/16/128 4666/156/110
f 4586/38/32 4664/152/106 4587/153/107
f 4660/159/113 4663/154/108 4664/152/106
f 4658/160/114 4663/154/108 4659/161/115
f 4658/160/114 4661/25/23 4662/158/112
f 4585/36/30 4660/159/113 4586/38/32
f 4656/162/116 4659/161/115 4660/159/113
f 4654/163/117 4659/161/115 4655/164/118
f 4653/20/18 4658/160/114 4654/163/117
f 4572/5/5 4656/162/116 4585/36/30
f 4644/165/119 4655/164/118 4656/162/116
f 4643/166/120 4654/163/117 4655/164/118
f 4641/21/19 4654/163/117 4642/167/121
f 4668/155/109 4570/8/8 4588/40/34
f 4667/157/111 4649/168/122 4668/155/109
f 4666/156/110 4650/169/123 4667/157/111
f 4666/156/110 4652/18/17 4651/170/124
f 4684/136/13 4565/171/53 4576/133/49
f 4683/138/13 4645/172/72 4684/136/13
f 4682/139/13 4646/173/105 4683/138/13
f 4681/13/13 4647/174/105 4682/139/13
f 4570/8/8 4697/119/97 4601/9/9
f 4649/175/122 4698/121/99 4697/119/97
f 4650/176/123 4699/177/125 4698/121/99
f 4699/177/125 4652/178/17 4700/10/10
f 4568/2/2 4713/104/85 4593/3/3
f 4641/179/19 4714/180/126 4713/104/85
f 4714/180/126 4643/186/120 4715/107/88
f 4715/107/88 4644/182/119 4716/4/4
f 4785/1/1 4720/2/2 4745/3/3
f 4868/4/4 4724/5/5 4749/6/6
f 4769/7/7 4722/8/8 4753/9/9
f 4852/10/10 4718/11/11 4744/12/12
f 4833/13/13 4721/14/14 4800/15/15
f 4817/16/128 4718/17/11 4804/18/17
f 4720/19/2 4805/20/18 4793/21/19
f 4732/22/20 4809/23/21 4805/20/18
f 4731/24/22 4813/25/23 4809/23/21
f 4813/25/23 4729/26/24 4817/16/128
f 4723/27/134 4821/28/13 4789/29/26
f 4736/30/27 4825/31/13 4821/28/13
f 4735/32/28 4829/33/13 4825/31/13
f 4734/34/28 4833/13/13 4829/33/13
f 4724/5/5 4757/35/29 4749/6/6
f 4737/36/30 4761/37/31 4757/35/29
f 4738/38/32 4765/39/33 4761/37/31
f 4765/39/33 4740/40/34 4769/7/7
f 4718/41/11 4773/42/35 4744/43/12
f 4729/44/24 4777/45/36 4773/42/35
f 4777/45/36 4731/187/22 4781/47/38
f 4781/47/38 4732/48/20 4785/1/1
f 4784/49/39 4725/50/40 4726/51/41
f 4784/49/39 4787/52/42 4788/53/43
f 4782/54/44 4787/52/42 4783/55/44
f 4782/54/44 4785/1/1 4786/56/45
f 4780/57/46 4726/51/41 4727/58/41
f 4779/59/47 4784/49/39 4780/57/46
f 4778/60/47 4783/55/44 4779/59/47
f 4777/45/36 4782/54/44 4778/60/47
f 4776/61/48 4727/58/41 4728/62/49
f 4775/63/50 4780/57/46 4776/61/48
f 4775/63/50 4778/60/47 4779/59/47
f 4773/42/35 4778/60/47 4774/64/51
f 4741/65/129 4728/62/49 4717/66/53
f 4742/67/54 4776/61/48 4741/65/129
f 4743/68/55 4775/63/50 4742/67/54
f 4744/43/12 4774/64/51 4743/68/55
f 4768/69/56 4733/70/57 4734/34/28
f 4768/69/56 4771/71/58 4772/72/59
f 4766/73/60 4771/71/58 4767/74/60
f 4766/73/60 4769/7/7 4770/75/61
f 4764/76/62 4734/34/28 4735/32/28
f 4763/77/63 4768/69/56 4764/76/62
f 4762/78/64 4767/74/60 4763/77/63
f 4761/37/31 4766/73/60 4762/78/64
f 4760/79/65 4735/32/28 4736/30/27
f 4759/80/66 4764/76/62 4760/79/65
f 4759/80/66 4762/78/64 4763/77/63
f 4757/35/29 4762/78/64 4758/81/67
f 4752/82/68 4736/30/27 4723/27/134
f 4751/83/69 4760/79/65 4752/82/68
f 4750/84/70 4759/80/66 4751/83/69
f 4749/6/6 4758/81/67 4750/84/70
f 4840/85/71 4717/86/53 4797/87/72
f 4840/85/71 4742/88/54 4741/89/129
f 4848/90/73 4742/88/54 4844/91/74
f 4852/10/10 4743/92/55 4848/90/73
f 4772/72/59 4721/14/14 4733/70/57
f 4772/72/59 4755/93/75 4756/94/76
f 4770/75/61 4755/93/75 4771/71/58
f 4769/7/7 4754/95/77 4770/75/61
f 4789/97/26 4752/82/68 4723/27/134
f 4856/96/78 4751/83/69 4752/82/68
f 4864/98/79 4751/83/69 4860/99/80
f 4868/4/4 4750/84/70 4864/98/79
f 4725/50/40 4748/102/83 4719/100/81
f 4788/53/43 4747/101/132 4748/102/83
f 4786/56/45 4747/101/132 4787/52/42
f 4785/1/1 4746/103/84 4786/56/45
f 4746/103/84 4865/104/85 4861/105/86
f 4865/104/85 4862/106/87 4861/105/86
f 4862/106/87 4867/107/88 4863/108/89
f 4863/108/89 4868/4/4 4864/98/79
f 4747/101/132 4861/105/86 4857/109/90
f 4857/109/90 4862/106/87 4858/110/87
f 4862/106/87 4859/111/89 4858/110/87
f 4863/108/89 4860/99/80 4859/111/89
f 4747/101/132 4853/112/130 4748/102/83
f 4857/109/90 4854/113/92 4853/112/130
f 4858/110/87 4855/114/93 4854/113/92
f 4855/114/93 4860/99/80 4856/96/78
f 4719/100/81 4853/112/130 4792/115/94
f 4792/115/94 4854/113/92 4791/116/95
f 4791/116/95 4855/114/93 4790/117/95
f 4790/117/95 4856/96/78 4789/97/26
f 4753/9/9 4845/118/96 4754/95/77
f 4849/119/97 4846/120/98 4845/118/96
f 4850/121/99 4847/122/100 4846/120/98
f 4847/122/100 4852/10/10 4848/90/73
f 4754/95/77 4841/123/101 4755/93/75
f 4841/123/101 4846/120/98 4842/124/98
f 4846/120/98 4843/125/100 4842/124/98
f 4847/122/100 4844/91/74 4843/125/100
f 4755/93/75 4837/126/102 4756/94/76
f 4841/123/101 4838/127/103 4837/126/102
f 4842/124/98 4839/128/104 4838/127/103
f 4839/128/104 4844/91/74 4840/85/71
f 4756/94/76 4800/129/15 4721/14/14
f 4837/126/102 4799/130/105 4800/129/15
f 4838/127/103 4798/131/105 4799/130/105
f 4839/128/104 4797/87/72 4798/131/105
f 4832/132/13 4728/133/49 4727/134/41
f 4831/135/13 4836/136/13 4832/132/13
f 4830/137/13 4835/138/13 4831/135/13
f 4829/33/13 4834/139/13 4830/137/13
f 4828/140/13 4727/134/41 4726/141/41
f 4827/142/13 4832/132/13 4828/140/13
f 4826/143/13 4831/135/13 4827/142/13
f 4825/31/13 4830/137/13 4826/143/13
f 4824/144/13 4726/141/41 4725/145/40
f 4823/146/13 4828/140/13 4824/144/13
f 4822/147/13 4827/142/13 4823/146/13
f 4821/28/13 4826/143/13 4822/147/13
f 4719/148/81 4824/144/13 4725/145/40
f 4791/149/95 4824/144/13 4792/150/94
f 4790/151/95 4823/146/13 4791/149/95
f 4789/29/26 4822/147/13 4790/151/95
f 4816/152/106 4740/40/34 4739/153/107
f 4815/154/108 4820/155/109 4816/152/106
f 4815/154/108 4818/156/110 4819/157/111
f 4814/158/112 4817/16/128 4818/156/110
f 4738/38/32 4816/152/106 4739/153/107
f 4812/159/113 4815/154/108 4816/152/106
f 4810/160/114 4815/154/108 4811/161/115
f 4810/160/114 4813/25/23 4814/158/112
f 4737/36/30 4812/159/113 4738/38/32
f 4808/162/116 4811/161/115 4812/159/113
f 4806/163/117 4811/161/115 4807/164/118
f 4805/20/18 4810/160/114 4806/163/117
f 4724/5/5 4808/162/116 4737/36/30
f 4796/165/119 4807/164/118 4808/162/116
f 4795/166/120 4806/163/117 4807/164/118
f 4793/21/19 4806/163/117 4794/167/121
f 4820/155/109 4722/8/8 4740/40/34
f 4819/157/111 4801/168/122 4820/155/109
f 4818/156/110 4802/169/123 4819/157/111
f 4818/156/110 4804/18/17 4803/170/124
f 4836/136/13 4717/171/53 4728/133/49
f 4835/138/13 4797/172/72 4836/136/13
f 4834/139/13 4798/173/105 4835/138/13
f 4833/13/13 4799/174/105 4834/139/13
f 4722/8/8 4849/119/97 4753/9/9
f 4801/175/122 4850/121/99 4849/119/97
f 4802/176/123 4851/177/125 4850/121/99
f 4851/177/125 4804/178/17 4852/10/10
f 4720/2/2 4865/104/85 4745/3/3
f 4793/179/19 4866/180/126 4865/104/85
f 4866/180/126 4795/186/120 4867/107/88
f 4867/107/88 4796/182/119 4868/4/4
f 69/1/1 16/48/20 4/2/2
f 152/4/4 80/182/119 8/5/5
f 53/7/7 24/40/34 6/8/8
f 136/10/10 88/178/17 2/11/11
f 117/13/13 17/70/57 5/14/14
f 101/16/16 13/26/24 2/17/11
f 4/19/2 16/22/20 89/20/18
f 16/22/20 15/24/22 93/23/21
f 15/24/22 14/189/37 97/25/23
f 97/25/23 14/189/37 13/26/24
f 7/27/25 20/30/27 105/28/13
f 20/30/27 19/32/28 109/31/13
f 19/32/28 18/34/28 113/33/13
f 18/34/28 17/70/57 117/13/13
f 8/5/5 21/36/30 41/35/29
f 21/36/30 22/38/32 45/37/31
f 22/38/32 23/153/107 49/39/33
f 49/39/33 23/153/107 24/40/34
f 2/41/11 13/44/24 57/42/35
f 13/44/24 14/46/37 61/45/36
f 14/46/37 15/187/22 65/47/38
f 65/47/38 15/187/22 16/48/20
f 68/49/39 72/53/43 9/50/40
f 68/49/39 67/55/44 71/52/42
f 66/54/44 70/56/45 71/52/42
f 66/54/44 65/47/38 69/1/1
f 64/57/46 68/49/39 10/51/41
f 63/59/47 67/55/44 68/49/39
f 62/60/47 66/54/44 67/55/44
f 61/45/36 65/47/38 66/54/44
f 60/61/48 64/57/46 11/58/41
f 59/63/50 63/59/47 64/57/46
f 59/63/50 58/64/51 62/60/47
f 57/42/35 61/45/36 62/60/47
f 25/65/52 60/61/48 12/62/49
f 26/67/54 59/63/50 60/61/48
f 27/68/55 58/64/51 59/63/50
f 28/43/12 57/42/35 58/64/51
f 52/69/56 56/72/59 17/70/57
f 52/69/56 51/74/60 55/71/58
f 50/73/60 54/75/61 55/71/58
f 50/73/60 49/39/33 53/7/7
f 48/76/62 52/69/56 18/34/28
f 47/77/63 51/74/60 52/69/56
f 46/78/64 50/73/60 51/74/60
f 45/37/31 49/39/33 50/73/60
f 44/79/65 48/76/62 19/32/28
f 43/80/66 47/77/63 48/76/62
f 43/80/66 42/81/67 46/78/64
f 41/35/29 45/37/31 46/78/64
f 36/82/68 44/79/65 20/30/27
f 35/83/69 43/80/66 44/79/65
f 34/84/70 42/81/67 43/80/66
f 33/6/6 41/35/29 42/81/67
f 124/85/71 25/89/52 1/86/53
f 124/85/71 128/91/74 26/88/54
f 132/90/73 27/92/55 26/88/54
f 136/10/10 28/12/12 27/92/55
f 56/72/59 40/94/76 5/14/14
f 56/72/59 55/71/58 39/93/75
f 54/75/61 38/95/77 39/93/75
f 53/7/7 37/9/9 38/95/77
f 140/96/78 36/82/68 7/27/25
f 140/96/78 144/99/80 35/83/69
f 148/98/79 34/84/70 35/83/69
f 152/4/4 33/6/6 34/84/70
f 72/53/43 32/102/83 3/100/81
f 72/53/43 71/52/42 31/101/82
f 70/56/45 30/103/84 31/101/82
f 69/1/1 29/3/3 30/103/84
f 30/103/84 29/3/3 149/104/85
f 149/104/85 150/180/126 146/106/87
f 146/106/87 150/180/126 151/107/88
f 147/108/89 151/107/88 152/4/4
f 30/103/84 145/105/86 141/109/90
f 141/109/90 145/105/86 146/106/87
f 142/110/87 146/106/87 147/108/89
f 147/108/89 148/98/79 144/99/80
f 31/101/82 141/109/90 137/112/91
f 141/109/90 142/110/87 138/113/92
f 138/113/92 142/110/87 143/111/89
f 139/114/93 143/111/89 144/99/80
f 32/102/83 137/112/91 76/115/94
f 76/115/94 137/112/91 138/113/92
f 75/116/95 138/113/92 139/114/93
f 74/117/95 139/114/93 140/96/78
f 37/9/9 133/119/97 129/118/96
f 133/119/97 134/121/99 130/120/98
f 134/121/99 135/177/125 131/122/100
f 131/122/100 135/177/125 136/10/10
f 38/95/77 129/118/96 125/123/101
f 125/123/101 129/118/96 130/120/98
f 130/120/98 131/122/100 127/125/100
f 131/122/100 132/90/73 128/91/74
f 39/93/75 125/123/101 121/126/102
f 125/123/101 126/124/98 122/127/103
f 126/124/98 127/125/100 123/128/104
f 123/128/104 127/125/100 128/91/74
f 40/94/76 121/126/102 84/129/15
f 121/126/102 122/127/103 83/130/105
f 122/127/103 123/128/104 82/131/105
f 123/128/104 124/85/71 81/87/72
f 116/132/13 120/136/13 12/133/49
f 115/135/13 119/138/13 120/136/13
f 114/137/13 118/139/13 119/138/13
f 113/33/13 117/13/13 118/139/13
f 112/140/13 116/132/13 11/134/41
f 111/142/13 115/135/13 116/132/13
f 110/143/13 114/137/13 115/135/13
f 109/31/13 113/33/13 114/137/13
f 108/144/13 112/140/13 10/141/41
f 107/146/13 111/142/13 112/140/13
f 106/147/13 110/143/13 111/142/13
f 105/28/13 109/31/13 110/143/13
f 3/148/81 76/150/94 108/144/13
f 75/149/95 107/146/13 108/144/13
f 74/151/95 106/147/13 107/146/13
f 73/29/26 105/28/13 106/147/13
f 100/152/106 104/155/109 24/40/34
f 99/154/108 103/157/111 104/155/109
f 99/154/108 98/158/112 102/156/110
f 98/158/112 97/25/23 101/16/16
f 96/159/113 100/152/106 23/153/107
f 96/159/113 95/161/115 99/154/108
f 94/160/114 98/158/112 99/154/108
f 94/160/114 93/23/21 97/25/23
f 21/36/30 92/162/116 96/159/113
f 92/162/116 91/164/118 95/161/115
f 90/163/117 94/160/114 95/161/115
f 89/20/18 93/23/21 94/160/114
f 8/5/5 80/165/119 92/162/116
f 80/165/119 79/166/120 91/164/118
f 79/166/120 78/167/121 90/163/117
f 77/21/19 89/20/18 90/163/117
f 104/155/109 85/168/122 6/8/8
f 103/157/111 86/169/123 85/168/122
f 102/156/110 87/170/124 86/169/123
f 102/156/110 101/16/16 88/18/17
f 120/136/13 81/172/72 1/171/53
f 119/138/13 82/173/105 81/172/72
f 118/139/13 83/174/105 82/173/105
f 117/13/13 84/15/15 83/174/105
f 6/8/8 85/175/122 133/119/97
f 85/175/122 86/176/123 134/121/99
f 86/176/123 87/188/124 135/177/125
f 135/177/125 87/188/124 88/178/17
f 4/2/2 77/179/19 149/104/85
f 77/179/19 78/181/121 150/180/126
f 78/181/121 79/186/120 151/107/88
f 151/107/88 79/186/120 80/182/119
f 154/183/127 156/190/127 155/184/127
f 225/1/1 172/48/20 160/2/2
f 308/4/4 236/182/119 164/5/5
f 209/7/7 180/40/34 162/8/8
f 292/10/10 244/178/17 158/11/11
f 273/13/13 173/70/57 161/14/14
f 257/16/128 169/26/24 158/17/11
f 160/19/2 172/22/20 245/20/18
f 172/22/20 171/24/22 249/23/21
f 171/24/22 170/189/37 253/25/23
f 253/25/23 170/189/37 169/26/24
f 163/27/25 176/30/27 261/28/13
f 176/30/27 175/32/28 265/31/13
f 175/32/28 174/34/28 269/33/13
f 174/34/28 173/70/57 273/13/13
f 164/5/5 177/36/30 197/35/29
f 177/36/30 178/38/32 201/37/31
f 178/38/32 179/153/107 205/39/33
f 205/39/33 179/153/107 180/40/34
f 158/41/11 169/44/24 213/42/35
f 169/44/24 170/46/37 217/45/36
f 170/46/37 171/187/22 221/47/38
f 221/47/38 171/187/22 172/48/20
f 224/49/39 228/53/43 165/50/40
f 224/49/39 223/55/44 227/52/42
f 222/54/44 226/56/45 227/52/42
f 222/54/44 221/47/38 225/1/1
f 220/57/46 224/49/39 166/51/41
f 219/59/47 223/55/44 224/49/39
f 218/60/47 222/54/44 223/55/44
f 217/45/36 221/47/38 222/54/44
f 216/61/48 220/57/46 167/58/41
f 215/63/50 219/59/47 220/57/46
f 215/63/50 214/64/51 218/60/47
f 213/42/35 217/45/36 218/60/47
f 181/65/129 216/61/48 168/62/49
f 182/67/54 215/63/50 216/61/48
f 182/67/54 183/68/55 214/64/51
f 184/43/12 213/42/35 214/64/51
f 208/69/56 212/72/59 173/70/57
f 208/69/56 207/74/60 211/71/58
f 206/73/60 210/75/61 211/71/58
f 206/73/60 205/39/33 209/7/7
f 204/76/62 208/69/56 174/34/28
f 203/77/63 207/74/60 208/69/56
f 202/78/64 206/73/60 207/74/60
f 201/37/31 205/39/33 206/73/60
f 200/79/65 204/76/62 175/32/28
f 199/80/66 203/77/63 204/76/62
f 199/80/66 198/81/67 202/78/64
f 197/35/29 201/37/31 202/78/64
f 192/82/68 200/79/65 176/30/27
f 191/83/69 199/80/66 200/79/65
f 190/84/70 198/81/67 199/80/66
f 189/6/6 197/35/29 198/81/67
f 280/85/71 181/89/129 157/86/53
f 280/85/71 284/91/74 182/88/54
f 284/91/74 288/90/73 183/92/55
f 292/10/10 184/12/12 183/92/55
f 212/72/59 196/94/76 161/14/14
f 212/72/59 211/71/58 195/93/75
f 210/75/61 194/95/77 195/93/75
f 209/7/7 193/9/9 194/95/77
f 296/96/78 192/82/68 163/27/25
f 296/96/78 300/99/80 191/83/69
f 300/99/80 304/98/79 190/84/70
f 308/4/4 189/6/6 190/84/70
f 228/53/43 188/102/83 159/100/81
f 228/53/43 227/52/42 187/101/82
f 226/56/45 186/103/84 187/101/82
f 225/1/1 185/3/3 186/103/84
f 185/3/3 305/104/85 301/105/86
f 305/104/85 306/180/126 302/106/87
f 302/106/87 306/180/126 307/107/88
f 303/108/89 307/107/88 308/4/4
f 186/103/84 301/105/86 297/109/90
f 297/109/90 301/105/86 302/106/87
f 302/106/87 303/108/89 299/111/89
f 303/108/89 304/98/79 300/99/80
f 187/101/82 297/109/90 293/112/91
f 297/109/90 298/110/87 294/113/92
f 298/110/87 299/111/89 295/114/93
f 295/114/93 299/111/89 300/99/80
f 159/100/81 188/102/83 293/112/91
f 232/115/94 293/112/91 294/113/92
f 231/116/95 294/113/92 295/114/93
f 230/117/95 295/114/93 296/96/78
f 193/9/9 289/119/97 285/118/96
f 289/119/97 290/121/99 286/120/98
f 290/121/99 291/177/125 287/122/100
f 287/122/100 291/177/125 292/10/10
f 194/95/77 285/118/96 281/123/101
f 281/123/101 285/118/96 286/120/98
f 286/120/98 287/122/100 283/125/100
f 287/122/100 288/90/73 284/91/74
f 195/93/75 281/123/101 277/126/102
f 281/123/101 282/124/98 278/127/103
f 282/124/98 283/125/100 279/128/104
f 279/128/104 283/125/100 284/91/74
f 196/94/76 277/126/102 240/129/15
f 277/126/102 278/127/103 239/130/105
f 278/127/103 279/128/104 238/131/105
f 279/128/104 280/85/71 237/87/72
f 272/132/13 276/136/13 168/133/49
f 271/135/13 275/138/13 276/136/13
f 270/137/13 274/139/13 275/138/13
f 269/33/13 273/13/13 274/139/13
f 268/140/13 272/132/13 167/134/41
f 267/142/13 271/135/13 272/132/13
f 266/143/13 270/137/13 271/135/13
f 265/31/13 269/33/13 270/137/13
f 264/144/13 268/140/13 166/141/41
f 263/146/13 267/142/13 268/140/13
f 262/147/13 266/143/13 267/142/13
f 261/28/13 265/31/13 266/143/13
f 159/148/81 232/150/94 264/144/13
f 231/149/95 263/146/13 264/144/13
f 230/151/95 262/147/13 263/146/13
f 229/29/26 261/28/13 262/147/13
f 256/152/106 260/155/109 180/40/34
f 255/154/108 259/157/111 260/155/109
f 255/154/108 254/158/112 258/156/110
f 254/158/112 253/25/23 257/16/128
f 252/159/113 256/152/106 179/153/107
f 252/159/113 251/161/115 255/154/108
f 250/160/114 254/158/112 255/154/108
f 250/160/114 249/23/21 253/25/23
f 177/36/30 248/162/116 252/159/113
f 248/162/116 247/164/118 251/161/115
f 246/163/117 250/160/114 251/161/115
f 245/20/18 249/23/21 250/160/114
f 164/5/5 236/165/119 248/162/116
f 236/165/119 235/166/120 247/164/118
f 235/166/120 234/167/121 246/163/117
f 233/21/19 245/20/18 246/163/117
f 260/155/109 241/168/122 162/8/8
f 259/157/111 242/169/123 241/168/122
f 258/156/110 243/170/124 242/169/123
f 258/156/110 257/16/128 244/18/17
f 276/136/13 237/172/72 157/171/53
f 275/138/13 238/173/105 237/172/72
f 274/139/13 239/174/105 238/173/105
f 273/13/13 240/15/15 239/174/105
f 162/8/8 241/175/122 289/119/97
f 241/175/122 242/176/123 290/121/99
f 242/176/123 243/188/124 291/177/125
f 291/177/125 243/188/124 244/178/17
f 160/2/2 233/179/19 305/104/85
f 233/179/19 234/181/121 306/180/126
f 306/180/126 234/181/121 235/186/120
f 307/107/88 235/186/120 236/182/119
f 377/1/1 324/48/20 312/2/2
f 460/4/4 388/182/119 316/5/5
f 361/7/7 332/40/34 314/8/8
f 444/10/10 396/178/17 310/11/11
f 425/13/13 325/70/57 313/14/14
f 409/16/128 321/26/24 310/17/11
f 312/19/2 324/22/20 397/20/18
f 324/22/20 323/24/22 401/23/21
f 323/24/22 322/189/37 405/25/23
f 405/25/23 322/189/37 321/26/24
f 315/27/25 328/30/27 413/28/13
f 328/30/27 327/32/28 417/31/13
f 327/32/28 326/34/28 421/33/13
f 326/34/28 325/70/57 425/13/13
f 316/5/5 329/36/30 349/35/29
f 329/36/30 330/38/32 353/37/31
f 330/38/32 331/153/107 357/39/33
f 357/39/33 331/153/107 332/40/34
f 310/41/11 321/44/24 365/42/35
f 321/44/24 322/46/37 369/45/36
f 322/46/37 323/187/22 373/47/38
f 373/47/38 323/187/22 324/48/20
f 376/49/39 380/53/43 317/50/40
f 376/49/39 375/55/44 379/52/42
f 374/54/44 378/56/45 379/52/42
f 374/54/44 373/47/38 377/1/1
f 372/57/46 376/49/39 318/51/41
f 371/59/47 375/55/44 376/49/39
f 370/60/47 374/54/44 375/55/44
f 369/45/36 373/47/38 374/54/44
f 368/61/48 372/57/46 319/58/41
f 367/63/50 371/59/47 372/57/46
f 367/63/50 366/64/51 370/60/47
f 365/42/35 369/45/36 370/60/47
f 333/65/129 368/61/48 320/62/49
f 334/67/54 367/63/50 368/61/48
f 335/68/55 366/64/51 367/63/50
f 336/43/12 365/42/35 366/64/51
f 360/69/56 364/72/59 325/70/57
f 360/69/56 359/74/60 363/71/58
f 358/73/60 362/75/61 363/71/58
f 358/73/60 357/39/33 361/7/7
f 356/76/62 360/69/56 326/34/28
f 355/77/63 359/74/60 360/69/56
f 354/78/64 358/73/60 359/74/60
f 353/37/31 357/39/33 358/73/60
f 352/79/65 356/76/62 327/32/28
f 351/80/66 355/77/63 356/76/62
f 351/80/66 350/81/67 354/78/64
f 349/35/29 353/37/31 354/78/64
f 315/27/25 344/82/68 352/79/65
f 343/83/69 351/80/66 352/79/65
f 342/84/70 350/81/67 351/80/66
f 341/6/6 349/35/29 350/81/67
f 432/85/71 333/89/129 309/86/53
f 432/85/71 436/91/74 334/88/54
f 440/90/73 335/92/55 334/88/54
f 444/10/10 336/12/12 335/92/55
f 364/72/59 348/94/76 313/14/14
f 364/72/59 363/71/58 347/93/75
f 362/75/61 346/95/77 347/93/75
f 361/7/7 345/9/9 346/95/77
f 381/97/26 448/96/78 344/82/68
f 448/96/78 452/99/80 343/83/69
f 452/99/80 456/98/79 342/84/70
f 460/4/4 341/6/6 342/84/70
f 317/50/40 380/53/43 340/102/83
f 380/53/43 379/52/42 339/101/82
f 378/56/45 338/103/84 339/101/82
f 377/1/1 337/3/3 338/103/84
f 337/3/3 457/104/85 453/105/86
f 457/104/85 458/180/126 454/106/87
f 458/180/126 459/107/131 455/108/89
f 455/108/89 459/107/131 460/4/4
f 338/103/84 453/105/86 449/109/90
f 449/109/90 453/105/86 454/106/87
f 454/106/87 455/108/89 451/111/89
f 455/108/89 456/98/79 452/99/80
f 339/101/82 449/109/90 445/112/130
f 449/109/90 450/110/87 446/113/92
f 446/113/92 450/110/87 451/111/89
f 447/114/93 451/111/89 452/99/80
f 311/100/81 340/102/83 445/112/130
f 384/115/94 445/112/130 446/113/92
f 383/116/95 446/113/92 447/114/93
f 382/117/95 447/114/93 448/96/78
f 345/9/9 441/119/97 437/118/96
f 441/119/97 442/121/99 438/120/98
f 442/121/99 443/177/125 439/122/100
f 439/122/100 443/177/125 444/10/10
f 346/95/77 437/118/96 433/123/101
f 433/123/101 437/118/96 438/120/98
f 438/120/98 439/122/100 435/125/100
f 439/122/100 440/90/73 436/91/74
f 347/93/75 433/123/101 429/126/102
f 433/123/101 434/124/98 430/127/103
f 434/124/98 435/125/100 431/128/104
f 431/128/104 435/125/100 436/91/74
f 348/94/76 429/126/102 392/129/15
f 429/126/102 430/127/103 391/130/105
f 430/127/103 431/128/104 390/131/105
f 431/128/104 432/85/71 389/87/72
f 424/132/13 428/136/13 320/133/49
f 423/135/13 427/138/13 428/136/13
f 422/137/13 426/139/13 427/138/13
f 421/33/13 425/13/13 426/139/13
f 420/140/13 424/132/13 319/134/41
f 419/142/13 423/135/13 424/132/13
f 418/143/13 422/137/13 423/135/13
f 417/31/13 421/33/13 422/137/13
f 416/144/13 420/140/13 318/141/41
f 415/146/13 419/142/13 420/140/13
f 414/147/13 418/143/13 419/142/13
f 413/28/13 417/31/13 418/143/13
f 311/148/81 384/150/94 416/144/13
f 383/149/95 415/146/13 416/144/13
f 382/151/95 414/147/13 415/146/13
f 381/29/26 413/28/13 414/147/13
f 408/152/106 412/155/109 332/40/34
f 407/154/108 411/157/111 412/155/109
f 407/154/108 406/158/112 410/156/110
f 406/158/112 405/25/23 409/16/128
f 404/159/113 408/152/106 331/153/107
f 404/159/113 403/161/115 407/154/108
f 402/160/114 406/158/112 407/154/108
f 402/160/114 401/23/21 405/25/23
f 329/36/30 400/162/116 404/159/113
f 400/162/116 399/164/118 403/161/115
f 398/163/117 402/160/114 403/161/115
f 397/20/18 401/23/21 402/160/114
f 316/5/5 388/165/119 400/162/116
f 388/165/119 387/166/120 399/164/118
f 386/167/121 398/163/117 399/164/118
f 385/21/19 397/20/18 398/163/117
f 412/155/109 393/168/122 314/8/8
f 411/157/111 394/169/123 393/168/122
f 410/156/110 395/170/124 394/169/123
f 410/156/110 409/16/128 396/18/17
f 428/136/13 389/172/72 309/171/53
f 427/138/13 390/173/105 389/172/72
f 426/139/13 391/174/105 390/173/105
f 425/13/13 392/15/15 391/174/105
f 314/8/8 393/175/122 441/119/97
f 393/175/122 394/176/123 442/121/99
f 394/176/123 395/188/124 443/177/125
f 443/177/125 395/188/124 396/178/17
f 312/2/2 385/179/19 457/104/85
f 385/179/19 386/181/121 458/180/126
f 386/181/121 387/186/120 459/107/131
f 459/107/131 387/186/120 388/182/119
f 529/1/1 476/48/20 464/2/2
f 612/4/4 540/182/119 468/5/5
f 513/7/7 484/40/34 466/8/8
f 596/10/10 548/178/17 462/11/11
f 577/13/13 477/70/57 465/14/14
f 561/16/128 473/26/24 462/17/11
f 464/19/2 476/22/20 549/20/18
f 476/22/20 475/24/22 553/23/21
f 475/24/22 474/189/37 557/25/23
f 557/25/23 474/189/37 473/26/24
f 467/27/25 480/30/27 565/28/13
f 480/30/27 479/32/28 569/31/13
f 479/32/28 478/34/28 573/33/13
f 478/34/28 477/70/57 577/13/13
f 468/5/5 481/36/30 501/35/29
f 481/36/30 482/38/32 505/37/31
f 482/38/32 483/153/107 509/39/33
f 509/39/33 483/153/107 484/40/34
f 462/41/11 473/44/24 517/42/35
f 473/44/24 474/46/37 521/45/36
f 474/46/37 475/187/22 525/47/38
f 525/47/38 475/187/22 476/48/20
f 528/49/39 532/53/43 469/50/40
f 528/49/39 527/55/44 531/52/42
f 526/54/44 530/56/45 531/52/42
f 526/54/44 525/47/38 529/1/1
f 524/57/46 528/49/39 470/51/41
f 523/59/47 527/55/44 528/49/39
f 522/60/47 526/54/44 527/55/44
f 521/45/36 525/47/38 526/54/44
f 520/61/48 524/57/46 471/58/41
f 519/63/50 523/59/47 524/57/46
f 519/63/50 518/64/51 522/60/47
f 517/42/35 521/45/36 522/60/47
f 485/65/129 520/61/48 472/62/49
f 486/67/54 519/63/50 520/61/48
f 487/68/55 518/64/51 519/63/50
f 488/43/12 517/42/35 518/64/51
f 512/69/56 516/72/59 477/70/57
f 512/69/56 511/74/60 515/71/58
f 510/73/60 514/75/61 515/71/58
f 510/73/60 509/39/33 513/7/7
f 508/76/62 512/69/56 478/34/28
f 507/77/63 511/74/60 512/69/56
f 506/78/64 510/73/60 511/74/60
f 505/37/31 509/39/33 510/73/60
f 504/79/65 508/76/62 479/32/28
f 503/80/66 507/77/63 508/76/62
f 503/80/66 502/81/67 506/78/64
f 501/35/29 505/37/31 506/78/64
f 496/82/68 504/79/65 480/30/27
f 495/83/69 503/80/66 504/79/65
f 494/84/70 502/81/67 503/80/66
f 493/6/6 501/35/29 502/81/67
f 584/85/71 485/89/129 461/86/53
f 584/85/71 588/91/74 486/88/54
f 592/90/73 487/92/55 486/88/54
f 596/10/10 488/12/12 487/92/55
f 516/72/59 500/94/76 465/14/14
f 516/72/59 515/71/58 499/93/75
f 514/75/61 498/95/77 499/93/75
f 513/7/7 497/9/9 498/95/77
f 600/96/78 496/82/68 467/27/25
f 600/96/78 604/99/80 495/83/69
f 608/98/79 494/84/70 495/83/69
f 612/4/4 493/6/6 494/84/70
f 469/50/40 532/53/43 492/102/83
f 532/53/43 531/52/42 491/101/132
f 531/52/42 530/56/45 490/103/84
f 530/56/45 529/1/1 489/3/3
f 489/3/3 609/104/85 605/105/86
f 609/104/85 610/180/126 606/106/87
f 606/106/87 610/180/126 611/107/88
f 607/108/89 611/107/88 612/4/4
f 490/103/84 605/105/86 601/109/90
f 601/109/90 605/105/86 606/106/87
f 602/110/87 606/106/87 607/108/89
f 607/108/89 608/98/79 604/99/80
f 491/101/132 601/109/90 597/112/130
f 601/109/90 602/110/87 598/113/92
f 598/113/92 602/110/87 603/111/89
f 599/114/93 603/111/89 604/99/80
f 463/100/81 492/102/83 597/112/130
f 536/115/94 597/112/130 598/113/92
f 535/116/95 598/113/92 599/114/93
f 534/117/95 599/114/93 600/96/78
f 497/9/9 593/119/97 589/118/96
f 593/119/97 594/121/99 590/120/98
f 594/121/99 595/177/125 591/122/100
f 591/122/100 595/177/125 596/10/10
f 498/95/77 589/118/96 585/123/101
f 585/123/101 589/118/96 590/120/98
f 590/120/98 591/122/100 587/125/100
f 591/122/100 592/90/73 588/91/74
f 499/93/75 585/123/101 581/126/102
f 585/123/101 586/124/98 582/127/103
f 586/124/98 587/125/100 583/128/104
f 583/128/104 587/125/100 588/91/74
f 500/94/76 581/126/102 544/129/15
f 581/126/102 582/127/103 543/130/105
f 582/127/103 583/128/104 542/131/105
f 583/128/104 584/85/71 541/87/72
f 576/132/13 580/136/13 472/133/49
f 575/135/13 579/138/13 580/136/13
f 574/137/13 578/139/13 579/138/13
f 573/33/13 577/13/13 578/139/13
f 572/140/13 576/132/13 471/134/41
f 571/142/13 575/135/13 576/132/13
f 570/143/13 574/137/13 575/135/13
f 569/31/13 573/33/13 574/137/13
f 568/144/13 572/140/13 470/141/41
f 567/146/13 571/142/13 572/140/13
f 566/147/13 570/143/13 571/142/13
f 565/28/13 569/31/13 570/143/13
f 463/148/81 536/150/94 568/144/13
f 535/149/95 567/146/13 568/144/13
f 534/151/95 566/147/13 567/146/13
f 533/29/26 565/28/13 566/147/13
f 560/152/106 564/155/109 484/40/34
f 559/154/108 563/157/111 564/155/109
f 559/154/108 558/158/112 562/156/110
f 558/158/112 557/25/23 561/16/128
f 556/159/113 560/152/106 483/153/107
f 556/159/113 555/161/115 559/154/108
f 554/160/114 558/158/112 559/154/108
f 554/160/114 553/23/21 557/25/23
f 481/36/30 552/162/116 556/159/113
f 552/162/116 551/164/118 555/161/115
f 550/163/117 554/160/114 555/161/115
f 549/20/18 553/23/21 554/160/114
f 468/5/5 540/165/119 552/162/116
f 540/165/119 539/166/120 551/164/118
f 538/167/121 550/163/117 551/164/118
f 537/21/19 549/20/18 550/163/117
f 564/155/109 545/168/122 466/8/8
f 563/157/111 546/169/123 545/168/122
f 562/156/110 547/170/124 546/169/123
f 562/156/110 561/16/128 548/18/17
f 580/136/13 541/172/72 461/171/53
f 579/138/13 542/173/105 541/172/72
f 578/139/13 543/174/105 542/173/105
f 577/13/13 544/15/15 543/174/105
f 466/8/8 545/175/122 593/119/97
f 545/175/122 546/176/123 594/121/99
f 546/176/123 547/188/124 595/177/125
f 595/177/125 547/188/124 548/178/17
f 464/2/2 537/179/19 609/104/85
f 537/179/19 538/181/121 610/180/126
f 538/181/121 539/186/120 611/107/88
f 611/107/88 539/186/120 540/182/119
f 681/1/1 628/48/20 616/2/2
f 764/4/4 692/182/119 620/5/5
f 665/7/7 636/40/34 618/8/8
f 748/10/10 700/178/17 614/11/11
f 729/13/13 629/70/57 617/14/14
f 713/16/128 625/26/24 614/17/11
f 616/19/2 628/22/20 701/20/18
f 628/22/20 627/24/22 705/23/21
f 627/24/22 626/189/37 709/25/23
f 709/25/23 626/189/37 625/26/24
f 619/27/25 632/30/27 717/28/13
f 632/30/27 631/32/28 721/31/13
f 631/32/28 630/34/28 725/33/13
f 630/34/28 629/70/57 729/13/13
f 620/5/5 633/36/30 653/35/29
f 633/36/30 634/38/32 657/37/31
f 634/38/32 635/153/107 661/39/33
f 661/39/33 635/153/107 636/40/34
f 614/41/11 625/44/24 669/42/35
f 625/44/24 626/46/37 673/45/36
f 673/45/36 626/46/37 627/187/22
f 677/47/38 627/187/22 628/48/20
f 680/49/39 684/53/43 621/50/40
f 680/49/39 679/55/44 683/52/42
f 678/54/44 682/56/45 683/52/42
f 678/54/44 677/47/38 681/1/1
f 676/57/46 680/49/39 622/51/41
f 675/59/47 679/55/44 680/49/39
f 674/60/47 678/54/44 679/55/44
f 673/45/36 677/47/38 678/54/44
f 672/61/48 676/57/46 623/58/41
f 671/63/50 675/59/47 676/57/46
f 671/63/50 670/64/51 674/60/47
f 669/42/35 673/45/36 674/60/47
f 637/65/129 672/61/48 624/62/49
f 638/67/54 671/63/50 672/61/48
f 639/68/55 670/64/51 671/63/50
f 640/43/12 669/42/35 670/64/51
f 664/69/56 668/72/59 629/70/57
f 664/69/56 663/74/60 667/71/58
f 662/73/60 666/75/61 667/71/58
f 662/73/60 661/39/33 665/7/7
f 660/76/62 664/69/56 630/34/28
f 659/77/63 663/74/60 664/69/56
f 658/78/64 662/73/60 663/74/60
f 657/37/31 661/39/33 662/73/60
f 656/79/65 660/76/62 631/32/28
f 655/80/66 659/77/63 660/76/62
f 655/80/66 654/81/67 658/78/64
f 653/35/29 657/37/31 658/78/64
f 619/27/25 648/82/68 656/79/65
f 647/83/69 655/80/66 656/79/65
f 646/84/70 654/81/67 655/80/66
f 645/6/6 653/35/29 654/81/67
f 736/85/71 637/89/129 613/86/53
f 736/85/71 740/91/74 638/88/54
f 744/90/73 639/92/55 638/88/54
f 748/10/10 640/12/12 639/92/55
f 668/72/59 652/94/76 617/14/14
f 668/72/59 667/71/58 651/93/75
f 666/75/61 650/95/77 651/93/75
f 665/7/7 649/9/9 650/95/77
f 685/97/26 752/96/78 648/82/68
f 752/96/78 756/99/80 647/83/69
f 760/98/79 646/84/70 647/83/69
f 764/4/4 645/6/6 646/84/70
f 621/50/40 684/53/43 644/102/83
f 684/53/43 683/52/42 643/101/132
f 683/52/42 682/56/45 642/103/84
f 682/56/45 681/1/1 641/3/3
f 641/3/3 761/104/85 757/105/86
f 761/104/85 762/180/126 758/106/87
f 758/106/87 762/180/126 763/107/88
f 759/108/89 763/107/88 764/4/4
f 642/103/84 757/105/86 753/109/90
f 753/109/90 757/105/86 758/106/87
f 754/110/87 758/106/87 759/108/89
f 759/108/89 760/98/79 756/99/80
f 643/101/132 753/109/90 749/112/130
f 753/109/90 754/110/87 750/113/92
f 750/113/92 754/110/87 755/111/89
f 751/114/93 755/111/89 756/99/80
f 615/100/81 644/102/83 749/112/130
f 688/115/94 749/112/130 750/113/92
f 687/116/95 750/113/92 751/114/93
f 686/117/95 751/114/93 752/96/78
f 649/9/9 745/119/97 741/118/96
f 745/119/97 746/121/99 742/120/98
f 746/121/99 747/177/125 743/122/100
f 743/122/100 747/177/125 748/10/10
f 650/95/77 741/118/96 737/123/101
f 737/123/101 741/118/96 742/120/98
f 742/120/98 743/122/100 739/125/100
f 743/122/100 744/90/73 740/91/74
f 651/93/75 737/123/101 733/126/102
f 737/123/101 738/124/98 734/127/103
f 738/124/98 739/125/100 735/128/104
f 735/128/104 739/125/100 740/91/74
f 652/94/76 733/126/102 696/129/15
f 733/126/102 734/127/103 695/130/105
f 734/127/103 735/128/104 694/131/105
f 735/128/104 736/85/71 693/87/72
f 728/132/13 732/136/13 624/133/49
f 727/135/13 731/138/13 732/136/13
f 726/137/13 730/139/13 731/138/13
f 725/33/13 729/13/13 730/139/13
f 724/140/13 728/132/13 623/134/41
f 723/142/13 727/135/13 728/132/13
f 722/143/13 726/137/13 727/135/13
f 721/31/13 725/33/13 726/137/13
f 720/144/13 724/140/13 622/141/41
f 719/146/13 723/142/13 724/140/13
f 718/147/13 722/143/13 723/142/13
f 717/28/13 721/31/13 722/143/13
f 615/148/81 688/150/94 720/144/13
f 687/149/95 719/146/13 720/144/13
f 686/151/95 718/147/13 719/146/13
f 685/29/26 717/28/13 718/147/13
f 712/152/106 716/155/109 636/40/34
f 711/154/108 715/157/111 716/155/109
f 711/154/108 710/158/112 714/156/110
f 710/158/112 709/25/23 713/16/128
f 634/38/32 708/159/113 712/152/106
f 708/159/113 707/161/115 711/154/108
f 706/160/114 710/158/112 711/154/108
f 706/160/114 705/23/21 709/25/23
f 633/36/30 704/162/116 708/159/113
f 704/162/116 703/164/118 707/161/115
f 702/163/117 706/160/114 707/161/115
f 701/20/18 705/23/21 706/160/114
f 620/5/5 692/165/119 704/162/116
f 692/165/119 691/166/120 703/164/118
f 690/167/121 702/163/117 703/164/118
f 689/21/19 701/20/18 702/163/117
f 716/155/109 697/168/122 618/8/8
f 715/157/111 698/169/123 697/168/122
f 714/156/110 699/170/124 698/169/123
f 714/156/110 713/16/128 700/18/17
f 732/136/13 693/172/72 613/171/53
f 731/138/13 694/173/105 693/172/72
f 730/139/13 695/174/105 694/173/105
f 729/13/13 696/15/15 695/174/105
f 618/8/8 697/175/122 745/119/97
f 697/175/122 698/176/123 746/121/99
f 698/176/123 699/188/124 747/177/125
f 747/177/125 699/188/124 700/178/17
f 616/2/2 689/179/19 761/104/85
f 689/179/19 690/181/121 762/180/126
f 690/181/121 691/186/120 763/107/88
f 763/107/88 691/186/120 692/182/119
f 833/1/1 780/48/20 768/2/2
f 916/4/4 844/182/119 772/5/5
f 817/7/7 788/40/34 770/8/8
f 900/10/10 852/178/17 766/11/11
f 881/13/13 781/70/57 769/14/14
f 865/16/128 777/26/24 766/17/11
f 768/19/2 780/22/20 853/20/18
f 780/22/20 779/24/22 857/23/21
f 779/24/22 778/189/37 861/25/23
f 861/25/23 778/189/37 777/26/24
f 771/27/25 784/30/27 869/28/13
f 784/30/27 783/32/28 873/31/13
f 783/32/28 782/34/28 877/33/13
f 782/34/28 781/70/57 881/13/13
f 772/5/5 785/36/30 805/35/29
f 785/36/30 786/38/32 809/37/31
f 786/38/32 787/153/107 813/39/33
f 813/39/33 787/153/107 788/40/34
f 766/41/11 777/44/24 821/42/35
f 777/44/24 778/46/37 825/45/36
f 825/45/36 778/46/37 779/187/22
f 829/47/38 779/187/22 780/48/20
f 832/49/39 836/53/43 773/50/40
f 832/49/39 831/55/44 835/52/42
f 830/54/44 834/56/45 835/52/42
f 830/54/44 829/47/38 833/1/1
f 828/57/46 832/49/39 774/51/41
f 827/59/47 831/55/44 832/49/39
f 826/60/47 830/54/44 831/55/44
f 825/45/36 829/47/38 830/54/44
f 824/61/48 828/57/46 775/58/41
f 823/63/50 827/59/47 828/57/46
f 823/63/50 822/64/51 826/60/47
f 821/42/35 825/45/36 826/60/47
f 789/65/129 824/61/48 776/62/49
f 790/67/54 823/63/50 824/61/48
f 791/68/55 822/64/51 823/63/50
f 792/43/12 821/42/35 822/64/51
f 816/69/56 820/72/59 781/70/57
f 816/69/56 815/74/60 819/71/58
f 814/73/60 818/75/61 819/71/58
f 814/73/60 813/39/33 817/7/7
f 812/76/62 816/69/56 782/34/28
f 811/77/63 815/74/60 816/69/56
f 810/78/64 814/73/60 815/74/60
f 809/37/31 813/39/33 814/73/60
f 808/79/65 812/76/62 783/32/28
f 807/80/66 811/77/63 812/76/62
f 807/80/66 806/81/67 810/78/64
f 805/35/29 809/37/31 810/78/64
f 771/27/25 800/82/68 808/79/65
f 799/83/69 807/80/66 808/79/65
f 798/84/70 806/81/67 807/80/66
f 797/6/6 805/35/29 806/81/67
f 888/85/71 789/89/129 765/86/53
f 888/85/71 892/91/74 790/88/54
f 896/90/73 791/92/55 790/88/54
f 900/10/10 792/12/12 791/92/55
f 820/72/59 804/94/76 769/14/14
f 820/72/59 819/71/58 803/93/75
f 818/75/61 802/95/77 803/93/75
f 817/7/7 801/9/9 802/95/77
f 837/97/26 904/96/78 800/82/68
f 904/96/78 908/99/80 799/83/69
f 912/98/79 798/84/70 799/83/69
f 916/4/4 797/6/6 798/84/70
f 773/50/40 836/53/43 796/102/83
f 836/53/43 835/52/42 795/101/132
f 835/52/42 834/56/45 794/103/84
f 834/56/45 833/1/1 793/3/3
f 793/3/3 913/104/85 909/105/86
f 913/104/85 914/180/126 910/106/87
f 914/180/126 915/107/131 911/108/89
f 911/108/89 915/107/131 916/4/4
f 794/103/84 909/105/86 905/109/90
f 905/109/90 909/105/86 910/106/87
f 910/106/87 911/108/89 907/111/89
f 911/108/89 912/98/79 908/99/80
f 795/101/132 905/109/90 901/112/130
f 905/109/90 906/110/87 902/113/92
f 906/110/87 907/111/89 903/114/93
f 903/114/93 907/111/89 908/99/80
f 767/100/81 796/102/83 901/112/130
f 840/115/94 901/112/130 902/113/92
f 839/116/95 902/113/92 903/114/93
f 838/117/95 903/114/93 904/96/78
f 801/9/9 897/119/97 893/118/96
f 897/119/97 898/121/99 894/120/98
f 898/121/99 899/177/125 895/122/100
f 895/122/100 899/177/125 900/10/10
f 802/95/77 893/118/96 889/123/101
f 889/123/101 893/118/96 894/120/98
f 894/120/98 895/122/100 891/125/100
f 895/122/100 896/90/73 892/91/74
f 803/93/75 889/123/101 885/126/102
f 889/123/101 890/124/98 886/127/103
f 890/124/98 891/125/100 887/128/104
f 887/128/104 891/125/100 892/91/74
f 804/94/76 885/126/102 848/129/15
f 885/126/102 886/127/103 847/130/105
f 886/127/103 887/128/104 846/131/105
f 887/128/104 888/85/71 845/87/72
f 880/132/13 884/136/13 776/133/49
f 879/135/13 883/138/13 884/136/13
f 878/137/13 882/139/13 883/138/13
f 877/33/13 881/13/13 882/139/13
f 876/140/13 880/132/13 775/134/41
f 875/142/13 879/135/13 880/132/13
f 874/143/13 878/137/13 879/135/13
f 873/31/13 877/33/13 878/137/13
f 872/144/13 876/140/13 774/141/41
f 871/146/13 875/142/13 876/140/13
f 870/147/13 874/143/13 875/142/13
f 869/28/13 873/31/13 874/143/13
f 767/148/81 840/150/94 872/144/13
f 839/149/95 871/146/13 872/144/13
f 838/151/95 870/147/13 871/146/13
f 837/29/26 869/28/13 870/147/13
f 864/152/106 868/155/109 788/40/34
f 863/154/108 867/157/111 868/155/109
f 863/154/108 862/158/112 866/156/110
f 862/158/112 861/25/23 865/16/128
f 786/38/32 860/159/113 864/152/106
f 860/159/113 859/161/115 863/154/108
f 858/160/114 862/158/112 863/154/108
f 858/160/114 857/23/21 861/25/23
f 785/36/30 856/162/116 860/159/113
f 856/162/116 855/164/118 859/161/115
f 854/163/117 858/160/114 859/161/115
f 853/20/18 857/23/21 858/160/114
f 772/5/5 844/165/119 856/162/116
f 844/165/119 843/166/120 855/164/118
f 842/167/121 854/163/117 855/164/118
f 841/21/19 853/20/18 854/163/117
f 868/155/109 849/168/122 770/8/8
f 867/157/111 850/169/123 849/168/122
f 866/156/110 851/170/124 850/169/123
f 866/156/110 865/16/128 852/18/17
f 884/136/13 845/172/72 765/171/53
f 883/138/13 846/173/105 845/172/72
f 882/139/13 847/174/105 846/173/105
f 881/13/13 848/15/15 847/174/105
f 770/8/8 849/175/122 897/119/97
f 849/175/122 850/176/123 898/121/99
f 850/176/123 851/188/124 899/177/125
f 899/177/125 851/188/124 852/178/17
f 768/2/2 841/179/19 913/104/85
f 841/179/19 842/181/121 914/180/126
f 842/181/121 843/186/120 915/107/131
f 915/107/131 843/186/120 844/182/119
f 985/1/1 932/48/20 920/2/2
f 1068/4/4 996/182/119 924/5/5
f 969/7/7 940/40/34 922/8/8
f 1052/10/10 1004/178/17 918/11/11
f 1033/13/13 933/70/57 921/14/14
f 1017/16/128 929/26/24 918/17/11
f 920/19/2 932/22/20 1005/20/18
f 932/22/20 931/24/22 1009/23/21
f 931/24/22 930/189/37 1013/25/23
f 1013/25/23 930/189/37 929/26/24
f 923/27/25 936/30/27 1021/28/13
f 936/30/27 935/32/28 1025/31/13
f 935/32/28 934/34/28 1029/33/13
f 934/34/28 933/70/57 1033/13/13
f 924/5/5 937/36/30 957/35/29
f 937/36/30 938/38/32 961/37/31
f 938/38/32 939/153/107 965/39/33
f 965/39/33 939/153/107 940/40/34
f 918/41/11 929/44/24 973/42/35
f 929/44/24 930/46/37 977/45/36
f 977/45/36 930/46/37 931/187/22
f 981/47/38 931/187/22 932/48/20
f 984/49/39 988/53/43 925/50/40
f 984/49/39 983/55/44 987/52/42
f 982/54/44 986/56/45 987/52/42
f 982/54/44 981/47/38 985/1/1
f 980/57/46 984/49/39 926/51/41
f 979/59/47 983/55/44 984/49/39
f 978/60/47 982/54/44 983/55/44
f 977/45/36 981/47/38 982/54/44
f 976/61/48 980/57/46 927/58/41
f 975/63/50 979/59/47 980/57/46
f 975/63/50 974/64/51 978/60/47
f 973/42/35 977/45/36 978/60/47
f 941/65/129 976/61/48 928/62/49
f 942/67/54 975/63/50 976/61/48
f 943/68/55 974/64/51 975/63/50
f 944/43/12 973/42/35 974/64/51
f 968/69/56 972/72/59 933/70/57
f 968/69/56 967/74/60 971/71/58
f 966/73/60 970/75/61 971/71/58
f 966/73/60 965/39/33 969/7/7
f 964/76/62 968/69/56 934/34/28
f 963/77/63 967/74/60 968/69/56
f 962/78/64 966/73/60 967/74/60
f 961/37/31 965/39/33 966/73/60
f 960/79/65 964/76/62 935/32/28
f 959/80/66 963/77/63 964/76/62
f 959/80/66 958/81/67 962/78/64
f 957/35/29 961/37/31 962/78/64
f 923/27/25 952/82/68 960/79/65
f 951/83/69 959/80/66 960/79/65
f 950/84/70 958/81/67 959/80/66
f 949/6/6 957/35/29 958/81/67
f 1040/85/71 941/89/129 917/86/53
f 1040/85/71 1044/91/74 942/88/54
f 1048/90/73 943/92/55 942/88/54
f 1052/10/10 944/12/12 943/92/55
f 972/72/59 956/94/76 921/14/14
f 972/72/59 971/71/58 955/93/75
f 970/75/61 954/95/77 955/93/75
f 969/7/7 953/9/9 954/95/77
f 989/97/26 1056/96/78 952/82/68
f 1056/96/78 1060/99/80 951/83/69
f 1064/98/79 950/84/70 951/83/69
f 1068/4/4 949/6/6 950/84/70
f 925/50/40 988/53/43 948/102/83
f 988/53/43 987/52/42 947/101/82
f 986/56/45 946/103/84 947/101/82
f 985/1/1 945/3/3 946/103/84
f 945/3/3 1065/104/85 1061/105/86
f 1065/104/85 1066/180/126 1062/106/87
f 1062/106/87 1066/180/126 1067/107/131
f 1063/108/89 1067/107/131 1068/4/4
f 946/103/84 1061/105/86 1057/109/90
f 1057/109/90 1061/105/86 1062/106/87
f 1062/106/87 1063/108/89 1059/111/89
f 1063/108/89 1064/98/79 1060/99/80
f 947/101/82 1057/109/90 1053/112/91
f 1057/109/90 1058/110/87 1054/113/92
f 1054/113/92 1058/110/87 1059/111/89
f 1055/114/93 1059/111/89 1060/99/80
f 948/102/83 1053/112/91 992/115/94
f 992/115/94 1053/112/91 1054/113/92
f 991/116/95 1054/113/92 1055/114/93
f 990/117/95 1055/114/93 1056/96/78
f 953/9/9 1049/119/97 1045/118/96
f 1049/119/97 1050/121/99 1046/120/98
f 1050/121/99 1051/177/125 1047/122/100
f 1047/122/100 1051/177/125 1052/10/10
f 954/95/77 1045/118/96 1041/123/101
f 1041/123/101 1045/118/96 1046/120/98
f 1046/120/98 1047/122/100 1043/125/100
f 1047/122/100 1048/90/73 1044/91/74
f 955/93/75 1041/123/101 1037/126/102
f 1041/123/101 1042/124/98 1038/127/103
f 1042/124/98 1043/125/100 1039/128/104
f 1039/128/104 1043/125/100 1044/91/74
f 956/94/76 1037/126/102 1000/129/15
f 1037/126/102 1038/127/103 999/130/105
f 1038/127/103 1039/128/104 998/131/105
f 1039/128/104 1040/85/71 997/87/72
f 1032/132/13 1036/136/13 928/133/49
f 1031/135/13 1035/138/13 1036/136/13
f 1030/137/13 1034/139/13 1035/138/13
f 1029/33/13 1033/13/13 1034/139/13
f 1028/140/13 1032/132/13 927/134/41
f 1027/142/13 1031/135/13 1032/132/13
f 1026/143/13 1030/137/13 1031/135/13
f 1025/31/13 1029/33/13 1030/137/13
f 1024/144/13 1028/140/13 926/141/41
f 1023/146/13 1027/142/13 1028/140/13
f 1022/147/13 1026/143/13 1027/142/13
f 1021/28/13 1025/31/13 1026/143/13
f 919/148/133 992/150/94 1024/144/13
f 991/149/95 1023/146/13 1024/144/13
f 990/151/95 1022/147/13 1023/146/13
f 989/29/26 1021/28/13 1022/147/13
f 1016/152/106 1020/155/109 940/40/34
f 1015/154/108 1019/157/111 1020/155/109
f 1015/154/108 1014/158/112 1018/156/110
f 1014/158/112 1013/25/23 1017/16/128
f 938/38/32 1012/159/113 1016/152/106
f 1012/159/113 1011/161/115 1015/154/108
f 1010/160/114 1014/158/112 1015/154/108
f 1010/160/114 1009/23/21 1013/25/23
f 937/36/30 1008/162/116 1012/159/113
f 1008/162/116 1007/164/118 1011/161/115
f 1006/163/117 1010/160/114 1011/161/115
f 1005/20/18 1009/23/21 1010/160/114
f 924/5/5 996/165/119 1008/162/116
f 996/165/119 995/166/120 1007/164/118
f 994/167/121 1006/163/117 1007/164/118
f 993/21/19 1005/20/18 1006/163/117
f 1020/155/109 1001/168/122 922/8/8
f 1019/157/111 1002/169/123 1001/168/122
f 1019/157/111 1018/156/110 1003/170/124
f 1018/156/110 1017/16/128 1004/18/17
f 1036/136/13 997/172/72 917/171/53
f 1035/138/13 998/173/105 997/172/72
f 1034/139/13 999/174/105 998/173/105
f 1033/13/13 1000/15/15 999/174/105
f 922/8/8 1001/175/122 1049/119/97
f 1001/175/122 1002/176/123 1050/121/99
f 1002/176/123 1003/188/124 1051/177/125
f 1051/177/125 1003/188/124 1004/178/17
f 920/2/2 993/179/19 1065/104/85
f 993/179/19 994/181/121 1066/180/126
f 1066/180/126 994/181/121 995/186/120
f 1067/107/131 995/186/120 996/182/119
f 1137/1/1 1084/48/20 1072/2/2
f 1220/4/4 1148/182/119 1076/5/5
f 1121/7/7 1092/40/34 1074/8/8
f 1204/10/10 1156/178/17 1070/11/11
f 1185/13/13 1085/70/57 1073/14/14
f 1169/16/128 1081/26/24 1070/17/11
f 1072/19/2 1084/22/20 1157/20/18
f 1084/22/20 1083/24/22 1161/23/21
f 1083/24/22 1082/189/37 1165/25/23
f 1165/25/23 1082/189/37 1081/26/24
f 1075/27/134 1088/30/27 1173/28/13
f 1088/30/27 1087/32/28 1177/31/13
f 1087/32/28 1086/34/28 1181/33/13
f 1086/34/28 1085/70/57 1185/13/13
f 1076/5/5 1089/36/30 1109/35/29
f 1089/36/30 1090/38/32 1113/37/31
f 1090/38/32 1091/153/107 1117/39/33
f 1117/39/33 1091/153/107 1092/40/34
f 1070/41/11 1081/44/24 1125/42/35
f 1081/44/24 1082/46/37 1129/45/36
f 1082/46/37 1083/187/22 1133/47/38
f 1133/47/38 1083/187/22 1084/48/20
f 1136/49/39 1140/53/43 1077/50/40
f 1136/49/39 1135/55/44 1139/52/42
f 1134/54/44 1138/56/45 1139/52/42
f 1134/54/44 1133/47/38 1137/1/1
f 1132/57/46 1136/49/39 1078/51/41
f 1131/59/47 1135/55/44 1136/49/39
f 1130/60/47 1134/54/44 1135/55/44
f 1129/45/36 1133/47/38 1134/54/44
f 1128/61/48 1132/57/46 1079/58/41
f 1127/63/50 1131/59/47 1132/57/46
f 1127/63/50 1126/64/51 1130/60/47
f 1125/42/35 1129/45/36 1130/60/47
f 1093/65/129 1128/61/48 1080/62/49
f 1094/67/54 1127/63/50 1128/61/48
f 1095/68/55 1126/64/51 1127/63/50
f 1096/43/12 1125/42/35 1126/64/51
f 1120/69/56 1124/72/59 1085/70/57
f 1120/69/56 1119/74/60 1123/71/58
f 1118/73/60 1122/75/61 1123/71/58
f 1118/73/60 1117/39/33 1121/7/7
f 1116/76/62 1120/69/56 1086/34/28
f 1115/77/63 1119/74/60 1120/69/56
f 1114/78/64 1118/73/60 1119/74/60
f 1113/37/31 1117/39/33 1118/73/60
f 1112/79/65 1116/76/62 1087/32/28
f 1111/80/66 1115/77/63 1116/76/62
f 1111/80/66 1110/81/67 1114/78/64
f 1109/35/29 1113/37/31 1114/78/64
f 1104/82/68 1112/79/65 1088/30/27
f 1103/83/69 1111/80/66 1112/79/65
f 1102/84/70 1110/81/67 1111/80/66
f 1101/6/6 1109/35/29 1110/81/67
f 1192/85/71 1093/89/129 1069/86/53
f 1192/85/71 1196/91/74 1094/88/54
f 1200/90/73 1095/92/55 1094/88/54
f 1204/10/10 1096/12/12 1095/92/55
f 1124/72/59 1108/94/76 1073/14/14
f 1124/72/59 1123/71/58 1107/93/75
f 1122/75/61 1106/95/77 1107/93/75
f 1121/7/7 1105/9/9 1106/95/77
f 1141/97/26 1208/96/78 1104/82/68
f 1208/96/78 1212/99/80 1103/83/69
f 1212/99/80 1216/98/79 1102/84/70
f 1220/4/4 1101/6/6 1102/84/70
f 1077/50/40 1140/53/43 1100/102/83
f 1140/53/43 1139/52/42 1099/101/82
f 1138/56/45 1098/103/84 1099/101/82
f 1138/56/45 1137/1/1 1097/3/3
f 1097/3/3 1217/104/85 1213/105/86
f 1217/104/85 1218/180/126 1214/106/87
f 1218/180/126 1219/107/131 1215/108/89
f 1215/108/89 1219/107/131 1220/4/4
f 1098/103/84 1213/105/86 1209/109/90
f 1209/109/90 1213/105/86 1214/106/87
f 1214/106/87 1215/108/89 1211/111/89
f 1215/108/89 1216/98/79 1212/99/80
f 1099/101/82 1209/109/90 1205/112/91
f 1209/109/90 1210/110/87 1206/113/92
f 1206/113/92 1210/110/87 1211/111/89
f 1207/114/93 1211/111/89 1212/99/80
f 1071/100/81 1100/102/83 1205/112/91
f 1144/115/94 1205/112/91 1206/113/92
f 1143/116/95 1206/113/92 1207/114/93
f 1142/117/95 1207/114/93 1208/96/78
f 1105/9/9 1201/119/97 1197/118/96
f 1201/119/97 1202/121/99 1198/120/98
f 1202/121/99 1203/177/125 1199/122/100
f 1199/122/100 1203/177/125 1204/10/10
f 1106/95/77 1197/118/96 1193/123/101
f 1193/123/101 1197/118/96 1198/120/98
f 1198/120/98 1199/122/100 1195/125/100
f 1199/122/100 1200/90/73 1196/91/74
f 1107/93/75 1193/123/101 1189/126/102
f 1193/123/101 1194/124/98 1190/127/103
f 1194/124/98 1195/125/100 1191/128/104
f 1191/128/104 1195/125/100 1196/91/74
f 1108/94/76 1189/126/102 1152/129/15
f 1189/126/102 1190/127/103 1151/130/105
f 1190/127/103 1191/128/104 1150/131/105
f 1191/128/104 1192/85/71 1149/87/72
f 1184/132/13 1188/136/13 1080/133/49
f 1183/135/13 1187/138/13 1188/136/13
f 1182/137/13 1186/139/13 1187/138/13
f 1181/33/13 1185/13/13 1186/139/13
f 1180/140/13 1184/132/13 1079/134/41
f 1179/142/13 1183/135/13 1184/132/13
f 1178/143/13 1182/137/13 1183/135/13
f 1177/31/13 1181/33/13 1182/137/13
f 1176/144/13 1180/140/13 1078/141/41
f 1175/146/13 1179/142/13 1180/140/13
f 1174/147/13 1178/143/13 1179/142/13
f 1173/28/13 1177/31/13 1178/143/13
f 1071/148/81 1144/150/94 1176/144/13
f 1143/149/95 1175/146/13 1176/144/13
f 1142/151/95 1174/147/13 1175/146/13
f 1141/29/26 1173/28/13 1174/147/13
f 1168/152/106 1172/155/109 1092/40/34
f 1167/154/108 1171/157/111 1172/155/109
f 1167/154/108 1166/158/112 1170/156/110
f 1166/158/112 1165/25/23 1169/16/128
f 1164/159/113 1168/152/106 1091/153/107
f 1164/159/113 1163/161/115 1167/154/108
f 1162/160/114 1166/158/112 1167/154/108
f 1162/160/114 1161/23/21 1165/25/23
f 1089/36/30 1160/162/116 1164/159/113
f 1160/162/116 1159/164/118 1163/161/115
f 1158/163/117 1162/160/114 1163/161/115
f 1157/20/18 1161/23/21 1162/160/114
f 1076/5/5 1148/165/119 1160/162/116
f 1148/165/119 1147/166/120 1159/164/118
f 1147/166/120 1146/167/121 1158/163/117
f 1145/21/19 1157/20/18 1158/163/117
f 1172/155/109 1153/168/122 1074/8/8
f 1171/157/111 1154/169/123 1153/168/122
f 1170/156/110 1155/170/124 1154/169/123
f 1170/156/110 1169/16/128 1156/18/17
f 1188/136/13 1149/172/72 1069/171/53
f 1187/138/13 1150/173/105 1149/172/72
f 1186/139/13 1151/174/105 1150/173/105
f 1185/13/13 1152/15/15 1151/174/105
f 1074/8/8 1153/175/122 1201/119/97
f 1153/175/122 1154/176/123 1202/121/99
f 1154/176/123 1155/188/124 1203/177/125
f 1203/177/125 1155/188/124 1156/178/17
f 1072/2/2 1145/179/19 1217/104/85
f 1145/179/19 1146/181/121 1218/180/126
f 1218/180/126 1146/181/121 1147/186/120
f 1219/107/131 1147/186/120 1148/182/119
f 1289/1/1 1236/48/20 1224/2/2
f 1372/4/4 1300/182/119 1228/5/5
f 1273/7/7 1244/40/34 1226/8/8
f 1356/10/10 1308/178/17 1222/11/11
f 1337/13/13 1237/70/57 1225/14/14
f 1321/16/128 1233/26/24 1222/17/11
f 1224/19/2 1236/22/20 1309/20/18
f 1236/22/20 1235/24/22 1313/23/21
f 1235/24/22 1234/189/37 1317/25/23
f 1317/25/23 1234/189/37 1233/26/24
f 1227/27/25 1240/30/27 1325/28/13
f 1240/30/27 1239/32/28 1329/31/13
f 1239/32/28 1238/34/28 1333/33/13
f 1238/34/28 1237/70/57 1337/13/13
f 1228/5/5 1241/36/30 1261/35/29
f 1241/36/30 1242/38/32 1265/37/31
f 1242/38/32 1243/153/107 1269/39/33
f 1269/39/33 1243/153/107 1244/40/34
f 1222/41/11 1233/44/24 1277/42/35
f 1233/44/24 1234/46/37 1281/45/36
f 1234/46/37 1235/187/22 1285/47/38
f 1285/47/38 1235/187/22 1236/48/20
f 1288/49/39 1292/53/43 1229/50/40
f 1288/49/39 1287/55/44 1291/52/42
f 1286/54/44 1290/56/45 1291/52/42
f 1286/54/44 1285/47/38 1289/1/1
f 1284/57/136 1288/49/39 1230/51/41
f 1283/59/47 1287/55/44 1288/49/39
f 1282/60/47 1286/54/44 1287/55/44
f 1281/45/36 1285/47/38 1286/54/44
f 1280/61/48 1284/57/136 1231/58/41
f 1279/63/50 1283/59/47 1284/57/136
f 1279/63/50 1278/64/51 1282/60/47
f 1277/42/35 1281/45/36 1282/60/47
f 1221/66/53 1245/65/129 1280/61/48
f 1246/67/54 1279/63/50 1280/61/48
f 1246/67/54 1247/68/55 1278/64/51
f 1247/68/55 1248/43/135 1277/42/35
f 1272/69/56 1276/72/59 1237/70/57
f 1272/69/56 1271/74/60 1275/71/58
f 1270/73/60 1274/75/61 1275/71/58
f 1270/73/60 1269/39/33 1273/7/7
f 1268/76/62 1272/69/56 1238/34/28
f 1267/77/63 1271/74/60 1272/69/56
f 1266/78/64 1270/73/60 1271/74/60
f 1265/37/31 1269/39/33 1270/73/60
f 1264/79/65 1268/76/62 1239/32/28
f 1263/80/66 1267/77/63 1268/76/62
f 1263/80/66 1262/81/67 1266/78/64
f 1261/35/29 1265/37/31 1266/78/64
f 1227/27/25 1256/82/68 1264/79/65
f 1255/83/69 1263/80/66 1264/79/65
f 1254/84/70 1262/81/67 1263/80/66
f 1253/6/6 1261/35/29 1262/81/67
f 1301/87/72 1344/85/71 1245/89/129
f 1344/85/71 1348/91/74 1246/88/54
f 1352/90/73 1247/92/55 1246/88/54
f 1356/10/10 1248/12/135 1247/92/55
f 1276/72/59 1260/94/76 1225/14/14
f 1276/72/59 1275/71/58 1259/93/75
f 1275/71/58 1274/75/61 1258/95/77
f 1273/7/7 1257/9/9 1258/95/77
f 1293/97/26 1360/96/78 1256/82/68
f 1360/96/78 1364/99/80 1255/83/69
f 1368/98/79 1254/84/70 1255/83/69
f 1372/4/4 1253/6/6 1254/84/70
f 1292/53/43 1252/102/83 1223/100/81
f 1292/53/43 1291/52/42 1251/101/132
f 1290/56/45 1250/103/84 1251/101/132
f 1289/1/1 1249/3/3 1250/103/84
f 1249/3/3 1369/104/85 1365/105/86
f 1369/104/85 1370/180/126 1366/106/87
f 1366/106/87 1370/180/126 1371/107/131
f 1367/108/89 1371/107/131 1372/4/4
f 1251/101/132 1250/103/84 1365/105/86
f 1361/109/90 1365/105/86 1366/106/87
f 1366/106/87 1367/108/89 1363/111/89
f 1367/108/89 1368/98/79 1364/99/80
f 1251/101/132 1361/109/90 1357/112/91
f 1361/109/90 1362/110/87 1358/113/92
f 1362/110/87 1363/111/89 1359/114/93
f 1359/114/93 1363/111/89 1364/99/80
f 1252/102/83 1357/112/91 1296/115/94
f 1296/115/94 1357/112/91 1358/113/92
f 1295/116/95 1358/113/92 1359/114/93
f 1294/117/95 1359/114/93 1360/96/78
f 1257/9/9 1353/119/97 1349/118/96
f 1353/119/97 1354/121/99 1350/120/98
f 1354/121/99 1355/177/125 1351/122/100
f 1351/122/100 1355/177/125 1356/10/10
f 1259/93/75 1258/95/77 1349/118/96
f 1345/123/101 1349/118/96 1350/120/98
f 1346/124/98 1350/120/98 1351/122/100
f 1351/122/100 1352/90/73 1348/91/74
f 1259/93/75 1345/123/101 1341/126/102
f 1345/123/101 1346/124/98 1342/127/103
f 1342/127/103 1346/124/98 1347/125/100
f 1343/128/104 1347/125/100 1348/91/74
f 1260/94/76 1341/126/102 1304/129/15
f 1341/126/102 1342/127/103 1303/130/105
f 1342/127/103 1343/128/104 1302/131/105
f 1343/128/104 1344/85/71 1301/87/72
f 1336/132/13 1340/136/13 1232/133/49
f 1335/135/13 1339/138/13 1340/136/13
f 1334/137/13 1338/139/13 1339/138/13
f 1333/33/13 1337/13/13 1338/139/13
f 1332/140/13 1336/132/13 1231/134/41
f 1331/142/13 1335/135/13 1336/132/13
f 1330/143/13 1334/137/13 1335/135/13
f 1329/31/13 1333/33/13 1334/137/13
f 1328/144/13 1332/140/13 1230/141/41
f 1327/146/13 1331/142/13 1332/140/13
f 1326/147/13 1330/143/13 1331/142/13
f 1325/28/13 1329/31/13 1330/143/13
f 1223/148/81 1296/150/94 1328/144/13
f 1295/149/95 1327/146/13 1328/144/13
f 1294/151/95 1326/147/13 1327/146/13
f 1293/29/26 1325/28/13 1326/147/13
f 1320/152/106 1324/155/109 1244/40/34
f 1319/154/108 1323/157/111 1324/155/109
f 1319/154/108 1318/158/112 1322/156/110
f 1318/158/112 1317/25/23 1321/16/128
f 1316/159/113 1320/152/106 1243/153/107
f 1316/159/113 1315/161/115 1319/154/108
f 1314/160/114 1318/158/112 1319/154/108
f 1314/160/114 1313/23/21 1317/25/23
f 1241/36/30 1312/162/116 1316/159/113
f 1312/162/116 1311/164/118 1315/161/115
f 1310/163/117 1314/160/114 1315/161/115
f 1309/20/18 1313/23/21 1314/160/114
f 1228/5/5 1300/165/119 1312/162/116
f 1300/165/119 1299/166/120 1311/164/118
f 1298/167/121 1310/163/117 1311/164/118
f 1297/21/19 1309/20/18 1310/163/117
f 1324/155/109 1305/168/122 1226/8/8
f 1323/157/111 1306/169/123 1305/168/122
f 1323/157/111 1322/156/110 1307/170/124
f 1322/156/110 1321/16/128 1308/18/17
f 1340/136/13 1301/172/72 1221/171/53
f 1339/138/13 1302/173/105 1301/172/72
f 1338/139/13 1303/174/105 1302/173/105
f 1337/13/13 1304/15/15 1303/174/105
f 1226/8/8 1305/175/122 1353/119/97
f 1305/175/122 1306/176/123 1354/121/99
f 1306/176/123 1307/188/124 1355/177/125
f 1355/177/125 1307/188/124 1308/178/17
f 1224/2/2 1297/179/19 1369/104/85
f 1297/179/19 1298/181/121 1370/180/126
f 1370/180/126 1298/181/121 1299/186/120
f 1371/107/131 1299/186/120 1300/182/119
f 1441/1/1 1388/48/20 1376/2/2
f 1524/4/4 1452/182/119 1380/5/5
f 1425/7/7 1396/40/34 1378/8/137
f 1508/10/10 1460/178/17 1374/11/11
f 1489/13/13 1389/70/57 1377/14/14
f 1473/16/16 1385/26/24 1374/17/11
f 1376/19/2 1388/22/20 1461/20/18
f 1388/22/20 1387/24/22 1465/23/21
f 1387/24/22 1386/189/37 1469/25/23
f 1469/25/23 1386/189/37 1385/26/24
f 1379/27/25 1392/30/27 1477/28/13
f 1392/30/27 1391/32/28 1481/31/13
f 1391/32/28 1390/34/28 1485/33/13
f 1390/34/28 1389/70/57 1489/13/13
f 1380/5/5 1393/36/30 1413/35/29
f 1393/36/30 1394/38/32 1417/37/31
f 1394/38/32 1395/153/107 1421/39/33
f 1421/39/33 1395/153/107 1396/40/34
f 1374/41/11 1385/44/24 1429/42/35
f 1385/44/24 1386/46/37 1433/45/36
f 1386/46/37 1387/187/22 1437/47/38
f 1437/47/38 1387/187/22 1388/48/20
f 1440/49/39 1444/53/43 1381/50/40
f 1440/49/39 1439/55/44 1443/52/42
f 1438/54/44 1442/56/45 1443/52/42
f 1438/54/44 1437/47/38 1441/1/1
f 1436/57/46 1440/49/39 1382/51/41
f 1435/59/47 1439/55/44 1440/49/39
f 1434/60/47 1438/54/44 1439/55/44
f 1433/45/36 1437/47/38 1438/54/44
f 1432/61/48 1436/57/46 1383/58/41
f 1431/63/50 1435/59/47 1436/57/46
f 1431/63/50 1430/64/51 1434/60/47
f 1429/42/35 1433/45/36 1434/60/47
f 1397/65/129 1432/61/48 1384/62/49
f 1398/67/54 1431/63/50 1432/61/48
f 1399/68/55 1430/64/51 1431/63/50
f 1400/43/12 1429/42/35 1430/64/51
f 1424/69/56 1428/72/59 1389/70/57
f 1424/69/56 1423/74/60 1427/71/58
f 1422/73/60 1426/75/61 1427/71/58
f 1422/73/60 1421/39/33 1425/7/7
f 1420/76/62 1424/69/56 1390/34/28
f 1419/77/63 1423/74/60 1424/69/56
f 1418/78/64 1422/73/60 1423/74/60
f 1417/37/31 1421/39/33 1422/73/60
f 1416/79/65 1420/76/62 1391/32/28
f 1415/80/66 1419/77/63 1420/76/62
f 1415/80/66 1414/81/67 1418/78/64
f 1413/35/29 1417/37/31 1418/78/64
f 1408/82/68 1416/79/65 1392/30/27
f 1407/83/69 1415/80/66 1416/79/65
f 1406/84/70 1414/81/67 1415/80/66
f 1405/6/6 1413/35/29 1414/81/67
f 1496/85/71 1397/89/129 1373/86/53
f 1496/85/71 1500/91/74 1398/88/54
f 1500/91/74 1504/90/73 1399/92/55
f 1508/10/10 1400/12/12 1399/92/55
f 1389/70/57 1428/72/59 1412/94/76
f 1428/72/59 1427/71/58 1411/93/75
f 1426/75/61 1410/95/77 1411/93/75
f 1426/75/61 1425/7/7 1409/9/9
f 1512/96/78 1408/82/68 1379/27/25
f 1512/96/78 1516/99/80 1407/83/69
f 1520/98/79 1406/84/70 1407/83/69
f 1524/4/4 1405/6/6 1406/84/70
f 1381/50/40 1444/53/43 1404/102/83
f 1444/53/43 1443/52/42 1403/101/132
f 1443/52/42 1442/56/45 1402/103/84
f 1442/56/45 1441/1/1 1401/3/3
f 1401/3/3 1521/104/85 1517/105/86
f 1521/104/85 1522/180/126 1518/106/87
f 1522/180/126 1523/107/131 1519/108/89
f 1519/108/89 1523/107/131 1524/4/4
f 1402/103/84 1517/105/86 1513/109/90
f 1513/109/90 1517/105/86 1518/106/87
f 1514/110/87 1518/106/87 1519/108/89
f 1519/108/89 1520/98/79 1516/99/80
f 1403/101/132 1513/109/90 1509/112/130
f 1513/109/90 1514/110/87 1510/113/92
f 1514/110/87 1515/111/89 1511/114/93
f 1511/114/93 1515/111/89 1516/99/80
f 1375/100/81 1404/102/83 1509/112/130
f 1448/115/94 1509/112/130 1510/113/92
f 1510/113/92 1511/114/93 1446/117/95
f 1446/117/95 1511/114/93 1512/96/78
f 1410/95/77 1409/9/9 1505/119/97
f 1505/119/97 1506/121/99 1502/120/98
f 1506/121/99 1507/177/125 1503/122/100
f 1503/122/100 1507/177/125 1508/10/10
f 1411/93/75 1410/95/77 1501/118/96
f 1497/123/101 1501/118/96 1502/120/98
f 1502/120/98 1503/122/100 1499/125/100
f 1503/122/100 1504/90/73 1500/91/74
f 1411/93/75 1497/123/101 1493/126/102
f 1497/123/101 1498/124/98 1494/127/103
f 1498/124/98 1499/125/100 1495/128/104
f 1495/128/104 1499/125/100 1500/91/74
f 1377/14/14 1412/94/76 1493/126/102
f 1493/126/102 1494/127/103 1455/130/105
f 1494/127/103 1495/128/104 1454/131/105
f 1495/128/104 1496/85/71 1453/87/72
f 1488/132/13 1492/136/13 1384/133/49
f 1487/135/13 1491/138/13 1492/136/13
f 1486/137/13 1490/139/13 1491/138/13
f 1485/33/13 1489/13/13 1490/139/13
f 1484/140/13 1488/132/13 1383/134/41
f 1483/142/13 1487/135/13 1488/132/13
f 1482/143/13 1486/137/13 1487/135/13
f 1481/31/13 1485/33/13 1486/137/13
f 1480/144/13 1484/140/13 1382/141/41
f 1479/146/13 1483/142/13 1484/140/13
f 1478/147/13 1482/143/13 1483/142/13
f 1477/28/13 1481/31/13 1482/143/13
f 1375/148/81 1448/150/94 1480/144/13
f 1447/149/95 1479/146/13 1480/144/13
f 1446/151/95 1478/147/13 1479/146/13
f 1445/29/26 1477/28/13 1478/147/13
f 1472/152/106 1476/155/109 1396/40/34
f 1471/154/108 1475/157/111 1476/155/109
f 1471/154/108 1470/158/112 1474/156/110
f 1470/158/112 1469/25/23 1473/16/16
f 1468/159/113 1472/152/106 1395/153/107
f 1468/159/113 1467/161/115 1471/154/108
f 1466/160/114 1470/158/112 1471/154/108
f 1466/160/114 1465/23/21 1469/25/23
f 1393/36/30 1464/162/116 1468/159/113
f 1464/162/116 1463/164/118 1467/161/115
f 1462/163/117 1466/160/114 1467/161/115
f 1461/20/18 1465/23/21 1466/160/114
f 1380/5/5 1452/165/119 1464/162/116
f 1452/165/119 1451/166/120 1463/164/118
f 1450/167/121 1462/163/117 1463/164/118
f 1449/21/19 1461/20/18 1462/163/117
f 1476/155/109 1457/168/122 1378/8/137
f 1475/157/111 1458/169/123 1457/168/122
f 1474/156/110 1459/170/124 1458/169/123
f 1474/156/110 1473/16/16 1460/18/17
f 1492/136/13 1453/172/72 1373/171/53
f 1491/138/13 1454/173/105 1453/172/72
f 1490/139/13 1455/174/105 1454/173/105
f 1489/13/13 1456/15/15 1455/174/105
f 1378/8/137 1457/175/122 1505/119/97
f 1457/175/122 1458/176/123 1506/121/99
f 1506/121/99 1458/176/123 1459/188/124
f 1507/177/125 1459/188/124 1460/178/17
f 1376/2/2 1449/179/19 1521/104/85
f 1449/179/19 1450/181/121 1522/180/126
f 1450/181/121 1451/186/120 1523/107/131
f 1523/107/131 1451/186/120 1452/182/119
f 1593/1/1 1540/48/20 1528/2/2
f 1676/4/4 1604/182/119 1532/5/5
f 1577/7/7 1548/40/34 1530/8/8
f 1660/10/10 1612/178/17 1526/11/11
f 1641/13/13 1541/70/57 1529/14/14
f 1625/16/128 1537/26/24 1526/17/11
f 1528/19/2 1540/22/20 1613/20/18
f 1540/22/20 1539/24/22 1617/23/21
f 1539/24/22 1538/189/37 1621/25/23
f 1621/25/23 1538/189/37 1537/26/24
f 1531/27/134 1544/30/27 1629/28/13
f 1544/30/27 1543/32/28 1633/31/13
f 1543/32/28 1542/34/28 1637/33/13
f 1542/34/28 1541/70/57 1641/13/13
f 1532/5/5 1545/36/30 1565/35/29
f 1545/36/30 1546/38/32 1569/37/31
f 1546/38/32 1547/153/107 1573/39/33
f 1573/39/33 1547/153/107 1548/40/34
f 1526/41/11 1537/44/24 1581/42/35
f 1537/44/24 1538/46/37 1585/45/36
f 1585/45/36 1538/46/37 1539/187/22
f 1589/47/38 1539/187/22 1540/48/20
f 1592/49/39 1596/53/43 1533/50/40
f 1592/49/39 1591/55/44 1595/52/42
f 1590/54/44 1594/56/45 1595/52/42
f 1590/54/44 1589/47/38 1593/1/1
f 1588/57/46 1592/49/39 1534/51/41
f 1587/59/47 1591/55/44 1592/49/39
f 1586/60/47 1590/54/44 1591/55/44
f 1585/45/36 1589/47/38 1590/54/44
f 1584/61/48 1588/57/46 1535/58/41
f 1583/63/50 1587/59/47 1588/57/46
f 1583/63/50 1582/64/51 1586/60/47
f 1581/42/35 1585/45/36 1586/60/47
f 1549/65/129 1584/61/48 1536/62/49
f 1550/67/54 1583/63/50 1584/61/48
f 1551/68/55 1582/64/51 1583/63/50
f 1552/43/12 1581/42/35 1582/64/51
f 1576/69/56 1580/72/59 1541/70/57
f 1576/69/56 1575/74/60 1579/71/58
f 1574/73/60 1578/75/61 1579/71/58
f 1574/73/60 1573/39/33 1577/7/7
f 1572/76/62 1576/69/56 1542/34/28
f 1571/77/63 1575/74/60 1576/69/56
f 1570/78/64 1574/73/60 1575/74/60
f 1569/37/31 1573/39/33 1574/73/60
f 1568/79/65 1572/76/62 1543/32/28
f 1567/80/66 1571/77/63 1572/76/62
f 1567/80/66 1566/81/67 1570/78/64
f 1565/35/29 1569/37/31 1570/78/64
f 1560/82/68 1568/79/65 1544/30/27
f 1559/83/69 1567/80/66 1568/79/65
f 1558/84/70 1566/81/67 1567/80/66
f 1557/6/6 1565/35/29 1566/81/67
f 1648/85/71 1549/89/129 1525/86/53
f 1648/85/71 1652/91/74 1550/88/54
f 1656/90/73 1551/92/55 1550/88/54
f 1660/10/10 1552/12/12 1551/92/55
f 1580/72/59 1564/94/76 1529/14/14
f 1580/72/59 1579/71/58 1563/93/75
f 1578/75/61 1562/95/77 1563/93/75
f 1577/7/7 1561/9/9 1562/95/77
f 1597/97/26 1664/96/78 1560/82/68
f 1664/96/78 1668/99/80 1559/83/69
f 1668/99/80 1672/98/79 1558/84/70
f 1676/4/4 1557/6/6 1558/84/70
f 1596/53/43 1556/102/83 1527/100/81
f 1596/53/43 1595/52/42 1555/101/82
f 1594/56/45 1554/103/84 1555/101/82
f 1593/1/1 1553/3/3 1554/103/84
f 1553/3/3 1673/104/85 1669/105/86
f 1673/104/85 1674/180/126 1670/106/87
f 1670/106/87 1674/180/126 1675/107/88
f 1671/108/89 1675/107/88 1676/4/4
f 1554/103/84 1669/105/86 1665/109/90
f 1665/109/90 1669/105/86 1670/106/87
f 1670/106/87 1671/108/89 1667/111/89
f 1671/108/89 1672/98/79 1668/99/80
f 1555/101/82 1665/109/90 1661/112/91
f 1665/109/90 1666/110/87 1662/113/92
f 1662/113/92 1666/110/87 1667/111/89
f 1663/114/93 1667/111/89 1668/99/80
f 1556/102/83 1661/112/91 1600/115/94
f 1600/115/94 1661/112/91 1662/113/92
f 1599/116/95 1662/113/92 1663/114/93
f 1598/117/95 1663/114/93 1664/96/78
f 1561/9/9 1657/119/97 1653/118/96
f 1657/119/97 1658/121/99 1654/120/98
f 1658/121/99 1659/177/125 1655/122/100
f 1655/122/100 1659/177/125 1660/10/10
f 1562/95/77 1653/118/96 1649/123/101
f 1649/123/101 1653/118/96 1654/120/98
f 1654/120/98 1655/122/100 1651/125/100
f 1655/122/100 1656/90/73 1652/91/74
f 1563/93/75 1649/123/101 1645/126/102
f 1649/123/101 1650/124/98 1646/127/103
f 1650/124/98 1651/125/100 1647/128/104
f 1647/128/104 1651/125/100 1652/91/74
f 1564/94/76 1645/126/102 1608/129/15
f 1645/126/102 1646/127/103 1607/130/105
f 1646/127/103 1647/128/104 1606/131/105
f 1647/128/104 1648/85/71 1605/87/72
f 1640/132/13 1644/136/13 1536/133/49
f 1639/135/13 1643/138/13 1644/136/13
f 1638/137/13 1642/139/13 1643/138/13
f 1637/33/13 1641/13/13 1642/139/13
f 1636/140/13 1640/132/13 1535/134/41
f 1635/142/13 1639/135/13 1640/132/13
f 1634/143/13 1638/137/13 1639/135/13
f 1633/31/13 1637/33/13 1638/137/13
f 1632/144/13 1636/140/13 1534/141/41
f 1631/146/13 1635/142/13 1636/140/13
f 1630/147/13 1634/143/13 1635/142/13
f 1629/28/13 1633/31/13 1634/143/13
f 1527/148/81 1600/150/94 1632/144/13
f 1599/149/95 1631/146/13 1632/144/13
f 1598/151/95 1630/147/13 1631/146/13
f 1597/29/26 1629/28/13 1630/147/13
f 1624/152/106 1628/155/109 1548/40/34
f 1623/154/108 1627/157/111 1628/155/109
f 1623/154/108 1622/158/112 1626/156/110
f 1622/158/112 1621/25/23 1625/16/128
f 1546/38/32 1620/159/113 1624/152/106
f 1620/159/113 1619/161/115 1623/154/108
f 1618/160/114 1622/158/112 1623/154/108
f 1618/160/114 1617/23/21 1621/25/23
f 1545/36/30 1616/162/116 1620/159/113
f 1616/162/116 1615/164/118 1619/161/115
f 1614/163/117 1618/160/114 1619/161/115
f 1613/20/18 1617/23/21 1618/160/114
f 1532/5/5 1604/165/119 1616/162/116
f 1604/165/119 1603/166/120 1615/164/118
f 1602/167/121 1614/163/117 1615/164/118
f 1601/21/19 1613/20/18 1614/163/117
f 1628/155/109 1609/168/122 1530/8/8
f 1627/157/111 1610/169/123 1609/168/122
f 1627/157/111 1626/156/110 1611/170/124
f 1626/156/110 1625/16/128 1612/18/17
f 1644/136/13 1605/172/72 1525/171/53
f 1643/138/13 1606/173/105 1605/172/72
f 1642/139/13 1607/174/105 1606/173/105
f 1641/13/13 1608/15/15 1607/174/105
f 1530/8/8 1609/175/122 1657/119/97
f 1609/175/122 1610/176/123 1658/121/99
f 1610/176/123 1611/188/124 1659/177/125
f 1659/177/125 1611/188/124 1612/178/17
f 1528/2/2 1601/179/19 1673/104/85
f 1601/179/19 1602/181/121 1674/180/126
f 1674/180/126 1602/181/121 1603/186/120
f 1675/107/88 1603/186/120 1604/182/119
f 1745/1/1 1692/48/20 1680/2/2
f 1828/4/4 1756/182/119 1684/5/5
f 1729/7/7 1700/40/34 1682/8/137
f 1812/10/10 1764/178/17 1678/11/11
f 1793/13/13 1693/70/57 1681/14/14
f 1777/16/16 1689/26/24 1678/17/11
f 1680/19/2 1692/22/20 1765/20/18
f 1692/22/20 1691/24/22 1769/23/21
f 1691/24/22 1690/189/37 1773/25/23
f 1773/25/23 1690/189/37 1689/26/24
f 1683/27/25 1696/30/27 1781/28/13
f 1696/30/27 1695/32/28 1785/31/13
f 1695/32/28 1694/34/28 1789/33/13
f 1694/34/28 1693/70/57 1793/13/13
f 1684/5/5 1697/36/30 1717/35/29
f 1697/36/30 1698/38/32 1721/37/31
f 1698/38/32 1699/153/107 1725/39/33
f 1725/39/33 1699/153/107 1700/40/34
f 1678/41/11 1689/44/24 1733/42/35
f 1689/44/24 1690/46/37 1737/45/36
f 1690/46/37 1691/187/22 1741/47/38
f 1741/47/38 1691/187/22 1692/48/20
f 1744/49/39 1748/53/43 1685/50/40
f 1744/49/39 1743/55/44 1747/52/42
f 1742/54/44 1746/56/45 1747/52/42
f 1742/54/44 1741/47/38 1745/1/1
f 1740/57/46 1744/49/39 1686/51/41
f 1739/59/47 1743/55/44 1744/49/39
f 1738/60/47 1742/54/44 1743/55/44
f 1737/45/36 1741/47/38 1742/54/44
f 1736/61/48 1740/57/46 1687/58/41
f 1735/63/50 1739/59/47 1740/57/46
f 1735/63/50 1734/64/51 1738/60/47
f 1733/42/35 1737/45/36 1738/60/47
f 1701/65/129 1736/61/48 1688/62/49
f 1702/67/54 1735/63/50 1736/61/48
f 1703/68/55 1734/64/51 1735/63/50
f 1704/43/12 1733/42/35 1734/64/51
f 1728/69/56 1732/72/59 1693/70/57
f 1728/69/56 1727/74/60 1731/71/58
f 1726/73/60 1730/75/61 1731/71/58
f 1726/73/60 1725/39/33 1729/7/7
f 1724/76/62 1728/69/56 1694/34/28
f 1723/77/63 1727/74/60 1728/69/56
f 1722/78/64 1726/73/60 1727/74/60
f 1721/37/31 1725/39/33 1726/73/60
f 1720/79/65 1724/76/62 1695/32/28
f 1719/80/66 1723/77/63 1724/76/62
f 1719/80/66 1718/81/67 1722/78/64
f 1717/35/29 1721/37/31 1722/78/64
f 1683/27/25 1712/82/68 1720/79/65
f 1711/83/69 1719/80/66 1720/79/65
f 1710/84/70 1718/81/67 1719/80/66
f 1709/6/6 1717/35/29 1718/81/67
f 1800/85/71 1701/89/129 1677/86/53
f 1800/85/71 1804/91/74 1702/88/54
f 1808/90/73 1703/92/55 1702/88/54
f 1812/10/10 1704/12/12 1703/92/55
f 1732/72/59 1716/94/76 1681/14/14
f 1732/72/59 1731/71/58 1715/93/75
f 1731/71/58 1730/75/61 1714/95/77
f 1729/7/7 1713/9/9 1714/95/77
f 1749/97/26 1816/96/78 1712/82/68
f 1816/96/78 1820/99/80 1711/83/69
f 1824/98/79 1710/84/70 1711/83/69
f 1828/4/4 1709/6/6 1710/84/70
f 1685/50/40 1748/53/43 1708/102/83
f 1748/53/43 1747/52/42 1707/101/82
f 1746/56/45 1706/103/84 1707/101/82
f 1745/1/1 1705/3/3 1706/103/84
f 1705/3/3 1825/104/85 1821/105/86
f 1825/104/85 1826/180/126 1822/106/87
f 1822/106/87 1826/180/126 1827/107/88
f 1823/108/89 1827/107/88 1828/4/4
f 1706/103/84 1821/105/86 1817/109/90
f 1817/109/90 1821/105/86 1822/106/87
f 1822/106/87 1823/108/89 1819/111/89
f 1823/108/89 1824/98/79 1820/99/80
f 1707/101/82 1817/109/90 1813/112/130
f 1817/109/90 1818/110/87 1814/113/92
f 1814/113/92 1818/110/87 1819/111/89
f 1815/114/93 1819/111/89 1820/99/80
f 1679/100/81 1708/102/83 1813/112/130
f 1752/115/94 1813/112/130 1814/113/92
f 1751/116/95 1814/113/92 1815/114/93
f 1750/117/95 1815/114/93 1816/96/78
f 1713/9/9 1809/119/97 1805/118/96
f 1809/119/97 1810/121/99 1806/120/98
f 1810/121/99 1811/177/125 1807/122/100
f 1807/122/100 1811/177/125 1812/10/10
f 1715/93/75 1714/95/77 1805/118/96
f 1801/123/101 1805/118/96 1806/120/98
f 1806/120/98 1807/122/100 1803/125/100
f 1807/122/100 1808/90/73 1804/91/74
f 1715/93/75 1801/123/101 1797/126/102
f 1801/123/101 1802/124/98 1798/127/103
f 1802/124/98 1803/125/100 1799/128/104
f 1799/128/104 1803/125/100 1804/91/74
f 1716/94/76 1797/126/102 1760/129/15
f 1797/126/102 1798/127/103 1759/130/105
f 1798/127/103 1799/128/104 1758/131/105
f 1799/128/104 1800/85/71 1757/87/72
f 1792/132/13 1796/136/13 1688/133/49
f 1791/135/13 1795/138/13 1796/136/13
f 1790/137/13 1794/139/13 1795/138/13
f 1789/33/13 1793/13/13 1794/139/13
f 1788/140/13 1792/132/13 1687/134/41
f 1787/142/13 1791/135/13 1792/132/13
f 1786/143/13 1790/137/13 1791/135/13
f 1785/31/13 1789/33/13 1790/137/13
f 1784/144/13 1788/140/13 1686/141/41
f 1783/146/13 1787/142/13 1788/140/13
f 1782/147/13 1786/143/13 1787/142/13
f 1781/28/13 1785/31/13 1786/143/13
f 1679/148/81 1752/150/94 1784/144/13
f 1751/149/95 1783/146/13 1784/144/13
f 1750/151/95 1782/147/13 1783/146/13
f 1749/29/26 1781/28/13 1782/147/13
f 1776/152/106 1780/155/109 1700/40/34
f 1775/154/108 1779/157/111 1780/155/109
f 1775/154/108 1774/158/112 1778/156/110
f 1774/158/112 1773/25/23 1777/16/16
f 1772/159/113 1776/152/106 1699/153/107
f 1772/159/113 1771/161/115 1775/154/108
f 1770/160/114 1774/158/112 1775/154/108
f 1770/160/114 1769/23/21 1773/25/23
f 1697/36/30 1768/162/116 1772/159/113
f 1768/162/116 1767/164/118 1771/161/115
f 1766/163/117 1770/160/114 1771/161/115
f 1765/20/18 1769/23/21 1770/160/114
f 1684/5/5 1756/165/119 1768/162/116
f 1756/165/119 1755/166/120 1767/164/118
f 1755/166/120 1754/167/121 1766/163/117
f 1753/21/19 1765/20/18 1766/163/117
f 1780/155/109 1761/168/122 1682/8/137
f 1779/157/111 1762/169/123 1761/168/122
f 1778/156/110 1763/170/124 1762/169/123
f 1778/156/110 1777/16/16 1764/18/17
f 1796/136/13 1757/172/72 1677/171/53
f 1795/138/13 1758/173/105 1757/172/72
f 1794/139/13 1759/174/105 1758/173/105
f 1793/13/13 1760/15/15 1759/174/105
f 1682/8/137 1761/175/122 1809/119/97
f 1761/175/122 1762/176/123 1810/121/99
f 1762/176/123 1763/188/124 1811/177/125
f 1811/177/125 1763/188/124 1764/178/17
f 1680/2/2 1753/179/19 1825/104/85
f 1753/179/19 1754/181/121 1826/180/126
f 1754/181/121 1755/186/120 1827/107/88
f 1827/107/88 1755/186/120 1756/182/119
f 1897/1/1 1844/48/20 1832/2/2
f 1980/4/4 1908/182/119 1836/5/5
f 1881/7/7 1852/40/34 1834/8/8
f 1964/10/10 1916/178/17 1830/11/11
f 1945/13/13 1845/70/57 1833/14/14
f 1929/16/16 1841/26/24 1830/17/11
f 1832/19/2 1844/22/20 1917/20/18
f 1844/22/20 1843/24/22 1921/23/21
f 1843/24/22 1842/189/37 1925/25/23
f 1925/25/23 1842/189/37 1841/26/24
f 1835/27/25 1848/30/27 1933/28/13
f 1848/30/27 1847/32/28 1937/31/13
f 1847/32/28 1846/34/28 1941/33/13
f 1846/34/28 1845/70/57 1945/13/13
f 1836/5/5 1849/36/30 1869/35/29
f 1849/36/30 1850/38/32 1873/37/31
f 1850/38/32 1851/153/107 1877/39/33
f 1877/39/33 1851/153/107 1852/40/34
f 1830/41/11 1841/44/24 1885/42/35
f 1841/44/24 1842/46/37 1889/45/36
f 1842/46/37 1843/187/22 1893/47/38
f 1893/47/38 1843/187/22 1844/48/20
f 1896/49/39 1900/53/43 1837/50/40
f 1896/49/39 1895/55/44 1899/52/42
f 1894/54/44 1898/56/45 1899/52/42
f 1894/54/44 1893/47/38 1897/1/1
f 1892/57/46 1896/49/39 1838/51/41
f 1891/59/47 1895/55/44 1896/49/39
f 1890/60/47 1894/54/44 1895/55/44
f 1889/45/36 1893/47/38 1894/54/44
f 1888/61/48 1892/57/46 1839/58/41
f 1887/63/50 1891/59/47 1892/57/46
f 1887/63/50 1886/64/51 1890/60/47
f 1885/42/35 1889/45/36 1890/60/47
f 1853/65/129 1888/61/48 1840/62/49
f 1854/67/54 1887/63/50 1888/61/48
f 1855/68/55 1886/64/51 1887/63/50
f 1856/43/12 1885/42/35 1886/64/51
f 1880/69/56 1884/72/59 1845/70/57
f 1880/69/56 1879/74/60 1883/71/58
f 1878/73/60 1882/75/61 1883/71/58
f 1878/73/60 1877/39/33 1881/7/7
f 1876/76/62 1880/69/56 1846/34/28
f 1875/77/63 1879/74/60 1880/69/56
f 1874/78/64 1878/73/60 1879/74/60
f 1873/37/31 1877/39/33 1878/73/60
f 1872/79/65 1876/76/62 1847/32/28
f 1871/80/66 1875/77/63 1876/76/62
f 1871/80/66 1870/81/67 1874/78/64
f 1869/35/29 1873/37/31 1874/78/64
f 1835/27/25 1864/82/68 1872/79/65
f 1863/83/69 1871/80/66 1872/79/65
f 1862/84/70 1870/81/67 1871/80/66
f 1861/6/6 1869/35/29 1870/81/67
f 1952/85/71 1853/89/129 1829/86/53
f 1952/85/71 1956/91/74 1854/88/54
f 1960/90/73 1855/92/55 1854/88/54
f 1964/10/10 1856/12/12 1855/92/55
f 1884/72/59 1868/94/76 1833/14/14
f 1884/72/59 1883/71/58 1867/93/75
f 1882/75/61 1866/95/77 1867/93/75
f 1881/7/7 1865/9/9 1866/95/77
f 1901/97/26 1968/96/78 1864/82/68
f 1968/96/78 1972/99/80 1863/83/69
f 1972/99/80 1976/98/79 1862/84/70
f 1980/4/4 1861/6/6 1862/84/70
f 1900/53/43 1860/102/83 1831/100/81
f 1900/53/43 1899/52/42 1859/101/82
f 1898/56/45 1858/103/84 1859/101/82
f 1897/1/1 1857/3/3 1858/103/84
f 1858/103/84 1857/3/3 1977/104/85
f 1977/104/85 1978/180/126 1974/106/87
f 1978/180/126 1979/107/131 1975/108/89
f 1975/108/89 1979/107/131 1980/4/4
f 1858/103/84 1973/105/86 1969/109/90
f 1969/109/90 1973/105/86 1974/106/87
f 1974/106/87 1975/108/89 1971/111/89
f 1975/108/89 1976/98/79 1972/99/80
f 1859/101/82 1969/109/90 1965/112/130
f 1969/109/90 1970/110/87 1966/113/92
f 1966/113/92 1970/110/87 1971/111/89
f 1967/114/93 1971/111/89 1972/99/80
f 1831/100/81 1860/102/83 1965/112/130
f 1904/115/94 1965/112/130 1966/113/92
f 1903/116/95 1966/113/92 1967/114/93
f 1902/117/95 1967/114/93 1968/96/78
f 1865/9/9 1961/119/97 1957/118/96
f 1961/119/97 1962/121/99 1958/120/98
f 1962/121/99 1963/177/125 1959/122/100
f 1959/122/100 1963/177/125 1964/10/10
f 1866/95/77 1957/118/96 1953/123/101
f 1953/123/101 1957/118/96 1958/120/98
f 1958/120/98 1959/122/100 1955/125/100
f 1959/122/100 1960/90/73 1956/91/74
f 1867/93/75 1953/123/101 1949/126/102
f 1953/123/101 1954/124/98 1950/127/103
f 1954/124/98 1955/125/100 1951/128/104
f 1951/128/104 1955/125/100 1956/91/74
f 1868/94/76 1949/126/102 1912/129/15
f 1949/126/102 1950/127/103 1911/130/105
f 1950/127/103 1951/128/104 1910/131/105
f 1951/128/104 1952/85/71 1909/87/72
f 1944/132/13 1948/136/13 1840/133/49
f 1943/135/13 1947/138/13 1948/136/13
f 1942/137/13 1946/139/13 1947/138/13
f 1941/33/13 1945/13/13 1946/139/13
f 1940/140/13 1944/132/13 1839/134/41
f 1939/142/13 1943/135/13 1944/132/13
f 1938/143/13 1942/137/13 1943/135/13
f 1937/31/13 1941/33/13 1942/137/13
f 1936/144/13 1940/140/13 1838/141/41
f 1935/146/13 1939/142/13 1940/140/13
f 1934/147/13 1938/143/13 1939/142/13
f 1933/28/13 1937/31/13 1938/143/13
f 1831/148/81 1904/150/94 1936/144/13
f 1903/149/95 1935/146/13 1936/144/13
f 1902/151/95 1934/147/13 1935/146/13
f 1901/29/26 1933/28/13 1934/147/13
f 1928/152/106 1932/155/109 1852/40/34
f 1927/154/108 1931/157/111 1932/155/109
f 1927/154/108 1926/158/112 1930/156/110
f 1926/158/112 1925/25/23 1929/16/16
f 1924/159/113 1928/152/106 1851/153/107
f 1924/159/113 1923/161/115 1927/154/108
f 1922/160/114 1926/158/112 1927/154/108
f 1922/160/114 1921/23/21 1925/25/23
f 1849/36/30 1920/162/116 1924/159/113
f 1920/162/116 1919/164/118 1923/161/115
f 1918/163/117 1922/160/114 1923/161/115
f 1917/20/18 1921/23/21 1922/160/114
f 1836/5/5 1908/165/119 1920/162/116
f 1908/165/119 1907/166/120 1919/164/118
f 1906/167/121 1918/163/117 1919/164/118
f 1905/21/19 1917/20/18 1918/163/117
f 1932/155/109 1913/168/122 1834/8/8
f 1931/157/111 1914/169/123 1913/168/122
f 1930/156/110 1915/170/124 1914/169/123
f 1930/156/110 1929/16/16 1916/18/17
f 1948/136/13 1909/172/72 1829/171/53
f 1947/138/13 1910/173/105 1909/172/72
f 1946/139/13 1911/174/105 1910/173/105
f 1945/13/13 1912/15/15 1911/174/105
f 1834/8/8 1913/175/122 1961/119/97
f 1913/175/122 1914/176/123 1962/121/99
f 1962/121/99 1914/176/123 1915/188/124
f 1963/177/125 1915/188/124 1916/178/17
f 1832/2/2 1905/179/19 1977/104/85
f 1905/179/19 1906/181/121 1978/180/126
f 1906/181/121 1907/186/120 1979/107/131
f 1979/107/131 1907/186/120 1908/182/119
f 2049/1/1 1996/48/20 1984/2/2
f 2132/4/4 2060/182/119 1988/5/5
f 2033/7/7 2004/40/34 1986/8/8
f 2116/10/10 2068/178/17 1982/11/11
f 2097/13/13 1997/70/57 1985/14/14
f 2081/16/128 1993/26/24 1982/17/11
f 1984/19/2 1996/22/20 2069/20/18
f 1996/22/20 1995/24/22 2073/23/21
f 1995/24/22 1994/189/37 2077/25/23
f 2077/25/23 1994/189/37 1993/26/24
f 1987/27/25 2000/30/27 2085/28/13
f 2000/30/27 1999/32/28 2089/31/13
f 1999/32/28 1998/34/28 2093/33/13
f 1998/34/28 1997/70/57 2097/13/13
f 1988/5/5 2001/36/30 2021/35/29
f 2001/36/30 2002/38/32 2025/37/31
f 2002/38/32 2003/153/107 2029/39/33
f 2029/39/33 2003/153/107 2004/40/34
f 1982/41/11 1993/44/24 2037/42/35
f 1993/44/24 1994/46/37 2041/45/36
f 1994/46/37 1995/187/22 2045/47/38
f 2045/47/38 1995/187/22 1996/48/20
f 2048/49/39 2052/53/43 1989/50/40
f 2048/49/39 2047/55/44 2051/52/42
f 2046/54/44 2050/56/45 2051/52/42
f 2046/54/44 2045/47/38 2049/1/1
f 2044/57/46 2048/49/39 1990/51/41
f 2043/59/47 2047/55/44 2048/49/39
f 2042/60/47 2046/54/44 2047/55/44
f 2041/45/36 2045/47/38 2046/54/44
f 2040/61/48 2044/57/46 1991/58/41
f 2039/63/50 2043/59/47 2044/57/46
f 2039/63/50 2038/64/51 2042/60/47
f 2037/42/35 2041/45/36 2042/60/47
f 2005/65/129 2040/61/48 1992/62/49
f 2006/67/54 2039/63/50 2040/61/48
f 2007/68/55 2038/64/51 2039/63/50
f 2008/43/12 2037/42/35 2038/64/51
f 2032/69/56 2036/72/59 1997/70/57
f 2032/69/56 2031/74/60 2035/71/58
f 2030/73/60 2034/75/61 2035/71/58
f 2030/73/60 2029/39/33 2033/7/7
f 2028/76/62 2032/69/56 1998/34/28
f 2027/77/63 2031/74/60 2032/69/56
f 2026/78/64 2030/73/60 2031/74/60
f 2025/37/31 2029/39/33 2030/73/60
f 2024/79/65 2028/76/62 1999/32/28
f 2023/80/66 2027/77/63 2028/76/62
f 2023/80/66 2022/81/67 2026/78/64
f 2021/35/29 2025/37/31 2026/78/64
f 1987/27/25 2016/82/68 2024/79/65
f 2015/83/69 2023/80/66 2024/79/65
f 2014/84/70 2022/81/67 2023/80/66
f 2013/6/6 2021/35/29 2022/81/67
f 2104/85/71 2005/89/129 1981/86/53
f 2104/85/71 2108/91/74 2006/88/54
f 2112/90/73 2007/92/55 2006/88/54
f 2116/10/10 2008/12/12 2007/92/55
f 2036/72/59 2020/94/76 1985/14/14
f 2036/72/59 2035/71/58 2019/93/75
f 2034/75/61 2018/95/77 2019/93/75
f 2033/7/7 2017/9/9 2018/95/77
f 2053/97/26 2120/96/78 2016/82/68
f 2120/96/78 2124/99/80 2015/83/69
f 2128/98/79 2014/84/70 2015/83/69
f 2132/4/4 2013/6/6 2014/84/70
f 1989/50/40 2052/53/43 2012/102/83
f 2052/53/43 2051/52/42 2011/101/82
f 2050/56/45 2010/103/84 2011/101/82
f 2049/1/1 2009/3/3 2010/103/84
f 2009/3/3 2129/104/85 2125/105/86
f 2129/104/85 2130/180/126 2126/106/87
f 2130/180/126 2131/107/131 2127/108/89
f 2127/108/89 2131/107/131 2132/4/4
f 2010/103/84 2125/105/86 2121/109/90
f 2121/109/90 2125/105/86 2126/106/87
f 2126/106/87 2127/108/89 2123/111/89
f 2127/108/89 2128/98/79 2124/99/80
f 2011/101/82 2121/109/90 2117/112/130
f 2121/109/90 2122/110/87 2118/113/92
f 2118/113/92 2122/110/87 2123/111/89
f 2119/114/93 2123/111/89 2124/99/80
f 1983/100/81 2012/102/83 2117/112/130
f 2056/115/94 2117/112/130 2118/113/92
f 2055/116/95 2118/113/92 2119/114/93
f 2054/117/95 2119/114/93 2120/96/78
f 2017/9/9 2113/119/97 2109/118/96
f 2113/119/97 2114/121/99 2110/120/98
f 2114/121/99 2115/177/125 2111/122/100
f 2111/122/100 2115/177/125 2116/10/10
f 2018/95/77 2109/118/96 2105/123/101
f 2105/123/101 2109/118/96 2110/120/98
f 2110/120/98 2111/122/100 2107/125/100
f 2111/122/100 2112/90/73 2108/91/74
f 2019/93/75 2105/123/101 2101/126/102
f 2105/123/101 2106/124/98 2102/127/103
f 2106/124/98 2107/125/100 2103/128/104
f 2103/128/104 2107/125/100 2108/91/74
f 2020/94/76 2101/126/102 2064/129/15
f 2101/126/102 2102/127/103 2063/130/105
f 2102/127/103 2103/128/104 2062/131/105
f 2103/128/104 2104/85/71 2061/87/72
f 2096/132/13 2100/136/13 1992/133/49
f 2095/135/13 2099/138/13 2100/136/13
f 2094/137/13 2098/139/13 2099/138/13
f 2093/33/13 2097/13/13 2098/139/13
f 2092/140/13 2096/132/13 1991/134/41
f 2091/142/13 2095/135/13 2096/132/13
f 2090/143/13 2094/137/13 2095/135/13
f 2089/31/13 2093/33/13 2094/137/13
f 2088/144/13 2092/140/13 1990/141/41
f 2087/146/13 2091/142/13 2092/140/13
f 2086/147/13 2090/143/13 2091/142/13
f 2085/28/13 2089/31/13 2090/143/13
f 1983/148/81 2056/150/94 2088/144/13
f 2055/149/95 2087/146/13 2088/144/13
f 2054/151/95 2086/147/13 2087/146/13
f 2053/29/26 2085/28/13 2086/147/13
f 2080/152/106 2084/155/109 2004/40/34
f 2079/154/108 2083/157/111 2084/155/109
f 2079/154/108 2078/158/112 2082/156/110
f 2078/158/112 2077/25/23 2081/16/128
f 2076/159/113 2080/152/106 2003/153/107
f 2076/159/113 2075/161/115 2079/154/108
f 2074/160/114 2078/158/112 2079/154/108
f 2074/160/114 2073/23/21 2077/25/23
f 2001/36/30 2072/162/116 2076/159/113
f 2072/162/116 2071/164/118 2075/161/115
f 2070/163/117 2074/160/114 2075/161/115
f 2069/20/18 2073/23/21 2074/160/114
f 1988/5/5 2060/165/119 2072/162/116
f 2060/165/119 2059/166/120 2071/164/118
f 2058/167/121 2070/163/117 2071/164/118
f 2057/21/19 2069/20/18 2070/163/117
f 2084/155/109 2065/168/122 1986/8/8
f 2083/157/111 2066/169/123 2065/168/122
f 2082/156/110 2067/170/124 2066/169/123
f 2082/156/110 2081/16/128 2068/18/17
f 2100/136/13 2061/172/72 1981/171/53
f 2099/138/13 2062/173/105 2061/172/72
f 2098/139/13 2063/174/105 2062/173/105
f 2097/13/13 2064/15/15 2063/174/105
f 1986/8/8 2065/175/122 2113/119/97
f 2065/175/122 2066/176/123 2114/121/99
f 2066/176/123 2067/188/124 2115/177/125
f 2115/177/125 2067/188/124 2068/178/17
f 1984/2/2 2057/179/19 2129/104/85
f 2057/179/19 2058/181/121 2130/180/126
f 2058/181/121 2059/186/120 2131/107/131
f 2131/107/131 2059/186/120 2060/182/119
f 2201/1/1 2148/48/20 2136/2/2
f 2284/4/4 2212/182/119 2140/5/5
f 2185/7/7 2156/40/34 2138/8/8
f 2268/10/10 2220/178/17 2134/11/11
f 2249/13/13 2149/70/57 2137/14/14
f 2233/16/16 2145/26/24 2134/17/11
f 2136/19/2 2148/22/20 2221/20/18
f 2148/22/20 2147/24/22 2225/23/21
f 2225/23/21 2147/24/22 2146/189/37
f 2229/25/23 2146/189/37 2145/26/24
f 2139/27/25 2152/30/27 2237/28/13
f 2152/30/27 2151/32/28 2241/31/13
f 2151/32/28 2150/34/28 2245/33/13
f 2150/34/28 2149/70/57 2249/13/13
f 2140/5/5 2153/36/30 2173/35/29
f 2153/36/30 2154/38/32 2177/37/31
f 2177/37/31 2154/38/32 2155/153/107
f 2181/39/33 2155/153/107 2156/40/34
f 2134/41/11 2145/44/24 2189/42/35
f 2145/44/24 2146/46/37 2193/45/36
f 2146/46/37 2147/187/22 2197/47/38
f 2197/47/38 2147/187/22 2148/48/20
f 2200/49/39 2204/53/43 2141/50/40
f 2200/49/39 2199/55/44 2203/52/42
f 2198/54/44 2202/56/45 2203/52/42
f 2198/54/44 2197/47/38 2201/1/1
f 2196/57/46 2200/49/39 2142/51/41
f 2195/59/47 2199/55/44 2200/49/39
f 2194/60/47 2198/54/44 2199/55/44
f 2193/45/36 2197/47/38 2198/54/44
f 2192/61/48 2196/57/46 2143/58/41
f 2191/63/50 2195/59/47 2196/57/46
f 2191/63/50 2190/64/51 2194/60/47
f 2189/42/35 2193/45/36 2194/60/47
f 2157/65/129 2192/61/48 2144/62/49
f 2158/67/54 2191/63/50 2192/61/48
f 2159/68/55 2190/64/51 2191/63/50
f 2160/43/12 2189/42/35 2190/64/51
f 2184/69/56 2188/72/59 2149/70/57
f 2184/69/56 2183/74/60 2187/71/58
f 2182/73/60 2186/75/61 2187/71/58
f 2182/73/60 2181/39/33 2185/7/7
f 2180/76/62 2184/69/56 2150/34/28
f 2179/77/63 2183/74/60 2184/69/56
f 2178/78/64 2182/73/60 2183/74/60
f 2177/37/31 2181/39/33 2182/73/60
f 2176/79/65 2180/76/62 2151/32/28
f 2175/80/66 2179/77/63 2180/76/62
f 2175/80/66 2174/81/67 2178/78/64
f 2173/35/29 2177/37/31 2178/78/64
f 2139/27/25 2168/82/68 2176/79/65
f 2167/83/69 2175/80/66 2176/79/65
f 2166/84/70 2174/81/67 2175/80/66
f 2165/6/6 2173/35/29 2174/81/67
f 2256/85/71 2157/89/129 2133/86/53
f 2256/85/71 2260/91/74 2158/88/54
f 2264/90/73 2159/92/55 2158/88/54
f 2268/10/10 2160/12/12 2159/92/55
f 2188/72/59 2172/94/76 2137/14/14
f 2188/72/59 2187/71/58 2171/93/75
f 2186/75/61 2170/95/77 2171/93/75
f 2185/7/7 2169/9/9 2170/95/77
f 2205/97/26 2272/96/78 2168/82/68
f 2272/96/78 2276/99/80 2167/83/69
f 2280/98/79 2166/84/70 2167/83/69
f 2284/4/4 2165/6/6 2166/84/70
f 2204/53/43 2164/102/83 2135/100/81
f 2204/53/43 2203/52/42 2163/101/82
f 2202/56/45 2162/103/84 2163/101/82
f 2201/1/1 2161/3/3 2162/103/84
f 2161/3/3 2281/104/85 2277/105/86
f 2281/104/85 2282/180/126 2278/106/87
f 2278/106/87 2282/180/126 2283/107/88
f 2279/108/89 2283/107/88 2284/4/4
f 2162/103/84 2277/105/86 2273/109/90
f 2273/109/90 2277/105/86 2278/106/87
f 2274/110/87 2278/106/87 2279/108/89
f 2279/108/89 2280/98/79 2276/99/80
f 2163/101/82 2273/109/90 2269/112/130
f 2273/109/90 2274/110/87 2270/113/92
f 2270/113/92 2274/110/87 2275/111/89
f 2271/114/93 2275/111/89 2276/99/80
f 2135/100/81 2164/102/83 2269/112/130
f 2208/115/94 2269/112/130 2270/113/92
f 2207/116/95 2270/113/92 2271/114/93
f 2206/117/95 2271/114/93 2272/96/78
f 2169/9/9 2265/119/97 2261/118/96
f 2265/119/97 2266/121/99 2262/120/98
f 2266/121/99 2267/177/125 2263/122/100
f 2263/122/100 2267/177/125 2268/10/10
f 2170/95/77 2261/118/96 2257/123/101
f 2257/123/101 2261/118/96 2262/120/98
f 2262/120/98 2263/122/100 2259/125/100
f 2263/122/100 2264/90/73 2260/91/74
f 2171/93/75 2257/123/101 2253/126/102
f 2257/123/101 2258/124/98 2254/127/103
f 2258/124/98 2259/125/100 2255/128/104
f 2255/128/104 2259/125/100 2260/91/74
f 2172/94/76 2253/126/102 2216/129/15
f 2253/126/102 2254/127/103 2215/130/105
f 2254/127/103 2255/128/104 2214/131/105
f 2255/128/104 2256/85/71 2213/87/72
f 2248/132/13 2252/136/13 2144/133/49
f 2247/135/13 2251/138/13 2252/136/13
f 2246/137/13 2250/139/13 2251/138/13
f 2245/33/13 2249/13/13 2250/139/13
f 2244/140/13 2248/132/13 2143/134/41
f 2243/142/13 2247/135/13 2248/132/13
f 2242/143/13 2246/137/13 2247/135/13
f 2241/31/13 2245/33/13 2246/137/13
f 2240/144/13 2244/140/13 2142/141/41
f 2239/146/13 2243/142/13 2244/140/13
f 2238/147/13 2242/143/13 2243/142/13
f 2237/28/13 2241/31/13 2242/143/13
f 2135/148/81 2208/150/94 2240/144/13
f 2207/149/95 2239/146/13 2240/144/13
f 2206/151/95 2238/147/13 2239/146/13
f 2205/29/26 2237/28/13 2238/147/13
f 2232/152/106 2236/155/109 2156/40/34
f 2231/154/108 2235/157/111 2236/155/109
f 2231/154/108 2230/158/112 2234/156/110
f 2230/158/112 2229/25/23 2233/16/16
f 2228/159/113 2232/152/106 2155/153/107
f 2228/159/113 2227/161/115 2231/154/108
f 2226/160/114 2230/158/112 2231/154/108
f 2226/160/114 2225/23/21 2229/25/23
f 2153/36/30 2224/162/116 2228/159/113
f 2224/162/116 2223/164/118 2227/161/115
f 2222/163/117 2226/160/114 2227/161/115
f 2221/20/18 2225/23/21 2226/160/114
f 2140/5/5 2212/165/119 2224/162/116
f 2212/165/119 2211/166/120 2223/164/118
f 2210/167/121 2222/163/117 2223/164/118
f 2209/21/19 2221/20/18 2222/163/117
f 2236/155/109 2217/168/122 2138/8/8
f 2235/157/111 2218/169/123 2217/168/122
f 2234/156/110 2219/170/124 2218/169/123
f 2234/156/110 2233/16/16 2220/18/17
f 2252/136/13 2213/172/72 2133/171/53
f 2251/138/13 2214/173/105 2213/172/72
f 2250/139/13 2215/174/105 2214/173/105
f 2249/13/13 2216/15/15 2215/174/105
f 2138/8/8 2217/175/122 2265/119/97
f 2217/175/122 2218/176/123 2266/121/99
f 2218/176/123 2219/188/124 2267/177/125
f 2267/177/125 2219/188/124 2220/178/17
f 2136/2/2 2209/179/19 2281/104/85
f 2209/179/19 2210/181/121 2282/180/126
f 2210/181/121 2211/186/120 2283/107/88
f 2283/107/88 2211/186/120 2212/182/119
f 2353/1/1 2300/48/20 2288/2/2
f 2436/4/4 2364/182/119 2292/5/5
f 2337/7/7 2308/40/34 2290/8/8
f 2420/10/10 2372/178/17 2286/11/11
f 2401/13/13 2301/70/57 2289/14/14
f 2385/16/16 2297/26/24 2286/17/11
f 2288/19/2 2300/22/20 2373/20/18
f 2300/22/20 2299/24/22 2377/23/21
f 2377/23/21 2299/24/22 2298/189/37
f 2381/25/23 2298/189/37 2297/26/24
f 2291/27/25 2304/30/27 2389/28/13
f 2304/30/27 2303/32/28 2393/31/13
f 2303/32/28 2302/34/28 2397/33/13
f 2302/34/28 2301/70/57 2401/13/13
f 2292/5/5 2305/36/30 2325/35/29
f 2305/36/30 2306/38/32 2329/37/31
f 2329/37/31 2306/38/32 2307/153/107
f 2333/39/33 2307/153/107 2308/40/34
f 2286/41/11 2297/44/24 2341/42/35
f 2297/44/24 2298/46/37 2345/45/36
f 2298/46/37 2299/187/22 2349/47/38
f 2349/47/38 2299/187/22 2300/48/20
f 2352/49/39 2356/53/43 2293/50/40
f 2352/49/39 2351/55/44 2355/52/42
f 2350/54/44 2354/56/45 2355/52/42
f 2350/54/44 2349/47/38 2353/1/1
f 2348/57/136 2352/49/39 2294/51/41
f 2347/59/47 2351/55/44 2352/49/39
f 2346/60/47 2350/54/44 2351/55/44
f 2345/45/36 2349/47/38 2350/54/44
f 2344/61/48 2348/57/136 2295/58/41
f 2343/63/50 2347/59/47 2348/57/136
f 2343/63/50 2342/64/51 2346/60/47
f 2341/42/35 2345/45/36 2346/60/47
f 2309/65/129 2344/61/48 2296/62/49
f 2310/67/54 2343/63/50 2344/61/48
f 2311/68/55 2342/64/51 2343/63/50
f 2312/43/12 2341/42/35 2342/64/51
f 2336/69/56 2340/72/59 2301/70/57
f 2336/69/56 2335/74/60 2339/71/58
f 2334/73/60 2338/75/61 2339/71/58
f 2334/73/60 2333/39/33 2337/7/7
f 2332/76/62 2336/69/56 2302/34/28
f 2331/77/63 2335/74/60 2336/69/56
f 2330/78/64 2334/73/60 2335/74/60
f 2329/37/31 2333/39/33 2334/73/60
f 2328/79/65 2332/76/62 2303/32/28
f 2327/80/66 2331/77/63 2332/76/62
f 2327/80/66 2326/81/67 2330/78/64
f 2325/35/29 2329/37/31 2330/78/64
f 2291/27/25 2320/82/68 2328/79/65
f 2319/83/69 2327/80/66 2328/79/65
f 2318/84/70 2326/81/67 2327/80/66
f 2317/6/6 2325/35/29 2326/81/67
f 2408/85/71 2309/89/129 2285/86/53
f 2408/85/71 2412/91/74 2310/88/54
f 2416/90/73 2311/92/55 2310/88/54
f 2420/10/10 2312/12/12 2311/92/55
f 2340/72/59 2324/94/76 2289/14/14
f 2340/72/59 2339/71/58 2323/93/75
f 2338/75/61 2322/95/77 2323/93/75
f 2337/7/7 2321/9/9 2322/95/77
f 2357/97/26 2424/96/78 2320/82/68
f 2424/96/78 2428/99/80 2319/83/69
f 2432/98/79 2318/84/70 2319/83/69
f 2436/4/4 2317/6/6 2318/84/70
f 2356/53/43 2316/102/83 2287/100/81
f 2356/53/43 2355/52/42 2315/101/82
f 2354/56/45 2314/103/84 2315/101/82
f 2353/1/1 2313/3/3 2314/103/84
f 2313/3/3 2433/104/85 2429/105/86
f 2433/104/85 2434/180/126 2430/106/87
f 2430/106/87 2434/180/126 2435/107/88
f 2431/108/89 2435/107/88 2436/4/4
f 2314/103/84 2429/105/86 2425/109/90
f 2425/109/90 2429/105/86 2430/106/87
f 2426/110/87 2430/106/87 2431/108/89
f 2431/108/89 2432/98/79 2428/99/80
f 2315/101/82 2425/109/90 2421/112/91
f 2425/109/90 2426/110/87 2422/113/92
f 2422/113/92 2426/110/87 2427/111/89
f 2423/114/93 2427/111/89 2428/99/80
f 2316/102/83 2421/112/91 2360/115/94
f 2360/115/94 2421/112/91 2422/113/92
f 2359/116/95 2422/113/92 2423/114/93
f 2358/117/95 2423/114/93 2424/96/78
f 2321/9/9 2417/119/97 2413/118/96
f 2417/119/97 2418/121/99 2414/120/98
f 2418/121/99 2419/177/125 2415/122/100
f 2415/122/100 2419/177/125 2420/10/10
f 2322/95/77 2413/118/96 2409/123/101
f 2409/123/101 2413/118/96 2414/120/98
f 2414/120/98 2415/122/100 2411/125/100
f 2415/122/100 2416/90/73 2412/91/74
f 2323/93/75 2409/123/101 2405/126/102
f 2409/123/101 2410/124/98 2406/127/103
f 2410/124/98 2411/125/100 2407/128/104
f 2407/128/104 2411/125/100 2412/91/74
f 2324/94/76 2405/126/102 2368/129/15
f 2405/126/102 2406/127/103 2367/130/105
f 2406/127/103 2407/128/104 2366/131/105
f 2407/128/104 2408/85/71 2365/87/72
f 2400/132/13 2404/136/13 2296/133/49
f 2399/135/13 2403/138/13 2404/136/13
f 2398/137/13 2402/139/13 2403/138/13
f 2397/33/13 2401/13/13 2402/139/13
f 2396/140/13 2400/132/13 2295/134/41
f 2395/142/13 2399/135/13 2400/132/13
f 2394/143/13 2398/137/13 2399/135/13
f 2393/31/13 2397/33/13 2398/137/13
f 2392/144/13 2396/140/13 2294/141/41
f 2391/146/13 2395/142/13 2396/140/13
f 2390/147/13 2394/143/13 2395/142/13
f 2389/28/13 2393/31/13 2394/143/13
f 2287/148/81 2360/150/94 2392/144/13
f 2359/149/95 2391/146/13 2392/144/13
f 2358/151/95 2390/147/13 2391/146/13
f 2357/29/26 2389/28/13 2390/147/13
f 2384/152/106 2388/155/109 2308/40/34
f 2383/154/108 2387/157/111 2388/155/109
f 2383/154/108 2382/158/112 2386/156/110
f 2382/158/112 2381/25/23 2385/16/16
f 2380/159/113 2384/152/106 2307/153/107
f 2380/159/113 2379/161/115 2383/154/108
f 2378/160/114 2382/158/112 2383/154/108
f 2378/160/114 2377/23/21 2381/25/23
f 2305/36/30 2376/162/116 2380/159/113
f 2376/162/116 2375/164/118 2379/161/115
f 2374/163/117 2378/160/114 2379/161/115
f 2373/20/18 2377/23/21 2378/160/114
f 2292/5/5 2364/165/119 2376/162/116
f 2364/165/119 2363/166/120 2375/164/118
f 2362/167/121 2374/163/117 2375/164/118
f 2361/21/19 2373/20/18 2374/163/117
f 2388/155/109 2369/168/122 2290/8/8
f 2387/157/111 2370/169/123 2369/168/122
f 2386/156/110 2371/170/124 2370/169/123
f 2386/156/110 2385/16/16 2372/18/17
f 2404/136/13 2365/172/72 2285/171/53
f 2403/138/13 2366/173/105 2365/172/72
f 2402/139/13 2367/174/105 2366/173/105
f 2401/13/13 2368/15/15 2367/174/105
f 2290/8/8 2369/175/122 2417/119/97
f 2369/175/122 2370/176/123 2418/121/99
f 2370/176/123 2371/188/124 2419/177/125
f 2419/177/125 2371/188/124 2372/178/17
f 2288/2/2 2361/179/19 2433/104/85
f 2361/179/19 2362/181/121 2434/180/126
f 2362/181/121 2363/186/120 2435/107/88
f 2435/107/88 2363/186/120 2364/182/119
f 2505/1/1 2452/48/20 2440/2/2
f 2588/4/4 2516/182/119 2444/5/5
f 2489/7/7 2460/40/34 2442/8/8
f 2572/10/10 2524/178/17 2438/11/11
f 2553/13/13 2453/70/57 2441/14/14
f 2537/16/128 2449/26/24 2438/17/11
f 2440/19/2 2452/22/20 2525/20/18
f 2452/22/20 2451/24/22 2529/23/21
f 2451/24/22 2450/189/37 2533/25/23
f 2533/25/23 2450/189/37 2449/26/24
f 2443/27/25 2456/30/27 2541/28/13
f 2456/30/27 2455/32/28 2545/31/13
f 2455/32/28 2454/34/28 2549/33/13
f 2454/34/28 2453/70/57 2553/13/13
f 2444/5/5 2457/36/30 2477/35/29
f 2457/36/30 2458/38/32 2481/37/31
f 2458/38/32 2459/153/107 2485/39/33
f 2485/39/33 2459/153/107 2460/40/34
f 2438/41/11 2449/44/24 2493/42/35
f 2449/44/24 2450/46/37 2497/45/36
f 2450/46/37 2451/187/22 2501/47/38
f 2501/47/38 2451/187/22 2452/48/20
f 2504/49/39 2508/53/43 2445/50/40
f 2504/49/39 2503/55/44 2507/52/42
f 2502/54/44 2506/56/45 2507/52/42
f 2502/54/44 2501/47/38 2505/1/1
f 2500/57/46 2504/49/39 2446/51/41
f 2499/59/47 2503/55/44 2504/49/39
f 2498/60/47 2502/54/44 2503/55/44
f 2497/45/36 2501/47/38 2502/54/44
f 2496/61/48 2500/57/46 2447/58/41
f 2495/63/50 2499/59/47 2500/57/46
f 2495/63/50 2494/64/51 2498/60/47
f 2493/42/35 2497/45/36 2498/60/47
f 2461/65/129 2496/61/48 2448/62/49
f 2462/67/54 2495/63/50 2496/61/48
f 2463/68/55 2494/64/51 2495/63/50
f 2464/43/12 2493/42/35 2494/64/51
f 2488/69/56 2492/72/59 2453/70/57
f 2488/69/56 2487/74/60 2491/71/58
f 2486/73/60 2490/75/61 2491/71/58
f 2486/73/60 2485/39/33 2489/7/7
f 2484/76/62 2488/69/56 2454/34/28
f 2483/77/63 2487/74/60 2488/69/56
f 2482/78/64 2486/73/60 2487/74/60
f 2481/37/31 2485/39/33 2486/73/60
f 2480/79/65 2484/76/62 2455/32/28
f 2479/80/66 2483/77/63 2484/76/62
f 2479/80/66 2478/81/67 2482/78/64
f 2477/35/29 2481/37/31 2482/78/64
f 2443/27/25 2472/82/68 2480/79/65
f 2471/83/69 2479/80/66 2480/79/65
f 2470/84/70 2478/81/67 2479/80/66
f 2469/6/6 2477/35/29 2478/81/67
f 2560/85/71 2461/89/129 2437/86/53
f 2560/85/71 2564/91/74 2462/88/54
f 2568/90/73 2463/92/55 2462/88/54
f 2572/10/10 2464/12/12 2463/92/55
f 2492/72/59 2476/94/76 2441/14/14
f 2492/72/59 2491/71/58 2475/93/75
f 2490/75/61 2474/95/77 2475/93/75
f 2489/7/7 2473/9/9 2474/95/77
f 2509/97/26 2576/96/78 2472/82/68
f 2576/96/78 2580/99/80 2471/83/69
f 2584/98/79 2470/84/70 2471/83/69
f 2588/4/4 2469/6/6 2470/84/70
f 2508/53/43 2468/102/83 2439/100/81
f 2508/53/43 2507/52/42 2467/101/132
f 2506/56/45 2466/103/84 2467/101/132
f 2505/1/1 2465/3/3 2466/103/84
f 2466/103/84 2465/3/3 2585/104/85
f 2585/104/85 2586/180/126 2582/106/87
f 2582/106/87 2586/180/126 2587/107/131
f 2583/108/89 2587/107/131 2588/4/4
f 2467/101/132 2466/103/84 2581/105/86
f 2577/109/90 2581/105/86 2582/106/87
f 2582/106/87 2583/108/89 2579/111/89
f 2583/108/89 2584/98/79 2580/99/80
f 2467/101/132 2577/109/90 2573/112/91
f 2577/109/90 2578/110/87 2574/113/92
f 2578/110/87 2579/111/89 2575/114/93
f 2575/114/93 2579/111/89 2580/99/80
f 2468/102/83 2573/112/91 2512/115/94
f 2512/115/94 2573/112/91 2574/113/92
f 2511/116/95 2574/113/92 2575/114/93
f 2510/117/95 2575/114/93 2576/96/78
f 2473/9/9 2569/119/97 2565/118/96
f 2569/119/97 2570/121/99 2566/120/98
f 2570/121/99 2571/177/125 2567/122/100
f 2567/122/100 2571/177/125 2572/10/10
f 2474/95/77 2565/118/96 2561/123/101
f 2561/123/101 2565/118/96 2566/120/98
f 2566/120/98 2567/122/100 2563/125/100
f 2567/122/100 2568/90/73 2564/91/74
f 2475/93/75 2561/123/101 2557/126/102
f 2561/123/101 2562/124/98 2558/127/103
f 2562/124/98 2563/125/100 2559/128/104
f 2559/128/104 2563/125/100 2564/91/74
f 2476/94/76 2557/126/102 2520/129/15
f 2557/126/102 2558/127/103 2519/130/105
f 2558/127/103 2559/128/104 2518/131/105
f 2559/128/104 2560/85/71 2517/87/72
f 2552/132/13 2556/136/13 2448/133/49
f 2551/135/13 2555/138/13 2556/136/13
f 2550/137/13 2554/139/13 2555/138/13
f 2549/33/13 2553/13/13 2554/139/13
f 2548/140/13 2552/132/13 2447/134/41
f 2547/142/13 2551/135/13 2552/132/13
f 2546/143/13 2550/137/13 2551/135/13
f 2545/31/13 2549/33/13 2550/137/13
f 2544/144/13 2548/140/13 2446/141/41
f 2543/146/13 2547/142/13 2548/140/13
f 2542/147/13 2546/143/13 2547/142/13
f 2541/28/13 2545/31/13 2546/143/13
f 2439/148/81 2512/150/94 2544/144/13
f 2511/149/95 2543/146/13 2544/144/13
f 2510/151/95 2542/147/13 2543/146/13
f 2509/29/26 2541/28/13 2542/147/13
f 2536/152/106 2540/155/109 2460/40/34
f 2535/154/108 2539/157/111 2540/155/109
f 2535/154/108 2534/158/112 2538/156/110
f 2534/158/112 2533/25/23 2537/16/128
f 2532/159/113 2536/152/106 2459/153/107
f 2532/159/113 2531/161/115 2535/154/108
f 2530/160/114 2534/158/112 2535/154/108
f 2530/160/114 2529/23/21 2533/25/23
f 2457/36/30 2528/162/116 2532/159/113
f 2528/162/116 2527/164/118 2531/161/115
f 2526/163/117 2530/160/114 2531/161/115
f 2525/20/18 2529/23/21 2530/160/114
f 2444/5/5 2516/165/119 2528/162/116
f 2516/165/119 2515/166/120 2527/164/118
f 2514/167/121 2526/163/117 2527/164/118
f 2513/21/19 2525/20/18 2526/163/117
f 2540/155/109 2521/168/122 2442/8/8
f 2539/157/111 2522/169/123 2521/168/122
f 2539/157/111 2538/156/110 2523/170/124
f 2538/156/110 2537/16/128 2524/18/17
f 2556/136/13 2517/172/72 2437/171/53
f 2555/138/13 2518/173/105 2517/172/72
f 2554/139/13 2519/174/105 2518/173/105
f 2553/13/13 2520/15/15 2519/174/105
f 2442/8/8 2521/175/122 2569/119/97
f 2521/175/122 2522/176/123 2570/121/99
f 2522/176/123 2523/188/124 2571/177/125
f 2571/177/125 2523/188/124 2524/178/17
f 2440/2/2 2513/179/19 2585/104/85
f 2513/179/19 2514/181/121 2586/180/126
f 2586/180/126 2514/181/121 2515/186/120
f 2587/107/131 2515/186/120 2516/182/119
f 2657/1/1 2604/48/20 2592/2/2
f 2740/4/4 2668/182/119 2596/5/5
f 2641/7/7 2612/40/34 2594/8/8
f 2724/10/10 2676/178/17 2590/11/11
f 2705/13/13 2605/70/57 2593/14/14
f 2689/16/128 2601/26/24 2590/17/11
f 2592/19/2 2604/22/20 2677/20/18
f 2604/22/20 2603/24/22 2681/23/21
f 2603/24/22 2602/189/37 2685/25/23
f 2685/25/23 2602/189/37 2601/26/24
f 2595/27/25 2608/30/27 2693/28/13
f 2608/30/27 2607/32/28 2697/31/13
f 2607/32/28 2606/34/28 2701/33/13
f 2606/34/28 2605/70/57 2705/13/13
f 2596/5/5 2609/36/30 2629/35/29
f 2609/36/30 2610/38/32 2633/37/31
f 2610/38/32 2611/153/107 2637/39/33
f 2637/39/33 2611/153/107 2612/40/34
f 2590/41/11 2601/44/24 2645/42/35
f 2601/44/24 2602/46/37 2649/45/36
f 2602/46/37 2603/187/22 2653/47/38
f 2653/47/38 2603/187/22 2604/48/20
f 2656/49/39 2660/53/43 2597/50/40
f 2656/49/39 2655/55/44 2659/52/42
f 2654/54/44 2658/56/45 2659/52/42
f 2654/54/44 2653/47/38 2657/1/1
f 2652/57/46 2656/49/39 2598/51/41
f 2651/59/47 2655/55/44 2656/49/39
f 2650/60/47 2654/54/44 2655/55/44
f 2649/45/36 2653/47/38 2654/54/44
f 2648/61/48 2652/57/46 2599/58/41
f 2647/63/50 2651/59/47 2652/57/46
f 2647/63/50 2646/64/51 2650/60/47
f 2645/42/35 2649/45/36 2650/60/47
f 2613/65/129 2648/61/48 2600/62/49
f 2614/67/54 2647/63/50 2648/61/48
f 2615/68/55 2646/64/51 2647/63/50
f 2616/43/12 2645/42/35 2646/64/51
f 2640/69/56 2644/72/59 2605/70/57
f 2640/69/56 2639/74/60 2643/71/58
f 2638/73/60 2642/75/61 2643/71/58
f 2638/73/60 2637/39/33 2641/7/7
f 2636/76/62 2640/69/56 2606/34/28
f 2635/77/63 2639/74/60 2640/69/56
f 2634/78/64 2638/73/60 2639/74/60
f 2633/37/31 2637/39/33 2638/73/60
f 2632/79/65 2636/76/62 2607/32/28
f 2631/80/66 2635/77/63 2636/76/62
f 2631/80/66 2630/81/67 2634/78/64
f 2629/35/29 2633/37/31 2634/78/64
f 2595/27/25 2624/82/68 2632/79/65
f 2623/83/69 2631/80/66 2632/79/65
f 2622/84/70 2630/81/67 2631/80/66
f 2621/6/6 2629/35/29 2630/81/67
f 2712/85/71 2613/89/129 2589/86/53
f 2712/85/71 2716/91/74 2614/88/54
f 2720/90/73 2615/92/55 2614/88/54
f 2724/10/10 2616/12/12 2615/92/55
f 2644/72/59 2628/94/76 2593/14/14
f 2644/72/59 2643/71/58 2627/93/75
f 2642/75/61 2626/95/77 2627/93/75
f 2641/7/7 2625/9/9 2626/95/77
f 2661/97/26 2728/96/78 2624/82/68
f 2728/96/78 2732/99/80 2623/83/69
f 2736/98/79 2622/84/70 2623/83/69
f 2740/4/4 2621/6/6 2622/84/70
f 2597/50/40 2660/53/43 2620/102/83
f 2660/53/43 2659/52/42 2619/101/132
f 2658/56/45 2618/103/84 2619/101/132
f 2657/1/1 2617/3/3 2618/103/84
f 2618/103/84 2617/3/3 2737/104/85
f 2737/104/85 2738/180/126 2734/106/87
f 2734/106/87 2738/180/126 2739/107/88
f 2735/108/89 2739/107/88 2740/4/4
f 2619/101/132 2618/103/84 2733/105/86
f 2729/109/90 2733/105/86 2734/106/87
f 2734/106/87 2735/108/89 2731/111/89
f 2735/108/89 2736/98/79 2732/99/80
f 2619/101/132 2729/109/90 2725/112/130
f 2729/109/90 2730/110/87 2726/113/92
f 2730/110/87 2731/111/89 2727/114/93
f 2727/114/93 2731/111/89 2732/99/80
f 2591/100/81 2620/102/83 2725/112/130
f 2664/115/94 2725/112/130 2726/113/92
f 2663/116/95 2726/113/92 2727/114/93
f 2662/117/95 2727/114/93 2728/96/78
f 2625/9/9 2721/119/97 2717/118/96
f 2721/119/97 2722/121/99 2718/120/98
f 2722/121/99 2723/177/125 2719/122/100
f 2719/122/100 2723/177/125 2724/10/10
f 2626/95/77 2717/118/96 2713/123/101
f 2713/123/101 2717/118/96 2718/120/98
f 2718/120/98 2719/122/100 2715/125/100
f 2719/122/100 2720/90/73 2716/91/74
f 2627/93/75 2713/123/101 2709/126/102
f 2713/123/101 2714/124/98 2710/127/103
f 2714/124/98 2715/125/100 2711/128/104
f 2711/128/104 2715/125/100 2716/91/74
f 2628/94/76 2709/126/102 2672/129/15
f 2709/126/102 2710/127/103 2671/130/105
f 2710/127/103 2711/128/104 2670/131/105
f 2711/128/104 2712/85/71 2669/87/72
f 2704/132/13 2708/136/13 2600/133/49
f 2703/135/13 2707/138/13 2708/136/13
f 2702/137/13 2706/139/13 2707/138/13
f 2701/33/13 2705/13/13 2706/139/13
f 2700/140/13 2704/132/13 2599/134/41
f 2699/142/13 2703/135/13 2704/132/13
f 2698/143/13 2702/137/13 2703/135/13
f 2697/31/13 2701/33/13 2702/137/13
f 2696/144/13 2700/140/13 2598/141/41
f 2695/146/13 2699/142/13 2700/140/13
f 2694/147/13 2698/143/13 2699/142/13
f 2693/28/13 2697/31/13 2698/143/13
f 2591/148/81 2664/150/94 2696/144/13
f 2663/149/95 2695/146/13 2696/144/13
f 2662/151/95 2694/147/13 2695/146/13
f 2661/29/26 2693/28/13 2694/147/13
f 2688/152/106 2692/155/109 2612/40/34
f 2687/154/108 2691/157/111 2692/155/109
f 2687/154/108 2686/158/112 2690/156/110
f 2686/158/112 2685/25/23 2689/16/128
f 2684/159/113 2688/152/106 2611/153/107
f 2684/159/113 2683/161/115 2687/154/108
f 2682/160/114 2686/158/112 2687/154/108
f 2682/160/114 2681/23/21 2685/25/23
f 2609/36/30 2680/162/116 2684/159/113
f 2680/162/116 2679/164/118 2683/161/115
f 2678/163/117 2682/160/114 2683/161/115
f 2677/20/18 2681/23/21 2682/160/114
f 2596/5/5 2668/165/119 2680/162/116
f 2668/165/119 2667/166/120 2679/164/118
f 2666/167/121 2678/163/117 2679/164/118
f 2665/21/19 2677/20/18 2678/163/117
f 2692/155/109 2673/168/122 2594/8/8
f 2691/157/111 2674/169/123 2673/168/122
f 2691/157/111 2690/156/110 2675/170/124
f 2690/156/110 2689/16/128 2676/18/17
f 2708/136/13 2669/172/72 2589/171/53
f 2707/138/13 2670/173/105 2669/172/72
f 2706/139/13 2671/174/105 2670/173/105
f 2705/13/13 2672/15/15 2671/174/105
f 2594/8/8 2673/175/122 2721/119/97
f 2673/175/122 2674/176/123 2722/121/99
f 2674/176/123 2675/188/124 2723/177/125
f 2723/177/125 2675/188/124 2676/178/17
f 2592/2/2 2665/179/19 2737/104/85
f 2665/179/19 2666/181/121 2738/180/126
f 2738/180/126 2666/181/121 2667/186/120
f 2739/107/88 2667/186/120 2668/182/119
f 2809/1/1 2756/48/20 2744/2/2
f 2892/4/4 2820/182/119 2748/5/5
f 2793/7/7 2764/40/34 2746/8/8
f 2876/10/10 2828/178/17 2742/11/11
f 2857/13/13 2757/70/57 2745/14/14
f 2841/16/16 2753/26/24 2742/17/11
f 2744/19/2 2756/22/20 2829/20/18
f 2756/22/20 2755/24/22 2833/23/21
f 2755/24/22 2754/189/37 2837/25/23
f 2837/25/23 2754/189/37 2753/26/24
f 2747/27/25 2760/30/27 2845/28/13
f 2760/30/27 2759/32/28 2849/31/13
f 2759/32/28 2758/34/28 2853/33/13
f 2758/34/28 2757/70/57 2857/13/13
f 2748/5/5 2761/36/30 2781/35/29
f 2761/36/30 2762/38/32 2785/37/31
f 2762/38/32 2763/153/107 2789/39/33
f 2789/39/33 2763/153/107 2764/40/34
f 2742/41/11 2753/44/24 2797/42/35
f 2753/44/24 2754/46/37 2801/45/36
f 2754/46/37 2755/187/22 2805/47/38
f 2805/47/38 2755/187/22 2756/48/20
f 2808/49/39 2812/53/43 2749/50/40
f 2808/49/39 2807/55/44 2811/52/42
f 2806/54/44 2810/56/45 2811/52/42
f 2806/54/44 2805/47/38 2809/1/1
f 2804/57/136 2808/49/39 2750/51/41
f 2803/59/47 2807/55/44 2808/49/39
f 2802/60/47 2806/54/44 2807/55/44
f 2801/45/36 2805/47/38 2806/54/44
f 2800/61/48 2804/57/136 2751/58/41
f 2799/63/50 2803/59/47 2804/57/136
f 2799/63/50 2798/64/51 2802/60/47
f 2797/42/35 2801/45/36 2802/60/47
f 2765/65/129 2800/61/48 2752/62/49
f 2766/67/54 2799/63/50 2800/61/48
f 2767/68/55 2798/64/51 2799/63/50
f 2768/43/12 2797/42/35 2798/64/51
f 2792/69/56 2796/72/59 2757/70/57
f 2792/69/56 2791/74/60 2795/71/58
f 2790/73/60 2794/75/61 2795/71/58
f 2790/73/60 2789/39/33 2793/7/7
f 2788/76/62 2792/69/56 2758/34/28
f 2787/77/63 2791/74/60 2792/69/56
f 2786/78/64 2790/73/60 2791/74/60
f 2785/37/31 2789/39/33 2790/73/60
f 2784/79/65 2788/76/62 2759/32/28
f 2783/80/66 2787/77/63 2788/76/62
f 2783/80/66 2782/81/67 2786/78/64
f 2781/35/29 2785/37/31 2786/78/64
f 2747/27/25 2776/82/68 2784/79/65
f 2775/83/69 2783/80/66 2784/79/65
f 2774/84/70 2782/81/67 2783/80/66
f 2773/6/6 2781/35/29 2782/81/67
f 2864/85/71 2765/89/129 2741/86/53
f 2864/85/71 2868/91/74 2766/88/54
f 2872/90/73 2767/92/55 2766/88/54
f 2876/10/10 2768/12/12 2767/92/55
f 2796/72/59 2780/94/76 2745/14/14
f 2796/72/59 2795/71/58 2779/93/75
f 2794/75/61 2778/95/77 2779/93/75
f 2793/7/7 2777/9/9 2778/95/77
f 2813/97/26 2880/96/78 2776/82/68
f 2880/96/78 2884/99/80 2775/83/69
f 2888/98/79 2774/84/70 2775/83/69
f 2892/4/4 2773/6/6 2774/84/70
f 2812/53/43 2772/102/83 2743/100/81
f 2812/53/43 2811/52/42 2771/101/82
f 2810/56/45 2770/103/84 2771/101/82
f 2809/1/1 2769/3/3 2770/103/84
f 2769/3/3 2889/104/85 2885/105/86
f 2889/104/85 2890/180/126 2886/106/87
f 2886/106/87 2890/180/126 2891/107/88
f 2887/108/89 2891/107/88 2892/4/4
f 2770/103/84 2885/105/86 2881/109/90
f 2881/109/90 2885/105/86 2886/106/87
f 2882/110/87 2886/106/87 2887/108/89
f 2887/108/89 2888/98/79 2884/99/80
f 2771/101/82 2881/109/90 2877/112/130
f 2881/109/90 2882/110/87 2878/113/92
f 2878/113/92 2882/110/87 2883/111/89
f 2879/114/93 2883/111/89 2884/99/80
f 2743/100/81 2772/102/83 2877/112/130
f 2816/115/94 2877/112/130 2878/113/92
f 2815/116/95 2878/113/92 2879/114/93
f 2814/117/95 2879/114/93 2880/96/78
f 2777/9/9 2873/119/97 2869/118/96
f 2873/119/97 2874/121/99 2870/120/98
f 2874/121/99 2875/177/125 2871/122/100
f 2871/122/100 2875/177/125 2876/10/10
f 2778/95/77 2869/118/96 2865/123/101
f 2865/123/101 2869/118/96 2870/120/98
f 2870/120/98 2871/122/100 2867/125/100
f 2871/122/100 2872/90/73 2868/91/74
f 2779/93/75 2865/123/101 2861/126/102
f 2865/123/101 2866/124/98 2862/127/103
f 2866/124/98 2867/125/100 2863/128/104
f 2863/128/104 2867/125/100 2868/91/74
f 2780/94/76 2861/126/102 2824/129/15
f 2861/126/102 2862/127/103 2823/130/105
f 2862/127/103 2863/128/104 2822/131/105
f 2863/128/104 2864/85/71 2821/87/72
f 2856/132/13 2860/136/13 2752/133/49
f 2855/135/13 2859/138/13 2860/136/13
f 2854/137/13 2858/139/13 2859/138/13
f 2853/33/13 2857/13/13 2858/139/13
f 2852/140/13 2856/132/13 2751/134/41
f 2851/142/13 2855/135/13 2856/132/13
f 2850/143/13 2854/137/13 2855/135/13
f 2849/31/13 2853/33/13 2854/137/13
f 2848/144/13 2852/140/13 2750/141/41
f 2847/146/13 2851/142/13 2852/140/13
f 2846/147/13 2850/143/13 2851/142/13
f 2845/28/13 2849/31/13 2850/143/13
f 2743/148/81 2816/150/94 2848/144/13
f 2815/149/95 2847/146/13 2848/144/13
f 2814/151/95 2846/147/13 2847/146/13
f 2813/29/26 2845/28/13 2846/147/13
f 2840/152/106 2844/155/109 2764/40/34
f 2839/154/108 2843/157/111 2844/155/109
f 2839/154/108 2838/158/112 2842/156/110
f 2838/158/112 2837/25/23 2841/16/16
f 2836/159/113 2840/152/106 2763/153/107
f 2836/159/113 2835/161/115 2839/154/108
f 2834/160/114 2838/158/112 2839/154/108
f 2834/160/114 2833/23/21 2837/25/23
f 2761/36/30 2832/162/116 2836/159/113
f 2832/162/116 2831/164/118 2835/161/115
f 2830/163/117 2834/160/114 2835/161/115
f 2829/20/18 2833/23/21 2834/160/114
f 2748/5/5 2820/165/119 2832/162/116
f 2820/165/119 2819/166/120 2831/164/118
f 2818/167/121 2830/163/117 2831/164/118
f 2817/21/19 2829/20/18 2830/163/117
f 2844/155/109 2825/168/122 2746/8/8
f 2843/157/111 2826/169/123 2825/168/122
f 2842/156/110 2827/170/124 2826/169/123
f 2842/156/110 2841/16/16 2828/18/17
f 2860/136/13 2821/172/72 2741/171/53
f 2859/138/13 2822/173/105 2821/172/72
f 2858/139/13 2823/174/105 2822/173/105
f 2857/13/13 2824/15/15 2823/174/105
f 2746/8/8 2825/175/122 2873/119/97
f 2825/175/122 2826/176/123 2874/121/99
f 2826/176/123 2827/188/124 2875/177/125
f 2875/177/125 2827/188/124 2828/178/17
f 2744/2/2 2817/179/19 2889/104/85
f 2817/179/19 2818/181/121 2890/180/126
f 2818/181/121 2819/186/120 2891/107/88
f 2891/107/88 2819/186/120 2820/182/119
f 2961/1/1 2908/48/20 2896/2/2
f 3044/4/4 2972/182/119 2900/5/5
f 2945/7/7 2916/40/34 2898/8/8
f 3028/10/10 2980/178/17 2894/11/11
f 3009/13/13 2909/70/57 2897/14/14
f 2993/16/128 2905/26/24 2894/17/11
f 2896/19/2 2908/22/20 2981/20/18
f 2908/22/20 2907/24/22 2985/23/21
f 2907/24/22 2906/189/37 2989/25/23
f 2989/25/23 2906/189/37 2905/26/24
f 2899/27/134 2912/30/27 2997/28/13
f 2912/30/27 2911/32/28 3001/31/13
f 2911/32/28 2910/34/28 3005/33/13
f 2910/34/28 2909/70/57 3009/13/13
f 2900/5/5 2913/36/30 2933/35/29
f 2913/36/30 2914/38/32 2937/37/31
f 2914/38/32 2915/153/107 2941/39/33
f 2941/39/33 2915/153/107 2916/40/34
f 2894/41/11 2905/44/24 2949/42/35
f 2905/44/24 2906/46/37 2953/45/36
f 2906/46/37 2907/187/22 2957/47/38
f 2957/47/38 2907/187/22 2908/48/20
f 2960/49/39 2964/53/43 2901/50/40
f 2960/49/39 2959/55/44 2963/52/42
f 2958/54/44 2962/56/45 2963/52/42
f 2958/54/44 2957/47/38 2961/1/1
f 2956/57/46 2960/49/39 2902/51/41
f 2955/59/47 2959/55/44 2960/49/39
f 2954/60/47 2958/54/44 2959/55/44
f 2953/45/36 2957/47/38 2958/54/44
f 2952/61/48 2956/57/46 2903/58/41
f 2951/63/50 2955/59/47 2956/57/46
f 2951/63/50 2950/64/51 2954/60/47
f 2949/42/35 2953/45/36 2954/60/47
f 2917/65/129 2952/61/48 2904/62/49
f 2918/67/54 2951/63/50 2952/61/48
f 2919/68/55 2950/64/51 2951/63/50
f 2920/43/12 2949/42/35 2950/64/51
f 2944/69/56 2948/72/59 2909/70/57
f 2944/69/56 2943/74/60 2947/71/58
f 2942/73/60 2946/75/61 2947/71/58
f 2942/73/60 2941/39/33 2945/7/7
f 2940/76/62 2944/69/56 2910/34/28
f 2939/77/63 2943/74/60 2944/69/56
f 2938/78/64 2942/73/60 2943/74/60
f 2937/37/31 2941/39/33 2942/73/60
f 2936/79/65 2940/76/62 2911/32/28
f 2935/80/66 2939/77/63 2940/76/62
f 2935/80/66 2934/81/67 2938/78/64
f 2933/35/29 2937/37/31 2938/78/64
f 2928/82/68 2936/79/65 2912/30/27
f 2927/83/69 2935/80/66 2936/79/65
f 2926/84/70 2934/81/67 2935/80/66
f 2925/6/6 2933/35/29 2934/81/67
f 3016/85/71 2917/89/129 2893/86/53
f 3016/85/71 3020/91/74 2918/88/54
f 3024/90/73 2919/92/55 2918/88/54
f 3028/10/10 2920/12/12 2919/92/55
f 2948/72/59 2932/94/76 2897/14/14
f 2948/72/59 2947/71/58 2931/93/75
f 2946/75/61 2930/95/77 2931/93/75
f 2945/7/7 2929/9/9 2930/95/77
f 2965/97/26 3032/96/78 2928/82/68
f 3032/96/78 3036/99/80 2927/83/69
f 3040/98/79 2926/84/70 2927/83/69
f 3044/4/4 2925/6/6 2926/84/70
f 2964/53/43 2924/102/83 2895/100/81
f 2964/53/43 2963/52/42 2923/101/82
f 2962/56/45 2922/103/84 2923/101/82
f 2961/1/1 2921/3/3 2922/103/84
f 2921/3/3 3041/104/85 3037/105/86
f 3041/104/85 3042/180/126 3038/106/87
f 3038/106/87 3042/180/126 3043/107/88
f 3039/108/89 3043/107/88 3044/4/4
f 2922/103/84 3037/105/86 3033/109/90
f 3033/109/90 3037/105/86 3038/106/87
f 3038/106/87 3039/108/89 3035/111/89
f 3039/108/89 3040/98/79 3036/99/80
f 2923/101/82 3033/109/90 3029/112/91
f 3033/109/90 3034/110/87 3030/113/92
f 3034/110/87 3035/111/89 3031/114/93
f 3031/114/93 3035/111/89 3036/99/80
f 2924/102/83 3029/112/91 2968/115/94
f 3029/112/91 3030/113/92 2967/116/95
f 2967/116/95 3030/113/92 3031/114/93
f 2966/117/95 3031/114/93 3032/96/78
f 2929/9/9 3025/119/97 3021/118/96
f 3025/119/97 3026/121/99 3022/120/98
f 3026/121/99 3027/177/125 3023/122/100
f 3023/122/100 3027/177/125 3028/10/10
f 2930/95/77 3021/118/96 3017/123/101
f 3017/123/101 3021/118/96 3022/120/98
f 3022/120/98 3023/122/100 3019/125/100
f 3023/122/100 3024/90/73 3020/91/74
f 2931/93/75 3017/123/101 3013/126/102
f 3017/123/101 3018/124/98 3014/127/103
f 3018/124/98 3019/125/100 3015/128/104
f 3015/128/104 3019/125/100 3020/91/74
f 2932/94/76 3013/126/102 2976/129/15
f 3013/126/102 3014/127/103 2975/130/105
f 3014/127/103 3015/128/104 2974/131/105
f 3015/128/104 3016/85/71 2973/87/72
f 3008/132/13 3012/136/13 2904/133/49
f 3007/135/13 3011/138/13 3012/136/13
f 3006/137/13 3010/139/13 3011/138/13
f 3005/33/13 3009/13/13 3010/139/13
f 3004/140/13 3008/132/13 2903/134/41
f 3003/142/13 3007/135/13 3008/132/13
f 3002/143/13 3006/137/13 3007/135/13
f 3001/31/13 3005/33/13 3006/137/13
f 3000/144/13 3004/140/13 2902/141/41
f 2999/146/13 3003/142/13 3004/140/13
f 2998/147/13 3002/143/13 3003/142/13
f 2997/28/13 3001/31/13 3002/143/13
f 2895/148/81 2968/150/94 3000/144/13
f 2967/149/95 2999/146/13 3000/144/13
f 2966/151/95 2998/147/13 2999/146/13
f 2965/29/26 2997/28/13 2998/147/13
f 2992/152/106 2996/155/109 2916/40/34
f 2991/154/108 2995/157/111 2996/155/109
f 2991/154/108 2990/158/112 2994/156/110
f 2990/158/112 2989/25/23 2993/16/128
f 2988/159/113 2992/152/106 2915/153/107
f 2988/159/113 2987/161/115 2991/154/108
f 2986/160/114 2990/158/112 2991/154/108
f 2986/160/114 2985/23/21 2989/25/23
f 2913/36/30 2984/162/116 2988/159/113
f 2984/162/116 2983/164/118 2987/161/115
f 2982/163/117 2986/160/114 2987/161/115
f 2981/20/18 2985/23/21 2986/160/114
f 2900/5/5 2972/165/119 2984/162/116
f 2972/165/119 2971/166/120 2983/164/118
f 2970/167/121 2982/163/117 2983/164/118
f 2969/21/19 2981/20/18 2982/163/117
f 2996/155/109 2977/168/122 2898/8/8
f 2995/157/111 2978/169/123 2977/168/122
f 2995/157/111 2994/156/110 2979/170/124
f 2994/156/110 2993/16/128 2980/18/17
f 3012/136/13 2973/172/72 2893/171/53
f 3011/138/13 2974/173/105 2973/172/72
f 3010/139/13 2975/174/105 2974/173/105
f 3009/13/13 2976/15/15 2975/174/105
f 2898/8/8 2977/175/122 3025/119/97
f 2977/175/122 2978/176/123 3026/121/99
f 2978/176/123 2979/188/124 3027/177/125
f 3027/177/125 2979/188/124 2980/178/17
f 2896/2/2 2969/179/19 3041/104/85
f 2969/179/19 2970/181/121 3042/180/126
f 3042/180/126 2970/181/121 2971/186/120
f 3043/107/88 2971/186/120 2972/182/119
f 3113/1/1 3060/48/20 3048/2/2
f 3196/4/4 3124/182/119 3052/5/5
f 3097/7/7 3068/40/34 3050/8/8
f 3180/10/10 3132/178/17 3046/11/11
f 3161/13/13 3061/70/57 3049/14/14
f 3145/16/128 3057/26/24 3046/17/11
f 3048/19/2 3060/22/20 3133/20/18
f 3060/22/20 3059/24/22 3137/23/21
f 3137/23/21 3059/24/22 3058/189/37
f 3141/25/23 3058/189/37 3057/26/24
f 3051/27/25 3064/30/27 3149/28/13
f 3064/30/27 3063/32/28 3153/31/13
f 3063/32/28 3062/34/28 3157/33/13
f 3062/34/28 3061/70/57 3161/13/13
f 3052/5/5 3065/36/30 3085/35/29
f 3065/36/30 3066/38/32 3089/37/31
f 3089/37/31 3066/38/32 3067/153/107
f 3093/39/33 3067/153/107 3068/40/34
f 3046/41/11 3057/44/24 3101/42/35
f 3057/44/24 3058/46/37 3105/45/36
f 3058/46/37 3059/187/22 3109/47/38
f 3109/47/38 3059/187/22 3060/48/20
f 3112/49/39 3116/53/43 3053/50/40
f 3112/49/39 3111/55/44 3115/52/42
f 3110/54/44 3114/56/45 3115/52/42
f 3110/54/44 3109/47/38 3113/1/1
f 3108/57/46 3112/49/39 3054/51/41
f 3107/59/47 3111/55/44 3112/49/39
f 3106/60/47 3110/54/44 3111/55/44
f 3105/45/36 3109/47/38 3110/54/44
f 3104/61/48 3108/57/46 3055/58/41
f 3103/63/50 3107/59/47 3108/57/46
f 3103/63/50 3102/64/51 3106/60/47
f 3101/42/35 3105/45/36 3106/60/47
f 3069/65/129 3104/61/48 3056/62/49
f 3070/67/54 3103/63/50 3104/61/48
f 3071/68/55 3102/64/51 3103/63/50
f 3072/43/12 3101/42/35 3102/64/51
f 3096/69/56 3100/72/59 3061/70/57
f 3096/69/56 3095/74/60 3099/71/58
f 3094/73/60 3098/75/61 3099/71/58
f 3094/73/60 3093/39/33 3097/7/7
f 3092/76/62 3096/69/56 3062/34/28
f 3091/77/63 3095/74/60 3096/69/56
f 3090/78/64 3094/73/60 3095/74/60
f 3089/37/31 3093/39/33 3094/73/60
f 3088/79/65 3092/76/62 3063/32/28
f 3087/80/66 3091/77/63 3092/76/62
f 3087/80/66 3086/81/67 3090/78/64
f 3085/35/29 3089/37/31 3090/78/64
f 3080/82/68 3088/79/65 3064/30/27
f 3079/83/69 3087/80/66 3088/79/65
f 3078/84/70 3086/81/67 3087/80/66
f 3077/6/6 3085/35/29 3086/81/67
f 3168/85/71 3069/89/129 3045/86/53
f 3168/85/71 3172/91/74 3070/88/54
f 3176/90/73 3071/92/55 3070/88/54
f 3180/10/10 3072/12/12 3071/92/55
f 3100/72/59 3084/94/76 3049/14/14
f 3100/72/59 3099/71/58 3083/93/75
f 3098/75/61 3082/95/77 3083/93/75
f 3097/7/7 3081/9/9 3082/95/77
f 3184/96/78 3080/82/68 3051/27/25
f 3184/96/78 3188/99/80 3079/83/69
f 3188/99/80 3192/98/79 3078/84/70
f 3196/4/4 3077/6/6 3078/84/70
f 3116/53/43 3076/102/83 3047/100/81
f 3116/53/43 3115/52/42 3075/101/82
f 3114/56/45 3074/103/84 3075/101/82
f 3114/56/45 3113/1/1 3073/3/3
f 3073/3/3 3193/104/85 3189/105/86
f 3193/104/85 3194/180/126 3190/106/87
f 3194/180/126 3195/107/131 3191/108/89
f 3191/108/89 3195/107/131 3196/4/4
f 3074/103/84 3189/105/86 3185/109/90
f 3185/109/90 3189/105/86 3190/106/87
f 3190/106/87 3191/108/89 3187/111/89
f 3191/108/89 3192/98/79 3188/99/80
f 3075/101/82 3185/109/90 3181/112/130
f 3185/109/90 3186/110/87 3182/113/92
f 3186/110/87 3187/111/89 3183/114/93
f 3183/114/93 3187/111/89 3188/99/80
f 3047/100/81 3076/102/83 3181/112/130
f 3120/115/94 3181/112/130 3182/113/92
f 3119/116/95 3182/113/92 3183/114/93
f 3118/117/95 3183/114/93 3184/96/78
f 3081/9/9 3177/119/97 3173/118/96
f 3177/119/97 3178/121/99 3174/120/98
f 3178/121/99 3179/177/125 3175/122/100
f 3175/122/100 3179/177/125 3180/10/10
f 3082/95/77 3173/118/96 3169/123/101
f 3169/123/101 3173/118/96 3174/120/98
f 3174/120/98 3175/122/100 3171/125/100
f 3175/122/100 3176/90/73 3172/91/74
f 3083/93/75 3169/123/101 3165/126/102
f 3169/123/101 3170/124/98 3166/127/103
f 3170/124/98 3171/125/100 3167/128/104
f 3167/128/104 3171/125/100 3172/91/74
f 3084/94/76 3165/126/102 3128/129/15
f 3165/126/102 3166/127/103 3127/130/105
f 3166/127/103 3167/128/104 3126/131/105
f 3167/128/104 3168/85/71 3125/87/72
f 3160/132/13 3164/136/13 3056/133/49
f 3159/135/13 3163/138/13 3164/136/13
f 3158/137/13 3162/139/13 3163/138/13
f 3157/33/13 3161/13/13 3162/139/13
f 3156/140/13 3160/132/13 3055/134/41
f 3155/142/13 3159/135/13 3160/132/13
f 3154/143/13 3158/137/13 3159/135/13
f 3153/31/13 3157/33/13 3158/137/13
f 3152/144/13 3156/140/13 3054/141/41
f 3151/146/13 3155/142/13 3156/140/13
f 3150/147/13 3154/143/13 3155/142/13
f 3149/28/13 3153/31/13 3154/143/13
f 3047/148/81 3120/150/94 3152/144/13
f 3119/149/95 3151/146/13 3152/144/13
f 3118/151/95 3150/147/13 3151/146/13
f 3117/29/26 3149/28/13 3150/147/13
f 3144/152/106 3148/155/109 3068/40/34
f 3143/154/108 3147/157/111 3148/155/109
f 3143/154/108 3142/158/112 3146/156/110
f 3142/158/112 3141/25/23 3145/16/128
f 3140/159/113 3144/152/106 3067/153/107
f 3140/159/113 3139/161/115 3143/154/108
f 3138/160/114 3142/158/112 3143/154/108
f 3138/160/114 3137/23/21 3141/25/23
f 3065/36/30 3136/162/116 3140/159/113
f 3136/162/116 3135/164/118 3139/161/115
f 3134/163/117 3138/160/114 3139/161/115
f 3133/20/18 3137/23/21 3138/160/114
f 3052/5/5 3124/165/119 3136/162/116
f 3124/165/119 3123/166/120 3135/164/118
f 3122/167/121 3134/163/117 3135/164/118
f 3121/21/19 3133/20/18 3134/163/117
f 3148/155/109 3129/168/122 3050/8/8
f 3147/157/111 3130/169/123 3129/168/122
f 3146/156/110 3131/170/124 3130/169/123
f 3146/156/110 3145/16/128 3132/18/17
f 3164/136/13 3125/172/72 3045/171/53
f 3163/138/13 3126/173/105 3125/172/72
f 3162/139/13 3127/174/105 3126/173/105
f 3161/13/13 3128/15/15 3127/174/105
f 3050/8/8 3129/175/122 3177/119/97
f 3129/175/122 3130/176/123 3178/121/99
f 3130/176/123 3131/188/124 3179/177/125
f 3179/177/125 3131/188/124 3132/178/17
f 3048/2/2 3121/179/19 3193/104/85
f 3121/179/19 3122/181/121 3194/180/126
f 3122/181/121 3123/186/120 3195/107/131
f 3195/107/131 3123/186/120 3124/182/119
f 3265/1/1 3212/48/20 3200/2/2
f 3348/4/4 3276/182/119 3204/5/5
f 3249/7/7 3220/40/34 3202/8/8
f 3332/10/10 3284/178/17 3198/11/11
f 3313/13/13 3213/70/57 3201/14/14
f 3297/16/128 3209/26/24 3198/17/11
f 3200/19/2 3212/22/20 3285/20/18
f 3212/22/20 3211/24/22 3289/23/21
f 3289/23/21 3211/24/22 3210/189/37
f 3293/25/23 3210/189/37 3209/26/24
f 3203/27/25 3216/30/27 3301/28/13
f 3216/30/27 3215/32/28 3305/31/13
f 3215/32/28 3214/34/28 3309/33/13
f 3214/34/28 3213/70/57 3313/13/13
f 3204/5/5 3217/36/30 3237/35/29
f 3217/36/30 3218/38/32 3241/37/31
f 3241/37/31 3218/38/32 3219/153/107
f 3245/39/33 3219/153/107 3220/40/34
f 3198/41/11 3209/44/24 3253/42/35
f 3209/44/24 3210/46/37 3257/45/36
f 3210/46/37 3211/187/22 3261/47/38
f 3261/47/38 3211/187/22 3212/48/20
f 3264/49/39 3268/53/43 3205/50/40
f 3264/49/39 3263/55/44 3267/52/42
f 3262/54/44 3266/56/45 3267/52/42
f 3262/54/44 3261/47/38 3265/1/1
f 3260/57/46 3264/49/39 3206/51/41
f 3259/59/47 3263/55/44 3264/49/39
f 3258/60/47 3262/54/44 3263/55/44
f 3257/45/36 3261/47/38 3262/54/44
f 3256/61/48 3260/57/46 3207/58/41
f 3255/63/50 3259/59/47 3260/57/46
f 3255/63/50 3254/64/51 3258/60/47
f 3253/42/35 3257/45/36 3258/60/47
f 3221/65/129 3256/61/48 3208/62/49
f 3222/67/54 3255/63/50 3256/61/48
f 3223/68/55 3254/64/51 3255/63/50
f 3224/43/12 3253/42/35 3254/64/51
f 3248/69/56 3252/72/59 3213/70/57
f 3248/69/56 3247/74/60 3251/71/58
f 3246/73/60 3250/75/61 3251/71/58
f 3246/73/60 3245/39/33 3249/7/7
f 3244/76/62 3248/69/56 3214/34/28
f 3243/77/63 3247/74/60 3248/69/56
f 3242/78/64 3246/73/60 3247/74/60
f 3241/37/31 3245/39/33 3246/73/60
f 3240/79/65 3244/76/62 3215/32/28
f 3239/80/66 3243/77/63 3244/76/62
f 3239/80/66 3238/81/67 3242/78/64
f 3237/35/29 3241/37/31 3242/78/64
f 3232/82/68 3240/79/65 3216/30/27
f 3231/83/69 3239/80/66 3240/79/65
f 3230/84/70 3238/81/67 3239/80/66
f 3229/6/6 3237/35/29 3238/81/67
f 3320/85/71 3221/89/129 3197/86/53
f 3320/85/71 3324/91/74 3222/88/54
f 3328/90/73 3223/92/55 3222/88/54
f 3332/10/10 3224/12/12 3223/92/55
f 3252/72/59 3236/94/76 3201/14/14
f 3252/72/59 3251/71/58 3235/93/75
f 3250/75/61 3234/95/77 3235/93/75
f 3249/7/7 3233/9/9 3234/95/77
f 3336/96/78 3232/82/68 3203/27/25
f 3336/96/78 3340/99/80 3231/83/69
f 3340/99/80 3344/98/79 3230/84/70
f 3348/4/4 3229/6/6 3230/84/70
f 3205/50/40 3268/53/43 3228/102/83
f 3268/53/43 3267/52/42 3227/101/82
f 3266/56/45 3226/103/84 3227/101/82
f 3265/1/1 3225/3/3 3226/103/84
f 3225/3/3 3345/104/85 3341/105/86
f 3345/104/85 3346/180/126 3342/106/87
f 3346/180/126 3347/107/131 3343/108/89
f 3343/108/89 3347/107/131 3348/4/4
f 3226/103/84 3341/105/86 3337/109/90
f 3337/109/90 3341/105/86 3342/106/87
f 3342/106/87 3343/108/89 3339/111/89
f 3343/108/89 3344/98/79 3340/99/80
f 3227/101/82 3337/109/90 3333/112/130
f 3337/109/90 3338/110/87 3334/113/92
f 3334/113/92 3338/110/87 3339/111/89
f 3335/114/93 3339/111/89 3340/99/80
f 3199/100/81 3228/102/83 3333/112/130
f 3272/115/94 3333/112/130 3334/113/92
f 3271/116/95 3334/113/92 3335/114/93
f 3270/117/95 3335/114/93 3336/96/78
f 3233/9/9 3329/119/97 3325/118/96
f 3329/119/97 3330/121/99 3326/120/98
f 3330/121/99 3331/177/125 3327/122/100
f 3327/122/100 3331/177/125 3332/10/10
f 3234/95/77 3325/118/96 3321/123/101
f 3321/123/101 3325/118/96 3326/120/98
f 3326/120/98 3327/122/100 3323/125/100
f 3327/122/100 3328/90/73 3324/91/74
f 3235/93/75 3321/123/101 3317/126/102
f 3321/123/101 3322/124/98 3318/127/103
f 3322/124/98 3323/125/100 3319/128/104
f 3319/128/104 3323/125/100 3324/91/74
f 3236/94/76 3317/126/102 3280/129/15
f 3317/126/102 3318/127/103 3279/130/105
f 3318/127/103 3319/128/104 3278/131/105
f 3319/128/104 3320/85/71 3277/87/72
f 3312/132/13 3316/136/13 3208/133/49
f 3311/135/13 3315/138/13 3316/136/13
f 3310/137/13 3314/139/13 3315/138/13
f 3309/33/13 3313/13/13 3314/139/13
f 3308/140/13 3312/132/13 3207/134/41
f 3307/142/13 3311/135/13 3312/132/13
f 3306/143/13 3310/137/13 3311/135/13
f 3305/31/13 3309/33/13 3310/137/13
f 3304/144/13 3308/140/13 3206/141/41
f 3303/146/13 3307/142/13 3308/140/13
f 3302/147/13 3306/143/13 3307/142/13
f 3301/28/13 3305/31/13 3306/143/13
f 3199/148/81 3272/150/94 3304/144/13
f 3271/149/95 3303/146/13 3304/144/13
f 3270/151/95 3302/147/13 3303/146/13
f 3269/29/26 3301/28/13 3302/147/13
f 3296/152/106 3300/155/109 3220/40/34
f 3295/154/108 3299/157/111 3300/155/109
f 3295/154/108 3294/158/112 3298/156/110
f 3294/158/112 3293/25/23 3297/16/128
f 3292/159/113 3296/152/106 3219/153/107
f 3292/159/113 3291/161/115 3295/154/108
f 3290/160/114 3294/158/112 3295/154/108
f 3290/160/114 3289/23/21 3293/25/23
f 3217/36/30 3288/162/116 3292/159/113
f 3288/162/116 3287/164/118 3291/161/115
f 3286/163/117 3290/160/114 3291/161/115
f 3285/20/18 3289/23/21 3290/160/114
f 3204/5/5 3276/165/119 3288/162/116
f 3276/165/119 3275/166/120 3287/164/118
f 3275/166/120 3274/167/121 3286/163/117
f 3273/21/19 3285/20/18 3286/163/117
f 3300/155/109 3281/168/122 3202/8/8
f 3299/157/111 3282/169/123 3281/168/122
f 3298/156/110 3283/170/124 3282/169/123
f 3298/156/110 3297/16/128 3284/18/17
f 3316/136/13 3277/172/72 3197/171/53
f 3315/138/13 3278/173/105 3277/172/72
f 3314/139/13 3279/174/105 3278/173/105
f 3313/13/13 3280/15/15 3279/174/105
f 3202/8/8 3281/175/122 3329/119/97
f 3281/175/122 3282/176/123 3330/121/99
f 3282/176/123 3283/188/124 3331/177/125
f 3331/177/125 3283/188/124 3284/178/17
f 3200/2/2 3273/179/19 3345/104/85
f 3273/179/19 3274/181/121 3346/180/126
f 3274/181/121 3275/186/120 3347/107/131
f 3347/107/131 3275/186/120 3276/182/119
f 3417/1/1 3364/48/20 3352/2/2
f 3500/4/4 3428/182/119 3356/5/5
f 3401/7/7 3372/40/34 3354/8/8
f 3484/10/10 3436/178/17 3350/11/11
f 3465/13/13 3365/70/57 3353/14/14
f 3449/16/128 3361/26/24 3350/17/11
f 3352/19/2 3364/22/20 3437/20/18
f 3364/22/20 3363/24/22 3441/23/21
f 3441/23/21 3363/24/22 3362/189/37
f 3445/25/23 3362/189/37 3361/26/24
f 3355/27/25 3368/30/27 3453/28/13
f 3368/30/27 3367/32/28 3457/31/13
f 3367/32/28 3366/34/28 3461/33/13
f 3366/34/28 3365/70/57 3465/13/13
f 3356/5/5 3369/36/30 3389/35/29
f 3369/36/30 3370/38/32 3393/37/31
f 3393/37/31 3370/38/32 3371/153/107
f 3397/39/33 3371/153/107 3372/40/34
f 3350/41/11 3361/44/24 3405/42/35
f 3361/44/24 3362/46/37 3409/45/36
f 3362/46/37 3363/187/22 3413/47/38
f 3413/47/38 3363/187/22 3364/48/20
f 3416/49/39 3420/53/43 3357/50/40
f 3416/49/39 3415/55/44 3419/52/42
f 3414/54/44 3418/56/45 3419/52/42
f 3414/54/44 3413/47/38 3417/1/1
f 3412/57/46 3416/49/39 3358/51/41
f 3411/59/47 3415/55/44 3416/49/39
f 3410/60/47 3414/54/44 3415/55/44
f 3409/45/36 3413/47/38 3414/54/44
f 3408/61/48 3412/57/46 3359/58/41
f 3407/63/50 3411/59/47 3412/57/46
f 3407/63/50 3406/64/51 3410/60/47
f 3405/42/35 3409/45/36 3410/60/47
f 3373/65/129 3408/61/48 3360/62/49
f 3374/67/54 3407/63/50 3408/61/48
f 3375/68/55 3406/64/51 3407/63/50
f 3376/43/12 3405/42/35 3406/64/51
f 3400/69/56 3404/72/59 3365/70/57
f 3400/69/56 3399/74/60 3403/71/58
f 3398/73/60 3402/75/61 3403/71/58
f 3398/73/60 3397/39/33 3401/7/7
f 3396/76/62 3400/69/56 3366/34/28
f 3395/77/63 3399/74/60 3400/69/56
f 3394/78/64 3398/73/60 3399/74/60
f 3393/37/31 3397/39/33 3398/73/60
f 3392/79/65 3396/76/62 3367/32/28
f 3391/80/66 3395/77/63 3396/76/62
f 3391/80/66 3390/81/67 3394/78/64
f 3389/35/29 3393/37/31 3394/78/64
f 3384/82/68 3392/79/65 3368/30/27
f 3383/83/69 3391/80/66 3392/79/65
f 3382/84/70 3390/81/67 3391/80/66
f 3381/6/6 3389/35/29 3390/81/67
f 3472/85/71 3373/89/129 3349/86/53
f 3472/85/71 3476/91/74 3374/88/54
f 3480/90/73 3375/92/55 3374/88/54
f 3484/10/10 3376/12/12 3375/92/55
f 3404/72/59 3388/94/76 3353/14/14
f 3404/72/59 3403/71/58 3387/93/75
f 3402/75/61 3386/95/77 3387/93/75
f 3401/7/7 3385/9/9 3386/95/77
f 3488/96/78 3384/82/68 3355/27/25
f 3488/96/78 3492/99/80 3383/83/69
f 3496/98/79 3382/84/70 3383/83/69
f 3500/4/4 3381/6/6 3382/84/70
f 3420/53/43 3380/102/83 3351/100/81
f 3420/53/43 3419/52/42 3379/101/132
f 3419/52/42 3418/56/45 3378/103/84
f 3418/56/45 3417/1/1 3377/3/3
f 3377/3/3 3497/104/85 3493/105/86
f 3497/104/85 3498/180/126 3494/106/87
f 3494/106/87 3498/180/126 3499/107/88
f 3495/108/89 3499/107/88 3500/4/4
f 3378/103/84 3493/105/86 3489/109/90
f 3489/109/90 3493/105/86 3494/106/87
f 3490/110/87 3494/106/87 3495/108/89
f 3495/108/89 3496/98/79 3492/99/80
f 3379/101/132 3489/109/90 3485/112/91
f 3489/109/90 3490/110/87 3486/113/92
f 3486/113/92 3490/110/87 3491/111/89
f 3487/114/93 3491/111/89 3492/99/80
f 3380/102/83 3485/112/91 3424/115/94
f 3424/115/94 3485/112/91 3486/113/92
f 3423/116/95 3486/113/92 3487/114/93
f 3422/117/95 3487/114/93 3488/96/78
f 3385/9/9 3481/119/97 3477/118/96
f 3481/119/97 3482/121/99 3478/120/98
f 3482/121/99 3483/177/125 3479/122/100
f 3479/122/100 3483/177/125 3484/10/10
f 3386/95/77 3477/118/96 3473/123/101
f 3473/123/101 3477/118/96 3478/120/98
f 3478/120/98 3479/122/100 3475/125/100
f 3479/122/100 3480/90/73 3476/91/74
f 3387/93/75 3473/123/101 3469/126/102
f 3473/123/101 3474/124/98 3470/127/103
f 3474/124/98 3475/125/100 3471/128/104
f 3471/128/104 3475/125/100 3476/91/74
f 3388/94/76 3469/126/102 3432/129/15
f 3469/126/102 3470/127/103 3431/130/105
f 3470/127/103 3471/128/104 3430/131/105
f 3471/128/104 3472/85/71 3429/87/72
f 3464/132/13 3468/136/13 3360/133/49
f 3463/135/13 3467/138/13 3468/136/13
f 3462/137/13 3466/139/13 3467/138/13
f 3461/33/13 3465/13/13 3466/139/13
f 3460/140/13 3464/132/13 3359/134/41
f 3459/142/13 3463/135/13 3464/132/13
f 3458/143/13 3462/137/13 3463/135/13
f 3457/31/13 3461/33/13 3462/137/13
f 3456/144/13 3460/140/13 3358/141/41
f 3455/146/13 3459/142/13 3460/140/13
f 3454/147/13 3458/143/13 3459/142/13
f 3453/28/13 3457/31/13 3458/143/13
f 3351/148/81 3424/150/94 3456/144/13
f 3423/149/95 3455/146/13 3456/144/13
f 3422/151/95 3454/147/13 3455/146/13
f 3421/29/26 3453/28/13 3454/147/13
f 3448/152/106 3452/155/109 3372/40/34
f 3447/154/108 3451/157/111 3452/155/109
f 3447/154/108 3446/158/112 3450/156/110
f 3446/158/112 3445/25/23 3449/16/128
f 3444/159/113 3448/152/106 3371/153/107
f 3444/159/113 3443/161/115 3447/154/108
f 3442/160/114 3446/158/112 3447/154/108
f 3442/160/114 3441/23/21 3445/25/23
f 3369/36/30 3440/162/116 3444/159/113
f 3440/162/116 3439/164/118 3443/161/115
f 3438/163/117 3442/160/114 3443/161/115
f 3437/20/18 3441/23/21 3442/160/114
f 3356/5/5 3428/165/119 3440/162/116
f 3428/165/119 3427/166/120 3439/164/118
f 3427/166/120 3426/167/121 3438/163/117
f 3425/21/19 3437/20/18 3438/163/117
f 3452/155/109 3433/168/122 3354/8/8
f 3451/157/111 3434/169/123 3433/168/122
f 3450/156/110 3435/170/124 3434/169/123
f 3450/156/110 3449/16/128 3436/18/17
f 3468/136/13 3429/172/72 3349/171/53
f 3467/138/13 3430/173/105 3429/172/72
f 3466/139/13 3431/174/105 3430/173/105
f 3465/13/13 3432/15/15 3431/174/105
f 3354/8/8 3433/175/122 3481/119/97
f 3433/175/122 3434/176/123 3482/121/99
f 3434/176/123 3435/188/124 3483/177/125
f 3483/177/125 3435/188/124 3436/178/17
f 3352/2/2 3425/179/19 3497/104/85
f 3425/179/19 3426/181/121 3498/180/126
f 3426/181/121 3427/186/120 3499/107/88
f 3499/107/88 3427/186/120 3428/182/119
f 3569/1/1 3516/48/20 3504/2/2
f 3652/4/4 3580/182/119 3508/5/5
f 3553/7/7 3524/40/34 3506/8/8
f 3636/10/10 3588/178/17 3502/11/11
f 3617/13/13 3517/70/57 3505/14/14
f 3601/16/128 3513/26/24 3502/17/11
f 3504/19/2 3516/22/20 3589/20/18
f 3516/22/20 3515/24/22 3593/23/21
f 3593/23/21 3515/24/22 3514/189/37
f 3597/25/23 3514/189/37 3513/26/24
f 3507/27/25 3520/30/27 3605/28/13
f 3520/30/27 3519/32/28 3609/31/13
f 3519/32/28 3518/34/28 3613/33/13
f 3518/34/28 3517/70/57 3617/13/13
f 3508/5/5 3521/36/30 3541/35/29
f 3521/36/30 3522/38/32 3545/37/31
f 3545/37/31 3522/38/32 3523/153/107
f 3549/39/33 3523/153/107 3524/40/34
f 3502/41/11 3513/44/24 3557/42/35
f 3513/44/24 3514/46/37 3561/45/36
f 3514/46/37 3515/187/22 3565/47/38
f 3565/47/38 3515/187/22 3516/48/20
f 3568/49/39 3572/53/43 3509/50/40
f 3568/49/39 3567/55/44 3571/52/42
f 3566/54/44 3570/56/45 3571/52/42
f 3566/54/44 3565/47/38 3569/1/1
f 3564/57/46 3568/49/39 3510/51/41
f 3563/59/47 3567/55/44 3568/49/39
f 3562/60/47 3566/54/44 3567/55/44
f 3561/45/36 3565/47/38 3566/54/44
f 3560/61/48 3564/57/46 3511/58/41
f 3559/63/50 3563/59/47 3564/57/46
f 3559/63/50 3558/64/51 3562/60/47
f 3557/42/35 3561/45/36 3562/60/47
f 3525/65/129 3560/61/48 3512/62/49
f 3526/67/54 3559/63/50 3560/61/48
f 3527/68/55 3558/64/51 3559/63/50
f 3528/43/12 3557/42/35 3558/64/51
f 3552/69/56 3556/72/59 3517/70/57
f 3552/69/56 3551/74/60 3555/71/58
f 3550/73/60 3554/75/61 3555/71/58
f 3550/73/60 3549/39/33 3553/7/7
f 3548/76/62 3552/69/56 3518/34/28
f 3547/77/63 3551/74/60 3552/69/56
f 3546/78/64 3550/73/60 3551/74/60
f 3545/37/31 3549/39/33 3550/73/60
f 3544/79/65 3548/76/62 3519/32/28
f 3543/80/66 3547/77/63 3548/76/62
f 3543/80/66 3542/81/67 3546/78/64
f 3541/35/29 3545/37/31 3546/78/64
f 3507/27/25 3536/82/68 3544/79/65
f 3535/83/69 3543/80/66 3544/79/65
f 3534/84/70 3542/81/67 3543/80/66
f 3533/6/6 3541/35/29 3542/81/67
f 3624/85/71 3525/89/129 3501/86/53
f 3624/85/71 3628/91/74 3526/88/54
f 3632/90/73 3527/92/55 3526/88/54
f 3636/10/10 3528/12/12 3527/92/55
f 3556/72/59 3540/94/76 3505/14/14
f 3556/72/59 3555/71/58 3539/93/75
f 3554/75/61 3538/95/77 3539/93/75
f 3553/7/7 3537/9/9 3538/95/77
f 3640/96/78 3536/82/68 3507/27/25
f 3640/96/78 3644/99/80 3535/83/69
f 3648/98/79 3534/84/70 3535/83/69
f 3652/4/4 3533/6/6 3534/84/70
f 3572/53/43 3532/102/83 3503/100/81
f 3572/53/43 3571/52/42 3531/101/132
f 3570/56/45 3530/103/84 3531/101/132
f 3569/1/1 3529/3/3 3530/103/84
f 3530/103/84 3529/3/3 3649/104/85
f 3649/104/85 3650/180/126 3646/106/87
f 3650/180/126 3651/107/131 3647/108/89
f 3647/108/89 3651/107/131 3652/4/4
f 3531/101/132 3530/103/84 3645/105/86
f 3641/109/90 3645/105/86 3646/106/87
f 3646/106/87 3647/108/89 3643/111/89
f 3647/108/89 3648/98/79 3644/99/80
f 3531/101/132 3641/109/90 3637/112/130
f 3641/109/90 3642/110/87 3638/113/92
f 3642/110/87 3643/111/89 3639/114/93
f 3639/114/93 3643/111/89 3644/99/80
f 3503/100/81 3532/102/83 3637/112/130
f 3576/115/94 3637/112/130 3638/113/92
f 3575/116/95 3638/113/92 3639/114/93
f 3574/117/95 3639/114/93 3640/96/78
f 3537/9/9 3633/119/97 3629/118/96
f 3633/119/97 3634/121/99 3630/120/98
f 3634/121/99 3635/177/125 3631/122/100
f 3631/122/100 3635/177/125 3636/10/10
f 3538/95/77 3629/118/96 3625/123/101
f 3625/123/101 3629/118/96 3630/120/98
f 3626/124/98 3630/120/98 3631/122/100
f 3631/122/100 3632/90/73 3628/91/74
f 3539/93/75 3625/123/101 3621/126/102
f 3625/123/101 3626/124/98 3622/127/103
f 3626/124/98 3627/125/100 3623/128/104
f 3623/128/104 3627/125/100 3628/91/74
f 3540/94/76 3621/126/102 3584/129/15
f 3621/126/102 3622/127/103 3583/130/105
f 3622/127/103 3623/128/104 3582/131/105
f 3623/128/104 3624/85/71 3581/87/72
f 3616/132/13 3620/136/13 3512/133/49
f 3615/135/13 3619/138/13 3620/136/13
f 3614/137/13 3618/139/13 3619/138/13
f 3613/33/13 3617/13/13 3618/139/13
f 3612/140/13 3616/132/13 3511/134/41
f 3611/142/13 3615/135/13 3616/132/13
f 3610/143/13 3614/137/13 3615/135/13
f 3609/31/13 3613/33/13 3614/137/13
f 3608/144/13 3612/140/13 3510/141/41
f 3607/146/13 3611/142/13 3612/140/13
f 3606/147/13 3610/143/13 3611/142/13
f 3605/28/13 3609/31/13 3610/143/13
f 3503/148/81 3576/150/94 3608/144/13
f 3575/149/95 3607/146/13 3608/144/13
f 3574/151/95 3606/147/13 3607/146/13
f 3573/29/26 3605/28/13 3606/147/13
f 3600/152/106 3604/155/109 3524/40/34
f 3599/154/108 3603/157/111 3604/155/109
f 3599/154/108 3598/158/112 3602/156/110
f 3598/158/112 3597/25/23 3601/16/128
f 3596/159/113 3600/152/106 3523/153/107
f 3596/159/113 3595/161/115 3599/154/108
f 3594/160/114 3598/158/112 3599/154/108
f 3594/160/114 3593/23/21 3597/25/23
f 3521/36/30 3592/162/116 3596/159/113
f 3592/162/116 3591/164/118 3595/161/115
f 3590/163/117 3594/160/114 3595/161/115
f 3589/20/18 3593/23/21 3594/160/114
f 3508/5/5 3580/165/119 3592/162/116
f 3580/165/119 3579/166/120 3591/164/118
f 3578/167/121 3590/163/117 3591/164/118
f 3577/21/19 3589/20/18 3590/163/117
f 3604/155/109 3585/168/122 3506/8/8
f 3603/157/111 3586/169/123 3585/168/122
f 3603/157/111 3602/156/110 3587/170/124
f 3602/156/110 3601/16/128 3588/18/17
f 3620/136/13 3581/172/72 3501/171/53
f 3619/138/13 3582/173/105 3581/172/72
f 3618/139/13 3583/174/105 3582/173/105
f 3617/13/13 3584/15/15 3583/174/105
f 3506/8/8 3585/175/122 3633/119/97
f 3585/175/122 3586/176/123 3634/121/99
f 3634/121/99 3586/176/123 3587/188/124
f 3635/177/125 3587/188/124 3588/178/17
f 3504/2/2 3577/179/19 3649/104/85
f 3577/179/19 3578/181/121 3650/180/126
f 3578/181/121 3579/186/120 3651/107/131
f 3651/107/131 3579/186/120 3580/182/119
f 3721/1/1 3668/48/20 3656/2/2
f 3804/4/4 3732/182/119 3660/5/5
f 3705/7/7 3676/40/34 3658/8/8
f 3788/10/10 3740/178/17 3654/11/11
f 3769/13/13 3669/70/57 3657/14/14
f 3753/16/128 3665/26/24 3654/17/11
f 3656/19/2 3668/22/20 3741/20/18
f 3668/22/20 3667/24/22 3745/23/21
f 3667/24/22 3666/189/37 3749/25/23
f 3749/25/23 3666/189/37 3665/26/24
f 3659/27/134 3672/30/27 3757/28/13
f 3672/30/27 3671/32/28 3761/31/13
f 3671/32/28 3670/34/28 3765/33/13
f 3670/34/28 3669/70/57 3769/13/13
f 3660/5/5 3673/36/30 3693/35/29
f 3673/36/30 3674/38/32 3697/37/31
f 3674/38/32 3675/153/107 3701/39/33
f 3701/39/33 3675/153/107 3676/40/34
f 3654/41/11 3665/44/24 3709/42/35
f 3665/44/24 3666/46/37 3713/45/36
f 3666/46/37 3667/187/22 3717/47/38
f 3717/47/38 3667/187/22 3668/48/20
f 3720/49/39 3724/53/43 3661/50/40
f 3720/49/39 3719/55/44 3723/52/42
f 3718/54/44 3722/56/45 3723/52/42
f 3718/54/44 3717/47/38 3721/1/1
f 3716/57/46 3720/49/39 3662/51/41
f 3715/59/47 3719/55/44 3720/49/39
f 3714/60/47 3718/54/44 3719/55/44
f 3713/45/36 3717/47/38 3718/54/44
f 3712/61/48 3716/57/46 3663/58/41
f 3711/63/50 3715/59/47 3716/57/46
f 3711/63/50 3710/64/51 3714/60/47
f 3709/42/35 3713/45/36 3714/60/47
f 3677/65/129 3712/61/48 3664/62/49
f 3678/67/54 3711/63/50 3712/61/48
f 3679/68/55 3710/64/51 3711/63/50
f 3680/43/12 3709/42/35 3710/64/51
f 3704/69/56 3708/72/59 3669/70/57
f 3704/69/56 3703/74/60 3707/71/58
f 3702/73/60 3706/75/61 3707/71/58
f 3702/73/60 3701/39/33 3705/7/7
f 3700/76/62 3704/69/56 3670/34/28
f 3699/77/63 3703/74/60 3704/69/56
f 3698/78/64 3702/73/60 3703/74/60
f 3697/37/31 3701/39/33 3702/73/60
f 3696/79/65 3700/76/62 3671/32/28
f 3695/80/66 3699/77/63 3700/76/62
f 3695/80/66 3694/81/67 3698/78/64
f 3693/35/29 3697/37/31 3698/78/64
f 3688/82/68 3696/79/65 3672/30/27
f 3687/83/69 3695/80/66 3696/79/65
f 3686/84/70 3694/81/67 3695/80/66
f 3685/6/6 3693/35/29 3694/81/67
f 3776/85/71 3677/89/129 3653/86/53
f 3776/85/71 3780/91/74 3678/88/54
f 3780/91/74 3784/90/73 3679/92/55
f 3784/90/73 3788/10/10 3680/12/12
f 3708/72/59 3692/94/76 3657/14/14
f 3708/72/59 3707/71/58 3691/93/75
f 3706/75/61 3690/95/77 3691/93/75
f 3705/7/7 3689/9/9 3690/95/77
f 3725/97/26 3792/96/78 3688/82/68
f 3792/96/78 3796/99/80 3687/83/69
f 3800/98/79 3686/84/70 3687/83/69
f 3804/4/4 3685/6/6 3686/84/70
f 3724/53/43 3684/102/83 3655/100/81
f 3724/53/43 3723/52/42 3683/101/82
f 3722/56/45 3682/103/84 3683/101/82
f 3721/1/1 3681/3/3 3682/103/84
f 3681/3/3 3801/104/85 3797/105/86
f 3801/104/85 3802/180/126 3798/106/87
f 3802/180/126 3803/107/131 3799/108/89
f 3799/108/89 3803/107/131 3804/4/4
f 3682/103/84 3797/105/86 3793/109/90
f 3793/109/90 3797/105/86 3798/106/87
f 3798/106/87 3799/108/89 3795/111/89
f 3799/108/89 3800/98/79 3796/99/80
f 3683/101/82 3793/109/90 3789/112/91
f 3793/109/90 3794/110/87 3790/113/92
f 3794/110/87 3795/111/89 3791/114/93
f 3791/114/93 3795/111/89 3796/99/80
f 3684/102/83 3789/112/91 3728/115/94
f 3789/112/91 3790/113/92 3727/116/95
f 3790/113/92 3791/114/93 3726/117/95
f 3791/114/93 3792/96/78 3725/97/26
f 3689/9/9 3785/119/97 3781/118/96
f 3785/119/97 3786/121/99 3782/120/98
f 3782/120/98 3786/121/99 3787/177/125
f 3783/122/100 3787/177/125 3788/10/10
f 3691/93/75 3690/95/77 3781/118/96
f 3777/123/101 3781/118/96 3782/120/98
f 3782/120/98 3783/122/100 3779/125/100
f 3783/122/100 3784/90/73 3780/91/74
f 3691/93/75 3777/123/101 3773/126/102
f 3777/123/101 3778/124/98 3774/127/103
f 3774/127/103 3778/124/98 3779/125/100
f 3775/128/104 3779/125/100 3780/91/74
f 3692/94/76 3773/126/102 3736/129/15
f 3773/126/102 3774/127/103 3735/130/105
f 3735/130/105 3774/127/103 3775/128/104
f 3775/128/104 3776/85/71 3733/87/72
f 3768/132/13 3772/136/13 3664/133/49
f 3767/135/13 3771/138/13 3772/136/13
f 3766/137/13 3770/139/13 3771/138/13
f 3765/33/13 3769/13/13 3770/139/13
f 3764/140/13 3768/132/13 3663/134/41
f 3763/142/13 3767/135/13 3768/132/13
f 3762/143/13 3766/137/13 3767/135/13
f 3761/31/13 3765/33/13 3766/137/13
f 3760/144/13 3764/140/13 3662/141/41
f 3759/146/13 3763/142/13 3764/140/13
f 3758/147/13 3762/143/13 3763/142/13
f 3757/28/13 3761/31/13 3762/143/13
f 3655/148/81 3728/150/94 3760/144/13
f 3727/149/95 3759/146/13 3760/144/13
f 3726/151/95 3758/147/13 3759/146/13
f 3725/29/26 3757/28/13 3758/147/13
f 3752/152/106 3756/155/109 3676/40/34
f 3751/154/108 3755/157/111 3756/155/109
f 3751/154/108 3750/158/112 3754/156/110
f 3750/158/112 3749/25/23 3753/16/128
f 3748/159/113 3752/152/106 3675/153/107
f 3748/159/113 3747/161/115 3751/154/108
f 3746/160/114 3750/158/112 3751/154/108
f 3746/160/114 3745/23/21 3749/25/23
f 3673/36/30 3744/162/116 3748/159/113
f 3744/162/116 3743/164/118 3747/161/115
f 3742/163/117 3746/160/114 3747/161/115
f 3741/20/18 3745/23/21 3746/160/114
f 3660/5/5 3732/165/119 3744/162/116
f 3732/165/119 3731/166/120 3743/164/118
f 3730/167/121 3742/163/117 3743/164/118
f 3729/21/19 3741/20/18 3742/163/117
f 3756/155/109 3737/168/122 3658/8/8
f 3755/157/111 3738/169/123 3737/168/122
f 3755/157/111 3754/156/110 3739/170/124
f 3754/156/110 3753/16/128 3740/18/17
f 3772/136/13 3733/172/72 3653/171/53
f 3771/138/13 3734/173/105 3733/172/72
f 3770/139/13 3735/174/105 3734/173/105
f 3769/13/13 3736/15/15 3735/174/105
f 3658/8/8 3737/175/122 3785/119/97
f 3737/175/122 3738/176/123 3786/121/99
f 3786/121/99 3738/176/123 3739/188/124
f 3787/177/125 3739/188/124 3740/178/17
f 3656/2/2 3729/179/19 3801/104/85
f 3729/179/19 3730/181/121 3802/180/126
f 3730/181/121 3731/186/120 3803/107/131
f 3803/107/131 3731/186/120 3732/182/119
f 3873/1/1 3820/48/20 3808/2/2
f 3956/4/4 3884/182/119 3812/5/5
f 3857/7/7 3828/40/34 3810/8/8
f 3940/10/10 3892/178/17 3806/11/11
f 3921/13/13 3821/70/57 3809/14/14
f 3905/16/128 3817/26/24 3806/17/11
f 3808/19/2 3820/22/20 3893/20/18
f 3820/22/20 3819/24/22 3897/23/21
f 3897/23/21 3819/24/22 3818/189/37
f 3901/25/23 3818/189/37 3817/26/24
f 3811/27/25 3824/30/27 3909/28/13
f 3824/30/27 3823/32/28 3913/31/13
f 3823/32/28 3822/34/28 3917/33/13
f 3822/34/28 3821/70/57 3921/13/13
f 3812/5/5 3825/36/30 3845/35/29
f 3825/36/30 3826/38/32 3849/37/31
f 3849/37/31 3826/38/32 3827/153/107
f 3853/39/33 3827/153/107 3828/40/34
f 3806/41/11 3817/44/24 3861/42/35
f 3817/44/24 3818/46/37 3865/45/36
f 3818/46/37 3819/187/22 3869/47/38
f 3869/47/38 3819/187/22 3820/48/20
f 3872/49/39 3876/53/43 3813/50/40
f 3872/49/39 3871/55/44 3875/52/42
f 3870/54/44 3874/56/45 3875/52/42
f 3870/54/44 3869/47/38 3873/1/1
f 3868/57/136 3872/49/39 3814/51/41
f 3867/59/47 3871/55/44 3872/49/39
f 3866/60/47 3870/54/44 3871/55/44
f 3865/45/36 3869/47/38 3870/54/44
f 3864/61/48 3868/57/136 3815/58/41
f 3863/63/50 3867/59/47 3868/57/136
f 3863/63/50 3862/64/51 3866/60/47
f 3861/42/35 3865/45/36 3866/60/47
f 3829/65/129 3864/61/48 3816/62/49
f 3830/67/54 3863/63/50 3864/61/48
f 3830/67/54 3831/68/55 3862/64/51
f 3832/43/12 3861/42/35 3862/64/51
f 3856/69/56 3860/72/59 3821/70/57
f 3856/69/56 3855/74/60 3859/71/58
f 3854/73/60 3858/75/61 3859/71/58
f 3854/73/60 3853/39/33 3857/7/7
f 3852/76/62 3856/69/56 3822/34/28
f 3851/77/63 3855/74/60 3856/69/56
f 3850/78/64 3854/73/60 3855/74/60
f 3849/37/31 3853/39/33 3854/73/60
f 3848/79/65 3852/76/62 3823/32/28
f 3847/80/66 3851/77/63 3852/76/62
f 3847/80/66 3846/81/67 3850/78/64
f 3845/35/29 3849/37/31 3850/78/64
f 3811/27/25 3840/82/68 3848/79/65
f 3839/83/69 3847/80/66 3848/79/65
f 3838/84/70 3846/81/67 3847/80/66
f 3837/6/6 3845/35/29 3846/81/67
f 3928/85/71 3829/89/129 3805/86/53
f 3928/85/71 3932/91/74 3830/88/54
f 3932/91/74 3936/90/73 3831/92/55
f 3940/10/10 3832/12/12 3831/92/55
f 3860/72/59 3844/94/76 3809/14/14
f 3860/72/59 3859/71/58 3843/93/75
f 3858/75/61 3842/95/77 3843/93/75
f 3857/7/7 3841/9/9 3842/95/77
f 3877/97/26 3944/96/78 3840/82/68
f 3944/96/78 3948/99/80 3839/83/69
f 3952/98/79 3838/84/70 3839/83/69
f 3956/4/4 3837/6/6 3838/84/70
f 3813/50/40 3876/53/43 3836/102/83
f 3876/53/43 3875/52/42 3835/101/82
f 3874/56/45 3834/103/84 3835/101/82
f 3873/1/1 3833/3/3 3834/103/84
f 3834/103/84 3833/3/3 3953/104/85
f 3953/104/85 3954/180/126 3950/106/87
f 3954/180/126 3955/107/131 3951/108/89
f 3951/108/89 3955/107/131 3956/4/4
f 3834/103/84 3949/105/86 3945/109/90
f 3945/109/90 3949/105/86 3950/106/87
f 3950/106/87 3951/108/89 3947/111/89
f 3951/108/89 3952/98/79 3948/99/80
f 3835/101/82 3945/109/90 3941/112/91
f 3945/109/90 3946/110/87 3942/113/92
f 3942/113/92 3946/110/87 3947/111/89
f 3943/114/93 3947/111/89 3948/99/80
f 3836/102/83 3941/112/91 3880/115/94
f 3880/115/94 3941/112/91 3942/113/92
f 3879/116/95 3942/113/92 3943/114/93
f 3878/117/95 3943/114/93 3944/96/78
f 3841/9/9 3937/119/97 3933/118/96
f 3937/119/97 3938/121/99 3934/120/98
f 3938/121/99 3939/177/125 3935/122/100
f 3935/122/100 3939/177/125 3940/10/10
f 3842/95/77 3933/118/96 3929/123/101
f 3929/123/101 3933/118/96 3934/120/98
f 3930/124/98 3934/120/98 3935/122/100
f 3935/122/100 3936/90/73 3932/91/74
f 3843/93/75 3929/123/101 3925/126/102
f 3929/123/101 3930/124/98 3926/127/103
f 3930/124/98 3931/125/100 3927/128/104
f 3927/128/104 3931/125/100 3932/91/74
f 3844/94/76 3925/126/102 3888/129/15
f 3925/126/102 3926/127/103 3887/130/105
f 3926/127/103 3927/128/104 3886/131/105
f 3927/128/104 3928/85/71 3885/87/72
f 3920/132/13 3924/136/13 3816/133/49
f 3919/135/13 3923/138/13 3924/136/13
f 3918/137/13 3922/139/13 3923/138/13
f 3917/33/13 3921/13/13 3922/139/13
f 3916/140/13 3920/132/13 3815/134/41
f 3915/142/13 3919/135/13 3920/132/13
f 3914/143/13 3918/137/13 3919/135/13
f 3913/31/13 3917/33/13 3918/137/13
f 3912/144/13 3916/140/13 3814/141/41
f 3911/146/13 3915/142/13 3916/140/13
f 3910/147/13 3914/143/13 3915/142/13
f 3909/28/13 3913/31/13 3914/143/13
f 3807/148/133 3880/150/94 3912/144/13
f 3879/149/95 3911/146/13 3912/144/13
f 3878/151/95 3910/147/13 3911/146/13
f 3877/29/26 3909/28/13 3910/147/13
f 3904/152/106 3908/155/109 3828/40/34
f 3903/154/108 3907/157/111 3908/155/109
f 3903/154/108 3902/158/112 3906/156/110
f 3902/158/112 3901/25/23 3905/16/128
f 3900/159/113 3904/152/106 3827/153/107
f 3900/159/113 3899/161/115 3903/154/108
f 3898/160/114 3902/158/112 3903/154/108
f 3898/160/114 3897/23/21 3901/25/23
f 3825/36/30 3896/162/116 3900/159/113
f 3896/162/116 3895/164/118 3899/161/115
f 3894/163/117 3898/160/114 3899/161/115
f 3893/20/18 3897/23/21 3898/160/114
f 3812/5/5 3884/165/119 3896/162/116
f 3884/165/119 3883/166/120 3895/164/118
f 3883/166/120 3882/167/121 3894/163/117
f 3881/21/19 3893/20/18 3894/163/117
f 3908/155/109 3889/168/122 3810/8/8
f 3907/157/111 3890/169/123 3889/168/122
f 3906/156/110 3891/170/124 3890/169/123
f 3906/156/110 3905/16/128 3892/18/17
f 3924/136/13 3885/172/72 3805/171/53
f 3923/138/13 3886/173/105 3885/172/72
f 3922/139/13 3887/174/105 3886/173/105
f 3921/13/13 3888/15/15 3887/174/105
f 3810/8/8 3889/175/122 3937/119/97
f 3889/175/122 3890/176/123 3938/121/99
f 3890/176/123 3891/188/124 3939/177/125
f 3939/177/125 3891/188/124 3892/178/17
f 3808/2/2 3881/179/19 3953/104/85
f 3881/179/19 3882/181/121 3954/180/126
f 3954/180/126 3882/181/121 3883/186/120
f 3955/107/131 3883/186/120 3884/182/119
f 4025/1/1 3972/48/20 3960/2/2
f 4108/4/4 4036/182/119 3964/5/5
f 4009/7/7 3980/40/34 3962/8/137
f 4092/10/10 4044/178/17 3958/11/11
f 4073/13/13 3973/70/57 3961/14/14
f 4057/16/128 3969/26/24 3958/17/11
f 3960/19/2 3972/22/20 4045/20/18
f 3972/22/20 3971/24/22 4049/23/21
f 3971/24/22 3970/189/37 4053/25/23
f 4053/25/23 3970/189/37 3969/26/24
f 3963/27/25 3976/30/27 4061/28/13
f 3976/30/27 3975/32/28 4065/31/13
f 3975/32/28 3974/34/28 4069/33/13
f 3974/34/28 3973/70/57 4073/13/13
f 3964/5/5 3977/36/30 3997/35/29
f 3977/36/30 3978/38/32 4001/37/31
f 3978/38/32 3979/153/107 4005/39/33
f 4005/39/33 3979/153/107 3980/40/34
f 3958/41/11 3969/44/24 4013/42/35
f 3969/44/24 3970/46/37 4017/45/36
f 3970/46/37 3971/187/22 4021/47/38
f 4021/47/38 3971/187/22 3972/48/20
f 4024/49/39 4028/53/43 3965/50/40
f 4024/49/39 4023/55/44 4027/52/42
f 4022/54/44 4026/56/45 4027/52/42
f 4022/54/44 4021/47/38 4025/1/1
f 4020/57/46 4024/49/39 3966/51/41
f 4019/59/47 4023/55/44 4024/49/39
f 4018/60/47 4022/54/44 4023/55/44
f 4017/45/36 4021/47/38 4022/54/44
f 4016/61/48 4020/57/46 3967/58/41
f 4015/63/50 4019/59/47 4020/57/46
f 4015/63/50 4014/64/51 4018/60/47
f 4013/42/35 4017/45/36 4018/60/47
f 3981/65/129 4016/61/48 3968/62/49
f 3982/67/54 4015/63/50 4016/61/48
f 3983/68/55 4014/64/51 4015/63/50
f 3984/43/12 4013/42/35 4014/64/51
f 4008/69/56 4012/72/59 3973/70/57
f 4008/69/56 4007/74/60 4011/71/58
f 4006/73/60 4010/75/61 4011/71/58
f 4006/73/60 4005/39/33 4009/7/7
f 4004/76/62 4008/69/56 3974/34/28
f 4003/77/63 4007/74/60 4008/69/56
f 4002/78/64 4006/73/60 4007/74/60
f 4001/37/31 4005/39/33 4006/73/60
f 4000/79/65 4004/76/62 3975/32/28
f 3999/80/66 4003/77/63 4004/76/62
f 3999/80/66 3998/81/67 4002/78/64
f 3997/35/29 4001/37/31 4002/78/64
f 3963/27/25 3992/82/68 4000/79/65
f 3991/83/69 3999/80/66 4000/79/65
f 3990/84/70 3998/81/67 3999/80/66
f 3989/6/6 3997/35/29 3998/81/67
f 4080/85/71 3981/89/129 3957/86/53
f 4080/85/71 4084/91/74 3982/88/54
f 4088/90/73 3983/92/55 3982/88/54
f 4092/10/10 3984/12/12 3983/92/55
f 4012/72/59 3996/94/76 3961/14/14
f 4012/72/59 4011/71/58 3995/93/75
f 4010/75/61 3994/95/77 3995/93/75
f 4009/7/7 3993/9/9 3994/95/77
f 4029/97/26 4096/96/78 3992/82/68
f 4096/96/78 4100/99/80 3991/83/69
f 4104/98/79 3990/84/70 3991/83/69
f 4108/4/4 3989/6/6 3990/84/70
f 4028/53/43 3988/102/83 3959/100/81
f 4028/53/43 4027/52/42 3987/101/82
f 4026/56/45 3986/103/84 3987/101/82
f 4025/1/1 3985/3/3 3986/103/84
f 3985/3/3 4105/104/85 4101/105/86
f 4105/104/85 4106/180/126 4102/106/87
f 4102/106/87 4106/180/126 4107/107/88
f 4103/108/89 4107/107/88 4108/4/4
f 3986/103/84 4101/105/86 4097/109/90
f 4097/109/90 4101/105/86 4102/106/87
f 4098/110/87 4102/106/87 4103/108/89
f 4103/108/89 4104/98/79 4100/99/80
f 3987/101/82 4097/109/90 4093/112/130
f 4097/109/90 4098/110/87 4094/113/92
f 4094/113/92 4098/110/87 4099/111/89
f 4095/114/93 4099/111/89 4100/99/80
f 3959/100/81 3988/102/83 4093/112/130
f 4032/115/94 4093/112/130 4094/113/92
f 4031/116/95 4094/113/92 4095/114/93
f 4030/117/95 4095/114/93 4096/96/78
f 3993/9/9 4089/119/97 4085/118/96
f 4089/119/97 4090/121/99 4086/120/98
f 4090/121/99 4091/177/125 4087/122/100
f 4087/122/100 4091/177/125 4092/10/10
f 3994/95/77 4085/118/96 4081/123/101
f 4081/123/101 4085/118/96 4086/120/98
f 4086/120/98 4087/122/100 4083/125/100
f 4087/122/100 4088/90/73 4084/91/74
f 3995/93/75 4081/123/101 4077/126/102
f 4081/123/101 4082/124/98 4078/127/103
f 4082/124/98 4083/125/100 4079/128/104
f 4079/128/104 4083/125/100 4084/91/74
f 3996/94/76 4077/126/102 4040/129/15
f 4077/126/102 4078/127/103 4039/130/105
f 4078/127/103 4079/128/104 4038/131/105
f 4079/128/104 4080/85/71 4037/87/72
f 4072/132/13 4076/136/13 3968/133/49
f 4071/135/13 4075/138/13 4076/136/13
f 4070/137/13 4074/139/13 4075/138/13
f 4069/33/13 4073/13/13 4074/139/13
f 4068/140/13 4072/132/13 3967/134/41
f 4067/142/13 4071/135/13 4072/132/13
f 4066/143/13 4070/137/13 4071/135/13
f 4065/31/13 4069/33/13 4070/137/13
f 4064/144/13 4068/140/13 3966/141/41
f 4063/146/13 4067/142/13 4068/140/13
f 4062/147/13 4066/143/13 4067/142/13
f 4061/28/13 4065/31/13 4066/143/13
f 3959/148/81 4032/150/94 4064/144/13
f 4031/149/95 4063/146/13 4064/144/13
f 4030/151/95 4062/147/13 4063/146/13
f 4029/29/26 4061/28/13 4062/147/13
f 4056/152/106 4060/155/109 3980/40/34
f 4055/154/108 4059/157/111 4060/155/109
f 4055/154/108 4054/158/112 4058/156/110
f 4054/158/112 4053/25/23 4057/16/128
f 4052/159/113 4056/152/106 3979/153/107
f 4052/159/113 4051/161/115 4055/154/108
f 4050/160/114 4054/158/112 4055/154/108
f 4050/160/114 4049/23/21 4053/25/23
f 3977/36/30 4048/162/116 4052/159/113
f 4048/162/116 4047/164/118 4051/161/115
f 4046/163/117 4050/160/114 4051/161/115
f 4045/20/18 4049/23/21 4050/160/114
f 3964/5/5 4036/165/119 4048/162/116
f 4036/165/119 4035/166/120 4047/164/118
f 4034/167/121 4046/163/117 4047/164/118
f 4033/21/19 4045/20/18 4046/163/117
f 4060/155/109 4041/168/122 3962/8/137
f 4059/157/111 4042/169/123 4041/168/122
f 4058/156/110 4043/170/124 4042/169/123
f 4058/156/110 4057/16/128 4044/18/17
f 4076/136/13 4037/172/72 3957/171/53
f 4075/138/13 4038/173/105 4037/172/72
f 4074/139/13 4039/174/105 4038/173/105
f 4073/13/13 4040/15/15 4039/174/105
f 3962/8/137 4041/175/122 4089/119/97
f 4041/175/122 4042/176/123 4090/121/99
f 4042/176/123 4043/188/124 4091/177/125
f 4091/177/125 4043/188/124 4044/178/17
f 3960/2/2 4033/179/19 4105/104/85
f 4033/179/19 4034/181/121 4106/180/126
f 4034/181/121 4035/186/120 4107/107/88
f 4107/107/88 4035/186/120 4036/182/119
f 4177/1/1 4124/48/20 4112/2/2
f 4260/4/4 4188/182/119 4116/5/5
f 4161/7/7 4132/40/34 4114/8/8
f 4244/10/10 4196/178/17 4110/11/11
f 4225/13/13 4125/70/57 4113/14/14
f 4209/16/16 4121/26/24 4110/17/11
f 4112/19/2 4124/22/20 4197/20/18
f 4124/22/20 4123/24/22 4201/23/21
f 4123/24/22 4122/189/37 4205/25/23
f 4205/25/23 4122/189/37 4121/26/24
f 4115/27/134 4128/30/27 4213/28/13
f 4128/30/27 4127/32/28 4217/31/13
f 4127/32/28 4126/34/28 4221/33/13
f 4126/34/28 4125/70/57 4225/13/13
f 4116/5/5 4129/36/30 4149/35/29
f 4129/36/30 4130/38/32 4153/37/31
f 4130/38/32 4131/153/107 4157/39/33
f 4157/39/33 4131/153/107 4132/40/34
f 4110/41/11 4121/44/24 4165/42/35
f 4121/44/24 4122/46/37 4169/45/36
f 4122/46/37 4123/187/22 4173/47/38
f 4173/47/38 4123/187/22 4124/48/20
f 4176/49/39 4180/53/43 4117/50/40
f 4176/49/39 4175/55/44 4179/52/42
f 4174/54/44 4178/56/45 4179/52/42
f 4174/54/44 4173/47/38 4177/1/1
f 4172/57/136 4176/49/39 4118/51/41
f 4171/59/47 4175/55/44 4176/49/39
f 4170/60/47 4174/54/44 4175/55/44
f 4169/45/36 4173/47/38 4174/54/44
f 4168/61/48 4172/57/136 4119/58/41
f 4167/63/50 4171/59/47 4172/57/136
f 4167/63/50 4166/64/51 4170/60/47
f 4165/42/35 4169/45/36 4170/60/47
f 4133/65/129 4168/61/48 4120/62/49
f 4134/67/54 4167/63/50 4168/61/48
f 4135/68/55 4166/64/51 4167/63/50
f 4136/43/12 4165/42/35 4166/64/51
f 4160/69/56 4164/72/59 4125/70/57
f 4160/69/56 4159/74/60 4163/71/58
f 4158/73/60 4162/75/61 4163/71/58
f 4158/73/60 4157/39/33 4161/7/7
f 4156/76/62 4160/69/56 4126/34/28
f 4155/77/63 4159/74/60 4160/69/56
f 4154/78/64 4158/73/60 4159/74/60
f 4153/37/31 4157/39/33 4158/73/60
f 4152/79/65 4156/76/62 4127/32/28
f 4151/80/66 4155/77/63 4156/76/62
f 4151/80/66 4150/81/67 4154/78/64
f 4149/35/29 4153/37/31 4154/78/64
f 4144/82/68 4152/79/65 4128/30/27
f 4143/83/69 4151/80/66 4152/79/65
f 4142/84/70 4150/81/67 4151/80/66
f 4141/6/6 4149/35/29 4150/81/67
f 4232/85/71 4133/89/129 4109/86/53
f 4232/85/71 4236/91/74 4134/88/54
f 4240/90/73 4135/92/55 4134/88/54
f 4244/10/10 4136/12/12 4135/92/55
f 4164/72/59 4148/94/76 4113/14/14
f 4164/72/59 4163/71/58 4147/93/75
f 4162/75/61 4146/95/77 4147/93/75
f 4161/7/7 4145/9/9 4146/95/77
f 4181/97/26 4248/96/78 4144/82/68
f 4248/96/78 4252/99/80 4143/83/69
f 4256/98/79 4142/84/70 4143/83/69
f 4260/4/4 4141/6/6 4142/84/70
f 4117/50/40 4180/53/43 4140/102/83
f 4180/53/43 4179/52/42 4139/101/82
f 4178/56/45 4138/103/84 4139/101/82
f 4177/1/1 4137/3/3 4138/103/84
f 4137/3/3 4257/104/85 4253/105/86
f 4257/104/85 4258/180/126 4254/106/87
f 4254/106/87 4258/180/126 4259/107/88
f 4255/108/89 4259/107/88 4260/4/4
f 4138/103/84 4253/105/86 4249/109/90
f 4249/109/90 4253/105/86 4254/106/87
f 4250/110/87 4254/106/87 4255/108/89
f 4255/108/89 4256/98/79 4252/99/80
f 4139/101/82 4249/109/90 4245/112/91
f 4249/109/90 4250/110/87 4246/113/92
f 4246/113/92 4250/110/87 4251/111/89
f 4247/114/93 4251/111/89 4252/99/80
f 4140/102/83 4245/112/91 4184/115/94
f 4184/115/94 4245/112/91 4246/113/92
f 4183/116/95 4246/113/92 4247/114/93
f 4182/117/95 4247/114/93 4248/96/78
f 4145/9/9 4241/119/97 4237/118/96
f 4241/119/97 4242/121/99 4238/120/98
f 4242/121/99 4243/177/125 4239/122/100
f 4239/122/100 4243/177/125 4244/10/10
f 4146/95/77 4237/118/96 4233/123/101
f 4233/123/101 4237/118/96 4238/120/98
f 4238/120/98 4239/122/100 4235/125/100
f 4239/122/100 4240/90/73 4236/91/74
f 4147/93/75 4233/123/101 4229/126/102
f 4233/123/101 4234/124/98 4230/127/103
f 4234/124/98 4235/125/100 4231/128/104
f 4231/128/104 4235/125/100 4236/91/74
f 4148/94/76 4229/126/102 4192/129/15
f 4229/126/102 4230/127/103 4191/130/105
f 4230/127/103 4231/128/104 4190/131/105
f 4231/128/104 4232/85/71 4189/87/72
f 4224/132/13 4228/136/13 4120/133/49
f 4223/135/13 4227/138/13 4228/136/13
f 4222/137/13 4226/139/13 4227/138/13
f 4221/33/13 4225/13/13 4226/139/13
f 4220/140/13 4224/132/13 4119/134/41
f 4219/142/13 4223/135/13 4224/132/13
f 4218/143/13 4222/137/13 4223/135/13
f 4217/31/13 4221/33/13 4222/137/13
f 4216/144/13 4220/140/13 4118/141/41
f 4215/146/13 4219/142/13 4220/140/13
f 4214/147/13 4218/143/13 4219/142/13
f 4213/28/13 4217/31/13 4218/143/13
f 4111/148/133 4184/150/94 4216/144/13
f 4183/149/95 4215/146/13 4216/144/13
f 4182/151/95 4214/147/13 4215/146/13
f 4181/29/26 4213/28/13 4214/147/13
f 4208/152/106 4212/155/109 4132/40/34
f 4207/154/108 4211/157/111 4212/155/109
f 4207/154/108 4206/158/112 4210/156/110
f 4206/158/112 4205/25/23 4209/16/16
f 4204/159/113 4208/152/106 4131/153/107
f 4204/159/113 4203/161/115 4207/154/108
f 4202/160/114 4206/158/112 4207/154/108
f 4202/160/114 4201/23/21 4205/25/23
f 4129/36/30 4200/162/116 4204/159/113
f 4200/162/116 4199/164/118 4203/161/115
f 4198/163/117 4202/160/114 4203/161/115
f 4197/20/18 4201/23/21 4202/160/114
f 4116/5/5 4188/165/119 4200/162/116
f 4188/165/119 4187/166/120 4199/164/118
f 4186/167/121 4198/163/117 4199/164/118
f 4185/21/19 4197/20/18 4198/163/117
f 4212/155/109 4193/168/122 4114/8/8
f 4211/157/111 4194/169/123 4193/168/122
f 4210/156/110 4195/170/124 4194/169/123
f 4210/156/110 4209/16/16 4196/18/17
f 4228/136/13 4189/172/72 4109/171/53
f 4227/138/13 4190/173/105 4189/172/72
f 4226/139/13 4191/174/105 4190/173/105
f 4225/13/13 4192/15/15 4191/174/105
f 4114/8/8 4193/175/122 4241/119/97
f 4193/175/122 4194/176/123 4242/121/99
f 4194/176/123 4195/188/124 4243/177/125
f 4243/177/125 4195/188/124 4196/178/17
f 4112/2/2 4185/179/19 4257/104/85
f 4185/179/19 4186/181/121 4258/180/126
f 4186/181/121 4187/186/120 4259/107/88
f 4259/107/88 4187/186/120 4188/182/119
f 4329/1/1 4276/48/20 4264/2/2
f 4412/4/4 4340/182/119 4268/5/5
f 4313/7/7 4284/40/34 4266/8/8
f 4396/10/10 4348/178/17 4262/11/11
f 4377/13/13 4277/70/57 4265/14/14
f 4361/16/128 4273/26/24 4262/17/11
f 4264/19/2 4276/22/20 4349/20/18
f 4276/22/20 4275/24/22 4353/23/21
f 4275/24/22 4274/189/37 4357/25/23
f 4357/25/23 4274/189/37 4273/26/24
f 4267/27/25 4280/30/27 4365/28/13
f 4280/30/27 4279/32/28 4369/31/13
f 4279/32/28 4278/34/28 4373/33/13
f 4278/34/28 4277/70/57 4377/13/13
f 4268/5/5 4281/36/30 4301/35/29
f 4281/36/30 4282/38/32 4305/37/31
f 4282/38/32 4283/153/107 4309/39/33
f 4309/39/33 4283/153/107 4284/40/34
f 4262/41/11 4273/44/24 4317/42/35
f 4273/44/24 4274/46/37 4321/45/36
f 4274/46/37 4275/187/22 4325/47/38
f 4325/47/38 4275/187/22 4276/48/20
f 4328/49/39 4332/53/43 4269/50/40
f 4328/49/39 4327/55/44 4331/52/42
f 4326/54/44 4330/56/45 4331/52/42
f 4326/54/44 4325/47/38 4329/1/1
f 4324/57/136 4328/49/39 4270/51/41
f 4323/59/47 4327/55/44 4328/49/39
f 4322/60/47 4326/54/44 4327/55/44
f 4321/45/36 4325/47/38 4326/54/44
f 4320/61/48 4324/57/136 4271/58/41
f 4319/63/50 4323/59/47 4324/57/136
f 4319/63/50 4318/64/51 4322/60/47
f 4317/42/35 4321/45/36 4322/60/47
f 4285/65/129 4320/61/48 4272/62/49
f 4286/67/54 4319/63/50 4320/61/48
f 4287/68/55 4318/64/51 4319/63/50
f 4288/43/12 4317/42/35 4318/64/51
f 4312/69/56 4316/72/59 4277/70/57
f 4312/69/56 4311/74/60 4315/71/58
f 4310/73/60 4314/75/61 4315/71/58
f 4310/73/60 4309/39/33 4313/7/7
f 4308/76/62 4312/69/56 4278/34/28
f 4307/77/63 4311/74/60 4312/69/56
f 4306/78/64 4310/73/60 4311/74/60
f 4305/37/31 4309/39/33 4310/73/60
f 4304/79/65 4308/76/62 4279/32/28
f 4303/80/66 4307/77/63 4308/76/62
f 4303/80/66 4302/81/67 4306/78/64
f 4301/35/29 4305/37/31 4306/78/64
f 4267/27/25 4296/82/68 4304/79/65
f 4295/83/69 4303/80/66 4304/79/65
f 4294/84/70 4302/81/67 4303/80/66
f 4293/6/6 4301/35/29 4302/81/67
f 4384/85/71 4285/89/129 4261/86/53
f 4384/85/71 4388/91/74 4286/88/54
f 4392/90/73 4287/92/55 4286/88/54
f 4396/10/10 4288/12/12 4287/92/55
f 4316/72/59 4300/94/76 4265/14/14
f 4316/72/59 4315/71/58 4299/93/75
f 4314/75/61 4298/95/77 4299/93/75
f 4313/7/7 4297/9/9 4298/95/77
f 4400/96/78 4296/82/68 4267/27/25
f 4400/96/78 4404/99/80 4295/83/69
f 4408/98/79 4294/84/70 4295/83/69
f 4412/4/4 4293/6/6 4294/84/70
f 4332/53/43 4292/102/83 4263/100/81
f 4332/53/43 4331/52/42 4291/101/132
f 4330/56/45 4290/103/84 4291/101/132
f 4329/1/1 4289/3/3 4290/103/84
f 4290/103/84 4289/3/3 4409/104/85
f 4409/104/85 4410/180/126 4406/106/87
f 4410/180/126 4411/107/131 4407/108/89
f 4407/108/89 4411/107/131 4412/4/4
f 4291/101/132 4290/103/84 4405/105/86
f 4401/109/90 4405/105/86 4406/106/87
f 4406/106/87 4407/108/89 4403/111/89
f 4407/108/89 4408/98/79 4404/99/80
f 4291/101/132 4401/109/90 4397/112/91
f 4401/109/90 4402/110/87 4398/113/92
f 4398/113/92 4402/110/87 4403/111/89
f 4399/114/93 4403/111/89 4404/99/80
f 4292/102/83 4397/112/91 4336/115/94
f 4336/115/94 4397/112/91 4398/113/92
f 4335/116/95 4398/113/92 4399/114/93
f 4334/117/95 4399/114/93 4400/96/78
f 4297/9/9 4393/119/97 4389/118/96
f 4393/119/97 4394/121/99 4390/120/98
f 4394/121/99 4395/177/125 4391/122/100
f 4391/122/100 4395/177/125 4396/10/10
f 4298/95/77 4389/118/96 4385/123/101
f 4385/123/101 4389/118/96 4390/120/98
f 4390/120/98 4391/122/100 4387/125/100
f 4391/122/100 4392/90/73 4388/91/74
f 4299/93/75 4385/123/101 4381/126/102
f 4385/123/101 4386/124/98 4382/127/103
f 4386/124/98 4387/125/100 4383/128/104
f 4383/128/104 4387/125/100 4388/91/74
f 4300/94/76 4381/126/102 4344/129/15
f 4381/126/102 4382/127/103 4343/130/105
f 4382/127/103 4383/128/104 4342/131/105
f 4383/128/104 4384/85/71 4341/87/72
f 4376/132/13 4380/136/13 4272/133/49
f 4375/135/13 4379/138/13 4380/136/13
f 4374/137/13 4378/139/13 4379/138/13
f 4373/33/13 4377/13/13 4378/139/13
f 4372/140/13 4376/132/13 4271/134/41
f 4371/142/13 4375/135/13 4376/132/13
f 4370/143/13 4374/137/13 4375/135/13
f 4369/31/13 4373/33/13 4374/137/13
f 4368/144/13 4372/140/13 4270/141/41
f 4367/146/13 4371/142/13 4372/140/13
f 4366/147/13 4370/143/13 4371/142/13
f 4365/28/13 4369/31/13 4370/143/13
f 4263/148/81 4336/150/94 4368/144/13
f 4335/149/95 4367/146/13 4368/144/13
f 4334/151/95 4366/147/13 4367/146/13
f 4333/29/26 4365/28/13 4366/147/13
f 4360/152/106 4364/155/109 4284/40/34
f 4359/154/108 4363/157/111 4364/155/109
f 4359/154/108 4358/158/112 4362/156/110
f 4358/158/112 4357/25/23 4361/16/128
f 4356/159/113 4360/152/106 4283/153/107
f 4356/159/113 4355/161/115 4359/154/108
f 4354/160/114 4358/158/112 4359/154/108
f 4354/160/114 4353/23/21 4357/25/23
f 4281/36/30 4352/162/116 4356/159/113
f 4352/162/116 4351/164/118 4355/161/115
f 4350/163/117 4354/160/114 4355/161/115
f 4349/20/18 4353/23/21 4354/160/114
f 4268/5/5 4340/165/119 4352/162/116
f 4340/165/119 4339/166/120 4351/164/118
f 4338/167/121 4350/163/117 4351/164/118
f 4337/21/19 4349/20/18 4350/163/117
f 4364/155/109 4345/168/122 4266/8/8
f 4363/157/111 4346/169/123 4345/168/122
f 4363/157/111 4362/156/110 4347/170/124
f 4362/156/110 4361/16/128 4348/18/17
f 4380/136/13 4341/172/72 4261/171/53
f 4379/138/13 4342/173/105 4341/172/72
f 4378/139/13 4343/174/105 4342/173/105
f 4377/13/13 4344/15/15 4343/174/105
f 4266/8/8 4345/175/122 4393/119/97
f 4345/175/122 4346/176/123 4394/121/99
f 4394/121/99 4346/176/123 4347/188/124
f 4395/177/125 4347/188/124 4348/178/17
f 4264/2/2 4337/179/19 4409/104/85
f 4337/179/19 4338/181/121 4410/180/126
f 4338/181/121 4339/186/120 4411/107/131
f 4411/107/131 4339/186/120 4340/182/119
f 4481/1/1 4428/48/20 4416/2/2
f 4564/4/4 4492/182/119 4420/5/5
f 4465/7/7 4436/40/34 4418/8/137
f 4548/10/10 4500/178/17 4414/11/11
f 4529/13/13 4429/70/57 4417/14/14
f 4513/16/128 4425/26/24 4414/17/11
f 4416/19/2 4428/22/20 4501/20/18
f 4428/22/20 4427/24/22 4505/23/21
f 4427/24/22 4426/189/37 4509/25/23
f 4509/25/23 4426/189/37 4425/26/24
f 4419/27/25 4432/30/27 4517/28/13
f 4432/30/27 4431/32/28 4521/31/13
f 4431/32/28 4430/34/28 4525/33/13
f 4430/34/28 4429/70/57 4529/13/13
f 4420/5/5 4433/36/30 4453/35/29
f 4433/36/30 4434/38/32 4457/37/31
f 4434/38/32 4435/153/107 4461/39/33
f 4461/39/33 4435/153/107 4436/40/34
f 4414/41/11 4425/44/24 4469/42/35
f 4425/44/24 4426/46/37 4473/45/36
f 4426/46/37 4427/187/22 4477/47/38
f 4477/47/38 4427/187/22 4428/48/20
f 4480/49/39 4484/53/43 4421/50/40
f 4480/49/39 4479/55/44 4483/52/42
f 4478/54/44 4482/56/45 4483/52/42
f 4478/54/44 4477/47/38 4481/1/1
f 4476/57/46 4480/49/39 4422/51/41
f 4475/59/47 4479/55/44 4480/49/39
f 4474/60/47 4478/54/44 4479/55/44
f 4473/45/36 4477/47/38 4478/54/44
f 4472/61/48 4476/57/46 4423/58/41
f 4471/63/50 4475/59/47 4476/57/46
f 4471/63/50 4470/64/51 4474/60/47
f 4469/42/35 4473/45/36 4474/60/47
f 4437/65/129 4472/61/48 4424/62/49
f 4438/67/54 4471/63/50 4472/61/48
f 4439/68/55 4470/64/51 4471/63/50
f 4440/43/12 4469/42/35 4470/64/51
f 4464/69/56 4468/72/59 4429/70/57
f 4464/69/56 4463/74/60 4467/71/58
f 4462/73/60 4466/75/61 4467/71/58
f 4462/73/60 4461/39/33 4465/7/7
f 4460/76/62 4464/69/56 4430/34/28
f 4459/77/63 4463/74/60 4464/69/56
f 4458/78/64 4462/73/60 4463/74/60
f 4457/37/31 4461/39/33 4462/73/60
f 4456/79/65 4460/76/62 4431/32/28
f 4455/80/66 4459/77/63 4460/76/62
f 4455/80/66 4454/81/67 4458/78/64
f 4453/35/29 4457/37/31 4458/78/64
f 4448/82/68 4456/79/65 4432/30/27
f 4447/83/69 4455/80/66 4456/79/65
f 4446/84/70 4454/81/67 4455/80/66
f 4445/6/6 4453/35/29 4454/81/67
f 4536/85/71 4437/89/129 4413/86/53
f 4536/85/71 4540/91/74 4438/88/54
f 4544/90/73 4439/92/55 4438/88/54
f 4548/10/10 4440/12/12 4439/92/55
f 4468/72/59 4452/94/76 4417/14/14
f 4468/72/59 4467/71/58 4451/93/75
f 4466/75/61 4450/95/77 4451/93/75
f 4465/7/7 4449/9/9 4450/95/77
f 4552/96/78 4448/82/68 4419/27/25
f 4552/96/78 4556/99/80 4447/83/69
f 4556/99/80 4560/98/79 4446/84/70
f 4564/4/4 4445/6/6 4446/84/70
f 4421/50/40 4484/53/43 4444/102/83
f 4484/53/43 4483/52/42 4443/101/82
f 4482/56/45 4442/103/84 4443/101/82
f 4481/1/1 4441/3/3 4442/103/84
f 4442/103/84 4441/3/3 4561/104/85
f 4561/104/85 4562/180/126 4558/106/87
f 4562/180/126 4563/107/131 4559/108/89
f 4559/108/89 4563/107/131 4564/4/4
f 4442/103/84 4557/105/86 4553/109/90
f 4553/109/90 4557/105/86 4558/106/87
f 4558/106/87 4559/108/89 4555/111/89
f 4559/108/89 4560/98/79 4556/99/80
f 4443/101/82 4553/109/90 4549/112/130
f 4553/109/90 4554/110/87 4550/113/92
f 4550/113/92 4554/110/87 4555/111/89
f 4551/114/93 4555/111/89 4556/99/80
f 4415/100/81 4444/102/83 4549/112/130
f 4488/115/94 4549/112/130 4550/113/92
f 4487/116/95 4550/113/92 4551/114/93
f 4486/117/95 4551/114/93 4552/96/78
f 4449/9/9 4545/119/97 4541/118/96
f 4545/119/97 4546/121/99 4542/120/98
f 4546/121/99 4547/177/125 4543/122/100
f 4543/122/100 4547/177/125 4548/10/10
f 4450/95/77 4541/118/96 4537/123/101
f 4537/123/101 4541/118/96 4542/120/98
f 4542/120/98 4543/122/100 4539/125/100
f 4543/122/100 4544/90/73 4540/91/74
f 4451/93/75 4537/123/101 4533/126/102
f 4537/123/101 4538/124/98 4534/127/103
f 4538/124/98 4539/125/100 4535/128/104
f 4535/128/104 4539/125/100 4540/91/74
f 4452/94/76 4533/126/102 4496/129/15
f 4533/126/102 4534/127/103 4495/130/105
f 4534/127/103 4535/128/104 4494/131/105
f 4535/128/104 4536/85/71 4493/87/72
f 4528/132/13 4532/136/13 4424/133/49
f 4527/135/13 4531/138/13 4532/136/13
f 4526/137/13 4530/139/13 4531/138/13
f 4525/33/13 4529/13/13 4530/139/13
f 4524/140/13 4528/132/13 4423/134/41
f 4523/142/13 4527/135/13 4528/132/13
f 4522/143/13 4526/137/13 4527/135/13
f 4521/31/13 4525/33/13 4526/137/13
f 4520/144/13 4524/140/13 4422/141/41
f 4519/146/13 4523/142/13 4524/140/13
f 4518/147/13 4522/143/13 4523/142/13
f 4517/28/13 4521/31/13 4522/143/13
f 4415/148/81 4488/150/94 4520/144/13
f 4487/149/95 4519/146/13 4520/144/13
f 4486/151/95 4518/147/13 4519/146/13
f 4485/29/26 4517/28/13 4518/147/13
f 4512/152/106 4516/155/109 4436/40/34
f 4511/154/108 4515/157/111 4516/155/109
f 4511/154/108 4510/158/112 4514/156/110
f 4510/158/112 4509/25/23 4513/16/128
f 4508/159/113 4512/152/106 4435/153/107
f 4508/159/113 4507/161/115 4511/154/108
f 4506/160/114 4510/158/112 4511/154/108
f 4506/160/114 4505/23/21 4509/25/23
f 4433/36/30 4504/162/116 4508/159/113
f 4504/162/116 4503/164/118 4507/161/115
f 4502/163/117 4506/160/114 4507/161/115
f 4501/20/18 4505/23/21 4506/160/114
f 4420/5/5 4492/165/119 4504/162/116
f 4492/165/119 4491/166/120 4503/164/118
f 4490/167/121 4502/163/117 4503/164/118
f 4489/21/19 4501/20/18 4502/163/117
f 4516/155/109 4497/168/122 4418/8/137
f 4515/157/111 4498/169/123 4497/168/122
f 4515/157/111 4514/156/110 4499/170/124
f 4514/156/110 4513/16/128 4500/18/17
f 4532/136/13 4493/172/72 4413/171/53
f 4531/138/13 4494/173/105 4493/172/72
f 4530/139/13 4495/174/105 4494/173/105
f 4529/13/13 4496/15/15 4495/174/105
f 4418/8/137 4497/175/122 4545/119/97
f 4497/175/122 4498/176/123 4546/121/99
f 4546/121/99 4498/176/123 4499/188/124
f 4547/177/125 4499/188/124 4500/178/17
f 4416/2/2 4489/179/19 4561/104/85
f 4489/179/19 4490/181/121 4562/180/126
f 4490/181/121 4491/186/120 4563/107/131
f 4563/107/131 4491/186/120 4492/182/119
f 4633/1/1 4580/48/20 4568/2/2
f 4716/4/4 4644/182/119 4572/5/5
f 4617/7/7 4588/40/34 4570/8/8
f 4700/10/10 4652/178/17 4566/11/11
f 4681/13/13 4581/70/57 4569/14/14
f 4665/16/128 4577/26/24 4566/17/11
f 4568/19/2 4580/22/20 4653/20/18
f 4580/22/20 4579/24/22 4657/23/21
f 4579/24/22 4578/189/37 4661/25/23
f 4661/25/23 4578/189/37 4577/26/24
f 4571/27/25 4584/30/27 4669/28/13
f 4584/30/27 4583/32/28 4673/31/13
f 4583/32/28 4582/34/28 4677/33/13
f 4582/34/28 4581/70/57 4681/13/13
f 4572/5/5 4585/36/30 4605/35/29
f 4585/36/30 4586/38/32 4609/37/31
f 4586/38/32 4587/153/107 4613/39/33
f 4613/39/33 4587/153/107 4588/40/34
f 4566/41/11 4577/44/24 4621/42/35
f 4577/44/24 4578/46/37 4625/45/36
f 4625/45/36 4578/46/37 4579/187/22
f 4629/47/38 4579/187/22 4580/48/20
f 4632/49/39 4636/53/43 4573/50/40
f 4632/49/39 4631/55/44 4635/52/42
f 4630/54/44 4634/56/45 4635/52/42
f 4630/54/44 4629/47/38 4633/1/1
f 4628/57/46 4632/49/39 4574/51/41
f 4627/59/47 4631/55/44 4632/49/39
f 4626/60/47 4630/54/44 4631/55/44
f 4625/45/36 4629/47/38 4630/54/44
f 4624/61/48 4628/57/46 4575/58/41
f 4623/63/50 4627/59/47 4628/57/46
f 4623/63/50 4622/64/51 4626/60/47
f 4621/42/35 4625/45/36 4626/60/47
f 4589/65/129 4624/61/48 4576/62/49
f 4590/67/54 4623/63/50 4624/61/48
f 4591/68/55 4622/64/51 4623/63/50
f 4592/43/12 4621/42/35 4622/64/51
f 4616/69/56 4620/72/59 4581/70/57
f 4616/69/56 4615/74/60 4619/71/58
f 4614/73/60 4618/75/61 4619/71/58
f 4614/73/60 4613/39/33 4617/7/7
f 4612/76/62 4616/69/56 4582/34/28
f 4611/77/63 4615/74/60 4616/69/56
f 4610/78/64 4614/73/60 4615/74/60
f 4609/37/31 4613/39/33 4614/73/60
f 4608/79/65 4612/76/62 4583/32/28
f 4607/80/66 4611/77/63 4612/76/62
f 4607/80/66 4606/81/67 4610/78/64
f 4605/35/29 4609/37/31 4610/78/64
f 4571/27/25 4600/82/68 4608/79/65
f 4599/83/69 4607/80/66 4608/79/65
f 4598/84/70 4606/81/67 4607/80/66
f 4597/6/6 4605/35/29 4606/81/67
f 4688/85/71 4589/89/129 4565/86/53
f 4688/85/71 4692/91/74 4590/88/54
f 4696/90/73 4591/92/55 4590/88/54
f 4700/10/10 4592/12/12 4591/92/55
f 4620/72/59 4604/94/76 4569/14/14
f 4620/72/59 4619/71/58 4603/93/75
f 4618/75/61 4602/95/77 4603/93/75
f 4617/7/7 4601/9/9 4602/95/77
f 4637/97/26 4704/96/78 4600/82/68
f 4704/96/78 4708/99/80 4599/83/69
f 4708/99/80 4712/98/79 4598/84/70
f 4716/4/4 4597/6/6 4598/84/70
f 4573/50/40 4636/53/43 4596/102/83
f 4636/53/43 4635/52/42 4595/101/82
f 4634/56/45 4594/103/84 4595/101/82
f 4633/1/1 4593/3/3 4594/103/84
f 4593/3/3 4713/104/85 4709/105/86
f 4713/104/85 4714/180/126 4710/106/87
f 4710/106/87 4714/180/126 4715/107/88
f 4711/108/89 4715/107/88 4716/4/4
f 4594/103/84 4709/105/86 4705/109/90
f 4705/109/90 4709/105/86 4710/106/87
f 4710/106/87 4711/108/89 4707/111/89
f 4711/108/89 4712/98/79 4708/99/80
f 4595/101/82 4705/109/90 4701/112/91
f 4705/109/90 4706/110/87 4702/113/92
f 4706/110/87 4707/111/89 4703/114/93
f 4703/114/93 4707/111/89 4708/99/80
f 4596/102/83 4701/112/91 4640/115/94
f 4640/115/94 4701/112/91 4702/113/92
f 4702/113/92 4703/114/93 4638/117/95
f 4638/117/95 4703/114/93 4704/96/78
f 4601/9/9 4697/119/97 4693/118/96
f 4697/119/97 4698/121/99 4694/120/98
f 4698/121/99 4699/177/125 4695/122/100
f 4695/122/100 4699/177/125 4700/10/10
f 4602/95/77 4693/118/96 4689/123/101
f 4689/123/101 4693/118/96 4694/120/98
f 4694/120/98 4695/122/100 4691/125/100
f 4695/122/100 4696/90/73 4692/91/74
f 4603/93/75 4689/123/101 4685/126/102
f 4689/123/101 4690/124/98 4686/127/103
f 4690/124/98 4691/125/100 4687/128/104
f 4687/128/104 4691/125/100 4692/91/74
f 4604/94/76 4685/126/102 4648/129/15
f 4685/126/102 4686/127/103 4647/130/105
f 4686/127/103 4687/128/104 4646/131/105
f 4687/128/104 4688/85/71 4645/87/72
f 4680/132/13 4684/136/13 4576/133/49
f 4679/135/13 4683/138/13 4684/136/13
f 4678/137/13 4682/139/13 4683/138/13
f 4677/33/13 4681/13/13 4682/139/13
f 4676/140/13 4680/132/13 4575/134/41
f 4675/142/13 4679/135/13 4680/132/13
f 4674/143/13 4678/137/13 4679/135/13
f 4673/31/13 4677/33/13 4678/137/13
f 4672/144/13 4676/140/13 4574/141/41
f 4671/146/13 4675/142/13 4676/140/13
f 4670/147/13 4674/143/13 4675/142/13
f 4669/28/13 4673/31/13 4674/143/13
f 4567/148/133 4640/150/94 4672/144/13
f 4639/149/95 4671/146/13 4672/144/13
f 4638/151/95 4670/147/13 4671/146/13
f 4637/29/26 4669/28/13 4670/147/13
f 4664/152/106 4668/155/109 4588/40/34
f 4663/154/108 4667/157/111 4668/155/109
f 4663/154/108 4662/158/112 4666/156/110
f 4662/158/112 4661/25/23 4665/16/128
f 4586/38/32 4660/159/113 4664/152/106
f 4660/159/113 4659/161/115 4663/154/108
f 4658/160/114 4662/158/112 4663/154/108
f 4658/160/114 4657/23/21 4661/25/23
f 4585/36/30 4656/162/116 4660/159/113
f 4656/162/116 4655/164/118 4659/161/115
f 4654/163/117 4658/160/114 4659/161/115
f 4653/20/18 4657/23/21 4658/160/114
f 4572/5/5 4644/165/119 4656/162/116
f 4644/165/119 4643/166/120 4655/164/118
f 4643/166/120 4642/167/121 4654/163/117
f 4641/21/19 4653/20/18 4654/163/117
f 4668/155/109 4649/168/122 4570/8/8
f 4667/157/111 4650/169/123 4649/168/122
f 4666/156/110 4651/170/124 4650/169/123
f 4666/156/110 4665/16/128 4652/18/17
f 4684/136/13 4645/172/72 4565/171/53
f 4683/138/13 4646/173/105 4645/172/72
f 4682/139/13 4647/174/105 4646/173/105
f 4681/13/13 4648/15/15 4647/174/105
f 4570/8/8 4649/175/122 4697/119/97
f 4649/175/122 4650/176/123 4698/121/99
f 4650/176/123 4651/188/124 4699/177/125
f 4699/177/125 4651/188/124 4652/178/17
f 4568/2/2 4641/179/19 4713/104/85
f 4641/179/19 4642/181/121 4714/180/126
f 4714/180/126 4642/181/121 4643/186/120
f 4715/107/88 4643/186/120 4644/182/119
f 4785/1/1 4732/48/20 4720/2/2
f 4868/4/4 4796/182/119 4724/5/5
f 4769/7/7 4740/40/34 4722/8/8
f 4852/10/10 4804/178/17 4718/11/11
f 4833/13/13 4733/70/57 4721/14/14
f 4817/16/128 4729/26/24 4718/17/11
f 4720/19/2 4732/22/20 4805/20/18
f 4732/22/20 4731/24/22 4809/23/21
f 4731/24/22 4730/189/37 4813/25/23
f 4813/25/23 4730/189/37 4729/26/24
f 4723/27/134 4736/30/27 4821/28/13
f 4736/30/27 4735/32/28 4825/31/13
f 4735/32/28 4734/34/28 4829/33/13
f 4734/34/28 4733/70/57 4833/13/13
f 4724/5/5 4737/36/30 4757/35/29
f 4737/36/30 4738/38/32 4761/37/31
f 4738/38/32 4739/153/107 4765/39/33
f 4765/39/33 4739/153/107 4740/40/34
f 4718/41/11 4729/44/24 4773/42/35
f 4729/44/24 4730/46/37 4777/45/36
f 4777/45/36 4730/46/37 4731/187/22
f 4781/47/38 4731/187/22 4732/48/20
f 4784/49/39 4788/53/43 4725/50/40
f 4784/49/39 4783/55/44 4787/52/42
f 4782/54/44 4786/56/45 4787/52/42
f 4782/54/44 4781/47/38 4785/1/1
f 4780/57/46 4784/49/39 4726/51/41
f 4779/59/47 4783/55/44 4784/49/39
f 4778/60/47 4782/54/44 4783/55/44
f 4777/45/36 4781/47/38 4782/54/44
f 4776/61/48 4780/57/46 4727/58/41
f 4775/63/50 4779/59/47 4780/57/46
f 4775/63/50 4774/64/51 4778/60/47
f 4773/42/35 4777/45/36 4778/60/47
f 4741/65/129 4776/61/48 4728/62/49
f 4742/67/54 4775/63/50 4776/61/48
f 4743/68/55 4774/64/51 4775/63/50
f 4744/43/12 4773/42/35 4774/64/51
f 4768/69/56 4772/72/59 4733/70/57
f 4768/69/56 4767/74/60 4771/71/58
f 4766/73/60 4770/75/61 4771/71/58
f 4766/73/60 4765/39/33 4769/7/7
f 4764/76/62 4768/69/56 4734/34/28
f 4763/77/63 4767/74/60 4768/69/56
f 4762/78/64 4766/73/60 4767/74/60
f 4761/37/31 4765/39/33 4766/73/60
f 4760/79/65 4764/76/62 4735/32/28
f 4759/80/66 4763/77/63 4764/76/62
f 4759/80/66 4758/81/67 4762/78/64
f 4757/35/29 4761/37/31 4762/78/64
f 4752/82/68 4760/79/65 4736/30/27
f 4751/83/69 4759/80/66 4760/79/65
f 4750/84/70 4758/81/67 4759/80/66
f 4749/6/6 4757/35/29 4758/81/67
f 4840/85/71 4741/89/129 4717/86/53
f 4840/85/71 4844/91/74 4742/88/54
f 4848/90/73 4743/92/55 4742/88/54
f 4852/10/10 4744/12/12 4743/92/55
f 4772/72/59 4756/94/76 4721/14/14
f 4772/72/59 4771/71/58 4755/93/75
f 4770/75/61 4754/95/77 4755/93/75
f 4769/7/7 4753/9/9 4754/95/77
f 4789/97/26 4856/96/78 4752/82/68
f 4856/96/78 4860/99/80 4751/83/69
f 4864/98/79 4750/84/70 4751/83/69
f 4868/4/4 4749/6/6 4750/84/70
f 4725/50/40 4788/53/43 4748/102/83
f 4788/53/43 4787/52/42 4747/101/132
f 4786/56/45 4746/103/84 4747/101/132
f 4785/1/1 4745/3/3 4746/103/84
f 4746/103/84 4745/3/3 4865/104/85
f 4865/104/85 4866/180/126 4862/106/87
f 4862/106/87 4866/180/126 4867/107/88
f 4863/108/89 4867/107/88 4868/4/4
f 4747/101/132 4746/103/84 4861/105/86
f 4857/109/90 4861/105/86 4862/106/87
f 4862/106/87 4863/108/89 4859/111/89
f 4863/108/89 4864/98/79 4860/99/80
f 4747/101/132 4857/109/90 4853/112/130
f 4857/109/90 4858/110/87 4854/113/92
f 4858/110/87 4859/111/89 4855/114/93
f 4855/114/93 4859/111/89 4860/99/80
f 4719/100/81 4748/102/83 4853/112/130
f 4792/115/94 4853/112/130 4854/113/92
f 4791/116/95 4854/113/92 4855/114/93
f 4790/117/95 4855/114/93 4856/96/78
f 4753/9/9 4849/119/97 4845/118/96
f 4849/119/97 4850/121/99 4846/120/98
f 4850/121/99 4851/177/125 4847/122/100
f 4847/122/100 4851/177/125 4852/10/10
f 4754/95/77 4845/118/96 4841/123/101
f 4841/123/101 4845/118/96 4846/120/98
f 4846/120/98 4847/122/100 4843/125/100
f 4847/122/100 4848/90/73 4844/91/74
f 4755/93/75 4841/123/101 4837/126/102
f 4841/123/101 4842/124/98 4838/127/103
f 4842/124/98 4843/125/100 4839/128/104
f 4839/128/104 4843/125/100 4844/91/74
f 4756/94/76 4837/126/102 4800/129/15
f 4837/126/102 4838/127/103 4799/130/105
f 4838/127/103 4839/128/104 4798/131/105
f 4839/128/104 4840/85/71 4797/87/72
f 4832/132/13 4836/136/13 4728/133/49
f 4831/135/13 4835/138/13 4836/136/13
f 4830/137/13 4834/139/13 4835/138/13
f 4829/33/13 4833/13/13 4834/139/13
f 4828/140/13 4832/132/13 4727/134/41
f 4827/142/13 4831/135/13 4832/132/13
f 4826/143/13 4830/137/13 4831/135/13
f 4825/31/13 4829/33/13 4830/137/13
f 4824/144/13 4828/140/13 4726/141/41
f 4823/146/13 4827/142/13 4828/140/13
f 4822/147/13 4826/143/13 4827/142/13
f 4821/28/13 4825/31/13 4826/143/13
f 4719/148/81 4792/150/94 4824/144/13
f 4791/149/95 4823/146/13 4824/144/13
f 4790/151/95 4822/147/13 4823/146/13
f 4789/29/26 4821/28/13 4822/147/13
f 4816/152/106 4820/155/109 4740/40/34
f 4815/154/108 4819/157/111 4820/155/109
f 4815/154/108 4814/158/112 4818/156/110
f 4814/158/112 4813/25/23 4817/16/128
f 4738/38/32 4812/159/113 4816/152/106
f 4812/159/113 4811/161/115 4815/154/108
f 4810/160/114 4814/158/112 4815/154/108
f 4810/160/114 4809/23/21 4813/25/23
f 4737/36/30 4808/162/116 4812/159/113
f 4808/162/116 4807/164/118 4811/161/115
f 4806/163/117 4810/160/114 4811/161/115
f 4805/20/18 4809/23/21 4810/160/114
f 4724/5/5 4796/165/119 4808/162/116
f 4796/165/119 4795/166/120 4807/164/118
f 4795/166/120 4794/167/121 4806/163/117
f 4793/21/19 4805/20/18 4806/163/117
f 4820/155/109 4801/168/122 4722/8/8
f 4819/157/111 4802/169/123 4801/168/122
f 4818/156/110 4803/170/124 4802/169/123
f 4818/156/110 4817/16/128 4804/18/17
f 4836/136/13 4797/172/72 4717/171/53
f 4835/138/13 4798/173/105 4797/172/72
f 4834/139/13 4799/174/105 4798/173/105
f 4833/13/13 4800/15/15 4799/174/105
f 4722/8/8 4801/175/122 4849/119/97
f 4801/175/122 4802/176/123 4850/121/99
f 4802/176/123 4803/188/124 4851/177/125
f 4851/177/125 4803/188/124 4804/178/17
f 4720/2/2 4793/179/19 4865/104/85
f 4793/179/19 4794/181/121 4866/180/126
f 4866/180/126 4794/181/121 4795/186/120
f 4867/107/88 4795/186/120 4796/182/119
