# Blender 4.4.1
# www.blender.org
mtllib zako2.mtl
o Cube.013
v 0.036836 12.934435 11.174671
v 0.051729 12.935526 11.168032
v 0.052943 11.611916 10.961592
v 0.021952 11.611237 10.965242
v 0.020738 12.934845 11.171682
v 0.038049 11.610828 10.968233
v 0.066062 11.614464 10.945581
v 0.092109 11.636532 10.804932
v -0.052567 11.685242 10.489828
v 0.064848 12.938072 11.152020
v 0.075688 12.941982 11.127251
v 0.005270 11.613132 10.952742
v 0.085045 11.623491 10.888237
v 0.076902 11.618374 10.920813
v 0.083832 12.947100 11.094677
v 0.088967 12.953234 11.055548
v 0.090895 12.960140 11.011372
v 0.089543 12.967562 10.963839
v 0.090181 11.629623 10.849108
v 0.090757 11.643951 10.757402
v 0.084963 12.975208 10.914783
v 0.077330 12.982790 10.866091
v 0.066938 12.990009 10.819624
v 0.054187 12.996595 10.777174
v 0.039566 13.002293 10.740376
v 0.040779 11.678682 10.533937
v 0.055400 11.672987 10.570740
v -0.009670 13.012083 10.676603
v -0.078475 12.979364 10.884445
v -0.008455 11.688473 10.470163
v -0.025766 13.012489 10.673616
v 0.008225 11.686579 10.482666
v 0.007011 13.010189 10.689106
v 0.023637 13.006884 10.710638
v -0.064620 13.004946 10.721035
v -0.072763 12.999828 10.753613
v -0.071550 11.676216 10.547173
v -0.053780 13.008850 10.696266
v -0.040661 13.011396 10.680254
v -0.063406 11.681334 10.514599
v -0.078612 11.663177 10.630480
v -0.079827 12.986788 10.836916
v -0.077898 12.993694 10.792738
v -0.054656 11.633305 10.822226
v -0.065047 11.640528 10.775761
v -0.072681 11.648108 10.727062
v -0.077261 11.655754 10.678007
v -0.076684 11.670086 10.586300
v -0.073894 12.971718 10.933500
v -0.066262 12.964136 10.982195
v -0.055870 12.956917 11.028660
v -0.043118 12.950333 11.071112
v -0.041905 11.626719 10.864672
v -0.028497 12.944630 11.107908
v -0.012568 12.940044 11.137648
v -0.011354 11.616436 10.931208
v -0.027284 11.621023 10.901470
v 0.004057 12.936739 11.159180
v -0.039447 11.687790 10.473814
v -0.024553 11.688881 10.467178
v 0.024851 11.683273 10.504198
v 0.068152 11.666399 10.613186
v 0.078544 11.659176 10.659651
v 0.086176 11.651600 10.708345
v 0.239880 8.237118 12.111532
v 0.377843 5.553593 12.805143
v 0.221392 8.238272 12.119627
v 0.397691 5.555592 12.808720
v 0.259728 8.239115 12.115108
v 0.290731 8.399055 12.715029
v 0.378491 8.337193 12.462933
v 0.418133 5.560661 12.823818
v 0.280171 8.244186 12.130211
v 0.300424 8.252131 12.156258
v 0.191251 8.249735 12.169119
v 0.171969 8.300976 12.367205
v 0.213175 8.362825 12.593328
v 0.351136 5.679300 13.286934
v 0.230750 8.375515 12.637884
v 0.197983 8.348457 12.541920
v 0.250035 8.386036 12.673880
v 0.270287 8.393986 12.699926
v 0.408250 5.710459 13.393536
v 0.387997 5.702513 13.367485
v 0.335945 5.664932 13.235529
v 0.368712 5.691990 13.331495
v 0.483449 5.712112 13.384676
v 0.342934 5.559008 12.832680
v 0.308890 5.602200 13.003214
v 0.323723 5.649433 13.179245
v 0.185761 8.332956 12.485638
v 0.176977 8.316925 12.426643
v 0.314939 5.633400 13.120253
v 0.309931 5.617453 13.060816
v 0.170928 8.285725 12.309607
v 0.173896 8.271751 12.256058
v 0.180760 8.259600 12.208626
v 0.311859 5.588226 12.949669
v 0.318721 5.576077 12.902231
v 0.329213 5.566210 12.862730
v 0.204972 8.242533 12.139069
v 0.359354 5.554747 12.813234
v 0.345488 8.395638 12.691069
v 0.359207 8.388435 12.661015
v 0.497170 5.704910 13.354624
v 0.517492 5.668921 13.214140
v 0.448541 5.717522 13.412210
v 0.467030 5.716370 13.404121
v 0.428693 5.715528 13.408636
v 0.490438 5.606188 12.981825
v 0.352476 8.289713 12.288216
v 0.337285 8.275341 12.236809
v 0.438386 5.568605 12.849867
v 0.457672 5.579130 12.885860
v 0.475247 5.591816 12.930416
v 0.511444 5.637718 13.097101
v 0.502660 5.621685 13.038105
v 0.516452 5.653667 13.156540
v 0.373482 8.321243 12.403490
v 0.379531 8.352448 12.520531
v 0.514525 5.682890 13.267685
v 0.376563 8.366415 12.574078
v 0.369700 8.378569 12.621511
v 0.507662 5.695044 13.315123
v 0.364698 8.305208 12.344498
v 0.319709 8.262651 12.192253
v 0.310578 8.401049 12.718601
v 0.329067 8.399895 12.710510
v -0.304717 9.340895 7.747157
v -0.431613 6.965374 6.317257
v -0.323196 9.337309 7.754557
v -0.411755 6.962627 6.320141
v -0.284859 9.338150 7.750042
v -0.353255 9.311922 7.798690
v -0.363681 9.291098 7.833724
v -0.490576 6.915573 6.403827
v -0.339585 9.327524 7.771958
v -0.480150 6.936398 6.368789
v -0.370462 9.265858 7.875719
v -0.373337 9.237162 7.923057
v -0.372195 9.206123 7.973920
v -0.499090 6.830601 6.544019
v -0.367081 9.173927 8.026352
v -0.500231 6.861643 6.493157
v -0.358192 9.141817 8.078339
v -0.330584 9.082729 8.173079
v -0.312926 9.058023 8.212195
v -0.439822 6.682501 6.782295
v -0.345868 9.111021 8.127883
v -0.457479 6.707209 6.743182
v -0.293574 9.037851 8.243723
v -0.273271 9.022997 8.266451
v -0.252798 9.014023 8.279510
v -0.165462 9.146051 8.055632
v -0.232940 9.011278 8.282394
v -0.359835 6.635757 6.852494
v -0.400167 6.647476 6.836555
v -0.214462 9.014866 8.274992
v -0.184401 9.040253 8.230862
v -0.167196 9.086319 8.153831
v -0.379693 6.638504 6.849609
v -0.164320 9.115013 8.106495
v -0.291216 6.739489 6.676593
v -0.300871 6.685553 6.765926
v -0.173977 9.061077 8.195824
v -0.294090 6.710800 6.723933
v -0.311297 6.664734 6.800962
v -0.324967 6.649128 6.827694
v -0.318684 6.865631 6.471768
v -0.472764 6.735502 6.697982
v -0.198072 9.024649 8.257590
v -0.341356 6.639345 6.845095
v -0.420470 6.662334 6.813823
v -0.493977 6.798407 6.596452
v -0.485087 6.766294 6.648441
v -0.466480 6.952002 6.342060
v -0.450091 6.961784 6.324659
v -0.391281 6.953655 6.333200
v -0.351625 6.918627 6.387455
v -0.224731 9.294149 7.817357
v -0.244083 9.314318 7.785827
v -0.207072 9.269444 7.856469
v -0.370978 6.938797 6.355927
v -0.333968 6.893923 6.426572
v -0.191788 9.241150 7.901668
v -0.306361 6.834835 6.521313
v -0.179465 9.210356 7.951210
v -0.297471 6.802725 6.573299
v -0.170576 9.178246 8.003199
v -0.292358 6.770531 6.625731
v -0.264386 9.329176 7.763096
v -0.497357 6.890331 6.445821
v -0.736437 6.934269 8.314381
v -0.846146 7.669096 8.185705
v -0.904943 7.463108 9.063801
v -0.636604 7.690435 7.614779
v -0.728480 6.574989 8.972595
v -0.460782 6.055578 8.790578
v -0.548898 6.727125 8.002855
v -0.128642 5.890583 8.664863
v -0.319734 7.667435 7.386944
v -0.246041 6.627661 7.821790
v 0.087558 6.741108 7.927869
v 0.041703 7.705339 7.534860
v 0.336301 6.957840 8.187990
v 0.217525 6.070482 8.710659
v 0.012373 5.516981 9.761181
v 0.500734 6.601995 8.827769
v 0.369564 5.722841 9.749958
v 0.484831 5.737194 10.850132
v 0.751546 6.289274 10.835232
v 0.665555 6.320732 9.807255
v 0.849476 7.273769 9.933491
v 0.659087 7.497471 8.879526
v 0.926393 7.164186 11.019001
v 0.910300 8.418806 10.104578
v 0.924402 9.334929 11.357561
v 0.847378 9.561119 10.290241
v 0.989260 8.241852 11.239069
v 0.657097 9.668215 9.218092
v 0.707594 8.593040 8.984666
v 0.381199 9.732910 8.358556
v 0.405946 8.734680 8.071129
v 0.383067 7.696102 8.040882
v 0.036590 8.818962 7.523211
v 0.039713 9.876083 7.873425
v -0.345165 8.841509 7.370162
v -0.678155 8.803257 7.607424
v -0.321832 9.954786 7.743695
v -0.638595 9.861179 7.953341
v -0.848014 9.705900 8.503380
v -0.552505 10.660896 8.616392
v -0.739585 10.367281 8.849815
v -0.465373 11.060841 9.571232
v -0.732087 10.508760 9.586132
v -0.906934 9.633848 9.402363
v -0.969801 8.556183 9.182296
v -0.830017 9.524265 10.487871
v -0.890841 8.379230 10.316786
v -0.639628 9.300564 11.541838
v -0.688136 8.204992 11.436697
v -0.637638 7.129820 11.203272
v -0.827919 7.236914 10.131123
v -0.477667 6.262266 10.980057
v -0.642258 6.291996 9.961340
v -0.345181 5.707136 9.834169
v -0.193476 5.722290 10.930048
v 0.153023 5.539392 10.919264
v -0.064492 6.123158 11.879957
v -0.313694 6.407183 11.697939
v -0.361741 7.065125 12.062809
v -0.020255 6.921951 12.547939
v -0.017131 7.979073 12.898153
v 0.364624 7.956524 13.051201
v 0.341290 6.843252 12.677670
v 0.658054 6.936855 12.468023
v 0.571964 6.137138 11.804972
v 0.269339 5.985067 11.946804
v 0.759044 6.430754 11.571548
v 0.867473 7.092134 11.917984
v 0.697614 7.994778 12.813940
v 0.921327 8.092089 12.196148
v 0.865605 9.128941 12.235657
v 0.656063 9.107597 12.806583
v 0.755896 9.863764 12.106983
v 0.747938 10.223045 11.448769
v 0.480240 10.742456 11.630787
v 0.568356 10.070908 12.418507
v 0.148101 10.907452 11.756500
v 0.339193 9.130600 13.034420
v 0.265500 10.170374 12.599573
v -0.068100 10.056927 12.493494
v -0.316842 9.840193 12.233374
v -0.022245 9.092695 12.886503
v -0.198066 10.727552 11.710705
v 0.007086 11.281054 10.660183
v -0.350105 11.075195 10.671406
v -0.481275 10.196035 11.593594
v -0.646096 10.477303 10.614109
v 0.212935 11.075743 9.491315
v 0.364640 11.090899 10.587196
v -0.133564 11.258642 9.502100
v 0.083951 10.674879 8.541406
v -0.249880 10.812969 8.474559
v 0.333153 10.390852 8.723425
v 0.497126 10.535769 9.441306
v 0.661717 10.506041 10.460024
v -0.363608 9.101931 12.380482
v -0.386487 8.063354 12.350235
v -0.901868 8.705946 8.225216
v -0.138157 5.059788 8.563496
v -0.185245 5.060347 8.558790
v -0.200026 6.635759 8.312260
v -0.093602 5.062361 8.547899
v -0.269916 5.222668 7.507155
v -0.314471 5.220097 7.522750
v -0.354783 5.214495 7.558042
v -0.389301 5.206079 7.611674
v -0.233054 5.064013 8.533973
v -0.279748 5.070646 8.489987
v -0.323532 5.079992 8.428534
v -0.416699 5.195166 7.681591
v -0.435925 5.182182 7.765097
v -0.446240 5.167627 7.858991
v -0.362725 5.091690 8.351966
v -0.395818 5.105295 8.263234
v -0.421542 5.120281 8.165739
v -0.438908 5.136068 8.063238
v -0.447247 5.152054 7.959659
v -0.222828 5.222111 7.511860
v -0.175020 5.218445 7.536677
v -0.053291 5.067963 8.512611
v -0.018772 5.076378 8.458975
v 0.008626 5.087290 8.389063
v -0.128325 5.211809 7.580662
v -0.084541 5.202465 7.642116
v -0.045349 5.190765 7.718684
v 0.027852 5.100269 8.305553
v 0.038167 5.114830 8.211659
v 0.039174 5.130402 8.110991
v -0.012255 5.177162 7.807415
v 0.013469 5.162176 7.904910
v 0.030834 5.146387 8.007412
v 0.271662 4.547611 11.707794
v 0.224597 4.548124 11.703262
v 0.210830 6.121046 11.464624
v 0.316238 4.550138 11.692364
v 0.142131 4.705656 10.668890
v 0.097555 4.703131 10.684319
v 0.057180 4.697664 10.719116
v 0.022559 4.689470 10.771950
v 0.176852 4.551653 11.678940
v 0.130260 4.558064 11.635765
v 0.086615 4.567106 11.575396
v -0.004977 4.678858 10.840778
v -0.024372 4.666245 10.922968
v -0.034880 4.652103 11.015354
v 0.047592 4.578438 11.500153
v 0.014690 4.591621 11.412926
v -0.010825 4.606153 11.317070
v -0.036095 4.636986 11.114389
v -0.027974 4.621471 11.216265
v 0.189197 4.705143 10.673426
v 0.236942 4.701614 10.697748
v 0.356613 4.555603 11.657566
v 0.391234 4.563797 11.604738
v 0.418771 4.574409 11.535908
v 0.283533 4.695206 10.740923
v 0.327178 4.686161 10.801291
v 0.366202 4.674831 10.876535
v 0.438166 4.587025 11.453720
v 0.448673 4.601164 11.361330
v 0.449888 4.616282 11.262299
v 0.399103 4.661644 10.963758
v 0.424618 4.647114 11.059616
v 0.441767 4.631794 11.160419
v -0.077702 11.822187 10.052736
v -0.076924 10.973465 9.920364
v -0.117858 11.819248 10.070637
v -0.034304 11.821083 10.060793
v -0.182451 11.801838 10.180584
v -0.181673 10.953117 10.048214
v -0.204407 11.788040 10.268408
v -0.153227 11.812376 10.113806
v -0.219804 11.732880 10.621145
v 0.047676 11.612852 11.395548
v -0.207456 11.712265 10.753401
v -0.206677 10.863539 10.621029
v -0.222671 10.904163 10.360632
v -0.223449 11.752884 10.493004
v -0.218251 11.771513 10.373896
v -0.186878 11.691824 10.884687
v -0.158861 11.672356 11.009958
v -0.124482 11.654600 11.124401
v -0.042118 11.626869 11.303791
v -0.219026 10.884159 10.488773
v 0.002703 11.617958 11.361845
v 0.003481 10.769236 11.229475
v -0.085063 11.639240 11.223614
v -0.041340 10.778145 11.171419
v -0.158082 10.823633 10.877586
v -0.084285 10.790516 11.091242
v -0.123704 10.805876 10.992031
v 0.173012 10.912857 10.314011
v 0.167378 10.772835 11.210163
v -0.186099 10.843102 10.752316
v 0.091853 10.763027 11.271233
v -0.152449 10.963652 9.981434
v -0.117080 10.970524 9.938265
v -0.033525 10.972359 9.928421
v 0.011448 10.967253 9.962124
v 0.010671 11.815977 10.094498
v 0.056269 10.958345 10.020180
v 0.055491 11.807066 10.152550
v 0.098436 11.794695 10.232725
v 0.099214 10.945974 10.100355
v 0.137855 11.779335 10.331944
v 0.138634 10.930613 10.199572
v 0.172234 11.761578 10.446386
v 0.233178 11.701056 10.835199
v 0.220829 11.721674 10.702940
v 0.221607 10.872952 10.570568
v 0.236822 11.681049 10.963341
v 0.233957 10.852329 10.702824
v 0.195825 11.632097 11.275759
v 0.200251 11.742107 10.571655
v 0.201030 10.893387 10.439285
v 0.217780 11.645893 11.187935
v 0.218558 10.797171 11.055563
v 0.166601 11.621559 11.342533
v 0.131231 11.614689 11.385704
v 0.231623 11.662424 11.082443
v 0.196602 10.783373 11.143383
v 0.237601 10.832325 10.830967
v 0.232402 10.813702 10.950071
v 0.091076 11.611752 11.403605
v 0.132009 10.765968 11.253332
v 0.048455 10.764130 11.263176
v -0.203629 10.939320 10.136034
v -0.217472 10.922789 10.241526
v -0.304717 9.656574 0.511647
v -0.431613 7.016075 -0.334209
v -0.323196 9.654787 0.519672
v -0.411755 7.014069 -0.330771
v -0.284859 9.654568 0.515083
v -0.353255 9.640219 0.568457
v -0.363680 9.628002 0.607339
v -0.490576 6.987499 -0.238513
v -0.339585 9.649261 0.538855
v -0.480150 6.999716 -0.277399
v -0.370461 9.613083 0.654009
v -0.373336 9.596031 0.706674
v -0.372195 9.577509 0.763307
v -0.499090 6.937008 -0.082548
v -0.367081 9.558222 0.821734
v -0.500232 6.955534 -0.139182
v -0.358192 9.538916 0.879706
v -0.330584 9.503176 0.985489
v -0.312926 9.488119 1.029235
v -0.439822 6.847616 0.183380
v -0.345868 9.520327 0.935002
v -0.457479 6.862675 0.139637
v -0.293574 9.475733 1.064555
v -0.273271 9.466494 1.090087
v -0.252798 9.460760 1.104859
v -0.165462 9.537821 0.856635
v -0.232940 9.458752 1.108296
v -0.359835 6.818253 0.262441
v -0.400167 6.825994 0.244236
v -0.214462 9.460545 1.100267
v -0.184401 9.475111 1.051485
v -0.167196 9.502247 0.965930
v -0.379693 6.820261 0.259003
v -0.164320 9.519299 0.913269
v -0.291217 6.878794 0.067413
v -0.300871 6.846827 0.166748
v -0.173977 9.487328 1.012600
v -0.294090 6.861750 0.120078
v -0.311298 6.834612 0.205630
v -0.324967 6.825567 0.235231
v -0.318684 6.954500 -0.160914
v -0.472764 6.879827 0.089146
v -0.198072 9.466066 1.081085
v -0.341356 6.820044 0.254415
v -0.420470 6.835232 0.218699
v -0.493977 6.917723 -0.024121
v -0.485087 6.898415 0.033854
v -0.466481 7.008760 -0.306998
v -0.450091 7.014282 -0.326180
v -0.391281 7.008333 -0.316000
v -0.351626 6.986708 -0.255148
v -0.224730 9.627213 0.590707
v -0.244083 9.639597 0.555388
v -0.207072 9.612150 0.634449
v -0.370978 6.999096 -0.290467
v -0.333968 6.971653 -0.211402
v -0.191788 9.595001 0.684940
v -0.306361 6.935913 -0.105619
v -0.179465 9.576410 0.740232
v -0.297471 6.916605 -0.047647
v -0.170576 9.557104 0.798209
v -0.292358 6.897322 0.010779
v -0.264386 9.648832 0.529850
v -0.497357 6.972580 -0.191844
v 0.036836 13.941477 3.021825
v 0.051730 13.941013 3.015112
v 0.052944 12.605381 3.118304
v 0.021952 12.605560 3.122015
v 0.020738 13.941191 3.018822
v 0.038049 12.605850 3.125017
v 0.066062 12.604185 3.102136
v 0.092109 12.593346 2.960180
v -0.052566 12.568356 2.642313
v 0.064849 13.939814 2.998942
v 0.075689 13.937929 2.973939
v 0.005270 12.604532 3.109411
v 0.085046 12.599794 3.044252
v 0.076903 12.602297 3.077131
v 0.083833 13.935427 2.941061
v 0.088967 13.932404 2.901569
v 0.090895 13.928976 2.856987
v 0.089543 13.925278 2.809022
v 0.090181 12.596773 3.004761
v 0.090758 12.589649 2.912217
v 0.084963 13.921450 2.759522
v 0.077331 13.917637 2.710389
v 0.066939 13.913992 2.663507
v 0.054187 13.910648 2.620680
v 0.039567 13.907738 2.583558
v 0.040779 12.572105 2.686749
v 0.055401 12.575018 2.723876
v -0.009669 13.902613 2.519242
v -0.078474 13.918524 2.729041
v -0.008455 12.566982 2.622433
v -0.025766 13.902323 2.516242
v 0.008226 12.568010 2.635036
v 0.007012 13.903641 2.531844
v 0.023637 13.905373 2.553561
v -0.064619 13.905876 2.564124
v -0.072762 13.908379 2.597006
v -0.071549 12.572746 2.700198
v -0.053779 13.903984 2.539120
v -0.040660 13.902786 2.522952
v -0.063405 12.570244 2.667318
v -0.078612 12.579197 2.784270
v -0.079826 13.914829 2.681076
v -0.077898 13.911400 2.636494
v -0.054655 12.594177 2.977750
v -0.065047 12.590532 2.930869
v -0.072680 12.586723 2.881733
v -0.077260 12.582895 2.832234
v -0.076684 12.575768 2.739686
v -0.073893 13.922354 2.778541
v -0.066261 13.926161 2.827673
v -0.055870 13.929813 2.874555
v -0.043117 13.933157 2.917383
v -0.041904 12.597523 3.020575
v -0.028496 13.936062 2.954506
v -0.012568 13.938431 2.984504
v -0.011354 12.602800 3.087696
v -0.027283 12.600433 3.057698
v 0.004057 13.940163 3.006219
v -0.039446 12.567158 2.626144
v -0.024553 12.566692 2.619433
v 0.024851 12.569742 2.656752
v 0.068153 12.578360 2.766700
v 0.078544 12.582008 2.813581
v 0.086176 12.585819 2.862714
v 0.239880 9.585075 5.012866
v 0.377843 7.132698 6.304480
v 0.221392 9.588057 5.020478
v 0.397690 7.135466 6.307501
v 0.259728 9.587839 5.015887
v 0.290731 9.881336 5.563012
v 0.378491 9.763208 5.331872
v 0.418132 7.143869 6.321032
v 0.280171 9.596245 5.029421
v 0.300424 9.609961 5.052945
v 0.191251 9.610584 5.066013
v 0.171969 9.705967 5.247026
v 0.213175 9.818113 5.452890
v 0.351136 7.365740 6.744500
v 0.230750 9.840704 5.493339
v 0.197983 9.792318 5.406157
v 0.250035 9.859209 5.525954
v 0.270287 9.872932 5.549478
v 0.408250 7.420557 6.841092
v 0.387997 7.406837 6.817564
v 0.335945 7.339945 6.697772
v 0.368712 7.388329 6.784954
v 0.483449 7.420130 6.832087
v 0.342933 7.144297 6.330036
v 0.308890 7.225513 6.486084
v 0.323722 7.311928 6.646554
v 0.185761 9.764303 5.354944
v 0.176977 9.735146 5.301211
v 0.314938 7.282770 6.592824
v 0.309930 7.253592 6.538640
v 0.170928 9.677891 5.194475
v 0.173896 9.651985 5.145567
v 0.180760 9.629261 5.102195
v 0.311859 7.199612 6.437181
v 0.318721 7.176889 6.393806
v 0.329213 7.158209 6.357627
v 0.204972 9.596670 5.038422
v 0.359354 7.135681 6.312088
v 0.345488 9.872503 5.540478
v 0.359207 9.858591 5.512881
v 0.497169 7.406216 6.804496
v 0.517492 7.338913 6.676038
v 0.448541 7.431723 6.857643
v 0.467030 7.428741 6.850034
v 0.428693 7.428961 6.854622
v 0.490437 7.224482 6.464352
v 0.352476 9.676855 5.172738
v 0.337285 9.651056 5.126009
v 0.438386 7.157587 6.344558
v 0.457671 7.176098 6.377170
v 0.475246 7.198685 6.417619
v 0.511444 7.281654 6.569299
v 0.502660 7.252495 6.515565
v 0.516452 7.310835 6.623483
v 0.373482 9.734030 5.277685
v 0.379531 9.791286 5.384424
v 0.514525 7.364811 6.724942
v 0.376563 9.817186 5.433331
v 0.369700 9.839912 5.476704
v 0.507662 7.387539 6.768318
v 0.364699 9.704870 5.223955
v 0.319709 9.628473 5.085560
v 0.310578 9.884098 5.566030
v 0.329067 9.881117 5.558421
v -0.736437 7.444658 1.616633
v -0.846146 8.130260 1.322570
v -0.904943 8.131531 2.224502
v -0.636604 8.019855 0.762013
v -0.728481 7.246216 2.339787
v -0.460783 6.698883 2.281977
v -0.548898 7.171480 1.361036
v -0.128642 6.509417 2.197534
v -0.319734 7.945126 0.545558
v -0.246041 7.033075 1.207666
v 0.087558 7.167858 1.284842
v 0.041703 8.015999 0.680808
v 0.336301 7.438559 1.488208
v 0.217525 6.695024 2.200771
v 0.012372 6.397697 3.350360
v 0.500734 7.239229 2.192630
v 0.369564 6.595470 3.292142
v 0.484831 6.862213 4.359586
v 0.751546 7.396101 4.218239
v 0.665555 7.190531 3.210535
v 0.849476 8.147076 3.114428
v 0.659087 8.122637 2.037261
v 0.926393 8.289829 4.196074
v 0.910300 9.300789 3.017857
v 0.924402 10.480284 4.026835
v 0.847378 10.455202 2.936099
v 0.989260 9.389227 4.162654
v 0.657097 10.313097 1.868025
v 0.707595 9.213055 1.887872
v 0.381199 10.178577 1.016619
v 0.405946 9.141014 0.966233
v 0.383067 8.123272 1.175415
v 0.036590 9.097153 0.413607
v 0.039713 10.206459 0.511572
v -0.345165 9.083935 0.259473
v -0.678155 9.101215 0.499176
v -0.321832 10.253250 0.367229
v -0.638595 10.210314 0.592774
v -0.848014 10.185568 1.163776
v -0.552504 11.140980 1.054347
v -0.739584 10.908848 1.348985
v -0.465373 11.749603 1.891752
v -0.732087 11.215715 2.033097
v -0.906934 10.321989 2.055263
v -0.969801 9.222591 2.088684
v -0.830017 10.464741 3.136910
v -0.890841 9.311028 3.233480
v -0.639628 10.489180 4.214077
v -0.688136 9.398760 4.363464
v -0.637638 8.298719 4.383313
v -0.827919 8.156614 3.315238
v -0.477667 7.403090 4.365396
v -0.642258 7.197966 3.367101
v -0.345181 6.599533 3.377707
v -0.193477 6.866068 4.440788
v 0.153023 6.685587 4.472314
v -0.064492 7.474459 5.273184
v -0.313695 7.709068 5.030777
v -0.361741 8.433239 5.234718
v -0.020255 8.405359 5.739766
v -0.017131 9.514664 5.837729
v 0.364624 9.527884 5.991865
v 0.341290 8.358568 5.884108
v 0.658053 8.401501 5.658564
v 0.571963 7.470839 5.196991
v 0.269338 7.355423 5.369969
v 0.759043 7.702969 4.902353
v 0.867473 8.426250 5.087562
v 0.697614 9.510599 5.752161
v 0.921327 9.463366 5.128539
v 0.865605 10.481556 4.928769
v 0.656063 10.591961 5.489325
v 0.755896 11.167158 4.634705
v 0.747939 11.365601 3.911551
v 0.480241 11.912935 3.969361
v 0.568357 11.440338 4.890303
v 0.148101 12.102400 4.053804
v 0.339193 10.666693 5.705780
v 0.265500 11.578743 5.043672
v -0.068100 11.443958 4.966496
v -0.316842 11.173260 4.763130
v -0.022245 10.595818 5.570530
v -0.198066 11.916790 4.050566
v 0.007087 12.214119 2.900977
v -0.350105 12.016346 2.959196
v -0.481275 11.372587 4.058708
v -0.646096 11.421286 3.040803
v 0.212936 11.745747 1.810550
v 0.364640 12.012283 2.873631
v -0.133564 11.926231 1.779024
v 0.083951 11.137358 0.978154
v -0.249879 11.256393 0.881368
v 0.333154 10.902750 1.220560
v 0.497126 11.208727 1.885942
v 0.661717 11.413853 2.884237
v -0.363608 10.488544 5.075923
v -0.386487 9.470802 5.285104
v -0.901868 9.148451 1.122798
v -0.138158 5.677559 2.289759
v -0.185245 5.677019 2.285051
v -0.200026 7.153646 1.683155
v -0.093602 5.676477 2.273990
v -0.269916 5.593378 1.224255
v -0.314471 5.594460 1.240025
v -0.354783 5.597115 1.275659
v -0.389301 5.601246 1.329791
v -0.233054 5.674885 2.260056
v -0.279748 5.671236 2.215723
v -0.323532 5.666212 2.153767
v -0.416699 5.606689 1.400343
v -0.435926 5.613241 1.484598
v -0.446241 5.620647 1.579325
v -0.362725 5.660006 2.076559
v -0.395819 5.652859 1.987075
v -0.421543 5.645044 1.888746
v -0.438908 5.636860 1.785358
v -0.447247 5.628622 1.680878
v -0.222829 5.593916 1.228962
v -0.175021 5.596048 1.253958
v -0.053291 5.673822 2.238359
v -0.018773 5.669689 2.184224
v 0.008626 5.664248 2.113675
v -0.128326 5.599701 1.298290
v -0.084542 5.604723 1.360248
v -0.045349 5.610929 1.437455
v 0.027852 5.657692 2.029416
v 0.038167 5.650290 1.934690
v 0.039173 5.642315 1.833136
v -0.012255 5.618076 1.526939
v 0.013469 5.625891 1.625269
v 0.030834 5.634077 1.728656
v 0.271661 5.901506 5.467618
v 0.224596 5.900965 5.463090
v 0.210829 7.376978 4.869445
v 0.316238 5.900423 5.452021
v 0.142131 5.816626 4.420195
v 0.097554 5.817715 4.435792
v 0.057179 5.820391 4.470914
v 0.022559 5.824553 4.524216
v 0.176851 5.898811 5.438607
v 0.130260 5.895128 5.395114
v 0.086615 5.890060 5.334283
v -0.004978 5.830040 4.593642
v -0.024373 5.836645 4.676531
v -0.034880 5.844110 4.769694
v 0.047592 5.883801 5.258450
v 0.014689 5.876593 5.170526
v -0.010825 5.868713 5.073896
v -0.036095 5.852154 4.869554
v -0.027974 5.860458 4.972268
v 0.189196 5.817169 4.424727
v 0.236941 5.819326 4.449210
v 0.356613 5.897743 5.416899
v 0.391234 5.893581 5.363602
v 0.418770 5.888096 5.294174
v 0.283533 5.823009 4.492702
v 0.327178 5.828074 4.553533
v 0.366202 5.834333 4.629367
v 0.438165 5.881489 5.211286
v 0.448672 5.874023 5.118119
v 0.449888 5.865986 5.018262
v 0.399103 5.841543 4.717288
v 0.424618 5.849424 4.813919
v 0.441766 5.857676 4.915545
v -0.077702 12.601213 2.185452
v -0.076924 11.744781 2.251622
v -0.117857 12.602463 2.203547
v -0.034304 12.601990 2.193546
v -0.182451 12.610783 2.314555
v -0.181673 11.754353 2.380725
v -0.204407 12.617531 2.403199
v -0.153227 12.605696 2.247141
v -0.219804 12.644890 2.759173
v 0.047677 12.705997 3.540436
v -0.207456 12.655212 2.892628
v -0.206677 11.798779 2.958797
v -0.222670 11.778488 2.696033
v -0.223449 12.634918 2.629862
v -0.218250 12.625683 2.509663
v -0.186877 12.665485 3.025098
v -0.158861 12.675318 3.151489
v -0.124482 12.684332 3.266951
v -0.042117 12.698557 3.447913
v -0.219026 11.788462 2.825343
v 0.002704 12.703224 3.506462
v 0.003481 11.846792 3.572633
v -0.085062 12.692179 3.367039
v -0.041340 11.842125 3.514082
v -0.158082 11.818886 3.217659
v -0.084285 11.835745 3.433210
v -0.123704 11.827898 3.333121
v 0.173013 11.776239 2.648662
v 0.167379 11.845860 3.553011
v -0.186099 11.809052 3.091268
v 0.091854 11.850346 3.614700
v -0.152449 11.749264 2.313311
v -0.117079 11.746033 2.269718
v -0.033525 11.745556 2.259716
v 0.011448 11.748331 2.293690
v 0.010671 12.604763 2.227522
v 0.056269 11.753000 2.352238
v 0.055492 12.609428 2.286069
v 0.098437 12.615810 2.366942
v 0.099215 11.759380 2.433112
v 0.137856 12.623657 2.467034
v 0.138634 11.767227 2.533204
v 0.172234 12.632668 2.582495
v 0.233179 12.663097 2.974813
v 0.220829 12.652779 2.841355
v 0.221608 11.796347 2.907524
v 0.236823 12.673067 3.104122
v 0.233957 11.806665 3.040979
v 0.195825 12.697206 3.419430
v 0.200251 12.642504 2.708888
v 0.201030 11.786070 2.775057
v 0.217781 12.690456 3.330785
v 0.218558 11.834021 3.396955
v 0.166601 12.702290 3.486840
v 0.131232 12.705524 3.530434
v 0.231623 12.682304 3.224319
v 0.196603 11.840771 3.485596
v 0.237601 11.816635 3.170289
v 0.232402 11.825876 3.290488
v 0.091076 12.706776 3.548530
v 0.132009 11.849094 3.596604
v 0.048456 11.849567 3.606606
v -0.203629 11.761101 2.469366
v -0.217471 11.769249 2.575832
vn 0.1264 0.1244 0.9842
vn 0.6102 -0.3489 0.7113
vn 0.6389 0.0984 0.7630
vn -0.4233 0.1168 0.8984
vn 0.1234 -0.4341 0.8924
vn -0.3978 -0.4033 0.8241
vn 0.8456 -0.2414 0.4762
vn 0.9975 -0.0698 0.0102
vn -0.8682 -0.0707 -0.4911
vn 0.9766 -0.1180 0.1797
vn -0.6896 -0.3225 0.6484
vn 0.9519 0.0566 0.3011
vn 0.8681 0.0707 0.4913
vn 0.9386 -0.1660 0.3025
vn 0.9836 0.0536 0.1721
vn 0.9952 0.0584 0.0785
vn 0.9976 0.0688 0.0044
vn 0.9948 0.0829 -0.0590
vn 0.9924 -0.0879 0.0867
vn 0.9966 -0.0601 -0.0572
vn 0.9880 0.0999 -0.1176
vn 0.9771 0.1198 -0.1758
vn 0.9608 0.1431 -0.2373
vn 0.9361 0.1713 -0.3070
vn 0.9074 -0.0690 -0.4147
vn 0.8965 0.2074 -0.3916
vn 0.3977 0.4033 -0.8241
vn 0.9440 -0.0619 -0.3241
vn -0.9966 0.0601 0.0572
vn -0.9386 0.1660 -0.3025
vn 0.4232 -0.1167 -0.8985
vn -0.1234 0.4341 -0.8924
vn 0.7125 -0.0958 -0.6951
vn 0.6895 0.3225 -0.6486
vn 0.8267 0.2558 -0.5011
vn -0.9836 -0.0536 -0.1722
vn -0.9766 0.1180 -0.1797
vn -0.9519 -0.0567 -0.3010
vn -0.8456 0.2414 -0.4762
vn -0.6103 0.3489 -0.7112
vn -0.9976 -0.0687 -0.0045
vn -0.9975 0.0698 -0.0102
vn -0.9924 0.0879 -0.0867
vn -0.9948 -0.0829 0.0590
vn -0.9952 -0.0584 -0.0785
vn -0.9608 -0.1431 0.2373
vn -0.9771 -0.1198 0.1758
vn -0.9880 -0.0999 0.1176
vn -0.9912 0.0559 0.1203
vn -0.9815 0.0553 0.1830
vn -0.9667 0.0575 0.2492
vn -0.9440 0.0619 0.3241
vn -0.9361 -0.1713 0.3070
vn -0.9074 0.0690 0.4146
vn -0.8268 -0.2558 0.5010
vn -0.8425 0.0797 0.5327
vn -0.8964 -0.2074 0.3916
vn -0.7124 0.0958 0.6952
vn -0.6389 -0.0984 -0.7630
vn -0.1263 -0.1243 -0.9842
vn 0.8425 -0.0797 -0.5328
vn 0.9667 -0.0574 -0.2493
vn 0.9815 -0.0554 -0.1830
vn 0.9912 -0.0559 -0.1203
vn -0.0265 -0.7426 -0.6692
vn -0.5816 0.2880 -0.7608
vn -0.1628 0.3503 -0.9224
vn 0.4505 -0.6426 -0.6199
vn 0.2980 0.3418 -0.8913
vn -0.4504 0.6425 0.6199
vn 0.9888 0.1095 -0.1016
vn -0.9500 0.1925 0.2459
vn 0.7680 0.2371 -0.5950
vn 0.7160 -0.4865 -0.5007
vn 0.6033 0.2895 -0.7431
vn -0.9198 0.1431 -0.3653
vn -0.9989 0.0436 0.0176
vn -0.9109 -0.1635 0.3789
vn -0.9120 0.2652 0.3129
vn -0.9729 0.1347 0.1878
vn -0.8451 0.3598 0.3955
vn -0.6033 -0.2895 0.7431
vn -0.7160 0.4864 0.5007
vn -0.7680 -0.2371 0.5950
vn -0.8580 -0.1955 0.4751
vn -0.9442 -0.1387 0.2986
vn 0.8140 -0.2070 0.5427
vn -0.7987 -0.4813 -0.3612
vn -0.9909 -0.1291 0.0390
vn -0.9661 -0.1201 0.2283
vn -0.9871 0.0889 0.1334
vn -0.9953 0.0571 0.0780
vn -0.9805 -0.1089 0.1637
vn -0.9888 -0.1096 0.1017
vn -0.9975 0.0486 -0.0514
vn -0.9889 0.0674 -0.1327
vn -0.9847 -0.1717 -0.0292
vn -0.9674 0.0982 -0.2334
vn -0.9646 -0.2393 -0.1106
vn -0.9156 -0.3390 -0.2161
vn -0.8139 0.2070 -0.5428
vn -0.5236 -0.6546 -0.5453
vn 0.9156 0.3390 0.2161
vn 0.7987 0.4813 0.3610
vn 0.5816 -0.2880 0.7608
vn 0.9198 -0.1431 0.3653
vn 0.9975 -0.0486 0.0514
vn 0.9729 -0.1347 -0.1878
vn 0.1626 -0.3503 0.9224
vn -0.2979 -0.3418 0.8913
vn 0.9109 0.1635 -0.3789
vn 0.9442 0.1387 -0.2987
vn 0.9871 -0.0890 -0.1334
vn 0.9500 -0.1925 -0.2459
vn 0.8451 -0.3599 -0.3954
vn 0.9120 -0.2651 -0.3129
vn 0.9953 -0.0571 -0.0780
vn 0.9989 -0.0436 -0.0176
vn 0.9805 0.1089 -0.1637
vn 0.9909 0.1291 -0.0390
vn 0.9889 -0.0674 0.1327
vn 0.9847 0.1717 0.0292
vn 0.9646 0.2394 0.1105
vn 0.9674 -0.0982 0.2334
vn 0.9661 0.1201 -0.2283
vn 0.8579 0.1956 -0.4751
vn 0.0266 0.7425 0.6694
vn 0.5236 0.6547 0.5452
vn -0.2069 0.2339 -0.9500
vn -0.5645 0.6332 -0.5296
vn -0.0151 0.7375 -0.6752
vn 0.3337 0.2149 -0.9179
vn -0.9339 0.3088 -0.1804
vn 0.4996 0.6190 -0.6059
vn -0.9786 0.0385 -0.2023
vn -0.9730 0.2170 -0.0790
vn -0.9882 0.1534 -0.0026
vn -0.9440 0.0754 -0.3213
vn -0.8332 0.4464 -0.3265
vn -0.9907 0.0696 0.1170
vn -0.9925 0.1064 0.0605
vn -0.9987 -0.0493 0.0147
vn -0.9844 0.0388 0.1716
vn -0.9988 -0.0209 -0.0444
vn -0.9736 0.0113 0.2279
vn -0.9311 -0.0422 0.3623
vn -0.9224 -0.2593 0.2862
vn -0.8886 -0.0728 0.4528
vn -0.8123 -0.1105 0.5726
vn -0.9544 -0.1989 0.2227
vn -0.9570 -0.0149 0.2898
vn -0.6592 -0.1592 0.7349
vn -0.3337 -0.2150 0.9179
vn 0.9987 0.0493 -0.0147
vn 0.9934 -0.0076 0.1143
vn 0.0151 -0.7375 0.6752
vn 0.2069 -0.2339 0.9500
vn 0.6557 -0.1847 0.7321
vn -0.4997 -0.6191 0.6059
vn -0.7529 -0.4583 0.4724
vn 0.9440 -0.0754 0.3213
vn 0.9925 -0.1064 -0.0605
vn 0.9988 0.0209 0.0444
vn 0.9882 -0.1533 0.0026
vn 0.9730 -0.2170 0.0790
vn 0.9786 -0.0385 0.2023
vn 0.9339 -0.3088 0.1804
vn 0.8332 -0.4464 0.3265
vn 0.9570 0.0150 -0.2898
vn -0.9740 -0.1517 0.1682
vn 0.8616 -0.1232 0.4923
vn 0.5645 -0.6332 0.5295
vn -0.8616 0.1232 -0.4924
vn -0.8659 -0.3412 0.3659
vn -0.9866 -0.1129 0.1177
vn -0.9946 -0.0794 0.0675
vn -0.6557 0.1847 -0.7321
vn 0.6591 0.1592 -0.7350
vn 0.8887 0.0728 -0.4527
vn 0.8658 0.3412 -0.3660
vn 0.9224 0.2593 -0.2862
vn 0.9544 0.1989 -0.2227
vn 0.8123 0.1105 -0.5726
vn 0.9311 0.0422 -0.3623
vn 0.9740 0.1518 -0.1682
vn 0.9736 -0.0113 -0.2279
vn 0.9866 0.1129 -0.1176
vn 0.9844 -0.0388 -0.1716
vn 0.9946 0.0794 -0.0675
vn 0.9907 -0.0696 -0.1170
vn 0.7529 0.4583 -0.4723
vn -0.9934 0.0076 -0.1143
vn -0.9525 -0.2297 -0.1999
vn -0.9956 -0.0939 0.0033
vn -0.9820 -0.0805 -0.1710
vn -0.8445 -0.1079 -0.5245
vn -0.9650 -0.2583 -0.0458
vn -0.7856 -0.3913 -0.4793
vn -0.7980 -0.5594 -0.2244
vn -0.0500 -0.8637 -0.5015
vn -0.0907 -0.5514 -0.8293
vn -0.1372 -0.1471 -0.9796
vn 0.6619 -0.3696 -0.6521
vn 0.6799 -0.0918 -0.7275
vn 0.8793 -0.2095 -0.4278
vn 0.7311 -0.5415 -0.4149
vn 0.9304 -0.2314 -0.2842
vn -0.0100 -0.9896 -0.1436
vn 0.7834 -0.5935 -0.1844
vn 0.9569 -0.2472 -0.1526
vn 0.9642 -0.2642 -0.0208
vn 0.7902 -0.6097 0.0626
vn 0.9896 -0.0747 -0.1229
vn 0.9689 -0.0624 -0.2394
vn 0.9939 0.0252 -0.1077
vn 0.9956 -0.0938 -0.0005
vn 0.9956 0.0939 -0.0033
vn 0.9868 0.1135 -0.1154
vn 1.0000 -0.0000 0.0043
vn 0.9634 0.1412 -0.2278
vn 0.9745 0.0473 -0.2193
vn 0.9091 -0.0535 -0.4132
vn 0.8982 0.1915 -0.3957
vn 0.9156 0.0802 -0.3941
vn 0.6680 0.1475 -0.7294
vn 0.6488 0.3299 -0.6857
vn -0.2282 0.1996 -0.9529
vn -0.8749 0.1073 -0.4722
vn -0.8131 0.2795 -0.5106
vn -0.1337 0.4424 -0.8868
vn -0.7704 0.5195 -0.3697
vn -0.9718 0.1432 -0.1871
vn -0.9458 0.2892 -0.1476
vn -0.7902 0.6097 -0.0626
vn -0.9642 0.2642 0.0208
vn -0.9956 0.0938 0.0005
vn -1.0000 -0.0000 -0.0043
vn -0.9939 -0.0252 0.1077
vn -0.9896 0.0747 0.1229
vn -0.9689 0.0624 0.2394
vn -0.9868 -0.1135 0.1154
vn -0.9745 -0.0473 0.2193
vn -0.9634 -0.1412 0.2278
vn -0.9288 -0.3024 0.2142
vn -0.9565 -0.2785 0.0867
vn -0.7888 -0.6146 0.0115
vn -0.7347 -0.6329 0.2443
vn 0.0243 -0.9704 0.2404
vn -0.6705 -0.5312 0.5179
vn -0.8689 -0.3365 0.3630
vn -0.6488 -0.3299 0.6857
vn -0.8982 -0.1915 0.3957
vn 0.2282 -0.1996 0.9529
vn -0.6680 -0.1475 0.7294
vn 0.1337 -0.4424 0.8868
vn 0.7704 -0.5195 0.3697
vn 0.8131 -0.2795 0.5106
vn 0.0423 -0.7555 0.6538
vn 0.9458 -0.2892 0.1476
vn 0.9718 -0.1432 0.1871
vn 0.8749 -0.1073 0.4722
vn 0.9858 -0.0396 0.1635
vn 0.9820 0.0805 0.1710
vn 0.8445 0.1079 0.5245
vn 0.9525 0.2297 0.1999
vn 0.9650 0.2583 0.0458
vn 0.7980 0.5594 0.2244
vn 0.7856 0.3913 0.4793
vn 0.0500 0.8637 0.5015
vn 0.0907 0.5514 0.8293
vn 0.1372 0.1471 0.9796
vn -0.6619 0.3696 0.6521
vn -0.6799 0.0918 0.7275
vn -0.7311 0.5415 0.4149
vn -0.8793 0.2095 0.4278
vn -0.9304 0.2314 0.2842
vn 0.0100 0.9896 0.1436
vn -0.7834 0.5935 0.1844
vn -0.9569 0.2472 0.1526
vn 0.7347 0.6329 -0.2443
vn 0.7888 0.6146 -0.0115
vn -0.0243 0.9704 -0.2404
vn 0.6705 0.5312 -0.5179
vn -0.0423 0.7555 -0.6538
vn 0.8689 0.3365 -0.3630
vn 0.9288 0.3024 -0.2142
vn 0.9565 0.2785 -0.0867
vn -0.9091 0.0535 0.4132
vn -0.9156 -0.0802 0.3941
vn -0.9858 0.0396 -0.1635
vn 0.1512 -0.3746 0.9148
vn 0.2850 0.8426 -0.4570
vn -0.2738 -0.3660 0.8895
vn -0.5790 0.1804 -0.7951
vn 0.5404 -0.3177 0.7791
vn -0.1844 0.2094 -0.9603
vn -0.8036 0.1367 -0.5793
vn -0.9127 0.0963 -0.3972
vn -0.5785 -0.3117 0.7538
vn -0.7559 -0.2513 0.6045
vn -0.8570 -0.1989 0.4755
vn -0.9647 0.0615 -0.2561
vn -0.9890 0.0307 -0.1445
vn -0.9987 0.0022 -0.0514
vn -0.9170 -0.1551 0.3674
vn -0.9544 -0.1177 0.2743
vn -0.9781 -0.0846 0.1902
vn -0.9924 -0.0543 0.1107
vn -0.9992 -0.0257 0.0316
vn 0.2723 0.1988 -0.9415
vn 0.5964 0.1628 -0.7860
vn 0.7786 -0.2366 0.5811
vn 0.8993 -0.1656 0.4048
vn 0.7751 0.1276 -0.6188
vn 0.9580 -0.1106 0.2647
vn 0.8715 0.0998 -0.4802
vn 0.9268 0.0773 -0.3674
vn 0.9859 -0.0683 0.1528
vn 0.9976 -0.0349 0.0590
vn 0.9997 -0.0073 -0.0249
vn 0.9819 0.0375 -0.1858
vn 0.9607 0.0573 -0.2716
vn 0.9943 0.0164 -0.1050
vn 0.1504 -0.3751 0.9147
vn 0.2773 0.8397 -0.4668
vn -0.2685 -0.3669 0.8907
vn -0.5737 0.1793 -0.7992
vn 0.5349 -0.3195 0.7822
vn -0.1831 0.2070 -0.9611
vn -0.7990 0.1369 -0.5855
vn -0.9099 0.0971 -0.4033
vn -0.5720 -0.3137 0.7579
vn -0.7511 -0.2536 0.6096
vn -0.8539 -0.2009 0.4801
vn -0.9633 0.0625 -0.2611
vn -0.9885 0.0317 -0.1481
vn -0.9985 0.0029 -0.0538
vn -0.9153 -0.1566 0.3711
vn -0.9536 -0.1186 0.2767
vn -0.9778 -0.0850 0.1914
vn -0.9992 -0.0253 0.0304
vn 0.2676 0.1967 -0.9433
vn 0.5907 0.1618 -0.7905
vn 0.7735 -0.2393 0.5869
vn 0.8961 -0.1682 0.4108
vn 0.7709 0.1275 -0.6241
vn 0.9563 -0.1126 0.2698
vn 0.8688 0.1000 -0.4849
vn 0.9254 0.0777 -0.3709
vn 0.9852 -0.0698 0.1566
vn 0.9975 -0.0358 0.0616
vn 0.9997 -0.0078 -0.0234
vn 0.9600 0.0577 -0.2739
vn 0.9817 0.0377 -0.1868
vn 0.9944 0.0163 -0.1047
vn 0.3978 0.4032 -0.8241
vn -0.9519 -0.0567 -0.3011
vn -0.8456 0.2414 -0.4761
vn -0.4232 0.1168 0.8985
vn -0.8425 0.0797 0.5328
vn -0.9667 0.0575 0.2493
vn -0.7125 0.0958 0.6951
vn -0.8267 -0.2558 0.5011
vn -0.9073 0.0689 0.4147
vn -0.8965 -0.2074 0.3916
vn -0.9608 -0.1430 0.2373
vn -0.9361 -0.1713 0.3071
vn 0.8456 -0.2414 0.4761
vn -0.6389 -0.0983 -0.7630
vn 0.4232 -0.1168 -0.8985
vn 0.6896 0.3225 -0.6484
vn 0.9361 0.1713 -0.3071
vn 0.9440 -0.0619 -0.3240
vn 0.9976 0.0688 0.0045
vn 0.9836 0.0536 0.1722
vn 0.8682 0.0707 0.4912
vn 0.6103 -0.3489 0.7112
vn 0.1263 0.1243 0.9842
vn -0.3977 -0.4033 0.8241
vn -0.2346 0.0856 -0.9683
vn -0.5437 0.4560 -0.7046
vn 0.0005 0.5196 -0.8544
vn 0.3373 0.0536 -0.9399
vn -0.9290 0.2417 -0.2801
vn 0.4977 0.4389 -0.7481
vn -0.9836 0.0127 -0.1799
vn -0.9710 0.1839 -0.1529
vn -0.9875 0.1465 -0.0578
vn -0.9542 0.0354 -0.2972
vn -0.8221 0.3324 -0.4622
vn -0.9910 0.1023 0.0860
vn -0.9925 0.1210 0.0191
vn -0.9980 -0.0522 0.0362
vn -0.9851 0.0873 0.1484
vn -0.9992 -0.0306 -0.0239
vn -0.9748 0.0740 0.2106
vn -0.9344 0.0479 0.3530
vn -0.9174 -0.1991 0.3447
vn -0.8941 0.0324 0.4467
vn -0.8210 0.0126 0.5708
vn -0.9503 -0.1583 0.2680
vn -0.9589 0.0613 0.2770
vn -0.6708 -0.0151 0.7415
vn -0.3372 -0.0536 0.9399
vn 0.9980 0.0522 -0.0362
vn 0.9956 0.0091 0.0934
vn -0.0006 -0.5196 0.8544
vn 0.2345 -0.0856 0.9683
vn 0.6889 -0.0812 0.7203
vn -0.4977 -0.4389 0.7481
vn -0.7462 -0.3323 0.5769
vn 0.9542 -0.0354 0.2971
vn 0.9925 -0.1210 -0.0191
vn 0.9992 0.0306 0.0239
vn 0.9875 -0.1464 0.0578
vn 0.9710 -0.1839 0.1529
vn 0.9836 -0.0127 0.1799
vn 0.9290 -0.2417 0.2801
vn 0.8221 -0.3324 0.4622
vn 0.9589 -0.0613 -0.2770
vn -0.9709 -0.1260 0.2038
vn 0.8813 -0.0591 0.4688
vn 0.5437 -0.4559 0.7046
vn -0.8813 0.0591 -0.4688
vn -0.8596 -0.2541 0.4433
vn -0.9843 -0.0987 0.1465
vn -0.9930 -0.0746 0.0918
vn -0.6889 0.0812 -0.7203
vn 0.6708 0.0151 -0.7415
vn 0.8941 -0.0323 -0.4467
vn 0.8596 0.2541 -0.4433
vn 0.9173 0.1991 -0.3447
vn 0.9503 0.1583 -0.2680
vn 0.8210 -0.0125 -0.5708
vn 0.9344 -0.0479 -0.3530
vn 0.9709 0.1260 -0.2038
vn 0.9748 -0.0740 -0.2106
vn 0.9843 0.0987 -0.1465
vn 0.9851 -0.0872 -0.1484
vn 0.9930 0.0746 -0.0917
vn 0.9910 -0.1022 -0.0860
vn 0.7461 0.3323 -0.5769
vn -0.9956 -0.0091 -0.0933
vn 0.1211 0.4847 0.8663
vn 0.5798 -0.3115 0.7529
vn 0.6241 0.3805 0.6824
vn -0.4071 0.4498 0.7949
vn 0.1143 -0.3778 0.9188
vn -0.3726 -0.3541 0.8578
vn 0.8247 -0.2204 0.5209
vn 0.9969 -0.0710 0.0340
vn -0.8614 -0.2499 -0.4421
vn 0.9715 -0.1080 0.2109
vn -0.6615 -0.2889 0.6921
vn 0.9502 0.1607 0.2668
vn 0.8614 0.2500 0.4423
vn 0.9278 -0.1524 0.3405
vn 0.9837 0.1073 0.1445
vn 0.9954 0.0798 0.0536
vn 0.9972 0.0722 -0.0195
vn 0.9935 0.0778 -0.0834
vn 0.9902 -0.0814 0.1132
vn 0.9965 -0.0759 -0.0347
vn 0.9854 0.0907 -0.1438
vn 0.9729 0.1081 -0.2046
vn 0.9543 0.1294 -0.2695
vn 0.9263 0.1555 -0.3432
vn 0.8996 -0.2245 -0.3747
vn 0.8820 0.1884 -0.4320
vn 0.3725 0.3541 -0.8578
vn 0.9393 -0.1809 -0.2914
vn -0.9965 0.0759 0.0347
vn -0.9278 0.1524 -0.3405
vn 0.4071 -0.4498 -0.7949
vn -0.1143 0.3778 -0.9188
vn 0.6954 -0.3578 -0.6232
vn 0.6615 0.2889 -0.6921
vn 0.8058 0.2316 -0.5451
vn -0.9837 -0.1073 -0.1445
vn -0.9715 0.1080 -0.2109
vn -0.9503 -0.1607 -0.2668
vn -0.8247 0.2204 -0.5209
vn -0.5797 0.3115 -0.7530
vn -0.9972 -0.0722 0.0195
vn -0.9969 0.0710 -0.0340
vn -0.9902 0.0814 -0.1133
vn -0.9935 -0.0778 0.0834
vn -0.9954 -0.0798 -0.0536
vn -0.9543 -0.1294 0.2695
vn -0.9729 -0.1081 0.2046
vn -0.9854 -0.0907 0.1438
vn -0.9909 0.0926 0.0976
vn -0.9805 0.1165 0.1585
vn -0.9642 0.1458 0.2216
vn -0.9393 0.1809 0.2915
vn -0.9263 -0.1555 0.3432
vn -0.8996 0.2244 0.3747
vn -0.8058 -0.2316 0.5450
vn -0.8304 0.2812 0.4810
vn -0.8820 -0.1884 0.4320
vn -0.6953 0.3577 0.6234
vn -0.6240 -0.3806 -0.6824
vn -0.1210 -0.4849 -0.8662
vn 0.8304 -0.2811 -0.4810
vn 0.9642 -0.1458 -0.2216
vn 0.9805 -0.1165 -0.1585
vn 0.9909 -0.0926 -0.0976
vn -0.0183 -0.9573 -0.2884
vn -0.5179 0.2810 -0.8080
vn -0.1422 0.3258 -0.9347
vn 0.3941 -0.8735 -0.2858
vn 0.2484 0.3208 -0.9140
vn -0.3941 0.8735 0.2860
vn 0.9860 0.1006 -0.1332
vn -0.9343 0.3242 0.1480
vn 0.7075 0.2396 -0.6649
vn 0.6564 -0.7112 -0.2516
vn 0.5327 0.2831 -0.7976
vn -0.8926 0.1515 -0.4247
vn -0.9984 0.0561 0.0007
vn -0.8801 -0.1687 0.4437
vn -0.8849 0.4300 0.1788
vn -0.9649 0.2340 0.1190
vn -0.8023 0.5575 0.2132
vn -0.5325 -0.2831 0.7977
vn -0.6564 0.7113 0.2514
vn -0.7074 -0.2396 0.6649
vn -0.8134 -0.2010 0.5459
vn -0.9242 -0.1417 0.3547
vn 0.7638 -0.2130 0.6093
vn -0.7443 -0.6497 -0.1544
vn -0.9893 -0.1257 0.0737
vn -0.9540 -0.1197 0.2748
vn -0.9838 0.1559 0.0888
vn -0.9943 0.0925 0.0522
vn -0.9740 -0.1040 0.2011
vn -0.9860 -0.1007 0.1332
vn -0.9960 0.0532 -0.0712
vn -0.9841 0.0719 -0.1626
vn -0.9810 -0.1926 0.0227
vn -0.9550 0.1047 -0.2774
vn -0.9534 -0.3006 -0.0273
vn -0.8879 -0.4523 -0.0841
vn -0.7638 0.2131 -0.6093
vn -0.4563 -0.8585 -0.2339
vn 0.8879 0.4523 0.0840
vn 0.7444 0.6496 0.1545
vn 0.5179 -0.2810 0.8080
vn 0.8926 -0.1516 0.4247
vn 0.9960 -0.0532 0.0712
vn 0.9649 -0.2340 -0.1190
vn 0.1420 -0.3258 0.9347
vn -0.2484 -0.3208 0.9140
vn 0.8801 0.1687 -0.4437
vn 0.9242 0.1417 -0.3546
vn 0.9838 -0.1559 -0.0887
vn 0.9343 -0.3243 -0.1479
vn 0.8023 -0.5576 -0.2132
vn 0.8850 -0.4299 -0.1788
vn 0.9943 -0.0925 -0.0522
vn 0.9984 -0.0561 -0.0007
vn 0.9740 0.1040 -0.2011
vn 0.9893 0.1257 -0.0737
vn 0.9841 -0.0719 0.1626
vn 0.9810 0.1925 -0.0226
vn 0.9534 0.3006 0.0273
vn 0.9550 -0.1047 0.2775
vn 0.9540 0.1197 -0.2748
vn 0.8134 0.2010 -0.5458
vn 0.0185 0.9572 0.2887
vn 0.4562 0.8585 0.2342
vn -0.9550 -0.2655 -0.1323
vn -0.9956 -0.0880 0.0335
vn -0.9844 -0.1142 -0.1341
vn -0.8516 -0.2286 -0.4718
vn -0.9662 -0.2570 0.0225
vn -0.7902 -0.4939 -0.3628
vn -0.8040 -0.5895 -0.0781
vn -0.0669 -0.9592 -0.2746
vn -0.1087 -0.7395 -0.6643
vn -0.1506 -0.3825 -0.9116
vn 0.6573 -0.5206 -0.5450
vn 0.6794 -0.2641 -0.6846
vn 0.8803 -0.3036 -0.3645
vn 0.7277 -0.6294 -0.2727
vn 0.9305 -0.2941 -0.2183
vn -0.0297 -0.9944 0.1015
vn 0.7786 -0.6266 -0.0336
vn 0.9567 -0.2786 -0.0841
vn 0.9637 -0.2623 0.0487
vn 0.7813 -0.5852 0.2171
vn 0.9903 -0.1011 -0.0957
vn 0.9699 -0.1167 -0.2137
vn 0.9944 0.0077 -0.1056
vn 0.9954 -0.0902 0.0334
vn 0.9956 0.0880 -0.0335
vn 0.9861 0.0888 -0.1406
vn 1.0000 0.0011 0.0017
vn 0.9632 0.1006 -0.2493
vn 0.9761 0.0036 -0.2174
vn 0.9106 -0.1483 -0.3857
vn 0.9042 0.1149 -0.4115
vn 0.9205 -0.0067 -0.3907
vn 0.6842 -0.0195 -0.7290
vn 0.6131 0.2226 -0.7580
vn -0.2183 -0.0180 -0.9757
vn -0.8867 0.0087 -0.4623
vn -0.8254 0.1919 -0.5309
vn -0.2236 0.3008 -0.9271
vn -0.7458 0.4244 -0.5135
vn -0.9701 0.1060 -0.2181
vn -0.9392 0.2501 -0.2351
vn -0.7813 0.5852 -0.2171
vn -0.9637 0.2623 -0.0487
vn -0.9954 0.0902 -0.0334
vn -1.0000 -0.0011 -0.0017
vn -0.9944 -0.0077 0.1056
vn -0.9903 0.1011 0.0957
vn -0.9699 0.1167 0.2137
vn -0.9861 -0.0888 0.1406
vn -0.9761 -0.0036 0.2174
vn -0.9632 -0.1006 0.2493
vn -0.9283 -0.2392 0.2847
vn -0.9571 -0.2433 0.1572
vn -0.7953 -0.5843 0.1618
vn -0.7401 -0.5472 0.3909
vn -0.0078 -0.8802 0.4745
vn -0.6718 -0.3929 0.6279
vn -0.8576 -0.2531 0.4478
vn -0.6131 -0.2226 0.7580
vn -0.9042 -0.1149 0.4115
vn 0.2183 0.0180 0.9757
vn -0.6842 0.0195 0.7290
vn 0.2236 -0.3008 0.9271
vn 0.7458 -0.4244 0.5135
vn 0.8254 -0.1919 0.5309
vn -0.0069 -0.5691 0.8222
vn 0.9392 -0.2501 0.2351
vn 0.9701 -0.1060 0.2181
vn 0.8867 -0.0087 0.4623
vn 0.9894 -0.0137 0.1449
vn 0.9844 0.1142 0.1341
vn 0.8516 0.2286 0.4718
vn 0.9550 0.2655 0.1323
vn 0.9662 0.2570 -0.0225
vn 0.8040 0.5895 0.0781
vn 0.7902 0.4939 0.3628
vn 0.0669 0.9592 0.2746
vn 0.1087 0.7395 0.6643
vn 0.1506 0.3825 0.9116
vn -0.6573 0.5206 0.5450
vn -0.6794 0.2641 0.6846
vn -0.7277 0.6294 0.2727
vn -0.8803 0.3036 0.3645
vn -0.9305 0.2941 0.2183
vn 0.0297 0.9944 -0.1015
vn -0.7786 0.6266 0.0336
vn -0.9567 0.2786 0.0841
vn 0.7401 0.5472 -0.3909
vn 0.7953 0.5843 -0.1618
vn 0.0078 0.8802 -0.4745
vn 0.6718 0.3929 -0.6279
vn 0.0069 0.5691 -0.8222
vn 0.8576 0.2531 -0.4478
vn 0.9283 0.2392 -0.2847
vn 0.9571 0.2433 -0.1572
vn -0.9106 0.1483 0.3857
vn -0.9205 0.0067 0.3907
vn -0.9894 0.0137 -0.1449
vn 0.1348 -0.3503 0.9269
vn 0.2814 0.5371 -0.7952
vn -0.2572 -0.3426 0.9036
vn -0.5959 0.0463 -0.8017
vn 0.5054 -0.3046 0.8073
vn -0.1992 0.0254 -0.9796
vn -0.8132 0.0571 -0.5791
vn -0.9171 0.0550 -0.3949
vn -0.5483 -0.2974 0.7816
vn -0.7286 -0.2446 0.6398
vn -0.8366 -0.1967 0.5113
vn -0.9668 0.0416 -0.2521
vn -0.9902 0.0208 -0.1381
vn -0.9991 -0.0035 -0.0420
vn -0.9032 -0.1553 0.4001
vn -0.9458 -0.1193 0.3022
vn -0.9732 -0.0869 0.2129
vn -0.9901 -0.0573 0.1283
vn -0.9986 -0.0296 0.0447
vn 0.2752 0.0065 -0.9614
vn 0.6079 0.0017 -0.7940
vn 0.7503 -0.2334 0.6185
vn 0.8828 -0.1668 0.4392
vn 0.7841 0.0073 -0.6205
vn 0.9498 -0.1130 0.2917
vn 0.8768 0.0164 -0.4805
vn 0.9298 0.0242 -0.3673
vn 0.9825 -0.0711 0.1724
vn 0.9966 -0.0380 0.0726
vn 0.9998 -0.0118 -0.0159
vn 0.9828 0.0216 -0.1832
vn 0.9623 0.0268 -0.2707
vn 0.9950 0.0084 -0.0997
vn 0.1341 -0.3506 0.9269
vn 0.2711 0.5354 -0.7999
vn -0.2520 -0.3433 0.9048
vn -0.5901 0.0406 -0.8063
vn 0.4998 -0.3059 0.8103
vn -0.1969 0.0180 -0.9803
vn -0.8087 0.0538 -0.5858
vn -0.9144 0.0539 -0.4012
vn -0.5416 -0.2991 0.7856
vn -0.7232 -0.2467 0.6451
vn -0.8330 -0.1986 0.5164
vn -0.9655 0.0418 -0.2572
vn -0.9897 0.0215 -0.1418
vn -0.9990 -0.0029 -0.0444
vn -0.9012 -0.1568 0.4041
vn -0.9447 -0.1203 0.3050
vn -0.9728 -0.0874 0.2144
vn -0.9986 -0.0292 0.0436
vn -0.9901 -0.0573 0.1284
vn 0.2710 -0.0003 -0.9626
vn 0.6022 -0.0035 -0.7984
vn 0.7446 -0.2358 0.6245
vn 0.8790 -0.1693 0.4457
vn 0.7799 0.0039 -0.6259
vn 0.9478 -0.1151 0.2973
vn 0.8742 0.0144 -0.4853
vn 0.9284 0.0232 -0.3709
vn 0.9816 -0.0725 0.1766
vn 0.9964 -0.0390 0.0756
vn 0.9998 -0.0122 -0.0142
vn 0.9617 0.0266 -0.2730
vn 0.9827 0.0217 -0.1841
vn 0.9950 0.0083 -0.0993
vn -0.1211 -0.4849 -0.8661
vn -0.5798 0.3115 -0.7529
vn 0.3726 0.3541 -0.8578
vn -0.8304 0.2813 0.4810
vn -0.9935 -0.0778 0.0835
vn -0.9902 0.0814 -0.1132
vn -0.6954 0.3578 0.6232
vn -0.8996 0.2245 0.3747
vn -0.8614 -0.2500 -0.4422
vn 0.1143 -0.3779 0.9188
vn -0.6241 -0.3806 -0.6824
vn 0.4070 -0.4498 -0.7950
vn 0.8304 -0.2813 -0.4810
vn 0.8058 0.2316 -0.5450
vn 0.8820 0.1884 -0.4319
vn 0.9393 -0.1809 -0.2915
vn 0.9909 -0.0926 -0.0975
vn 0.9503 0.1607 0.2668
vn 0.9805 -0.1166 -0.1585
vn 0.8614 0.2500 0.4422
vn 0.6240 0.3805 0.6825
vn 0.1210 0.4850 0.8661
vn -0.3725 -0.3541 0.8578
vt 0.283328 0.085172
vt 0.221360 0.082839
vt 0.283328 0.082839
vt 0.180702 0.163650
vt 0.182858 0.162757
vt 0.185146 0.162302
vt 0.221360 0.085172
vt 0.221360 0.012852
vt 0.283328 0.010519
vt 0.283328 0.012852
vt 0.221360 0.010519
vt 0.031936 0.418065
vt 0.032391 0.415777
vt 0.033284 0.413622
vt 0.034580 0.411682
vt 0.034580 0.426781
vt 0.055623 0.420398
vt 0.032391 0.422686
vt 0.036230 0.410033
vt 0.221360 0.080506
vt 0.283328 0.078173
vt 0.283328 0.080506
vt 0.221360 0.078173
vt 0.031936 0.420398
vt 0.283328 0.075840
vt 0.221360 0.075840
vt 0.283328 0.073508
vt 0.189767 0.162757
vt 0.191922 0.163649
vt 0.193862 0.164946
vt 0.221360 0.071175
vt 0.283328 0.071175
vt 0.195511 0.166595
vt 0.196808 0.168535
vt 0.221360 0.073508
vt 0.033284 0.424842
vt 0.221360 0.068842
vt 0.283327 0.066509
vt 0.283328 0.068842
vt 0.197700 0.170690
vt 0.198155 0.172978
vt 0.198155 0.175311
vt 0.197700 0.177599
vt 0.283328 0.059510
vt 0.221360 0.057177
vt 0.283328 0.057177
vt 0.196808 0.179755
vt 0.191922 0.184640
vt 0.221360 0.059510
vt 0.283328 0.061843
vt 0.175817 0.179755
vt 0.182858 0.185533
vt 0.221360 0.050178
vt 0.283328 0.047846
vt 0.283328 0.050178
vt 0.221360 0.052511
vt 0.189767 0.185533
vt 0.283328 0.052511
vt 0.195512 0.181694
vt 0.193862 0.183344
vt 0.283328 0.040847
vt 0.221360 0.038514
vt 0.283328 0.038514
vt 0.180702 0.184640
vt 0.221360 0.040847
vt 0.221360 0.043180
vt 0.283328 0.043180
vt 0.187479 0.185988
vt 0.185146 0.185988
vt 0.055167 0.415777
vt 0.055623 0.418065
vt 0.052979 0.411682
vt 0.221360 0.033848
vt 0.283328 0.031515
vt 0.283328 0.033848
vt 0.283328 0.036181
vt 0.221360 0.031515
vt 0.221360 0.036181
vt 0.044946 0.407389
vt 0.047234 0.407844
vt 0.049389 0.408736
vt 0.051329 0.410033
vt 0.054275 0.413622
vt 0.283327 0.029182
vt 0.221360 0.029182
vt 0.221360 0.026849
vt 0.283328 0.026849
vt 0.174924 0.177600
vt 0.174469 0.175311
vt 0.221360 0.024517
vt 0.283328 0.024517
vt 0.174469 0.172979
vt 0.174924 0.170690
vt 0.221360 0.022184
vt 0.283328 0.019851
vt 0.283328 0.022184
vt 0.175817 0.168535
vt 0.221360 0.017518
vt 0.283328 0.017518
vt 0.177113 0.166595
vt 0.221360 0.019851
vt 0.038170 0.408736
vt 0.040325 0.407844
vt 0.042613 0.407389
vt 0.283328 0.015185
vt 0.221360 0.015185
vt 0.178763 0.164946
vt 0.178763 0.183344
vt 0.177113 0.181695
vt 0.283328 0.045513
vt 0.221360 0.045513
vt 0.221360 0.047846
vt 0.055168 0.422686
vt 0.051329 0.428431
vt 0.054275 0.424842
vt 0.052979 0.426781
vt 0.283328 0.054844
vt 0.221360 0.054844
vt 0.049389 0.429727
vt 0.047234 0.430620
vt 0.042613 0.431075
vt 0.044946 0.431075
vt 0.221360 0.061843
vt 0.040325 0.430620
vt 0.221360 0.064176
vt 0.283328 0.064176
vt 0.221360 0.066509
vt 0.038170 0.429727
vt 0.036230 0.428431
vt 0.187479 0.162302
vt 0.195860 0.010536
vt 0.198746 0.139056
vt 0.195860 0.139056
vt 0.192974 0.010536
vt 0.123413 0.383104
vt 0.122850 0.385934
vt 0.121745 0.388600
vt 0.192974 0.139056
vt 0.094113 0.380218
vt 0.110205 0.367011
vt 0.097383 0.391000
vt 0.122850 0.377388
vt 0.190089 0.010536
vt 0.190089 0.139056
vt 0.123413 0.380218
vt 0.118101 0.393040
vt 0.107320 0.396311
vt 0.135258 0.010536
vt 0.138144 0.139056
vt 0.135258 0.139056
vt 0.132373 0.139056
vt 0.095780 0.388600
vt 0.094676 0.385934
vt 0.099424 0.393040
vt 0.141030 0.139056
vt 0.143916 0.010536
vt 0.143916 0.139056
vt 0.094113 0.383104
vt 0.141030 0.010536
vt 0.138144 0.010536
vt 0.175559 0.397010
vt 0.174996 0.399840
vt 0.170247 0.406946
vt 0.173891 0.402506
vt 0.172288 0.404906
vt 0.172288 0.386228
vt 0.149529 0.404905
vt 0.159466 0.410217
vt 0.132373 0.010536
vt 0.167848 0.408549
vt 0.129487 0.010536
vt 0.129487 0.139056
vt 0.126601 0.139056
vt 0.126601 0.010536
vt 0.165182 0.409654
vt 0.162351 0.410217
vt 0.123715 0.010536
vt 0.123715 0.139056
vt 0.120829 0.139056
vt 0.120829 0.010536
vt 0.113036 0.395748
vt 0.110206 0.396311
vt 0.117944 0.139056
vt 0.117944 0.010536
vt 0.115058 0.139056
vt 0.115702 0.394643
vt 0.115058 0.010536
vt 0.156635 0.409653
vt 0.153969 0.408549
vt 0.151570 0.406946
vt 0.112172 0.010536
vt 0.112172 0.139056
vt 0.109286 0.010536
vt 0.104489 0.395748
vt 0.101823 0.394644
vt 0.146259 0.394123
vt 0.109286 0.139056
vt 0.201632 0.010536
vt 0.201632 0.139056
vt 0.198746 0.010536
vt 0.147926 0.402506
vt 0.146822 0.399840
vt 0.146259 0.397009
vt 0.120142 0.391000
vt 0.155459 0.010536
vt 0.158345 0.139056
vt 0.155459 0.139056
vt 0.152573 0.010536
vt 0.158345 0.010536
vt 0.170248 0.384187
vt 0.162352 0.380917
vt 0.151570 0.384187
vt 0.173891 0.388627
vt 0.174996 0.391293
vt 0.175559 0.394124
vt 0.178545 0.010536
vt 0.181431 0.139056
vt 0.178545 0.139056
vt 0.175660 0.010536
vt 0.181431 0.010536
vt 0.146822 0.391293
vt 0.147926 0.388627
vt 0.149529 0.386228
vt 0.153969 0.382584
vt 0.156636 0.381479
vt 0.159466 0.380917
vt 0.169888 0.010536
vt 0.172774 0.139056
vt 0.169888 0.139056
vt 0.167002 0.139056
vt 0.172774 0.010536
vt 0.167002 0.010536
vt 0.107320 0.367011
vt 0.099424 0.370281
vt 0.164116 0.010536
vt 0.164116 0.139056
vt 0.104489 0.367574
vt 0.161231 0.139056
vt 0.101823 0.368678
vt 0.161231 0.010536
vt 0.165182 0.381480
vt 0.167848 0.382584
vt 0.175660 0.139056
vt 0.113036 0.367574
vt 0.115702 0.368678
vt 0.118101 0.370281
vt 0.120142 0.372322
vt 0.184317 0.139056
vt 0.184317 0.010536
vt 0.187203 0.010536
vt 0.187203 0.139056
vt 0.121745 0.374721
vt 0.146802 0.010536
vt 0.149687 0.139056
vt 0.146802 0.139056
vt 0.149687 0.010536
vt 0.152573 0.139056
vt 0.094676 0.377388
vt 0.095780 0.374722
vt 0.097383 0.372322
vt 0.030409 0.170451
vt 0.033295 0.298971
vt 0.030409 0.298971
vt 0.027523 0.170451
vt 0.399966 0.113964
vt 0.398861 0.111298
vt 0.398299 0.105581
vt 0.027523 0.298971
vt 0.401569 0.116363
vt 0.039066 0.298971
vt 0.041952 0.170451
vt 0.041952 0.298971
vt 0.398861 0.102751
vt 0.399966 0.100085
vt 0.039066 0.170451
vt 0.036181 0.298971
vt 0.398299 0.108467
vt 0.403610 0.095645
vt 0.401569 0.097686
vt 0.050610 0.170451
vt 0.053496 0.298971
vt 0.050610 0.298971
vt 0.047724 0.170451
vt 0.406009 0.094042
vt 0.408675 0.092937
vt 0.047724 0.298971
vt 0.414392 0.092374
vt 0.062153 0.298971
vt 0.065039 0.170451
vt 0.065039 0.298971
vt 0.417222 0.092937
vt 0.419888 0.094042
vt 0.062153 0.170451
vt 0.059267 0.298971
vt 0.411506 0.092374
vt 0.422287 0.095645
vt 0.424328 0.097686
vt 0.422287 0.118404
vt 0.425931 0.113964
vt 0.073696 0.298971
vt 0.076582 0.170451
vt 0.076582 0.298971
vt 0.425931 0.100085
vt 0.427036 0.102751
vt 0.073696 0.170451
vt 0.070810 0.170451
vt 0.070810 0.298971
vt 0.427599 0.108467
vt 0.150661 0.172280
vt 0.151224 0.175110
vt 0.151224 0.177996
vt 0.091011 0.298971
vt 0.093897 0.170451
vt 0.093897 0.298971
vt 0.424328 0.116363
vt 0.091011 0.170451
vt 0.088125 0.170451
vt 0.088125 0.298971
vt 0.427036 0.111298
vt 0.138017 0.161903
vt 0.140848 0.162466
vt 0.143514 0.163570
vt 0.085239 0.170451
vt 0.085239 0.298971
vt 0.082353 0.170451
vt 0.145913 0.165173
vt 0.147954 0.167214
vt 0.127235 0.165173
vt 0.145912 0.187932
vt 0.082353 0.298971
vt 0.079468 0.298971
vt 0.079468 0.170451
vt 0.149557 0.169614
vt 0.427599 0.105582
vt 0.125194 0.185891
vt 0.150661 0.180826
vt 0.149556 0.183492
vt 0.147953 0.185892
vt 0.059267 0.170451
vt 0.143513 0.189535
vt 0.140847 0.190640
vt 0.138016 0.191203
vt 0.056381 0.170451
vt 0.135131 0.191203
vt 0.129634 0.189535
vt 0.036181 0.170451
vt 0.033295 0.170451
vt 0.123591 0.183492
vt 0.122487 0.180826
vt 0.121924 0.177995
vt 0.121924 0.175109
vt 0.123591 0.169613
vt 0.127235 0.187932
vt 0.018866 0.170451
vt 0.021752 0.298971
vt 0.018866 0.298971
vt 0.015980 0.298971
vt 0.021752 0.170451
vt 0.015980 0.170451
vt 0.122487 0.172279
vt 0.125195 0.167213
vt 0.013094 0.298971
vt 0.013094 0.170451
vt 0.414391 0.121674
vt 0.411506 0.121674
vt 0.010208 0.170451
vt 0.010208 0.298971
vt 0.417222 0.121111
vt 0.099668 0.170451
vt 0.102554 0.170451
vt 0.102554 0.298971
vt 0.099668 0.298971
vt 0.419888 0.120007
vt 0.096782 0.170451
vt 0.096782 0.298971
vt 0.132301 0.162465
vt 0.135131 0.161903
vt 0.129635 0.163570
vt 0.024637 0.298971
vt 0.024638 0.170451
vt 0.406009 0.120007
vt 0.403610 0.118404
vt 0.408675 0.121111
vt 0.056381 0.298971
vt 0.053495 0.170451
vt 0.067924 0.170451
vt 0.067924 0.298971
vt 0.044838 0.298971
vt 0.044838 0.170451
vt 0.132300 0.190639
vt 0.873163 0.322003
vt 0.854335 0.374407
vt 0.837218 0.329140
vt 0.636028 0.064559
vt 0.627269 0.009568
vt 0.661262 0.023262
vt 0.896348 0.350384
vt 0.599213 0.033145
vt 0.928271 0.314009
vt 0.887329 0.288204
vt 0.954742 0.269726
vt 0.908716 0.244785
vt 0.601623 0.103003
vt 0.564120 0.066478
vt 0.933414 0.203160
vt 0.531725 0.102439
vt 0.564101 0.138412
vt 0.508898 0.131108
vt 0.953996 0.172838
vt 0.977388 0.223371
vt 0.990432 0.176766
vt 0.944907 0.659995
vt 0.877031 0.689534
vt 0.897665 0.639263
vt 0.927881 0.708696
vt 0.990202 0.677041
vt 0.977982 0.723874
vt 0.437948 0.918713
vt 0.372049 0.942022
vt 0.390936 0.897463
vt 0.459133 0.868672
vt 0.414394 0.965464
vt 0.421141 0.195011
vt 0.406647 0.144708
vt 0.453641 0.133127
vt 0.348101 0.178368
vt 0.388893 0.152318
vt 0.415330 0.197502
vt 0.470069 0.178649
vt 0.439609 0.246117
vt 0.369743 0.221656
vt 0.413126 0.315242
vt 0.461019 0.296062
vt 0.390308 0.268971
vt 0.507935 0.274601
vt 0.490156 0.226169
vt 0.476521 0.176413
vt 0.523485 0.164727
vt 0.552960 0.256855
vt 0.540016 0.210217
vt 0.588485 0.190437
vt 0.566994 0.143535
vt 0.590965 0.198191
vt 0.600691 0.248857
vt 0.644562 0.189233
vt 0.637327 0.166620
vt 0.658356 0.095644
vt 0.684702 0.140001
vt 0.698590 0.183409
vt 0.702884 0.234821
vt 0.612099 0.118490
vt 0.651956 0.243069
vt 0.652416 0.261761
vt 0.702747 0.273095
vt 0.691003 0.320044
vt 0.751004 0.229655
vt 0.747265 0.292075
vt 0.727535 0.322957
vt 0.710870 0.371449
vt 0.660667 0.395542
vt 0.680265 0.351291
vt 0.707449 0.407937
vt 0.755720 0.404453
vt 0.744689 0.357331
vt 0.805661 0.391511
vt 0.684502 0.509607
vt 0.726070 0.540164
vt 0.692840 0.583161
vt 0.650829 0.548694
vt 0.647100 0.478894
vt 0.509099 0.661924
vt 0.461578 0.605166
vt 0.513106 0.607731
vt 0.766120 0.572686
vt 0.736785 0.615125
vt 0.455046 0.656343
vt 0.450983 0.707774
vt 0.501948 0.715792
vt 0.444593 0.755746
vt 0.491639 0.767116
vt 0.805271 0.601136
vt 0.781065 0.643049
vt 0.477371 0.817484
vt 0.827382 0.667446
vt 0.428370 0.801342
vt 0.849480 0.620827
vt 0.101504 0.635480
vt 0.161370 0.599397
vt 0.151829 0.646843
vt 0.408497 0.848952
vt 0.195617 0.612443
vt 0.200185 0.648805
vt 0.246553 0.634942
vt 0.138890 0.218919
vt 0.172678 0.263181
vt 0.125369 0.252980
vt 0.225572 0.591331
vt 0.175312 0.214857
vt 0.179795 0.300787
vt 0.245699 0.334497
vt 0.193754 0.350454
vt 0.133526 0.314977
vt 0.228238 0.283038
vt 0.224245 0.264771
vt 0.272034 0.213760
vt 0.275762 0.262012
vt 0.277477 0.267640
vt 0.223651 0.212425
vt 0.068000 0.574133
vt 0.115177 0.584947
vt 0.052316 0.619918
vt 0.031847 0.568132
vt 0.308538 0.216996
vt 0.009568 0.597229
vt 0.363674 0.224786
vt 0.322828 0.250742
vt 0.331618 0.188529
vt 0.296628 0.315546
vt 0.344375 0.294082
vt 0.300533 0.322689
vt 0.369227 0.335615
vt 0.330522 0.364669
vt 0.334333 0.369151
vt 0.389920 0.365861
vt 0.426342 0.361799
vt 0.423708 0.410123
vt 0.376399 0.399923
vt 0.372939 0.398336
vt 0.411646 0.460285
vt 0.361308 0.445911
vt 0.304201 0.411029
vt 0.347945 0.439785
vt 0.319805 0.479164
vt 0.349840 0.492933
vt 0.277704 0.455295
vt 0.395401 0.509252
vt 0.296725 0.507631
vt 0.343336 0.528999
vt 0.372120 0.551680
vt 0.502432 0.449328
vt 0.458561 0.508952
vt 0.448835 0.458285
vt 0.509826 0.503163
vt 0.465125 0.556901
vt 0.513502 0.555383
vt 0.336313 0.584238
vt 0.612643 0.512885
vt 0.577357 0.474215
vt 0.616899 0.441078
vt 0.543465 0.431739
vt 0.554937 0.358608
vt 0.512102 0.387363
vt 0.586910 0.399097
vt 0.441558 0.407210
vt 0.491919 0.396014
vt 0.594589 0.306392
vt 0.614002 0.373542
vt 0.569355 0.347689
vt 0.638301 0.327174
vt 0.595826 0.302792
vt 0.643079 0.313271
vt 0.601309 0.254708
vt 0.560596 0.292698
vt 0.532540 0.316275
vt 0.527022 0.319074
vt 0.484783 0.342707
vt 0.432174 0.359732
vt 0.478415 0.345436
vt 0.212968 0.460293
vt 0.215616 0.390443
vt 0.249890 0.429004
vt 0.260753 0.500626
vt 0.257088 0.355330
vt 0.290980 0.397807
vt 0.292503 0.611484
vt 0.309791 0.543756
vt 0.266755 0.565904
vt 0.177989 0.426840
vt 0.142805 0.362481
vt 0.790404 0.341434
vt 0.700538 0.071919
vt 0.728544 0.111395
vt 0.750895 0.181255
vt 0.472366 0.128195
vt 0.252357 0.846345
vt 0.210279 0.907131
vt 0.246615 0.842550
vt 0.271160 0.142228
vt 0.270199 0.149044
vt 0.221121 0.145557
vt 0.257929 0.850387
vt 0.271160 0.135345
vt 0.221121 0.138673
vt 0.171258 0.842490
vt 0.165611 0.846426
vt 0.176993 0.838919
vt 0.222083 0.152244
vt 0.182706 0.835791
vt 0.223969 0.158478
vt 0.268313 0.155528
vt 0.240821 0.839081
vt 0.235079 0.836015
vt 0.265574 0.161434
vt 0.229476 0.833415
vt 0.262090 0.166533
vt 0.226707 0.164019
vt 0.188304 0.833171
vt 0.193725 0.831109
vt 0.230192 0.168654
vt 0.198944 0.829637
vt 0.257992 0.170630
vt 0.234290 0.172206
vt 0.224069 0.831334
vt 0.218870 0.829808
vt 0.253439 0.173567
vt 0.213846 0.828863
vt 0.248605 0.175231
vt 0.208919 0.828514
vt 0.243677 0.175559
vt 0.238843 0.174537
vt 0.203985 0.828771
vt 0.160172 0.850643
vt 0.222083 0.131858
vt 0.155056 0.855052
vt 0.223969 0.125373
vt 0.270199 0.128658
vt 0.268312 0.122424
vt 0.268107 0.858893
vt 0.263215 0.854594
vt 0.226707 0.119468
vt 0.272515 0.863227
vt 0.265574 0.116883
vt 0.150371 0.859571
vt 0.146206 0.864132
vt 0.230192 0.114369
vt 0.142628 0.868689
vt 0.234289 0.110272
vt 0.262089 0.112247
vt 0.276369 0.867560
vt 0.279630 0.871892
vt 0.257992 0.108696
vt 0.282286 0.876264
vt 0.253438 0.106364
vt 0.243676 0.105671
vt 0.238843 0.107335
vt 0.137347 0.877783
vt 0.135637 0.882417
vt 0.248605 0.105343
vt 0.139672 0.873230
vt 0.134506 0.887226
vt 0.049473 0.133723
vt 0.010418 0.071161
vt 0.055235 0.129959
vt 0.352856 0.119571
vt 0.351910 0.126388
vt 0.303654 0.123014
vt 0.043558 0.137243
vt 0.352856 0.112689
vt 0.303654 0.116131
vt 0.085177 0.061464
vt 0.083840 0.054713
vt 0.086152 0.068145
vt 0.304600 0.129698
vt 0.086737 0.074618
vt 0.306454 0.135928
vt 0.350056 0.132877
vt 0.060720 0.126028
vt 0.065815 0.122000
vt 0.347364 0.138788
vt 0.070424 0.117929
vt 0.343937 0.143895
vt 0.309146 0.141462
vt 0.086910 0.080770
vt 0.086650 0.086522
vt 0.312573 0.146089
vt 0.085936 0.091839
vt 0.339908 0.148000
vt 0.316602 0.149631
vt 0.074476 0.113845
vt 0.077930 0.109746
vt 0.335431 0.150948
vt 0.080777 0.105588
vt 0.330678 0.152623
vt 0.321079 0.151952
vt 0.084743 0.096738
vt 0.083036 0.101287
vt 0.325832 0.152962
vt 0.082173 0.048036
vt 0.304600 0.109315
vt 0.080208 0.041580
vt 0.306454 0.102826
vt 0.351910 0.106004
vt 0.350056 0.099775
vt 0.031752 0.143249
vt 0.037614 0.140442
vt 0.309147 0.096915
vt 0.026064 0.145602
vt 0.347364 0.094241
vt 0.077980 0.035478
vt 0.075515 0.029844
vt 0.312573 0.091808
vt 0.072829 0.024757
vt 0.316602 0.087702
vt 0.343937 0.089613
vt 0.020611 0.147449
vt 0.015407 0.148753
vt 0.339908 0.086071
vt 0.010418 0.149486
vt 0.335431 0.083751
vt 0.321079 0.084755
vt 0.069917 0.020257
vt 0.066749 0.016338
vt 0.325832 0.083080
vt 0.063264 0.012954
vt 0.330678 0.082741
vt 0.059384 0.010029
vt 0.282453 0.945733
vt 0.261017 0.911690
vt 0.266797 0.909212
vt 0.272578 0.906734
vt 0.067615 0.374306
vt 0.063167 0.378753
vt 0.052127 0.384655
vt 0.071109 0.369076
vt 0.265110 0.953168
vt 0.243674 0.919125
vt 0.249455 0.916646
vt 0.255236 0.914168
vt 0.045958 0.385882
vt 0.027689 0.382248
vt 0.057938 0.382248
vt 0.014517 0.338828
vt 0.010883 0.350807
vt 0.226331 0.926559
vt 0.236206 0.965558
vt 0.220550 0.929037
vt 0.022459 0.378753
vt 0.018012 0.374306
vt 0.241987 0.963080
vt 0.247767 0.960602
vt 0.232112 0.924081
vt 0.039668 0.385882
vt 0.033500 0.384655
vt 0.014517 0.369076
vt 0.012110 0.363266
vt 0.366639 0.014517
vt 0.372450 0.012110
vt 0.378618 0.010883
vt 0.191646 0.941427
vt 0.201521 0.980426
vt 0.185865 0.943905
vt 0.012110 0.344638
vt 0.207301 0.977948
vt 0.197427 0.938949
vt 0.010883 0.357097
vt 0.213082 0.975470
vt 0.349833 0.045958
vt 0.349833 0.039668
vt 0.356962 0.022459
vt 0.351060 0.033500
vt 0.353467 0.027689
vt 0.218863 0.972992
vt 0.203208 0.936471
vt 0.208989 0.933993
vt 0.224644 0.970514
vt 0.406564 0.063167
vt 0.361409 0.067615
vt 0.402117 0.018012
vt 0.353467 0.057938
vt 0.214770 0.931515
vt 0.230425 0.968036
vt 0.361409 0.018012
vt 0.406565 0.022459
vt 0.410059 0.027689
vt 0.412466 0.033500
vt 0.276672 0.948211
vt 0.270891 0.950689
vt 0.413693 0.039668
vt 0.396888 0.014517
vt 0.278359 0.904256
vt 0.294015 0.940777
vt 0.288234 0.943255
vt 0.299795 0.938299
vt 0.413693 0.045958
vt 0.284140 0.901778
vt 0.289921 0.899300
vt 0.305576 0.935821
vt 0.412466 0.052127
vt 0.295702 0.896822
vt 0.311357 0.933343
vt 0.410059 0.057938
vt 0.317138 0.930865
vt 0.073516 0.344638
vt 0.074743 0.350807
vt 0.074743 0.357097
vt 0.301483 0.894344
vt 0.071109 0.338827
vt 0.057938 0.325656
vt 0.318825 0.886910
vt 0.328700 0.925909
vt 0.313044 0.889388
vt 0.063167 0.329150
vt 0.067615 0.333598
vt 0.334481 0.923431
vt 0.324606 0.884432
vt 0.052127 0.323249
vt 0.033500 0.323249
vt 0.322919 0.928387
vt 0.307264 0.891866
vt 0.402117 0.067615
vt 0.396888 0.071109
vt 0.341949 0.876998
vt 0.351823 0.915997
vt 0.336168 0.879476
vt 0.039668 0.322022
vt 0.045958 0.322022
vt 0.357604 0.913519
vt 0.363385 0.911041
vt 0.347730 0.874519
vt 0.022459 0.329150
vt 0.027689 0.325656
vt 0.372449 0.073516
vt 0.366639 0.071109
vt 0.384908 0.074743
vt 0.391077 0.073516
vt 0.340261 0.920953
vt 0.378618 0.074743
vt 0.346042 0.918475
vt 0.330387 0.881954
vt 0.168523 0.951339
vt 0.178397 0.990338
vt 0.162742 0.953817
vt 0.184178 0.987860
vt 0.189959 0.985382
vt 0.174303 0.948861
vt 0.018012 0.333598
vt 0.356962 0.063167
vt 0.180084 0.946383
vt 0.073516 0.363265
vt 0.195740 0.982904
vt 0.351060 0.052127
vt 0.237893 0.921603
vt 0.253548 0.958124
vt 0.259329 0.955646
vt 0.384908 0.010883
vt 0.391077 0.012110
s 1
usemtl マテリアル
f 1/1/1 3/2/2 2/3/3
f 5/4/4 1/5/1 2/6/3
f 1/1/1 6/7/5 3/2/2
f 4/8/6 1/9/1 5/10/4
f 4/8/6 6/11/5 1/9/1
f 7/12/7 3/13/2 6/14/5
f 6/14/5 4/15/6 7/12/7
f 8/16/8 7/12/7 9/17/9
f 8/16/8 13/18/10 7/12/7
f 7/12/7 12/19/11 9/17/9
f 7/20/7 11/21/12 10/22/13
f 3/2/2 7/20/7 10/22/13
f 7/20/7 14/23/14 11/21/12
f 4/15/6 12/19/11 7/12/7
f 13/18/10 14/24/14 7/12/7
f 14/23/14 15/25/15 11/21/12
f 14/23/14 13/26/10 15/25/15
f 13/26/10 16/27/16 15/25/15
f 11/28/12 15/29/15 16/30/16
f 16/27/16 8/31/8 17/32/17
f 16/30/16 17/33/17 18/34/18
f 16/27/16 19/35/19 8/31/8
f 13/26/10 19/35/19 16/27/16
f 11/28/12 16/30/16 5/4/4
f 16/30/16 18/34/18 5/4/4
f 8/16/8 19/36/19 13/18/10
f 20/37/20 21/38/21 18/39/18
f 8/31/8 20/37/20 18/39/18
f 18/34/18 21/40/21 22/41/22
f 8/31/8 18/39/18 17/32/17
f 22/41/22 23/42/23 18/34/18
f 23/42/23 24/43/24 18/34/18
f 18/34/18 24/43/24 5/4/4
f 24/44/24 26/45/25 25/46/26
f 24/43/24 25/47/26 28/48/27
f 24/44/24 27/49/28 26/45/25
f 23/50/23 27/49/28 24/44/24
f 24/43/24 28/48/27 5/4/4
f 28/48/27 29/51/29 5/4/4
f 28/48/27 35/52/30 29/51/29
f 30/53/31 31/54/32 28/55/27
f 32/56/33 30/53/31 28/55/27
f 28/48/27 31/57/32 35/52/30
f 32/56/33 28/55/27 33/58/34
f 34/59/35 33/60/34 28/48/27
f 25/47/26 34/59/35 28/48/27
f 35/61/30 37/62/36 36/63/37
f 35/52/30 36/64/37 29/51/29
f 35/61/30 40/65/38 37/62/36
f 9/66/9 35/61/30 38/67/39
f 9/66/9 40/65/38 35/61/30
f 39/68/40 38/69/39 35/52/30
f 31/57/32 39/68/40 35/52/30
f 37/70/36 40/71/38 41/72/41
f 40/71/38 9/17/9 41/72/41
f 41/73/41 29/74/29 42/75/42
f 43/76/43 41/73/41 42/75/42
f 41/73/41 47/77/44 29/74/29
f 43/76/43 48/78/45 41/73/41
f 44/79/46 45/80/47 41/72/41
f 44/79/46 41/72/41 9/17/9
f 45/80/47 46/81/48 41/72/41
f 46/81/48 47/82/44 41/72/41
f 41/72/41 48/83/45 37/70/36
f 37/62/36 48/78/45 43/76/43
f 47/77/44 49/84/49 29/74/29
f 47/77/44 46/85/48 49/84/49
f 49/84/49 45/86/47 50/87/50
f 29/51/29 49/88/49 50/89/50
f 49/84/49 46/85/48 45/86/47
f 50/87/50 44/90/46 51/91/51
f 50/89/50 51/92/51 52/93/52
f 50/87/50 45/86/47 44/90/46
f 29/51/29 50/89/50 52/93/52
f 53/94/53 54/95/54 52/96/52
f 44/90/46 53/94/53 52/96/52
f 52/93/52 54/97/54 5/4/4
f 44/90/46 52/96/52 51/91/51
f 29/51/29 52/93/52 5/4/4
f 54/95/54 56/98/55 55/99/56
f 54/97/54 55/100/56 5/4/4
f 54/95/54 57/101/57 56/98/55
f 53/94/53 57/101/57 54/95/54
f 12/19/11 56/102/55 57/103/57
f 12/19/11 57/103/57 44/79/46
f 57/103/57 53/104/53 44/79/46
f 56/98/55 58/105/58 55/99/56
f 56/98/55 12/106/11 58/105/58
f 58/105/58 4/8/6 5/10/4
f 55/100/56 58/107/58 5/4/4
f 58/105/58 12/106/11 4/8/6
f 12/19/11 44/79/46 9/17/9
f 43/108/43 42/109/42 29/51/29
f 37/62/36 43/76/43 36/63/37
f 36/64/37 43/108/43 29/51/29
f 39/110/40 9/66/9 38/67/39
f 39/110/40 59/111/59 9/66/9
f 31/54/32 59/111/59 39/110/40
f 31/54/32 60/112/60 59/111/59
f 9/17/9 59/113/59 32/114/33
f 59/113/59 60/115/60 32/114/33
f 60/115/60 30/116/31 32/114/33
f 30/53/31 60/112/60 31/54/32
f 34/117/35 32/56/33 33/58/34
f 34/117/35 61/118/61 32/56/33
f 26/45/25 34/117/35 25/46/26
f 26/45/25 61/118/61 34/117/35
f 32/114/33 61/119/61 26/120/25
f 9/17/9 32/114/33 62/121/62
f 32/114/33 26/120/25 62/121/62
f 26/120/25 27/122/28 62/121/62
f 23/50/23 62/123/62 27/49/28
f 62/121/62 63/124/63 8/16/8
f 62/121/62 8/16/8 9/17/9
f 63/125/63 62/123/62 23/50/23
f 63/125/63 23/50/23 22/126/22
f 21/38/21 63/125/63 22/126/22
f 21/38/21 64/127/64 63/125/63
f 63/124/63 64/128/64 8/16/8
f 64/128/64 20/129/20 8/16/8
f 20/37/20 64/127/64 21/38/21
f 2/6/3 10/130/13 11/28/12
f 5/4/4 2/6/3 11/28/12
f 3/2/2 10/22/13 2/3/3
f 66/131/65 67/132/66 65/133/67
f 68/134/68 66/131/65 65/133/67
f 69/135/69 65/136/67 67/137/66
f 68/134/68 65/133/67 69/138/69
f 70/139/70 71/140/71 69/135/69
f 77/141/72 70/139/70 69/135/69
f 74/142/73 69/135/69 71/140/71
f 72/143/74 68/134/68 69/138/69
f 72/143/74 69/138/69 73/144/75
f 74/142/73 73/145/75 69/135/69
f 69/135/69 67/137/66 75/146/76
f 69/135/69 75/146/76 76/147/77
f 76/147/77 77/141/72 69/135/69
f 78/148/78 79/149/79 77/150/72
f 80/151/80 78/148/78 77/150/72
f 77/141/72 79/152/79 81/153/81
f 80/154/80 77/141/72 76/147/77
f 77/141/72 81/153/81 70/139/70
f 81/155/81 83/156/82 82/157/83
f 81/153/81 82/158/83 70/139/70
f 81/155/81 84/159/84 83/156/82
f 79/149/79 84/159/84 81/155/81
f 79/149/79 86/160/85 84/159/84
f 83/161/82 84/162/84 85/163/86
f 84/162/84 86/164/85 85/163/86
f 86/164/85 78/165/78 85/163/86
f 78/148/78 86/160/85 79/149/79
f 87/166/87 85/163/86 88/167/88
f 87/166/87 83/161/82 85/163/86
f 85/163/86 89/168/89 88/167/88
f 80/151/80 85/169/86 78/148/78
f 85/163/86 90/170/90 89/168/89
f 90/171/90 85/169/86 80/151/80
f 90/171/90 80/151/80 91/172/91
f 92/173/92 90/171/90 91/172/91
f 92/173/92 93/174/93 90/171/90
f 90/170/90 93/175/93 89/168/89
f 93/175/93 94/176/94 89/168/89
f 94/177/94 93/174/93 92/173/92
f 94/177/94 92/173/92 76/178/77
f 95/179/95 94/177/94 76/178/77
f 95/179/95 89/180/89 94/177/94
f 96/181/96 95/182/95 76/147/77
f 96/183/96 89/180/89 95/179/95
f 96/183/96 98/184/97 89/180/89
f 97/185/98 98/184/97 96/183/96
f 97/186/98 96/181/96 76/147/77
f 97/185/98 99/187/99 98/184/97
f 89/168/89 98/188/97 99/189/99
f 99/189/99 100/190/100 89/168/89
f 100/191/100 99/187/99 97/185/98
f 100/191/100 97/185/98 75/192/76
f 88/193/88 100/191/100 75/192/76
f 100/190/100 88/167/88 89/168/89
f 75/146/76 97/186/98 76/147/77
f 76/147/77 92/194/92 91/195/91
f 91/195/91 80/154/80 76/147/77
f 88/167/88 72/196/74 87/166/87
f 88/193/88 75/192/76 101/197/101
f 67/132/66 88/198/88 101/199/101
f 67/132/66 102/200/102 88/198/88
f 88/167/88 102/201/102 66/202/65
f 66/202/65 68/203/68 88/167/88
f 68/203/68 72/196/74 88/167/88
f 66/131/65 102/200/102 67/132/66
f 67/137/66 101/204/101 75/146/76
f 87/205/87 104/206/103 103/207/104
f 108/208/105 87/205/87 103/207/104
f 87/205/87 105/209/106 104/206/103
f 105/210/106 87/166/87 106/211/107
f 110/212/108 106/211/107 87/166/87
f 87/166/87 108/213/105 107/214/109
f 107/214/109 109/215/110 87/166/87
f 109/215/110 83/161/82 87/166/87
f 72/196/74 110/212/108 87/166/87
f 110/216/108 112/217/111 111/218/112
f 117/219/113 110/216/108 111/218/112
f 110/216/108 115/220/114 112/217/111
f 72/196/74 113/221/115 110/212/108
f 113/221/115 114/222/116 110/212/108
f 114/222/116 115/223/114 110/212/108
f 110/212/108 117/224/113 116/225/117
f 116/225/117 118/226/118 110/212/108
f 118/226/118 106/211/107 110/212/108
f 118/227/118 119/228/119 71/229/71
f 120/230/120 118/227/118 71/229/71
f 118/227/118 116/231/117 119/228/119
f 120/230/120 106/232/107 118/227/118
f 120/233/120 71/140/71 104/234/103
f 121/235/121 120/230/120 122/236/122
f 121/235/121 106/232/107 120/230/120
f 122/237/122 120/233/120 104/234/103
f 123/238/123 121/235/121 122/236/122
f 104/234/103 123/239/123 122/237/122
f 123/238/123 124/240/124 121/235/121
f 105/209/106 123/238/123 104/206/103
f 105/209/106 124/240/124 123/238/123
f 106/211/107 121/241/121 124/242/124
f 124/242/124 105/210/106 106/211/107
f 116/231/117 125/243/125 119/228/119
f 71/140/71 119/244/119 125/245/125
f 117/219/113 111/218/112 125/243/125
f 116/231/117 117/219/113 125/243/125
f 125/245/125 111/246/112 112/247/111
f 71/140/71 125/245/125 112/247/111
f 115/220/114 126/248/126 112/217/111
f 115/220/114 114/249/116 126/248/126
f 126/248/126 113/250/115 74/251/73
f 112/247/111 126/252/126 74/142/73
f 126/248/126 114/249/116 113/250/115
f 74/251/73 113/250/115 72/143/74
f 112/247/111 74/142/73 71/140/71
f 109/253/110 127/254/127 70/255/70
f 82/157/83 109/253/110 70/255/70
f 109/253/110 107/256/109 127/254/127
f 82/157/83 83/156/82 109/253/110
f 127/254/127 108/208/105 128/257/128
f 70/139/70 127/258/127 128/259/128
f 127/254/127 107/256/109 108/208/105
f 108/208/105 103/207/104 128/257/128
f 128/259/128 103/260/104 104/234/103
f 70/139/70 128/259/128 71/140/71
f 128/259/128 104/234/103 71/140/71
f 74/251/73 72/143/74 73/144/75
f 130/261/129 131/262/130 129/263/131
f 132/264/132 130/261/129 129/263/131
f 129/265/131 131/266/130 134/267/133
f 132/264/132 129/263/131 133/268/134
f 133/269/134 129/265/131 134/267/133
f 134/270/133 136/271/135 135/272/136
f 134/267/133 135/273/136 139/274/137
f 134/270/133 138/275/138 136/271/135
f 137/276/139 138/275/138 134/270/133
f 131/266/130 137/277/139 134/267/133
f 133/269/134 134/267/133 141/278/140
f 139/274/137 140/279/141 134/267/133
f 140/279/141 141/278/140 134/267/133
f 142/280/142 143/281/143 141/282/140
f 144/283/144 142/280/142 141/282/140
f 141/278/140 143/284/143 145/285/145
f 144/283/144 141/282/140 140/286/141
f 141/278/140 145/285/145 146/287/146
f 141/278/140 146/287/146 133/269/134
f 146/288/146 148/289/147 147/290/148
f 146/287/146 147/291/148 151/292/149
f 146/288/146 150/293/150 148/289/147
f 149/294/151 150/293/150 146/288/146
f 145/285/145 149/295/151 146/287/146
f 151/292/149 152/296/152 146/287/146
f 152/296/152 153/297/153 146/287/146
f 146/287/146 153/297/153 133/269/134
f 153/297/153 154/298/154 133/269/134
f 160/299/155 154/298/154 153/297/153
f 153/300/153 156/301/156 155/302/157
f 153/297/153 155/303/157 158/304/158
f 153/300/153 161/305/159 156/301/156
f 157/306/160 153/300/153 152/307/152
f 157/306/160 161/305/159 153/300/153
f 153/297/153 158/304/158 159/308/161
f 159/308/161 160/299/155 153/297/153
f 156/309/156 161/310/159 157/311/160
f 160/312/155 163/313/162 162/314/163
f 160/299/155 162/315/163 154/298/154
f 160/312/155 166/316/164 163/313/162
f 164/317/165 160/312/155 165/318/166
f 164/317/165 166/316/164 160/312/155
f 159/308/161 165/319/166 160/299/155
f 163/320/162 166/321/164 164/322/165
f 167/323/167 164/317/165 165/318/166
f 167/323/167 165/318/166 159/324/161
f 168/325/168 167/323/167 159/324/161
f 164/322/165 167/326/167 163/320/162
f 167/326/167 168/327/168 163/320/162
f 169/328/169 168/327/168 170/329/170
f 169/328/169 163/320/162 168/327/168
f 168/327/168 157/311/160 170/329/170
f 168/325/168 159/324/161 171/330/171
f 158/331/158 168/325/168 171/330/171
f 158/331/158 172/332/172 168/325/168
f 168/327/168 172/333/172 157/311/160
f 172/333/172 156/309/156 157/311/160
f 156/301/156 172/332/172 158/331/158
f 158/304/158 171/334/171 159/308/161
f 176/335/173 169/328/169 170/329/170
f 157/311/160 173/336/174 170/329/170
f 173/336/174 148/337/147 170/329/170
f 148/337/147 150/338/150 170/329/170
f 149/294/151 170/339/170 150/293/150
f 170/329/170 175/340/175 174/341/176
f 174/341/176 142/342/142 170/329/170
f 175/343/175 170/339/170 149/294/151
f 142/342/142 144/344/144 170/329/170
f 144/344/144 136/345/135 170/329/170
f 136/345/135 176/335/173 170/329/170
f 131/262/130 176/346/173 137/276/139
f 131/262/130 177/347/177 176/346/173
f 137/276/139 176/346/173 138/275/138
f 176/335/173 177/348/177 130/349/129
f 130/349/129 132/350/132 176/335/173
f 132/350/132 178/351/178 176/335/173
f 178/351/178 179/352/179 176/335/173
f 136/345/135 138/353/138 176/335/173
f 179/352/179 169/328/169 176/335/173
f 179/354/179 181/355/180 180/356/181
f 182/357/182 179/354/179 180/356/181
f 179/354/179 183/358/183 181/355/180
f 182/357/182 184/359/184 179/354/179
f 178/351/178 183/360/183 179/352/179
f 179/352/179 184/361/184 169/328/169
f 185/362/185 184/359/184 182/357/182
f 185/362/185 169/363/169 184/359/184
f 185/364/185 182/365/182 154/298/154
f 186/366/186 185/362/185 187/367/187
f 186/366/186 169/363/169 185/362/185
f 187/368/187 185/364/185 154/298/154
f 188/369/188 186/370/186 187/371/187
f 188/369/188 187/371/187 189/372/189
f 154/298/154 189/373/189 187/368/187
f 190/374/190 188/369/188 189/372/189
f 190/374/190 189/372/189 154/375/154
f 163/313/162 190/374/190 154/375/154
f 188/376/188 190/377/190 163/320/162
f 169/328/169 186/378/186 188/376/188
f 169/328/169 188/376/188 163/320/162
f 183/358/183 191/379/191 181/355/180
f 183/358/183 178/380/178 191/379/191
f 191/379/191 132/264/132 133/268/134
f 181/381/180 191/382/191 133/269/134
f 191/379/191 178/380/178 132/264/132
f 182/365/182 180/383/181 133/269/134
f 154/298/154 182/365/182 133/269/134
f 180/383/181 181/381/180 133/269/134
f 130/261/129 177/347/177 131/262/130
f 175/343/175 149/294/151 145/384/145
f 174/385/176 175/343/175 145/384/145
f 174/385/176 145/384/145 143/281/143
f 142/280/142 174/385/176 143/281/143
f 173/386/174 152/307/152 151/387/149
f 148/289/147 173/386/174 151/387/149
f 173/386/174 157/306/160 152/307/152
f 163/313/162 154/375/154 162/314/163
f 156/301/156 158/331/158 155/302/157
f 148/289/147 151/387/149 147/290/148
f 139/388/137 144/283/144 140/286/141
f 139/388/137 192/389/192 144/283/144
f 144/344/144 192/390/192 136/345/135
f 136/271/135 192/389/192 139/388/137
f 136/271/135 139/388/137 135/272/136
f 193/391/193 195/392/194 194/393/195
f 196/394/196 193/395/193 194/396/195
f 193/391/193 197/397/197 195/392/194
f 196/394/196 199/398/198 193/395/193
f 193/391/193 198/399/199 197/397/197
f 193/391/193 199/400/198 198/399/199
f 199/400/198 200/401/200 198/399/199
f 199/400/198 202/402/201 200/401/200
f 201/403/202 199/398/198 196/394/196
f 201/403/202 202/404/201 199/398/198
f 203/405/203 200/401/200 202/402/201
f 203/406/203 202/404/201 201/403/202
f 203/406/203 201/403/202 204/407/204
f 205/408/205 203/406/203 204/407/204
f 205/409/205 206/410/206 203/405/203
f 203/405/203 206/410/206 200/401/200
f 205/409/205 208/411/207 206/410/206
f 206/412/206 207/413/208 200/414/200
f 206/412/206 209/415/209 207/413/208
f 208/416/207 209/415/209 206/412/206
f 208/416/207 212/417/210 209/415/209
f 209/418/209 211/419/211 210/420/212
f 207/421/208 209/418/209 210/420/212
f 209/418/209 212/422/210 211/419/211
f 213/423/213 212/424/210 208/425/207
f 211/426/211 212/427/210 213/428/213
f 213/423/213 208/425/207 214/429/214
f 216/430/215 213/423/213 214/429/214
f 211/426/211 213/428/213 215/431/216
f 215/431/216 213/428/213 216/430/215
f 217/432/217 216/430/215 218/433/218
f 217/432/217 219/434/219 216/430/215
f 216/430/215 220/435/220 218/433/218
f 215/431/216 216/430/215 219/434/219
f 216/430/215 221/436/221 220/435/220
f 216/430/215 214/429/214 221/436/221
f 221/436/221 214/437/214 224/438/222
f 221/436/221 222/439/223 220/435/220
f 221/436/221 223/440/224 222/439/223
f 221/436/221 224/438/222 223/440/224
f 224/438/222 225/441/225 223/440/224
f 224/438/222 204/442/204 225/441/225
f 205/408/205 204/407/204 224/438/222
f 214/437/214 205/408/205 224/438/222
f 222/439/223 223/440/224 225/443/225
f 222/439/223 225/443/225 226/444/226
f 226/444/226 225/443/225 227/445/227
f 204/442/204 227/446/227 225/441/225
f 227/446/227 196/447/196 228/448/228
f 227/445/227 228/449/228 230/450/229
f 227/446/227 201/451/202 196/447/196
f 227/445/227 230/450/229 229/452/230
f 226/444/226 227/445/227 229/452/230
f 204/442/204 201/451/202 227/446/227
f 229/453/230 230/454/229 232/455/231
f 228/449/228 231/456/232 230/450/229
f 230/454/229 231/457/232 233/458/233
f 230/454/229 233/458/233 232/455/231
f 233/459/233 234/460/234 232/461/231
f 233/459/233 235/462/235 234/460/234
f 233/459/233 236/463/236 235/462/235
f 233/459/233 231/464/232 236/463/236
f 231/464/232 237/465/237 236/463/236
f 236/466/236 237/467/237 239/468/238
f 236/466/236 239/468/238 238/469/239
f 235/470/235 236/466/236 238/469/239
f 239/471/238 240/472/240 238/473/239
f 195/474/194 239/468/238 237/467/237
f 195/474/194 243/475/241 239/468/238
f 239/471/238 241/476/242 240/472/240
f 239/471/238 242/477/243 241/476/242
f 239/471/238 243/478/241 242/477/243
f 243/478/241 244/479/244 242/477/243
f 243/478/241 245/480/245 244/479/244
f 197/481/197 243/475/241 195/474/194
f 197/481/197 245/482/245 243/475/241
f 246/483/246 244/479/244 245/480/245
f 197/481/197 246/484/246 245/482/245
f 207/421/208 247/485/247 246/483/246
f 198/486/199 207/413/208 246/484/246
f 246/483/246 247/485/247 244/479/244
f 197/481/197 198/486/199 246/484/246
f 248/487/248 249/488/249 247/489/247
f 207/421/208 248/490/248 247/485/247
f 247/489/247 249/488/249 250/491/250
f 247/489/247 250/491/250 244/492/244
f 242/493/243 244/492/244 250/491/250
f 250/494/250 252/495/251 251/496/252
f 242/493/243 250/491/250 251/497/252
f 250/494/250 249/498/249 252/495/251
f 252/499/251 254/500/253 253/501/254
f 251/502/252 252/499/251 253/501/254
f 252/499/251 255/503/255 254/500/253
f 249/498/249 255/504/255 252/495/251
f 255/504/255 257/505/256 256/506/257
f 254/500/253 255/503/255 256/507/257
f 255/504/255 258/508/258 257/505/256
f 249/498/249 258/508/258 255/504/255
f 248/487/248 257/509/256 258/510/258
f 248/487/248 258/510/258 249/488/249
f 210/511/212 259/512/259 257/509/256
f 248/487/248 210/511/212 257/509/256
f 256/506/257 257/505/256 259/513/259
f 210/511/212 211/514/211 259/512/259
f 259/513/259 215/515/216 260/516/260
f 256/506/257 259/513/259 260/516/260
f 259/513/259 211/517/211 215/515/216
f 261/518/261 260/516/260 262/519/262
f 261/518/261 256/507/257 260/516/260
f 260/516/260 219/434/219 262/519/262
f 260/516/260 215/515/216 219/434/219
f 261/520/261 262/519/262 263/521/263
f 263/521/263 262/519/262 219/434/219
f 261/520/261 263/521/263 264/522/264
f 264/523/264 263/521/263 265/524/265
f 263/521/263 219/434/219 217/432/217
f 265/524/265 263/521/263 217/432/217
f 265/524/265 217/432/217 266/525/266
f 267/526/267 265/524/265 266/525/266
f 267/526/267 268/527/268 265/524/265
f 264/523/264 265/524/265 268/528/268
f 269/529/269 268/527/268 267/526/267
f 269/529/269 271/530/270 268/527/268
f 270/531/271 264/523/264 268/528/268
f 270/531/271 268/528/268 271/532/270
f 272/533/272 270/531/271 271/532/270
f 269/529/269 272/534/272 271/530/270
f 272/533/272 274/535/273 270/531/271
f 269/529/269 275/536/274 272/534/272
f 273/537/275 274/535/273 272/533/272
f 275/536/274 273/538/275 272/534/272
f 275/536/274 278/539/276 273/538/275
f 276/540/277 275/541/274 269/542/269
f 276/540/277 277/543/278 275/541/274
f 277/543/278 278/544/276 275/541/274
f 277/543/278 279/545/279 278/544/276
f 240/546/240 273/538/275 278/539/276
f 238/473/239 240/472/240 278/544/276
f 238/473/239 278/544/276 279/545/279
f 235/470/235 238/469/239 279/547/279
f 235/470/235 279/547/279 277/548/278
f 235/470/235 277/548/278 234/549/234
f 234/549/234 277/548/278 276/550/277
f 280/551/280 276/550/277 281/552/281
f 280/551/280 282/553/282 276/550/277
f 276/540/277 267/554/267 281/555/281
f 276/540/277 269/542/269 267/554/267
f 234/549/234 276/550/277 282/553/282
f 283/556/283 282/557/282 280/558/280
f 283/556/283 284/559/284 282/557/282
f 232/461/231 234/460/234 282/557/282
f 232/461/231 282/557/282 284/559/284
f 283/560/283 229/453/230 284/561/284
f 229/453/230 232/455/231 284/561/284
f 283/560/283 226/562/226 229/453/230
f 285/563/285 226/562/226 283/560/283
f 285/563/285 283/556/283 280/558/280
f 285/563/285 222/439/223 226/562/226
f 285/563/285 280/558/280 286/564/286
f 220/435/220 285/563/285 286/564/286
f 220/435/220 222/439/223 285/563/285
f 286/565/286 280/551/280 281/552/281
f 286/565/286 281/552/281 287/566/287
f 218/433/218 286/565/286 287/566/287
f 218/433/218 220/435/220 286/565/286
f 281/555/281 266/567/266 287/568/287
f 266/567/266 218/433/218 287/568/287
f 281/555/281 267/554/267 266/567/266
f 288/569/288 253/570/254 274/571/273
f 273/537/275 288/572/288 274/535/273
f 274/571/273 253/570/254 254/573/253
f 274/571/273 254/573/253 270/574/271
f 241/575/242 288/576/288 240/546/240
f 241/575/242 289/577/289 288/576/288
f 240/546/240 288/576/288 273/538/275
f 288/569/288 289/578/289 253/570/254
f 241/575/242 251/497/252 289/577/289
f 251/502/252 253/501/254 289/579/289
f 254/573/253 264/522/264 270/574/271
f 266/567/266 217/432/217 218/433/218
f 254/573/253 261/520/261 264/522/264
f 254/500/253 256/507/257 261/518/261
f 241/575/242 242/493/243 251/497/252
f 207/421/208 210/420/212 248/490/248
f 194/393/195 237/465/237 290/580/290
f 194/393/195 195/392/194 237/465/237
f 231/464/232 290/580/290 237/465/237
f 228/448/228 194/581/195 290/582/290
f 228/449/228 290/583/290 231/456/232
f 228/448/228 196/447/196 194/581/195
f 214/437/214 208/584/207 205/408/205
f 198/486/199 200/414/200 207/413/208
f 291/585/291 293/586/292 292/587/293
f 291/588/291 292/589/293 296/590/294
f 294/591/295 293/586/292 291/585/291
f 294/592/295 291/588/291 295/593/296
f 296/590/294 295/593/296 291/588/291
f 296/594/294 293/586/292 295/595/296
f 297/596/297 293/586/292 296/594/294
f 292/589/293 297/597/297 296/590/294
f 298/598/298 293/586/292 297/596/297
f 298/599/298 297/597/297 299/600/299
f 292/589/293 299/600/299 297/597/297
f 299/601/299 293/586/292 300/602/300
f 299/600/299 300/603/300 298/599/298
f 292/587/293 293/586/292 299/601/299
f 300/602/300 293/586/292 301/604/301
f 300/603/300 301/605/301 302/606/302
f 302/606/302 298/599/298 300/603/300
f 302/607/302 293/586/292 298/598/298
f 303/608/303 293/586/292 302/607/302
f 303/609/303 302/606/302 301/605/301
f 304/610/304 293/586/292 303/608/303
f 305/611/305 304/612/304 303/609/303
f 301/605/301 305/611/305 303/609/303
f 305/613/305 293/586/292 306/614/306
f 305/611/305 306/615/306 304/612/304
f 301/604/301 293/586/292 305/613/305
f 306/614/306 293/586/292 307/616/307
f 306/615/306 307/617/307 304/612/304
f 307/616/307 293/586/292 308/618/308
f 307/617/307 308/619/308 309/620/309
f 309/620/309 304/612/304 307/617/307
f 309/621/309 293/586/292 304/610/304
f 308/618/308 293/586/292 309/621/309
f 295/595/296 293/586/292 310/622/310
f 295/593/296 310/623/310 294/592/295
f 310/622/310 293/586/292 311/624/311
f 310/623/310 311/625/311 312/626/312
f 310/623/310 312/626/312 294/592/295
f 313/627/313 312/626/312 311/625/311
f 313/628/313 293/586/292 312/629/312
f 312/629/312 293/586/292 294/591/295
f 311/625/311 315/630/314 313/627/313
f 314/631/315 293/586/292 313/628/313
f 314/632/315 313/627/313 315/630/314
f 315/633/314 293/586/292 316/634/316
f 315/630/314 316/635/316 314/632/315
f 311/624/311 293/586/292 315/633/314
f 316/634/316 293/586/292 317/636/317
f 316/635/316 317/637/317 318/638/318
f 318/638/318 314/632/315 316/635/316
f 318/639/318 293/586/292 314/631/315
f 319/640/319 293/586/292 318/639/318
f 317/637/317 319/641/319 318/638/318
f 320/642/320 293/586/292 319/640/319
f 320/643/320 319/641/319 322/644/321
f 317/637/317 321/645/322 319/641/319
f 321/645/322 322/644/321 319/641/319
f 322/646/321 293/586/292 323/647/323
f 322/644/321 323/648/323 320/643/320
f 321/649/322 293/586/292 322/646/321
f 323/647/323 293/586/292 320/650/320
f 317/636/317 293/586/292 321/649/322
f 324/651/324 326/652/325 325/653/326
f 324/654/324 325/655/326 329/656/327
f 327/657/328 326/652/325 324/651/324
f 327/658/328 324/654/324 328/659/329
f 329/656/327 328/659/329 324/654/324
f 329/660/327 326/652/325 328/661/329
f 330/662/330 326/652/325 329/660/327
f 325/655/326 330/663/330 329/656/327
f 331/664/331 326/652/325 330/662/330
f 331/665/331 330/663/330 332/666/332
f 325/655/326 332/666/332 330/663/330
f 332/667/332 326/652/325 333/668/333
f 332/666/332 333/669/333 331/665/331
f 325/653/326 326/652/325 332/667/332
f 333/668/333 326/652/325 334/670/334
f 333/669/333 334/671/334 335/672/335
f 335/672/335 331/665/331 333/669/333
f 335/673/335 326/652/325 331/664/331
f 336/674/336 326/652/325 335/673/335
f 336/675/336 335/672/335 334/671/334
f 337/676/337 326/652/325 336/674/336
f 338/677/338 337/678/337 336/675/336
f 334/671/334 338/677/338 336/675/336
f 338/679/338 326/652/325 339/680/339
f 338/677/338 339/681/339 337/678/337
f 334/670/334 326/652/325 338/679/338
f 339/680/339 326/652/325 340/682/340
f 339/681/339 340/683/340 341/684/341
f 341/684/341 337/678/337 339/681/339
f 341/685/341 326/652/325 337/676/337
f 342/686/308 326/652/325 341/685/341
f 340/683/340 342/687/308 341/684/341
f 340/682/340 326/652/325 342/686/308
f 328/661/329 326/652/325 343/688/342
f 328/659/329 343/689/342 327/658/328
f 343/688/342 326/652/325 344/690/343
f 343/689/342 344/691/343 345/692/344
f 343/689/342 345/692/344 327/658/328
f 346/693/345 345/692/344 344/691/343
f 346/694/345 326/652/325 345/695/344
f 345/695/344 326/652/325 327/657/328
f 344/691/343 348/696/346 346/693/345
f 347/697/347 326/652/325 346/694/345
f 347/698/347 346/693/345 348/696/346
f 348/699/346 326/652/325 349/700/348
f 348/696/346 349/701/348 347/698/347
f 344/690/343 326/652/325 348/699/346
f 349/700/348 326/652/325 350/702/349
f 349/701/348 350/703/349 351/704/350
f 351/704/350 347/698/347 349/701/348
f 351/705/350 326/652/325 347/697/347
f 352/706/351 326/652/325 351/705/350
f 350/703/349 352/707/351 351/704/350
f 353/708/352 326/652/325 352/706/351
f 353/709/352 352/707/351 354/710/353
f 350/703/349 354/710/353 352/707/351
f 354/711/353 326/652/325 355/712/354
f 354/710/353 355/713/354 353/709/352
f 350/702/349 326/652/325 354/711/353
f 355/712/354 326/652/325 356/714/355
f 355/713/354 356/715/355 353/709/352
f 356/714/355 326/652/325 353/716/352
f 358/717/60 359/718/40 357/719/32
f 360/720/356 358/717/60 357/719/32
f 357/721/32 359/722/40 361/723/30
f 360/724/356 357/721/32 361/723/30
f 362/725/357 363/726/37 361/727/30
f 364/728/358 362/725/357 361/727/30
f 361/723/30 363/729/37 365/730/29
f 359/722/40 364/731/358 361/723/30
f 360/724/356 361/723/30 365/730/29
f 360/724/356 365/730/29 366/732/359
f 375/733/360 366/732/359 365/730/29
f 365/734/29 368/735/48 367/736/49
f 365/730/29 367/737/49 372/738/50
f 365/734/29 376/739/44 368/735/48
f 369/740/41 365/734/29 370/741/42
f 369/740/41 376/739/44 365/734/29
f 371/742/43 370/743/42 365/730/29
f 363/729/37 371/742/43 365/730/29
f 372/738/50 373/744/361 365/730/29
f 373/744/361 374/745/52 365/730/29
f 374/745/52 375/733/360 365/730/29
f 368/746/48 376/747/44 369/748/41
f 375/749/360 378/750/11 377/751/362
f 375/733/360 377/752/362 366/732/359
f 375/749/360 380/753/363 378/750/11
f 379/754/364 380/753/363 375/749/360
f 374/745/52 379/755/364 375/733/360
f 379/754/364 382/756/365 380/753/363
f 378/757/11 380/758/363 381/759/366
f 380/758/363 382/760/365 381/759/366
f 382/760/365 383/761/367 381/759/366
f 383/762/367 382/756/365 379/754/364
f 383/762/367 379/754/364 374/763/52
f 373/764/361 383/762/367 374/763/52
f 373/764/361 381/765/366 383/762/367
f 384/766/62 385/767/368 381/759/366
f 388/768/9 384/766/62 381/759/366
f 385/767/368 387/769/5 381/759/366
f 372/770/50 381/765/366 373/764/361
f 372/770/50 386/771/47 381/765/366
f 387/769/5 378/757/11 381/759/366
f 381/759/366 386/772/47 368/746/48
f 381/759/366 368/746/48 388/768/9
f 388/768/9 389/773/369 358/774/60
f 358/774/60 390/775/370 388/768/9
f 389/776/369 388/777/9 364/728/358
f 390/775/370 391/778/33 388/768/9
f 388/768/9 391/778/33 384/766/62
f 362/779/357 388/768/9 369/748/41
f 364/728/358 388/777/9 362/725/357
f 368/746/48 369/748/41 388/768/9
f 392/780/371 391/781/33 390/782/370
f 393/783/61 391/781/33 392/780/371
f 391/778/33 393/784/61 384/766/62
f 393/783/61 392/780/371 394/785/35
f 395/786/26 393/783/61 394/785/35
f 395/786/26 396/787/25 393/783/61
f 393/784/61 396/788/25 384/766/62
f 397/789/372 396/787/25 395/786/26
f 397/789/372 398/790/373 396/787/25
f 396/788/25 398/791/373 384/766/62
f 384/792/62 398/790/373 397/789/372
f 397/793/372 395/794/26 394/795/35
f 384/792/62 397/789/372 399/796/23
f 399/797/23 397/793/372 400/798/18
f 397/793/372 394/795/35 400/798/18
f 400/799/18 402/800/64 401/801/21
f 400/798/18 401/802/21 406/803/22
f 400/799/18 404/804/20 402/800/64
f 403/805/374 404/804/20 400/799/18
f 403/806/374 400/798/18 405/807/12
f 405/807/12 400/798/18 360/724/356
f 406/803/22 399/797/23 400/798/18
f 394/795/35 360/724/356 400/798/18
f 407/808/63 399/796/23 406/809/22
f 402/800/64 407/808/63 406/809/22
f 402/800/64 406/809/22 401/801/21
f 407/808/63 384/792/62 399/796/23
f 384/766/62 407/810/63 402/811/64
f 405/812/12 409/813/10 408/814/375
f 405/807/12 408/815/375 412/816/16
f 405/812/12 413/817/14 409/813/10
f 385/818/368 405/812/12 410/819/376
f 385/818/368 413/817/14 405/812/12
f 411/820/3 410/821/376 405/807/12
f 366/732/359 411/820/3 405/807/12
f 412/816/16 403/806/374 405/807/12
f 366/732/359 405/807/12 360/724/356
f 409/822/10 413/823/14 414/824/8
f 413/823/14 385/767/368 414/824/8
f 404/825/20 414/824/8 384/766/62
f 403/805/374 414/826/8 404/804/20
f 384/766/62 414/824/8 385/767/368
f 414/824/8 415/827/19 409/822/10
f 415/828/19 414/826/8 403/805/374
f 415/828/19 403/805/374 412/829/16
f 409/813/10 415/828/19 412/829/16
f 409/813/10 412/829/16 408/814/375
f 411/830/3 385/831/368 410/832/376
f 411/830/3 417/833/377 385/831/368
f 387/834/5 411/830/3 416/835/378
f 387/834/5 417/833/377 411/830/3
f 366/732/359 416/836/378 411/820/3
f 385/767/368 417/837/377 387/769/5
f 366/838/359 387/834/5 416/835/378
f 402/811/64 404/825/20 384/766/62
f 394/795/35 392/839/371 360/724/356
f 392/780/371 390/782/370 360/720/356
f 360/720/356 390/782/370 358/717/60
f 389/776/369 364/728/358 359/718/40
f 358/717/60 389/776/369 359/718/40
f 366/838/359 418/840/379 387/834/5
f 387/769/5 418/841/379 378/757/11
f 378/750/11 418/840/379 366/838/359
f 368/735/48 386/771/47 372/770/50
f 378/750/11 366/838/359 377/751/362
f 368/735/48 372/770/50 367/736/49
f 371/842/43 369/740/41 370/741/42
f 371/842/43 420/843/45 369/740/41
f 419/844/36 371/842/43 363/726/37
f 419/844/36 420/843/45 371/842/43
f 369/748/41 420/845/45 419/846/36
f 362/725/357 419/844/36 363/726/37
f 419/846/36 362/779/357 369/748/41
usemtl マテリアル.001
f 422/261/380 423/262/381 421/263/382
f 424/264/383 422/261/380 421/263/382
f 421/265/382 423/266/381 426/267/384
f 424/264/383 421/263/382 425/268/385
f 425/269/385 421/265/382 426/267/384
f 426/270/384 428/271/386 427/272/387
f 426/267/384 427/273/387 431/274/388
f 426/270/384 430/275/389 428/271/386
f 429/276/390 430/275/389 426/270/384
f 423/266/381 429/277/390 426/267/384
f 425/269/385 426/267/384 433/278/391
f 431/274/388 432/279/392 426/267/384
f 432/279/392 433/278/391 426/267/384
f 434/280/393 435/281/394 433/282/391
f 436/283/395 434/280/393 433/282/391
f 433/278/391 435/284/394 437/285/396
f 436/283/395 433/282/391 432/286/392
f 433/278/391 437/285/396 438/287/397
f 433/278/391 438/287/397 425/269/385
f 438/288/397 440/289/398 439/290/399
f 438/287/397 439/291/399 443/292/400
f 438/288/397 442/293/401 440/289/398
f 441/294/402 442/293/401 438/288/397
f 437/285/396 441/295/402 438/287/397
f 443/292/400 444/296/403 438/287/397
f 444/296/403 445/297/404 438/287/397
f 438/287/397 445/297/404 425/269/385
f 445/297/404 446/298/405 425/269/385
f 452/299/406 446/298/405 445/297/404
f 445/300/404 448/301/407 447/302/408
f 445/297/404 447/303/408 450/304/409
f 445/300/404 453/305/410 448/301/407
f 449/306/411 445/300/404 444/307/403
f 449/306/411 453/305/410 445/300/404
f 445/297/404 450/304/409 451/308/412
f 451/308/412 452/299/406 445/297/404
f 448/309/407 453/310/410 449/311/411
f 452/312/406 455/313/413 454/314/414
f 452/299/406 454/315/414 446/298/405
f 452/312/406 458/316/415 455/313/413
f 456/317/416 452/312/406 457/318/417
f 456/317/416 458/316/415 452/312/406
f 451/308/412 457/319/417 452/299/406
f 455/320/413 458/321/415 456/322/416
f 459/323/418 456/317/416 457/318/417
f 459/323/418 457/318/417 451/324/412
f 460/325/419 459/323/418 451/324/412
f 456/322/416 459/326/418 455/320/413
f 459/326/418 460/327/419 455/320/413
f 461/328/420 460/327/419 462/329/421
f 461/328/420 455/320/413 460/327/419
f 460/327/419 449/311/411 462/329/421
f 460/325/419 451/324/412 463/330/422
f 450/331/409 460/325/419 463/330/422
f 450/331/409 464/332/423 460/325/419
f 460/327/419 464/333/423 449/311/411
f 464/333/423 448/309/407 449/311/411
f 448/301/407 464/332/423 450/331/409
f 450/304/409 463/334/422 451/308/412
f 468/335/424 461/328/420 462/329/421
f 449/311/411 465/336/425 462/329/421
f 465/336/425 440/337/398 462/329/421
f 440/337/398 442/338/401 462/329/421
f 441/294/402 462/339/421 442/293/401
f 462/329/421 467/340/426 466/341/427
f 466/341/427 434/342/393 462/329/421
f 467/343/426 462/339/421 441/294/402
f 434/342/393 436/344/395 462/329/421
f 436/344/395 428/345/386 462/329/421
f 428/345/386 468/335/424 462/329/421
f 423/262/381 468/346/424 429/276/390
f 423/262/381 469/347/428 468/346/424
f 429/276/390 468/346/424 430/275/389
f 468/335/424 469/348/428 422/349/380
f 422/349/380 424/350/383 468/335/424
f 424/350/383 470/351/429 468/335/424
f 470/351/429 471/352/430 468/335/424
f 428/345/386 430/353/389 468/335/424
f 471/352/430 461/328/420 468/335/424
f 471/354/430 473/355/431 472/356/432
f 474/357/433 471/354/430 472/356/432
f 471/354/430 475/358/434 473/355/431
f 474/357/433 476/359/435 471/354/430
f 470/351/429 475/360/434 471/352/430
f 471/352/430 476/361/435 461/328/420
f 477/362/436 476/359/435 474/357/433
f 477/362/436 461/363/420 476/359/435
f 477/364/436 474/365/433 446/298/405
f 478/366/437 477/362/436 479/367/438
f 478/366/437 461/363/420 477/362/436
f 479/368/438 477/364/436 446/298/405
f 480/369/439 478/370/437 479/371/438
f 480/369/439 479/371/438 481/372/440
f 446/298/405 481/373/440 479/368/438
f 482/374/441 480/369/439 481/372/440
f 482/374/441 481/372/440 446/375/405
f 455/313/413 482/374/441 446/375/405
f 480/376/439 482/377/441 455/320/413
f 461/328/420 478/378/437 480/376/439
f 461/328/420 480/376/439 455/320/413
f 475/358/434 483/379/442 473/355/431
f 475/358/434 470/380/429 483/379/442
f 483/379/442 424/264/383 425/268/385
f 473/381/431 483/382/442 425/269/385
f 483/379/442 470/380/429 424/264/383
f 474/365/433 472/383/432 425/269/385
f 446/298/405 474/365/433 425/269/385
f 472/383/432 473/381/431 425/269/385
f 422/261/380 469/347/428 423/262/381
f 467/343/426 441/294/402 437/384/396
f 466/385/427 467/343/426 437/384/396
f 466/385/427 437/384/396 435/281/394
f 434/280/393 466/385/427 435/281/394
f 465/386/425 444/307/403 443/387/400
f 440/289/398 465/386/425 443/387/400
f 465/386/425 449/306/411 444/307/403
f 455/313/413 446/375/405 454/314/414
f 448/301/407 450/331/409 447/302/408
f 440/289/398 443/387/400 439/290/399
f 431/388/388 436/283/395 432/286/392
f 431/388/388 484/389/443 436/283/395
f 436/344/395 484/390/443 428/345/386
f 428/271/386 484/389/443 431/388/388
f 428/271/386 431/388/388 427/272/387
f 485/1/444 487/2/445 486/3/446
f 489/4/447 485/5/444 486/6/446
f 485/1/444 490/7/448 487/2/445
f 488/8/449 485/9/444 489/10/447
f 488/8/449 490/11/448 485/9/444
f 491/12/450 487/13/445 490/14/448
f 490/14/448 488/15/449 491/12/450
f 492/16/451 491/12/450 493/17/452
f 492/16/451 497/18/453 491/12/450
f 491/12/450 496/19/454 493/17/452
f 491/20/450 495/21/455 494/22/456
f 487/2/445 491/20/450 494/22/456
f 491/20/450 498/23/457 495/21/455
f 488/15/449 496/19/454 491/12/450
f 497/18/453 498/24/457 491/12/450
f 498/23/457 499/25/458 495/21/455
f 498/23/457 497/26/453 499/25/458
f 497/26/453 500/27/459 499/25/458
f 495/28/455 499/29/458 500/30/459
f 500/27/459 492/31/451 501/32/460
f 500/30/459 501/33/460 502/34/461
f 500/27/459 503/35/462 492/31/451
f 497/26/453 503/35/462 500/27/459
f 495/28/455 500/30/459 489/4/447
f 500/30/459 502/34/461 489/4/447
f 492/16/451 503/36/462 497/18/453
f 504/37/463 505/38/464 502/39/461
f 492/31/451 504/37/463 502/39/461
f 502/34/461 505/40/464 506/41/465
f 492/31/451 502/39/461 501/32/460
f 506/41/465 507/42/466 502/34/461
f 507/42/466 508/43/467 502/34/461
f 502/34/461 508/43/467 489/4/447
f 508/44/467 510/45/468 509/46/469
f 508/43/467 509/47/469 512/48/470
f 508/44/467 511/49/471 510/45/468
f 507/50/466 511/49/471 508/44/467
f 508/43/467 512/48/470 489/4/447
f 512/48/470 513/51/472 489/4/447
f 512/48/470 519/52/473 513/51/472
f 514/53/474 515/54/475 512/55/470
f 516/56/476 514/53/474 512/55/470
f 512/48/470 515/57/475 519/52/473
f 516/56/476 512/55/470 517/58/477
f 518/59/478 517/60/477 512/48/470
f 509/47/469 518/59/478 512/48/470
f 519/61/473 521/62/479 520/63/480
f 519/52/473 520/64/480 513/51/472
f 519/61/473 524/65/481 521/62/479
f 493/66/452 519/61/473 522/67/482
f 493/66/452 524/65/481 519/61/473
f 523/68/483 522/69/482 519/52/473
f 515/57/475 523/68/483 519/52/473
f 521/70/479 524/71/481 525/72/484
f 524/71/481 493/17/452 525/72/484
f 525/73/484 513/74/472 526/75/485
f 527/76/486 525/73/484 526/75/485
f 525/73/484 531/77/487 513/74/472
f 527/76/486 532/78/488 525/73/484
f 528/79/489 529/80/490 525/72/484
f 528/79/489 525/72/484 493/17/452
f 529/80/490 530/81/491 525/72/484
f 530/81/491 531/82/487 525/72/484
f 525/72/484 532/83/488 521/70/479
f 521/62/479 532/78/488 527/76/486
f 531/77/487 533/84/492 513/74/472
f 531/77/487 530/85/491 533/84/492
f 533/84/492 529/86/490 534/87/493
f 513/51/472 533/88/492 534/89/493
f 533/84/492 530/85/491 529/86/490
f 534/87/493 528/90/489 535/91/494
f 534/89/493 535/92/494 536/93/495
f 534/87/493 529/86/490 528/90/489
f 513/51/472 534/89/493 536/93/495
f 537/94/496 538/95/497 536/96/495
f 528/90/489 537/94/496 536/96/495
f 536/93/495 538/97/497 489/4/447
f 528/90/489 536/96/495 535/91/494
f 513/51/472 536/93/495 489/4/447
f 538/95/497 540/98/498 539/99/499
f 538/97/497 539/100/499 489/4/447
f 538/95/497 541/101/500 540/98/498
f 537/94/496 541/101/500 538/95/497
f 496/19/454 540/102/498 541/103/500
f 496/19/454 541/103/500 528/79/489
f 541/103/500 537/104/496 528/79/489
f 540/98/498 542/105/501 539/99/499
f 540/98/498 496/106/454 542/105/501
f 542/105/501 488/8/449 489/10/447
f 539/100/499 542/107/501 489/4/447
f 542/105/501 496/106/454 488/8/449
f 496/19/454 528/79/489 493/17/452
f 527/108/486 526/109/485 513/51/472
f 521/62/479 527/76/486 520/63/480
f 520/64/480 527/108/486 513/51/472
f 523/110/483 493/66/452 522/67/482
f 523/110/483 543/111/502 493/66/452
f 515/54/475 543/111/502 523/110/483
f 515/54/475 544/112/503 543/111/502
f 493/17/452 543/113/502 516/114/476
f 543/113/502 544/115/503 516/114/476
f 544/115/503 514/116/474 516/114/476
f 514/53/474 544/112/503 515/54/475
f 518/117/478 516/56/476 517/58/477
f 518/117/478 545/118/504 516/56/476
f 510/45/468 518/117/478 509/46/469
f 510/45/468 545/118/504 518/117/478
f 516/114/476 545/119/504 510/120/468
f 493/17/452 516/114/476 546/121/505
f 516/114/476 510/120/468 546/121/505
f 510/120/468 511/122/471 546/121/505
f 507/50/466 546/123/505 511/49/471
f 546/121/505 547/124/506 492/16/451
f 546/121/505 492/16/451 493/17/452
f 547/125/506 546/123/505 507/50/466
f 547/125/506 507/50/466 506/126/465
f 505/38/464 547/125/506 506/126/465
f 505/38/464 548/127/507 547/125/506
f 547/124/506 548/128/507 492/16/451
f 548/128/507 504/129/463 492/16/451
f 504/37/463 548/127/507 505/38/464
f 486/6/446 494/130/456 495/28/455
f 489/4/447 486/6/446 495/28/455
f 487/2/445 494/22/456 486/3/446
f 550/131/508 551/132/509 549/133/510
f 552/134/511 550/131/508 549/133/510
f 553/135/512 549/136/510 551/137/509
f 552/134/511 549/133/510 553/138/512
f 554/139/513 555/140/514 553/135/512
f 561/141/515 554/139/513 553/135/512
f 558/142/516 553/135/512 555/140/514
f 556/143/517 552/134/511 553/138/512
f 556/143/517 553/138/512 557/144/518
f 558/142/516 557/145/518 553/135/512
f 553/135/512 551/137/509 559/146/519
f 553/135/512 559/146/519 560/147/520
f 560/147/520 561/141/515 553/135/512
f 562/148/521 563/149/522 561/150/515
f 564/151/523 562/148/521 561/150/515
f 561/141/515 563/152/522 565/153/524
f 564/154/523 561/141/515 560/147/520
f 561/141/515 565/153/524 554/139/513
f 565/155/524 567/156/525 566/157/526
f 565/153/524 566/158/526 554/139/513
f 565/155/524 568/159/527 567/156/525
f 563/149/522 568/159/527 565/155/524
f 563/149/522 570/160/528 568/159/527
f 567/161/525 568/162/527 569/163/529
f 568/162/527 570/164/528 569/163/529
f 570/164/528 562/165/521 569/163/529
f 562/148/521 570/160/528 563/149/522
f 571/166/530 569/163/529 572/167/531
f 571/166/530 567/161/525 569/163/529
f 569/163/529 573/168/532 572/167/531
f 564/151/523 569/169/529 562/148/521
f 569/163/529 574/170/533 573/168/532
f 574/171/533 569/169/529 564/151/523
f 574/171/533 564/151/523 575/172/534
f 576/173/535 574/171/533 575/172/534
f 576/173/535 577/174/536 574/171/533
f 574/170/533 577/175/536 573/168/532
f 577/175/536 578/176/537 573/168/532
f 578/177/537 577/174/536 576/173/535
f 578/177/537 576/173/535 560/178/520
f 579/179/538 578/177/537 560/178/520
f 579/179/538 573/180/532 578/177/537
f 580/181/539 579/182/538 560/147/520
f 580/183/539 573/180/532 579/179/538
f 580/183/539 582/184/540 573/180/532
f 581/185/541 582/184/540 580/183/539
f 581/186/541 580/181/539 560/147/520
f 581/185/541 583/187/542 582/184/540
f 573/168/532 582/188/540 583/189/542
f 583/189/542 584/190/543 573/168/532
f 584/191/543 583/187/542 581/185/541
f 584/191/543 581/185/541 559/192/519
f 572/193/531 584/191/543 559/192/519
f 584/190/543 572/167/531 573/168/532
f 559/146/519 581/186/541 560/147/520
f 560/147/520 576/194/535 575/195/534
f 575/195/534 564/154/523 560/147/520
f 572/167/531 556/196/517 571/166/530
f 572/193/531 559/192/519 585/197/544
f 551/132/509 572/198/531 585/199/544
f 551/132/509 586/200/545 572/198/531
f 572/167/531 586/201/545 550/202/508
f 550/202/508 552/203/511 572/167/531
f 552/203/511 556/196/517 572/167/531
f 550/131/508 586/200/545 551/132/509
f 551/137/509 585/204/544 559/146/519
f 571/205/530 588/206/546 587/207/547
f 592/208/548 571/205/530 587/207/547
f 571/205/530 589/209/549 588/206/546
f 589/210/549 571/166/530 590/211/550
f 594/212/551 590/211/550 571/166/530
f 571/166/530 592/213/548 591/214/552
f 591/214/552 593/215/553 571/166/530
f 593/215/553 567/161/525 571/166/530
f 556/196/517 594/212/551 571/166/530
f 594/216/551 596/217/554 595/218/555
f 601/219/556 594/216/551 595/218/555
f 594/216/551 599/220/557 596/217/554
f 556/196/517 597/221/558 594/212/551
f 597/221/558 598/222/559 594/212/551
f 598/222/559 599/223/557 594/212/551
f 594/212/551 601/224/556 600/225/560
f 600/225/560 602/226/561 594/212/551
f 602/226/561 590/211/550 594/212/551
f 602/227/561 603/228/562 555/229/514
f 604/230/563 602/227/561 555/229/514
f 602/227/561 600/231/560 603/228/562
f 604/230/563 590/232/550 602/227/561
f 604/233/563 555/140/514 588/234/546
f 605/235/564 604/230/563 606/236/565
f 605/235/564 590/232/550 604/230/563
f 606/237/565 604/233/563 588/234/546
f 607/238/566 605/235/564 606/236/565
f 588/234/546 607/239/566 606/237/565
f 607/238/566 608/240/567 605/235/564
f 589/209/549 607/238/566 588/206/546
f 589/209/549 608/240/567 607/238/566
f 590/211/550 605/241/564 608/242/567
f 608/242/567 589/210/549 590/211/550
f 600/231/560 609/243/568 603/228/562
f 555/140/514 603/244/562 609/245/568
f 601/219/556 595/218/555 609/243/568
f 600/231/560 601/219/556 609/243/568
f 609/245/568 595/246/555 596/247/554
f 555/140/514 609/245/568 596/247/554
f 599/220/557 610/248/569 596/217/554
f 599/220/557 598/249/559 610/248/569
f 610/248/569 597/250/558 558/251/516
f 596/247/554 610/252/569 558/142/516
f 610/248/569 598/249/559 597/250/558
f 558/251/516 597/250/558 556/143/517
f 596/247/554 558/142/516 555/140/514
f 593/253/553 611/254/570 554/255/513
f 566/157/526 593/253/553 554/255/513
f 593/253/553 591/256/552 611/254/570
f 566/157/526 567/156/525 593/253/553
f 611/254/570 592/208/548 612/257/571
f 554/139/513 611/258/570 612/259/571
f 611/254/570 591/256/552 592/208/548
f 592/208/548 587/207/547 612/257/571
f 612/259/571 587/260/547 588/234/546
f 554/139/513 612/259/571 555/140/514
f 612/259/571 588/234/546 555/140/514
f 558/251/516 556/143/517 557/144/518
f 613/391/572 615/392/573 614/393/574
f 616/394/575 613/395/572 614/396/574
f 613/391/572 617/397/576 615/392/573
f 616/394/575 619/398/577 613/395/572
f 613/391/572 618/399/578 617/397/576
f 613/391/572 619/400/577 618/399/578
f 619/400/577 620/401/579 618/399/578
f 619/400/577 622/402/580 620/401/579
f 621/403/581 619/398/577 616/394/575
f 621/403/581 622/404/580 619/398/577
f 623/405/582 620/401/579 622/402/580
f 623/406/582 622/404/580 621/403/581
f 623/406/582 621/403/581 624/407/583
f 625/408/584 623/406/582 624/407/583
f 625/409/584 626/410/585 623/405/582
f 623/405/582 626/410/585 620/401/579
f 625/409/584 628/411/586 626/410/585
f 626/412/585 627/413/587 620/414/579
f 626/412/585 629/415/588 627/413/587
f 628/416/586 629/415/588 626/412/585
f 628/416/586 632/417/589 629/415/588
f 629/418/588 631/419/590 630/420/591
f 627/421/587 629/418/588 630/420/591
f 629/418/588 632/422/589 631/419/590
f 633/423/592 632/424/589 628/425/586
f 631/426/590 632/427/589 633/428/592
f 633/423/592 628/425/586 634/429/593
f 636/430/594 633/423/592 634/429/593
f 631/426/590 633/428/592 635/431/595
f 635/431/595 633/428/592 636/430/594
f 637/432/596 636/430/594 638/433/597
f 637/432/596 639/434/598 636/430/594
f 636/430/594 640/435/599 638/433/597
f 635/431/595 636/430/594 639/434/598
f 636/430/594 641/436/600 640/435/599
f 636/430/594 634/429/593 641/436/600
f 641/436/600 634/437/593 644/438/601
f 641/436/600 642/439/602 640/435/599
f 641/436/600 643/440/603 642/439/602
f 641/436/600 644/438/601 643/440/603
f 644/438/601 645/441/604 643/440/603
f 644/438/601 624/442/583 645/441/604
f 625/408/584 624/407/583 644/438/601
f 634/437/593 625/408/584 644/438/601
f 642/439/602 643/440/603 645/443/604
f 642/439/602 645/443/604 646/444/605
f 646/444/605 645/443/604 647/445/606
f 624/442/583 647/446/606 645/441/604
f 647/446/606 616/447/575 648/448/607
f 647/445/606 648/449/607 650/450/608
f 647/446/606 621/451/581 616/447/575
f 647/445/606 650/450/608 649/452/609
f 646/444/605 647/445/606 649/452/609
f 624/442/583 621/451/581 647/446/606
f 649/453/609 650/454/608 652/455/610
f 648/449/607 651/456/611 650/450/608
f 650/454/608 651/457/611 653/458/612
f 650/454/608 653/458/612 652/455/610
f 653/459/612 654/460/613 652/461/610
f 653/459/612 655/462/614 654/460/613
f 653/459/612 656/463/615 655/462/614
f 653/459/612 651/464/611 656/463/615
f 651/464/611 657/465/616 656/463/615
f 656/466/615 657/467/616 659/468/617
f 656/466/615 659/468/617 658/469/618
f 655/470/614 656/466/615 658/469/618
f 659/471/617 660/472/619 658/473/618
f 615/474/573 659/468/617 657/467/616
f 615/474/573 663/475/620 659/468/617
f 659/471/617 661/476/621 660/472/619
f 659/471/617 662/477/622 661/476/621
f 659/471/617 663/478/620 662/477/622
f 663/478/620 664/479/623 662/477/622
f 663/478/620 665/480/624 664/479/623
f 617/481/576 663/475/620 615/474/573
f 617/481/576 665/482/624 663/475/620
f 666/483/625 664/479/623 665/480/624
f 617/481/576 666/484/625 665/482/624
f 627/421/587 667/485/626 666/483/625
f 618/486/578 627/413/587 666/484/625
f 666/483/625 667/485/626 664/479/623
f 617/481/576 618/486/578 666/484/625
f 668/487/627 669/488/628 667/489/626
f 627/421/587 668/490/627 667/485/626
f 667/489/626 669/488/628 670/491/629
f 667/489/626 670/491/629 664/492/623
f 662/493/622 664/492/623 670/491/629
f 670/494/629 672/495/630 671/496/631
f 662/493/622 670/491/629 671/497/631
f 670/494/629 669/498/628 672/495/630
f 672/499/630 674/500/632 673/501/633
f 671/502/631 672/499/630 673/501/633
f 672/499/630 675/503/634 674/500/632
f 669/498/628 675/504/634 672/495/630
f 675/504/634 677/505/635 676/506/636
f 674/500/632 675/503/634 676/507/636
f 675/504/634 678/508/637 677/505/635
f 669/498/628 678/508/637 675/504/634
f 668/487/627 677/509/635 678/510/637
f 668/487/627 678/510/637 669/488/628
f 630/511/591 679/512/638 677/509/635
f 668/487/627 630/511/591 677/509/635
f 676/506/636 677/505/635 679/513/638
f 630/511/591 631/514/590 679/512/638
f 679/513/638 635/515/595 680/516/639
f 676/506/636 679/513/638 680/516/639
f 679/513/638 631/517/590 635/515/595
f 681/518/640 680/516/639 682/519/641
f 681/518/640 676/507/636 680/516/639
f 680/516/639 639/434/598 682/519/641
f 680/516/639 635/515/595 639/434/598
f 681/520/640 682/519/641 683/521/642
f 683/521/642 682/519/641 639/434/598
f 681/520/640 683/521/642 684/522/643
f 684/523/643 683/521/642 685/524/644
f 683/521/642 639/434/598 637/432/596
f 685/524/644 683/521/642 637/432/596
f 685/524/644 637/432/596 686/525/645
f 687/526/646 685/524/644 686/525/645
f 687/526/646 688/527/647 685/524/644
f 684/523/643 685/524/644 688/528/647
f 689/529/648 688/527/647 687/526/646
f 689/529/648 691/530/649 688/527/647
f 690/531/650 684/523/643 688/528/647
f 690/531/650 688/528/647 691/532/649
f 692/533/651 690/531/650 691/532/649
f 689/529/648 692/534/651 691/530/649
f 692/533/651 694/535/652 690/531/650
f 689/529/648 695/536/653 692/534/651
f 693/537/654 694/535/652 692/533/651
f 695/536/653 693/538/654 692/534/651
f 695/536/653 698/539/655 693/538/654
f 696/540/656 695/541/653 689/542/648
f 696/540/656 697/543/657 695/541/653
f 697/543/657 698/544/655 695/541/653
f 697/543/657 699/545/658 698/544/655
f 660/546/619 693/538/654 698/539/655
f 658/473/618 660/472/619 698/544/655
f 658/473/618 698/544/655 699/545/658
f 655/470/614 658/469/618 699/547/658
f 655/470/614 699/547/658 697/548/657
f 655/470/614 697/548/657 654/549/613
f 654/549/613 697/548/657 696/550/656
f 700/551/659 696/550/656 701/552/660
f 700/551/659 702/553/661 696/550/656
f 696/540/656 687/554/646 701/555/660
f 696/540/656 689/542/648 687/554/646
f 654/549/613 696/550/656 702/553/661
f 703/556/662 702/557/661 700/558/659
f 703/556/662 704/559/663 702/557/661
f 652/461/610 654/460/613 702/557/661
f 652/461/610 702/557/661 704/559/663
f 703/560/662 649/453/609 704/561/663
f 649/453/609 652/455/610 704/561/663
f 703/560/662 646/562/605 649/453/609
f 705/563/664 646/562/605 703/560/662
f 705/563/664 703/556/662 700/558/659
f 705/563/664 642/439/602 646/562/605
f 705/563/664 700/558/659 706/564/665
f 640/435/599 705/563/664 706/564/665
f 640/435/599 642/439/602 705/563/664
f 706/565/665 700/551/659 701/552/660
f 706/565/665 701/552/660 707/566/666
f 638/433/597 706/565/665 707/566/666
f 638/433/597 640/435/599 706/565/665
f 701/555/660 686/567/645 707/568/666
f 686/567/645 638/433/597 707/568/666
f 701/555/660 687/554/646 686/567/645
f 708/569/667 673/570/633 694/571/652
f 693/537/654 708/572/667 694/535/652
f 694/571/652 673/570/633 674/573/632
f 694/571/652 674/573/632 690/574/650
f 661/575/621 708/576/667 660/546/619
f 661/575/621 709/577/668 708/576/667
f 660/546/619 708/576/667 693/538/654
f 708/569/667 709/578/668 673/570/633
f 661/575/621 671/497/631 709/577/668
f 671/502/631 673/501/633 709/579/668
f 674/573/632 684/522/643 690/574/650
f 686/567/645 637/432/596 638/433/597
f 674/573/632 681/520/640 684/522/643
f 674/500/632 676/507/636 681/518/640
f 661/575/621 662/493/622 671/497/631
f 627/421/587 630/420/591 668/490/627
f 614/393/574 657/465/616 710/580/669
f 614/393/574 615/392/573 657/465/616
f 651/464/611 710/580/669 657/465/616
f 648/448/607 614/581/574 710/582/669
f 648/449/607 710/583/669 651/456/611
f 648/448/607 616/447/575 614/581/574
f 634/437/593 628/584/586 625/408/584
f 618/486/578 620/414/579 627/413/587
f 711/585/670 713/586/671 712/587/672
f 711/588/670 712/589/672 716/590/673
f 714/591/674 713/586/671 711/585/670
f 714/592/674 711/588/670 715/593/675
f 716/590/673 715/593/675 711/588/670
f 716/594/673 713/586/671 715/595/675
f 717/596/676 713/586/671 716/594/673
f 712/589/672 717/597/676 716/590/673
f 718/598/677 713/586/671 717/596/676
f 718/599/677 717/597/676 719/600/678
f 712/589/672 719/600/678 717/597/676
f 719/601/678 713/586/671 720/602/679
f 719/600/678 720/603/679 718/599/677
f 712/587/672 713/586/671 719/601/678
f 720/602/679 713/586/671 721/604/680
f 720/603/679 721/605/680 722/606/681
f 722/606/681 718/599/677 720/603/679
f 722/607/681 713/586/671 718/598/677
f 723/608/682 713/586/671 722/607/681
f 723/609/682 722/606/681 721/605/680
f 724/610/683 713/586/671 723/608/682
f 725/611/684 724/612/683 723/609/682
f 721/605/680 725/611/684 723/609/682
f 725/613/684 713/586/671 726/614/685
f 725/611/684 726/615/685 724/612/683
f 721/604/680 713/586/671 725/613/684
f 726/614/685 713/586/671 727/616/686
f 726/615/685 727/617/686 724/612/683
f 727/616/686 713/586/671 728/618/687
f 727/617/686 728/619/687 729/620/688
f 729/620/688 724/612/683 727/617/686
f 729/621/688 713/586/671 724/610/683
f 728/618/687 713/586/671 729/621/688
f 715/595/675 713/586/671 730/622/689
f 715/593/675 730/623/689 714/592/674
f 730/622/689 713/586/671 731/624/690
f 730/623/689 731/625/690 732/626/691
f 730/623/689 732/626/691 714/592/674
f 733/627/692 732/626/691 731/625/690
f 733/628/692 713/586/671 732/629/691
f 732/629/691 713/586/671 714/591/674
f 731/625/690 735/630/693 733/627/692
f 734/631/694 713/586/671 733/628/692
f 734/632/694 733/627/692 735/630/693
f 735/633/693 713/586/671 736/634/695
f 735/630/693 736/635/695 734/632/694
f 731/624/690 713/586/671 735/633/693
f 736/634/695 713/586/671 737/636/696
f 736/635/695 737/637/696 738/638/697
f 738/638/697 734/632/694 736/635/695
f 738/639/697 713/586/671 734/631/694
f 739/640/698 713/586/671 738/639/697
f 737/637/696 739/641/698 738/638/697
f 740/642/699 713/586/671 739/640/698
f 740/643/699 739/641/698 742/644/700
f 737/637/696 741/645/701 739/641/698
f 741/645/701 742/644/700 739/641/698
f 742/646/700 713/586/671 743/647/702
f 742/644/700 743/648/702 740/643/699
f 741/649/701 713/586/671 742/646/700
f 743/647/702 713/586/671 740/650/699
f 737/636/696 713/586/671 741/649/701
f 744/651/703 746/652/704 745/653/705
f 744/654/703 745/655/705 749/656/706
f 747/657/707 746/652/704 744/651/703
f 747/658/707 744/654/703 748/659/708
f 749/656/706 748/659/708 744/654/703
f 749/660/706 746/652/704 748/661/708
f 750/662/709 746/652/704 749/660/706
f 745/655/705 750/663/709 749/656/706
f 751/664/710 746/652/704 750/662/709
f 751/665/710 750/663/709 752/666/711
f 745/655/705 752/666/711 750/663/709
f 752/667/711 746/652/704 753/668/712
f 752/666/711 753/669/712 751/665/710
f 745/653/705 746/652/704 752/667/711
f 753/668/712 746/652/704 754/670/713
f 753/669/712 754/671/713 755/672/714
f 755/672/714 751/665/710 753/669/712
f 755/673/714 746/652/704 751/664/710
f 756/674/715 746/652/704 755/673/714
f 756/675/715 755/672/714 754/671/713
f 757/676/716 746/652/704 756/674/715
f 758/677/717 757/678/716 756/675/715
f 754/671/713 758/677/717 756/675/715
f 758/679/717 746/652/704 759/680/718
f 758/677/717 759/681/718 757/678/716
f 754/670/713 746/652/704 758/679/717
f 759/680/718 746/652/704 760/682/719
f 759/681/718 760/683/719 761/684/720
f 761/684/720 757/678/716 759/681/718
f 761/685/720 746/652/704 757/676/716
f 762/686/721 746/652/704 761/685/720
f 760/683/719 762/687/721 761/684/720
f 760/682/719 746/652/704 762/686/721
f 748/661/708 746/652/704 763/688/722
f 748/659/708 763/689/722 747/658/707
f 763/688/722 746/652/704 764/690/723
f 763/689/722 764/691/723 765/692/724
f 763/689/722 765/692/724 747/658/707
f 766/693/725 765/692/724 764/691/723
f 766/694/725 746/652/704 765/695/724
f 765/695/724 746/652/704 747/657/707
f 764/691/723 768/696/726 766/693/725
f 767/697/727 746/652/704 766/694/725
f 767/698/727 766/693/725 768/696/726
f 768/699/726 746/652/704 769/700/728
f 768/696/726 769/701/728 767/698/727
f 764/690/723 746/652/704 768/699/726
f 769/700/728 746/652/704 770/702/729
f 769/701/728 770/703/729 771/704/730
f 771/704/730 767/698/727 769/701/728
f 771/705/730 746/652/704 767/697/727
f 772/706/731 746/652/704 771/705/730
f 770/703/729 772/707/731 771/704/730
f 773/708/732 746/652/704 772/706/731
f 773/709/732 772/707/731 774/710/733
f 770/703/729 774/710/733 772/707/731
f 774/711/733 746/652/704 775/712/734
f 774/710/733 775/713/734 773/709/732
f 770/702/729 746/652/704 774/711/733
f 775/712/734 746/652/704 776/714/735
f 775/713/734 776/715/735 773/709/732
f 776/714/735 746/652/704 773/716/732
f 778/717/736 779/718/737 777/719/475
f 780/720/738 778/717/736 777/719/475
f 777/721/475 779/722/737 781/723/473
f 780/724/738 777/721/475 781/723/473
f 782/725/481 783/726/480 781/727/473
f 784/728/482 782/725/481 781/727/473
f 781/723/473 783/729/480 785/730/472
f 779/722/737 784/731/482 781/723/473
f 780/724/738 781/723/473 785/730/472
f 780/724/738 785/730/472 786/732/447
f 795/733/739 786/732/447 785/730/472
f 785/734/472 788/735/491 787/736/492
f 785/730/472 787/737/492 792/738/493
f 785/734/472 796/739/740 788/735/491
f 789/740/484 785/734/472 790/741/485
f 789/740/484 796/739/740 785/734/472
f 791/742/741 790/743/485 785/730/472
f 783/729/480 791/742/741 785/730/472
f 792/738/493 793/744/494 785/730/472
f 793/744/494 794/745/495 785/730/472
f 794/745/495 795/733/739 785/730/472
f 788/746/491 796/747/740 789/748/484
f 795/749/739 798/750/454 797/751/742
f 795/733/739 797/752/742 786/732/447
f 795/749/739 800/753/498 798/750/454
f 799/754/743 800/753/498 795/749/739
f 794/745/495 799/755/743 795/733/739
f 799/754/743 802/756/500 800/753/498
f 798/757/454 800/758/498 801/759/489
f 800/758/498 802/760/500 801/759/489
f 802/760/500 803/761/496 801/759/489
f 803/762/496 802/756/500 799/754/743
f 803/762/496 799/754/743 794/763/495
f 793/764/494 803/762/496 794/763/495
f 793/764/494 801/765/489 803/762/496
f 804/766/505 805/767/450 801/759/489
f 808/768/744 804/766/505 801/759/489
f 805/767/450 807/769/745 801/759/489
f 792/770/493 801/765/489 793/764/494
f 792/770/493 806/771/490 801/765/489
f 807/769/745 798/757/454 801/759/489
f 801/759/489 806/772/490 788/746/491
f 801/759/489 788/746/491 808/768/744
f 808/768/744 809/773/746 778/774/736
f 778/774/736 810/775/747 808/768/744
f 809/776/746 808/777/744 784/728/482
f 810/775/747 811/778/476 808/768/744
f 808/768/744 811/778/476 804/766/505
f 782/779/481 808/768/744 789/748/484
f 784/728/482 808/777/744 782/725/481
f 788/746/491 789/748/484 808/768/744
f 812/780/477 811/781/476 810/782/747
f 813/783/748 811/781/476 812/780/477
f 811/778/476 813/784/748 804/766/505
f 813/783/748 812/780/477 814/785/749
f 815/786/750 813/783/748 814/785/749
f 815/786/750 816/787/468 813/783/748
f 813/784/748 816/788/468 804/766/505
f 817/789/467 816/787/468 815/786/750
f 817/789/467 818/790/751 816/787/468
f 816/788/468 818/791/751 804/766/505
f 804/792/505 818/790/751 817/789/467
f 817/793/467 815/794/750 814/795/749
f 804/792/505 817/789/467 819/796/466
f 819/797/466 817/793/467 820/798/461
f 817/793/467 814/795/749 820/798/461
f 820/799/461 822/800/752 821/801/464
f 820/798/461 821/802/464 826/803/465
f 820/799/461 824/804/463 822/800/752
f 823/805/460 824/804/463 820/799/461
f 823/806/460 820/798/461 825/807/753
f 825/807/753 820/798/461 780/724/738
f 826/803/465 819/797/466 820/798/461
f 814/795/749 780/724/738 820/798/461
f 827/808/754 819/796/466 826/809/465
f 822/800/752 827/808/754 826/809/465
f 822/800/752 826/809/465 821/801/464
f 827/808/754 804/792/505 819/796/466
f 804/766/505 827/810/754 822/811/752
f 825/812/753 829/813/453 828/814/458
f 825/807/753 828/815/458 832/816/459
f 825/812/753 833/817/457 829/813/453
f 805/818/450 825/812/753 830/819/755
f 805/818/450 833/817/457 825/812/753
f 831/820/756 830/821/755 825/807/753
f 786/732/447 831/820/756 825/807/753
f 832/816/459 823/806/460 825/807/753
f 786/732/447 825/807/753 780/724/738
f 829/822/453 833/823/457 834/824/451
f 833/823/457 805/767/450 834/824/451
f 824/825/463 834/824/451 804/766/505
f 823/805/460 834/826/451 824/804/463
f 804/766/505 834/824/451 805/767/450
f 834/824/451 835/827/462 829/822/453
f 835/828/462 834/826/451 823/805/460
f 835/828/462 823/805/460 832/829/459
f 829/813/453 835/828/462 832/829/459
f 829/813/453 832/829/459 828/814/458
f 831/830/756 805/831/450 830/832/755
f 831/830/756 837/833/445 805/831/450
f 807/834/745 831/830/756 836/835/757
f 807/834/745 837/833/445 831/830/756
f 786/732/447 836/836/757 831/820/756
f 805/767/450 837/837/445 807/769/745
f 786/838/447 807/834/745 836/835/757
f 822/811/752 824/825/463 804/766/505
f 814/795/749 812/839/477 780/724/738
f 812/780/477 810/782/747 780/720/738
f 780/720/738 810/782/747 778/717/736
f 809/776/746 784/728/482 779/718/737
f 778/717/736 809/776/746 779/718/737
f 786/838/447 838/840/758 807/834/745
f 807/769/745 838/841/758 798/757/454
f 798/750/454 838/840/758 786/838/447
f 788/735/491 806/771/490 792/770/493
f 798/750/454 786/838/447 797/751/742
f 788/735/491 792/770/493 787/736/492
f 791/842/741 789/740/484 790/741/485
f 791/842/741 840/843/488 789/740/484
f 839/844/479 791/842/741 783/726/480
f 839/844/479 840/843/488 791/842/741
f 789/748/484 840/845/488 839/846/479
f 782/725/481 839/844/479 783/726/480
f 839/846/479 782/779/481 789/748/484
