# Blender 4.4.3
# www.blender.org
mtllib player.mtl
o 球.004
v -0.000000 2.222708 -0.353014
v 0.068870 2.222708 -0.346231
v -0.000000 2.281427 -0.243160
v 0.000000 2.143687 -0.449301
v -0.068869 2.222708 -0.346230
v -0.047438 2.281427 -0.238488
v -0.087654 2.143687 -0.440668
v -0.135092 2.222708 -0.326142
v -0.093053 2.281427 -0.224650
v -0.171940 2.143687 -0.415100
v -0.196124 2.222708 -0.293520
v -0.135092 2.281427 -0.202180
v -0.249618 2.143687 -0.373580
v -0.249618 2.222708 -0.249618
v -0.171940 2.281427 -0.171940
v -0.317704 2.143687 -0.317704
v -0.293520 2.222708 -0.196124
v -0.202180 2.281427 -0.135092
v -0.373580 2.143687 -0.249618
v -0.326142 2.222708 -0.135092
v -0.224650 2.281427 -0.093053
v -0.415100 2.143687 -0.171940
v -0.346230 2.222708 -0.068870
v -0.238488 2.281427 -0.047438
v -0.440668 2.143687 -0.087654
v -0.353013 2.222708 -0.000000
v -0.243160 2.281427 -0.000000
v -0.449301 2.143687 -0.000000
v -0.346230 2.222708 0.068869
v -0.238488 2.281427 0.047438
v -0.440668 2.143687 0.087654
v -0.326142 2.222708 0.135092
v -0.224651 2.281427 0.093053
v -0.415100 2.143687 0.171940
v -0.293520 2.222708 0.196124
v -0.202180 2.281427 0.135092
v -0.373580 2.143687 0.249618
v -0.249618 2.222708 0.249618
v -0.171940 2.281427 0.171940
v -0.317704 2.143687 0.317704
v -0.196124 2.222708 0.293520
v -0.135092 2.281427 0.202180
v -0.249618 2.143687 0.373580
v -0.135092 2.222708 0.326142
v -0.093053 2.281427 0.224651
v -0.171940 2.143687 0.415100
v -0.068870 2.222708 0.346230
v -0.047438 2.281427 0.238488
v -0.087654 2.143687 0.440668
v -0.000000 2.222708 0.353013
v -0.000000 2.281427 0.243160
v -0.000000 2.143687 0.449301
v 0.068869 2.222708 0.346230
v 0.047438 2.281427 0.238488
v 0.087654 2.143687 0.440668
v 0.135092 2.222708 0.326142
v 0.093053 2.281427 0.224651
v 0.171940 2.143687 0.415100
v 0.196124 2.222708 0.293520
v 0.135092 2.281427 0.202180
v 0.249618 2.143687 0.373580
v 0.249618 2.222708 0.249618
v 0.171940 2.281427 0.171940
v 0.317704 2.143687 0.317704
v 0.293520 2.222708 0.196124
v 0.202180 2.281427 0.135092
v 0.373580 2.143687 0.249618
v 0.326142 2.222708 0.135092
v 0.224651 2.281427 0.093053
v 0.415100 2.143687 0.171940
v 0.346230 2.222708 0.068870
v 0.238488 2.281427 0.047438
v 0.440668 2.143687 0.087654
v 0.353014 2.222708 0.000000
v 0.243160 2.281427 0.000000
v 0.449301 2.143687 -0.000000
v 0.346230 2.222708 -0.068870
v 0.238488 2.281427 -0.047438
v 0.440668 2.143687 -0.087654
v 0.326142 2.222708 -0.135092
v 0.224651 2.281427 -0.093053
v 0.415100 2.143687 -0.171940
v 0.293520 2.222708 -0.196124
v 0.202180 2.281427 -0.135092
v 0.373580 2.143687 -0.249618
v 0.249618 2.222708 -0.249618
v 0.171940 2.281427 -0.171940
v 0.317704 2.143687 -0.317704
v 0.196124 2.222708 -0.293520
v 0.135092 2.281427 -0.202180
v 0.249618 2.143687 -0.373580
v 0.135092 2.222708 -0.326142
v 0.093053 2.281427 -0.224651
v 0.171940 2.143687 -0.415100
v 0.202180 2.047400 -0.488106
v 0.087654 2.143687 -0.440668
v 0.103070 2.047400 -0.518171
v 0.114526 1.937546 -0.575760
v -0.000000 2.047400 -0.528322
v -0.000000 1.937546 -0.587040
v -0.103070 2.047400 -0.518170
v -0.114526 1.937546 -0.575760
v -0.202180 2.047400 -0.488106
v -0.224650 1.937546 -0.542354
v -0.293520 2.047400 -0.439284
v -0.326142 1.937546 -0.488106
v -0.373580 2.047400 -0.373580
v -0.415100 1.937546 -0.415100
v -0.439284 2.047400 -0.293520
v -0.488106 1.937546 -0.326142
v -0.488106 2.047400 -0.202180
v -0.542354 1.937546 -0.224650
v -0.518170 2.047400 -0.103071
v -0.575760 1.937546 -0.114526
v -0.528322 2.047400 -0.000000
v -0.587040 1.937546 -0.000000
v -0.518170 2.047400 0.103070
v -0.575760 1.937546 0.114526
v -0.488106 2.047400 0.202180
v -0.542354 1.937546 0.224650
v -0.439284 2.047400 0.293520
v -0.488106 1.937546 0.326142
v -0.373580 2.047400 0.373580
v -0.415100 1.937546 0.415100
v -0.293520 2.047400 0.439284
v -0.326142 1.937546 0.488106
v -0.202180 2.047400 0.488106
v -0.224651 1.937546 0.542354
v -0.103071 2.047400 0.518170
v -0.114526 1.937546 0.575760
v -0.000000 2.047400 0.528322
v -0.000000 1.937546 0.587040
v 0.103070 2.047400 0.518171
v 0.114526 1.937546 0.575760
v 0.202180 2.047400 0.488106
v 0.224651 1.937546 0.542354
v 0.293520 2.047400 0.439284
v 0.326142 1.937546 0.488106
v 0.373580 2.047400 0.373580
v 0.415100 1.937546 0.415100
v 0.439284 2.047400 0.293520
v 0.488106 1.937546 0.326142
v 0.488106 2.047400 0.202180
v 0.542354 1.937546 0.224651
v 0.518171 2.047400 0.103071
v 0.575760 1.937546 0.114526
v 0.528322 2.047400 0.000000
v 0.587040 1.937546 -0.000000
v 0.518171 2.047400 -0.103070
v 0.575760 1.937546 -0.114526
v 0.488106 2.047400 -0.202180
v 0.542354 1.937546 -0.224651
v 0.439284 2.047400 -0.293520
v 0.488106 1.937546 -0.326142
v 0.373580 2.047400 -0.373580
v 0.415100 1.937546 -0.415100
v 0.293520 2.047400 -0.439284
v 0.326142 1.937546 -0.488106
v 0.346230 1.818348 -0.518171
v 0.224651 1.937546 -0.542354
v 0.238488 1.818348 -0.575760
v 0.243160 1.694386 -0.587040
v 0.121580 1.818348 -0.611224
v 0.123962 1.694386 -0.623199
v -0.000000 1.818348 -0.623199
v -0.000000 1.694386 -0.635408
v -0.121580 1.818348 -0.611224
v -0.123961 1.694386 -0.623198
v -0.238487 1.818348 -0.575760
v -0.243159 1.694386 -0.587040
v -0.346230 1.818348 -0.518170
v -0.353013 1.694386 -0.528322
v -0.440668 1.818348 -0.440668
v -0.449300 1.694386 -0.449301
v -0.518170 1.818348 -0.346231
v -0.528322 1.694386 -0.353014
v -0.575760 1.818348 -0.238488
v -0.587040 1.694386 -0.243160
v -0.611224 1.818348 -0.121580
v -0.623198 1.694386 -0.123962
v -0.623198 1.818348 -0.000000
v -0.635407 1.694386 -0.000000
v -0.611224 1.818348 0.121580
v -0.623198 1.694386 0.123962
v -0.575760 1.818348 0.238488
v -0.587040 1.694386 0.243160
v -0.518171 1.818348 0.346230
v -0.528322 1.694386 0.353013
v -0.440668 1.818348 0.440668
v -0.449301 1.694386 0.449301
v -0.346231 1.818348 0.518170
v -0.353014 1.694386 0.528322
v -0.238488 1.818348 0.575760
v -0.243160 1.694386 0.587040
v -0.121580 1.818348 0.611224
v -0.123962 1.694386 0.623198
v -0.000000 1.818348 0.623198
v -0.000000 1.694386 0.635407
v 0.121580 1.818348 0.611224
v 0.123962 1.694386 0.623198
v 0.238488 1.818348 0.575760
v 0.243160 1.694386 0.587040
v 0.346230 1.818348 0.518171
v 0.353013 1.694386 0.528322
v 0.440668 1.818348 0.440668
v 0.449301 1.694386 0.449301
v 0.518171 1.818348 0.346231
v 0.528322 1.694386 0.353014
v 0.575760 1.818348 0.238488
v 0.587040 1.694386 0.243160
v 0.611224 1.818348 0.121580
v 0.623198 1.694386 0.123962
v 0.623198 1.818348 0.000000
v 0.635407 1.694386 0.000000
v 0.611224 1.818348 -0.121580
v 0.623198 1.694386 -0.123962
v 0.575760 1.818348 -0.238488
v 0.587040 1.694386 -0.243160
v 0.518171 1.818348 -0.346230
v 0.528322 1.694386 -0.353013
v 0.440668 1.818348 -0.440668
v 0.449301 1.694386 -0.449301
v 0.353014 1.694386 -0.528322
v 0.047438 2.317585 -0.114526
v 0.047438 2.281427 -0.238488
v 0.024184 2.317585 -0.121580
v -0.000000 2.329794 0.000000
v -0.000000 2.317585 -0.123962
v -0.024184 2.317585 -0.121580
v -0.047438 2.317585 -0.114526
v -0.068870 2.317585 -0.103070
v -0.087654 2.317585 -0.087654
v -0.103070 2.317585 -0.068869
v -0.114526 2.317585 -0.047438
v -0.121580 2.317585 -0.024184
v -0.123962 2.317585 -0.000000
v -0.121580 2.317585 0.024184
v -0.114526 2.317585 0.047438
v -0.103071 2.317585 0.068869
v -0.087654 2.317585 0.087654
v -0.068870 2.317585 0.103070
v -0.047438 2.317585 0.114526
v -0.024184 2.317585 0.121580
v -0.000000 2.317585 0.123962
v 0.024184 2.317585 0.121580
v 0.047438 2.317585 0.114526
v 0.068869 2.317585 0.103071
v 0.087654 2.317585 0.087654
v 0.103070 2.317585 0.068870
v 0.114526 2.317585 0.047438
v 0.121580 2.317585 0.024184
v 0.123962 2.317585 0.000000
v 0.121580 2.317585 -0.024184
v 0.114526 2.317585 -0.047438
v 0.103070 2.317585 -0.068870
v 0.087654 2.317585 -0.087654
v 0.068870 2.317585 -0.103071
v -0.000000 1.322452 -0.451511
v 0.088086 1.322452 -0.442836
v -0.000000 1.738628 -0.451511
v -0.088086 1.322452 -0.442836
v -0.172786 1.322452 -0.417142
v -0.088086 1.738628 -0.442836
v -0.172786 1.738628 -0.417142
v -0.250846 1.738628 -0.375418
v -0.319267 1.738628 -0.319267
v -0.250846 1.322452 -0.375418
v -0.319267 1.322452 -0.319267
v -0.375418 1.322452 -0.250846
v -0.417142 1.322452 -0.172786
v -0.375418 1.738628 -0.250846
v -0.417142 1.738628 -0.172786
v -0.442836 1.738628 -0.088086
v -0.451511 1.738628 0.000000
v -0.442836 1.322452 -0.088086
v -0.451511 1.322452 0.000000
v -0.442836 1.322452 0.088086
v -0.417142 1.322452 0.172786
v -0.442836 1.738628 0.088086
v -0.417142 1.738628 0.172786
v -0.375418 1.738628 0.250846
v -0.319267 1.738628 0.319267
v -0.375418 1.322452 0.250846
v -0.319267 1.322452 0.319267
v -0.250846 1.322452 0.375418
v -0.172786 1.322452 0.417142
v -0.250846 1.738628 0.375418
v -0.172786 1.738628 0.417142
v -0.088086 1.738628 0.442836
v -0.000000 1.738628 0.451511
v -0.088086 1.322452 0.442836
v -0.000000 1.322452 0.451511
v 0.088086 1.322452 0.442836
v 0.172786 1.322452 0.417142
v 0.088086 1.738628 0.442836
v 0.172786 1.738628 0.417142
v 0.250846 1.738628 0.375418
v 0.319267 1.738628 0.319267
v 0.250846 1.322452 0.375418
v 0.319267 1.322452 0.319267
v 0.375418 1.322452 0.250846
v 0.417142 1.322452 0.172786
v 0.375418 1.738628 0.250846
v 0.417142 1.738628 0.172786
v 0.442836 1.738628 0.088086
v 0.451511 1.738628 0.000000
v 0.442836 1.322452 0.088086
v 0.451511 1.322452 0.000000
v 0.442836 1.322452 -0.088086
v 0.417142 1.322452 -0.172786
v 0.442836 1.738628 -0.088086
v 0.417142 1.738628 -0.172786
v 0.375418 1.738628 -0.250846
v 0.319267 1.738628 -0.319267
v 0.375418 1.322452 -0.250846
v 0.319267 1.322452 -0.319267
v 0.250846 1.322452 -0.375418
v 0.172786 1.322452 -0.417142
v 0.250846 1.738628 -0.375418
v 0.172786 1.738628 -0.417142
v 0.088086 1.738628 -0.442836
v -0.900000 0.098727 -0.081035
v -0.879772 0.098727 -0.077556
v -0.900000 0.109700 -0.024699
v -0.900000 0.083961 -0.130414
v -0.920228 0.098727 -0.077556
v -0.913934 0.109700 -0.022303
v -0.925746 0.083961 -0.125986
v -0.939679 0.098727 -0.067254
v -0.927332 0.109700 -0.015207
v -0.950502 0.083961 -0.112874
v -0.957605 0.098727 -0.050525
v -0.939679 0.109700 -0.003683
v -0.973318 0.083961 -0.091582
v -0.973318 0.098727 -0.028011
v -0.950502 0.109700 0.011825
v -0.993316 0.083961 -0.062927
v -0.986212 0.098727 -0.000577
v -0.959384 0.109700 0.030721
v -1.009728 0.083961 -0.028011
v -0.995794 0.098727 0.030721
v -0.965984 0.109700 0.052280
v -1.021923 0.083961 0.011825
v -1.001695 0.098727 0.064682
v -0.970048 0.109700 0.075672
v -1.029433 0.083961 0.055049
v -1.003687 0.098727 0.100000
v -0.971421 0.109700 0.100000
v -1.031968 0.083961 0.100000
v -1.001695 0.098727 0.135318
v -0.970048 0.109700 0.124328
v -1.029433 0.083961 0.144951
v -0.995794 0.098727 0.169279
v -0.965984 0.109700 0.147720
v -1.021923 0.083961 0.188175
v -0.986212 0.098727 0.200577
v -0.959384 0.109700 0.169279
v -1.009728 0.083961 0.228011
v -0.973318 0.098727 0.228011
v -0.950502 0.109700 0.188175
v -0.993316 0.083961 0.262927
v -0.957605 0.098727 0.250525
v -0.939679 0.109700 0.203683
v -0.973318 0.083961 0.291582
v -0.939679 0.098727 0.267254
v -0.927332 0.109700 0.215207
v -0.950502 0.083961 0.312874
v -0.920228 0.098727 0.277556
v -0.913934 0.109700 0.222303
v -0.925746 0.083961 0.325986
v -0.900000 0.098727 0.281035
v -0.900000 0.109700 0.224699
v -0.900000 0.083961 0.330414
v -0.879772 0.098727 0.277556
v -0.886066 0.109700 0.222303
v -0.874254 0.083961 0.325986
v -0.860321 0.098727 0.267254
v -0.872668 0.109700 0.215207
v -0.849498 0.083961 0.312874
v -0.842395 0.098727 0.250525
v -0.860321 0.109700 0.203683
v -0.826682 0.083961 0.291582
v -0.826682 0.098727 0.228011
v -0.849498 0.109700 0.188175
v -0.806684 0.083961 0.262927
v -0.813787 0.098727 0.200578
v -0.840616 0.109700 0.169279
v -0.790272 0.083961 0.228011
v -0.804206 0.098727 0.169279
v -0.834016 0.109700 0.147720
v -0.778077 0.083961 0.188175
v -0.798305 0.098727 0.135318
v -0.829951 0.109700 0.124328
v -0.770567 0.083961 0.144951
v -0.796313 0.098727 0.100000
v -0.828579 0.109700 0.100000
v -0.768031 0.083961 0.100000
v -0.798305 0.098727 0.064682
v -0.829951 0.109700 0.075672
v -0.770567 0.083961 0.055049
v -0.804206 0.098727 0.030721
v -0.834016 0.109700 0.052280
v -0.778077 0.083961 0.011825
v -0.813787 0.098727 -0.000578
v -0.840616 0.109700 0.030721
v -0.790272 0.083961 -0.028011
v -0.826682 0.098727 -0.028011
v -0.849498 0.109700 0.011825
v -0.806684 0.083961 -0.062927
v -0.842395 0.098727 -0.050525
v -0.860321 0.109700 -0.003683
v -0.826682 0.083961 -0.091582
v -0.860321 0.098727 -0.067254
v -0.872668 0.109700 -0.015207
v -0.849498 0.083961 -0.112874
v -0.840616 0.065967 -0.150314
v -0.874254 0.083961 -0.125986
v -0.869726 0.065967 -0.165732
v -0.866361 0.045439 -0.195265
v -0.900000 0.065967 -0.170938
v -0.900000 0.045439 -0.201050
v -0.930274 0.065967 -0.165732
v -0.933638 0.045439 -0.195265
v -0.959384 0.065967 -0.150314
v -0.965984 0.045439 -0.178134
v -0.986212 0.065967 -0.125276
v -0.995794 0.045439 -0.150314
v -1.009728 0.065967 -0.091582
v -1.021923 0.045439 -0.112874
v -1.029026 0.065967 -0.050525
v -1.043366 0.045439 -0.067254
v -1.043366 0.065967 -0.003683
v -1.059300 0.045439 -0.015207
v -1.052197 0.065967 0.047143
v -1.069112 0.045439 0.041268
v -1.055178 0.065967 0.100000
v -1.072425 0.045439 0.100000
v -1.052197 0.065967 0.152857
v -1.069112 0.045439 0.158732
v -1.043366 0.065967 0.203683
v -1.059300 0.045439 0.215207
v -1.029026 0.065967 0.250525
v -1.043366 0.045439 0.267254
v -1.009728 0.065967 0.291582
v -1.021923 0.045439 0.312874
v -0.986213 0.065967 0.325276
v -0.995794 0.045439 0.350314
v -0.959384 0.065967 0.350314
v -0.965984 0.045439 0.378134
v -0.930274 0.065967 0.365732
v -0.933638 0.045439 0.395265
v -0.900000 0.065967 0.370938
v -0.900000 0.045439 0.401050
v -0.869726 0.065967 0.365732
v -0.866361 0.045439 0.395265
v -0.840616 0.065967 0.350314
v -0.834016 0.045439 0.378134
v -0.813787 0.065967 0.325276
v -0.804206 0.045439 0.350314
v -0.790272 0.065967 0.291582
v -0.778077 0.045439 0.312874
v -0.770974 0.065967 0.250525
v -0.756634 0.045439 0.267254
v -0.756634 0.065967 0.203683
v -0.740700 0.045439 0.215207
v -0.747803 0.065967 0.152857
v -0.730888 0.045439 0.158732
v -0.744821 0.065967 0.100000
v -0.727575 0.045439 0.100000
v -0.747803 0.065967 0.047143
v -0.730888 0.045439 0.041268
v -0.756634 0.065967 -0.003683
v -0.740700 0.045439 -0.015207
v -0.770974 0.065967 -0.050525
v -0.756634 0.045439 -0.067254
v -0.790272 0.065967 -0.091582
v -0.778077 0.045439 -0.112874
v -0.813787 0.065967 -0.125276
v -0.804206 0.045439 -0.150314
v -0.798305 0.023165 -0.165732
v -0.834016 0.045439 -0.178134
v -0.829951 0.023165 -0.195265
v -0.828579 0.000000 -0.201050
v -0.864290 0.023165 -0.213452
v -0.863590 0.000000 -0.219593
v -0.900000 0.023165 -0.219593
v -0.900000 0.000000 -0.225854
v -0.935710 0.023165 -0.213452
v -0.936410 0.000000 -0.219592
v -0.970048 0.023165 -0.195265
v -0.971421 0.000000 -0.201050
v -1.001695 0.023165 -0.165732
v -1.003687 0.000000 -0.170937
v -1.029433 0.023165 -0.125986
v -1.031968 0.000000 -0.130413
v -1.052197 0.023165 -0.077556
v -1.055178 0.000000 -0.081035
v -1.069112 0.023165 -0.022303
v -1.072425 0.000000 -0.024699
v -1.079528 0.023165 0.037650
v -1.083045 0.000000 0.036429
v -1.083045 0.023165 0.100000
v -1.086631 0.000000 0.100000
v -1.079528 0.023165 0.162349
v -1.083045 0.000000 0.163571
v -1.069112 0.023165 0.222303
v -1.072425 0.000000 0.224699
v -1.052197 0.023165 0.277556
v -1.055178 0.000000 0.281035
v -1.029433 0.023165 0.325986
v -1.031968 0.000000 0.330413
v -1.001695 0.023165 0.365732
v -1.003687 0.000000 0.370937
v -0.970048 0.023165 0.395265
v -0.971421 0.000000 0.401050
v -0.935710 0.023165 0.413452
v -0.936410 0.000000 0.419593
v -0.900000 0.023165 0.419593
v -0.900000 0.000000 0.425854
v -0.864290 0.023165 0.413452
v -0.863590 0.000000 0.419593
v -0.829952 0.023165 0.395265
v -0.828579 0.000000 0.401050
v -0.798305 0.023165 0.365732
v -0.796313 0.000000 0.370938
v -0.770567 0.023165 0.325986
v -0.768032 0.000000 0.330414
v -0.747803 0.023165 0.277556
v -0.744822 0.000000 0.281035
v -0.730888 0.023165 0.222303
v -0.727575 0.000000 0.224699
v -0.720472 0.023165 0.162349
v -0.716954 0.000000 0.163571
v -0.716954 0.023165 0.100000
v -0.713368 0.000000 0.100000
v -0.720472 0.023165 0.037651
v -0.716954 0.000000 0.036429
v -0.730888 0.023165 -0.022303
v -0.727575 0.000000 -0.024699
v -0.747803 0.023165 -0.077556
v -0.744821 0.000000 -0.081035
v -0.770567 0.023165 -0.125986
v -0.768031 0.000000 -0.130414
v -0.796313 0.000000 -0.170938
v -0.886066 0.116457 0.041268
v -0.886066 0.109700 -0.022303
v -0.892897 0.116457 0.037651
v -0.900000 0.118738 0.100000
v -0.900000 0.116457 0.036429
v -0.907103 0.116457 0.037651
v -0.913934 0.116457 0.041268
v -0.920228 0.116457 0.047143
v -0.925746 0.116457 0.055049
v -0.930274 0.116457 0.064682
v -0.933638 0.116457 0.075672
v -0.935710 0.116457 0.087598
v -0.936410 0.116457 0.100000
v -0.935710 0.116457 0.112402
v -0.933638 0.116457 0.124328
v -0.930274 0.116457 0.135318
v -0.925746 0.116457 0.144951
v -0.920228 0.116457 0.152857
v -0.913934 0.116457 0.158732
v -0.907103 0.116457 0.162349
v -0.900000 0.116457 0.163571
v -0.892897 0.116457 0.162349
v -0.886066 0.116457 0.158732
v -0.879772 0.116457 0.152857
v -0.874254 0.116457 0.144951
v -0.869726 0.116457 0.135318
v -0.866362 0.116457 0.124328
v -0.864290 0.116457 0.112402
v -0.863590 0.116457 0.100000
v -0.864290 0.116457 0.087598
v -0.866362 0.116457 0.075672
v -0.869726 0.116457 0.064682
v -0.874254 0.116457 0.055049
v -0.879772 0.116457 0.047143
v -0.911598 0.094237 -0.031738
v -0.903597 0.094171 -0.030949
v -0.919600 0.094305 -0.030949
v -0.911107 0.152890 -0.031738
v -0.910616 0.211543 -0.031738
v -0.919109 0.152957 -0.030949
v -0.903106 0.152823 -0.030949
v -0.902615 0.211476 -0.030949
v -0.895411 0.152759 -0.028615
v -0.895902 0.094106 -0.028615
v -0.894920 0.211412 -0.028615
v -0.888320 0.152699 -0.024825
v -0.888811 0.094047 -0.024825
v -0.887829 0.211352 -0.024825
v -0.882105 0.152647 -0.019724
v -0.882596 0.093995 -0.019724
v -0.881614 0.211300 -0.019724
v -0.877004 0.152605 -0.013508
v -0.877495 0.093952 -0.013508
v -0.876513 0.211257 -0.013508
v -0.873214 0.152573 -0.006417
v -0.873705 0.093920 -0.006417
v -0.872723 0.211226 -0.006417
v -0.870880 0.152554 0.001278
v -0.871371 0.093901 0.001278
v -0.870389 0.211206 0.001278
v -0.870091 0.152547 0.009280
v -0.870582 0.093894 0.009280
v -0.869600 0.211200 0.009280
v -0.870880 0.152554 0.017282
v -0.871371 0.093901 0.017282
v -0.870389 0.211206 0.017282
v -0.873214 0.152573 0.024977
v -0.873705 0.093920 0.024977
v -0.872723 0.211226 0.024977
v -0.877004 0.152605 0.032068
v -0.877495 0.093952 0.032068
v -0.876513 0.211257 0.032068
v -0.882105 0.152647 0.038284
v -0.882596 0.093995 0.038284
v -0.881614 0.211300 0.038284
v -0.888320 0.152699 0.043385
v -0.888811 0.094047 0.043385
v -0.887829 0.211352 0.043385
v -0.895411 0.152759 0.047175
v -0.895902 0.094106 0.047175
v -0.894920 0.211412 0.047175
v -0.903106 0.152823 0.049509
v -0.903597 0.094171 0.049509
v -0.902615 0.211476 0.049509
v -0.911107 0.152890 0.050297
v -0.911598 0.094237 0.050297
v -0.910616 0.211543 0.050297
v -0.919109 0.152957 0.049509
v -0.919600 0.094305 0.049509
v -0.918618 0.211610 0.049509
v -0.926803 0.153022 0.047175
v -0.927294 0.094369 0.047175
v -0.926313 0.211674 0.047175
v -0.933895 0.153081 0.043385
v -0.934386 0.094428 0.043385
v -0.933404 0.211734 0.043385
v -0.940110 0.153133 0.038284
v -0.940601 0.094480 0.038284
v -0.939619 0.211786 0.038284
v -0.945211 0.153176 0.032068
v -0.945702 0.094523 0.032068
v -0.944720 0.211828 0.032068
v -0.949001 0.153207 0.024977
v -0.949492 0.094555 0.024977
v -0.948510 0.211860 0.024977
v -0.951335 0.153227 0.017282
v -0.951826 0.094574 0.017282
v -0.950844 0.211880 0.017282
v -0.952123 0.153234 0.009280
v -0.952614 0.094581 0.009280
v -0.951632 0.211886 0.009280
v -0.951335 0.153227 0.001278
v -0.951826 0.094574 0.001278
v -0.950844 0.211880 0.001278
v -0.949001 0.153207 -0.006417
v -0.949492 0.094555 -0.006417
v -0.948510 0.211860 -0.006417
v -0.945211 0.153176 -0.013508
v -0.945702 0.094523 -0.013508
v -0.944720 0.211828 -0.013508
v -0.940110 0.153133 -0.019724
v -0.940601 0.094480 -0.019724
v -0.939619 0.211786 -0.019724
v -0.933895 0.153081 -0.024825
v -0.934386 0.094428 -0.024825
v -0.933404 0.211734 -0.024825
v -0.926803 0.153022 -0.028615
v -0.927294 0.094369 -0.028615
v -0.926313 0.211674 -0.028615
v -0.925822 0.270327 -0.028615
v -0.918618 0.211610 -0.030949
v -0.918127 0.270263 -0.030949
v -0.917636 0.328915 -0.030949
v -0.910125 0.270196 -0.031738
v -0.909634 0.328848 -0.031738
v -0.902124 0.270129 -0.030949
v -0.901633 0.328781 -0.030949
v -0.894429 0.270064 -0.028615
v -0.893938 0.328717 -0.028615
v -0.887338 0.270005 -0.024825
v -0.886847 0.328658 -0.024825
v -0.881123 0.269953 -0.019724
v -0.880632 0.328606 -0.019724
v -0.876022 0.269910 -0.013508
v -0.875531 0.328563 -0.013508
v -0.872232 0.269879 -0.006417
v -0.871741 0.328531 -0.006417
v -0.869898 0.269859 0.001278
v -0.869407 0.328512 0.001278
v -0.869109 0.269852 0.009280
v -0.868618 0.328505 0.009280
v -0.869898 0.269859 0.017282
v -0.869407 0.328512 0.017282
v -0.872232 0.269879 0.024977
v -0.871741 0.328531 0.024977
v -0.876022 0.269910 0.032068
v -0.875531 0.328563 0.032068
v -0.881123 0.269953 0.038284
v -0.880632 0.328606 0.038284
v -0.887338 0.270005 0.043385
v -0.886847 0.328658 0.043385
v -0.894429 0.270064 0.047175
v -0.893938 0.328717 0.047175
v -0.902124 0.270129 0.049509
v -0.901633 0.328781 0.049509
v -0.910125 0.270196 0.050297
v -0.909634 0.328848 0.050297
v -0.918127 0.270263 0.049509
v -0.917636 0.328915 0.049509
v -0.925822 0.270327 0.047175
v -0.925330 0.328980 0.047175
v -0.932913 0.270386 0.043385
v -0.932422 0.329039 0.043385
v -0.939128 0.270439 0.038284
v -0.938637 0.329091 0.038284
v -0.944229 0.270481 0.032068
v -0.943738 0.329134 0.032068
v -0.948019 0.270513 0.024977
v -0.947528 0.329166 0.024977
v -0.950353 0.270532 0.017282
v -0.949862 0.329185 0.017282
v -0.951141 0.270539 0.009280
v -0.950650 0.329192 0.009280
v -0.950353 0.270532 0.001278
v -0.949862 0.329185 0.001278
v -0.948019 0.270513 -0.006417
v -0.947528 0.329166 -0.006417
v -0.944229 0.270481 -0.013508
v -0.943738 0.329134 -0.013508
v -0.939128 0.270439 -0.019724
v -0.938637 0.329091 -0.019724
v -0.932913 0.270386 -0.024825
v -0.932422 0.329039 -0.024825
v -0.923856 0.388383 -0.024825
v -0.925330 0.328980 -0.028615
v -0.916826 0.387456 -0.028615
v -0.902396 0.453881 -0.028615
v -0.909197 0.386450 -0.030949
v -0.894702 0.453881 -0.030949
v -0.901264 0.385404 -0.031738
v -0.886700 0.453881 -0.031738
v -0.893331 0.384358 -0.030949
v -0.878698 0.453881 -0.030949
v -0.885702 0.383352 -0.028615
v -0.871003 0.453881 -0.028615
v -0.878672 0.382425 -0.024825
v -0.863912 0.453881 -0.024825
v -0.872509 0.381612 -0.019724
v -0.857696 0.453881 -0.019724
v -0.867452 0.380946 -0.013508
v -0.852595 0.453881 -0.013508
v -0.863694 0.380450 -0.006417
v -0.848805 0.453881 -0.006417
v -0.861380 0.380145 0.001278
v -0.846471 0.453881 0.001278
v -0.860599 0.380042 0.009280
v -0.845682 0.453881 0.009280
v -0.861380 0.380145 0.017282
v -0.846471 0.453881 0.017282
v -0.863694 0.380450 0.024977
v -0.848805 0.453881 0.024977
v -0.867452 0.380946 0.032068
v -0.852595 0.453881 0.032068
v -0.872509 0.381612 0.038284
v -0.857696 0.453881 0.038284
v -0.878672 0.382425 0.043385
v -0.863912 0.453881 0.043385
v -0.885702 0.383352 0.047175
v -0.871003 0.453881 0.047175
v -0.893331 0.384358 0.049509
v -0.878698 0.453881 0.049509
v -0.901264 0.385404 0.050297
v -0.886700 0.453881 0.050297
v -0.909197 0.386450 0.049509
v -0.894702 0.453881 0.049509
v -0.916826 0.387456 0.047175
v -0.902396 0.453881 0.047175
v -0.923856 0.388383 0.043385
v -0.909488 0.453881 0.043385
v -0.930019 0.389195 0.038284
v -0.915703 0.453881 0.038284
v -0.935076 0.389862 0.032068
v -0.920805 0.453881 0.032068
v -0.938834 0.390358 0.024977
v -0.924595 0.453881 0.024977
v -0.941148 0.390663 0.017282
v -0.926929 0.453881 0.017282
v -0.941929 0.390766 0.009280
v -0.927717 0.453881 0.009280
v -0.941148 0.390663 0.001278
v -0.926929 0.453881 0.001278
v -0.938834 0.390358 -0.006417
v -0.924595 0.453881 -0.006417
v -0.935076 0.389862 -0.013508
v -0.920805 0.453881 -0.013508
v -0.930019 0.389195 -0.019724
v -0.915703 0.453881 -0.019724
v -0.879570 0.570074 -0.019724
v -0.909488 0.453881 -0.024825
v -0.873355 0.570074 -0.024825
v -0.823211 0.666557 -0.024825
v -0.866263 0.570074 -0.028615
v -0.816991 0.663152 -0.028615
v -0.858569 0.570074 -0.030949
v -0.810241 0.659457 -0.030949
v -0.850567 0.570074 -0.031738
v -0.803222 0.655614 -0.031738
v -0.842565 0.570074 -0.030949
v -0.796203 0.651772 -0.030949
v -0.834870 0.570074 -0.028615
v -0.789453 0.648077 -0.028615
v -0.827779 0.570074 -0.024825
v -0.783233 0.644672 -0.024825
v -0.821563 0.570074 -0.019724
v -0.777781 0.641687 -0.019724
v -0.816462 0.570074 -0.013508
v -0.773306 0.639238 -0.013508
v -0.812672 0.570074 -0.006417
v -0.769982 0.637418 -0.006417
v -0.810338 0.570074 0.001278
v -0.767934 0.636297 0.001278
v -0.809549 0.570074 0.009280
v -0.767243 0.635918 0.009280
v -0.810338 0.570074 0.017282
v -0.767934 0.636297 0.017282
v -0.812672 0.570074 0.024977
v -0.769982 0.637418 0.024977
v -0.816462 0.570074 0.032068
v -0.773306 0.639238 0.032068
v -0.821563 0.570074 0.038284
v -0.777781 0.641687 0.038284
v -0.827779 0.570074 0.043385
v -0.783233 0.644672 0.043385
v -0.834870 0.570074 0.047175
v -0.789453 0.648077 0.047175
v -0.842565 0.570074 0.049509
v -0.796203 0.651772 0.049509
v -0.850567 0.570074 0.050297
v -0.803222 0.655614 0.050297
v -0.858569 0.570074 0.049509
v -0.810241 0.659457 0.049509
v -0.866263 0.570074 0.047175
v -0.816991 0.663152 0.047175
v -0.873355 0.570074 0.043385
v -0.823211 0.666557 0.043385
v -0.879570 0.570074 0.038284
v -0.828663 0.669541 0.038284
v -0.884672 0.570074 0.032068
v -0.833138 0.671991 0.032068
v -0.888462 0.570074 0.024977
v -0.836462 0.673811 0.024977
v -0.890796 0.570074 0.017282
v -0.838510 0.674932 0.017282
v -0.891584 0.570074 0.009280
v -0.839201 0.675310 0.009280
v -0.890796 0.570074 0.001278
v -0.838510 0.674932 0.001278
v -0.888462 0.570074 -0.006417
v -0.836462 0.673811 -0.006417
v -0.884672 0.570074 -0.013508
v -0.833138 0.671991 -0.013508
v -0.759092 0.724862 -0.013508
v -0.828663 0.669541 -0.019724
v -0.756965 0.720225 -0.019724
v -0.520948 0.798486 -0.019724
v -0.754374 0.714575 -0.024825
v -0.519595 0.792419 -0.024825
v -0.751418 0.708130 -0.028615
v -0.518051 0.785498 -0.028615
v -0.748210 0.701135 -0.030949
v -0.516375 0.777988 -0.030949
v -0.744874 0.693862 -0.031738
v -0.514633 0.770178 -0.031738
v -0.741538 0.686588 -0.030949
v -0.512891 0.762368 -0.030949
v -0.738331 0.679594 -0.028615
v -0.511215 0.754858 -0.028615
v -0.735375 0.673148 -0.024825
v -0.509671 0.747937 -0.024825
v -0.732783 0.667499 -0.019724
v -0.508318 0.741870 -0.019724
v -0.730657 0.662862 -0.013508
v -0.507207 0.736892 -0.013508
v -0.729077 0.659417 -0.006417
v -0.506382 0.733192 -0.006417
v -0.728104 0.657295 0.001278
v -0.505874 0.730914 0.001278
v -0.727775 0.656579 0.009280
v -0.505702 0.730145 0.009280
v -0.728104 0.657295 0.017282
v -0.505874 0.730914 0.017282
v -0.729077 0.659417 0.024977
v -0.506382 0.733192 0.024977
v -0.730657 0.662862 0.032068
v -0.507207 0.736892 0.032068
v -0.732783 0.667499 0.038284
v -0.508318 0.741870 0.038284
v -0.735375 0.673148 0.043385
v -0.509671 0.747937 0.043385
v -0.738331 0.679594 0.047175
v -0.511215 0.754858 0.047175
v -0.741538 0.686588 0.049509
v -0.512891 0.762368 0.049509
v -0.744874 0.693862 0.050297
v -0.514633 0.770178 0.050297
v -0.748210 0.701135 0.049509
v -0.516375 0.777988 0.049509
v -0.751418 0.708130 0.047175
v -0.518051 0.785498 0.047175
v -0.754374 0.714575 0.043385
v -0.519595 0.792419 0.043385
v -0.756965 0.720225 0.038284
v -0.520948 0.798486 0.038284
v -0.759092 0.724862 0.032068
v -0.522059 0.803465 0.032068
v -0.760672 0.728307 0.024977
v -0.522884 0.807164 0.024977
v -0.761645 0.730429 0.017282
v -0.523392 0.809442 0.017282
v -0.761974 0.731145 0.009280
v -0.523564 0.810211 0.009280
v -0.761645 0.730429 0.001278
v -0.523392 0.809442 0.001278
v -0.760672 0.728307 -0.006417
v -0.522884 0.807164 -0.006417
v -0.522059 0.803465 -0.013508
v -0.000000 1.342149 -0.787776
v -0.000000 1.147058 -0.772639
v 0.153687 1.342149 -0.772639
v -0.153687 1.342149 -0.772638
v -0.150734 1.147058 -0.757792
v -0.301468 1.342149 -0.727809
v -0.295676 1.147058 -0.713825
v -0.437664 1.342149 -0.655011
v -0.429255 1.147058 -0.642425
v -0.557041 1.342149 -0.557041
v -0.546338 1.147058 -0.546338
v -0.655011 1.342149 -0.437665
v -0.642425 1.147058 -0.429255
v -0.727809 1.342149 -0.301469
v -0.713825 1.147058 -0.295676
v -0.772638 1.342149 -0.153688
v -0.757792 1.147058 -0.150734
v -0.787775 1.342149 -0.000000
v -0.772638 1.147058 -0.000000
v -0.772638 1.342149 0.153687
v -0.757792 1.147058 0.150734
v -0.727809 1.342149 0.301468
v -0.713825 1.147058 0.295676
v -0.655011 1.342149 0.437664
v -0.642425 1.147058 0.429255
v -0.557041 1.342149 0.557041
v -0.546338 1.147058 0.546338
v -0.437665 1.342149 0.655011
v -0.429255 1.147058 0.642425
v -0.301469 1.342149 0.727809
v -0.295676 1.147058 0.713825
v -0.153688 1.342149 0.772638
v -0.150734 1.147058 0.757792
v -0.000000 1.342149 0.787775
v -0.000000 1.147058 0.772638
v 0.153687 1.342149 0.772638
v 0.150734 1.147058 0.757792
v 0.301468 1.342149 0.727809
v 0.295676 1.147058 0.713825
v 0.437664 1.342149 0.655011
v 0.429255 1.147058 0.642425
v 0.557041 1.342149 0.557041
v 0.546338 1.147058 0.546338
v 0.655011 1.342149 0.437665
v 0.642425 1.147058 0.429255
v 0.727809 1.342149 0.301469
v 0.713825 1.147058 0.295676
v 0.772638 1.342149 0.153687
v 0.757793 1.147058 0.150734
v 0.787775 1.342149 0.000000
v 0.772639 1.147058 0.000000
v 0.772638 1.342149 -0.153687
v 0.757793 1.147058 -0.150734
v 0.727810 1.342149 -0.301469
v 0.713825 1.147058 -0.295676
v 0.655011 1.342149 -0.437665
v 0.642426 1.147058 -0.429255
v 0.557041 1.342149 -0.557041
v 0.546338 1.147058 -0.546338
v 0.437665 1.342149 -0.655011
v 0.429255 1.147058 -0.642426
v 0.301469 1.342149 -0.727810
v 0.295676 1.147058 -0.713825
v 0.278521 0.959465 -0.672409
v 0.150734 1.147058 -0.757793
v 0.141989 0.959465 -0.713825
v 0.127786 0.786578 -0.642426
v 0.000000 0.959465 -0.727809
v -0.141989 0.959465 -0.713825
v -0.000000 0.786578 -0.655011
v 0.000000 0.635042 -0.557041
v -0.127786 0.786578 -0.642425
v -0.108673 0.635042 -0.546338
v -0.250662 0.786578 -0.605151
v -0.278521 0.959465 -0.672408
v -0.213170 0.635042 -0.514639
v -0.363905 0.786578 -0.544622
v -0.404349 0.959465 -0.605151
v -0.309476 0.635042 -0.463163
v -0.463163 0.786578 -0.463163
v -0.514639 0.959465 -0.514639
v -0.393888 0.635042 -0.393888
v -0.544622 0.786578 -0.363905
v -0.605151 0.959465 -0.404349
v -0.463163 0.635042 -0.309476
v -0.605151 0.786578 -0.250662
v -0.672408 0.959465 -0.278521
v -0.514639 0.635042 -0.213170
v -0.642425 0.786578 -0.127786
v -0.713825 0.959465 -0.141989
v -0.546338 0.635042 -0.108673
v -0.655011 0.786578 -0.000000
v -0.727809 0.959465 -0.000000
v -0.557041 0.635042 -0.000000
v -0.642425 0.786578 0.127786
v -0.713825 0.959465 0.141989
v -0.546338 0.635042 0.108673
v -0.605151 0.786578 0.250662
v -0.672408 0.959465 0.278521
v -0.514639 0.635042 0.213170
v -0.544622 0.786578 0.363905
v -0.605151 0.959465 0.404349
v -0.463163 0.635042 0.309476
v -0.463163 0.786578 0.463163
v -0.514639 0.959465 0.514639
v -0.393888 0.635042 0.393888
v -0.363905 0.786578 0.544622
v -0.404349 0.959465 0.605152
v -0.309476 0.635042 0.463163
v -0.250662 0.786578 0.605151
v -0.278521 0.959465 0.672408
v -0.213170 0.635042 0.514639
v -0.127786 0.786578 0.642425
v -0.141989 0.959465 0.713825
v -0.108673 0.635042 0.546338
v -0.000000 0.786578 0.655011
v -0.000000 0.959465 0.727809
v -0.000000 0.635042 0.557041
v 0.127786 0.786578 0.642425
v 0.141989 0.959465 0.713825
v 0.108673 0.635042 0.546338
v 0.250662 0.786578 0.605152
v 0.278521 0.959465 0.672408
v 0.213170 0.635042 0.514639
v 0.363905 0.786578 0.544622
v 0.404349 0.959465 0.605152
v 0.309476 0.635042 0.463163
v 0.463163 0.786578 0.463163
v 0.514639 0.959465 0.514639
v 0.393888 0.635042 0.393888
v 0.544622 0.786578 0.363905
v 0.605152 0.959465 0.404349
v 0.463163 0.635042 0.309476
v 0.605151 0.786578 0.250662
v 0.672408 0.959465 0.278521
v 0.514639 0.635042 0.213170
v 0.642425 0.786578 0.127786
v 0.713825 0.959465 0.141989
v 0.546338 0.635042 0.108673
v 0.655011 0.786578 0.000000
v 0.727810 0.959465 -0.000000
v 0.557041 0.635042 -0.000000
v 0.642425 0.786578 -0.127786
v 0.713825 0.959465 -0.141989
v 0.546338 0.635042 -0.108673
v 0.605152 0.786578 -0.250662
v 0.672408 0.959465 -0.278521
v 0.514639 0.635042 -0.213171
v 0.544622 0.786578 -0.363905
v 0.605152 0.959465 -0.404349
v 0.463163 0.635042 -0.309476
v 0.463163 0.786578 -0.463163
v 0.514639 0.959465 -0.514639
v 0.393888 0.635042 -0.393888
v 0.363905 0.786578 -0.544622
v 0.404349 0.959465 -0.605152
v 0.309476 0.635042 -0.463163
v 0.250662 0.786578 -0.605152
v 0.213171 0.635042 -0.514639
v 0.167487 0.510679 -0.404349
v 0.108673 0.635042 -0.546338
v 0.085384 0.510679 -0.429255
v 0.058814 0.406223 -0.295676
v 0.000000 0.510679 -0.437664
v 0.000000 0.406223 -0.301469
v -0.085384 0.510679 -0.429255
v -0.058814 0.406223 -0.295676
v -0.167487 0.510679 -0.404349
v -0.115367 0.406223 -0.278521
v -0.243153 0.510679 -0.363905
v -0.167487 0.406223 -0.250662
v -0.309475 0.510679 -0.309476
v -0.213170 0.406223 -0.213170
v -0.363905 0.510679 -0.243153
v -0.250662 0.406223 -0.167487
v -0.404349 0.510679 -0.167487
v -0.278521 0.406223 -0.115367
v -0.429255 0.510679 -0.085384
v -0.295676 0.406223 -0.058814
v -0.437664 0.510679 -0.000000
v -0.301469 0.406223 -0.000000
v -0.429255 0.510679 0.085384
v -0.295676 0.406223 0.058814
v -0.404349 0.510679 0.167487
v -0.278521 0.406223 0.115367
v -0.363905 0.510679 0.243153
v -0.250662 0.406223 0.167487
v -0.309476 0.510679 0.309475
v -0.213170 0.406223 0.213170
v -0.243153 0.510679 0.363905
v -0.167487 0.406223 0.250662
v -0.167487 0.510679 0.404349
v -0.115367 0.406223 0.278521
v -0.085384 0.510679 0.429255
v -0.058814 0.406223 0.295676
v -0.000000 0.510679 0.437664
v -0.000000 0.406223 0.301469
v 0.085384 0.510679 0.429255
v 0.058814 0.406223 0.295676
v 0.167487 0.510679 0.404349
v 0.115367 0.406223 0.278521
v 0.243153 0.510679 0.363905
v 0.167487 0.406223 0.250662
v 0.309475 0.510679 0.309476
v 0.213170 0.406223 0.213171
v 0.363905 0.510679 0.243153
v 0.250662 0.406223 0.167487
v 0.404349 0.510679 0.167487
v 0.278521 0.406223 0.115367
v 0.429255 0.510679 0.085384
v 0.295676 0.406223 0.058814
v 0.437665 0.510679 0.000000
v 0.301469 0.406223 0.000000
v 0.429255 0.510679 -0.085384
v 0.295676 0.406223 -0.058814
v 0.404349 0.510679 -0.167487
v 0.278521 0.406223 -0.115367
v 0.363905 0.510679 -0.243153
v 0.250662 0.406223 -0.167487
v 0.309476 0.510679 -0.309476
v 0.213171 0.406223 -0.213171
v 0.243153 0.510679 -0.363905
v 0.167487 0.406223 -0.250662
v 0.115367 0.406223 -0.278521
v 0.879650 0.098727 -0.081035
v 0.899878 0.098727 -0.077556
v 0.879650 0.109700 -0.024699
v 0.879650 0.083961 -0.130414
v 0.859422 0.098727 -0.077556
v 0.865717 0.109700 -0.022303
v 0.853904 0.083961 -0.125986
v 0.839971 0.098727 -0.067254
v 0.852319 0.109700 -0.015207
v 0.829148 0.083961 -0.112874
v 0.822045 0.098727 -0.050525
v 0.839971 0.109700 -0.003683
v 0.806332 0.083961 -0.091582
v 0.806332 0.098727 -0.028011
v 0.829148 0.109700 0.011825
v 0.786334 0.083961 -0.062927
v 0.793438 0.098727 -0.000577
v 0.820266 0.109700 0.030721
v 0.769922 0.083961 -0.028011
v 0.783856 0.098727 0.030721
v 0.813666 0.109700 0.052280
v 0.757727 0.083961 0.011825
v 0.777956 0.098727 0.064682
v 0.809602 0.109700 0.075672
v 0.750217 0.083961 0.055049
v 0.775963 0.098727 0.100000
v 0.808229 0.109700 0.100000
v 0.747682 0.083961 0.100000
v 0.777955 0.098727 0.135318
v 0.809602 0.109700 0.124328
v 0.750217 0.083961 0.144951
v 0.783856 0.098727 0.169279
v 0.813666 0.109700 0.147720
v 0.757727 0.083961 0.188175
v 0.793437 0.098727 0.200577
v 0.820266 0.109700 0.169279
v 0.769922 0.083961 0.228011
v 0.806332 0.098727 0.228011
v 0.829148 0.109700 0.188175
v 0.786334 0.083961 0.262927
v 0.822045 0.098727 0.250525
v 0.839971 0.109700 0.203683
v 0.806332 0.083961 0.291582
v 0.839971 0.098727 0.267254
v 0.852319 0.109700 0.215207
v 0.829148 0.083961 0.312874
v 0.859422 0.098727 0.277556
v 0.865717 0.109700 0.222303
v 0.853904 0.083961 0.325986
v 0.879650 0.098727 0.281035
v 0.879650 0.109700 0.224699
v 0.879650 0.083961 0.330414
v 0.899878 0.098727 0.277556
v 0.893584 0.109700 0.222303
v 0.905396 0.083961 0.325986
v 0.919329 0.098727 0.267254
v 0.906982 0.109700 0.215207
v 0.930152 0.083961 0.312874
v 0.937255 0.098727 0.250525
v 0.919329 0.109700 0.203683
v 0.952968 0.083961 0.291582
v 0.952968 0.098727 0.228011
v 0.930152 0.109700 0.188175
v 0.972966 0.083961 0.262927
v 0.965863 0.098727 0.200578
v 0.939034 0.109700 0.169279
v 0.989378 0.083961 0.228011
v 0.975444 0.098727 0.169279
v 0.945634 0.109700 0.147720
v 1.001573 0.083961 0.188175
v 0.981345 0.098727 0.135318
v 0.949699 0.109700 0.124328
v 1.009083 0.083961 0.144951
v 0.983337 0.098727 0.100000
v 0.951071 0.109700 0.100000
v 1.011619 0.083961 0.100000
v 0.981345 0.098727 0.064682
v 0.949699 0.109700 0.075672
v 1.009083 0.083961 0.055049
v 0.975444 0.098727 0.030721
v 0.945634 0.109700 0.052280
v 1.001573 0.083961 0.011825
v 0.965863 0.098727 -0.000577
v 0.939034 0.109700 0.030721
v 0.989378 0.083961 -0.028011
v 0.952968 0.098727 -0.028011
v 0.930152 0.109700 0.011825
v 0.972966 0.083961 -0.062927
v 0.937256 0.098727 -0.050525
v 0.919329 0.109700 -0.003683
v 0.952968 0.083961 -0.091582
v 0.919329 0.098727 -0.067254
v 0.906982 0.109700 -0.015207
v 0.930152 0.083961 -0.112874
v 0.939034 0.065967 -0.150314
v 0.905396 0.083961 -0.125986
v 0.909924 0.065967 -0.165732
v 0.913289 0.045439 -0.195265
v 0.879650 0.065967 -0.170938
v 0.879650 0.045439 -0.201050
v 0.849376 0.065967 -0.165731
v 0.846012 0.045439 -0.195265
v 0.820266 0.065967 -0.150314
v 0.813666 0.045439 -0.178134
v 0.793438 0.065967 -0.125276
v 0.783856 0.045439 -0.150314
v 0.769922 0.065967 -0.091582
v 0.757727 0.045439 -0.112874
v 0.750624 0.065967 -0.050525
v 0.736284 0.045439 -0.067254
v 0.736284 0.065967 -0.003683
v 0.720350 0.045439 -0.015207
v 0.727453 0.065967 0.047143
v 0.710538 0.045439 0.041268
v 0.724472 0.065967 0.100000
v 0.707225 0.045439 0.100000
v 0.727453 0.065967 0.152857
v 0.710538 0.045439 0.158732
v 0.736284 0.065967 0.203683
v 0.720350 0.045439 0.215207
v 0.750624 0.065967 0.250525
v 0.736284 0.045439 0.267254
v 0.769922 0.065967 0.291582
v 0.757727 0.045439 0.312874
v 0.793437 0.065967 0.325276
v 0.783856 0.045439 0.350314
v 0.820266 0.065967 0.350314
v 0.813666 0.045439 0.378134
v 0.849376 0.065967 0.365732
v 0.846012 0.045439 0.395265
v 0.879650 0.065967 0.370938
v 0.879650 0.045439 0.401050
v 0.909924 0.065967 0.365732
v 0.913289 0.045439 0.395265
v 0.939034 0.065967 0.350314
v 0.945634 0.045439 0.378134
v 0.965863 0.065967 0.325276
v 0.975444 0.045439 0.350314
v 0.989378 0.065967 0.291582
v 1.001573 0.045439 0.312874
v 1.008676 0.065967 0.250525
v 1.023017 0.045439 0.267254
v 1.023016 0.065967 0.203683
v 1.038950 0.045439 0.215207
v 1.031847 0.065967 0.152857
v 1.048762 0.045439 0.158732
v 1.034829 0.065967 0.100000
v 1.052075 0.045439 0.100000
v 1.031847 0.065967 0.047143
v 1.048762 0.045439 0.041268
v 1.023017 0.065967 -0.003683
v 1.038950 0.045439 -0.015207
v 1.008676 0.065967 -0.050525
v 1.023017 0.045439 -0.067254
v 0.989378 0.065967 -0.091582
v 1.001573 0.045439 -0.112874
v 0.965863 0.065967 -0.125276
v 0.975444 0.045439 -0.150314
v 0.981345 0.023165 -0.165732
v 0.945634 0.045439 -0.178134
v 0.949699 0.023165 -0.195265
v 0.951071 0.000000 -0.201050
v 0.915360 0.023165 -0.213452
v 0.916060 0.000000 -0.219593
v 0.879650 0.023165 -0.219593
v 0.879650 0.000000 -0.225854
v 0.843940 0.023165 -0.213452
v 0.843240 0.000000 -0.219592
v 0.809602 0.023165 -0.195265
v 0.808229 0.000000 -0.201050
v 0.777956 0.023165 -0.165732
v 0.775963 0.000000 -0.170937
v 0.750217 0.023165 -0.125986
v 0.747682 0.000000 -0.130413
v 0.727453 0.023165 -0.077556
v 0.724472 0.000000 -0.081035
v 0.710538 0.023165 -0.022303
v 0.707225 0.000000 -0.024699
v 0.700122 0.023165 0.037650
v 0.696605 0.000000 0.036429
v 0.696605 0.023165 0.100000
v 0.693019 0.000000 0.100000
v 0.700122 0.023165 0.162349
v 0.696605 0.000000 0.163571
v 0.710538 0.023165 0.222303
v 0.707225 0.000000 0.224699
v 0.727453 0.023165 0.277556
v 0.724472 0.000000 0.281035
v 0.750217 0.023165 0.325986
v 0.747682 0.000000 0.330413
v 0.777955 0.023165 0.365732
v 0.775963 0.000000 0.370937
v 0.809602 0.023165 0.395265
v 0.808229 0.000000 0.401050
v 0.843940 0.023165 0.413452
v 0.843240 0.000000 0.419593
v 0.879650 0.023165 0.419593
v 0.879650 0.000000 0.425854
v 0.915360 0.023165 0.413452
v 0.916060 0.000000 0.419593
v 0.949699 0.023165 0.395265
v 0.951071 0.000000 0.401050
v 0.981345 0.023165 0.365732
v 0.983337 0.000000 0.370938
v 1.009083 0.023165 0.325986
v 1.011619 0.000000 0.330414
v 1.031847 0.023165 0.277556
v 1.034829 0.000000 0.281035
v 1.048762 0.023165 0.222303
v 1.052075 0.000000 0.224699
v 1.059179 0.023165 0.162349
v 1.062696 0.000000 0.163571
v 1.062696 0.023165 0.100000
v 1.066282 0.000000 0.100000
v 1.059179 0.023165 0.037651
v 1.062696 0.000000 0.036429
v 1.048762 0.023165 -0.022303
v 1.052075 0.000000 -0.024699
v 1.031847 0.023165 -0.077556
v 1.034829 0.000000 -0.081035
v 1.009083 0.023165 -0.125986
v 1.011619 0.000000 -0.130414
v 0.983337 0.000000 -0.170938
v 0.893584 0.116457 0.041268
v 0.893584 0.109700 -0.022303
v 0.886753 0.116457 0.037651
v 0.879650 0.118738 0.100000
v 0.879650 0.116457 0.036429
v 0.872547 0.116457 0.037651
v 0.865717 0.116457 0.041268
v 0.859422 0.116457 0.047143
v 0.853904 0.116457 0.055049
v 0.849376 0.116457 0.064682
v 0.846012 0.116457 0.075672
v 0.843940 0.116457 0.087598
v 0.843240 0.116457 0.100000
v 0.843940 0.116457 0.112402
v 0.846012 0.116457 0.124328
v 0.849376 0.116457 0.135318
v 0.853904 0.116457 0.144951
v 0.859422 0.116457 0.152857
v 0.865717 0.116457 0.158732
v 0.872547 0.116457 0.162349
v 0.879650 0.116457 0.163571
v 0.886753 0.116457 0.162349
v 0.893584 0.116457 0.158732
v 0.899878 0.116457 0.152857
v 0.905396 0.116457 0.144951
v 0.909924 0.116457 0.135318
v 0.913289 0.116457 0.124328
v 0.915360 0.116457 0.112402
v 0.916060 0.116457 0.100000
v 0.915360 0.116457 0.087598
v 0.913289 0.116457 0.075672
v 0.909924 0.116457 0.064682
v 0.905396 0.116457 0.055049
v 0.899878 0.116457 0.047143
v 0.889784 0.094237 0.050297
v 0.881782 0.094171 0.049509
v 0.897785 0.094305 0.049509
v 0.889293 0.152890 0.050297
v 0.888802 0.211543 0.050297
v 0.897295 0.152957 0.049509
v 0.881291 0.152823 0.049509
v 0.880800 0.211476 0.049509
v 0.873597 0.152759 0.047175
v 0.874088 0.094106 0.047175
v 0.873106 0.211412 0.047175
v 0.866505 0.152699 0.043385
v 0.866996 0.094047 0.043385
v 0.866014 0.211352 0.043385
v 0.860290 0.152647 0.038284
v 0.860781 0.093995 0.038284
v 0.859799 0.211300 0.038284
v 0.855189 0.152605 0.032068
v 0.855680 0.093952 0.032068
v 0.854698 0.211257 0.032068
v 0.851399 0.152573 0.024977
v 0.851890 0.093920 0.024977
v 0.850908 0.211226 0.024977
v 0.849065 0.152554 0.017282
v 0.849556 0.093901 0.017282
v 0.848574 0.211206 0.017282
v 0.848277 0.152547 0.009280
v 0.848768 0.093894 0.009280
v 0.847786 0.211200 0.009280
v 0.849065 0.152554 0.001278
v 0.849556 0.093901 0.001278
v 0.848574 0.211206 0.001278
v 0.851399 0.152573 -0.006417
v 0.851890 0.093920 -0.006417
v 0.850908 0.211226 -0.006417
v 0.855189 0.152605 -0.013508
v 0.855680 0.093952 -0.013508
v 0.854698 0.211257 -0.013508
v 0.860290 0.152647 -0.019724
v 0.860781 0.093995 -0.019724
v 0.859799 0.211300 -0.019724
v 0.866505 0.152699 -0.024825
v 0.866996 0.094047 -0.024825
v 0.866014 0.211352 -0.024825
v 0.873597 0.152759 -0.028615
v 0.874088 0.094106 -0.028615
v 0.873106 0.211412 -0.028615
v 0.881291 0.152823 -0.030949
v 0.881782 0.094171 -0.030949
v 0.880800 0.211476 -0.030949
v 0.889293 0.152890 -0.031738
v 0.889784 0.094237 -0.031738
v 0.888802 0.211543 -0.031738
v 0.897295 0.152957 -0.030949
v 0.897785 0.094305 -0.030949
v 0.896803 0.211610 -0.030949
v 0.904989 0.153022 -0.028615
v 0.905480 0.094369 -0.028615
v 0.904498 0.211674 -0.028615
v 0.912080 0.153081 -0.024825
v 0.912571 0.094428 -0.024825
v 0.911589 0.211734 -0.024825
v 0.918295 0.153133 -0.019724
v 0.918786 0.094480 -0.019724
v 0.917804 0.211786 -0.019724
v 0.923396 0.153176 -0.013508
v 0.923887 0.094523 -0.013508
v 0.922905 0.211828 -0.013508
v 0.927186 0.153207 -0.006417
v 0.927677 0.094555 -0.006417
v 0.926695 0.211860 -0.006417
v 0.929520 0.153227 0.001278
v 0.930012 0.094574 0.001278
v 0.929030 0.211880 0.001278
v 0.930309 0.153234 0.009280
v 0.930800 0.094581 0.009280
v 0.929818 0.211886 0.009280
v 0.929520 0.153227 0.017282
v 0.930012 0.094574 0.017282
v 0.929030 0.211880 0.017282
v 0.927186 0.153207 0.024977
v 0.927677 0.094555 0.024977
v 0.926695 0.211860 0.024977
v 0.923396 0.153176 0.032068
v 0.923887 0.094523 0.032068
v 0.922905 0.211828 0.032068
v 0.918295 0.153133 0.038284
v 0.918786 0.094480 0.038284
v 0.917804 0.211786 0.038284
v 0.912080 0.153081 0.043385
v 0.912571 0.094428 0.043385
v 0.911589 0.211734 0.043385
v 0.904989 0.153022 0.047175
v 0.905480 0.094369 0.047175
v 0.904498 0.211674 0.047175
v 0.904007 0.270327 0.047175
v 0.896803 0.211610 0.049509
v 0.896312 0.270263 0.049509
v 0.895822 0.328915 0.049509
v 0.888311 0.270196 0.050297
v 0.887820 0.328848 0.050297
v 0.880309 0.270129 0.049509
v 0.879818 0.328781 0.049509
v 0.872615 0.270064 0.047175
v 0.872124 0.328717 0.047175
v 0.865523 0.270005 0.043385
v 0.865032 0.328658 0.043385
v 0.859308 0.269953 0.038284
v 0.858817 0.328606 0.038284
v 0.854207 0.269910 0.032068
v 0.853716 0.328563 0.032068
v 0.850417 0.269879 0.024977
v 0.849926 0.328531 0.024977
v 0.848083 0.269859 0.017282
v 0.847592 0.328512 0.017282
v 0.847295 0.269852 0.009280
v 0.846804 0.328505 0.009280
v 0.848083 0.269859 0.001278
v 0.847592 0.328512 0.001278
v 0.850417 0.269879 -0.006417
v 0.849926 0.328531 -0.006417
v 0.854207 0.269910 -0.013508
v 0.853716 0.328563 -0.013508
v 0.859308 0.269953 -0.019724
v 0.858817 0.328606 -0.019724
v 0.865523 0.270005 -0.024825
v 0.865032 0.328658 -0.024825
v 0.872615 0.270064 -0.028615
v 0.872124 0.328717 -0.028615
v 0.880309 0.270129 -0.030949
v 0.879818 0.328781 -0.030949
v 0.888311 0.270196 -0.031738
v 0.887820 0.328848 -0.031738
v 0.896312 0.270263 -0.030949
v 0.895822 0.328915 -0.030949
v 0.904007 0.270327 -0.028615
v 0.903516 0.328980 -0.028615
v 0.911098 0.270386 -0.024825
v 0.910607 0.329039 -0.024825
v 0.917313 0.270439 -0.019724
v 0.916822 0.329091 -0.019724
v 0.922414 0.270481 -0.013508
v 0.921923 0.329134 -0.013508
v 0.926204 0.270513 -0.006417
v 0.925714 0.329166 -0.006417
v 0.928539 0.270532 0.001278
v 0.928047 0.329185 0.001278
v 0.929327 0.270539 0.009280
v 0.928836 0.329192 0.009280
v 0.928539 0.270532 0.017282
v 0.928047 0.329185 0.017282
v 0.926204 0.270513 0.024977
v 0.925714 0.329166 0.024977
v 0.922414 0.270481 0.032068
v 0.921923 0.329134 0.032068
v 0.917313 0.270439 0.038284
v 0.916822 0.329091 0.038284
v 0.911098 0.270386 0.043385
v 0.910607 0.329039 0.043385
v 0.902042 0.388383 0.043385
v 0.903516 0.328980 0.047175
v 0.895011 0.387456 0.047175
v 0.880582 0.453881 0.047175
v 0.887383 0.386450 0.049509
v 0.872887 0.453881 0.049509
v 0.879449 0.385404 0.050297
v 0.864885 0.453881 0.050297
v 0.871516 0.384358 0.049509
v 0.856883 0.453881 0.049509
v 0.863887 0.383352 0.047175
v 0.849188 0.453881 0.047175
v 0.856857 0.382425 0.043385
v 0.842097 0.453881 0.043385
v 0.850694 0.381612 0.038284
v 0.835881 0.453881 0.038284
v 0.845637 0.380946 0.032068
v 0.830780 0.453881 0.032068
v 0.841879 0.380450 0.024977
v 0.826990 0.453881 0.024977
v 0.839565 0.380145 0.017282
v 0.824656 0.453881 0.017282
v 0.838784 0.380042 0.009280
v 0.823868 0.453881 0.009280
v 0.839565 0.380145 0.001278
v 0.824656 0.453881 0.001278
v 0.841879 0.380450 -0.006417
v 0.826990 0.453881 -0.006417
v 0.845637 0.380946 -0.013508
v 0.830780 0.453881 -0.013508
v 0.850694 0.381612 -0.019724
v 0.835881 0.453881 -0.019724
v 0.856857 0.382425 -0.024825
v 0.842097 0.453881 -0.024825
v 0.863887 0.383352 -0.028615
v 0.849188 0.453881 -0.028615
v 0.871516 0.384358 -0.030949
v 0.856883 0.453881 -0.030949
v 0.879449 0.385404 -0.031738
v 0.864885 0.453881 -0.031738
v 0.887383 0.386450 -0.030949
v 0.872887 0.453881 -0.030949
v 0.895011 0.387456 -0.028615
v 0.880582 0.453881 -0.028615
v 0.902042 0.388383 -0.024825
v 0.887673 0.453881 -0.024825
v 0.908204 0.389195 -0.019724
v 0.893889 0.453881 -0.019724
v 0.913261 0.389862 -0.013508
v 0.898990 0.453881 -0.013508
v 0.917019 0.390358 -0.006417
v 0.902780 0.453881 -0.006417
v 0.919333 0.390663 0.001278
v 0.905114 0.453881 0.001278
v 0.920115 0.390766 0.009280
v 0.905902 0.453881 0.009280
v 0.919333 0.390663 0.017282
v 0.905114 0.453881 0.017282
v 0.917019 0.390358 0.024977
v 0.902780 0.453881 0.024977
v 0.913261 0.389862 0.032068
v 0.898990 0.453881 0.032068
v 0.908204 0.389195 0.038284
v 0.893889 0.453881 0.038284
v 0.857756 0.570074 0.038284
v 0.887673 0.453881 0.043385
v 0.851540 0.570074 0.043385
v 0.801396 0.666557 0.043385
v 0.844449 0.570074 0.047175
v 0.795176 0.663152 0.047175
v 0.836754 0.570074 0.049509
v 0.788426 0.659457 0.049509
v 0.828752 0.570074 0.050297
v 0.781407 0.655614 0.050297
v 0.820750 0.570074 0.049509
v 0.774388 0.651772 0.049509
v 0.813055 0.570074 0.047175
v 0.767639 0.648077 0.047175
v 0.805964 0.570074 0.043385
v 0.761418 0.644672 0.043385
v 0.799749 0.570074 0.038284
v 0.755966 0.641687 0.038284
v 0.794647 0.570074 0.032068
v 0.751492 0.639238 0.032068
v 0.790857 0.570074 0.024977
v 0.748167 0.637418 0.024977
v 0.788523 0.570074 0.017282
v 0.746119 0.636297 0.017282
v 0.787735 0.570074 0.009280
v 0.745428 0.635918 0.009280
v 0.788523 0.570074 0.001278
v 0.746119 0.636297 0.001278
v 0.790857 0.570074 -0.006417
v 0.748167 0.637418 -0.006417
v 0.794647 0.570074 -0.013508
v 0.751492 0.639238 -0.013508
v 0.799749 0.570074 -0.019724
v 0.755966 0.641687 -0.019724
v 0.805964 0.570074 -0.024825
v 0.761418 0.644672 -0.024825
v 0.813055 0.570074 -0.028615
v 0.767639 0.648077 -0.028615
v 0.820750 0.570074 -0.030949
v 0.774388 0.651772 -0.030949
v 0.828752 0.570074 -0.031738
v 0.781407 0.655614 -0.031738
v 0.836754 0.570074 -0.030949
v 0.788426 0.659457 -0.030949
v 0.844449 0.570074 -0.028615
v 0.795176 0.663152 -0.028615
v 0.851540 0.570074 -0.024825
v 0.801396 0.666557 -0.024825
v 0.857756 0.570074 -0.019724
v 0.806848 0.669541 -0.019724
v 0.862857 0.570074 -0.013508
v 0.811323 0.671991 -0.013508
v 0.866647 0.570074 -0.006417
v 0.814648 0.673811 -0.006417
v 0.868981 0.570074 0.001278
v 0.816695 0.674932 0.001278
v 0.869770 0.570074 0.009280
v 0.817386 0.675310 0.009280
v 0.868981 0.570074 0.017282
v 0.816695 0.674932 0.017282
v 0.866647 0.570074 0.024977
v 0.814648 0.673811 0.024977
v 0.862857 0.570074 0.032068
v 0.811323 0.671991 0.032068
v 0.737277 0.724862 0.032068
v 0.806848 0.669541 0.038284
v 0.735151 0.720225 0.038284
v 0.499133 0.798486 0.038284
v 0.732559 0.714575 0.043385
v 0.497780 0.792419 0.043385
v 0.729603 0.708130 0.047175
v 0.496236 0.785498 0.047175
v 0.726395 0.701135 0.049509
v 0.494561 0.777988 0.049509
v 0.723060 0.693862 0.050297
v 0.492818 0.770178 0.050297
v 0.719724 0.686588 0.049509
v 0.491076 0.762368 0.049509
v 0.716516 0.679594 0.047175
v 0.489401 0.754858 0.047175
v 0.713560 0.673148 0.043385
v 0.487857 0.747937 0.043385
v 0.710969 0.667499 0.038284
v 0.486503 0.741870 0.038284
v 0.708842 0.662862 0.032068
v 0.485393 0.736892 0.032068
v 0.707262 0.659417 0.024977
v 0.484567 0.733192 0.024977
v 0.706289 0.657295 0.017282
v 0.484059 0.730914 0.017282
v 0.705960 0.656579 0.009280
v 0.483887 0.730145 0.009280
v 0.706289 0.657295 0.001278
v 0.484059 0.730914 0.001278
v 0.707262 0.659417 -0.006417
v 0.484567 0.733192 -0.006417
v 0.708842 0.662862 -0.013508
v 0.485393 0.736892 -0.013508
v 0.710969 0.667499 -0.019724
v 0.486503 0.741870 -0.019724
v 0.713560 0.673148 -0.024825
v 0.487857 0.747937 -0.024825
v 0.716516 0.679594 -0.028615
v 0.489401 0.754858 -0.028615
v 0.719724 0.686588 -0.030949
v 0.491076 0.762368 -0.030949
v 0.723060 0.693862 -0.031737
v 0.492818 0.770178 -0.031737
v 0.726395 0.701135 -0.030949
v 0.494561 0.777988 -0.030949
v 0.729603 0.708130 -0.028615
v 0.496236 0.785498 -0.028615
v 0.732559 0.714575 -0.024825
v 0.497780 0.792419 -0.024825
v 0.735151 0.720225 -0.019724
v 0.499133 0.798486 -0.019724
v 0.737277 0.724862 -0.013508
v 0.500244 0.803465 -0.013508
v 0.738857 0.728307 -0.006417
v 0.501069 0.807164 -0.006417
v 0.739830 0.730429 0.001278
v 0.501577 0.809442 0.001278
v 0.740159 0.731145 0.009280
v 0.501749 0.810211 0.009280
v 0.739830 0.730429 0.017282
v 0.501577 0.809442 0.017282
v 0.738857 0.728307 0.024977
v 0.501069 0.807164 0.024977
v 0.500244 0.803465 0.032068
vn -0.0000 0.8286 -0.5598
vn 0.1092 0.8286 -0.5490
vn -0.0000 0.9217 -0.3879
vn -0.0000 0.7041 -0.7101
vn -0.1092 0.8286 -0.5490
vn -0.0757 0.9217 -0.3804
vn -0.1385 0.7041 -0.6965
vn -0.2142 0.8286 -0.5172
vn -0.1484 0.9217 -0.3584
vn -0.2718 0.7041 -0.6561
vn -0.3110 0.8286 -0.4654
vn -0.2155 0.9217 -0.3225
vn -0.3945 0.7041 -0.5905
vn -0.3958 0.8286 -0.3958
vn -0.2743 0.9217 -0.2743
vn -0.5021 0.7041 -0.5021
vn -0.4654 0.8286 -0.3110
vn -0.3225 0.9217 -0.2155
vn -0.5905 0.7041 -0.3945
vn -0.5172 0.8286 -0.2142
vn -0.3584 0.9217 -0.1484
vn -0.6561 0.7041 -0.2718
vn -0.5490 0.8286 -0.1092
vn -0.3804 0.9217 -0.0757
vn -0.6965 0.7041 -0.1385
vn -0.5598 0.8286 -0.0000
vn -0.3879 0.9217 -0.0000
vn -0.7101 0.7041 -0.0000
vn -0.5490 0.8286 0.1092
vn -0.3804 0.9217 0.0757
vn -0.6965 0.7041 0.1385
vn -0.5172 0.8286 0.2142
vn -0.3584 0.9217 0.1484
vn -0.6561 0.7041 0.2718
vn -0.4654 0.8286 0.3110
vn -0.3225 0.9217 0.2155
vn -0.5905 0.7041 0.3945
vn -0.3958 0.8286 0.3958
vn -0.2743 0.9217 0.2743
vn -0.5021 0.7041 0.5021
vn -0.3110 0.8286 0.4654
vn -0.2155 0.9217 0.3225
vn -0.3945 0.7041 0.5905
vn -0.2142 0.8286 0.5172
vn -0.1484 0.9217 0.3584
vn -0.2718 0.7041 0.6561
vn -0.1092 0.8286 0.5490
vn -0.0757 0.9217 0.3804
vn -0.1385 0.7041 0.6965
vn -0.0000 0.8286 0.5598
vn -0.0000 0.9217 0.3879
vn -0.0000 0.7041 0.7101
vn 0.1092 0.8286 0.5490
vn 0.0757 0.9217 0.3804
vn 0.1385 0.7041 0.6965
vn 0.2142 0.8286 0.5172
vn 0.1484 0.9217 0.3584
vn 0.2718 0.7041 0.6561
vn 0.3110 0.8286 0.4654
vn 0.2155 0.9217 0.3225
vn 0.3945 0.7041 0.5905
vn 0.3958 0.8286 0.3958
vn 0.2743 0.9217 0.2743
vn 0.5021 0.7041 0.5021
vn 0.4654 0.8286 0.3110
vn 0.3225 0.9217 0.2155
vn 0.5905 0.7041 0.3945
vn 0.5172 0.8286 0.2142
vn 0.3584 0.9217 0.1484
vn 0.6561 0.7041 0.2718
vn 0.5490 0.8286 0.1092
vn 0.3804 0.9217 0.0757
vn 0.6965 0.7041 0.1385
vn 0.5598 0.8286 -0.0000
vn 0.3879 0.9217 -0.0000
vn 0.7101 0.7041 -0.0000
vn 0.5490 0.8286 -0.1092
vn 0.3804 0.9217 -0.0757
vn 0.6965 0.7041 -0.1385
vn 0.5172 0.8286 -0.2142
vn 0.3584 0.9217 -0.1484
vn 0.6561 0.7041 -0.2718
vn 0.4654 0.8286 -0.3110
vn 0.3225 0.9217 -0.2155
vn 0.5905 0.7041 -0.3945
vn 0.3958 0.8286 -0.3958
vn 0.2743 0.9217 -0.2743
vn 0.5021 0.7041 -0.5021
vn 0.3110 0.8286 -0.4654
vn 0.2155 0.9217 -0.3225
vn 0.3945 0.7041 -0.5905
vn 0.2142 0.8286 -0.5172
vn 0.1484 0.9217 -0.3584
vn 0.2718 0.7041 -0.6561
vn 0.3189 0.5528 -0.7699
vn 0.1385 0.7041 -0.6965
vn 0.1626 0.5528 -0.8173
vn 0.1804 0.3805 -0.9070
vn -0.0000 0.5528 -0.8333
vn -0.0000 0.3805 -0.9248
vn -0.1626 0.5528 -0.8173
vn -0.1804 0.3805 -0.9070
vn -0.3189 0.5528 -0.7699
vn -0.3539 0.3805 -0.8544
vn -0.4630 0.5528 -0.6929
vn -0.5138 0.3805 -0.7689
vn -0.5893 0.5528 -0.5893
vn -0.6539 0.3805 -0.6539
vn -0.6929 0.5528 -0.4630
vn -0.7689 0.3805 -0.5138
vn -0.7699 0.5528 -0.3189
vn -0.8544 0.3805 -0.3539
vn -0.8173 0.5528 -0.1626
vn -0.9070 0.3805 -0.1804
vn -0.8333 0.5528 -0.0000
vn -0.9248 0.3805 -0.0000
vn -0.8173 0.5528 0.1626
vn -0.9070 0.3805 0.1804
vn -0.7699 0.5528 0.3189
vn -0.8544 0.3805 0.3539
vn -0.6929 0.5528 0.4630
vn -0.7689 0.3805 0.5138
vn -0.5893 0.5528 0.5893
vn -0.6539 0.3805 0.6539
vn -0.4630 0.5528 0.6929
vn -0.5138 0.3805 0.7689
vn -0.3189 0.5528 0.7699
vn -0.3539 0.3805 0.8544
vn -0.1626 0.5528 0.8173
vn -0.1804 0.3805 0.9070
vn -0.0000 0.5528 0.8333
vn -0.0000 0.3805 0.9248
vn 0.1626 0.5528 0.8173
vn 0.1804 0.3805 0.9070
vn 0.3189 0.5528 0.7699
vn 0.3539 0.3805 0.8544
vn 0.4630 0.5528 0.6929
vn 0.5138 0.3805 0.7689
vn 0.5893 0.5528 0.5893
vn 0.6539 0.3805 0.6539
vn 0.6929 0.5528 0.4630
vn 0.7689 0.3805 0.5138
vn 0.7699 0.5528 0.3189
vn 0.8544 0.3805 0.3539
vn 0.8173 0.5528 0.1626
vn 0.9070 0.3805 0.1804
vn 0.8333 0.5528 -0.0000
vn 0.9248 0.3805 -0.0000
vn 0.8173 0.5528 -0.1626
vn 0.9070 0.3805 -0.1804
vn 0.7699 0.5528 -0.3189
vn 0.8544 0.3805 -0.3539
vn 0.6929 0.5528 -0.4630
vn 0.7689 0.3805 -0.5138
vn 0.5893 0.5528 -0.5893
vn 0.6539 0.3805 -0.6539
vn 0.4630 0.5528 -0.6929
vn 0.5138 0.3805 -0.7689
vn 0.5450 0.1939 -0.8157
vn 0.3539 0.3805 -0.8544
vn 0.3754 0.1939 -0.9063
vn 0.2910 -0.6493 -0.7026
vn 0.1914 0.1939 -0.9622
vn 0.1484 -0.6493 -0.7459
vn -0.0000 0.1939 -0.9810
vn -0.0000 -0.6494 -0.7605
vn -0.1914 0.1939 -0.9622
vn -0.1484 -0.6493 -0.7459
vn -0.3754 0.1939 -0.9063
vn -0.2910 -0.6493 -0.7026
vn -0.5450 0.1939 -0.8157
vn -0.4225 -0.6493 -0.6323
vn -0.6937 0.1939 -0.6937
vn -0.5377 -0.6494 -0.5377
vn -0.8157 0.1939 -0.5450
vn -0.6323 -0.6494 -0.4225
vn -0.9063 0.1939 -0.3754
vn -0.7026 -0.6493 -0.2910
vn -0.9622 0.1939 -0.1914
vn -0.7459 -0.6494 -0.1484
vn -0.9810 0.1939 -0.0000
vn -0.7605 -0.6493 -0.0000
vn -0.9622 0.1939 0.1914
vn -0.7459 -0.6493 0.1484
vn -0.9063 0.1939 0.3754
vn -0.7026 -0.6493 0.2910
vn -0.8157 0.1939 0.5450
vn -0.6323 -0.6493 0.4225
vn -0.6937 0.1939 0.6937
vn -0.5377 -0.6494 0.5377
vn -0.5450 0.1939 0.8157
vn -0.4225 -0.6494 0.6323
vn -0.3754 0.1939 0.9063
vn -0.2910 -0.6493 0.7026
vn -0.1914 0.1939 0.9622
vn -0.1484 -0.6494 0.7459
vn -0.0000 0.1939 0.9810
vn -0.0000 -0.6493 0.7605
vn 0.1914 0.1939 0.9622
vn 0.1484 -0.6494 0.7459
vn 0.3754 0.1939 0.9063
vn 0.2910 -0.6493 0.7026
vn 0.5450 0.1939 0.8157
vn 0.4225 -0.6494 0.6323
vn 0.6937 0.1939 0.6937
vn 0.5377 -0.6493 0.5378
vn 0.8157 0.1939 0.5450
vn 0.6323 -0.6494 0.4225
vn 0.9063 0.1939 0.3754
vn 0.7026 -0.6493 0.2910
vn 0.9622 0.1939 0.1914
vn 0.7459 -0.6494 0.1484
vn 0.9810 0.1939 -0.0000
vn 0.7605 -0.6493 -0.0000
vn 0.9622 0.1939 -0.1914
vn 0.7459 -0.6494 -0.1484
vn 0.9063 0.1939 -0.3754
vn 0.7026 -0.6493 -0.2910
vn 0.8157 0.1939 -0.5450
vn 0.6323 -0.6494 -0.4225
vn 0.6937 0.1939 -0.6937
vn 0.5378 -0.6493 -0.5378
vn 0.4225 -0.6494 -0.6323
vn 0.0769 0.9796 -0.1857
vn 0.0757 0.9217 -0.3804
vn 0.0392 0.9796 -0.1971
vn -0.0000 1.0000 -0.0000
vn -0.0000 0.9796 -0.2010
vn -0.0392 0.9796 -0.1971
vn -0.0769 0.9796 -0.1857
vn -0.1116 0.9796 -0.1671
vn -0.1421 0.9796 -0.1421
vn -0.1671 0.9796 -0.1117
vn -0.1857 0.9796 -0.0769
vn -0.1971 0.9796 -0.0392
vn -0.2010 0.9796 -0.0000
vn -0.1971 0.9796 0.0392
vn -0.1857 0.9796 0.0769
vn -0.1671 0.9796 0.1117
vn -0.1421 0.9796 0.1421
vn -0.1116 0.9796 0.1671
vn -0.0769 0.9796 0.1857
vn -0.0392 0.9796 0.1971
vn -0.0000 0.9796 0.2010
vn 0.0392 0.9796 0.1971
vn 0.0769 0.9796 0.1857
vn 0.1116 0.9796 0.1671
vn 0.1421 0.9796 0.1421
vn 0.1671 0.9796 0.1117
vn 0.1857 0.9796 0.0769
vn 0.1971 0.9796 0.0392
vn 0.2010 0.9796 -0.0000
vn 0.1971 0.9796 -0.0392
vn 0.1857 0.9796 -0.0769
vn 0.1671 0.9796 -0.1117
vn 0.1421 0.9796 -0.1421
vn 0.1117 0.9796 -0.1671
vn -0.0000 -0.6857 -0.7279
vn 0.1420 -0.6857 -0.7139
vn -0.0000 0.6857 -0.7279
vn -0.1420 -0.6857 -0.7139
vn -0.2785 -0.6857 -0.6725
vn -0.1420 0.6857 -0.7139
vn -0.2786 0.6857 -0.6725
vn -0.4044 0.6857 -0.6052
vn -0.5147 0.6857 -0.5147
vn -0.4044 -0.6857 -0.6052
vn -0.5147 -0.6857 -0.5147
vn -0.6052 -0.6857 -0.4044
vn -0.6725 -0.6857 -0.2786
vn -0.6052 0.6857 -0.4044
vn -0.6725 0.6857 -0.2786
vn -0.7139 0.6857 -0.1420
vn -0.7279 0.6857 -0.0000
vn -0.7139 -0.6857 -0.1420
vn -0.7279 -0.6857 -0.0000
vn -0.7139 -0.6857 0.1420
vn -0.6725 -0.6857 0.2785
vn -0.7139 0.6857 0.1420
vn -0.6725 0.6857 0.2786
vn -0.6052 0.6857 0.4044
vn -0.5147 0.6857 0.5147
vn -0.6052 -0.6857 0.4044
vn -0.5147 -0.6857 0.5147
vn -0.4044 -0.6857 0.6052
vn -0.2785 -0.6857 0.6725
vn -0.4044 0.6857 0.6052
vn -0.2786 0.6857 0.6725
vn -0.1420 0.6857 0.7139
vn -0.0000 0.6857 0.7279
vn -0.1420 -0.6857 0.7139
vn -0.0000 -0.6857 0.7279
vn 0.1420 -0.6857 0.7139
vn 0.2785 -0.6857 0.6725
vn 0.1420 0.6857 0.7139
vn 0.2786 0.6857 0.6725
vn 0.4044 0.6857 0.6052
vn 0.5147 0.6857 0.5147
vn 0.4044 -0.6857 0.6052
vn 0.5147 -0.6857 0.5147
vn 0.6052 -0.6857 0.4044
vn 0.6725 -0.6857 0.2785
vn 0.6052 0.6857 0.4044
vn 0.6725 0.6857 0.2786
vn 0.7139 0.6857 0.1420
vn 0.7279 0.6857 -0.0000
vn 0.7139 -0.6857 0.1420
vn 0.7279 -0.6857 -0.0000
vn 0.7139 -0.6857 -0.1420
vn 0.6725 -0.6857 -0.2785
vn 0.7139 0.6857 -0.1420
vn 0.6725 0.6857 -0.2786
vn 0.6052 0.6857 -0.4044
vn 0.5147 0.6857 -0.5147
vn 0.6052 -0.6857 -0.4044
vn 0.5147 -0.6857 -0.5147
vn 0.4044 -0.6857 -0.6052
vn 0.2785 -0.6857 -0.6725
vn 0.4044 0.6857 -0.6052
vn 0.2786 0.6857 -0.6725
vn 0.1420 0.6857 -0.7139
vn -0.0000 0.9697 -0.2441
vn 0.0837 0.9676 -0.2384
vn -0.0000 0.9879 -0.1550
vn -0.0000 0.9357 -0.3529
vn -0.0837 0.9676 -0.2384
vn -0.0535 0.9870 -0.1515
vn -0.1202 0.9313 -0.3438
vn -0.1622 0.9615 -0.2220
vn -0.1039 0.9845 -0.1413
vn -0.2315 0.9194 -0.3181
vn -0.2318 0.9527 -0.1968
vn -0.1491 0.9808 -0.1257
vn -0.3278 0.9024 -0.2795
vn -0.2903 0.9427 -0.1647
vn -0.1875 0.9766 -0.1057
vn -0.4065 0.8838 -0.2317
vn -0.3363 0.9331 -0.1276
vn -0.2183 0.9724 -0.0822
vn -0.4667 0.8663 -0.1779
vn -0.3694 0.9252 -0.0869
vn -0.2406 0.9690 -0.0562
vn -0.5090 0.8523 -0.1203
vn -0.3893 0.9201 -0.0440
vn -0.2541 0.9668 -0.0285
vn -0.5339 0.8434 -0.0606
vn -0.3959 0.9183 -0.0000
vn -0.2586 0.9660 -0.0000
vn -0.5422 0.8403 -0.0000
vn -0.3893 0.9201 0.0440
vn -0.2541 0.9668 0.0285
vn -0.5339 0.8434 0.0606
vn -0.3694 0.9252 0.0869
vn -0.2406 0.9690 0.0562
vn -0.5090 0.8523 0.1203
vn -0.3363 0.9331 0.1276
vn -0.2183 0.9724 0.0822
vn -0.4667 0.8663 0.1779
vn -0.2903 0.9427 0.1647
vn -0.1875 0.9766 0.1057
vn -0.4065 0.8838 0.2317
vn -0.2318 0.9527 0.1968
vn -0.1491 0.9808 0.1257
vn -0.3278 0.9024 0.2795
vn -0.1622 0.9615 0.2220
vn -0.1039 0.9845 0.1413
vn -0.2315 0.9194 0.3181
vn -0.0837 0.9676 0.2384
vn -0.0535 0.9870 0.1515
vn -0.1202 0.9313 0.3438
vn -0.0000 0.9697 0.2441
vn -0.0000 0.9879 0.1550
vn -0.0000 0.9357 0.3529
vn 0.0837 0.9676 0.2384
vn 0.0535 0.9870 0.1515
vn 0.1202 0.9313 0.3438
vn 0.1622 0.9615 0.2220
vn 0.1039 0.9845 0.1413
vn 0.2315 0.9194 0.3181
vn 0.2318 0.9527 0.1968
vn 0.1491 0.9808 0.1257
vn 0.3278 0.9024 0.2795
vn 0.2903 0.9427 0.1647
vn 0.1875 0.9766 0.1057
vn 0.4065 0.8838 0.2317
vn 0.3363 0.9331 0.1276
vn 0.2183 0.9724 0.0822
vn 0.4667 0.8663 0.1779
vn 0.3694 0.9252 0.0869
vn 0.2406 0.9690 0.0562
vn 0.5090 0.8523 0.1203
vn 0.3893 0.9201 0.0440
vn 0.2541 0.9668 0.0285
vn 0.5339 0.8434 0.0606
vn 0.3959 0.9183 -0.0000
vn 0.2586 0.9660 -0.0000
vn 0.5422 0.8403 -0.0000
vn 0.3893 0.9201 -0.0440
vn 0.2541 0.9668 -0.0285
vn 0.5339 0.8434 -0.0606
vn 0.3694 0.9252 -0.0869
vn 0.2406 0.9690 -0.0562
vn 0.5090 0.8523 -0.1203
vn 0.3363 0.9331 -0.1276
vn 0.2183 0.9724 -0.0822
vn 0.4667 0.8663 -0.1779
vn 0.2903 0.9427 -0.1647
vn 0.1875 0.9766 -0.1057
vn 0.4065 0.8838 -0.2317
vn 0.2318 0.9527 -0.1968
vn 0.1491 0.9808 -0.1257
vn 0.3278 0.9024 -0.2795
vn 0.1622 0.9615 -0.2220
vn 0.1039 0.9845 -0.1413
vn 0.2315 0.9194 -0.3181
vn 0.3170 0.8412 -0.4380
vn 0.1202 0.9313 -0.3438
vn 0.1666 0.8619 -0.4790
vn 0.2255 0.7214 -0.6548
vn -0.0000 0.8695 -0.4939
vn -0.0000 0.7328 -0.6805
vn -0.1666 0.8619 -0.4790
vn -0.2255 0.7214 -0.6548
vn -0.3170 0.8412 -0.4380
vn -0.4209 0.6916 -0.5869
vn -0.4419 0.8132 -0.3788
vn -0.5728 0.6532 -0.4952
vn -0.5391 0.7835 -0.3090
vn -0.6828 0.6150 -0.3944
vn -0.6103 0.7569 -0.2339
vn -0.7582 0.5826 -0.2927
vn -0.6583 0.7363 -0.1565
vn -0.8067 0.5586 -0.1931
vn -0.6860 0.7233 -0.0784
vn -0.8336 0.5440 -0.0958
vn -0.6950 0.7190 -0.0000
vn -0.8422 0.5391 -0.0000
vn -0.6860 0.7233 0.0784
vn -0.8336 0.5440 0.0958
vn -0.6583 0.7363 0.1565
vn -0.8067 0.5586 0.1931
vn -0.6103 0.7569 0.2339
vn -0.7582 0.5826 0.2927
vn -0.5391 0.7835 0.3090
vn -0.6828 0.6150 0.3944
vn -0.4419 0.8132 0.3788
vn -0.5728 0.6532 0.4952
vn -0.3170 0.8412 0.4380
vn -0.4209 0.6916 0.5869
vn -0.1666 0.8619 0.4790
vn -0.2255 0.7214 0.6548
vn -0.0000 0.8695 0.4939
vn -0.0000 0.7328 0.6805
vn 0.1666 0.8619 0.4790
vn 0.2255 0.7214 0.6548
vn 0.3170 0.8412 0.4380
vn 0.4209 0.6916 0.5869
vn 0.4419 0.8132 0.3788
vn 0.5728 0.6532 0.4952
vn 0.5391 0.7835 0.3090
vn 0.6828 0.6150 0.3944
vn 0.6103 0.7569 0.2339
vn 0.7582 0.5826 0.2927
vn 0.6583 0.7363 0.1565
vn 0.8067 0.5586 0.1931
vn 0.6860 0.7234 0.0784
vn 0.8336 0.5440 0.0958
vn 0.6950 0.7190 -0.0000
vn 0.8422 0.5391 -0.0000
vn 0.6860 0.7234 -0.0784
vn 0.8336 0.5440 -0.0958
vn 0.6583 0.7363 -0.1565
vn 0.8067 0.5586 -0.1931
vn 0.6103 0.7569 -0.2339
vn 0.7582 0.5826 -0.2927
vn 0.5391 0.7835 -0.3090
vn 0.6828 0.6150 -0.3944
vn 0.4419 0.8132 -0.3788
vn 0.5728 0.6532 -0.4952
vn 0.6959 0.3812 -0.6086
vn 0.4209 0.6916 -0.5869
vn 0.5255 0.4144 -0.7431
vn 0.4636 -0.5895 -0.6615
vn 0.2880 0.4413 -0.8499
vn 0.2598 -0.5755 -0.7754
vn -0.0000 0.4518 -0.8921
vn -0.0000 -0.5696 -0.8219
vn -0.2880 0.4413 -0.8499
vn -0.2599 -0.5755 -0.7754
vn -0.5255 0.4144 -0.7431
vn -0.4636 -0.5895 -0.6615
vn -0.6959 0.3812 -0.6086
vn -0.5977 -0.6048 -0.5262
vn -0.8092 0.3501 -0.4719
vn -0.6786 -0.6176 -0.3977
vn -0.8813 0.3250 -0.3429
vn -0.7257 -0.6269 -0.2835
vn -0.9251 0.3073 -0.2229
vn -0.7525 -0.6330 -0.1819
vn -0.9486 0.2968 -0.1097
vn -0.7661 -0.6365 -0.0888
vn -0.9560 0.2933 -0.0000
vn -0.7703 -0.6376 -0.0000
vn -0.9486 0.2968 0.1097
vn -0.7661 -0.6365 0.0888
vn -0.9251 0.3073 0.2229
vn -0.7525 -0.6330 0.1819
vn -0.8813 0.3250 0.3429
vn -0.7257 -0.6269 0.2834
vn -0.8092 0.3501 0.4719
vn -0.6786 -0.6176 0.3977
vn -0.6959 0.3812 0.6086
vn -0.5977 -0.6048 0.5262
vn -0.5255 0.4144 0.7431
vn -0.4636 -0.5895 0.6615
vn -0.2880 0.4413 0.8499
vn -0.2599 -0.5755 0.7754
vn -0.0000 0.4518 0.8921
vn -0.0000 -0.5696 0.8219
vn 0.2880 0.4413 0.8499
vn 0.2598 -0.5755 0.7754
vn 0.5255 0.4144 0.7431
vn 0.4636 -0.5895 0.6615
vn 0.6959 0.3812 0.6086
vn 0.5977 -0.6048 0.5262
vn 0.8092 0.3501 0.4719
vn 0.6786 -0.6176 0.3977
vn 0.8813 0.3250 0.3429
vn 0.7257 -0.6269 0.2835
vn 0.9251 0.3073 0.2229
vn 0.7525 -0.6330 0.1819
vn 0.9486 0.2968 0.1097
vn 0.7661 -0.6365 0.0888
vn 0.9560 0.2933 -0.0000
vn 0.7703 -0.6376 -0.0000
vn 0.9486 0.2968 -0.1097
vn 0.7661 -0.6365 -0.0888
vn 0.9251 0.3073 -0.2229
vn 0.7525 -0.6330 -0.1819
vn 0.8813 0.3250 -0.3429
vn 0.7257 -0.6269 -0.2834
vn 0.8092 0.3501 -0.4719
vn 0.6786 -0.6176 -0.3977
vn 0.5977 -0.6048 -0.5262
vn 0.0521 0.9962 -0.0698
vn 0.0535 0.9870 -0.1515
vn 0.0269 0.9968 -0.0750
vn -0.0000 0.9970 -0.0769
vn -0.0269 0.9968 -0.0750
vn -0.0521 0.9962 -0.0698
vn -0.0745 0.9953 -0.0619
vn -0.0935 0.9943 -0.0519
vn -0.1087 0.9933 -0.0403
vn -0.1197 0.9924 -0.0275
vn -0.1263 0.9919 -0.0139
vn -0.1285 0.9917 -0.0000
vn -0.1263 0.9919 0.0139
vn -0.1197 0.9924 0.0275
vn -0.1087 0.9933 0.0403
vn -0.0935 0.9943 0.0519
vn -0.0745 0.9953 0.0619
vn -0.0521 0.9962 0.0698
vn -0.0269 0.9968 0.0750
vn -0.0000 0.9970 0.0769
vn 0.0269 0.9968 0.0750
vn 0.0521 0.9962 0.0698
vn 0.0745 0.9953 0.0619
vn 0.0935 0.9943 0.0519
vn 0.1087 0.9933 0.0403
vn 0.1197 0.9924 0.0275
vn 0.1263 0.9919 0.0139
vn 0.1285 0.9917 -0.0000
vn 0.1263 0.9919 -0.0139
vn 0.1197 0.9924 -0.0275
vn 0.1087 0.9933 -0.0403
vn 0.0935 0.9943 -0.0519
vn 0.0745 0.9953 -0.0619
vn -0.0057 -0.6857 -0.7279
vn 0.1363 -0.6868 -0.7139
vn -0.1477 -0.6845 -0.7139
vn -0.0000 -0.0000 -1.0000
vn -0.1951 0.0016 -0.9808
vn 0.1951 -0.0016 -0.9808
vn 0.3827 -0.0032 -0.9239
vn 0.2728 -0.6881 -0.6724
vn 0.5556 -0.0047 -0.8315
vn 0.3986 -0.6890 -0.6052
vn 0.5555 -0.0047 -0.8315
vn 0.7071 -0.0059 -0.7071
vn 0.5089 -0.6900 -0.5147
vn 0.8314 -0.0070 -0.5556
vn 0.5995 -0.6907 -0.4044
vn 0.9238 -0.0077 -0.3827
vn 0.6667 -0.6913 -0.2785
vn 0.9807 -0.0082 -0.1951
vn 0.7081 -0.6916 -0.1420
vn 0.9808 -0.0082 -0.1951
vn 1.0000 -0.0084 -0.0000
vn 0.7221 -0.6918 -0.0000
vn 0.9807 -0.0082 0.1951
vn 0.7082 -0.6916 0.1420
vn 0.9808 -0.0082 0.1951
vn 0.9238 -0.0077 0.3827
vn 0.6667 -0.6913 0.2785
vn 0.8314 -0.0070 0.5556
vn 0.5995 -0.6907 0.4044
vn 0.7071 -0.0059 0.7071
vn 0.5089 -0.6900 0.5147
vn 0.5556 -0.0047 0.8315
vn 0.3986 -0.6890 0.6052
vn 0.5555 -0.0047 0.8315
vn 0.3827 -0.0032 0.9239
vn 0.2728 -0.6881 0.6724
vn 0.1951 -0.0016 0.9808
vn 0.1363 -0.6868 0.7139
vn -0.0000 -0.0000 1.0000
vn -0.0057 -0.6857 0.7278
vn -0.1951 0.0016 0.9808
vn -0.1477 -0.6845 0.7139
vn -0.3827 0.0032 0.9239
vn -0.2843 -0.6834 0.6725
vn -0.5555 0.0047 0.8315
vn -0.4101 -0.6823 0.6052
vn -0.5556 0.0047 0.8315
vn -0.7071 0.0059 0.7071
vn -0.5204 -0.6814 0.5147
vn -0.8314 0.0070 0.5556
vn -0.6109 -0.6806 0.4044
vn -0.9238 0.0077 0.3827
vn -0.6782 -0.6801 0.2785
vn -0.9808 0.0082 0.1951
vn -0.7196 -0.6797 0.1420
vn -1.0000 0.0084 -0.0000
vn -0.7336 -0.6796 -0.0000
vn -0.9808 0.0082 -0.1951
vn -0.7196 -0.6797 -0.1420
vn -0.9238 0.0077 -0.3827
vn -0.6782 -0.6801 -0.2785
vn -0.8314 0.0070 -0.5556
vn -0.6109 -0.6806 -0.4044
vn -0.7071 0.0059 -0.7071
vn -0.5204 -0.6814 -0.5147
vn -0.5555 0.0047 -0.8315
vn -0.4101 -0.6823 -0.6052
vn -0.5556 0.0047 -0.8315
vn -0.3827 0.0032 -0.9239
vn -0.2843 -0.6834 -0.6725
vn -0.1990 0.0156 -0.9799
vn -0.0043 0.0006 -1.0000
vn 0.1907 -0.0147 -0.9815
vn 0.3785 -0.0297 -0.9251
vn 0.5516 -0.0439 -0.8329
vn 0.7034 -0.0565 -0.7085
vn 0.8280 -0.0670 -0.5568
vn 0.9205 -0.0749 -0.3835
vn 0.9774 -0.0799 -0.1955
vn 0.9967 -0.0815 -0.0000
vn 0.9774 -0.0799 0.1955
vn 0.9205 -0.0749 0.3835
vn 0.8280 -0.0670 0.5568
vn 0.7034 -0.0565 0.7085
vn 0.5516 -0.0439 0.8329
vn 0.3785 -0.0297 0.9251
vn 0.1907 -0.0147 0.9815
vn -0.0043 0.0006 1.0000
vn -0.1990 0.0156 0.9799
vn -0.3858 0.0297 0.9221
vn -0.5576 0.0425 0.8290
vn -0.7079 0.0534 0.7043
vn -0.8309 0.0623 0.5529
vn -0.9222 0.0688 0.3806
vn -0.9807 0.0082 0.1951
vn -0.9783 0.0728 0.1939
vn -0.9972 0.0742 -0.0000
vn -0.9807 0.0082 -0.1951
vn -0.9783 0.0728 -0.1939
vn -0.9222 0.0688 -0.3806
vn -0.8309 0.0623 -0.5529
vn -0.7079 0.0534 -0.7043
vn -0.5576 0.0425 -0.8290
vn -0.5488 0.1001 -0.8300
vn -0.3858 0.0297 -0.9221
vn -0.3789 0.0690 -0.9229
vn -0.3827 0.1014 -0.9183
vn -0.1942 0.0354 -0.9803
vn -0.1973 0.0525 -0.9789
vn -0.0019 0.0005 -1.0000
vn -0.0029 0.0016 -1.0000
vn 0.1905 -0.0343 -0.9811
vn 0.1918 -0.0491 -0.9802
vn 0.3757 -0.0676 -0.9243
vn 0.3780 -0.0973 -0.9207
vn 0.5463 -0.0982 -0.8318
vn 0.5476 -0.1410 -0.8248
vn 0.6958 -0.1250 -0.7073
vn 0.6940 -0.1786 -0.6975
vn 0.8184 -0.1468 -0.5556
vn 0.8121 -0.2087 -0.5450
vn 0.9094 -0.1629 -0.3827
vn 0.8984 -0.2307 -0.3736
vn 0.9655 -0.1728 -0.1951
vn 0.9510 -0.2441 -0.1899
vn 0.9844 -0.1761 -0.0000
vn 0.9686 -0.2486 -0.0000
vn 0.9655 -0.1728 0.1951
vn 0.9510 -0.2441 0.1899
vn 0.9094 -0.1629 0.3827
vn 0.8984 -0.2307 0.3736
vn 0.8184 -0.1468 0.5556
vn 0.8121 -0.2087 0.5450
vn 0.6958 -0.1250 0.7073
vn 0.6940 -0.1786 0.6975
vn 0.5463 -0.0982 0.8318
vn 0.5476 -0.1410 0.8248
vn 0.3757 -0.0676 0.9243
vn 0.3780 -0.0973 0.9207
vn 0.1905 -0.0343 0.9811
vn 0.1918 -0.0491 0.9802
vn -0.0019 0.0005 1.0000
vn -0.0029 0.0016 1.0000
vn -0.1942 0.0354 0.9803
vn -0.1973 0.0525 0.9789
vn -0.3789 0.0690 0.9229
vn -0.3827 0.1014 0.9183
vn -0.5488 0.1001 0.8300
vn -0.5510 0.1460 0.8216
vn -0.6974 0.1274 0.7053
vn -0.6958 0.1847 0.6941
vn -0.8191 0.1498 0.5538
vn -0.8123 0.2160 0.5418
vn -0.9094 0.1665 0.3812
vn -0.8973 0.2390 0.3712
vn -0.9649 0.1766 0.1943
vn -0.9489 0.2530 0.1885
vn -0.9837 0.1800 -0.0000
vn -0.9662 0.2578 -0.0000
vn -0.9649 0.1766 -0.1943
vn -0.9489 0.2530 -0.1885
vn -0.9094 0.1665 -0.3812
vn -0.8973 0.2390 -0.3712
vn -0.8191 0.1498 -0.5538
vn -0.8123 0.2160 -0.5418
vn -0.6974 0.1274 -0.7053
vn -0.6958 0.1847 -0.6941
vn -0.6807 0.2773 -0.6780
vn -0.5510 0.1460 -0.8216
vn -0.5437 0.2244 -0.8087
vn -0.4289 0.3838 -0.8178
vn -0.3813 0.1603 -0.9104
vn -0.2981 0.2739 -0.9144
vn -0.1994 0.0864 -0.9761
vn -0.1563 0.1492 -0.9764
vn -0.0062 0.0053 -1.0000
vn -0.0094 0.0135 -0.9999
vn 0.1876 -0.0789 -0.9791
vn 0.1357 -0.1278 -0.9825
vn 0.3709 -0.1614 -0.9145
vn 0.2723 -0.2680 -0.9241
vn 0.5337 -0.2375 -0.8116
vn 0.3939 -0.3998 -0.8277
vn 0.6692 -0.3032 -0.6784
vn 0.4955 -0.5163 -0.6985
vn 0.7741 -0.3558 -0.5237
vn 0.5743 -0.6118 -0.5440
vn 0.8477 -0.3940 -0.3553
vn 0.6294 -0.6824 -0.3717
vn 0.8909 -0.4172 -0.1794
vn 0.6616 -0.7257 -0.1887
vn 0.9051 -0.4251 -0.0000
vn 0.6721 -0.7405 -0.0000
vn 0.8909 -0.4172 0.1794
vn 0.6616 -0.7257 0.1887
vn 0.8477 -0.3940 0.3553
vn 0.6294 -0.6824 0.3717
vn 0.7741 -0.3558 0.5237
vn 0.5743 -0.6118 0.5440
vn 0.6692 -0.3032 0.6784
vn 0.4955 -0.5163 0.6985
vn 0.5337 -0.2375 0.8116
vn 0.3939 -0.3998 0.8277
vn 0.3709 -0.1614 0.9145
vn 0.2723 -0.2680 0.9241
vn 0.1876 -0.0789 0.9791
vn 0.1357 -0.1278 0.9825
vn -0.0062 0.0053 1.0000
vn -0.0094 0.0135 0.9999
vn -0.1994 0.0864 0.9761
vn -0.1563 0.1492 0.9764
vn -0.3813 0.1603 0.9104
vn -0.2981 0.2739 0.9144
vn -0.5437 0.2244 0.8087
vn -0.4289 0.3838 0.8178
vn -0.6807 0.2773 0.6780
vn -0.5434 0.4761 0.6914
vn -0.7889 0.3183 0.5257
vn -0.6373 0.5492 0.5405
vn -0.8666 0.3475 0.3582
vn -0.7070 0.6021 0.3709
vn -0.9132 0.3649 0.1813
vn -0.7499 0.6341 0.1886
vn -0.9287 0.3708 -0.0000
vn -0.7644 0.6448 -0.0000
vn -0.9132 0.3649 -0.1813
vn -0.7499 0.6341 -0.1886
vn -0.8666 0.3475 -0.3582
vn -0.7070 0.6021 -0.3709
vn -0.7889 0.3183 -0.5257
vn -0.6373 0.5492 -0.5405
vn -0.3776 0.7445 -0.5505
vn -0.5434 0.4761 -0.6914
vn -0.3207 0.6360 -0.7019
vn 0.5272 0.6647 -0.5293
vn -0.2517 0.5030 -0.8268
vn 0.5580 0.5529 -0.6188
vn -0.1735 0.3500 -0.9205
vn 0.5926 0.4268 -0.6831
vn -0.0896 0.1826 -0.9791
vn 0.6298 0.2919 -0.7198
vn -0.0038 0.0070 -1.0000
vn 0.6680 0.1537 -0.7281
vn 0.0800 -0.1705 -0.9821
vn 0.7056 0.0177 -0.7083
vn 0.1582 -0.3428 -0.9260
vn 0.7413 -0.1109 -0.6619
vn 0.2275 -0.5032 -0.8337
vn 0.7737 -0.2276 -0.5912
vn 0.2856 -0.6449 -0.7089
vn 0.8017 -0.3283 -0.4994
vn 0.3311 -0.7618 -0.5568
vn 0.8245 -0.4099 -0.3902
vn 0.3637 -0.8490 -0.3834
vn 0.8412 -0.4699 -0.2676
vn 0.3835 -0.9026 -0.1956
vn 0.8514 -0.5066 -0.1361
vn 0.3903 -0.9207 -0.0000
vn 0.8549 -0.5189 -0.0000
vn 0.3835 -0.9026 0.1956
vn 0.8514 -0.5066 0.1361
vn 0.3637 -0.8490 0.3834
vn 0.8412 -0.4699 0.2676
vn 0.3311 -0.7618 0.5568
vn 0.8245 -0.4099 0.3902
vn 0.2856 -0.6449 0.7089
vn 0.8017 -0.3283 0.4994
vn 0.2275 -0.5032 0.8337
vn 0.7737 -0.2276 0.5912
vn 0.1582 -0.3428 0.9260
vn 0.7413 -0.1109 0.6619
vn 0.0800 -0.1705 0.9821
vn 0.7056 0.0177 0.7083
vn -0.0038 0.0070 1.0000
vn 0.6680 0.1537 0.7281
vn -0.0896 0.1826 0.9791
vn 0.6299 0.2919 0.7198
vn -0.1735 0.3500 0.9205
vn 0.5926 0.4268 0.6831
vn -0.2517 0.5030 0.8268
vn 0.5580 0.5529 0.6188
vn -0.3207 0.6360 0.7019
vn 0.5272 0.6647 0.5293
vn -0.3776 0.7445 0.5505
vn 0.5019 0.7574 0.4178
vn -0.4199 0.8248 0.3787
vn 0.4828 0.8268 0.2887
vn -0.4461 0.8739 0.1929
vn 0.4711 0.8697 0.1475
vn -0.4550 0.8905 -0.0000
vn 0.4671 0.8842 -0.0000
vn -0.4461 0.8739 -0.1929
vn 0.4711 0.8697 -0.1475
vn -0.4199 0.8248 -0.3787
vn 0.4828 0.8268 -0.2887
vn 0.5019 0.7574 -0.4178
vn -0.0000 0.6571 -0.7538
vn -0.0000 -0.1546 -0.9880
vn 0.1471 0.6571 -0.7393
vn -0.1471 0.6571 -0.7393
vn -0.1927 -0.1546 -0.9690
vn -0.2885 0.6571 -0.6964
vn -0.3781 -0.1546 -0.9128
vn -0.4188 0.6572 -0.6267
vn -0.5489 -0.1546 -0.8215
vn -0.5330 0.6571 -0.5330
vn -0.6986 -0.1546 -0.6986
vn -0.6267 0.6571 -0.4188
vn -0.8215 -0.1546 -0.5489
vn -0.6964 0.6571 -0.2885
vn -0.9128 -0.1546 -0.3781
vn -0.7393 0.6572 -0.1471
vn -0.9690 -0.1546 -0.1927
vn -0.7538 0.6571 -0.0000
vn -0.9880 -0.1546 -0.0000
vn -0.7393 0.6571 0.1471
vn -0.9690 -0.1546 0.1927
vn -0.6964 0.6571 0.2885
vn -0.9128 -0.1546 0.3781
vn -0.6267 0.6571 0.4188
vn -0.8215 -0.1546 0.5489
vn -0.5330 0.6571 0.5330
vn -0.6986 -0.1546 0.6986
vn -0.4188 0.6572 0.6267
vn -0.5489 -0.1546 0.8215
vn -0.2885 0.6571 0.6964
vn -0.3781 -0.1546 0.9128
vn -0.1471 0.6571 0.7393
vn -0.1927 -0.1546 0.9690
vn -0.0000 0.6571 0.7538
vn -0.0000 -0.1546 0.9880
vn 0.1471 0.6571 0.7393
vn 0.1927 -0.1546 0.9690
vn 0.2885 0.6571 0.6964
vn 0.3781 -0.1546 0.9128
vn 0.4188 0.6571 0.6267
vn 0.5489 -0.1546 0.8215
vn 0.5330 0.6571 0.5330
vn 0.6986 -0.1546 0.6986
vn 0.6267 0.6571 0.4188
vn 0.8215 -0.1546 0.5489
vn 0.6964 0.6571 0.2885
vn 0.9128 -0.1546 0.3781
vn 0.7393 0.6571 0.1471
vn 0.9690 -0.1546 0.1927
vn 0.7538 0.6571 -0.0000
vn 0.9880 -0.1546 -0.0000
vn 0.7393 0.6571 -0.1471
vn 0.9690 -0.1546 -0.1927
vn 0.6964 0.6571 -0.2885
vn 0.9128 -0.1546 -0.3781
vn 0.6267 0.6571 -0.4188
vn 0.8215 -0.1546 -0.5489
vn 0.5330 0.6571 -0.5330
vn 0.6986 -0.1546 -0.6986
vn 0.4188 0.6571 -0.6267
vn 0.5489 -0.1546 -0.8215
vn 0.2885 0.6571 -0.6964
vn 0.3781 -0.1546 -0.9128
vn 0.3639 -0.3098 -0.8784
vn 0.1927 -0.1546 -0.9690
vn 0.1855 -0.3098 -0.9325
vn 0.1727 -0.4651 -0.8683
vn -0.0000 -0.3098 -0.9508
vn -0.1855 -0.3098 -0.9325
vn -0.0000 -0.4651 -0.8853
vn -0.0000 -0.6177 -0.7864
vn -0.1727 -0.4651 -0.8683
vn -0.1534 -0.6177 -0.7713
vn -0.3388 -0.4651 -0.8179
vn -0.3639 -0.3098 -0.8784
vn -0.3010 -0.6177 -0.7266
vn -0.4918 -0.4651 -0.7361
vn -0.5282 -0.3098 -0.7906
vn -0.4369 -0.6177 -0.6539
vn -0.6260 -0.4651 -0.6260
vn -0.6723 -0.3098 -0.6723
vn -0.5561 -0.6177 -0.5561
vn -0.7361 -0.4651 -0.4918
vn -0.7906 -0.3098 -0.5282
vn -0.6539 -0.6177 -0.4369
vn -0.8179 -0.4651 -0.3388
vn -0.8784 -0.3098 -0.3639
vn -0.7266 -0.6177 -0.3010
vn -0.8683 -0.4651 -0.1727
vn -0.9325 -0.3098 -0.1855
vn -0.7713 -0.6177 -0.1534
vn -0.8853 -0.4651 -0.0000
vn -0.9508 -0.3098 -0.0000
vn -0.7864 -0.6177 -0.0000
vn -0.8683 -0.4651 0.1727
vn -0.9325 -0.3098 0.1855
vn -0.7713 -0.6177 0.1534
vn -0.8179 -0.4651 0.3388
vn -0.8784 -0.3098 0.3639
vn -0.7266 -0.6177 0.3010
vn -0.7361 -0.4651 0.4918
vn -0.7906 -0.3098 0.5282
vn -0.6539 -0.6177 0.4369
vn -0.6260 -0.4651 0.6260
vn -0.6723 -0.3098 0.6723
vn -0.5561 -0.6177 0.5561
vn -0.4918 -0.4651 0.7361
vn -0.5282 -0.3098 0.7906
vn -0.4369 -0.6177 0.6539
vn -0.3388 -0.4651 0.8179
vn -0.3639 -0.3098 0.8784
vn -0.3010 -0.6177 0.7266
vn -0.1727 -0.4651 0.8683
vn -0.1855 -0.3098 0.9325
vn -0.1534 -0.6177 0.7713
vn -0.0000 -0.4651 0.8853
vn -0.0000 -0.3098 0.9508
vn -0.0000 -0.6177 0.7864
vn 0.1727 -0.4651 0.8683
vn 0.1855 -0.3098 0.9325
vn 0.1534 -0.6177 0.7713
vn 0.3388 -0.4651 0.8179
vn 0.3639 -0.3098 0.8784
vn 0.3010 -0.6177 0.7266
vn 0.4918 -0.4651 0.7361
vn 0.5282 -0.3098 0.7906
vn 0.4369 -0.6177 0.6539
vn 0.6260 -0.4651 0.6260
vn 0.6723 -0.3098 0.6723
vn 0.5561 -0.6177 0.5561
vn 0.7361 -0.4651 0.4918
vn 0.7906 -0.3098 0.5282
vn 0.6539 -0.6177 0.4369
vn 0.8179 -0.4651 0.3388
vn 0.8784 -0.3098 0.3639
vn 0.7266 -0.6177 0.3010
vn 0.8683 -0.4651 0.1727
vn 0.9325 -0.3098 0.1855
vn 0.7713 -0.6177 0.1534
vn 0.8853 -0.4651 -0.0000
vn 0.9508 -0.3098 -0.0000
vn 0.7864 -0.6177 -0.0000
vn 0.8683 -0.4651 -0.1727
vn 0.9325 -0.3098 -0.1855
vn 0.7713 -0.6177 -0.1534
vn 0.8179 -0.4651 -0.3388
vn 0.8784 -0.3098 -0.3639
vn 0.7266 -0.6177 -0.3010
vn 0.7361 -0.4651 -0.4918
vn 0.7906 -0.3098 -0.5282
vn 0.6539 -0.6177 -0.4369
vn 0.6260 -0.4651 -0.6260
vn 0.6723 -0.3098 -0.6723
vn 0.5561 -0.6177 -0.5561
vn 0.4918 -0.4651 -0.7361
vn 0.5282 -0.3098 -0.7906
vn 0.4369 -0.6177 -0.6539
vn 0.3388 -0.4651 -0.8179
vn 0.3010 -0.6177 -0.7266
vn 0.2562 -0.7428 -0.6186
vn 0.1534 -0.6177 -0.7713
vn 0.1306 -0.7428 -0.6567
vn 0.0662 -0.9408 -0.3326
vn -0.0000 -0.7428 -0.6695
vn -0.0000 -0.9407 -0.3391
vn -0.1306 -0.7428 -0.6567
vn -0.0662 -0.9408 -0.3326
vn -0.2562 -0.7428 -0.6186
vn -0.1298 -0.9408 -0.3133
vn -0.3720 -0.7428 -0.5567
vn -0.1884 -0.9408 -0.2819
vn -0.4734 -0.7428 -0.4734
vn -0.2398 -0.9407 -0.2398
vn -0.5567 -0.7428 -0.3720
vn -0.2820 -0.9408 -0.1884
vn -0.6186 -0.7428 -0.2562
vn -0.3133 -0.9408 -0.1298
vn -0.6567 -0.7428 -0.1306
vn -0.3326 -0.9408 -0.0662
vn -0.6695 -0.7428 -0.0000
vn -0.3391 -0.9407 -0.0000
vn -0.6567 -0.7428 0.1306
vn -0.3326 -0.9408 0.0662
vn -0.6186 -0.7428 0.2562
vn -0.3133 -0.9408 0.1298
vn -0.5567 -0.7428 0.3720
vn -0.2820 -0.9408 0.1884
vn -0.4734 -0.7428 0.4734
vn -0.2398 -0.9407 0.2398
vn -0.3720 -0.7428 0.5567
vn -0.1884 -0.9408 0.2820
vn -0.2562 -0.7428 0.6186
vn -0.1298 -0.9408 0.3133
vn -0.1306 -0.7428 0.6567
vn -0.0662 -0.9408 0.3326
vn -0.0000 -0.7428 0.6695
vn -0.0000 -0.9407 0.3391
vn 0.1306 -0.7428 0.6567
vn 0.0662 -0.9408 0.3326
vn 0.2562 -0.7428 0.6186
vn 0.1298 -0.9408 0.3133
vn 0.3720 -0.7428 0.5567
vn 0.1884 -0.9408 0.2819
vn 0.4734 -0.7428 0.4734
vn 0.2398 -0.9407 0.2398
vn 0.5567 -0.7428 0.3720
vn 0.2820 -0.9408 0.1884
vn 0.6186 -0.7428 0.2562
vn 0.3133 -0.9408 0.1298
vn 0.6567 -0.7428 0.1306
vn 0.3326 -0.9408 0.0662
vn 0.6695 -0.7428 -0.0000
vn 0.3391 -0.9407 -0.0000
vn 0.6567 -0.7428 -0.1306
vn 0.3326 -0.9408 -0.0662
vn 0.6186 -0.7428 -0.2562
vn 0.3133 -0.9407 -0.1298
vn 0.5567 -0.7428 -0.3720
vn 0.2819 -0.9408 -0.1884
vn 0.4734 -0.7428 -0.4734
vn 0.2398 -0.9407 -0.2398
vn 0.3720 -0.7428 -0.5567
vn 0.1884 -0.9408 -0.2820
vn 0.1298 -0.9408 -0.3133
vn 0.1491 0.9808 -0.1258
vn -0.2598 -0.5755 -0.7754
vn -0.2598 -0.5755 0.7754
vn 0.0057 -0.6857 0.7278
vn -0.1363 -0.6869 0.7139
vn 0.1477 -0.6845 0.7139
vn 0.1951 0.0016 0.9808
vn -0.1951 -0.0016 0.9808
vn -0.3827 -0.0032 0.9239
vn -0.2728 -0.6880 0.6725
vn -0.5555 -0.0047 0.8315
vn -0.3987 -0.6890 0.6052
vn -0.7071 -0.0059 0.7071
vn -0.5089 -0.6900 0.5147
vn -0.8314 -0.0070 0.5556
vn -0.5995 -0.6907 0.4044
vn -0.9238 -0.0077 0.3827
vn -0.6667 -0.6913 0.2785
vn -0.9808 -0.0082 0.1951
vn -0.7081 -0.6916 0.1420
vn -1.0000 -0.0084 -0.0000
vn -0.7221 -0.6918 -0.0000
vn -0.9808 -0.0082 -0.1951
vn -0.7082 -0.6916 -0.1420
vn -0.9238 -0.0077 -0.3827
vn -0.6667 -0.6913 -0.2785
vn -0.8314 -0.0070 -0.5556
vn -0.5995 -0.6907 -0.4044
vn -0.7071 -0.0059 -0.7071
vn -0.5089 -0.6900 -0.5147
vn -0.5555 -0.0047 -0.8315
vn -0.3986 -0.6890 -0.6052
vn -0.3827 -0.0032 -0.9239
vn -0.2728 -0.6881 -0.6724
vn -0.1951 -0.0016 -0.9808
vn -0.1363 -0.6868 -0.7139
vn 0.0057 -0.6857 -0.7278
vn 0.1951 0.0016 -0.9808
vn 0.1477 -0.6845 -0.7139
vn 0.3827 0.0032 -0.9239
vn 0.2843 -0.6833 -0.6725
vn 0.5556 0.0047 -0.8315
vn 0.4101 -0.6823 -0.6052
vn 0.7071 0.0059 -0.7071
vn 0.5204 -0.6814 -0.5147
vn 0.8314 0.0070 -0.5556
vn 0.6109 -0.6806 -0.4044
vn 0.9239 0.0077 -0.3827
vn 0.6782 -0.6801 -0.2785
vn 0.9238 0.0077 -0.3827
vn 0.9807 0.0082 -0.1951
vn 0.7196 -0.6797 -0.1420
vn 0.9808 0.0082 -0.1951
vn 1.0000 0.0084 -0.0000
vn 0.7336 -0.6796 -0.0000
vn 0.9807 0.0082 0.1951
vn 0.7196 -0.6797 0.1420
vn 0.9808 0.0082 0.1951
vn 0.9238 0.0077 0.3827
vn 0.6782 -0.6801 0.2785
vn 0.8314 0.0070 0.5556
vn 0.6109 -0.6806 0.4044
vn 0.7071 0.0059 0.7071
vn 0.5204 -0.6814 0.5147
vn 0.5556 0.0047 0.8315
vn 0.4101 -0.6823 0.6052
vn 0.3827 0.0032 0.9239
vn 0.2843 -0.6834 0.6725
vn 0.1990 0.0156 0.9799
vn 0.0043 0.0006 1.0000
vn -0.1907 -0.0147 0.9815
vn -0.3785 -0.0297 0.9251
vn -0.5556 -0.0047 0.8315
vn -0.5516 -0.0439 0.8329
vn -0.7034 -0.0565 0.7085
vn -0.8280 -0.0670 0.5568
vn -0.9205 -0.0749 0.3835
vn -0.9774 -0.0799 0.1955
vn -0.9967 -0.0815 -0.0000
vn -0.9774 -0.0799 -0.1955
vn -0.9205 -0.0749 -0.3835
vn -0.8280 -0.0670 -0.5568
vn -0.7034 -0.0565 -0.7085
vn -0.5556 -0.0047 -0.8315
vn -0.5516 -0.0439 -0.8329
vn -0.3785 -0.0297 -0.9251
vn -0.1907 -0.0147 -0.9815
vn 0.0043 0.0006 -1.0000
vn 0.1990 0.0156 -0.9799
vn 0.3858 0.0297 -0.9221
vn 0.5576 0.0425 -0.8290
vn 0.7079 0.0534 -0.7043
vn 0.8309 0.0623 -0.5529
vn 0.9222 0.0688 -0.3806
vn 0.9783 0.0728 -0.1939
vn 0.9972 0.0742 -0.0000
vn 0.9783 0.0728 0.1939
vn 0.9222 0.0688 0.3806
vn 0.8309 0.0623 0.5529
vn 0.7079 0.0534 0.7043
vn 0.5576 0.0425 0.8290
vn 0.5488 0.1001 0.8300
vn 0.3858 0.0297 0.9221
vn 0.3789 0.0690 0.9229
vn 0.3827 0.1014 0.9183
vn 0.1942 0.0354 0.9803
vn 0.1973 0.0525 0.9789
vn 0.0019 0.0005 1.0000
vn 0.0029 0.0016 1.0000
vn -0.1905 -0.0343 0.9811
vn -0.1918 -0.0491 0.9802
vn -0.3757 -0.0676 0.9243
vn -0.3780 -0.0973 0.9207
vn -0.5463 -0.0982 0.8318
vn -0.5476 -0.1410 0.8248
vn -0.6958 -0.1250 0.7073
vn -0.6940 -0.1786 0.6975
vn -0.8184 -0.1468 0.5556
vn -0.8121 -0.2087 0.5450
vn -0.9094 -0.1629 0.3827
vn -0.8984 -0.2307 0.3736
vn -0.9655 -0.1728 0.1951
vn -0.9510 -0.2441 0.1899
vn -0.9844 -0.1761 -0.0000
vn -0.9686 -0.2486 -0.0000
vn -0.9655 -0.1728 -0.1951
vn -0.9510 -0.2441 -0.1899
vn -0.9094 -0.1629 -0.3827
vn -0.8984 -0.2307 -0.3736
vn -0.8184 -0.1468 -0.5556
vn -0.8121 -0.2087 -0.5450
vn -0.6958 -0.1250 -0.7073
vn -0.6940 -0.1786 -0.6975
vn -0.5463 -0.0982 -0.8318
vn -0.5476 -0.1410 -0.8248
vn -0.3757 -0.0676 -0.9243
vn -0.3780 -0.0973 -0.9207
vn -0.1905 -0.0343 -0.9811
vn -0.1918 -0.0491 -0.9802
vn 0.0019 0.0005 -1.0000
vn 0.0029 0.0016 -1.0000
vn 0.1942 0.0354 -0.9803
vn 0.1973 0.0525 -0.9789
vn 0.3789 0.0690 -0.9229
vn 0.3827 0.1014 -0.9183
vn 0.5488 0.1001 -0.8300
vn 0.5510 0.1460 -0.8216
vn 0.6974 0.1274 -0.7053
vn 0.6958 0.1847 -0.6941
vn 0.8191 0.1498 -0.5538
vn 0.8123 0.2160 -0.5418
vn 0.9094 0.1665 -0.3812
vn 0.8973 0.2390 -0.3712
vn 0.9649 0.1766 -0.1943
vn 0.9489 0.2530 -0.1885
vn 0.9837 0.1800 -0.0000
vn 0.9662 0.2578 -0.0000
vn 0.9649 0.1766 0.1943
vn 0.9489 0.2530 0.1885
vn 0.9094 0.1665 0.3812
vn 0.8973 0.2390 0.3712
vn 0.8191 0.1498 0.5538
vn 0.8123 0.2160 0.5418
vn 0.6974 0.1274 0.7053
vn 0.6958 0.1847 0.6941
vn 0.6807 0.2773 0.6780
vn 0.5510 0.1460 0.8216
vn 0.5437 0.2244 0.8087
vn 0.4289 0.3837 0.8178
vn 0.3813 0.1603 0.9104
vn 0.2981 0.2739 0.9144
vn 0.1994 0.0864 0.9761
vn 0.1562 0.1492 0.9764
vn 0.0062 0.0053 1.0000
vn 0.0094 0.0135 0.9999
vn -0.1876 -0.0789 0.9791
vn -0.1357 -0.1278 0.9825
vn -0.3709 -0.1614 0.9145
vn -0.2723 -0.2680 0.9241
vn -0.5337 -0.2375 0.8116
vn -0.3938 -0.3998 0.8277
vn -0.6692 -0.3032 0.6784
vn -0.4955 -0.5163 0.6985
vn -0.7741 -0.3558 0.5237
vn -0.5743 -0.6118 0.5440
vn -0.8477 -0.3940 0.3553
vn -0.6294 -0.6824 0.3717
vn -0.8909 -0.4172 0.1794
vn -0.6616 -0.7257 0.1887
vn -0.9051 -0.4251 -0.0000
vn -0.6721 -0.7405 -0.0000
vn -0.8909 -0.4172 -0.1794
vn -0.6616 -0.7257 -0.1887
vn -0.8477 -0.3940 -0.3553
vn -0.6294 -0.6824 -0.3717
vn -0.7741 -0.3558 -0.5237
vn -0.5743 -0.6118 -0.5440
vn -0.6692 -0.3032 -0.6784
vn -0.4955 -0.5163 -0.6985
vn -0.5337 -0.2375 -0.8116
vn -0.3938 -0.3998 -0.8277
vn -0.3709 -0.1614 -0.9145
vn -0.2723 -0.2680 -0.9241
vn -0.1876 -0.0789 -0.9791
vn -0.1357 -0.1278 -0.9825
vn 0.0062 0.0053 -1.0000
vn 0.0094 0.0135 -0.9999
vn 0.1994 0.0864 -0.9761
vn 0.1563 0.1492 -0.9764
vn 0.3813 0.1603 -0.9104
vn 0.2981 0.2739 -0.9144
vn 0.5437 0.2244 -0.8087
vn 0.4289 0.3838 -0.8178
vn 0.6807 0.2773 -0.6780
vn 0.5434 0.4761 -0.6914
vn 0.7889 0.3183 -0.5257
vn 0.6373 0.5492 -0.5406
vn 0.8666 0.3475 -0.3582
vn 0.7070 0.6021 -0.3709
vn 0.9132 0.3649 -0.1813
vn 0.7499 0.6341 -0.1886
vn 0.9287 0.3708 -0.0000
vn 0.7644 0.6448 -0.0000
vn 0.9132 0.3649 0.1813
vn 0.7499 0.6341 0.1886
vn 0.8666 0.3475 0.3582
vn 0.7070 0.6021 0.3709
vn 0.7889 0.3183 0.5257
vn 0.6373 0.5492 0.5406
vn 0.3776 0.7445 0.5505
vn 0.5434 0.4761 0.6914
vn 0.3207 0.6360 0.7019
vn -0.5272 0.6647 0.5293
vn 0.2517 0.5030 0.8268
vn -0.5580 0.5529 0.6188
vn 0.1735 0.3500 0.9205
vn -0.5926 0.4268 0.6831
vn 0.0896 0.1826 0.9791
vn -0.6298 0.2919 0.7198
vn 0.0038 0.0070 1.0000
vn -0.6680 0.1537 0.7281
vn -0.0800 -0.1705 0.9821
vn -0.7057 0.0177 0.7083
vn -0.1582 -0.3428 0.9260
vn -0.7413 -0.1110 0.6619
vn -0.2275 -0.5032 0.8337
vn -0.7737 -0.2276 0.5912
vn -0.2856 -0.6449 0.7089
vn -0.8017 -0.3283 0.4994
vn -0.3311 -0.7618 0.5568
vn -0.8245 -0.4099 0.3902
vn -0.3637 -0.8490 0.3834
vn -0.8412 -0.4699 0.2676
vn -0.3835 -0.9026 0.1956
vn -0.8514 -0.5066 0.1361
vn -0.3903 -0.9207 -0.0000
vn -0.8548 -0.5189 -0.0000
vn -0.3835 -0.9026 -0.1956
vn -0.8514 -0.5066 -0.1361
vn -0.3637 -0.8490 -0.3834
vn -0.8412 -0.4699 -0.2676
vn -0.3311 -0.7618 -0.5568
vn -0.8245 -0.4099 -0.3902
vn -0.2856 -0.6449 -0.7089
vn -0.8017 -0.3283 -0.4994
vn -0.2275 -0.5032 -0.8337
vn -0.7737 -0.2276 -0.5912
vn -0.1582 -0.3428 -0.9260
vn -0.7413 -0.1109 -0.6619
vn -0.0800 -0.1705 -0.9821
vn -0.7057 0.0177 -0.7083
vn 0.0038 0.0070 -1.0000
vn -0.6680 0.1537 -0.7281
vn 0.0896 0.1826 -0.9791
vn -0.6298 0.2919 -0.7198
vn 0.1735 0.3500 -0.9205
vn -0.5926 0.4269 -0.6831
vn 0.2517 0.5030 -0.8268
vn -0.5580 0.5529 -0.6188
vn 0.3207 0.6360 -0.7019
vn -0.5272 0.6647 -0.5293
vn 0.3776 0.7445 -0.5505
vn -0.5018 0.7574 -0.4178
vn 0.4199 0.8248 -0.3787
vn -0.4828 0.8268 -0.2887
vn 0.4461 0.8739 -0.1929
vn -0.4711 0.8697 -0.1475
vn 0.4550 0.8905 -0.0000
vn -0.4670 0.8842 -0.0000
vn 0.4461 0.8739 0.1929
vn -0.4711 0.8697 0.1475
vn 0.4199 0.8248 0.3787
vn -0.4828 0.8268 0.2887
vn -0.5018 0.7574 0.4178
vt 0.604363 0.655929
vt 0.624661 0.663047
vt 0.605448 0.666711
vt 0.584708 0.656285
vt 0.586144 0.670312
vt 0.605104 0.645145
vt 0.623880 0.655561
vt 0.585679 0.642216
vt 0.607589 0.634616
vt 0.624381 0.648056
vt 0.588920 0.628494
vt 0.611813 0.624620
vt 0.626150 0.640735
vt 0.594366 0.615473
vt 0.617672 0.615424
vt 0.629143 0.633802
vt 0.601891 0.603480
vt 0.638490 0.621857
vt 0.625000 0.607283
vt 0.611315 0.592823
vt 0.633637 0.600416
vt 0.622417 0.583783
vt 0.643417 0.595015
vt 0.644603 0.617192
vt 0.634939 0.576602
vt 0.654049 0.591239
vt 0.651499 0.613598
vt 0.648572 0.571502
vt 0.665343 0.589279
vt 0.658992 0.611197
vt 0.663105 0.568496
vt 0.675034 0.610354
vt 0.676990 0.589131
vt 0.678126 0.567881
vt 0.683175 0.612041
vt 0.688759 0.590920
vt 0.693367 0.569626
vt 0.700465 0.594744
vt 0.708565 0.573789
vt 0.711698 0.600547
vt 0.691107 0.615198
vt 0.723431 0.580400
vt 0.705378 0.625903
vt 0.722332 0.608508
vt 0.737744 0.589525
vt 0.711195 0.633412
vt 0.731910 0.618497
vt 0.751223 0.601243
vt 0.740256 0.630883
vt 0.763552 0.615727
vt 0.711494 0.674231
vt 0.740311 0.675448
vt 0.732674 0.688015
vt 0.764455 0.689386
vt 0.752463 0.704424
vt 0.706100 0.681911
vt 0.723587 0.698407
vt 0.739528 0.716576
vt 0.713448 0.706710
vt 0.725778 0.726175
vt 0.692450 0.693120
vt 0.702559 0.712996
vt 0.711474 0.733410
vt 0.691225 0.717264
vt 0.696627 0.738222
vt 0.676729 0.698601
vt 0.679579 0.719607
vt 0.681590 0.740671
vt 0.667999 0.720007
vt 0.666636 0.740760
vt 0.660707 0.698458
vt 0.656652 0.718542
vt 0.652052 0.738520
vt 0.645877 0.715279
vt 0.638186 0.734005
vt 0.646105 0.693084
vt 0.635871 0.710288
vt 0.625284 0.727460
vt 0.639802 0.688677
vt 0.626930 0.703808
vt 0.613736 0.718821
vt 0.634385 0.683302
vt 0.619250 0.695968
vt 0.603850 0.708486
vt 0.629983 0.677119
vt 0.613006 0.687000
vt 0.595878 0.696724
vt 0.608374 0.677163
vt 0.589885 0.683919
vt 0.570535 0.690856
vt 0.566075 0.673905
vt 0.577920 0.706859
vt 0.564486 0.656597
vt 0.542437 0.656897
vt 0.544564 0.677824
vt 0.550026 0.698159
vt 0.565568 0.639288
vt 0.544011 0.635962
vt 0.569507 0.622342
vt 0.548807 0.615590
vt 0.576160 0.606226
vt 0.556786 0.596214
vt 0.585360 0.591353
vt 0.567793 0.578316
vt 0.596887 0.578102
vt 0.581572 0.562355
vt 0.610465 0.566810
vt 0.597785 0.548740
vt 0.625779 0.557751
vt 0.616032 0.537808
vt 0.642504 0.551124
vt 0.635865 0.529826
vt 0.660197 0.547357
vt 0.656879 0.524872
vt 0.678480 0.546107
vt 0.678585 0.523167
vt 0.697072 0.547666
vt 0.700558 0.524637
vt 0.715645 0.552021
vt 0.722447 0.529233
vt 0.733927 0.559150
vt 0.743975 0.536856
vt 0.751730 0.569058
vt 0.764980 0.547394
vt 0.768953 0.581827
vt 0.785443 0.560767
vt 0.785664 0.597782
vt 0.805492 0.576937
vt 0.770662 0.722883
vt 0.786388 0.706994
vt 0.806615 0.726673
vt 0.787333 0.743099
vt 0.754270 0.736003
vt 0.767908 0.756829
vt 0.737249 0.746486
vt 0.747909 0.767997
vt 0.719576 0.754411
vt 0.727222 0.776478
vt 0.701545 0.759681
vt 0.706049 0.782356
vt 0.683240 0.762237
vt 0.684389 0.784979
vt 0.664986 0.762039
vt 0.662773 0.784436
vt 0.647121 0.759106
vt 0.641490 0.780972
vt 0.630051 0.753413
vt 0.621077 0.773941
vt 0.614202 0.745069
vt 0.602086 0.763792
vt 0.600005 0.734350
vt 0.585033 0.750770
vt 0.587812 0.721496
vt 0.570440 0.735169
vt 0.558793 0.717383
vt 0.537263 0.729219
vt 0.527028 0.706077
vt 0.551102 0.750553
vt 0.520873 0.681816
vt 0.493960 0.686050
vt 0.500594 0.714839
vt 0.512237 0.742788
vt 0.518652 0.657140
vt 0.492050 0.657275
vt 0.493802 0.628707
vt 0.520434 0.632541
vt 0.525992 0.608474
vt 0.500072 0.600449
vt 0.535321 0.585512
vt 0.510877 0.573377
vt 0.548247 0.564264
vt 0.525982 0.548301
vt 0.564458 0.545303
vt 0.544979 0.525932
vt 0.583533 0.529118
vt 0.567335 0.506862
vt 0.604978 0.516102
vt 0.592432 0.491546
vt 0.628254 0.506538
vt 0.619605 0.480298
vt 0.652821 0.500589
vt 0.648185 0.473296
vt 0.678120 0.498339
vt 0.677484 0.470595
vt 0.703625 0.499735
vt 0.706849 0.472082
vt 0.728904 0.504628
vt 0.735737 0.477501
vt 0.753633 0.512799
vt 0.763739 0.486490
vt 0.777633 0.523979
vt 0.790606 0.498595
vt 0.800931 0.537883
vt 0.816291 0.513271
vt 0.823950 0.554247
vt 0.841010 0.529836
vt 0.803093 0.764470
vt 0.824533 0.748355
vt 0.818533 0.786937
vt 0.841010 0.770675
vt 0.781322 0.778723
vt 0.795047 0.802104
vt 0.758730 0.790747
vt 0.770126 0.815351
vt 0.735152 0.800166
vt 0.743661 0.825961
vt 0.710681 0.806465
vt 0.715866 0.833275
vt 0.685684 0.809533
vt 0.687168 0.836918
vt 0.660421 0.809039
vt 0.657930 0.836501
vt 0.635487 0.804629
vt 0.628825 0.831688
vt 0.611422 0.796517
vt 0.600488 0.822496
vt 0.588960 0.784462
vt 0.573400 0.808709
vt 0.568594 0.769088
vt 0.549504 0.789818
vt 0.529355 0.767685
vt 0.361373 0.635438
vt 0.443580 0.679378
vt 0.470638 0.768578
vt 0.644539 0.659197
vt 0.626718 0.670303
vt 0.645651 0.663066
vt 0.666513 0.654790
vt 0.644102 0.655199
vt 0.644371 0.651186
vt 0.645339 0.647275
vt 0.646981 0.643583
vt 0.633288 0.627451
vt 0.649254 0.640220
vt 0.652097 0.637290
vt 0.655449 0.634904
vt 0.659187 0.633112
vt 0.663237 0.632016
vt 0.666908 0.610092
vt 0.667458 0.631634
vt 0.671748 0.632037
vt 0.675964 0.633225
vt 0.679959 0.635182
vt 0.698641 0.619852
vt 0.683594 0.637907
vt 0.686730 0.641351
vt 0.689217 0.645428
vt 0.715617 0.642215
vt 0.690907 0.650033
vt 0.689354 0.663257
vt 0.715512 0.665286
vt 0.690822 0.658652
vt 0.687065 0.667386
vt 0.684095 0.670913
vt 0.699658 0.688222
vt 0.680592 0.673756
vt 0.684732 0.696575
vt 0.676696 0.675876
vt 0.672561 0.677212
vt 0.668319 0.677771
vt 0.668632 0.699220
vt 0.664105 0.677561
vt 0.653138 0.696382
vt 0.660030 0.676632
vt 0.656237 0.674996
vt 0.652805 0.672748
vt 0.649842 0.669950
vt 0.647448 0.666682
vt 0.845218 0.458361
vt 0.781834 0.439133
vt 0.769838 0.317335
vt 0.399055 0.286162
vt 0.478823 0.269197
vt 0.478823 0.286162
vt 0.399055 0.303127
vt 0.478823 0.303127
vt 0.399055 0.320093
vt 0.478823 0.320093
vt 0.041372 0.865036
vt 0.053368 0.743237
vt 0.175167 0.755233
vt 0.399055 0.337058
vt 0.478823 0.337058
vt 0.399055 0.354023
vt 0.478823 0.354023
vt 0.399055 0.370988
vt 0.478823 0.370988
vt 0.399055 0.387953
vt 0.478823 0.387953
vt 0.399055 0.404918
vt 0.478823 0.404918
vt 0.399055 0.421883
vt 0.478823 0.421883
vt 0.399055 0.438848
vt 0.478823 0.438848
vt 0.399055 0.455813
vt 0.478823 0.455813
vt 0.399055 0.472779
vt 0.478823 0.472779
vt 0.399055 0.489744
vt 0.478823 0.489744
vt 0.399055 0.506709
vt 0.478823 0.506709
vt 0.399055 0.523674
vt 0.478823 0.523674
vt 0.399055 0.540639
vt 0.478823 0.540639
vt 0.399055 0.557604
vt 0.478823 0.557604
vt 0.399055 0.031686
vt 0.478823 0.014721
vt 0.478823 0.031686
vt 0.399055 0.048651
vt 0.478823 0.048651
vt 0.399055 0.065616
vt 0.478823 0.065616
vt 0.399055 0.082581
vt 0.478823 0.082581
vt 0.399055 0.099546
vt 0.478823 0.099546
vt 0.399055 0.116511
vt 0.478823 0.116511
vt 0.399055 0.133476
vt 0.478823 0.133476
vt 0.399055 0.150442
vt 0.478823 0.150442
vt 0.399055 0.167407
vt 0.478823 0.167407
vt 0.399055 0.184372
vt 0.478823 0.184372
vt 0.399055 0.201337
vt 0.478823 0.201337
vt 0.399055 0.218302
vt 0.478823 0.218302
vt 0.399055 0.235267
vt 0.478823 0.235267
vt 0.399055 0.252232
vt 0.478823 0.252232
vt 0.399055 0.269197
vt 0.809189 0.881960
vt 0.800870 0.886475
vt 0.800144 0.881960
vt 0.819412 0.881960
vt 0.809776 0.885541
vt 0.809776 0.878378
vt 0.800870 0.877445
vt 0.811529 0.874889
vt 0.819829 0.879448
vt 0.803033 0.873017
vt 0.814407 0.871592
vt 0.821075 0.877013
vt 0.806610 0.868782
vt 0.818338 0.868593
vt 0.823114 0.874730
vt 0.811535 0.864881
vt 0.823206 0.866005
vt 0.825882 0.872677
vt 0.817683 0.861473
vt 0.828852 0.863931
vt 0.829290 0.870926
vt 0.824857 0.858718
vt 0.835075 0.862457
vt 0.833221 0.869540
vt 0.832797 0.856747
vt 0.841646 0.861642
vt 0.837536 0.868568
vt 0.841194 0.855652
vt 0.846690 0.867986
vt 0.848314 0.861497
vt 0.849710 0.855422
vt 0.851199 0.868408
vt 0.854836 0.862041
vt 0.858023 0.856085
vt 0.855438 0.869304
vt 0.860971 0.863250
vt 0.865821 0.857581
vt 0.859248 0.870654
vt 0.866502 0.865087
vt 0.872841 0.859832
vt 0.862488 0.872424
vt 0.871243 0.867508
vt 0.878875 0.862767
vt 0.865033 0.874570
vt 0.875036 0.870468
vt 0.883767 0.866334
vt 0.866779 0.877037
vt 0.877743 0.873926
vt 0.887396 0.870526
vt 0.867638 0.879758
vt 0.879233 0.877835
vt 0.889627 0.875372
vt 0.877743 0.889991
vt 0.867638 0.884160
vt 0.879233 0.886082
vt 0.887396 0.893392
vt 0.889626 0.888545
vt 0.875036 0.893449
vt 0.866779 0.886881
vt 0.883767 0.897583
vt 0.871243 0.896410
vt 0.865033 0.889348
vt 0.878875 0.901151
vt 0.866502 0.898830
vt 0.862488 0.891494
vt 0.872842 0.904085
vt 0.860972 0.900668
vt 0.859249 0.893264
vt 0.865822 0.906337
vt 0.854837 0.901877
vt 0.855438 0.894614
vt 0.858023 0.907833
vt 0.848315 0.902422
vt 0.851199 0.895510
vt 0.849711 0.908496
vt 0.841647 0.902277
vt 0.846691 0.895932
vt 0.841195 0.908267
vt 0.837536 0.895351
vt 0.835076 0.901462
vt 0.832797 0.907171
vt 0.833221 0.894379
vt 0.828853 0.899988
vt 0.824858 0.905201
vt 0.829290 0.892993
vt 0.823207 0.897914
vt 0.817684 0.902446
vt 0.825882 0.891242
vt 0.818339 0.895326
vt 0.811536 0.899038
vt 0.823114 0.889189
vt 0.814407 0.892328
vt 0.806610 0.895137
vt 0.821076 0.886906
vt 0.811529 0.889030
vt 0.803033 0.890903
vt 0.819829 0.884471
vt 0.799827 0.897637
vt 0.795704 0.892532
vt 0.793236 0.887274
vt 0.792403 0.881960
vt 0.789560 0.893989
vt 0.786888 0.887968
vt 0.785979 0.881960
vt 0.793236 0.876646
vt 0.786888 0.875952
vt 0.795704 0.871387
vt 0.789560 0.869931
vt 0.799827 0.866282
vt 0.794094 0.863991
vt 0.805573 0.861512
vt 0.800507 0.858380
vt 0.812813 0.857305
vt 0.808665 0.853413
vt 0.821314 0.853889
vt 0.818287 0.849381
vt 0.830754 0.851443
vt 0.828987 0.846502
vt 0.840749 0.850089
vt 0.840321 0.844917
vt 0.850870 0.849798
vt 0.851780 0.844597
vt 0.860720 0.850595
vt 0.862893 0.845543
vt 0.869923 0.852377
vt 0.873237 0.847616
vt 0.878170 0.855019
vt 0.882464 0.850646
vt 0.885239 0.858393
vt 0.890326 0.854446
vt 0.891001 0.862409
vt 0.896716 0.858854
vt 0.895409 0.867072
vt 0.901687 0.863819
vt 0.898415 0.872531
vt 0.905387 0.869567
vt 0.895409 0.896846
vt 0.898415 0.891386
vt 0.901687 0.900098
vt 0.905386 0.894350
vt 0.891001 0.901508
vt 0.896717 0.905063
vt 0.885239 0.905525
vt 0.890326 0.909471
vt 0.878171 0.908899
vt 0.882464 0.913271
vt 0.869923 0.911541
vt 0.873238 0.916302
vt 0.860721 0.913323
vt 0.862893 0.918375
vt 0.850871 0.914120
vt 0.851780 0.919321
vt 0.840749 0.913830
vt 0.840322 0.919002
vt 0.830754 0.912476
vt 0.828988 0.917417
vt 0.821315 0.910030
vt 0.818288 0.914538
vt 0.812814 0.906614
vt 0.808666 0.910507
vt 0.805573 0.902408
vt 0.800508 0.905540
vt 0.794095 0.899929
vt 0.796331 0.908657
vt 0.789337 0.902242
vt 0.784454 0.895459
vt 0.781637 0.888650
vt 0.785322 0.905016
vt 0.779976 0.897346
vt 0.776935 0.889566
vt 0.780687 0.881960
vt 0.776022 0.881960
vt 0.776935 0.874355
vt 0.781637 0.875270
vt 0.784453 0.868461
vt 0.779975 0.866574
vt 0.789336 0.861678
vt 0.785321 0.858904
vt 0.796330 0.855263
vt 0.792944 0.851762
vt 0.805267 0.849607
vt 0.802599 0.845562
vt 0.815810 0.845045
vt 0.813892 0.840620
vt 0.827518 0.841804
vt 0.826352 0.837131
vt 0.839910 0.840021
vt 0.839503 0.835185
vt 0.852417 0.839708
vt 0.852757 0.834919
vt 0.864511 0.840802
vt 0.865546 0.836121
vt 0.875748 0.843145
vt 0.877453 0.838658
vt 0.885750 0.846548
vt 0.888094 0.842353
vt 0.894241 0.850782
vt 0.897172 0.846978
vt 0.901105 0.855612
vt 0.904535 0.852275
vt 0.906452 0.860880
vt 0.910241 0.858001
vt 0.910644 0.866722
vt 0.914675 0.864017
vt 0.906452 0.903036
vt 0.910644 0.897194
vt 0.910241 0.905915
vt 0.914675 0.899899
vt 0.901105 0.908305
vt 0.904536 0.911641
vt 0.894241 0.913135
vt 0.897173 0.916939
vt 0.885751 0.917370
vt 0.888094 0.921564
vt 0.875749 0.920773
vt 0.877454 0.925259
vt 0.864512 0.923116
vt 0.865547 0.927797
vt 0.852419 0.924210
vt 0.852759 0.928999
vt 0.839911 0.923897
vt 0.839504 0.928733
vt 0.827519 0.922115
vt 0.826354 0.926788
vt 0.815811 0.918874
vt 0.813893 0.923299
vt 0.805268 0.914312
vt 0.802600 0.918357
vt 0.792945 0.912157
vt 0.568389 0.845962
vt 0.575839 0.851812
vt 0.565540 0.896471
vt 0.831525 0.884553
vt 0.830866 0.883278
vt 0.830645 0.881959
vt 0.842759 0.881959
vt 0.830866 0.880641
vt 0.831525 0.879366
vt 0.832599 0.878179
vt 0.834051 0.877121
vt 0.835831 0.876229
vt 0.837876 0.875533
vt 0.840112 0.875057
vt 0.842081 0.868043
vt 0.842460 0.874814
vt 0.844836 0.874820
vt 0.847152 0.875077
vt 0.849318 0.875583
vt 0.851252 0.876326
vt 0.852879 0.877282
vt 0.854134 0.878422
vt 0.854965 0.879708
vt 0.855332 0.881096
vt 0.855332 0.882823
vt 0.854965 0.884211
vt 0.854134 0.885497
vt 0.852879 0.886636
vt 0.851252 0.887593
vt 0.849318 0.888335
vt 0.847152 0.888841
vt 0.844837 0.889099
vt 0.842081 0.895875
vt 0.842460 0.889105
vt 0.840113 0.888862
vt 0.837876 0.888385
vt 0.835831 0.887689
vt 0.834051 0.886797
vt 0.832599 0.885740
vt 0.295792 0.015046
vt 0.302845 0.023640
vt 0.294251 0.030694
vt 0.523217 0.373671
vt 0.510170 0.375728
vt 0.510148 0.373924
vt 0.510130 0.372124
vt 0.523176 0.371898
vt 0.536068 0.373282
vt 0.536134 0.375024
vt 0.523263 0.375447
vt 0.523314 0.377226
vt 0.510194 0.377536
vt 0.510222 0.379349
vt 0.536281 0.378518
vt 0.523368 0.379007
vt 0.523427 0.380791
vt 0.510253 0.381167
vt 0.536362 0.380269
vt 0.510288 0.382990
vt 0.523490 0.382578
vt 0.523558 0.384367
vt 0.510327 0.384817
vt 0.536535 0.383781
vt 0.510371 0.386651
vt 0.523631 0.386159
vt 0.523708 0.387954
vt 0.510420 0.388490
vt 0.536723 0.387304
vt 0.510507 0.390325
vt 0.523791 0.389750
vt 0.523878 0.391549
vt 0.510598 0.392157
vt 0.536927 0.390838
vt 0.510691 0.393986
vt 0.523970 0.393349
vt 0.524066 0.395152
vt 0.510787 0.395814
vt 0.537147 0.394381
vt 0.510884 0.397640
vt 0.524166 0.396956
vt 0.524269 0.398763
vt 0.510983 0.399464
vt 0.537262 0.396156
vt 0.511082 0.401288
vt 0.537507 0.399713
vt 0.524375 0.400572
vt 0.524485 0.402384
vt 0.511182 0.403112
vt 0.522977 0.345464
vt 0.510068 0.347212
vt 0.510071 0.345443
vt 0.535783 0.345557
vt 0.522970 0.347225
vt 0.522965 0.348986
vt 0.510066 0.348982
vt 0.535760 0.347297
vt 0.510063 0.350752
vt 0.535742 0.349035
vt 0.522962 0.350746
vt 0.510062 0.352523
vt 0.535728 0.350769
vt 0.522962 0.352505
vt 0.522965 0.354264
vt 0.510061 0.354294
vt 0.535716 0.354233
vt 0.522971 0.356022
vt 0.510061 0.356067
vt 0.535718 0.355962
vt 0.510062 0.357842
vt 0.522980 0.357782
vt 0.522991 0.359541
vt 0.510064 0.359618
vt 0.535739 0.359419
vt 0.510068 0.361397
vt 0.523007 0.361302
vt 0.523026 0.363064
vt 0.510073 0.363177
vt 0.535786 0.362876
vt 0.510081 0.364961
vt 0.523048 0.364827
vt 0.510090 0.366747
vt 0.535818 0.364606
vt 0.523074 0.366592
vt 0.523104 0.368358
vt 0.510101 0.368536
vt 0.535901 0.368070
vt 0.523138 0.370127
vt 0.510114 0.370328
vt 0.535951 0.369805
vt 0.536007 0.371542
vt 0.548550 0.371048
vt 0.548387 0.367673
vt 0.548644 0.372744
vt 0.560865 0.371857
vt 0.548464 0.369358
vt 0.560674 0.370228
vt 0.548744 0.374446
vt 0.561067 0.373506
vt 0.548850 0.376154
vt 0.536205 0.376769
vt 0.561483 0.376866
vt 0.548960 0.377868
vt 0.549073 0.379588
vt 0.561889 0.380306
vt 0.549188 0.381312
vt 0.536446 0.382024
vt 0.562064 0.382052
vt 0.549304 0.383043
vt 0.562232 0.383809
vt 0.549421 0.384777
vt 0.536627 0.385541
vt 0.549537 0.386516
vt 0.562506 0.387341
vt 0.549654 0.388257
vt 0.536823 0.389070
vt 0.549771 0.390000
vt 0.562614 0.389109
vt 0.549888 0.391744
vt 0.537035 0.392608
vt 0.562705 0.390874
vt 0.550006 0.393487
vt 0.562843 0.394370
vt 0.550127 0.395230
vt 0.550250 0.396972
vt 0.537382 0.397933
vt 0.562957 0.397807
vt 0.550378 0.398714
vt 0.563019 0.399499
vt 0.550511 0.400455
vt 0.537637 0.401496
vt 0.560666 0.346482
vt 0.548327 0.347522
vt 0.548388 0.345820
vt 0.560502 0.348123
vt 0.548275 0.349218
vt 0.560220 0.351348
vt 0.548230 0.350908
vt 0.548195 0.352592
vt 0.535719 0.352502
vt 0.560024 0.354514
vt 0.548169 0.354272
vt 0.548156 0.355949
vt 0.559923 0.357639
vt 0.548153 0.357623
vt 0.535726 0.357691
vt 0.548162 0.359295
vt 0.559949 0.360747
vt 0.548184 0.360968
vt 0.535759 0.361148
vt 0.548218 0.362641
vt 0.560095 0.363868
vt 0.548263 0.364315
vt 0.548320 0.365992
vt 0.535856 0.366337
vt 0.560339 0.367021
vt 0.572104 0.366812
vt 0.560499 0.368616
vt 0.572017 0.365258
vt 0.560208 0.365439
vt 0.572206 0.368376
vt 0.585352 0.367992
vt 0.572321 0.369952
vt 0.584970 0.366511
vt 0.585773 0.369473
vt 0.572447 0.371541
vt 0.586220 0.370957
vt 0.572582 0.373143
vt 0.586681 0.372448
vt 0.572723 0.374759
vt 0.561275 0.375175
vt 0.587140 0.373951
vt 0.572870 0.376387
vt 0.587583 0.375470
vt 0.573019 0.378026
vt 0.561686 0.378577
vt 0.587995 0.377009
vt 0.573166 0.379676
vt 0.588364 0.378570
vt 0.573311 0.381335
vt 0.588677 0.380151
vt 0.573452 0.383002
vt 0.588926 0.381750
vt 0.573588 0.384673
vt 0.562368 0.385574
vt 0.589199 0.384983
vt 0.573728 0.386345
vt 0.589218 0.386601
vt 0.573862 0.388015
vt 0.589163 0.388211
vt 0.573993 0.389681
vt 0.589046 0.389807
vt 0.574121 0.391338
vt 0.562775 0.392629
vt 0.588881 0.391387
vt 0.574248 0.392987
vt 0.588685 0.392951
vt 0.574377 0.394625
vt 0.562898 0.396097
vt 0.588477 0.394498
vt 0.574511 0.396251
vt 0.588273 0.396033
vt 0.574652 0.397866
vt 0.572310 0.346661
vt 0.585584 0.348637
vt 0.572199 0.348254
vt 0.585192 0.350105
vt 0.572100 0.349834
vt 0.560354 0.349744
vt 0.584843 0.351577
vt 0.572015 0.351402
vt 0.584547 0.353056
vt 0.571945 0.352958
vt 0.560113 0.352937
vt 0.584309 0.354543
vt 0.571888 0.354505
vt 0.584136 0.356037
vt 0.571847 0.356044
vt 0.559964 0.356080
vt 0.584032 0.357537
vt 0.571824 0.357578
vt 0.583997 0.359039
vt 0.571819 0.359110
vt 0.559921 0.359193
vt 0.571843 0.360641
vt 0.584050 0.360540
vt 0.571885 0.362175
vt 0.560013 0.362304
vt 0.584174 0.362040
vt 0.571943 0.363713
vt 0.584372 0.363535
vt 0.584641 0.365026
vt 0.607008 0.364320
vt 0.606618 0.362952
vt 0.607487 0.365672
vt 0.625680 0.364382
vt 0.608041 0.367009
vt 0.625414 0.363141
vt 0.625988 0.365640
vt 0.608656 0.368336
vt 0.626333 0.366920
vt 0.609313 0.369661
vt 0.626710 0.368230
vt 0.609993 0.370994
vt 0.627110 0.369577
vt 0.610672 0.372348
vt 0.627521 0.370970
vt 0.611330 0.373735
vt 0.627930 0.372415
vt 0.611941 0.375166
vt 0.628320 0.373917
vt 0.612481 0.376646
vt 0.628670 0.375477
vt 0.612929 0.378174
vt 0.628959 0.377089
vt 0.613264 0.379741
vt 0.629170 0.378740
vt 0.613463 0.381335
vt 0.589094 0.383363
vt 0.629331 0.382077
vt 0.613531 0.382934
vt 0.629282 0.383716
vt 0.613428 0.384522
vt 0.629145 0.385312
vt 0.613182 0.386084
vt 0.628941 0.386852
vt 0.612818 0.387609
vt 0.628693 0.388329
vt 0.612371 0.389095
vt 0.628430 0.389743
vt 0.611882 0.390541
vt 0.628178 0.391095
vt 0.611388 0.391953
vt 0.627961 0.392393
vt 0.610923 0.393338
vt 0.608569 0.347896
vt 0.625676 0.349486
vt 0.607997 0.349222
vt 0.586009 0.347170
vt 0.625426 0.350795
vt 0.607488 0.350552
vt 0.625229 0.352074
vt 0.607051 0.351891
vt 0.625082 0.353333
vt 0.606689 0.353245
vt 0.624978 0.354578
vt 0.606406 0.354614
vt 0.624909 0.355812
vt 0.606206 0.355997
vt 0.624871 0.357038
vt 0.606092 0.357389
vt 0.624844 0.358257
vt 0.606062 0.358784
vt 0.606142 0.360180
vt 0.624916 0.359473
vt 0.606327 0.361571
vt 0.625029 0.360691
vt 0.625196 0.361912
vt 0.638928 0.362015
vt 0.638959 0.360731
vt 0.638884 0.363306
vt 0.681201 0.362359
vt 0.681081 0.363754
vt 0.638827 0.364608
vt 0.680941 0.365145
vt 0.638757 0.365923
vt 0.680783 0.366532
vt 0.638676 0.367254
vt 0.680615 0.367914
vt 0.638589 0.368606
vt 0.680441 0.369293
vt 0.638501 0.369979
vt 0.680267 0.370669
vt 0.638416 0.371377
vt 0.680099 0.372042
vt 0.638340 0.372799
vt 0.679942 0.373415
vt 0.638278 0.374243
vt 0.679803 0.374787
vt 0.638231 0.375705
vt 0.679686 0.376159
vt 0.638201 0.377180
vt 0.679594 0.377531
vt 0.638187 0.378662
vt 0.679531 0.378904
vt 0.638181 0.380147
vt 0.629265 0.380410
vt 0.679496 0.381648
vt 0.638212 0.381624
vt 0.679525 0.383018
vt 0.638246 0.383083
vt 0.679582 0.384386
vt 0.638285 0.384520
vt 0.679664 0.385753
vt 0.638330 0.385933
vt 0.679768 0.387119
vt 0.638381 0.387317
vt 0.679889 0.388485
vt 0.638441 0.388672
vt 0.680023 0.389853
vt 0.638508 0.389997
vt 0.680162 0.391222
vt 0.638581 0.391292
vt 0.638518 0.347589
vt 0.680724 0.348392
vt 0.638594 0.348978
vt 0.625977 0.348139
vt 0.680877 0.349780
vt 0.638680 0.350342
vt 0.681018 0.351170
vt 0.638769 0.351685
vt 0.681143 0.352563
vt 0.638852 0.353008
vt 0.681247 0.353957
vt 0.638922 0.354315
vt 0.681327 0.355354
vt 0.638970 0.355609
vt 0.681379 0.356752
vt 0.638991 0.356894
vt 0.681402 0.358151
vt 0.638976 0.358172
vt 0.638979 0.359450
vt 0.681364 0.359556
vt 0.681296 0.360959
vt 0.254458 0.069163
vt 0.263052 0.062110
vt 0.270106 0.070704
vt 0.328619 0.375426
vt 0.366013 0.410152
vt 0.325864 0.404609
vt 0.367933 0.343535
vt 0.328051 0.346091
vt 0.731228 0.031692
vt 0.804542 0.121026
vt 0.515558 0.208688
vt 0.364201 0.310365
vt 0.324587 0.316913
vt 0.357100 0.277608
vt 0.318197 0.288161
vt 0.346672 0.245632
vt 0.308904 0.260120
vt 0.333013 0.214783
vt 0.296780 0.233076
vt 0.316259 0.185381
vt 0.281931 0.207304
vt 0.296582 0.157724
vt 0.264496 0.183060
vt 0.274185 0.132077
vt 0.244637 0.160575
vt 0.249303 0.108670
vt 0.222541 0.140050
vt 0.222192 0.087687
vt 0.198404 0.121650
vt 0.193131 0.069258
vt 0.172432 0.105495
vt 0.162406 0.053443
vt 0.144822 0.091650
vt 0.130307 0.040220
vt 0.115749 0.080117
vt 0.097117 0.029455
vt 0.085342 0.070812
vt 0.063102 0.020871
vt 0.053635 0.063540
vt 0.028518 0.013971
vt 0.020459 0.057902
vt 0.055148 0.698868
vt 0.018167 0.664728
vt 0.048239 0.660402
vt 0.086006 0.692710
vt 0.077353 0.654856
vt 0.116637 0.684809
vt 0.105634 0.647656
vt 0.146815 0.674748
vt 0.133073 0.638503
vt 0.176269 0.662269
vt 0.159558 0.627214
vt 0.204698 0.647232
vt 0.184913 0.613695
vt 0.231788 0.629596
vt 0.208926 0.597923
vt 0.257226 0.609396
vt 0.231366 0.579938
vt 0.280711 0.586731
vt 0.251999 0.559829
vt 0.301955 0.561751
vt 0.270595 0.537731
vt 0.320691 0.534645
vt 0.286941 0.513818
vt 0.336664 0.505637
vt 0.300856 0.488284
vt 0.349618 0.475026
vt 0.312009 0.461351
vt 0.359450 0.443140
vt 0.320450 0.433380
vt 0.290435 0.399633
vt 0.285725 0.424810
vt 0.278469 0.449352
vt 0.292590 0.374102
vt 0.257795 0.395224
vt 0.259527 0.373037
vt 0.253663 0.417053
vt 0.292108 0.348414
vt 0.258967 0.350788
vt 0.228181 0.372122
vt 0.226744 0.391098
vt 0.227733 0.353083
vt 0.256314 0.328665
vt 0.225352 0.334142
vt 0.251314 0.306870
vt 0.289005 0.322863
vt 0.220994 0.315506
vt 0.244078 0.285632
vt 0.283310 0.297717
vt 0.214716 0.297378
vt 0.234664 0.265177
vt 0.275062 0.273214
vt 0.206566 0.279944
vt 0.223150 0.245714
vt 0.264325 0.249596
vt 0.196611 0.263387
vt 0.209630 0.227443
vt 0.251188 0.227104
vt 0.184927 0.247876
vt 0.194209 0.210548
vt 0.235764 0.205960
vt 0.171598 0.233582
vt 0.177009 0.195202
vt 0.218186 0.186370
vt 0.156732 0.220667
vt 0.158151 0.181562
vt 0.198598 0.168517
vt 0.140437 0.209286
vt 0.137751 0.169765
vt 0.177154 0.152559
vt 0.122819 0.199588
vt 0.115907 0.159936
vt 0.154003 0.138621
vt 0.103982 0.191721
vt 0.092670 0.152190
vt 0.129277 0.126794
vt 0.083916 0.185889
vt 0.068079 0.146635
vt 0.103074 0.117129
vt 0.062859 0.182192
vt 0.041974 0.143401
vt 0.075437 0.109637
vt 0.040616 0.180972
vt 0.014040 0.142671
vt 0.046308 0.104276
vt 0.017284 0.182539
vt 0.039579 0.586565
vt 0.014147 0.625353
vt 0.014040 0.586712
vt 0.017122 0.549692
vt 0.039026 0.551361
vt 0.063925 0.584198
vt 0.042835 0.622967
vt 0.060098 0.550640
vt 0.087117 0.579768
vt 0.069924 0.618848
vt 0.080101 0.547674
vt 0.109249 0.573351
vt 0.095818 0.612887
vt 0.099295 0.542766
vt 0.130308 0.565003
vt 0.120647 0.604988
vt 0.117521 0.535989
vt 0.150229 0.554773
vt 0.144396 0.595090
vt 0.134736 0.527456
vt 0.168908 0.542724
vt 0.166969 0.583170
vt 0.150841 0.517267
vt 0.186219 0.528942
vt 0.188225 0.569246
vt 0.165730 0.505534
vt 0.202028 0.513528
vt 0.207996 0.553376
vt 0.179299 0.492365
vt 0.216198 0.496606
vt 0.226100 0.535653
vt 0.191424 0.477883
vt 0.228607 0.478314
vt 0.242352 0.516208
vt 0.201994 0.462238
vt 0.238998 0.458774
vt 0.256556 0.495206
vt 0.210814 0.445542
vt 0.247416 0.438300
vt 0.268540 0.472834
vt 0.217994 0.428033
vt 0.223359 0.409821
vt 0.193201 0.402735
vt 0.196033 0.387132
vt 0.188837 0.417933
vt 0.197287 0.371307
vt 0.162067 0.382893
vt 0.163081 0.370579
vt 0.159775 0.395070
vt 0.196833 0.355432
vt 0.162798 0.358250
vt 0.194767 0.339677
vt 0.161226 0.346025
vt 0.191081 0.324203
vt 0.158381 0.334030
vt 0.185794 0.309174
vt 0.154290 0.322396
vt 0.178942 0.294751
vt 0.148991 0.311252
vt 0.170571 0.281092
vt 0.142534 0.300730
vt 0.160819 0.268311
vt 0.134669 0.291086
vt 0.149630 0.256596
vt 0.126034 0.282041
vt 0.137199 0.246079
vt 0.116472 0.273983
vt 0.123614 0.236912
vt 0.106073 0.267024
vt 0.108972 0.229245
vt 0.094944 0.261280
vt 0.093370 0.223232
vt 0.083204 0.256867
vt 0.076967 0.219011
vt 0.071000 0.253911
vt 0.059815 0.216804
vt 0.058456 0.252709
vt 0.042125 0.216836
vt 0.045783 0.253158
vt 0.024025 0.219433
vt 0.033208 0.255349
vt 0.041094 0.517309
vt 0.023800 0.514585
vt 0.033235 0.480268
vt 0.045224 0.482634
vt 0.058008 0.517700
vt 0.057404 0.483189
vt 0.074450 0.516021
vt 0.069486 0.482289
vt 0.090285 0.512478
vt 0.081309 0.479686
vt 0.105394 0.507172
vt 0.092780 0.475931
vt 0.119736 0.500346
vt 0.103649 0.470623
vt 0.133143 0.492005
vt 0.114012 0.464389
vt 0.145525 0.482323
vt 0.123596 0.457083
vt 0.156827 0.471454
vt 0.132148 0.448517
vt 0.166865 0.459407
vt 0.140015 0.439290
vt 0.175564 0.446376
vt 0.146838 0.429313
vt 0.182971 0.432552
vt 0.152294 0.418478
vt 0.156624 0.407024
vt 0.605436 0.912016
vt 0.677504 0.873495
vt 0.716025 0.945563
vt 0.015592 0.100958
vt 0.871728 0.680984
vt 0.875310 0.690619
vt 0.871728 0.691207
vt 0.876244 0.699525
vt 0.871728 0.700252
vt 0.868147 0.690619
vt 0.867213 0.699525
vt 0.864658 0.688867
vt 0.869217 0.680566
vt 0.862785 0.697363
vt 0.861360 0.685989
vt 0.866782 0.679320
vt 0.858551 0.693786
vt 0.858362 0.682057
vt 0.864499 0.677282
vt 0.854650 0.688860
vt 0.855774 0.677189
vt 0.862446 0.674513
vt 0.851242 0.682712
vt 0.853700 0.671543
vt 0.860695 0.671106
vt 0.848487 0.675538
vt 0.852226 0.665320
vt 0.859308 0.667175
vt 0.846516 0.667599
vt 0.851411 0.658749
vt 0.858337 0.662860
vt 0.845421 0.659201
vt 0.857755 0.653705
vt 0.851266 0.652081
vt 0.845191 0.650685
vt 0.858177 0.649197
vt 0.851810 0.645559
vt 0.845854 0.642373
vt 0.859073 0.644958
vt 0.853019 0.639424
vt 0.847350 0.634574
vt 0.860423 0.641147
vt 0.854856 0.633893
vt 0.849601 0.627554
vt 0.862193 0.637907
vt 0.857277 0.629153
vt 0.852536 0.621521
vt 0.864339 0.635362
vt 0.860237 0.625360
vt 0.856103 0.616628
vt 0.866806 0.633617
vt 0.863695 0.622653
vt 0.860295 0.612999
vt 0.869527 0.632758
vt 0.867604 0.621163
vt 0.865141 0.610769
vt 0.879760 0.622653
vt 0.873929 0.632758
vt 0.875851 0.621163
vt 0.883161 0.612999
vt 0.878314 0.610769
vt 0.883218 0.625360
vt 0.876650 0.633617
vt 0.887352 0.616628
vt 0.886178 0.629153
vt 0.879117 0.635362
vt 0.890920 0.621521
vt 0.888599 0.633893
vt 0.881263 0.637907
vt 0.893854 0.627554
vt 0.890437 0.639424
vt 0.883033 0.641147
vt 0.896106 0.634574
vt 0.891646 0.645559
vt 0.884383 0.644958
vt 0.897602 0.642372
vt 0.892190 0.652081
vt 0.885279 0.649196
vt 0.898265 0.650685
vt 0.892045 0.658749
vt 0.885701 0.653705
vt 0.898035 0.659201
vt 0.885120 0.662860
vt 0.891230 0.665320
vt 0.896940 0.667598
vt 0.884148 0.667175
vt 0.889757 0.671543
vt 0.894970 0.675538
vt 0.882762 0.671105
vt 0.887683 0.677189
vt 0.892215 0.682712
vt 0.881011 0.674513
vt 0.885095 0.682057
vt 0.888807 0.688860
vt 0.878957 0.677282
vt 0.882096 0.685988
vt 0.884906 0.693786
vt 0.876675 0.679320
vt 0.878799 0.688867
vt 0.880672 0.697362
vt 0.874239 0.680566
vt 0.882301 0.704692
vt 0.877042 0.707160
vt 0.887406 0.700568
vt 0.871729 0.707992
vt 0.877737 0.713508
vt 0.871729 0.714416
vt 0.883758 0.710836
vt 0.866415 0.707160
vt 0.865721 0.713508
vt 0.861156 0.704692
vt 0.859699 0.710836
vt 0.856051 0.700569
vt 0.853760 0.706301
vt 0.851281 0.694823
vt 0.848149 0.699888
vt 0.847074 0.687582
vt 0.843181 0.691730
vt 0.843658 0.679081
vt 0.839150 0.682109
vt 0.841212 0.669642
vt 0.836271 0.671408
vt 0.839857 0.659647
vt 0.834685 0.660075
vt 0.839567 0.649525
vt 0.834366 0.648616
vt 0.840364 0.639675
vt 0.835312 0.637503
vt 0.842146 0.630473
vt 0.837385 0.627158
vt 0.844788 0.622225
vt 0.840415 0.617932
vt 0.848162 0.615157
vt 0.844215 0.610070
vt 0.852178 0.609395
vt 0.848623 0.603679
vt 0.856840 0.604987
vt 0.853588 0.598709
vt 0.862300 0.601980
vt 0.859336 0.595009
vt 0.886615 0.604987
vt 0.881155 0.601980
vt 0.889867 0.598709
vt 0.884119 0.595009
vt 0.891277 0.609394
vt 0.894832 0.603679
vt 0.895294 0.615156
vt 0.899240 0.610069
vt 0.898668 0.622225
vt 0.903040 0.617931
vt 0.901310 0.630472
vt 0.906071 0.627158
vt 0.903092 0.639675
vt 0.908143 0.637502
vt 0.903889 0.649524
vt 0.909090 0.648615
vt 0.903599 0.659646
vt 0.908771 0.660074
vt 0.902244 0.669641
vt 0.907185 0.671408
vt 0.899799 0.679081
vt 0.904307 0.682108
vt 0.896383 0.687582
vt 0.900275 0.691730
vt 0.892176 0.694822
vt 0.895308 0.699888
vt 0.889697 0.706301
vt 0.892010 0.711059
vt 0.885228 0.715942
vt 0.898426 0.704065
vt 0.878419 0.718758
vt 0.887115 0.720420
vt 0.879334 0.723461
vt 0.894785 0.715074
vt 0.871729 0.719709
vt 0.871729 0.724374
vt 0.864123 0.723461
vt 0.865039 0.718758
vt 0.858229 0.715942
vt 0.856343 0.720420
vt 0.851447 0.711059
vt 0.848672 0.715074
vt 0.845031 0.704066
vt 0.841531 0.707451
vt 0.839376 0.695128
vt 0.835331 0.697797
vt 0.834814 0.684585
vt 0.830389 0.686504
vt 0.831573 0.672877
vt 0.826900 0.674043
vt 0.829790 0.660486
vt 0.824954 0.660892
vt 0.829477 0.647978
vt 0.824688 0.647638
vt 0.830571 0.635885
vt 0.825890 0.634850
vt 0.832914 0.624647
vt 0.828427 0.622943
vt 0.836317 0.614645
vt 0.832122 0.612302
vt 0.840551 0.606155
vt 0.836747 0.603224
vt 0.845381 0.599290
vt 0.842044 0.595860
vt 0.850649 0.593944
vt 0.847770 0.590155
vt 0.856491 0.589751
vt 0.853787 0.585720
vt 0.892805 0.593943
vt 0.886963 0.589751
vt 0.895684 0.590155
vt 0.889668 0.585720
vt 0.898074 0.599290
vt 0.901410 0.595860
vt 0.902904 0.606154
vt 0.906708 0.603223
vt 0.907139 0.614645
vt 0.911333 0.612301
vt 0.910542 0.624647
vt 0.915028 0.622942
vt 0.912885 0.635884
vt 0.917565 0.634849
vt 0.913979 0.647977
vt 0.918768 0.647637
vt 0.913666 0.660485
vt 0.918502 0.660891
vt 0.911884 0.672876
vt 0.916557 0.674042
vt 0.908643 0.684584
vt 0.913068 0.686503
vt 0.904081 0.695127
vt 0.908126 0.697796
vt 0.901926 0.707451
vt 0.072995 0.400596
vt 0.067145 0.408046
vt 0.022486 0.397747
vt 0.873047 0.669530
vt 0.874322 0.668870
vt 0.871728 0.669751
vt 0.871728 0.657636
vt 0.870409 0.669530
vt 0.869135 0.668871
vt 0.867948 0.667796
vt 0.866890 0.666344
vt 0.865998 0.664565
vt 0.865302 0.662520
vt 0.864825 0.660283
vt 0.857812 0.658315
vt 0.864582 0.657935
vt 0.864589 0.655559
vt 0.864846 0.653244
vt 0.865352 0.651077
vt 0.866095 0.649143
vt 0.867051 0.647516
vt 0.868190 0.646261
vt 0.869476 0.645431
vt 0.870864 0.645063
vt 0.872591 0.645063
vt 0.873979 0.645431
vt 0.875265 0.646261
vt 0.876405 0.647516
vt 0.877361 0.649143
vt 0.878104 0.651077
vt 0.878610 0.653244
vt 0.878867 0.655559
vt 0.885644 0.658315
vt 0.878874 0.657935
vt 0.878631 0.660283
vt 0.878154 0.662520
vt 0.877458 0.664564
vt 0.876566 0.666344
vt 0.875508 0.667796
vt 0.199084 0.030393
vt 0.189278 0.025152
vt 0.194519 0.015347
vt 0.837180 0.235202
vt 0.838281 0.248625
vt 0.836454 0.248526
vt 0.892441 0.249636
vt 0.894193 0.236707
vt 0.894213 0.249633
vt 0.892356 0.223902
vt 0.892428 0.236713
vt 0.839850 0.222156
vt 0.838994 0.235311
vt 0.840807 0.235417
vt 0.840108 0.248724
vt 0.841936 0.248822
vt 0.841634 0.222281
vt 0.842616 0.235520
vt 0.844424 0.235619
vt 0.843764 0.248919
vt 0.843414 0.222401
vt 0.845595 0.249015
vt 0.845193 0.222516
vt 0.846229 0.235715
vt 0.848033 0.235806
vt 0.847427 0.249108
vt 0.848743 0.222735
vt 0.849262 0.249198
vt 0.849834 0.235893
vt 0.851634 0.235976
vt 0.851099 0.249285
vt 0.852283 0.222939
vt 0.852941 0.249333
vt 0.853431 0.236053
vt 0.855226 0.236126
vt 0.854777 0.249377
vt 0.855812 0.223128
vt 0.856608 0.249416
vt 0.857019 0.236194
vt 0.858808 0.236257
vt 0.858433 0.249451
vt 0.859330 0.223301
vt 0.860254 0.249482
vt 0.861085 0.223381
vt 0.860595 0.236316
vt 0.862380 0.236370
vt 0.862069 0.249510
vt 0.862836 0.223457
vt 0.863880 0.249534
vt 0.864584 0.223528
vt 0.864161 0.236420
vt 0.865940 0.236466
vt 0.865687 0.249555
vt 0.867490 0.249574
vt 0.868072 0.223656
vt 0.867716 0.236508
vt 0.869490 0.236545
vt 0.869288 0.249590
vt 0.871084 0.249603
vt 0.869812 0.223712
vt 0.871261 0.236579
vt 0.873031 0.236609
vt 0.872876 0.249614
vt 0.871549 0.223762
vt 0.874798 0.236635
vt 0.874664 0.249623
vt 0.875019 0.223845
vt 0.876564 0.236658
vt 0.876451 0.249630
vt 0.876751 0.223877
vt 0.878234 0.249636
vt 0.878329 0.236676
vt 0.880092 0.236692
vt 0.880015 0.249639
vt 0.880214 0.223923
vt 0.881794 0.249642
vt 0.881855 0.236704
vt 0.883617 0.236712
vt 0.883572 0.249643
vt 0.883676 0.223945
vt 0.885348 0.249643
vt 0.885378 0.236718
vt 0.887122 0.249642
vt 0.885409 0.223947
vt 0.887140 0.236721
vt 0.888896 0.249640
vt 0.888878 0.223934
vt 0.888902 0.236721
vt 0.890665 0.236718
vt 0.890669 0.249638
vt 0.890616 0.223920
vt 0.892131 0.211313
vt 0.888739 0.211411
vt 0.893836 0.211252
vt 0.894099 0.223880
vt 0.893173 0.198945
vt 0.890432 0.211366
vt 0.891528 0.199112
vt 0.839103 0.209126
vt 0.838064 0.222027
vt 0.840061 0.196587
vt 0.840847 0.209259
vt 0.843473 0.196710
vt 0.842592 0.209387
vt 0.845203 0.196767
vt 0.844339 0.209511
vt 0.846086 0.209631
vt 0.848707 0.196907
vt 0.847833 0.209750
vt 0.846969 0.222628
vt 0.850473 0.196996
vt 0.849581 0.209867
vt 0.852243 0.197104
vt 0.851327 0.209984
vt 0.850514 0.222839
vt 0.853073 0.210101
vt 0.855780 0.197380
vt 0.854815 0.210218
vt 0.854049 0.223035
vt 0.856553 0.210336
vt 0.857539 0.197547
vt 0.858287 0.210452
vt 0.857573 0.223216
vt 0.859287 0.197730
vt 0.860015 0.210568
vt 0.862732 0.198133
vt 0.861737 0.210681
vt 0.863454 0.210791
vt 0.864425 0.198345
vt 0.865164 0.210897
vt 0.867749 0.198757
vt 0.866868 0.210998
vt 0.866329 0.223595
vt 0.868566 0.211092
vt 0.869381 0.198947
vt 0.870259 0.211178
vt 0.872593 0.199280
vt 0.871947 0.211255
vt 0.873630 0.211322
vt 0.873285 0.223806
vt 0.875753 0.199525
vt 0.875310 0.211379
vt 0.876988 0.211425
vt 0.878877 0.199681
vt 0.878663 0.211459
vt 0.878483 0.223903
vt 0.880337 0.211480
vt 0.881993 0.199703
vt 0.882012 0.211490
vt 0.881945 0.223937
vt 0.883688 0.211487
vt 0.885126 0.199596
vt 0.885367 0.211472
vt 0.887051 0.211447
vt 0.887143 0.223943
vt 0.888296 0.199399
vt 0.888212 0.187576
vt 0.889903 0.199263
vt 0.886652 0.187650
vt 0.886705 0.199506
vt 0.889783 0.187486
vt 0.889442 0.174353
vt 0.891367 0.187381
vt 0.887968 0.174720
vt 0.890913 0.173946
vt 0.892966 0.187264
vt 0.841732 0.184913
vt 0.841758 0.196652
vt 0.843647 0.171260
vt 0.843351 0.185061
vt 0.845188 0.171064
vt 0.844982 0.185201
vt 0.846739 0.170871
vt 0.846624 0.185336
vt 0.848304 0.170696
vt 0.848275 0.185468
vt 0.846948 0.196836
vt 0.849883 0.170552
vt 0.849935 0.185601
vt 0.851476 0.170454
vt 0.851600 0.185736
vt 0.853081 0.170411
vt 0.853270 0.185875
vt 0.854694 0.170434
vt 0.854942 0.186019
vt 0.854012 0.197244
vt 0.857918 0.170705
vt 0.856614 0.186160
vt 0.859513 0.170957
vt 0.858280 0.186304
vt 0.861090 0.171280
vt 0.859939 0.186452
vt 0.862643 0.171663
vt 0.861588 0.186601
vt 0.861018 0.197931
vt 0.864172 0.172090
vt 0.863226 0.186751
vt 0.865680 0.172546
vt 0.864852 0.186898
vt 0.867170 0.173011
vt 0.866465 0.187040
vt 0.866097 0.198555
vt 0.868647 0.173472
vt 0.868065 0.187175
vt 0.870118 0.173913
vt 0.869652 0.187299
vt 0.871588 0.174321
vt 0.871227 0.187413
vt 0.870995 0.199121
vt 0.873061 0.174687
vt 0.872790 0.187514
vt 0.874540 0.175000
vt 0.874344 0.187600
vt 0.874179 0.199411
vt 0.876026 0.175255
vt 0.875888 0.187673
vt 0.877519 0.175444
vt 0.877426 0.187730
vt 0.877318 0.199617
vt 0.879017 0.175565
vt 0.878960 0.187769
vt 0.880516 0.175616
vt 0.880492 0.187790
vt 0.880435 0.199707
vt 0.882025 0.187781
vt 0.882015 0.175580
vt 0.883561 0.187754
vt 0.883556 0.199663
vt 0.883511 0.175472
vt 0.885103 0.187711
vt 0.885003 0.175289
vt 0.886488 0.175035
vt 0.886248 0.152903
vt 0.884882 0.153234
vt 0.887600 0.152486
vt 0.887339 0.134395
vt 0.888936 0.151994
vt 0.886086 0.134594
vt 0.888614 0.134155
vt 0.890263 0.151444
vt 0.889917 0.133882
vt 0.891585 0.150855
vt 0.892385 0.173510
vt 0.846401 0.148519
vt 0.847356 0.131850
vt 0.847775 0.148079
vt 0.848630 0.131634
vt 0.849171 0.147637
vt 0.849958 0.131398
vt 0.850598 0.147216
vt 0.851347 0.131157
vt 0.852064 0.146843
vt 0.852801 0.130929
vt 0.853571 0.146540
vt 0.854321 0.130735
vt 0.855118 0.146330
vt 0.855901 0.130595
vt 0.856694 0.146233
vt 0.857528 0.130530
vt 0.858284 0.146270
vt 0.856307 0.170538
vt 0.860848 0.130659
vt 0.859870 0.146438
vt 0.862492 0.130858
vt 0.861427 0.146774
vt 0.864099 0.131152
vt 0.862945 0.147253
vt 0.865655 0.131523
vt 0.864416 0.147847
vt 0.867153 0.131946
vt 0.865838 0.148522
vt 0.868592 0.132394
vt 0.867217 0.149238
vt 0.869975 0.132840
vt 0.868563 0.149956
vt 0.871310 0.133259
vt 0.869890 0.150644
vt 0.872606 0.133634
vt 0.871209 0.151280
vt 0.873871 0.133954
vt 0.872530 0.151850
vt 0.875116 0.134218
vt 0.873863 0.152347
vt 0.876346 0.134430
vt 0.875209 0.152767
vt 0.877566 0.134598
vt 0.876572 0.153106
vt 0.878781 0.134728
vt 0.877948 0.153363
vt 0.879992 0.134828
vt 0.879334 0.153533
vt 0.881199 0.134914
vt 0.880724 0.153619
vt 0.882115 0.153595
vt 0.882410 0.134904
vt 0.883503 0.153467
vt 0.883625 0.134852
vt 0.884850 0.134748
vt 0.885315 0.120895
vt 0.884025 0.120864
vt 0.886615 0.120938
vt 0.885714 0.078502
vt 0.887112 0.078610
vt 0.887928 0.120993
vt 0.888505 0.078738
vt 0.889258 0.121060
vt 0.889895 0.078882
vt 0.890609 0.121135
vt 0.891281 0.079038
vt 0.891986 0.121214
vt 0.891256 0.133582
vt 0.848270 0.079529
vt 0.849497 0.121308
vt 0.848197 0.121243
vt 0.849643 0.079670
vt 0.850827 0.121378
vt 0.851016 0.079804
vt 0.852190 0.121447
vt 0.852388 0.079927
vt 0.853585 0.121511
vt 0.853761 0.080033
vt 0.855008 0.121567
vt 0.855135 0.080118
vt 0.856455 0.121612
vt 0.856511 0.080177
vt 0.857921 0.121645
vt 0.857889 0.080207
vt 0.859402 0.121673
vt 0.859183 0.130579
vt 0.860647 0.080176
vt 0.860889 0.121666
vt 0.862026 0.080115
vt 0.862370 0.121654
vt 0.863405 0.080026
vt 0.863843 0.121635
vt 0.864784 0.079911
vt 0.865303 0.121606
vt 0.866163 0.079774
vt 0.866747 0.121565
vt 0.867544 0.079619
vt 0.868173 0.121511
vt 0.868926 0.079453
vt 0.869579 0.121442
vt 0.870312 0.079280
vt 0.870965 0.121359
vt 0.871700 0.079107
vt 0.872330 0.121266
vt 0.873092 0.078940
vt 0.873676 0.121168
vt 0.874487 0.078785
vt 0.875004 0.121071
vt 0.875886 0.078646
vt 0.876316 0.120982
vt 0.877288 0.078529
vt 0.877615 0.120909
vt 0.878692 0.078437
vt 0.878903 0.120858
vt 0.880099 0.078372
vt 0.880185 0.120834
vt 0.881508 0.078337
vt 0.881462 0.120848
vt 0.882742 0.120845
vt 0.882912 0.078364
vt 0.884314 0.078419
vt 0.238388 0.025152
vt 0.243629 0.015347
vt 0.253435 0.020588
vt 0.465981 0.791993
vt 0.426698 0.850784
vt 0.456844 0.814051
vt 0.443580 0.833902
vt 0.406847 0.864048
vt 0.384790 0.873185
vt 0.361374 0.877843
vt 0.337499 0.877843
vt 0.314083 0.873185
vt 0.292025 0.864049
vt 0.272174 0.850785
vt 0.255292 0.833903
vt 0.242028 0.814052
vt 0.232891 0.791994
vt 0.228233 0.768578
vt 0.228233 0.744703
vt 0.232891 0.721287
vt 0.242027 0.699230
vt 0.255291 0.679378
vt 0.272173 0.662496
vt 0.292025 0.649232
vt 0.314082 0.640096
vt 0.337498 0.635438
vt 0.384789 0.640095
vt 0.406846 0.649232
vt 0.426698 0.662496
vt 0.456844 0.699229
vt 0.465981 0.721287
vt 0.470638 0.744703
vt 0.781834 0.305338
vt 0.795940 0.295913
vt 0.811614 0.289421
vt 0.828253 0.286111
vt 0.845218 0.286111
vt 0.861857 0.289421
vt 0.877531 0.295913
vt 0.891637 0.305339
vt 0.903633 0.317335
vt 0.913059 0.331441
vt 0.919551 0.347114
vt 0.922861 0.363753
vt 0.922860 0.380719
vt 0.919551 0.397358
vt 0.913058 0.413031
vt 0.903633 0.427137
vt 0.891637 0.439133
vt 0.877531 0.448559
vt 0.861857 0.455051
vt 0.828253 0.458361
vt 0.811614 0.455051
vt 0.795940 0.448559
vt 0.769838 0.427137
vt 0.760413 0.413031
vt 0.753921 0.397358
vt 0.750611 0.380718
vt 0.750611 0.363753
vt 0.753921 0.347114
vt 0.760413 0.331440
vt 0.184592 0.769339
vt 0.194394 0.818617
vt 0.191084 0.785012
vt 0.194394 0.801652
vt 0.191084 0.835256
vt 0.163171 0.877032
vt 0.184592 0.850930
vt 0.175167 0.865036
vt 0.149065 0.886457
vt 0.099787 0.896259
vt 0.133391 0.892949
vt 0.116752 0.896259
vt 0.083148 0.892949
vt 0.067474 0.886457
vt 0.053368 0.877032
vt 0.031946 0.850930
vt 0.025454 0.835256
vt 0.022144 0.818617
vt 0.022144 0.801652
vt 0.025454 0.785013
vt 0.031946 0.769339
vt 0.041372 0.755233
vt 0.067474 0.733812
vt 0.083147 0.727319
vt 0.099786 0.724010
vt 0.116752 0.724010
vt 0.133391 0.727319
vt 0.149064 0.733811
vt 0.163170 0.743237
vt 0.399055 0.014721
vt 0.581253 0.858311
vt 0.584423 0.865211
vt 0.579711 0.885646
vt 0.585229 0.872247
vt 0.583637 0.879147
vt 0.573600 0.891496
vt 0.555840 0.900379
vt 0.544873 0.903072
vt 0.559190 0.840987
vt 0.533060 0.904444
vt 0.537012 0.834387
vt 0.520856 0.904444
vt 0.524886 0.833014
vt 0.508730 0.903072
vt 0.512682 0.833014
vt 0.497146 0.900379
vt 0.500869 0.834387
vt 0.486552 0.896471
vt 0.477353 0.891496
vt 0.489902 0.837079
vt 0.469903 0.885646
vt 0.480202 0.840987
vt 0.464489 0.879147
vt 0.472142 0.845962
vt 0.461319 0.872247
vt 0.462105 0.858311
vt 0.460514 0.865211
vt 0.466031 0.851812
vt 0.548595 0.837079
vt 0.287198 0.022099
vt 0.287498 0.020588
vt 0.290034 0.016793
vt 0.288088 0.019164
vt 0.288944 0.017882
vt 0.291316 0.015936
vt 0.292739 0.015346
vt 0.294251 0.015046
vt 0.297304 0.015347
vt 0.298728 0.015936
vt 0.300009 0.016793
vt 0.301099 0.017882
vt 0.301955 0.019164
vt 0.302545 0.020588
vt 0.302846 0.022099
vt 0.302545 0.025152
vt 0.301955 0.026576
vt 0.301099 0.027857
vt 0.300009 0.028947
vt 0.298728 0.029803
vt 0.297304 0.030393
vt 0.295792 0.030694
vt 0.292739 0.030393
vt 0.291316 0.029803
vt 0.290034 0.028947
vt 0.288944 0.027857
vt 0.288088 0.026576
vt 0.287498 0.025152
vt 0.287198 0.023640
vt 0.679498 0.380276
vt 0.680565 0.347007
vt 0.269805 0.072216
vt 0.269215 0.073640
vt 0.268359 0.074921
vt 0.267269 0.076011
vt 0.265988 0.076867
vt 0.264564 0.077457
vt 0.263052 0.077758
vt 0.261511 0.077758
vt 0.259999 0.077457
vt 0.258575 0.076867
vt 0.257294 0.076011
vt 0.256204 0.074921
vt 0.255348 0.073640
vt 0.254758 0.072216
vt 0.254458 0.070704
vt 0.254758 0.067651
vt 0.257294 0.063856
vt 0.255348 0.066228
vt 0.256204 0.064946
vt 0.258575 0.063000
vt 0.259999 0.062410
vt 0.261511 0.062110
vt 0.264564 0.062410
vt 0.265988 0.063000
vt 0.267269 0.063856
vt 0.268359 0.064946
vt 0.269215 0.066228
vt 0.269805 0.067651
vt 0.270106 0.069163
vt 0.368326 0.376726
vt 0.810316 0.150057
vt 0.793214 0.236035
vt 0.810316 0.179657
vt 0.804542 0.208688
vt 0.776770 0.260646
vt 0.703881 0.309348
vt 0.755839 0.281576
vt 0.731228 0.298021
vt 0.674850 0.315123
vt 0.588872 0.298021
vt 0.645250 0.315123
vt 0.616219 0.309348
vt 0.564261 0.281576
vt 0.543331 0.260646
vt 0.526886 0.236034
vt 0.509784 0.179657
vt 0.509784 0.150057
vt 0.515558 0.121026
vt 0.526886 0.093679
vt 0.543331 0.069067
vt 0.564261 0.048137
vt 0.588872 0.031692
vt 0.616219 0.020365
vt 0.645250 0.014590
vt 0.674850 0.014590
vt 0.703881 0.020365
vt 0.755840 0.048137
vt 0.776770 0.069068
vt 0.793215 0.093679
vt 0.024261 0.703911
vt 0.609771 0.901551
vt 0.616064 0.892133
vt 0.624074 0.884123
vt 0.633492 0.877830
vt 0.643957 0.873495
vt 0.655067 0.871285
vt 0.666394 0.871285
vt 0.687969 0.877830
vt 0.697388 0.884123
vt 0.705397 0.892133
vt 0.711690 0.901551
vt 0.716025 0.912016
vt 0.718235 0.923126
vt 0.718235 0.934453
vt 0.711690 0.956028
vt 0.705397 0.965447
vt 0.697388 0.973456
vt 0.687969 0.979750
vt 0.677504 0.984084
vt 0.643957 0.984084
vt 0.666394 0.986294
vt 0.655067 0.986294
vt 0.633492 0.979750
vt 0.624074 0.973456
vt 0.616064 0.965447
vt 0.609771 0.956028
vt 0.605436 0.945563
vt 0.603226 0.934453
vt 0.603226 0.923126
vt 0.060645 0.413460
vt 0.053745 0.416631
vt 0.033310 0.411918
vt 0.046710 0.417436
vt 0.039810 0.415845
vt 0.027461 0.405807
vt 0.018577 0.388047
vt 0.015885 0.377080
vt 0.077969 0.391397
vt 0.014512 0.365268
vt 0.084570 0.369220
vt 0.014512 0.353064
vt 0.085943 0.357093
vt 0.015885 0.340937
vt 0.085943 0.344889
vt 0.018577 0.329354
vt 0.084570 0.333076
vt 0.022486 0.318759
vt 0.027461 0.309560
vt 0.081878 0.322109
vt 0.033310 0.302110
vt 0.077969 0.312409
vt 0.039810 0.296696
vt 0.072995 0.304349
vt 0.046710 0.293526
vt 0.060645 0.294312
vt 0.053745 0.292721
vt 0.067145 0.298238
vt 0.081878 0.380803
vt 0.197572 0.030694
vt 0.196031 0.030694
vt 0.194519 0.030393
vt 0.193095 0.029803
vt 0.191814 0.028947
vt 0.190724 0.027857
vt 0.189868 0.026576
vt 0.188977 0.023640
vt 0.188977 0.022099
vt 0.189278 0.020588
vt 0.189868 0.019164
vt 0.190724 0.017882
vt 0.191814 0.016793
vt 0.193095 0.015936
vt 0.196031 0.015046
vt 0.197572 0.015046
vt 0.199084 0.015346
vt 0.200507 0.015936
vt 0.201789 0.016792
vt 0.202879 0.017882
vt 0.203735 0.019164
vt 0.204325 0.020588
vt 0.204625 0.022099
vt 0.204625 0.023640
vt 0.204325 0.025152
vt 0.203735 0.026576
vt 0.202879 0.027857
vt 0.201789 0.028947
vt 0.200508 0.029803
vt 0.892665 0.079199
vt 0.859268 0.080207
vt 0.238087 0.023640
vt 0.238087 0.022099
vt 0.238388 0.020588
vt 0.238978 0.019164
vt 0.239834 0.017882
vt 0.240924 0.016793
vt 0.242205 0.015936
vt 0.245141 0.015046
vt 0.246682 0.015046
vt 0.248194 0.015347
vt 0.249618 0.015936
vt 0.250899 0.016793
vt 0.251989 0.017882
vt 0.252845 0.019164
vt 0.253735 0.022099
vt 0.252845 0.026576
vt 0.253735 0.023641
vt 0.253435 0.025152
vt 0.251989 0.027857
vt 0.250899 0.028947
vt 0.249617 0.029803
vt 0.248193 0.030393
vt 0.246682 0.030694
vt 0.245141 0.030694
vt 0.243629 0.030393
vt 0.242205 0.029803
vt 0.240924 0.028947
vt 0.239834 0.027857
vt 0.238978 0.026576
s 1
usemtl マテリアル
f 1/1/1 225/2/225 2/3/2
f 4/4/4 2/3/2 96/5/96
f 5/6/5 3/7/3 1/1/1
f 7/8/7 1/1/1 4/4/4
f 8/9/8 6/10/6 5/6/5
f 8/9/8 7/8/7 10/11/10
f 11/12/11 9/13/9 8/9/8
f 11/12/11 10/11/10 13/14/13
f 14/15/14 12/16/12 11/12/11
f 14/15/14 13/14/13 16/17/16
f 18/18/18 14/15/14 17/19/17
f 17/19/17 16/17/16 19/20/19
f 20/21/20 18/18/18 17/19/17
f 20/21/20 19/20/19 22/22/22
f 23/23/23 21/24/21 20/21/20
f 23/23/23 22/22/22 25/25/25
f 26/26/26 24/27/24 23/23/23
f 26/26/26 25/25/25 28/28/28
f 29/29/29 27/30/27 26/26/26
f 29/29/29 28/28/28 31/31/31
f 33/32/33 29/29/29 32/33/32
f 32/33/32 31/31/31 34/34/34
f 36/35/36 32/33/32 35/36/35
f 35/36/35 34/34/34 37/37/37
f 38/38/38 36/35/36 35/36/35
f 38/38/38 37/37/37 40/39/40
f 41/40/41 39/41/39 38/38/38
f 41/40/41 40/39/40 43/42/43
f 45/43/45 41/40/41 44/44/44
f 44/44/44 43/42/43 46/45/46
f 48/46/48 44/44/44 47/47/47
f 47/47/47 46/45/46 49/48/49
f 50/49/50 48/46/48 47/47/47
f 50/49/50 49/48/49 52/50/52
f 54/51/54 50/52/50 53/53/53
f 53/53/53 52/54/52 55/55/55
f 57/56/57 53/53/53 56/57/56
f 56/57/56 55/55/55 58/58/58
f 59/59/59 57/56/57 56/57/56
f 59/59/59 58/58/58 61/60/61
f 63/61/63 59/59/59 62/62/62
f 62/62/62 61/60/61 64/63/64
f 65/64/65 63/61/63 62/62/62
f 65/64/65 64/63/64 67/65/67
f 69/66/69 65/64/65 68/67/68
f 68/67/68 67/65/67 70/68/70
f 71/69/71 69/66/69 68/67/68
f 71/69/71 70/68/70 73/70/73
f 75/71/75 71/69/71 74/72/74
f 74/72/74 73/70/73 76/73/76
f 77/74/77 75/71/75 74/72/74
f 77/74/77 76/73/76 79/75/79
f 81/76/81 77/74/77 80/77/80
f 80/77/80 79/75/79 82/78/82
f 84/79/84 80/77/80 83/80/83
f 83/80/83 82/78/82 85/81/85
f 87/82/87 83/80/83 86/83/86
f 86/83/86 85/81/85 88/84/88
f 90/85/90 86/83/86 89/86/89
f 89/86/89 88/84/88 91/87/91
f 92/88/92 90/85/90 89/86/89
f 92/88/92 91/87/91 94/89/94
f 225/2/225 92/88/92 2/3/2
f 2/3/2 94/89/94 96/5/96
f 96/5/96 95/90/95 97/91/97
f 95/90/95 91/87/91 157/92/157
f 4/4/4 97/91/97 99/93/99
f 100/94/100 97/91/97 98/95/98
f 98/95/98 95/90/95 160/96/160
f 101/97/101 4/4/4 99/93/99
f 102/98/102 99/93/99 100/94/100
f 103/99/103 7/8/7 101/97/101
f 103/99/103 102/98/102 104/100/104
f 105/101/105 10/11/10 103/99/103
f 105/101/105 104/100/104 106/102/106
f 107/103/107 13/14/13 105/101/105
f 107/103/107 106/102/106 108/104/108
f 109/105/109 16/17/16 107/103/107
f 109/105/109 108/104/108 110/106/110
f 111/107/111 19/20/19 109/105/109
f 111/107/111 110/106/110 112/108/112
f 113/109/113 22/22/22 111/107/111
f 113/109/113 112/108/112 114/110/114
f 115/111/115 25/25/25 113/109/113
f 115/111/115 114/110/114 116/112/116
f 117/113/117 28/28/28 115/111/115
f 117/113/117 116/112/116 118/114/118
f 119/115/119 31/31/31 117/113/117
f 119/115/119 118/114/118 120/116/120
f 121/117/121 34/34/34 119/115/119
f 121/117/121 120/116/120 122/118/122
f 123/119/123 37/37/37 121/117/121
f 123/119/123 122/118/122 124/120/124
f 125/121/125 40/39/40 123/119/123
f 125/121/125 124/120/124 126/122/126
f 127/123/127 43/42/43 125/121/125
f 127/123/127 126/122/126 128/124/128
f 129/125/129 46/45/46 127/123/127
f 129/125/129 128/124/128 130/126/130
f 131/127/131 49/48/49 129/125/129
f 131/127/131 130/126/130 132/128/132
f 133/129/133 52/54/52 131/130/131
f 133/129/133 132/131/132 134/132/134
f 135/133/135 55/55/55 133/129/133
f 135/133/135 134/132/134 136/134/136
f 137/135/137 58/58/58 135/133/135
f 137/135/137 136/134/136 138/136/138
f 139/137/139 61/60/61 137/135/137
f 139/137/139 138/136/138 140/138/140
f 141/139/141 64/63/64 139/137/139
f 141/139/141 140/138/140 142/140/142
f 143/141/143 67/65/67 141/139/141
f 143/141/143 142/140/142 144/142/144
f 73/70/73 143/141/143 145/143/145
f 145/143/145 144/142/144 146/144/146
f 147/145/147 73/70/73 145/143/145
f 147/145/147 146/144/146 148/146/148
f 149/147/149 76/73/76 147/145/147
f 149/147/149 148/146/148 150/148/150
f 151/149/151 79/75/79 149/147/149
f 151/149/151 150/148/150 152/150/152
f 153/151/153 82/78/82 151/149/151
f 153/151/153 152/150/152 154/152/154
f 155/153/155 85/81/85 153/151/153
f 155/153/155 154/152/154 156/154/156
f 91/87/91 155/153/155 157/92/157
f 157/92/157 156/154/156 158/155/158
f 95/90/95 158/155/158 160/96/160
f 160/96/160 159/156/159 161/157/161
f 159/156/159 156/154/156 221/158/221
f 98/95/98 161/157/161 163/159/163
f 164/160/164 161/157/161 162/161/162
f 162/161/162 159/156/159 223/162/223
f 165/163/165 98/95/98 163/159/163
f 165/163/165 164/160/164 166/164/166
f 168/165/168 165/163/165 166/164/166
f 167/166/167 100/94/100 165/163/165
f 169/167/169 102/98/102 167/166/167
f 170/168/170 167/166/167 168/165/168
f 171/169/171 104/100/104 169/167/169
f 172/170/172 169/167/169 170/168/170
f 173/171/173 106/102/106 171/169/171
f 174/172/174 171/169/171 172/170/172
f 175/173/175 108/104/108 173/171/173
f 176/174/176 173/171/173 174/172/174
f 177/175/177 110/106/110 175/173/175
f 178/176/178 175/173/175 176/174/176
f 179/177/179 112/108/112 177/175/177
f 180/178/180 177/175/177 178/176/178
f 181/179/181 114/110/114 179/177/179
f 182/180/182 179/177/179 180/178/180
f 183/181/183 116/112/116 181/179/181
f 184/182/184 181/179/181 182/180/182
f 185/183/185 118/114/118 183/181/183
f 186/184/186 183/181/183 184/182/184
f 187/185/187 120/116/120 185/183/185
f 188/186/188 185/183/185 186/184/186
f 189/187/189 122/118/122 187/185/187
f 190/188/190 187/185/187 188/186/188
f 191/189/191 124/120/124 189/187/189
f 192/190/192 189/187/189 190/188/190
f 193/191/193 126/122/126 191/189/191
f 194/192/194 191/189/191 192/190/192
f 195/193/195 128/124/128 193/191/193
f 196/194/196 193/191/193 194/192/194
f 197/195/197 130/126/130 195/193/195
f 198/196/198 195/193/195 196/194/196
f 199/197/199 132/131/132 197/198/197
f 200/199/200 197/198/197 198/200/198
f 201/201/201 134/132/134 199/197/199
f 202/202/202 199/197/199 200/199/200
f 203/203/203 136/134/136 201/201/201
f 204/204/204 201/201/201 202/202/202
f 205/205/205 138/136/138 203/203/203
f 206/206/206 203/203/203 204/204/204
f 142/140/142 205/205/205 207/207/207
f 208/208/208 205/205/205 206/206/206
f 209/209/209 142/140/142 207/207/207
f 210/210/210 207/207/207 208/208/208
f 211/211/211 144/142/144 209/209/209
f 212/212/212 209/209/209 210/210/210
f 213/213/213 146/144/146 211/211/211
f 214/214/214 211/211/211 212/212/212
f 215/215/215 148/146/148 213/213/213
f 216/216/216 213/213/213 214/214/214
f 217/217/217 150/148/150 215/215/215
f 218/218/218 215/215/215 216/216/216
f 219/219/219 152/150/152 217/217/217
f 220/220/220 217/217/217 218/218/218
f 221/158/221 154/152/154 219/219/219
f 222/221/222 219/219/219 220/220/220
f 223/162/223 221/158/221 222/221/222
f 186/222/186 178/223/178 170/224/170
f 226/225/226 93/226/93 225/2/225
f 224/227/224 90/85/90 93/226/93
f 3/7/3 226/225/226 225/2/225
f 226/225/226 227/228/227 224/227/224
f 228/229/228 227/228/227 226/225/226
f 229/230/229 3/7/3 6/10/6
f 229/230/229 227/228/227 228/229/228
f 9/13/9 229/230/229 6/10/6
f 230/231/230 227/228/227 229/230/229
f 12/16/12 230/231/230 9/13/9
f 231/232/231 227/228/227 230/231/230
f 15/233/15 231/232/231 12/16/12
f 232/234/232 227/228/227 231/232/231
f 233/235/233 15/233/15 18/18/18
f 233/235/233 227/228/227 232/234/232
f 234/236/234 18/18/18 21/24/21
f 234/236/234 227/228/227 233/235/233
f 24/27/24 234/236/234 21/24/21
f 235/237/235 227/228/227 234/236/234
f 236/238/236 24/27/24 27/30/27
f 236/238/236 227/228/227 235/237/235
f 30/239/30 236/238/236 27/30/27
f 237/240/237 227/228/227 236/238/236
f 238/241/238 30/239/30 33/32/33
f 238/241/238 227/228/227 237/240/237
f 239/242/239 33/32/33 36/35/36
f 239/242/239 227/228/227 238/241/238
f 240/243/240 36/35/36 39/41/39
f 240/243/240 227/228/227 239/242/239
f 42/244/42 240/243/240 39/41/39
f 241/245/241 227/228/227 240/243/240
f 45/43/45 241/245/241 42/244/42
f 242/246/242 227/228/227 241/245/241
f 243/247/243 45/43/45 48/46/48
f 243/247/243 227/228/227 242/246/242
f 51/248/51 243/247/243 48/46/48
f 244/249/244 227/228/227 243/247/243
f 245/250/245 51/251/51 54/51/54
f 245/250/245 227/228/227 244/252/244
f 246/253/246 54/51/54 57/56/57
f 246/253/246 227/228/227 245/250/245
f 247/254/247 57/56/57 60/255/60
f 247/254/247 227/228/227 246/253/246
f 248/256/248 60/255/60 63/61/63
f 248/256/248 227/228/227 247/254/247
f 66/257/66 248/256/248 63/61/63
f 249/258/249 227/228/227 248/256/248
f 250/259/250 66/257/66 69/66/69
f 250/259/250 227/228/227 249/258/249
f 251/260/251 69/66/69 72/261/72
f 251/260/251 227/228/227 250/259/250
f 252/262/252 72/261/72 75/71/75
f 252/262/252 227/228/227 251/260/251
f 78/263/78 252/262/252 75/71/75
f 253/264/253 227/228/227 252/262/252
f 254/265/254 78/263/78 81/76/81
f 254/265/254 227/228/227 253/264/253
f 255/266/255 227/228/227 254/265/254
f 84/79/84 254/265/254 81/76/81
f 87/82/87 255/266/255 84/79/84
f 256/267/256 227/228/227 255/266/255
f 257/268/257 87/82/87 90/85/90
f 257/268/257 227/228/227 256/267/256
f 224/227/224 227/228/227 257/268/257
f 285/269/285 277/270/277 261/271/261
f 260/272/260 259/273/259 258/274/258
f 263/275/263 258/274/258 261/276/261
f 264/277/264 261/276/261 262/278/262
f 288/279/288 304/280/304 320/281/320
f 265/282/265 262/278/262 267/283/267
f 266/284/266 267/283/267 268/285/268
f 271/286/271 268/285/268 269/287/269
f 272/288/272 269/287/269 270/289/270
f 273/290/273 270/289/270 275/291/275
f 274/292/274 275/291/275 276/293/276
f 279/294/279 276/293/276 277/295/277
f 280/296/280 277/295/277 278/297/278
f 281/298/281 278/297/278 283/299/283
f 282/300/282 283/299/283 284/301/284
f 287/302/287 284/301/284 285/303/285
f 288/304/288 285/303/285 286/305/286
f 289/306/289 286/305/286 291/307/291
f 290/308/290 291/307/291 292/309/292
f 295/310/295 292/311/292 293/312/293
f 296/313/296 293/312/293 294/314/294
f 297/315/297 294/314/294 299/316/299
f 298/317/298 299/316/299 300/318/300
f 303/319/303 300/318/300 301/320/301
f 304/321/304 301/320/301 302/322/302
f 305/323/305 302/322/302 307/324/307
f 306/325/306 307/324/307 308/326/308
f 311/327/311 308/326/308 309/328/309
f 312/329/312 309/328/309 310/330/310
f 313/331/313 310/330/310 315/332/315
f 314/333/314 315/332/315 316/334/316
f 319/335/319 316/334/316 317/336/317
f 320/337/320 317/336/317 318/338/318
f 321/339/321 318/338/318 259/273/259
f 322/340/322 417/341/417 325/342/325
f 324/343/324 323/344/323 322/340/322
f 326/345/326 324/343/324 322/340/322
f 328/346/328 322/340/322 325/342/325
f 329/347/329 327/348/327 326/345/326
f 331/349/331 326/345/326 328/346/328
f 332/350/332 330/351/330 329/347/329
f 334/352/334 329/347/329 331/349/331
f 335/353/335 333/354/333 332/350/332
f 337/355/337 332/350/332 334/352/334
f 338/356/338 336/357/336 335/353/335
f 340/358/340 335/353/335 337/355/337
f 341/359/341 339/360/339 338/356/338
f 343/361/343 338/356/338 340/358/340
f 344/362/344 342/363/342 341/359/341
f 346/364/346 341/359/341 343/361/343
f 347/365/347 345/366/345 344/362/344
f 349/367/349 344/362/344 346/364/346
f 351/368/351 347/365/347 350/369/350
f 350/369/350 349/367/349 352/370/352
f 354/371/354 350/369/350 353/372/353
f 353/372/353 352/370/352 355/373/355
f 357/374/357 353/372/353 356/375/356
f 356/375/356 355/373/355 358/376/358
f 360/377/360 356/375/356 359/378/359
f 359/378/359 358/376/358 361/379/361
f 363/380/363 359/378/359 362/381/362
f 362/381/362 361/379/361 364/382/364
f 366/383/366 362/381/362 365/384/365
f 365/384/365 364/382/364 367/385/367
f 369/386/369 365/384/365 368/387/368
f 368/387/368 367/385/367 370/388/370
f 372/389/372 368/387/368 371/390/371
f 371/390/371 370/388/370 373/391/373
f 374/392/374 372/393/372 371/394/371
f 376/395/376 371/394/371 373/396/373
f 377/397/377 375/398/375 374/392/374
f 379/399/379 374/392/374 376/395/376
f 380/400/380 378/401/378 377/397/377
f 382/402/382 377/397/377 379/399/379
f 383/403/383 381/404/381 380/400/380
f 385/405/385 380/400/380 382/402/382
f 386/406/386 384/407/384 383/403/383
f 388/408/388 383/403/383 385/405/385
f 389/409/389 387/410/387 386/406/386
f 391/411/391 386/406/386 388/408/388
f 392/412/392 390/413/390 389/409/389
f 394/414/394 389/409/389 391/411/391
f 395/415/395 393/416/393 392/412/392
f 397/417/397 392/412/392 394/414/394
f 399/418/399 395/415/395 398/419/398
f 398/419/398 397/417/397 400/420/400
f 402/421/402 398/419/398 401/422/401
f 401/422/401 400/420/400 403/423/403
f 405/424/405 401/422/401 404/425/404
f 404/425/404 403/423/403 406/426/406
f 408/427/408 404/425/404 407/428/407
f 407/428/407 406/426/406 409/429/409
f 411/430/411 407/428/407 410/431/410
f 410/431/410 409/429/409 412/432/412
f 414/433/414 410/431/410 413/434/413
f 413/434/413 412/432/412 415/435/415
f 546/436/546 413/434/413 323/344/323
f 323/344/323 415/435/415 417/341/417
f 415/435/415 478/437/478 416/438/416
f 417/341/417 416/438/416 418/439/418
f 325/342/325 418/439/418 420/440/420
f 418/439/418 481/441/481 419/442/419
f 420/440/420 419/442/419 421/443/421
f 422/444/422 325/342/325 420/440/420
f 423/445/423 420/440/420 421/443/421
f 424/446/424 328/346/328 422/444/422
f 425/447/425 422/444/422 423/445/423
f 426/448/426 331/349/331 424/446/424
f 427/449/427 424/446/424 425/447/425
f 428/450/428 334/352/334 426/448/426
f 429/451/429 426/448/426 427/449/427
f 430/452/430 337/355/337 428/450/428
f 431/453/431 428/450/428 429/451/429
f 432/454/432 340/358/340 430/452/430
f 433/455/433 430/452/430 431/453/431
f 434/456/434 343/361/343 432/454/432
f 435/457/435 432/454/432 433/455/433
f 436/458/436 346/364/346 434/456/434
f 437/459/437 434/456/434 435/457/435
f 352/370/352 436/458/436 438/460/438
f 438/460/438 437/459/437 439/461/439
f 355/373/355 438/460/438 440/462/440
f 440/462/440 439/461/439 441/463/441
f 358/376/358 440/462/440 442/464/442
f 442/464/442 441/463/441 443/465/443
f 361/379/361 442/464/442 444/466/444
f 444/466/444 443/465/443 445/467/445
f 364/382/364 444/466/444 446/468/446
f 446/468/446 445/467/445 447/469/447
f 367/385/367 446/468/446 448/470/448
f 448/470/448 447/469/447 449/471/449
f 370/388/370 448/470/448 450/472/450
f 450/472/450 449/471/449 451/473/451
f 373/391/373 450/472/450 452/474/452
f 452/474/452 451/473/451 453/475/453
f 454/476/454 373/396/373 452/477/452
f 455/478/455 452/477/452 453/479/453
f 456/480/456 376/395/376 454/476/454
f 457/481/457 454/476/454 455/478/455
f 458/482/458 379/399/379 456/480/456
f 459/483/459 456/480/456 457/481/457
f 460/484/460 382/402/382 458/482/458
f 461/485/461 458/482/458 459/483/459
f 462/486/462 385/405/385 460/484/460
f 463/487/463 460/484/460 461/485/461
f 464/488/464 388/408/388 462/486/462
f 465/489/465 462/486/462 463/487/463
f 466/490/466 391/411/391 464/488/464
f 467/491/467 464/488/464 465/489/465
f 468/492/468 394/414/394 466/490/466
f 469/493/469 466/490/466 467/491/467
f 400/420/400 468/492/468 470/494/470
f 470/494/470 469/493/469 471/495/471
f 403/423/403 470/494/470 472/496/472
f 472/496/472 471/495/471 473/497/473
f 406/426/406 472/496/472 474/498/474
f 474/498/474 473/497/473 475/499/475
f 409/429/409 474/498/474 476/500/476
f 476/500/476 475/499/475 477/501/477
f 412/432/412 476/500/476 478/437/478
f 478/437/478 477/501/477 479/502/479
f 416/438/416 479/502/479 481/441/481
f 479/502/479 542/503/542 480/504/480
f 481/441/481 480/504/480 482/505/482
f 419/442/419 482/505/482 484/506/484
f 482/505/482 544/507/544 483/508/483
f 484/506/484 483/508/483 485/509/485
f 421/443/421 484/506/484 486/510/486
f 486/510/486 485/509/485 487/511/487
f 489/512/489 486/510/486 487/511/487
f 488/513/488 421/443/421 486/510/486
f 490/514/490 423/445/423 488/513/488
f 491/515/491 488/513/488 489/512/489
f 492/516/492 425/447/425 490/514/490
f 493/517/493 490/514/490 491/515/491
f 494/518/494 427/449/427 492/516/492
f 495/519/495 492/516/492 493/517/493
f 496/520/496 429/451/429 494/518/494
f 497/521/497 494/518/494 495/519/495
f 498/522/498 431/453/431 496/520/496
f 499/523/499 496/520/496 497/521/497
f 500/524/500 433/455/433 498/522/498
f 501/525/501 498/522/498 499/523/499
f 502/526/502 435/457/435 500/524/500
f 503/527/503 500/524/500 501/525/501
f 439/461/439 502/526/502 504/528/504
f 504/528/504 503/527/503 505/529/505
f 441/463/441 504/528/504 506/530/506
f 506/530/506 505/529/505 507/531/507
f 443/465/443 506/530/506 508/532/508
f 508/532/508 507/531/507 509/533/509
f 445/467/445 508/532/508 510/534/510
f 510/534/510 509/533/509 511/535/511
f 447/469/447 510/534/510 512/536/512
f 512/536/512 511/535/511 513/537/513
f 449/471/449 512/536/512 514/538/514
f 514/538/514 513/537/513 515/539/515
f 451/473/451 514/538/514 516/540/516
f 516/540/516 515/539/515 517/541/517
f 453/475/453 516/540/516 518/542/518
f 518/542/518 517/541/517 519/543/519
f 520/544/520 453/479/453 518/545/518
f 521/546/521 518/545/518 519/547/519
f 522/548/522 455/478/455 520/544/520
f 523/549/523 520/544/520 521/546/521
f 524/550/524 457/481/457 522/548/522
f 525/551/525 522/548/522 523/549/523
f 526/552/526 459/483/459 524/550/524
f 527/553/527 524/550/524 525/551/525
f 528/554/528 461/485/461 526/552/526
f 529/555/529 526/552/526 527/553/527
f 530/556/530 463/487/463 528/554/528
f 531/557/531 528/554/528 529/555/529
f 532/558/532 465/489/465 530/556/530
f 533/559/533 530/556/530 531/557/531
f 534/560/534 467/491/467 532/558/532
f 535/561/535 532/558/532 533/559/533
f 471/495/471 534/560/534 536/562/536
f 536/562/536 535/561/535 537/563/537
f 473/497/473 536/562/536 538/564/538
f 538/564/538 537/563/537 539/565/539
f 475/499/475 538/564/538 540/566/540
f 540/566/540 539/565/539 541/567/541
f 477/501/477 540/566/540 542/503/542
f 542/503/542 541/567/541 543/568/543
f 480/504/480 543/568/543 544/507/544
f 495/569/495 493/570/493 543/571/543
f 545/572/545 411/430/411 414/433/414
f 547/573/547 414/433/414 546/436/546
f 549/574/548 546/436/546 324/343/324
f 547/573/547 548/575/227 545/572/545
f 549/574/548 548/575/227 547/573/547
f 327/348/327 549/574/548 324/343/324
f 550/576/549 548/575/227 549/574/548
f 330/351/330 550/576/549 327/348/327
f 551/577/550 548/575/227 550/576/549
f 333/354/333 551/577/550 330/351/330
f 552/578/551 548/575/227 551/577/550
f 336/357/336 552/578/551 333/354/333
f 553/579/552 548/575/227 552/578/551
f 339/360/339 553/579/552 336/357/336
f 554/580/553 548/575/227 553/579/552
f 342/363/342 554/580/553 339/360/339
f 555/581/554 548/575/227 554/580/553
f 345/366/345 555/581/554 342/363/342
f 556/582/555 548/575/227 555/581/554
f 348/583/348 556/582/555 345/366/345
f 557/584/556 548/575/227 556/582/555
f 558/585/557 348/583/348 351/368/351
f 558/585/557 548/575/227 557/584/556
f 559/586/558 351/368/351 354/371/354
f 559/586/558 548/575/227 558/585/557
f 560/587/559 354/371/354 357/374/357
f 560/587/559 548/575/227 559/586/558
f 561/588/560 357/374/357 360/377/360
f 561/588/560 548/575/227 560/587/559
f 562/589/561 360/377/360 363/380/363
f 562/589/561 548/575/227 561/588/560
f 563/590/562 363/380/363 366/383/366
f 563/590/562 548/575/227 562/589/561
f 564/591/563 366/383/366 369/386/369
f 564/591/563 548/575/227 563/590/562
f 565/592/564 369/386/369 372/389/372
f 565/592/564 548/575/227 564/591/563
f 375/398/375 565/593/564 372/393/372
f 566/594/565 548/575/227 565/593/564
f 378/401/378 566/594/565 375/398/375
f 567/595/566 548/575/227 566/594/565
f 381/404/381 567/595/566 378/401/378
f 568/596/567 548/575/227 567/595/566
f 384/407/384 568/596/567 381/404/381
f 569/597/568 548/575/227 568/596/567
f 387/410/387 569/597/568 384/407/384
f 570/598/569 548/575/227 569/597/568
f 390/413/390 570/598/569 387/410/387
f 571/599/570 548/575/227 570/598/569
f 393/416/393 571/599/570 390/413/390
f 572/600/571 548/575/227 571/599/570
f 396/601/396 572/600/571 393/416/393
f 573/602/572 548/575/227 572/600/571
f 574/603/573 396/601/396 399/418/399
f 574/603/573 548/575/227 573/602/572
f 575/604/574 399/418/399 402/421/402
f 575/604/574 548/575/227 574/603/573
f 576/605/575 548/575/227 575/604/574
f 576/605/575 402/421/402 405/424/405
f 577/606/576 405/424/405 408/427/408
f 577/606/576 548/575/227 576/605/575
f 578/607/577 408/427/408 411/430/411
f 578/607/577 548/575/227 577/606/576
f 545/572/545 548/575/227 578/607/577
f 603/608/596 627/609/615 651/610/632
f 582/611/581 580/612/579 579/613/578
f 581/614/580 582/611/581 579/613/578
f 584/615/582 583/616/581 582/611/581
f 582/611/581 586/617/583 585/618/583
f 580/612/579 587/619/584 588/620/585
f 586/617/583 587/619/584 585/618/583
f 587/619/584 591/621/587 588/620/585
f 587/619/584 592/622/588 590/623/586
f 591/621/587 593/624/589 594/625/590
f 590/623/586 595/626/589 593/624/589
f 593/624/589 597/627/592 594/625/590
f 595/626/589 596/628/591 593/624/589
f 597/627/592 599/629/593 600/630/594
f 596/628/591 601/631/593 599/629/593
f 599/629/593 603/632/596 600/630/594
f 601/631/593 602/633/595 599/629/593
f 603/632/596 605/634/598 606/635/599
f 602/633/595 607/636/598 605/634/598
f 605/634/598 609/637/601 606/635/599
f 607/636/598 608/638/600 605/634/598
f 609/637/601 611/639/603 612/640/604
f 608/638/600 613/641/603 611/639/603
f 611/639/603 615/642/606 612/640/604
f 613/641/603 614/643/605 611/639/603
f 615/642/606 617/644/607 618/645/608
f 614/643/605 619/646/607 617/644/607
f 617/644/607 621/647/610 618/645/608
f 619/646/607 620/648/609 617/644/607
f 621/647/610 623/649/612 624/650/613
f 622/651/611 623/649/612 620/648/609
f 623/649/612 627/652/615 624/650/613
f 623/649/612 628/653/614 626/654/614
f 627/652/615 629/655/616 630/656/617
f 628/653/614 629/655/616 626/654/614
f 629/657/616 633/658/619 630/659/617
f 631/660/616 632/661/618 629/657/616
f 633/658/619 635/662/620 636/663/621
f 634/664/618 635/662/620 632/661/618
f 635/662/620 639/665/623 636/663/621
f 637/666/620 638/667/622 635/662/620
f 638/667/622 642/668/626 639/665/623
f 640/669/624 641/670/625 638/667/622
f 642/668/626 644/671/627 645/672/628
f 641/670/625 646/673/627 644/671/627
f 645/672/628 647/674/629 648/675/630
f 644/671/627 649/676/629 647/674/629
f 647/674/629 651/677/632 648/675/630
f 649/676/629 650/678/631 647/674/629
f 651/677/632 653/679/633 654/680/634
f 650/678/631 655/681/633 653/679/633
f 653/679/633 657/682/636 654/680/634
f 655/681/633 656/683/635 653/679/633
f 657/682/636 659/684/637 660/685/638
f 656/683/635 661/686/637 659/684/637
f 659/684/637 663/687/640 660/685/638
f 661/686/637 662/688/639 659/684/637
f 662/688/639 666/689/642 663/687/640
f 664/690/639 665/691/641 662/688/639
f 666/689/642 668/692/643 669/693/644
f 665/691/641 670/694/645 668/692/643
f 669/693/644 671/695/646 672/696/647
f 668/692/643 673/697/646 671/695/646
f 671/695/646 581/614/580 672/696/647
f 671/695/646 675/698/582 584/615/582
f 673/697/646 676/699/582 675/698/582
f 736/700/645 673/697/646 670/694/645
f 675/698/582 678/701/581 583/616/581
f 676/699/582 679/702/649 678/701/581
f 674/703/646 677/704/648 676/699/582
f 678/701/581 586/617/583 583/616/581
f 679/702/649 680/705/583 678/701/581
f 681/706/650 682/707/584 680/705/583
f 680/705/583 589/708/584 586/617/583
f 682/707/584 685/709/652 684/710/588
f 589/708/584 684/710/588 592/622/588
f 685/709/652 686/711/589 684/710/588
f 592/622/588 686/711/589 595/626/589
f 686/711/589 689/712/654 688/713/591
f 686/711/589 598/714/591 595/626/589
f 688/713/591 691/715/655 690/716/593
f 598/714/591 690/716/593 601/631/593
f 690/716/593 693/717/656 692/718/597
f 601/631/593 692/718/597 604/719/597
f 693/717/656 694/720/598 692/718/597
f 692/718/597 607/636/598 604/719/597
f 694/720/598 697/721/658 696/722/602
f 607/636/598 696/722/602 610/723/602
f 697/721/658 698/724/603 696/722/602
f 696/722/602 613/641/603 610/723/602
f 699/725/659 700/726/605 698/724/603
f 698/724/603 616/727/605 613/641/603
f 701/728/660 702/729/607 700/726/605
f 616/727/605 702/729/607 619/646/607
f 702/729/607 705/730/662 704/731/611
f 702/729/607 622/651/611 619/646/607
f 705/730/662 706/732/612 704/731/611
f 704/731/611 625/733/612 622/651/611
f 706/732/612 709/734/664 708/735/614
f 625/733/612 708/735/614 628/653/614
f 708/735/614 711/736/665 710/737/616
f 628/653/614 710/737/616 631/738/616
f 711/739/665 712/740/618 710/741/616
f 710/741/616 634/664/618 631/660/616
f 713/742/666 714/743/620 712/740/618
f 712/740/618 637/666/620 634/664/618
f 714/743/620 717/744/668 716/745/624
f 637/666/620 716/745/624 640/669/624
f 717/744/668 718/746/625 716/745/624
f 716/745/624 643/747/625 640/669/624
f 718/746/625 721/748/670 720/749/627
f 643/747/625 720/749/627 646/673/627
f 721/748/670 722/750/629 720/749/627
f 646/673/627 722/750/629 649/676/629
f 722/750/629 725/751/673 724/752/672
f 722/750/629 652/753/631 649/676/629
f 725/751/673 726/754/633 724/752/672
f 652/753/631 726/754/633 655/681/633
f 726/754/633 729/755/676 728/756/675
f 726/754/633 658/757/635 655/681/633
f 729/755/676 730/758/637 728/756/675
f 658/757/635 730/758/637 661/686/637
f 730/758/637 733/759/678 732/760/639
f 730/758/637 664/690/639 661/686/637
f 733/759/678 734/761/641 732/760/639
f 732/760/639 667/762/641 664/690/639
f 734/761/641 737/763/680 736/700/645
f 667/762/641 736/700/645 670/694/645
f 737/763/680 674/703/646 736/700/645
f 738/764/681 739/765/682 737/763/680
f 800/766/743 737/763/680 735/767/679
f 740/768/683 677/704/648 739/765/682
f 741/769/684 742/770/685 740/768/683
f 803/771/746 740/768/683 738/764/681
f 743/772/686 744/773/687 742/770/685
f 742/770/685 679/702/649 677/704/648
f 744/773/687 681/706/650 679/702/649
f 745/774/688 746/775/689 744/773/687
f 747/776/690 748/777/691 746/775/689
f 746/775/689 683/778/651 681/706/650
f 749/779/692 750/780/693 748/777/691
f 748/777/691 685/709/652 683/778/651
f 751/781/694 752/782/695 750/780/693
f 750/780/693 687/783/653 685/709/652
f 753/784/696 754/785/697 752/782/695
f 752/782/695 689/712/654 687/783/653
f 755/786/698 756/787/699 754/785/697
f 754/785/697 691/715/655 689/712/654
f 757/788/700 758/789/701 756/787/699
f 756/787/699 693/717/656 691/715/655
f 759/790/702 760/791/703 758/789/701
f 758/789/701 695/792/657 693/717/656
f 760/791/703 763/793/706 762/794/705
f 695/792/657 762/794/705 697/721/658
f 762/794/705 765/795/708 764/796/707
f 697/721/658 764/796/707 699/725/659
f 764/796/707 767/797/710 766/798/709
f 699/725/659 766/798/709 701/728/660
f 766/798/709 769/799/712 768/800/711
f 701/728/660 768/800/711 703/801/661
f 768/800/711 771/802/714 770/803/713
f 703/801/661 770/803/713 705/730/662
f 770/803/713 773/804/716 772/805/715
f 705/730/662 772/805/715 707/806/663
f 772/805/715 775/807/718 774/808/717
f 707/806/663 774/808/717 709/734/664
f 774/808/717 777/809/720 776/810/719
f 709/734/664 776/810/719 711/736/665
f 776/811/719 779/812/722 778/813/721
f 711/739/665 778/813/721 713/742/666
f 778/813/721 781/814/724 780/815/723
f 713/742/666 780/815/723 715/816/667
f 780/815/723 783/817/726 782/818/725
f 715/816/667 782/818/725 717/744/668
f 782/818/725 785/819/728 784/820/727
f 717/744/668 784/820/727 719/821/669
f 784/820/727 787/822/730 786/823/729
f 719/821/669 786/823/729 721/748/670
f 786/823/729 789/824/732 788/825/731
f 721/748/670 788/825/731 723/826/671
f 788/825/731 791/827/734 790/828/733
f 723/826/671 790/828/733 725/751/673
f 790/828/733 793/829/736 792/830/735
f 725/751/673 792/830/735 727/831/674
f 793/829/736 794/832/737 792/830/735
f 792/830/735 729/755/676 727/831/674
f 795/833/738 796/834/739 794/832/737
f 794/832/737 731/835/677 729/755/676
f 797/836/740 798/837/741 796/834/739
f 796/834/739 733/759/678 731/835/677
f 799/838/742 800/766/743 798/837/741
f 798/837/741 735/767/679 733/759/678
f 801/839/744 738/764/681 800/766/743
f 802/840/745 803/771/746 801/839/744
f 864/841/807 801/839/744 799/838/742
f 804/842/747 741/769/684 803/771/746
f 805/843/748 806/844/749 804/842/747
f 867/845/810 804/842/747 802/840/745
f 807/846/750 808/847/751 806/844/749
f 806/844/749 743/772/686 741/769/684
f 809/848/752 810/849/753 808/847/751
f 808/847/751 745/774/688 743/772/686
f 810/849/753 747/776/690 745/774/688
f 811/850/754 812/851/755 810/849/753
f 813/852/756 814/853/757 812/851/755
f 812/851/755 749/779/692 747/776/690
f 815/854/758 816/855/759 814/853/757
f 814/853/757 751/781/694 749/779/692
f 817/856/760 818/857/761 816/855/759
f 816/855/759 753/784/696 751/781/694
f 819/858/762 820/859/763 818/857/761
f 818/857/761 755/786/698 753/784/696
f 821/860/764 822/861/765 820/859/763
f 820/859/763 757/788/700 755/786/698
f 823/862/766 824/863/767 822/861/765
f 822/861/765 759/790/702 757/788/700
f 825/864/768 826/865/769 824/863/767
f 824/863/767 761/866/704 759/790/702
f 826/865/769 829/867/772 828/868/771
f 761/866/704 828/868/771 763/793/706
f 828/868/771 831/869/774 830/870/773
f 763/793/706 830/870/773 765/795/708
f 830/870/773 833/871/776 832/872/775
f 765/795/708 832/872/775 767/797/710
f 832/872/775 835/873/778 834/874/777
f 767/797/710 834/874/777 769/799/712
f 834/874/777 837/875/780 836/876/779
f 769/799/712 836/876/779 771/802/714
f 836/876/779 839/877/782 838/878/781
f 771/802/714 838/878/781 773/804/716
f 838/878/781 841/879/784 840/880/783
f 773/804/716 840/880/783 775/807/718
f 840/880/783 843/881/786 842/882/785
f 775/807/718 842/882/785 777/809/720
f 842/883/785 845/884/788 844/885/787
f 777/886/720 844/885/787 779/812/722
f 844/885/787 847/887/790 846/888/789
f 779/812/722 846/888/789 781/814/724
f 846/888/789 849/889/792 848/890/791
f 781/814/724 848/890/791 783/817/726
f 848/890/791 851/891/794 850/892/793
f 783/817/726 850/892/793 785/819/728
f 850/892/793 853/893/796 852/894/795
f 785/819/728 852/894/795 787/822/730
f 852/894/795 855/895/798 854/896/797
f 787/822/730 854/896/797 789/824/732
f 854/896/797 857/897/800 856/898/799
f 789/824/732 856/898/799 791/827/734
f 856/898/799 859/899/802 858/900/801
f 791/827/734 858/900/801 793/829/736
f 859/899/802 860/901/803 858/900/801
f 858/900/801 795/833/738 793/829/736
f 861/902/804 862/903/805 860/901/803
f 860/901/803 797/836/740 795/833/738
f 863/904/806 864/841/807 862/903/805
f 862/903/805 799/838/742 797/836/740
f 865/905/808 802/840/745 864/841/807
f 866/906/809 867/845/810 865/905/808
f 928/907/871 865/905/808 863/904/806
f 868/908/811 805/843/748 867/845/810
f 930/909/873 868/908/811 866/906/809
f 869/910/812 870/911/813 868/908/811
f 871/912/814 872/913/815 870/911/813
f 870/911/813 807/846/750 805/843/748
f 873/914/816 874/915/817 872/913/815
f 872/913/815 809/848/752 807/846/750
f 875/916/818 876/917/819 874/915/817
f 874/915/817 811/850/754 809/848/752
f 877/918/820 878/919/821 876/917/819
f 876/917/819 813/852/756 811/850/754
f 879/920/822 880/921/823 878/919/821
f 878/919/821 815/854/758 813/852/756
f 881/922/824 882/923/825 880/921/823
f 880/921/823 817/856/760 815/854/758
f 883/924/826 884/925/827 882/923/825
f 882/923/825 819/858/762 817/856/760
f 885/926/828 886/927/829 884/925/827
f 884/925/827 821/860/764 819/858/762
f 887/928/830 888/929/831 886/927/829
f 886/927/829 823/862/766 821/860/764
f 889/930/832 890/931/833 888/929/831
f 888/929/831 825/864/768 823/862/766
f 891/932/834 892/933/835 890/931/833
f 890/931/833 827/934/770 825/864/768
f 892/933/835 895/935/838 894/936/837
f 827/934/770 894/936/837 829/867/772
f 894/936/837 897/937/840 896/938/839
f 829/867/772 896/938/839 831/869/774
f 896/938/839 899/939/842 898/940/841
f 831/869/774 898/940/841 833/871/776
f 898/940/841 901/941/844 900/942/843
f 833/871/776 900/942/843 835/873/778
f 900/942/843 903/943/846 902/944/845
f 835/873/778 902/944/845 837/875/780
f 902/944/845 905/945/848 904/946/847
f 837/875/780 904/946/847 839/877/782
f 904/946/847 907/947/850 906/948/849
f 839/877/782 906/948/849 841/879/784
f 906/948/849 909/949/852 908/950/851
f 841/879/784 908/950/851 843/881/786
f 908/951/851 911/952/854 910/953/853
f 843/954/786 910/953/853 845/884/788
f 910/953/853 913/955/856 912/956/855
f 845/884/788 912/956/855 847/887/790
f 912/956/855 915/957/858 914/958/857
f 847/887/790 914/958/857 849/889/792
f 914/958/857 917/959/860 916/960/859
f 849/889/792 916/960/859 851/891/794
f 916/960/859 919/961/862 918/962/861
f 851/891/794 918/962/861 853/893/796
f 918/962/861 921/963/864 920/964/863
f 853/893/796 920/964/863 855/895/798
f 920/964/863 923/965/866 922/966/865
f 855/895/798 922/966/865 857/897/800
f 922/966/865 925/967/868 924/968/867
f 857/897/800 924/968/867 859/899/802
f 925/967/868 926/969/869 924/968/867
f 924/968/867 861/902/804 859/899/802
f 927/970/870 928/907/871 926/969/869
f 926/969/869 863/904/806 861/902/804
f 929/971/872 866/906/809 928/907/871
f 913/972/856 897/973/840 881/974/824
f 932/975/875 933/976/876 995/977/938
f 934/978/877 932/975/875 935/979/878
f 988/980/931 931/981/874 964/982/907
f 936/983/879 935/979/878 937/984/880
f 938/985/881 937/984/880 939/986/882
f 940/987/883 939/986/882 941/988/884
f 942/989/885 941/988/884 943/990/886
f 944/991/887 943/990/886 945/992/888
f 946/993/889 945/992/888 947/994/890
f 948/995/891 947/994/890 949/996/892
f 950/997/893 949/996/892 951/998/894
f 952/999/895 951/998/894 953/1000/896
f 954/1001/897 953/1000/896 955/1002/898
f 956/1003/899 955/1002/898 957/1004/900
f 958/1005/901 957/1004/900 959/1006/902
f 960/1007/903 959/1006/902 961/1008/904
f 962/1009/905 961/1008/904 963/1010/906
f 964/1011/907 963/1010/906 965/1012/908
f 966/1013/909 965/1014/908 967/1015/910
f 968/1016/911 967/1015/910 969/1017/912
f 970/1018/913 969/1017/912 971/1019/914
f 972/1020/915 971/1019/914 973/1021/916
f 974/1022/917 973/1021/916 975/1023/918
f 976/1024/919 975/1023/918 977/1025/920
f 978/1026/921 977/1025/920 979/1027/922
f 980/1028/923 979/1027/922 981/1029/924
f 982/1030/925 981/1029/924 983/1031/926
f 984/1032/927 983/1031/926 985/1033/928
f 986/1034/929 985/1033/928 987/1035/930
f 988/1036/931 987/1035/930 989/1037/932
f 990/1038/933 989/1037/932 991/1039/934
f 992/1040/935 991/1039/934 993/1041/936
f 933/976/876 993/1041/936 995/977/938
f 996/1042/939 993/1041/936 994/1043/937
f 994/1043/937 991/1039/934 1086/1044/1029
f 998/1045/941 995/977/938 996/1042/939
f 998/1045/941 997/1046/940 1000/1047/943
f 997/1046/940 994/1043/937 1088/1048/1031
f 935/979/878 998/1045/941 999/1049/942
f 999/1049/942 1000/1047/943 1002/1050/945
f 1001/1051/944 997/1046/940 1091/1052/1034
f 1002/1050/945 1001/1051/944 1003/1053/946
f 1004/1054/947 999/1049/942 1002/1050/945
f 1004/1054/947 1003/1053/946 1006/1055/949
f 1007/1056/950 1005/1057/948 1004/1054/947
f 1007/1056/950 1006/1055/949 1009/1058/952
f 1010/1059/953 1008/1060/951 1007/1056/950
f 1010/1059/953 1009/1058/952 1012/1061/955
f 1013/1062/956 1011/1063/954 1010/1059/953
f 1013/1062/956 1012/1061/955 1015/1064/958
f 1016/1065/959 1014/1066/957 1013/1062/956
f 1016/1065/959 1015/1064/958 1018/1067/961
f 1019/1068/962 1017/1069/960 1016/1065/959
f 1019/1068/962 1018/1067/961 1021/1070/964
f 1022/1071/965 1020/1072/963 1019/1068/962
f 1022/1071/965 1021/1070/964 1024/1073/967
f 1025/1074/968 1023/1075/966 1022/1071/965
f 1025/1074/968 1024/1073/967 1027/1076/970
f 1028/1077/971 1026/1078/969 1025/1074/968
f 1028/1077/971 1027/1076/970 1030/1079/973
f 1031/1080/974 1029/1081/972 1028/1077/971
f 1031/1080/974 1030/1079/973 1033/1082/976
f 1034/1083/977 1032/1084/975 1031/1080/974
f 1034/1083/977 1033/1082/976 1036/1085/979
f 1037/1086/980 1035/1087/978 1034/1083/977
f 1037/1086/980 1036/1085/979 1039/1088/982
f 1040/1089/983 1038/1090/981 1037/1086/980
f 1040/1089/983 1039/1088/982 1042/1091/985
f 1043/1092/986 1041/1093/984 1040/1089/983
f 1043/1092/986 1042/1091/985 1045/1094/988
f 1046/1095/989 1044/1096/987 1043/1092/986
f 1046/1095/989 1045/1094/988 1048/1097/991
f 1049/1098/992 1047/1099/990 1046/1100/989
f 1049/1098/992 1048/1101/991 1051/1102/994
f 1052/1103/995 1050/1104/993 1049/1098/992
f 1052/1103/995 1051/1102/994 1054/1105/997
f 1055/1106/998 1053/1107/996 1052/1103/995
f 1055/1106/998 1054/1105/997 1057/1108/1000
f 1058/1109/1001 1056/1110/999 1055/1106/998
f 1058/1109/1001 1057/1108/1000 1060/1111/1003
f 1061/1112/1004 1059/1113/1002 1058/1109/1001
f 1061/1112/1004 1060/1111/1003 1063/1114/1006
f 1064/1115/1007 1062/1116/1005 1061/1112/1004
f 1064/1115/1007 1063/1114/1006 1066/1117/1009
f 1067/1118/1010 1065/1119/1008 1064/1115/1007
f 1067/1118/1010 1066/1117/1009 1069/1120/1012
f 1070/1121/1013 1068/1122/1011 1067/1118/1010
f 1070/1121/1013 1069/1120/1012 1072/1123/1015
f 1073/1124/1016 1071/1125/1014 1070/1121/1013
f 1073/1124/1016 1072/1123/1015 1075/1126/1018
f 1076/1127/1019 1074/1128/1017 1073/1124/1016
f 1078/1129/1021 1073/1124/1016 1075/1126/1018
f 1079/1130/1022 1077/1131/1020 1076/1127/1019
f 1079/1130/1022 1078/1129/1021 1081/1132/1024
f 1082/1133/1025 1080/1134/1023 1079/1130/1022
f 1082/1133/1025 1081/1132/1024 1084/1135/1027
f 1085/1136/1028 1083/1137/1026 1082/1133/1025
f 1087/1138/1030 1082/1133/1025 1084/1135/1027
f 1088/1048/1031 1086/1044/1029 1085/1136/1028
f 1089/1139/1032 1085/1136/1028 1087/1138/1030
f 1091/1052/1034 1088/1048/1031 1089/1139/1032
f 1091/1052/1034 1090/1140/1033 1092/1141/1035
f 1090/1140/1033 1087/1138/1030 1152/1142/1095
f 1001/1051/944 1092/1141/1035 1094/1143/1037
f 1094/1143/1037 1093/1144/1036 1095/1145/1038
f 1092/1141/1035 1154/1146/1097 1093/1144/1036
f 1096/1147/1039 1001/1051/944 1094/1143/1037
f 1096/1147/1039 1095/1145/1038 1097/1148/1040
f 1098/1149/1041 1003/1053/946 1096/1147/1039
f 1098/1149/1041 1097/1148/1040 1099/1150/1042
f 1100/1151/1043 1006/1055/949 1098/1149/1041
f 1101/1152/1044 1098/1149/1041 1099/1150/1042
f 1102/1153/1045 1009/1058/952 1100/1151/1043
f 1102/1153/1045 1101/1152/1044 1103/1154/1046
f 1104/1155/1047 1012/1061/955 1102/1153/1045
f 1104/1155/1047 1103/1154/1046 1105/1156/1048
f 1106/1157/1049 1015/1064/958 1104/1155/1047
f 1106/1157/1049 1105/1156/1048 1107/1158/1050
f 1108/1159/1051 1018/1067/961 1106/1157/1049
f 1109/1160/1052 1106/1157/1049 1107/1158/1050
f 1110/1161/1053 1021/1070/964 1108/1159/1051
f 1110/1161/1053 1109/1160/1052 1111/1162/1054
f 1112/1163/1055 1024/1073/967 1110/1161/1053
f 1112/1163/1055 1111/1162/1054 1113/1164/1056
f 1114/1165/1057 1027/1076/970 1112/1163/1055
f 1114/1165/1057 1113/1164/1056 1115/1166/1058
f 1116/1167/1059 1030/1079/973 1114/1165/1057
f 1116/1167/1059 1115/1166/1058 1117/1168/1060
f 1118/1169/1061 1033/1082/976 1116/1167/1059
f 1118/1169/1061 1117/1168/1060 1119/1170/1062
f 1039/1088/982 1118/1169/1061 1120/1171/1063
f 1120/1171/1063 1119/1170/1062 1121/1172/1064
f 1122/1173/1065 1039/1088/982 1120/1171/1063
f 1123/1174/1066 1120/1171/1063 1121/1172/1064
f 1124/1175/1067 1042/1091/985 1122/1173/1065
f 1125/1176/1068 1122/1173/1065 1123/1174/1066
f 1126/1177/1069 1045/1094/988 1124/1175/1067
f 1126/1177/1069 1125/1176/1068 1127/1178/1070
f 1128/1179/1071 1048/1101/991 1126/1180/1069
f 1128/1179/1071 1127/1181/1070 1129/1182/1072
f 1130/1183/1073 1051/1102/994 1128/1179/1071
f 1131/1184/1074 1128/1179/1071 1129/1182/1072
f 1132/1185/1075 1054/1105/997 1130/1183/1073
f 1132/1185/1075 1131/1184/1074 1133/1186/1076
f 1134/1187/1077 1057/1108/1000 1132/1185/1075
f 1134/1187/1077 1133/1186/1076 1135/1188/1078
f 1136/1189/1079 1060/1111/1003 1134/1187/1077
f 1136/1189/1079 1135/1188/1078 1137/1190/1080
f 1138/1191/1081 1063/1114/1006 1136/1189/1079
f 1139/1192/1082 1136/1189/1079 1137/1190/1080
f 1140/1193/1083 1066/1117/1009 1138/1191/1081
f 1140/1193/1083 1139/1192/1082 1141/1194/1084
f 1142/1195/1085 1069/1120/1012 1140/1193/1083
f 1143/1196/1086 1140/1193/1083 1141/1194/1084
f 1144/1197/1087 1072/1123/1015 1142/1195/1085
f 1144/1197/1087 1143/1196/1086 1145/1198/1088
f 1146/1199/1089 1075/1126/1018 1144/1197/1087
f 1146/1199/1089 1145/1198/1088 1147/1200/1090
f 1148/1201/1091 1078/1129/1021 1146/1199/1089
f 1148/1201/1091 1147/1200/1090 1149/1202/1092
f 1150/1203/1093 1081/1132/1024 1148/1201/1091
f 1151/1204/1094 1148/1201/1091 1149/1202/1092
f 1152/1142/1095 1084/1135/1027 1150/1203/1093
f 1153/1205/1096 1150/1203/1093 1151/1204/1094
f 1154/1146/1097 1152/1142/1095 1153/1205/1096
f 1095/1206/1038 1143/1207/1086 1127/1208/1070
f 991/1039/934 1083/1137/1026 1086/1044/1029
f 989/1037/932 1080/1134/1023 1083/1137/1026
f 987/1035/930 1077/1131/1020 1080/1134/1023
f 985/1033/928 1074/1128/1017 1077/1131/1020
f 983/1031/926 1071/1125/1014 1074/1128/1017
f 981/1029/924 1068/1122/1011 1071/1125/1014
f 979/1027/922 1065/1119/1008 1068/1122/1011
f 977/1025/920 1062/1116/1005 1065/1119/1008
f 975/1023/918 1059/1113/1002 1062/1116/1005
f 973/1021/916 1056/1110/999 1059/1113/1002
f 971/1019/914 1053/1107/996 1056/1110/999
f 969/1017/912 1050/1104/993 1053/1107/996
f 967/1015/910 1047/1099/990 1050/1104/993
f 965/1012/908 1044/1096/987 1047/1209/990
f 963/1010/906 1041/1093/984 1044/1096/987
f 961/1008/904 1038/1090/981 1041/1093/984
f 959/1006/902 1035/1087/978 1038/1090/981
f 957/1004/900 1032/1084/975 1035/1087/978
f 955/1002/898 1029/1081/972 1032/1084/975
f 953/1000/896 1026/1078/969 1029/1081/972
f 951/998/894 1023/1075/966 1026/1078/969
f 949/996/892 1020/1072/963 1023/1075/966
f 947/994/890 1017/1069/960 1020/1072/963
f 945/992/888 1014/1066/957 1017/1069/960
f 943/990/886 1011/1063/954 1014/1066/957
f 941/988/884 1008/1060/951 1011/1063/954
f 939/986/882 1005/1057/948 1008/1060/951
f 937/984/880 999/1049/942 1005/1057/948
f 1157/1210/324 1156/1211/323 1155/1212/322
f 1155/1212/322 1250/1213/417 1158/1214/325
f 1159/1215/326 1157/1210/324 1155/1212/322
f 1161/1216/328 1155/1212/322 1158/1214/325
f 1162/1217/329 1160/1218/327 1159/1215/326
f 1164/1219/331 1159/1215/326 1161/1216/328
f 1165/1220/332 1163/1221/330 1162/1217/329
f 1167/1222/334 1162/1217/329 1164/1219/331
f 1168/1223/335 1166/1224/333 1165/1220/332
f 1170/1225/337 1165/1220/332 1167/1222/334
f 1171/1226/338 1169/1227/336 1168/1223/335
f 1173/1228/340 1168/1223/335 1170/1225/337
f 1174/1229/341 1172/1230/339 1171/1226/338
f 1176/1231/343 1171/1226/338 1173/1228/340
f 1177/1232/344 1175/1233/342 1174/1229/341
f 1179/1234/346 1174/1229/341 1176/1231/343
f 1180/1235/347 1178/1236/345 1177/1232/344
f 1182/1237/349 1177/1232/344 1179/1234/346
f 1184/1238/351 1180/1235/347 1183/1239/350
f 1183/1239/350 1182/1237/349 1185/1240/352
f 1187/1241/354 1183/1239/350 1186/1242/353
f 1186/1242/353 1185/1240/352 1188/1243/355
f 1190/1244/357 1186/1242/353 1189/1245/356
f 1189/1245/356 1188/1243/355 1191/1246/358
f 1193/1247/360 1189/1245/356 1192/1248/359
f 1192/1248/359 1191/1246/358 1194/1249/361
f 1196/1250/363 1192/1248/359 1195/1251/362
f 1195/1251/362 1194/1249/361 1197/1252/364
f 1199/1253/366 1195/1251/362 1198/1254/365
f 1198/1254/365 1197/1252/364 1200/1255/367
f 1202/1256/369 1198/1254/365 1201/1257/368
f 1201/1257/368 1200/1255/367 1203/1258/370
f 1205/1259/372 1201/1257/368 1204/1260/371
f 1204/1260/371 1203/1258/370 1206/1261/373
f 1207/1262/374 1205/1263/372 1204/1264/371
f 1209/1265/376 1204/1264/371 1206/1266/373
f 1210/1267/377 1208/1268/375 1207/1262/374
f 1212/1269/379 1207/1262/374 1209/1265/376
f 1213/1270/380 1211/1271/378 1210/1267/377
f 1215/1272/382 1210/1267/377 1212/1269/379
f 1216/1273/383 1214/1274/381 1213/1270/380
f 1218/1275/385 1213/1270/380 1215/1272/382
f 1219/1276/386 1217/1277/384 1216/1273/383
f 1221/1278/388 1216/1273/383 1218/1275/385
f 1222/1279/389 1220/1280/387 1219/1276/386
f 1224/1281/391 1219/1276/386 1221/1278/388
f 1225/1282/392 1223/1283/390 1222/1279/389
f 1227/1284/394 1222/1279/389 1224/1281/391
f 1228/1285/395 1226/1286/393 1225/1282/392
f 1230/1287/397 1225/1282/392 1227/1284/394
f 1232/1288/399 1228/1285/395 1231/1289/398
f 1231/1289/398 1230/1287/397 1233/1290/400
f 1235/1291/402 1231/1289/398 1234/1292/401
f 1234/1292/401 1233/1290/400 1236/1293/403
f 1238/1294/405 1234/1292/401 1237/1295/404
f 1237/1295/404 1236/1293/403 1239/1296/406
f 1241/1297/408 1237/1295/404 1240/1298/407
f 1240/1298/407 1239/1296/406 1242/1299/409
f 1244/1300/1098 1240/1298/407 1243/1301/410
f 1243/1301/410 1242/1299/409 1245/1302/412
f 1247/1303/414 1243/1301/410 1246/1304/413
f 1246/1304/413 1245/1302/412 1248/1305/415
f 1379/1306/546 1246/1304/413 1156/1211/323
f 1156/1211/323 1248/1305/415 1250/1213/417
f 1250/1213/417 1249/1307/416 1251/1308/418
f 1248/1305/415 1311/1309/478 1249/1307/416
f 1158/1214/325 1251/1308/418 1253/1310/420
f 1253/1310/420 1252/1311/419 1254/1312/421
f 1251/1308/418 1314/1313/481 1252/1311/419
f 1255/1314/422 1158/1214/325 1253/1310/420
f 1256/1315/423 1253/1310/420 1254/1312/421
f 1257/1316/424 1161/1216/328 1255/1314/422
f 1258/1317/425 1255/1314/422 1256/1315/423
f 1259/1318/426 1164/1219/331 1257/1316/424
f 1260/1319/427 1257/1316/424 1258/1317/425
f 1261/1320/428 1167/1222/334 1259/1318/426
f 1262/1321/429 1259/1318/426 1260/1319/427
f 1263/1322/430 1170/1225/337 1261/1320/428
f 1264/1323/431 1261/1320/428 1262/1321/429
f 1265/1324/432 1173/1228/340 1263/1322/430
f 1266/1325/433 1263/1322/430 1264/1323/431
f 1267/1326/434 1176/1231/343 1265/1324/432
f 1268/1327/435 1265/1324/432 1266/1325/433
f 1269/1328/436 1179/1234/346 1267/1326/434
f 1270/1329/437 1267/1326/434 1268/1327/435
f 1185/1240/352 1269/1328/436 1271/1330/438
f 1271/1330/438 1270/1329/437 1272/1331/439
f 1188/1243/355 1271/1330/438 1273/1332/440
f 1273/1332/440 1272/1331/439 1274/1333/441
f 1191/1246/358 1273/1332/440 1275/1334/442
f 1275/1334/442 1274/1333/441 1276/1335/443
f 1194/1249/361 1275/1334/442 1277/1336/444
f 1277/1336/444 1276/1335/443 1278/1337/445
f 1197/1252/364 1277/1336/444 1279/1338/446
f 1279/1338/446 1278/1337/445 1280/1339/447
f 1200/1255/367 1279/1338/446 1281/1340/448
f 1281/1340/448 1280/1339/447 1282/1341/449
f 1203/1258/370 1281/1340/448 1283/1342/450
f 1283/1342/450 1282/1341/449 1284/1343/451
f 1206/1261/373 1283/1342/450 1285/1344/452
f 1285/1344/452 1284/1343/451 1286/1345/453
f 1287/1346/454 1206/1266/373 1285/1347/452
f 1288/1348/455 1285/1347/452 1286/1349/453
f 1289/1350/456 1209/1265/376 1287/1346/454
f 1290/1351/457 1287/1346/454 1288/1348/455
f 1291/1352/458 1212/1269/379 1289/1350/456
f 1292/1353/459 1289/1350/456 1290/1351/457
f 1293/1354/460 1215/1272/382 1291/1352/458
f 1294/1355/461 1291/1352/458 1292/1353/459
f 1295/1356/462 1218/1275/385 1293/1354/460
f 1296/1357/463 1293/1354/460 1294/1355/461
f 1297/1358/464 1221/1278/388 1295/1356/462
f 1298/1359/465 1295/1356/462 1296/1357/463
f 1299/1360/466 1224/1281/391 1297/1358/464
f 1300/1361/467 1297/1358/464 1298/1359/465
f 1301/1362/468 1227/1284/394 1299/1360/466
f 1302/1363/469 1299/1360/466 1300/1361/467
f 1233/1290/400 1301/1362/468 1303/1364/470
f 1303/1364/470 1302/1363/469 1304/1365/471
f 1236/1293/403 1303/1364/470 1305/1366/472
f 1305/1366/472 1304/1365/471 1306/1367/473
f 1239/1296/406 1305/1366/472 1307/1368/474
f 1307/1368/474 1306/1367/473 1308/1369/475
f 1242/1299/409 1307/1368/474 1309/1370/476
f 1309/1370/476 1308/1369/475 1310/1371/477
f 1245/1302/412 1309/1370/476 1311/1309/478
f 1311/1309/478 1310/1371/477 1312/1372/479
f 1249/1307/416 1312/1372/479 1314/1313/481
f 1314/1313/481 1313/1373/480 1315/1374/482
f 1312/1372/479 1375/1375/542 1313/1373/480
f 1252/1311/419 1315/1374/482 1317/1376/484
f 1317/1376/484 1316/1377/483 1318/1378/485
f 1315/1374/482 1377/1379/544 1316/1377/483
f 1254/1312/421 1317/1376/484 1319/1380/486
f 1319/1380/486 1318/1378/485 1320/1381/487
f 1322/1382/1099 1319/1380/486 1320/1381/487
f 1321/1383/488 1254/1312/421 1319/1380/486
f 1323/1384/490 1256/1315/423 1321/1383/488
f 1324/1385/491 1321/1383/488 1322/1382/1099
f 1325/1386/492 1258/1317/425 1323/1384/490
f 1326/1387/493 1323/1384/490 1324/1385/491
f 1327/1388/494 1260/1319/427 1325/1386/492
f 1328/1389/495 1325/1386/492 1326/1387/493
f 1329/1390/496 1262/1321/429 1327/1388/494
f 1330/1391/497 1327/1388/494 1328/1389/495
f 1331/1392/498 1264/1323/431 1329/1390/496
f 1332/1393/499 1329/1390/496 1330/1391/497
f 1333/1394/500 1266/1325/433 1331/1392/498
f 1334/1395/501 1331/1392/498 1332/1393/499
f 1335/1396/502 1268/1327/435 1333/1394/500
f 1336/1397/503 1333/1394/500 1334/1395/501
f 1272/1331/439 1335/1396/502 1337/1398/504
f 1337/1398/504 1336/1397/503 1338/1399/505
f 1274/1333/441 1337/1398/504 1339/1400/506
f 1339/1400/506 1338/1399/505 1340/1401/507
f 1276/1335/443 1339/1400/506 1341/1402/508
f 1341/1402/508 1340/1401/507 1342/1403/509
f 1278/1337/445 1341/1402/508 1343/1404/510
f 1343/1404/510 1342/1403/509 1344/1405/511
f 1280/1339/447 1343/1404/510 1345/1406/512
f 1345/1406/512 1344/1405/511 1346/1407/513
f 1282/1341/449 1345/1406/512 1347/1408/514
f 1347/1408/514 1346/1407/513 1348/1409/515
f 1284/1343/451 1347/1408/514 1349/1410/516
f 1349/1410/516 1348/1409/515 1350/1411/1100
f 1286/1345/453 1349/1410/516 1351/1412/518
f 1351/1412/518 1350/1411/1100 1352/1413/519
f 1353/1414/520 1286/1349/453 1351/1415/518
f 1354/1416/521 1351/1415/518 1352/1417/519
f 1355/1418/522 1288/1348/455 1353/1414/520
f 1356/1419/523 1353/1414/520 1354/1416/521
f 1357/1420/524 1290/1351/457 1355/1418/522
f 1358/1421/525 1355/1418/522 1356/1419/523
f 1359/1422/526 1292/1353/459 1357/1420/524
f 1360/1423/527 1357/1420/524 1358/1421/525
f 1361/1424/528 1294/1355/461 1359/1422/526
f 1362/1425/529 1359/1422/526 1360/1423/527
f 1363/1426/530 1296/1357/463 1361/1424/528
f 1364/1427/531 1361/1424/528 1362/1425/529
f 1365/1428/532 1298/1359/465 1363/1426/530
f 1366/1429/533 1363/1426/530 1364/1427/531
f 1367/1430/534 1300/1361/467 1365/1428/532
f 1368/1431/535 1365/1428/532 1366/1429/533
f 1304/1365/471 1367/1430/534 1369/1432/536
f 1369/1432/536 1368/1431/535 1370/1433/537
f 1306/1367/473 1369/1432/536 1371/1434/538
f 1371/1434/538 1370/1433/537 1372/1435/539
f 1308/1369/475 1371/1434/538 1373/1436/540
f 1373/1436/540 1372/1435/539 1374/1437/541
f 1310/1371/477 1373/1436/540 1375/1375/542
f 1375/1375/542 1374/1437/541 1376/1438/543
f 1313/1373/480 1376/1438/543 1377/1379/544
f 1328/1439/495 1326/1440/493 1376/1441/543
f 1380/1442/547 1247/1303/414 1379/1306/546
f 1378/1443/545 1244/1300/1098 1247/1303/414
f 1382/1444/548 1379/1306/546 1157/1210/324
f 1380/1442/547 1381/1445/227 1378/1443/545
f 1382/1444/548 1381/1445/227 1380/1442/547
f 1160/1218/327 1382/1444/548 1157/1210/324
f 1383/1446/549 1381/1445/227 1382/1444/548
f 1163/1221/330 1383/1446/549 1160/1218/327
f 1384/1447/550 1381/1445/227 1383/1446/549
f 1166/1224/333 1384/1447/550 1163/1221/330
f 1385/1448/551 1381/1445/227 1384/1447/550
f 1169/1227/336 1385/1448/551 1166/1224/333
f 1386/1449/552 1381/1445/227 1385/1448/551
f 1172/1230/339 1386/1449/552 1169/1227/336
f 1387/1450/553 1381/1445/227 1386/1449/552
f 1175/1233/342 1387/1450/553 1172/1230/339
f 1388/1451/554 1381/1445/227 1387/1450/553
f 1178/1236/345 1388/1451/554 1175/1233/342
f 1389/1452/555 1381/1445/227 1388/1451/554
f 1181/1453/348 1389/1452/555 1178/1236/345
f 1390/1454/556 1381/1445/227 1389/1452/555
f 1391/1455/557 1181/1453/348 1184/1238/351
f 1391/1455/557 1381/1445/227 1390/1454/556
f 1392/1456/558 1184/1238/351 1187/1241/354
f 1392/1456/558 1381/1445/227 1391/1455/557
f 1393/1457/559 1187/1241/354 1190/1244/357
f 1393/1457/559 1381/1445/227 1392/1456/558
f 1394/1458/560 1190/1244/357 1193/1247/360
f 1394/1458/560 1381/1445/227 1393/1457/559
f 1395/1459/561 1193/1247/360 1196/1250/363
f 1395/1459/561 1381/1445/227 1394/1458/560
f 1396/1460/562 1196/1250/363 1199/1253/366
f 1396/1460/562 1381/1445/227 1395/1459/561
f 1397/1461/563 1199/1253/366 1202/1256/369
f 1397/1461/563 1381/1445/227 1396/1460/562
f 1398/1462/564 1202/1256/369 1205/1259/372
f 1398/1462/564 1381/1445/227 1397/1461/563
f 1208/1268/375 1398/1463/564 1205/1263/372
f 1399/1464/565 1381/1445/227 1398/1463/564
f 1211/1271/378 1399/1464/565 1208/1268/375
f 1400/1465/566 1381/1445/227 1399/1464/565
f 1214/1274/381 1400/1465/566 1211/1271/378
f 1401/1466/567 1381/1445/227 1400/1465/566
f 1217/1277/384 1401/1466/567 1214/1274/381
f 1402/1467/568 1381/1445/227 1401/1466/567
f 1220/1280/387 1402/1467/568 1217/1277/384
f 1403/1468/569 1381/1445/227 1402/1467/568
f 1223/1283/390 1403/1468/569 1220/1280/387
f 1404/1469/570 1381/1445/227 1403/1468/569
f 1226/1286/393 1404/1469/570 1223/1283/390
f 1405/1470/571 1381/1445/227 1404/1469/570
f 1229/1471/396 1405/1470/571 1226/1286/393
f 1406/1472/572 1381/1445/227 1405/1470/571
f 1407/1473/573 1229/1471/396 1232/1288/399
f 1407/1473/573 1381/1445/227 1406/1472/572
f 1408/1474/574 1232/1288/399 1235/1291/402
f 1408/1474/574 1381/1445/227 1407/1473/573
f 1409/1475/575 1381/1445/227 1408/1474/574
f 1409/1475/575 1235/1291/402 1238/1294/405
f 1410/1476/576 1238/1294/405 1241/1297/408
f 1410/1476/576 1381/1445/227 1409/1475/575
f 1411/1477/577 1241/1297/408 1244/1300/1098
f 1411/1477/577 1381/1445/227 1410/1476/576
f 1378/1443/545 1381/1445/227 1411/1477/577
f 1414/1478/1103 1436/1479/1117 1460/1480/1133
f 1415/1481/616 1413/1482/1102 1412/1483/1101
f 1414/1484/1103 1415/1485/616 1412/1486/1101
f 1508/1487/1104 1415/1485/616 1417/1488/1104
f 1415/1481/616 1419/1489/1105 1418/1490/1105
f 1413/1482/1102 1420/1491/1106 1421/1492/1107
f 1419/1489/1105 1420/1491/1106 1418/1490/1105
f 1420/1491/1106 1424/1493/1109 1421/1492/1107
f 1422/1494/1106 1423/1495/1108 1420/1491/1106
f 1424/1493/1109 1426/1496/1110 1427/1497/1111
f 1425/1498/1108 1426/1496/1110 1423/1495/1108
f 1426/1496/1110 1430/1499/1113 1427/1497/1111
f 1428/1500/1110 1429/1501/1112 1426/1496/1110
f 1430/1499/1113 1432/1502/1114 1433/1503/1115
f 1429/1501/1112 1434/1504/1114 1432/1502/1114
f 1432/1502/1114 1436/1505/1117 1433/1503/1115
f 1434/1504/1114 1435/1506/1116 1432/1502/1114
f 1436/1505/1117 1438/1507/1118 1439/1508/1119
f 1435/1506/1116 1440/1509/1118 1438/1507/1118
f 1438/1507/1118 1442/1510/1121 1439/1508/1119
f 1440/1509/1118 1441/1511/1120 1438/1507/1118
f 1442/1510/1121 1444/1512/1122 1445/1513/1123
f 1441/1511/1120 1446/1514/1122 1444/1512/1122
f 1444/1512/1122 1448/1515/1125 1445/1513/1123
f 1446/1514/1122 1447/1516/1124 1444/1512/1122
f 1448/1515/1125 1450/1517/1126 1451/1518/1127
f 1447/1516/1124 1452/1519/1126 1450/1517/1126
f 1450/1517/1126 1454/1520/1129 1451/1518/1127
f 1450/1517/1126 1455/1521/1128 1453/1522/1128
f 1454/1520/1129 1456/1523/1130 1457/1524/1131
f 1453/1522/1128 1458/1525/1130 1456/1523/1130
f 1456/1523/1130 1460/1526/1133 1457/1524/1131
f 1456/1523/1130 1461/1527/1132 1459/1528/1132
f 1460/1526/1133 1462/1529/581 1463/1530/1134
f 1461/1527/1132 1462/1529/581 1459/1528/1132
f 1462/1529/581 1466/1531/1136 1463/1530/1134
f 1462/1529/581 1467/1532/1135 1465/1533/1135
f 1466/1531/1136 1468/1534/1137 1469/1535/1138
f 1467/1532/1135 1468/1534/1137 1465/1533/1135
f 1468/1534/1137 1472/1536/1140 1469/1535/1138
f 1470/1537/1137 1471/1538/1139 1468/1534/1137
f 1472/1536/1140 1474/1539/1141 1475/1540/1142
f 1473/1541/1139 1474/1539/1141 1471/1538/1139
f 1475/1540/1142 1477/1542/1143 1478/1543/1144
f 1474/1539/1141 1479/1544/1143 1477/1542/1143
f 1478/1543/1144 1480/1545/1145 1481/1546/1146
f 1477/1542/1143 1482/1547/1147 1480/1545/1145
f 1480/1545/1145 1484/1548/1149 1481/1546/1146
f 1482/1547/1147 1483/1549/1148 1480/1545/1145
f 1484/1548/1149 1486/1550/1151 1487/1551/1152
f 1483/1549/1148 1488/1552/1151 1486/1550/1151
f 1486/1550/1151 1490/1553/1154 1487/1551/1152
f 1488/1552/1151 1489/1554/1153 1486/1550/1151
f 1490/1553/1154 1492/1555/1156 1493/1556/1157
f 1489/1554/1153 1494/1557/1156 1492/1555/1156
f 1492/1555/1156 1496/1558/1159 1493/1556/1157
f 1494/1557/1156 1495/1559/1158 1492/1555/1156
f 1495/1559/1158 1499/1560/1161 1496/1558/1159
f 1497/1561/1158 1498/1562/1160 1495/1559/1158
f 1498/1562/1160 1502/1563/1163 1499/1560/1161
f 1498/1562/1160 1503/1564/1162 1501/1565/1162
f 1502/1563/1163 1504/1566/1164 1505/1567/1165
f 1501/1565/1162 1506/1568/1164 1504/1566/1164
f 1504/1566/1164 1414/1484/1103 1505/1567/1165
f 1504/1566/1164 1508/1487/1104 1417/1488/1104
f 1506/1568/1164 1509/1569/1104 1508/1487/1104
f 1569/1570/1162 1506/1568/1164 1503/1564/1162
f 1508/1487/1104 1511/1571/616 1416/1572/616
f 1509/1569/1104 1512/1573/1167 1511/1571/616
f 1507/1574/1164 1510/1575/1166 1509/1569/1104
f 1511/1576/616 1419/1489/1105 1416/1577/616
f 1512/1578/1167 1513/1579/1105 1511/1576/616
f 1513/1579/1105 1516/1580/1169 1515/1581/1106
f 1513/1579/1105 1422/1494/1106 1419/1489/1105
f 1515/1581/1106 1518/1582/1171 1517/1583/1170
f 1515/1581/1106 1425/1498/1108 1422/1494/1106
f 1518/1582/1171 1519/1584/1110 1517/1583/1170
f 1425/1498/1108 1519/1584/1110 1428/1500/1110
f 1519/1584/1110 1522/1585/1173 1521/1586/1112
f 1519/1584/1110 1431/1587/1112 1428/1500/1110
f 1521/1586/1112 1524/1588/1174 1523/1589/1114
f 1431/1587/1112 1523/1589/1114 1434/1504/1114
f 1523/1589/1114 1526/1590/1175 1525/1591/1116
f 1434/1504/1114 1525/1591/1116 1437/1592/1116
f 1526/1590/1175 1527/1593/1118 1525/1591/1116
f 1525/1591/1116 1440/1509/1118 1437/1592/1116
f 1527/1593/1118 1530/1594/1177 1529/1595/1120
f 1440/1509/1118 1529/1595/1120 1443/1596/1120
f 1530/1594/1177 1531/1597/1122 1529/1595/1120
f 1529/1595/1120 1446/1514/1122 1443/1596/1120
f 1532/1598/1178 1533/1599/1124 1531/1597/1122
f 1531/1597/1122 1449/1600/1124 1446/1514/1122
f 1534/1601/1179 1535/1602/1126 1533/1599/1124
f 1449/1600/1124 1535/1602/1126 1452/1519/1126
f 1535/1602/1126 1538/1603/1182 1537/1604/1181
f 1535/1602/1126 1455/1521/1128 1452/1519/1126
f 1538/1603/1182 1539/1605/1130 1537/1604/1181
f 1455/1521/1128 1539/1605/1130 1458/1525/1130
f 1540/1606/1183 1541/1607/1132 1539/1605/1130
f 1458/1525/1130 1541/1607/1132 1461/1527/1132
f 1541/1607/1132 1544/1608/1185 1543/1609/581
f 1461/1527/1132 1543/1609/581 1464/1610/581
f 1544/1608/1185 1545/1611/1135 1543/1609/581
f 1543/1609/581 1467/1532/1135 1464/1610/581
f 1546/1612/1186 1547/1613/1137 1545/1611/1135
f 1545/1611/1135 1470/1537/1137 1467/1532/1135
f 1547/1613/1137 1550/1614/1188 1549/1615/1139
f 1470/1537/1137 1549/1615/1139 1473/1541/1139
f 1550/1614/1188 1551/1616/1141 1549/1615/1139
f 1473/1541/1139 1551/1616/1141 1476/1617/1141
f 1551/1616/1141 1554/1618/1190 1553/1619/1143
f 1476/1617/1141 1553/1619/1143 1479/1544/1143
f 1554/1618/1190 1555/1620/1147 1553/1619/1143
f 1479/1544/1143 1555/1620/1147 1482/1547/1147
f 1555/1620/1147 1558/1621/1192 1557/1622/1148
f 1555/1620/1147 1485/1623/1150 1482/1547/1147
f 1558/1621/1192 1559/1624/1151 1557/1622/1148
f 1485/1623/1150 1559/1624/1151 1488/1552/1151
f 1559/1624/1151 1562/1625/1194 1561/1626/1153
f 1559/1624/1151 1491/1627/1155 1488/1552/1151
f 1562/1625/1194 1563/1628/1156 1561/1626/1153
f 1491/1627/1155 1563/1628/1156 1494/1557/1156
f 1563/1628/1156 1566/1629/1196 1565/1630/1158
f 1563/1628/1156 1497/1561/1158 1494/1557/1156
f 1566/1629/1196 1567/1631/1160 1565/1630/1158
f 1565/1630/1158 1500/1632/1160 1497/1561/1158
f 1567/1631/1160 1570/1633/1198 1569/1570/1162
f 1567/1631/1160 1503/1564/1162 1500/1632/1160
f 1570/1633/1198 1507/1574/1164 1569/1570/1162
f 1571/1634/1199 1572/1635/1200 1570/1633/1198
f 1633/1636/1261 1570/1633/1198 1568/1637/1197
f 1573/1638/1201 1510/1575/1166 1572/1635/1200
f 1574/1639/1202 1575/1640/1203 1573/1638/1201
f 1636/1641/1264 1573/1638/1201 1571/1634/1199
f 1576/1642/1204 1577/1643/1205 1575/1640/1203
f 1575/1640/1203 1512/1573/1167 1510/1575/1166
f 1577/1644/1205 1514/1645/1168 1512/1578/1167
f 1578/1646/1206 1579/1647/1207 1577/1644/1205
f 1580/1648/1208 1581/1649/1209 1579/1647/1207
f 1579/1647/1207 1516/1580/1169 1514/1645/1168
f 1582/1650/1210 1583/1651/1211 1581/1649/1209
f 1581/1649/1209 1518/1582/1171 1516/1580/1169
f 1584/1652/1212 1585/1653/1213 1583/1651/1211
f 1583/1651/1211 1520/1654/1172 1518/1582/1171
f 1586/1655/1214 1587/1656/1215 1585/1653/1213
f 1585/1653/1213 1522/1585/1173 1520/1654/1172
f 1588/1657/1216 1589/1658/1217 1587/1656/1215
f 1587/1656/1215 1524/1588/1174 1522/1585/1173
f 1590/1659/1218 1591/1660/1219 1589/1658/1217
f 1589/1658/1217 1526/1590/1175 1524/1588/1174
f 1592/1661/1220 1593/1662/1221 1591/1660/1219
f 1591/1660/1219 1528/1663/1176 1526/1590/1175
f 1593/1662/1221 1596/1664/1224 1595/1665/1223
f 1528/1663/1176 1595/1665/1223 1530/1594/1177
f 1595/1665/1223 1598/1666/1226 1597/1667/1225
f 1530/1594/1177 1597/1667/1225 1532/1598/1178
f 1597/1667/1225 1600/1668/1228 1599/1669/1227
f 1532/1598/1178 1599/1669/1227 1534/1601/1179
f 1599/1669/1227 1602/1670/1230 1601/1671/1229
f 1534/1601/1179 1601/1671/1229 1536/1672/1180
f 1601/1671/1229 1604/1673/1232 1603/1674/1231
f 1536/1672/1180 1603/1674/1231 1538/1603/1182
f 1603/1674/1231 1606/1675/1234 1605/1676/1233
f 1538/1603/1182 1605/1676/1233 1540/1606/1183
f 1605/1676/1233 1608/1677/1236 1607/1678/1235
f 1540/1606/1183 1607/1678/1235 1542/1679/1184
f 1607/1678/1235 1610/1680/1238 1609/1681/1237
f 1542/1679/1184 1609/1681/1237 1544/1608/1185
f 1609/1681/1237 1612/1682/1240 1611/1683/1239
f 1544/1608/1185 1611/1683/1239 1546/1612/1186
f 1611/1683/1239 1614/1684/1242 1613/1685/1241
f 1546/1612/1186 1613/1685/1241 1548/1686/1187
f 1613/1685/1241 1616/1687/1244 1615/1688/1243
f 1548/1686/1187 1615/1688/1243 1550/1614/1188
f 1615/1688/1243 1618/1689/1246 1617/1690/1245
f 1550/1614/1188 1617/1690/1245 1552/1691/1189
f 1617/1690/1245 1620/1692/1248 1619/1693/1247
f 1552/1691/1189 1619/1693/1247 1554/1618/1190
f 1619/1693/1247 1622/1694/1250 1621/1695/1249
f 1554/1618/1190 1621/1695/1249 1556/1696/1191
f 1621/1695/1249 1624/1697/1252 1623/1698/1251
f 1556/1696/1191 1623/1698/1251 1558/1621/1192
f 1623/1698/1251 1626/1699/1254 1625/1700/1253
f 1558/1621/1192 1625/1700/1253 1560/1701/1193
f 1626/1699/1254 1627/1702/1255 1625/1700/1253
f 1625/1700/1253 1562/1625/1194 1560/1701/1193
f 1628/1703/1256 1629/1704/1257 1627/1702/1255
f 1627/1702/1255 1564/1705/1195 1562/1625/1194
f 1630/1706/1258 1631/1707/1259 1629/1704/1257
f 1629/1704/1257 1566/1629/1196 1564/1705/1195
f 1632/1708/1260 1633/1636/1261 1631/1707/1259
f 1631/1707/1259 1568/1637/1197 1566/1629/1196
f 1634/1709/1262 1571/1634/1199 1633/1636/1261
f 1635/1710/1263 1636/1641/1264 1634/1709/1262
f 1697/1711/1325 1634/1709/1262 1632/1708/1260
f 1637/1712/1265 1574/1639/1202 1636/1641/1264
f 1638/1713/1266 1639/1714/1267 1637/1712/1265
f 1700/1715/1328 1637/1712/1265 1635/1710/1263
f 1640/1716/1268 1641/1717/1269 1639/1714/1267
f 1639/1714/1267 1576/1642/1204 1574/1639/1202
f 1642/1718/1270 1643/1719/1271 1641/1717/1269
f 1641/1717/1269 1578/1720/1206 1576/1642/1204
f 1643/1721/1271 1580/1648/1208 1578/1646/1206
f 1644/1722/1272 1645/1723/1273 1643/1721/1271
f 1646/1724/1274 1647/1725/1275 1645/1723/1273
f 1645/1723/1273 1582/1650/1210 1580/1648/1208
f 1648/1726/1276 1649/1727/1277 1647/1725/1275
f 1647/1725/1275 1584/1652/1212 1582/1650/1210
f 1650/1728/1278 1651/1729/1279 1649/1727/1277
f 1649/1727/1277 1586/1655/1214 1584/1652/1212
f 1652/1730/1280 1653/1731/1281 1651/1729/1279
f 1651/1729/1279 1588/1657/1216 1586/1655/1214
f 1654/1732/1282 1655/1733/1283 1653/1731/1281
f 1653/1731/1281 1590/1659/1218 1588/1657/1216
f 1656/1734/1284 1657/1735/1285 1655/1733/1283
f 1655/1733/1283 1592/1661/1220 1590/1659/1218
f 1658/1736/1286 1659/1737/1287 1657/1735/1285
f 1657/1735/1285 1594/1738/1222 1592/1661/1220
f 1659/1737/1287 1662/1739/1290 1661/1740/1289
f 1594/1738/1222 1661/1740/1289 1596/1664/1224
f 1661/1740/1289 1664/1741/1292 1663/1742/1291
f 1596/1664/1224 1663/1742/1291 1598/1666/1226
f 1663/1742/1291 1666/1743/1294 1665/1744/1293
f 1598/1666/1226 1665/1744/1293 1600/1668/1228
f 1665/1744/1293 1668/1745/1296 1667/1746/1295
f 1600/1668/1228 1667/1746/1295 1602/1670/1230
f 1667/1746/1295 1670/1747/1298 1669/1748/1297
f 1602/1670/1230 1669/1748/1297 1604/1673/1232
f 1669/1748/1297 1672/1749/1300 1671/1750/1299
f 1604/1673/1232 1671/1750/1299 1606/1675/1234
f 1671/1750/1299 1674/1751/1302 1673/1752/1301
f 1606/1675/1234 1673/1752/1301 1608/1677/1236
f 1673/1752/1301 1676/1753/1304 1675/1754/1303
f 1608/1677/1236 1675/1754/1303 1610/1680/1238
f 1675/1754/1303 1678/1755/1306 1677/1756/1305
f 1610/1680/1238 1677/1756/1305 1612/1682/1240
f 1677/1756/1305 1680/1757/1308 1679/1758/1307
f 1612/1682/1240 1679/1758/1307 1614/1684/1242
f 1679/1758/1307 1682/1759/1310 1681/1760/1309
f 1614/1684/1242 1681/1760/1309 1616/1687/1244
f 1681/1760/1309 1684/1761/1312 1683/1762/1311
f 1616/1687/1244 1683/1762/1311 1618/1689/1246
f 1683/1762/1311 1686/1763/1314 1685/1764/1313
f 1618/1689/1246 1685/1764/1313 1620/1692/1248
f 1685/1764/1313 1688/1765/1316 1687/1766/1315
f 1620/1692/1248 1687/1766/1315 1622/1694/1250
f 1687/1766/1315 1690/1767/1318 1689/1768/1317
f 1622/1694/1250 1689/1768/1317 1624/1697/1252
f 1689/1768/1317 1692/1769/1320 1691/1770/1319
f 1624/1697/1252 1691/1770/1319 1626/1699/1254
f 1692/1769/1320 1693/1771/1321 1691/1770/1319
f 1691/1770/1319 1628/1703/1256 1626/1699/1254
f 1694/1772/1322 1695/1773/1323 1693/1771/1321
f 1693/1771/1321 1630/1706/1258 1628/1703/1256
f 1696/1774/1324 1697/1711/1325 1695/1773/1323
f 1695/1773/1323 1632/1708/1260 1630/1706/1258
f 1698/1775/1326 1635/1710/1263 1697/1711/1325
f 1699/1776/1327 1700/1715/1328 1698/1775/1326
f 1761/1777/1389 1698/1775/1326 1696/1774/1324
f 1701/1778/1329 1638/1713/1266 1700/1715/1328
f 1763/1779/1391 1701/1778/1329 1699/1776/1327
f 1702/1780/1330 1703/1781/1331 1701/1778/1329
f 1704/1782/1332 1705/1783/1333 1703/1781/1331
f 1703/1781/1331 1640/1716/1268 1638/1713/1266
f 1706/1784/1334 1707/1785/1335 1705/1783/1333
f 1705/1783/1333 1642/1718/1270 1640/1716/1268
f 1708/1786/1336 1709/1787/1337 1707/1785/1335
f 1707/1785/1335 1644/1788/1272 1642/1718/1270
f 1710/1789/1338 1711/1790/1339 1709/1791/1337
f 1709/1791/1337 1646/1724/1274 1644/1722/1272
f 1712/1792/1340 1713/1793/1341 1711/1790/1339
f 1711/1790/1339 1648/1726/1276 1646/1724/1274
f 1714/1794/1342 1715/1795/1343 1713/1793/1341
f 1713/1793/1341 1650/1728/1278 1648/1726/1276
f 1716/1796/1344 1717/1797/1345 1715/1795/1343
f 1715/1795/1343 1652/1730/1280 1650/1728/1278
f 1718/1798/1346 1719/1799/1347 1717/1797/1345
f 1717/1797/1345 1654/1732/1282 1652/1730/1280
f 1720/1800/1348 1721/1801/1349 1719/1799/1347
f 1719/1799/1347 1656/1734/1284 1654/1732/1282
f 1722/1802/1350 1723/1803/1351 1721/1801/1349
f 1721/1801/1349 1658/1736/1286 1656/1734/1284
f 1724/1804/1352 1725/1805/1353 1723/1803/1351
f 1723/1803/1351 1660/1806/1288 1658/1736/1286
f 1725/1805/1353 1728/1807/1356 1727/1808/1355
f 1660/1806/1288 1727/1808/1355 1662/1739/1290
f 1727/1808/1355 1730/1809/1358 1729/1810/1357
f 1662/1739/1290 1729/1810/1357 1664/1741/1292
f 1729/1810/1357 1732/1811/1360 1731/1812/1359
f 1664/1741/1292 1731/1812/1359 1666/1743/1294
f 1731/1812/1359 1734/1813/1362 1733/1814/1361
f 1666/1743/1294 1733/1814/1361 1668/1745/1296
f 1733/1814/1361 1736/1815/1364 1735/1816/1363
f 1668/1745/1296 1735/1816/1363 1670/1747/1298
f 1735/1816/1363 1738/1817/1366 1737/1818/1365
f 1670/1747/1298 1737/1818/1365 1672/1749/1300
f 1737/1818/1365 1740/1819/1368 1739/1820/1367
f 1672/1749/1300 1739/1820/1367 1674/1751/1302
f 1739/1820/1367 1742/1821/1370 1741/1822/1369
f 1674/1751/1302 1741/1822/1369 1676/1753/1304
f 1741/1822/1369 1744/1823/1372 1743/1824/1371
f 1676/1753/1304 1743/1824/1371 1678/1755/1306
f 1743/1824/1371 1746/1825/1374 1745/1826/1373
f 1678/1755/1306 1745/1826/1373 1680/1757/1308
f 1745/1826/1373 1748/1827/1376 1747/1828/1375
f 1680/1757/1308 1747/1828/1375 1682/1759/1310
f 1747/1828/1375 1750/1829/1378 1749/1830/1377
f 1682/1759/1310 1749/1830/1377 1684/1761/1312
f 1749/1830/1377 1752/1831/1380 1751/1832/1379
f 1684/1761/1312 1751/1832/1379 1686/1763/1314
f 1751/1832/1379 1754/1833/1382 1753/1834/1381
f 1686/1763/1314 1753/1834/1381 1688/1765/1316
f 1753/1834/1381 1756/1835/1384 1755/1836/1383
f 1688/1765/1316 1755/1836/1383 1690/1767/1318
f 1755/1836/1383 1758/1837/1386 1757/1838/1385
f 1690/1767/1318 1757/1838/1385 1692/1769/1320
f 1758/1837/1386 1759/1839/1387 1757/1838/1385
f 1757/1838/1385 1694/1772/1322 1692/1769/1320
f 1760/1840/1388 1761/1777/1389 1759/1839/1387
f 1759/1839/1387 1696/1774/1324 1694/1772/1322
f 1762/1841/1390 1699/1776/1327 1761/1777/1389
f 1714/1842/1342 1762/1843/1390 1746/1844/1374
f 1/1/1 3/7/3 225/2/225
f 4/4/4 1/1/1 2/3/2
f 5/6/5 6/10/6 3/7/3
f 7/8/7 5/6/5 1/1/1
f 8/9/8 9/13/9 6/10/6
f 8/9/8 5/6/5 7/8/7
f 11/12/11 12/16/12 9/13/9
f 11/12/11 8/9/8 10/11/10
f 14/15/14 15/233/15 12/16/12
f 14/15/14 11/12/11 13/14/13
f 18/18/18 15/233/15 14/15/14
f 17/19/17 14/15/14 16/17/16
f 20/21/20 21/24/21 18/18/18
f 20/21/20 17/19/17 19/20/19
f 23/23/23 24/27/24 21/24/21
f 23/23/23 20/21/20 22/22/22
f 26/26/26 27/30/27 24/27/24
f 26/26/26 23/23/23 25/25/25
f 29/29/29 30/239/30 27/30/27
f 29/29/29 26/26/26 28/28/28
f 33/32/33 30/239/30 29/29/29
f 32/33/32 29/29/29 31/31/31
f 36/35/36 33/32/33 32/33/32
f 35/36/35 32/33/32 34/34/34
f 38/38/38 39/41/39 36/35/36
f 38/38/38 35/36/35 37/37/37
f 41/40/41 42/244/42 39/41/39
f 41/40/41 38/38/38 40/39/40
f 45/43/45 42/244/42 41/40/41
f 44/44/44 41/40/41 43/42/43
f 48/46/48 45/43/45 44/44/44
f 47/47/47 44/44/44 46/45/46
f 50/49/50 51/248/51 48/46/48
f 50/49/50 47/47/47 49/48/49
f 54/51/54 51/251/51 50/52/50
f 53/53/53 50/52/50 52/54/52
f 57/56/57 54/51/54 53/53/53
f 56/57/56 53/53/53 55/55/55
f 59/59/59 60/255/60 57/56/57
f 59/59/59 56/57/56 58/58/58
f 63/61/63 60/255/60 59/59/59
f 62/62/62 59/59/59 61/60/61
f 65/64/65 66/257/66 63/61/63
f 65/64/65 62/62/62 64/63/64
f 69/66/69 66/257/66 65/64/65
f 68/67/68 65/64/65 67/65/67
f 71/69/71 72/261/72 69/66/69
f 71/69/71 68/67/68 70/68/70
f 75/71/75 72/261/72 71/69/71
f 74/72/74 71/69/71 73/70/73
f 77/74/77 78/263/78 75/71/75
f 77/74/77 74/72/74 76/73/76
f 81/76/81 78/263/78 77/74/77
f 80/77/80 77/74/77 79/75/79
f 84/79/84 81/76/81 80/77/80
f 83/80/83 80/77/80 82/78/82
f 87/82/87 84/79/84 83/80/83
f 86/83/86 83/80/83 85/81/85
f 90/85/90 87/82/87 86/83/86
f 89/86/89 86/83/86 88/84/88
f 92/88/92 93/226/93 90/85/90
f 92/88/92 89/86/89 91/87/91
f 225/2/225 93/226/93 92/88/92
f 2/3/2 92/88/92 94/89/94
f 96/5/96 94/89/94 95/90/95
f 95/90/95 94/89/94 91/87/91
f 4/4/4 96/5/96 97/91/97
f 100/94/100 99/93/99 97/91/97
f 98/95/98 97/91/97 95/90/95
f 101/97/101 7/8/7 4/4/4
f 102/98/102 101/97/101 99/93/99
f 103/99/103 10/11/10 7/8/7
f 103/99/103 101/97/101 102/98/102
f 105/101/105 13/14/13 10/11/10
f 105/101/105 103/99/103 104/100/104
f 107/103/107 16/17/16 13/14/13
f 107/103/107 105/101/105 106/102/106
f 109/105/109 19/20/19 16/17/16
f 109/105/109 107/103/107 108/104/108
f 111/107/111 22/22/22 19/20/19
f 111/107/111 109/105/109 110/106/110
f 113/109/113 25/25/25 22/22/22
f 113/109/113 111/107/111 112/108/112
f 115/111/115 28/28/28 25/25/25
f 115/111/115 113/109/113 114/110/114
f 117/113/117 31/31/31 28/28/28
f 117/113/117 115/111/115 116/112/116
f 119/115/119 34/34/34 31/31/31
f 119/115/119 117/113/117 118/114/118
f 121/117/121 37/37/37 34/34/34
f 121/117/121 119/115/119 120/116/120
f 123/119/123 40/39/40 37/37/37
f 123/119/123 121/117/121 122/118/122
f 125/121/125 43/42/43 40/39/40
f 125/121/125 123/119/123 124/120/124
f 127/123/127 46/45/46 43/42/43
f 127/123/127 125/121/125 126/122/126
f 129/125/129 49/48/49 46/45/46
f 129/125/129 127/123/127 128/124/128
f 131/127/131 52/50/52 49/48/49
f 131/127/131 129/125/129 130/126/130
f 133/129/133 55/55/55 52/54/52
f 133/129/133 131/130/131 132/131/132
f 135/133/135 58/58/58 55/55/55
f 135/133/135 133/129/133 134/132/134
f 137/135/137 61/60/61 58/58/58
f 137/135/137 135/133/135 136/134/136
f 139/137/139 64/63/64 61/60/61
f 139/137/139 137/135/137 138/136/138
f 141/139/141 67/65/67 64/63/64
f 141/139/141 139/137/139 140/138/140
f 143/141/143 70/68/70 67/65/67
f 143/141/143 141/139/141 142/140/142
f 73/70/73 70/68/70 143/141/143
f 145/143/145 143/141/143 144/142/144
f 147/145/147 76/73/76 73/70/73
f 147/145/147 145/143/145 146/144/146
f 149/147/149 79/75/79 76/73/76
f 149/147/149 147/145/147 148/146/148
f 151/149/151 82/78/82 79/75/79
f 151/149/151 149/147/149 150/148/150
f 153/151/153 85/81/85 82/78/82
f 153/151/153 151/149/151 152/150/152
f 155/153/155 88/84/88 85/81/85
f 155/153/155 153/151/153 154/152/154
f 91/87/91 88/84/88 155/153/155
f 157/92/157 155/153/155 156/154/156
f 95/90/95 157/92/157 158/155/158
f 160/96/160 158/155/158 159/156/159
f 159/156/159 158/155/158 156/154/156
f 98/95/98 160/96/160 161/157/161
f 164/160/164 163/159/163 161/157/161
f 162/161/162 161/157/161 159/156/159
f 165/163/165 100/94/100 98/95/98
f 165/163/165 163/159/163 164/160/164
f 168/165/168 167/166/167 165/163/165
f 167/166/167 102/98/102 100/94/100
f 169/167/169 104/100/104 102/98/102
f 170/168/170 169/167/169 167/166/167
f 171/169/171 106/102/106 104/100/104
f 172/170/172 171/169/171 169/167/169
f 173/171/173 108/104/108 106/102/106
f 174/172/174 173/171/173 171/169/171
f 175/173/175 110/106/110 108/104/108
f 176/174/176 175/173/175 173/171/173
f 177/175/177 112/108/112 110/106/110
f 178/176/178 177/175/177 175/173/175
f 179/177/179 114/110/114 112/108/112
f 180/178/180 179/177/179 177/175/177
f 181/179/181 116/112/116 114/110/114
f 182/180/182 181/179/181 179/177/179
f 183/181/183 118/114/118 116/112/116
f 184/182/184 183/181/183 181/179/181
f 185/183/185 120/116/120 118/114/118
f 186/184/186 185/183/185 183/181/183
f 187/185/187 122/118/122 120/116/120
f 188/186/188 187/185/187 185/183/185
f 189/187/189 124/120/124 122/118/122
f 190/188/190 189/187/189 187/185/187
f 191/189/191 126/122/126 124/120/124
f 192/190/192 191/189/191 189/187/189
f 193/191/193 128/124/128 126/122/126
f 194/192/194 193/191/193 191/189/191
f 195/193/195 130/126/130 128/124/128
f 196/194/196 195/193/195 193/191/193
f 197/195/197 132/128/132 130/126/130
f 198/196/198 197/195/197 195/193/195
f 199/197/199 134/132/134 132/131/132
f 200/199/200 199/197/199 197/198/197
f 201/201/201 136/134/136 134/132/134
f 202/202/202 201/201/201 199/197/199
f 203/203/203 138/136/138 136/134/136
f 204/204/204 203/203/203 201/201/201
f 205/205/205 140/138/140 138/136/138
f 206/206/206 205/205/205 203/203/203
f 142/140/142 140/138/140 205/205/205
f 208/208/208 207/207/207 205/205/205
f 209/209/209 144/142/144 142/140/142
f 210/210/210 209/209/209 207/207/207
f 211/211/211 146/144/146 144/142/144
f 212/212/212 211/211/211 209/209/209
f 213/213/213 148/146/148 146/144/146
f 214/214/214 213/213/213 211/211/211
f 215/215/215 150/148/150 148/146/148
f 216/216/216 215/215/215 213/213/213
f 217/217/217 152/150/152 150/148/150
f 218/218/218 217/217/217 215/215/215
f 219/219/219 154/152/154 152/150/152
f 220/220/220 219/219/219 217/217/217
f 221/158/221 156/154/156 154/152/154
f 222/221/222 221/158/221 219/219/219
f 223/162/223 159/156/159 221/158/221
f 170/224/170 168/1845/168 162/1846/162
f 168/1845/168 166/1847/166 162/1846/162
f 166/1847/166 164/1848/164 162/1846/162
f 162/1846/162 223/1849/223 222/1850/222
f 222/1850/222 220/1851/220 218/1852/218
f 218/1852/218 216/1853/216 214/1854/214
f 214/1854/214 212/1855/212 210/1856/210
f 210/1856/210 208/1857/208 206/1858/206
f 206/1858/206 204/1859/204 202/1860/202
f 202/1860/202 200/1861/200 198/1862/198
f 198/1862/198 196/1863/196 194/1864/194
f 194/1864/194 192/1865/192 190/1866/190
f 190/1866/190 188/1867/188 194/1864/194
f 188/1867/188 186/222/186 194/1864/194
f 186/222/186 184/1868/184 178/223/178
f 184/1868/184 182/1869/182 178/223/178
f 182/1869/182 180/1870/180 178/223/178
f 178/223/178 176/1871/176 174/1872/174
f 174/1872/174 172/1873/172 178/223/178
f 172/1873/172 170/224/170 178/223/178
f 162/1846/162 222/1850/222 170/224/170
f 222/1850/222 218/1852/218 170/224/170
f 218/1852/218 214/1854/214 210/1856/210
f 210/1856/210 206/1858/206 202/1860/202
f 202/1860/202 198/1862/198 194/1864/194
f 218/1852/218 210/1856/210 170/224/170
f 210/1856/210 202/1860/202 170/224/170
f 202/1860/202 194/1864/194 170/224/170
f 194/1864/194 186/222/186 170/224/170
f 226/225/226 224/227/224 93/226/93
f 224/227/224 257/268/257 90/85/90
f 3/7/3 228/229/228 226/225/226
f 229/230/229 228/229/228 3/7/3
f 9/13/9 230/231/230 229/230/229
f 12/16/12 231/232/231 230/231/230
f 15/233/15 232/234/232 231/232/231
f 233/235/233 232/234/232 15/233/15
f 234/236/234 233/235/233 18/18/18
f 24/27/24 235/237/235 234/236/234
f 236/238/236 235/237/235 24/27/24
f 30/239/30 237/240/237 236/238/236
f 238/241/238 237/240/237 30/239/30
f 239/242/239 238/241/238 33/32/33
f 240/243/240 239/242/239 36/35/36
f 42/244/42 241/245/241 240/243/240
f 45/43/45 242/246/242 241/245/241
f 243/247/243 242/246/242 45/43/45
f 51/248/51 244/249/244 243/247/243
f 245/250/245 244/252/244 51/251/51
f 246/253/246 245/250/245 54/51/54
f 247/254/247 246/253/246 57/56/57
f 248/256/248 247/254/247 60/255/60
f 66/257/66 249/258/249 248/256/248
f 250/259/250 249/258/249 66/257/66
f 251/260/251 250/259/250 69/66/69
f 252/262/252 251/260/251 72/261/72
f 78/263/78 253/264/253 252/262/252
f 254/265/254 253/264/253 78/263/78
f 84/79/84 255/266/255 254/265/254
f 87/82/87 256/267/256 255/266/255
f 257/268/257 256/267/256 87/82/87
f 261/271/261 258/1874/258 259/1875/259
f 259/1875/259 318/1876/318 317/1877/317
f 317/1877/317 316/1878/316 315/1879/315
f 315/1879/315 310/1880/310 317/1877/317
f 310/1880/310 309/1881/309 317/1877/317
f 309/1881/309 308/1882/308 307/1883/307
f 307/1883/307 302/1884/302 309/1881/309
f 302/1884/302 301/1885/301 309/1881/309
f 301/1885/301 300/1886/300 299/1887/299
f 299/1887/299 294/1888/294 293/1889/293
f 293/1889/293 292/1890/292 291/1891/291
f 291/1891/291 286/1892/286 285/269/285
f 285/269/285 284/1893/284 283/1894/283
f 283/1894/283 278/1895/278 285/269/285
f 278/1895/278 277/270/277 285/269/285
f 277/270/277 276/1896/276 275/1897/275
f 275/1897/275 270/1898/270 277/270/277
f 270/1898/270 269/1899/269 277/270/277
f 269/1899/269 268/1900/268 267/1901/267
f 267/1901/267 262/1902/262 261/271/261
f 261/271/261 259/1875/259 317/1877/317
f 301/1885/301 299/1887/299 293/1889/293
f 293/1889/293 291/1891/291 285/269/285
f 269/1899/269 267/1901/267 277/270/277
f 267/1901/267 261/271/261 277/270/277
f 261/271/261 317/1877/317 309/1881/309
f 309/1881/309 301/1885/301 261/271/261
f 301/1885/301 293/1889/293 261/271/261
f 293/1889/293 285/269/285 261/271/261
f 260/272/260 321/339/321 259/273/259
f 263/275/263 260/272/260 258/274/258
f 264/277/264 263/275/263 261/276/261
f 320/281/320 321/1903/321 264/1904/264
f 321/1903/321 260/1905/260 264/1904/264
f 260/1905/260 263/1906/263 264/1904/264
f 264/1904/264 265/1907/265 272/1908/272
f 265/1907/265 266/1909/266 272/1908/272
f 266/1909/266 271/1910/271 272/1908/272
f 272/1908/272 273/1911/273 280/1912/280
f 273/1911/273 274/1913/274 280/1912/280
f 274/1913/274 279/1914/279 280/1912/280
f 280/1912/280 281/1915/281 282/1916/282
f 282/1916/282 287/1917/287 280/1912/280
f 287/1917/287 288/279/288 280/1912/280
f 288/279/288 289/1918/289 290/1919/290
f 290/1919/290 295/1920/295 288/279/288
f 295/1920/295 296/1921/296 288/279/288
f 296/1921/296 297/1922/297 304/280/304
f 297/1922/297 298/1923/298 304/280/304
f 298/1923/298 303/1924/303 304/280/304
f 304/280/304 305/1925/305 306/1926/306
f 306/1926/306 311/1927/311 312/1928/312
f 312/1928/312 313/1929/313 314/1930/314
f 314/1930/314 319/1931/319 320/281/320
f 304/280/304 306/1926/306 312/1928/312
f 312/1928/312 314/1930/314 320/281/320
f 320/281/320 264/1904/264 272/1908/272
f 272/1908/272 280/1912/280 288/279/288
f 288/279/288 296/1921/296 304/280/304
f 304/280/304 312/1928/312 320/281/320
f 320/281/320 272/1908/272 288/279/288
f 265/282/265 264/277/264 262/278/262
f 266/284/266 265/282/265 267/283/267
f 271/286/271 266/284/266 268/285/268
f 272/288/272 271/286/271 269/287/269
f 273/290/273 272/288/272 270/289/270
f 274/292/274 273/290/273 275/291/275
f 279/294/279 274/292/274 276/293/276
f 280/296/280 279/294/279 277/295/277
f 281/298/281 280/296/280 278/297/278
f 282/300/282 281/298/281 283/299/283
f 287/302/287 282/300/282 284/301/284
f 288/304/288 287/302/287 285/303/285
f 289/306/289 288/304/288 286/305/286
f 290/308/290 289/306/289 291/307/291
f 295/310/295 290/1932/290 292/311/292
f 296/313/296 295/310/295 293/312/293
f 297/315/297 296/313/296 294/314/294
f 298/317/298 297/315/297 299/316/299
f 303/319/303 298/317/298 300/318/300
f 304/321/304 303/319/303 301/320/301
f 305/323/305 304/321/304 302/322/302
f 306/325/306 305/323/305 307/324/307
f 311/327/311 306/325/306 308/326/308
f 312/329/312 311/327/311 309/328/309
f 313/331/313 312/329/312 310/330/310
f 314/333/314 313/331/313 315/332/315
f 319/335/319 314/333/314 316/334/316
f 320/337/320 319/335/319 317/336/317
f 321/339/321 320/337/320 318/338/318
f 322/340/322 323/344/323 417/341/417
f 324/343/324 546/436/546 323/344/323
f 326/345/326 327/348/327 324/343/324
f 328/346/328 326/345/326 322/340/322
f 329/347/329 330/351/330 327/348/327
f 331/349/331 329/347/329 326/345/326
f 332/350/332 333/354/333 330/351/330
f 334/352/334 332/350/332 329/347/329
f 335/353/335 336/357/336 333/354/333
f 337/355/337 335/353/335 332/350/332
f 338/356/338 339/360/339 336/357/336
f 340/358/340 338/356/338 335/353/335
f 341/359/341 342/363/342 339/360/339
f 343/361/343 341/359/341 338/356/338
f 344/362/344 345/366/345 342/363/342
f 346/364/346 344/362/344 341/359/341
f 347/365/347 348/583/348 345/366/345
f 349/367/349 347/365/347 344/362/344
f 351/368/351 348/583/348 347/365/347
f 350/369/350 347/365/347 349/367/349
f 354/371/354 351/368/351 350/369/350
f 353/372/353 350/369/350 352/370/352
f 357/374/357 354/371/354 353/372/353
f 356/375/356 353/372/353 355/373/355
f 360/377/360 357/374/357 356/375/356
f 359/378/359 356/375/356 358/376/358
f 363/380/363 360/377/360 359/378/359
f 362/381/362 359/378/359 361/379/361
f 366/383/366 363/380/363 362/381/362
f 365/384/365 362/381/362 364/382/364
f 369/386/369 366/383/366 365/384/365
f 368/387/368 365/384/365 367/385/367
f 372/389/372 369/386/369 368/387/368
f 371/390/371 368/387/368 370/388/370
f 374/392/374 375/398/375 372/393/372
f 376/395/376 374/392/374 371/394/371
f 377/397/377 378/401/378 375/398/375
f 379/399/379 377/397/377 374/392/374
f 380/400/380 381/404/381 378/401/378
f 382/402/382 380/400/380 377/397/377
f 383/403/383 384/407/384 381/404/381
f 385/405/385 383/403/383 380/400/380
f 386/406/386 387/410/387 384/407/384
f 388/408/388 386/406/386 383/403/383
f 389/409/389 390/413/390 387/410/387
f 391/411/391 389/409/389 386/406/386
f 392/412/392 393/416/393 390/413/390
f 394/414/394 392/412/392 389/409/389
f 395/415/395 396/601/396 393/416/393
f 397/417/397 395/415/395 392/412/392
f 399/418/399 396/601/396 395/415/395
f 398/419/398 395/415/395 397/417/397
f 402/421/402 399/418/399 398/419/398
f 401/422/401 398/419/398 400/420/400
f 405/424/405 402/421/402 401/422/401
f 404/425/404 401/422/401 403/423/403
f 408/427/408 405/424/405 404/425/404
f 407/428/407 404/425/404 406/426/406
f 411/430/411 408/427/408 407/428/407
f 410/431/410 407/428/407 409/429/409
f 414/433/414 411/430/411 410/431/410
f 413/434/413 410/431/410 412/432/412
f 546/436/546 414/433/414 413/434/413
f 323/344/323 413/434/413 415/435/415
f 415/435/415 412/432/412 478/437/478
f 417/341/417 415/435/415 416/438/416
f 325/342/325 417/341/417 418/439/418
f 418/439/418 416/438/416 481/441/481
f 420/440/420 418/439/418 419/442/419
f 422/444/422 328/346/328 325/342/325
f 423/445/423 422/444/422 420/440/420
f 424/446/424 331/349/331 328/346/328
f 425/447/425 424/446/424 422/444/422
f 426/448/426 334/352/334 331/349/331
f 427/449/427 426/448/426 424/446/424
f 428/450/428 337/355/337 334/352/334
f 429/451/429 428/450/428 426/448/426
f 430/452/430 340/358/340 337/355/337
f 431/453/431 430/452/430 428/450/428
f 432/454/432 343/361/343 340/358/340
f 433/455/433 432/454/432 430/452/430
f 434/456/434 346/364/346 343/361/343
f 435/457/435 434/456/434 432/454/432
f 436/458/436 349/367/349 346/364/346
f 437/459/437 436/458/436 434/456/434
f 352/370/352 349/367/349 436/458/436
f 438/460/438 436/458/436 437/459/437
f 355/373/355 352/370/352 438/460/438
f 440/462/440 438/460/438 439/461/439
f 358/376/358 355/373/355 440/462/440
f 442/464/442 440/462/440 441/463/441
f 361/379/361 358/376/358 442/464/442
f 444/466/444 442/464/442 443/465/443
f 364/382/364 361/379/361 444/466/444
f 446/468/446 444/466/444 445/467/445
f 367/385/367 364/382/364 446/468/446
f 448/470/448 446/468/446 447/469/447
f 370/388/370 367/385/367 448/470/448
f 450/472/450 448/470/448 449/471/449
f 373/391/373 370/388/370 450/472/450
f 452/474/452 450/472/450 451/473/451
f 454/476/454 376/395/376 373/396/373
f 455/478/455 454/476/454 452/477/452
f 456/480/456 379/399/379 376/395/376
f 457/481/457 456/480/456 454/476/454
f 458/482/458 382/402/382 379/399/379
f 459/483/459 458/482/458 456/480/456
f 460/484/460 385/405/385 382/402/382
f 461/485/461 460/484/460 458/482/458
f 462/486/462 388/408/388 385/405/385
f 463/487/463 462/486/462 460/484/460
f 464/488/464 391/411/391 388/408/388
f 465/489/465 464/488/464 462/486/462
f 466/490/466 394/414/394 391/411/391
f 467/491/467 466/490/466 464/488/464
f 468/492/468 397/417/397 394/414/394
f 469/493/469 468/492/468 466/490/466
f 400/420/400 397/417/397 468/492/468
f 470/494/470 468/492/468 469/493/469
f 403/423/403 400/420/400 470/494/470
f 472/496/472 470/494/470 471/495/471
f 406/426/406 403/423/403 472/496/472
f 474/498/474 472/496/472 473/497/473
f 409/429/409 406/426/406 474/498/474
f 476/500/476 474/498/474 475/499/475
f 412/432/412 409/429/409 476/500/476
f 478/437/478 476/500/476 477/501/477
f 416/438/416 478/437/478 479/502/479
f 479/502/479 477/501/477 542/503/542
f 481/441/481 479/502/479 480/504/480
f 419/442/419 481/441/481 482/505/482
f 482/505/482 480/504/480 544/507/544
f 484/506/484 482/505/482 483/508/483
f 421/443/421 419/442/419 484/506/484
f 486/510/486 484/506/484 485/509/485
f 489/512/489 488/513/488 486/510/486
f 488/513/488 423/445/423 421/443/421
f 490/514/490 425/447/425 423/445/423
f 491/515/491 490/514/490 488/513/488
f 492/516/492 427/449/427 425/447/425
f 493/517/493 492/516/492 490/514/490
f 494/518/494 429/451/429 427/449/427
f 495/519/495 494/518/494 492/516/492
f 496/520/496 431/453/431 429/451/429
f 497/521/497 496/520/496 494/518/494
f 498/522/498 433/455/433 431/453/431
f 499/523/499 498/522/498 496/520/496
f 500/524/500 435/457/435 433/455/433
f 501/525/501 500/524/500 498/522/498
f 502/526/502 437/459/437 435/457/435
f 503/527/503 502/526/502 500/524/500
f 439/461/439 437/459/437 502/526/502
f 504/528/504 502/526/502 503/527/503
f 441/463/441 439/461/439 504/528/504
f 506/530/506 504/528/504 505/529/505
f 443/465/443 441/463/441 506/530/506
f 508/532/508 506/530/506 507/531/507
f 445/467/445 443/465/443 508/532/508
f 510/534/510 508/532/508 509/533/509
f 447/469/447 445/467/445 510/534/510
f 512/536/512 510/534/510 511/535/511
f 449/471/449 447/469/447 512/536/512
f 514/538/514 512/536/512 513/537/513
f 451/473/451 449/471/449 514/538/514
f 516/540/516 514/538/514 515/539/515
f 453/475/453 451/473/451 516/540/516
f 518/542/518 516/540/516 517/541/517
f 520/544/520 455/478/455 453/479/453
f 521/546/521 520/544/520 518/545/518
f 522/548/522 457/481/457 455/478/455
f 523/549/523 522/548/522 520/544/520
f 524/550/524 459/483/459 457/481/457
f 525/551/525 524/550/524 522/548/522
f 526/552/526 461/485/461 459/483/459
f 527/553/527 526/552/526 524/550/524
f 528/554/528 463/487/463 461/485/461
f 529/555/529 528/554/528 526/552/526
f 530/556/530 465/489/465 463/487/463
f 531/557/531 530/556/530 528/554/528
f 532/558/532 467/491/467 465/489/465
f 533/559/533 532/558/532 530/556/530
f 534/560/534 469/493/469 467/491/467
f 535/561/535 534/560/534 532/558/532
f 471/495/471 469/493/469 534/560/534
f 536/562/536 534/560/534 535/561/535
f 473/497/473 471/495/471 536/562/536
f 538/564/538 536/562/536 537/563/537
f 475/499/475 473/497/473 538/564/538
f 540/566/540 538/564/538 539/565/539
f 477/501/477 475/499/475 540/566/540
f 542/503/542 540/566/540 541/567/541
f 480/504/480 542/503/542 543/568/543
f 491/1933/491 489/1934/489 483/1935/483
f 489/1934/489 487/1936/487 485/1937/485
f 483/1935/483 489/1934/489 485/1937/485
f 483/1935/483 544/1938/544 491/1933/491
f 544/1938/544 543/571/543 493/570/493
f 491/1933/491 544/1938/544 493/570/493
f 543/571/543 541/1939/541 495/569/495
f 541/1939/541 539/1940/539 497/1941/497
f 495/569/495 541/1939/541 497/1941/497
f 539/1940/539 537/1942/537 501/1943/501
f 537/1942/537 535/1944/535 503/1945/503
f 535/1944/535 533/1946/533 505/1947/505
f 533/1946/533 531/1948/531 507/1949/507
f 531/1948/531 529/1950/529 507/1949/507
f 529/1950/529 527/1951/527 509/1952/509
f 507/1949/507 529/1950/529 509/1952/509
f 527/1951/527 525/1953/525 511/1954/511
f 525/1953/525 523/1955/523 513/1956/513
f 511/1954/511 525/1953/525 513/1956/513
f 523/1955/523 521/1957/521 517/1958/517
f 521/1957/521 519/1959/519 517/1958/517
f 517/1958/517 515/1960/515 523/1955/523
f 515/1960/515 513/1956/513 523/1955/523
f 511/1954/511 509/1952/509 527/1951/527
f 507/1949/507 505/1947/505 533/1946/533
f 505/1947/505 503/1945/503 535/1944/535
f 503/1945/503 501/1943/501 537/1942/537
f 501/1943/501 499/1961/499 539/1940/539
f 499/1961/499 497/1941/497 539/1940/539
f 545/572/545 578/607/577 411/430/411
f 547/573/547 545/572/545 414/433/414
f 549/574/548 547/573/547 546/436/546
f 327/348/327 550/576/549 549/574/548
f 330/351/330 551/577/550 550/576/549
f 333/354/333 552/578/551 551/577/550
f 336/357/336 553/579/552 552/578/551
f 339/360/339 554/580/553 553/579/552
f 342/363/342 555/581/554 554/580/553
f 345/366/345 556/582/555 555/581/554
f 348/583/348 557/584/556 556/582/555
f 558/585/557 557/584/556 348/583/348
f 559/586/558 558/585/557 351/368/351
f 560/587/559 559/586/558 354/371/354
f 561/588/560 560/587/559 357/374/357
f 562/589/561 561/588/560 360/377/360
f 563/590/562 562/589/561 363/380/363
f 564/591/563 563/590/562 366/383/366
f 565/592/564 564/591/563 369/386/369
f 375/398/375 566/594/565 565/593/564
f 378/401/378 567/595/566 566/594/565
f 381/404/381 568/596/567 567/595/566
f 384/407/384 569/597/568 568/596/567
f 387/410/387 570/598/569 569/597/568
f 390/413/390 571/599/570 570/598/569
f 393/416/393 572/600/571 571/599/570
f 396/601/396 573/602/572 572/600/571
f 574/603/573 573/602/572 396/601/396
f 575/604/574 574/603/573 399/418/399
f 576/605/575 575/604/574 402/421/402
f 577/606/576 576/605/575 405/424/405
f 578/607/577 577/606/576 408/427/408
f 581/1962/580 579/1963/578 591/1964/587
f 579/1963/578 580/1965/579 591/1964/587
f 580/1965/579 588/1966/585 591/1964/587
f 591/1964/587 594/1967/590 603/608/596
f 594/1967/590 597/1968/592 603/608/596
f 597/1968/592 600/1969/594 603/608/596
f 603/608/596 606/1970/599 609/1971/601
f 609/1971/601 612/1972/604 615/1973/606
f 615/1973/606 618/1974/608 627/609/615
f 618/1974/608 621/1975/610 627/609/615
f 621/1975/610 624/1976/613 627/609/615
f 627/609/615 630/1977/617 633/1978/619
f 633/1978/619 636/1979/621 639/1980/623
f 639/1980/623 642/1981/626 645/1982/628
f 645/1982/628 648/1983/630 639/1980/623
f 648/1983/630 651/610/632 639/1980/623
f 651/610/632 654/1984/634 657/1985/636
f 657/1985/636 660/1986/638 651/610/632
f 660/1986/638 663/1987/640 651/610/632
f 663/1987/640 666/1988/642 581/1962/580
f 666/1988/642 669/1989/644 581/1962/580
f 669/1989/644 672/1990/647 581/1962/580
f 603/608/596 609/1971/601 627/609/615
f 609/1971/601 615/1973/606 627/609/615
f 627/609/615 633/1978/619 651/610/632
f 633/1978/619 639/1980/623 651/610/632
f 581/1962/580 591/1964/587 603/608/596
f 651/610/632 663/1987/640 581/1962/580
f 581/1962/580 603/608/596 651/610/632
f 582/611/581 585/618/583 580/612/579
f 581/614/580 584/615/582 582/611/581
f 584/615/582 675/698/582 583/616/581
f 582/611/581 583/616/581 586/617/583
f 580/612/579 585/618/583 587/619/584
f 586/617/583 589/708/584 587/619/584
f 587/619/584 590/623/586 591/621/587
f 587/619/584 589/708/584 592/622/588
f 591/621/587 590/623/586 593/624/589
f 590/623/586 592/622/588 595/626/589
f 593/624/589 596/628/591 597/627/592
f 595/626/589 598/714/591 596/628/591
f 597/627/592 596/628/591 599/629/593
f 596/628/591 598/714/591 601/631/593
f 599/629/593 602/633/595 603/632/596
f 601/631/593 604/719/597 602/633/595
f 603/632/596 602/633/595 605/634/598
f 602/633/595 604/719/597 607/636/598
f 605/634/598 608/638/600 609/637/601
f 607/636/598 610/723/602 608/638/600
f 609/637/601 608/638/600 611/639/603
f 608/638/600 610/723/602 613/641/603
f 611/639/603 614/643/605 615/642/606
f 613/641/603 616/727/605 614/643/605
f 615/642/606 614/643/605 617/644/607
f 614/643/605 616/727/605 619/646/607
f 617/644/607 620/648/609 621/647/610
f 619/646/607 622/651/611 620/648/609
f 621/647/610 620/648/609 623/649/612
f 622/651/611 625/733/612 623/649/612
f 623/649/612 626/654/614 627/652/615
f 623/649/612 625/733/612 628/653/614
f 627/652/615 626/654/614 629/655/616
f 628/653/614 631/738/616 629/655/616
f 629/657/616 632/661/618 633/658/619
f 631/660/616 634/664/618 632/661/618
f 633/658/619 632/661/618 635/662/620
f 634/664/618 637/666/620 635/662/620
f 635/662/620 638/667/622 639/665/623
f 637/666/620 640/669/624 638/667/622
f 638/667/622 641/670/625 642/668/626
f 640/669/624 643/747/625 641/670/625
f 642/668/626 641/670/625 644/671/627
f 641/670/625 643/747/625 646/673/627
f 645/672/628 644/671/627 647/674/629
f 644/671/627 646/673/627 649/676/629
f 647/674/629 650/678/631 651/677/632
f 649/676/629 652/753/631 650/678/631
f 651/677/632 650/678/631 653/679/633
f 650/678/631 652/753/631 655/681/633
f 653/679/633 656/683/635 657/682/636
f 655/681/633 658/757/635 656/683/635
f 657/682/636 656/683/635 659/684/637
f 656/683/635 658/757/635 661/686/637
f 659/684/637 662/688/639 663/687/640
f 661/686/637 664/690/639 662/688/639
f 662/688/639 665/691/641 666/689/642
f 664/690/639 667/762/641 665/691/641
f 666/689/642 665/691/641 668/692/643
f 665/691/641 667/762/641 670/694/645
f 669/693/644 668/692/643 671/695/646
f 668/692/643 670/694/645 673/697/646
f 671/695/646 584/615/582 581/614/580
f 671/695/646 673/697/646 675/698/582
f 673/697/646 674/703/646 676/699/582
f 736/700/645 674/703/646 673/697/646
f 675/698/582 676/699/582 678/701/581
f 676/699/582 677/704/648 679/702/649
f 674/703/646 739/765/682 677/704/648
f 678/701/581 680/705/583 586/617/583
f 679/702/649 681/706/650 680/705/583
f 681/706/650 683/778/651 682/707/584
f 680/705/583 682/707/584 589/708/584
f 682/707/584 683/778/651 685/709/652
f 589/708/584 682/707/584 684/710/588
f 685/709/652 687/783/653 686/711/589
f 592/622/588 684/710/588 686/711/589
f 686/711/589 687/783/653 689/712/654
f 686/711/589 688/713/591 598/714/591
f 688/713/591 689/712/654 691/715/655
f 598/714/591 688/713/591 690/716/593
f 690/716/593 691/715/655 693/717/656
f 601/631/593 690/716/593 692/718/597
f 693/717/656 695/792/657 694/720/598
f 692/718/597 694/720/598 607/636/598
f 694/720/598 695/792/657 697/721/658
f 607/636/598 694/720/598 696/722/602
f 697/721/658 699/725/659 698/724/603
f 696/722/602 698/724/603 613/641/603
f 699/725/659 701/728/660 700/726/605
f 698/724/603 700/726/605 616/727/605
f 701/728/660 703/801/661 702/729/607
f 616/727/605 700/726/605 702/729/607
f 702/729/607 703/801/661 705/730/662
f 702/729/607 704/731/611 622/651/611
f 705/730/662 707/806/663 706/732/612
f 704/731/611 706/732/612 625/733/612
f 706/732/612 707/806/663 709/734/664
f 625/733/612 706/732/612 708/735/614
f 708/735/614 709/734/664 711/736/665
f 628/653/614 708/735/614 710/737/616
f 711/739/665 713/742/666 712/740/618
f 710/741/616 712/740/618 634/664/618
f 713/742/666 715/816/667 714/743/620
f 712/740/618 714/743/620 637/666/620
f 714/743/620 715/816/667 717/744/668
f 637/666/620 714/743/620 716/745/624
f 717/744/668 719/821/669 718/746/625
f 716/745/624 718/746/625 643/747/625
f 718/746/625 719/821/669 721/748/670
f 643/747/625 718/746/625 720/749/627
f 721/748/670 723/826/671 722/750/629
f 646/673/627 720/749/627 722/750/629
f 722/750/629 723/826/671 725/751/673
f 722/750/629 724/752/672 652/753/631
f 725/751/673 727/831/674 726/754/633
f 652/753/631 724/752/672 726/754/633
f 726/754/633 727/831/674 729/755/676
f 726/754/633 728/756/675 658/757/635
f 729/755/676 731/835/677 730/758/637
f 658/757/635 728/756/675 730/758/637
f 730/758/637 731/835/677 733/759/678
f 730/758/637 732/760/639 664/690/639
f 733/759/678 735/767/679 734/761/641
f 732/760/639 734/761/641 667/762/641
f 734/761/641 735/767/679 737/763/680
f 667/762/641 734/761/641 736/700/645
f 737/763/680 739/765/682 674/703/646
f 738/764/681 740/768/683 739/765/682
f 800/766/743 738/764/681 737/763/680
f 740/768/683 742/770/685 677/704/648
f 741/769/684 743/772/686 742/770/685
f 803/771/746 741/769/684 740/768/683
f 743/772/686 745/774/688 744/773/687
f 742/770/685 744/773/687 679/702/649
f 744/773/687 746/775/689 681/706/650
f 745/774/688 747/776/690 746/775/689
f 747/776/690 749/779/692 748/777/691
f 746/775/689 748/777/691 683/778/651
f 749/779/692 751/781/694 750/780/693
f 748/777/691 750/780/693 685/709/652
f 751/781/694 753/784/696 752/782/695
f 750/780/693 752/782/695 687/783/653
f 753/784/696 755/786/698 754/785/697
f 752/782/695 754/785/697 689/712/654
f 755/786/698 757/788/700 756/787/699
f 754/785/697 756/787/699 691/715/655
f 757/788/700 759/790/702 758/789/701
f 756/787/699 758/789/701 693/717/656
f 759/790/702 761/866/704 760/791/703
f 758/789/701 760/791/703 695/792/657
f 760/791/703 761/866/704 763/793/706
f 695/792/657 760/791/703 762/794/705
f 762/794/705 763/793/706 765/795/708
f 697/721/658 762/794/705 764/796/707
f 764/796/707 765/795/708 767/797/710
f 699/725/659 764/796/707 766/798/709
f 766/798/709 767/797/710 769/799/712
f 701/728/660 766/798/709 768/800/711
f 768/800/711 769/799/712 771/802/714
f 703/801/661 768/800/711 770/803/713
f 770/803/713 771/802/714 773/804/716
f 705/730/662 770/803/713 772/805/715
f 772/805/715 773/804/716 775/807/718
f 707/806/663 772/805/715 774/808/717
f 774/808/717 775/807/718 777/809/720
f 709/734/664 774/808/717 776/810/719
f 776/811/719 777/886/720 779/812/722
f 711/739/665 776/811/719 778/813/721
f 778/813/721 779/812/722 781/814/724
f 713/742/666 778/813/721 780/815/723
f 780/815/723 781/814/724 783/817/726
f 715/816/667 780/815/723 782/818/725
f 782/818/725 783/817/726 785/819/728
f 717/744/668 782/818/725 784/820/727
f 784/820/727 785/819/728 787/822/730
f 719/821/669 784/820/727 786/823/729
f 786/823/729 787/822/730 789/824/732
f 721/748/670 786/823/729 788/825/731
f 788/825/731 789/824/732 791/827/734
f 723/826/671 788/825/731 790/828/733
f 790/828/733 791/827/734 793/829/736
f 725/751/673 790/828/733 792/830/735
f 793/829/736 795/833/738 794/832/737
f 792/830/735 794/832/737 729/755/676
f 795/833/738 797/836/740 796/834/739
f 794/832/737 796/834/739 731/835/677
f 797/836/740 799/838/742 798/837/741
f 796/834/739 798/837/741 733/759/678
f 799/838/742 801/839/744 800/766/743
f 798/837/741 800/766/743 735/767/679
f 801/839/744 803/771/746 738/764/681
f 802/840/745 804/842/747 803/771/746
f 864/841/807 802/840/745 801/839/744
f 804/842/747 806/844/749 741/769/684
f 805/843/748 807/846/750 806/844/749
f 867/845/810 805/843/748 804/842/747
f 807/846/750 809/848/752 808/847/751
f 806/844/749 808/847/751 743/772/686
f 809/848/752 811/850/754 810/849/753
f 808/847/751 810/849/753 745/774/688
f 810/849/753 812/851/755 747/776/690
f 811/850/754 813/852/756 812/851/755
f 813/852/756 815/854/758 814/853/757
f 812/851/755 814/853/757 749/779/692
f 815/854/758 817/856/760 816/855/759
f 814/853/757 816/855/759 751/781/694
f 817/856/760 819/858/762 818/857/761
f 816/855/759 818/857/761 753/784/696
f 819/858/762 821/860/764 820/859/763
f 818/857/761 820/859/763 755/786/698
f 821/860/764 823/862/766 822/861/765
f 820/859/763 822/861/765 757/788/700
f 823/862/766 825/864/768 824/863/767
f 822/861/765 824/863/767 759/790/702
f 825/864/768 827/934/770 826/865/769
f 824/863/767 826/865/769 761/866/704
f 826/865/769 827/934/770 829/867/772
f 761/866/704 826/865/769 828/868/771
f 828/868/771 829/867/772 831/869/774
f 763/793/706 828/868/771 830/870/773
f 830/870/773 831/869/774 833/871/776
f 765/795/708 830/870/773 832/872/775
f 832/872/775 833/871/776 835/873/778
f 767/797/710 832/872/775 834/874/777
f 834/874/777 835/873/778 837/875/780
f 769/799/712 834/874/777 836/876/779
f 836/876/779 837/875/780 839/877/782
f 771/802/714 836/876/779 838/878/781
f 838/878/781 839/877/782 841/879/784
f 773/804/716 838/878/781 840/880/783
f 840/880/783 841/879/784 843/881/786
f 775/807/718 840/880/783 842/882/785
f 842/883/785 843/954/786 845/884/788
f 777/886/720 842/883/785 844/885/787
f 844/885/787 845/884/788 847/887/790
f 779/812/722 844/885/787 846/888/789
f 846/888/789 847/887/790 849/889/792
f 781/814/724 846/888/789 848/890/791
f 848/890/791 849/889/792 851/891/794
f 783/817/726 848/890/791 850/892/793
f 850/892/793 851/891/794 853/893/796
f 785/819/728 850/892/793 852/894/795
f 852/894/795 853/893/796 855/895/798
f 787/822/730 852/894/795 854/896/797
f 854/896/797 855/895/798 857/897/800
f 789/824/732 854/896/797 856/898/799
f 856/898/799 857/897/800 859/899/802
f 791/827/734 856/898/799 858/900/801
f 859/899/802 861/902/804 860/901/803
f 858/900/801 860/901/803 795/833/738
f 861/902/804 863/904/806 862/903/805
f 860/901/803 862/903/805 797/836/740
f 863/904/806 865/905/808 864/841/807
f 862/903/805 864/841/807 799/838/742
f 865/905/808 867/845/810 802/840/745
f 866/906/809 868/908/811 867/845/810
f 928/907/871 866/906/809 865/905/808
f 868/908/811 870/911/813 805/843/748
f 930/909/873 869/910/812 868/908/811
f 869/910/812 871/912/814 870/911/813
f 871/912/814 873/914/816 872/913/815
f 870/911/813 872/913/815 807/846/750
f 873/914/816 875/916/818 874/915/817
f 872/913/815 874/915/817 809/848/752
f 875/916/818 877/918/820 876/917/819
f 874/915/817 876/917/819 811/850/754
f 877/918/820 879/920/822 878/919/821
f 876/917/819 878/919/821 813/852/756
f 879/920/822 881/922/824 880/921/823
f 878/919/821 880/921/823 815/854/758
f 881/922/824 883/924/826 882/923/825
f 880/921/823 882/923/825 817/856/760
f 883/924/826 885/926/828 884/925/827
f 882/923/825 884/925/827 819/858/762
f 885/926/828 887/928/830 886/927/829
f 884/925/827 886/927/829 821/860/764
f 887/928/830 889/930/832 888/929/831
f 886/927/829 888/929/831 823/862/766
f 889/930/832 891/932/834 890/931/833
f 888/929/831 890/931/833 825/864/768
f 891/932/834 893/1991/836 892/933/835
f 890/931/833 892/933/835 827/934/770
f 892/933/835 893/1991/836 895/935/838
f 827/934/770 892/933/835 894/936/837
f 894/936/837 895/935/838 897/937/840
f 829/867/772 894/936/837 896/938/839
f 896/938/839 897/937/840 899/939/842
f 831/869/774 896/938/839 898/940/841
f 898/940/841 899/939/842 901/941/844
f 833/871/776 898/940/841 900/942/843
f 900/942/843 901/941/844 903/943/846
f 835/873/778 900/942/843 902/944/845
f 902/944/845 903/943/846 905/945/848
f 837/875/780 902/944/845 904/946/847
f 904/946/847 905/945/848 907/947/850
f 839/877/782 904/946/847 906/948/849
f 906/948/849 907/947/850 909/949/852
f 841/879/784 906/948/849 908/950/851
f 908/951/851 909/1992/852 911/952/854
f 843/954/786 908/951/851 910/953/853
f 910/953/853 911/952/854 913/955/856
f 845/884/788 910/953/853 912/956/855
f 912/956/855 913/955/856 915/957/858
f 847/887/790 912/956/855 914/958/857
f 914/958/857 915/957/858 917/959/860
f 849/889/792 914/958/857 916/960/859
f 916/960/859 917/959/860 919/961/862
f 851/891/794 916/960/859 918/962/861
f 918/962/861 919/961/862 921/963/864
f 853/893/796 918/962/861 920/964/863
f 920/964/863 921/963/864 923/965/866
f 855/895/798 920/964/863 922/966/865
f 922/966/865 923/965/866 925/967/868
f 857/897/800 922/966/865 924/968/867
f 925/967/868 927/970/870 926/969/869
f 924/968/867 926/969/869 861/902/804
f 927/970/870 929/971/872 928/907/871
f 926/969/869 928/907/871 863/904/806
f 929/971/872 930/909/873 866/906/809
f 881/974/824 879/1993/822 877/1994/820
f 877/1994/820 875/1995/818 873/1996/816
f 873/1996/816 871/1997/814 869/1998/812
f 869/1998/812 930/1999/873 929/2000/872
f 929/2000/872 927/2001/870 925/2002/868
f 925/2002/868 923/2003/866 929/2000/872
f 923/2003/866 921/2004/864 929/2000/872
f 921/2004/864 919/2005/862 917/2006/860
f 917/2006/860 915/2007/858 913/972/856
f 913/972/856 911/2008/854 905/2009/848
f 911/2008/854 909/2010/852 905/2009/848
f 909/2010/852 907/2011/850 905/2009/848
f 905/2009/848 903/2012/846 901/2013/844
f 901/2013/844 899/2014/842 897/973/840
f 897/973/840 895/2015/838 893/2016/836
f 893/2016/836 891/2017/834 889/2018/832
f 889/2018/832 887/2019/830 881/974/824
f 887/2019/830 885/2020/828 881/974/824
f 885/2020/828 883/2021/826 881/974/824
f 881/974/824 877/1994/820 873/1996/816
f 873/1996/816 869/1998/812 881/974/824
f 869/1998/812 929/2000/872 881/974/824
f 921/2004/864 917/2006/860 929/2000/872
f 917/2006/860 913/972/856 929/2000/872
f 905/2009/848 901/2013/844 913/972/856
f 901/2013/844 897/973/840 913/972/856
f 897/973/840 893/2016/836 889/2018/832
f 897/973/840 889/2018/832 881/974/824
f 881/974/824 929/2000/872 913/972/856
f 932/975/875 931/2022/874 933/976/876
f 934/978/877 931/2022/874 932/975/875
f 931/981/874 934/2023/877 940/2024/883
f 934/2023/877 936/2025/879 940/2024/883
f 936/2025/879 938/2026/881 940/2024/883
f 940/2024/883 942/2027/885 948/2028/891
f 942/2027/885 944/2029/887 948/2028/891
f 944/2029/887 946/2030/889 948/2028/891
f 948/2028/891 950/2031/893 956/2032/899
f 950/2031/893 952/2033/895 956/2032/899
f 952/2033/895 954/2034/897 956/2032/899
f 956/2032/899 958/2035/901 960/2036/903
f 960/2036/903 962/2037/905 964/982/907
f 964/982/907 966/2038/909 968/2039/911
f 968/2039/911 970/2040/913 964/982/907
f 970/2040/913 972/2041/915 964/982/907
f 972/2041/915 974/2042/917 976/2043/919
f 976/2043/919 978/2044/921 972/2041/915
f 978/2044/921 980/2045/923 972/2041/915
f 980/2045/923 982/2046/925 988/980/931
f 982/2046/925 984/2047/927 988/980/931
f 984/2047/927 986/2048/929 988/980/931
f 988/980/931 990/2049/933 992/2050/935
f 992/2050/935 933/2051/876 931/981/874
f 956/2032/899 960/2036/903 964/982/907
f 988/980/931 992/2050/935 931/981/874
f 931/981/874 940/2024/883 964/982/907
f 940/2024/883 948/2028/891 964/982/907
f 948/2028/891 956/2032/899 964/982/907
f 964/982/907 972/2041/915 980/2045/923
f 980/2045/923 988/980/931 964/982/907
f 936/983/879 934/978/877 935/979/878
f 938/985/881 936/983/879 937/984/880
f 940/987/883 938/985/881 939/986/882
f 942/989/885 940/987/883 941/988/884
f 944/991/887 942/989/885 943/990/886
f 946/993/889 944/991/887 945/992/888
f 948/995/891 946/993/889 947/994/890
f 950/997/893 948/995/891 949/996/892
f 952/999/895 950/997/893 951/998/894
f 954/1001/897 952/999/895 953/1000/896
f 956/1003/899 954/1001/897 955/1002/898
f 958/1005/901 956/1003/899 957/1004/900
f 960/1007/903 958/1005/901 959/1006/902
f 962/1009/905 960/1007/903 961/1008/904
f 964/1011/907 962/1009/905 963/1010/906
f 966/1013/909 964/2052/907 965/1014/908
f 968/1016/911 966/1013/909 967/1015/910
f 970/1018/913 968/1016/911 969/1017/912
f 972/1020/915 970/1018/913 971/1019/914
f 974/1022/917 972/1020/915 973/1021/916
f 976/1024/919 974/1022/917 975/1023/918
f 978/1026/921 976/1024/919 977/1025/920
f 980/1028/923 978/1026/921 979/1027/922
f 982/1030/925 980/1028/923 981/1029/924
f 984/1032/927 982/1030/925 983/1031/926
f 986/1034/929 984/1032/927 985/1033/928
f 988/1036/931 986/1034/929 987/1035/930
f 990/1038/933 988/1036/931 989/1037/932
f 992/1040/935 990/1038/933 991/1039/934
f 933/976/876 992/1040/935 993/1041/936
f 996/1042/939 995/977/938 993/1041/936
f 994/1043/937 993/1041/936 991/1039/934
f 998/1045/941 932/975/875 995/977/938
f 998/1045/941 996/1042/939 997/1046/940
f 997/1046/940 996/1042/939 994/1043/937
f 935/979/878 932/975/875 998/1045/941
f 999/1049/942 998/1045/941 1000/1047/943
f 1001/1051/944 1000/1047/943 997/1046/940
f 1002/1050/945 1000/1047/943 1001/1051/944
f 1004/1054/947 1005/1057/948 999/1049/942
f 1004/1054/947 1002/1050/945 1003/1053/946
f 1007/1056/950 1008/1060/951 1005/1057/948
f 1007/1056/950 1004/1054/947 1006/1055/949
f 1010/1059/953 1011/1063/954 1008/1060/951
f 1010/1059/953 1007/1056/950 1009/1058/952
f 1013/1062/956 1014/1066/957 1011/1063/954
f 1013/1062/956 1010/1059/953 1012/1061/955
f 1016/1065/959 1017/1069/960 1014/1066/957
f 1016/1065/959 1013/1062/956 1015/1064/958
f 1019/1068/962 1020/1072/963 1017/1069/960
f 1019/1068/962 1016/1065/959 1018/1067/961
f 1022/1071/965 1023/1075/966 1020/1072/963
f 1022/1071/965 1019/1068/962 1021/1070/964
f 1025/1074/968 1026/1078/969 1023/1075/966
f 1025/1074/968 1022/1071/965 1024/1073/967
f 1028/1077/971 1029/1081/972 1026/1078/969
f 1028/1077/971 1025/1074/968 1027/1076/970
f 1031/1080/974 1032/1084/975 1029/1081/972
f 1031/1080/974 1028/1077/971 1030/1079/973
f 1034/1083/977 1035/1087/978 1032/1084/975
f 1034/1083/977 1031/1080/974 1033/1082/976
f 1037/1086/980 1038/1090/981 1035/1087/978
f 1037/1086/980 1034/1083/977 1036/1085/979
f 1040/1089/983 1041/1093/984 1038/1090/981
f 1040/1089/983 1037/1086/980 1039/1088/982
f 1043/1092/986 1044/1096/987 1041/1093/984
f 1043/1092/986 1040/1089/983 1042/1091/985
f 1046/1095/989 1047/1209/990 1044/1096/987
f 1046/1095/989 1043/1092/986 1045/1094/988
f 1049/1098/992 1050/1104/993 1047/1099/990
f 1049/1098/992 1046/1100/989 1048/1101/991
f 1052/1103/995 1053/1107/996 1050/1104/993
f 1052/1103/995 1049/1098/992 1051/1102/994
f 1055/1106/998 1056/1110/999 1053/1107/996
f 1055/1106/998 1052/1103/995 1054/1105/997
f 1058/1109/1001 1059/1113/1002 1056/1110/999
f 1058/1109/1001 1055/1106/998 1057/1108/1000
f 1061/1112/1004 1062/1116/1005 1059/1113/1002
f 1061/1112/1004 1058/1109/1001 1060/1111/1003
f 1064/1115/1007 1065/1119/1008 1062/1116/1005
f 1064/1115/1007 1061/1112/1004 1063/1114/1006
f 1067/1118/1010 1068/1122/1011 1065/1119/1008
f 1067/1118/1010 1064/1115/1007 1066/1117/1009
f 1070/1121/1013 1071/1125/1014 1068/1122/1011
f 1070/1121/1013 1067/1118/1010 1069/1120/1012
f 1073/1124/1016 1074/1128/1017 1071/1125/1014
f 1073/1124/1016 1070/1121/1013 1072/1123/1015
f 1076/1127/1019 1077/1131/1020 1074/1128/1017
f 1078/1129/1021 1076/1127/1019 1073/1124/1016
f 1079/1130/1022 1080/1134/1023 1077/1131/1020
f 1079/1130/1022 1076/1127/1019 1078/1129/1021
f 1082/1133/1025 1083/1137/1026 1080/1134/1023
f 1082/1133/1025 1079/1130/1022 1081/1132/1024
f 1085/1136/1028 1086/1044/1029 1083/1137/1026
f 1087/1138/1030 1085/1136/1028 1082/1133/1025
f 1088/1048/1031 994/1043/937 1086/1044/1029
f 1089/1139/1032 1088/1048/1031 1085/1136/1028
f 1091/1052/1034 997/1046/940 1088/1048/1031
f 1091/1052/1034 1089/1139/1032 1090/1140/1033
f 1090/1140/1033 1089/1139/1032 1087/1138/1030
f 1001/1051/944 1091/1052/1034 1092/1141/1035
f 1094/1143/1037 1092/1141/1035 1093/1144/1036
f 1092/1141/1035 1090/1140/1033 1154/1146/1097
f 1096/1147/1039 1003/1053/946 1001/1051/944
f 1096/1147/1039 1094/1143/1037 1095/1145/1038
f 1098/1149/1041 1006/1055/949 1003/1053/946
f 1098/1149/1041 1096/1147/1039 1097/1148/1040
f 1100/1151/1043 1009/1058/952 1006/1055/949
f 1101/1152/1044 1100/1151/1043 1098/1149/1041
f 1102/1153/1045 1012/1061/955 1009/1058/952
f 1102/1153/1045 1100/1151/1043 1101/1152/1044
f 1104/1155/1047 1015/1064/958 1012/1061/955
f 1104/1155/1047 1102/1153/1045 1103/1154/1046
f 1106/1157/1049 1018/1067/961 1015/1064/958
f 1106/1157/1049 1104/1155/1047 1105/1156/1048
f 1108/1159/1051 1021/1070/964 1018/1067/961
f 1109/1160/1052 1108/1159/1051 1106/1157/1049
f 1110/1161/1053 1024/1073/967 1021/1070/964
f 1110/1161/1053 1108/1159/1051 1109/1160/1052
f 1112/1163/1055 1027/1076/970 1024/1073/967
f 1112/1163/1055 1110/1161/1053 1111/1162/1054
f 1114/1165/1057 1030/1079/973 1027/1076/970
f 1114/1165/1057 1112/1163/1055 1113/1164/1056
f 1116/1167/1059 1033/1082/976 1030/1079/973
f 1116/1167/1059 1114/1165/1057 1115/1166/1058
f 1118/1169/1061 1036/1085/979 1033/1082/976
f 1118/1169/1061 1116/1167/1059 1117/1168/1060
f 1039/1088/982 1036/1085/979 1118/1169/1061
f 1120/1171/1063 1118/1169/1061 1119/1170/1062
f 1122/1173/1065 1042/1091/985 1039/1088/982
f 1123/1174/1066 1122/1173/1065 1120/1171/1063
f 1124/1175/1067 1045/1094/988 1042/1091/985
f 1125/1176/1068 1124/1175/1067 1122/1173/1065
f 1126/1177/1069 1048/1097/991 1045/1094/988
f 1126/1177/1069 1124/1175/1067 1125/1176/1068
f 1128/1179/1071 1051/1102/994 1048/1101/991
f 1128/1179/1071 1126/1180/1069 1127/1181/1070
f 1130/1183/1073 1054/1105/997 1051/1102/994
f 1131/1184/1074 1130/1183/1073 1128/1179/1071
f 1132/1185/1075 1057/1108/1000 1054/1105/997
f 1132/1185/1075 1130/1183/1073 1131/1184/1074
f 1134/1187/1077 1060/1111/1003 1057/1108/1000
f 1134/1187/1077 1132/1185/1075 1133/1186/1076
f 1136/1189/1079 1063/1114/1006 1060/1111/1003
f 1136/1189/1079 1134/1187/1077 1135/1188/1078
f 1138/1191/1081 1066/1117/1009 1063/1114/1006
f 1139/1192/1082 1138/1191/1081 1136/1189/1079
f 1140/1193/1083 1069/1120/1012 1066/1117/1009
f 1140/1193/1083 1138/1191/1081 1139/1192/1082
f 1142/1195/1085 1072/1123/1015 1069/1120/1012
f 1143/1196/1086 1142/1195/1085 1140/1193/1083
f 1144/1197/1087 1075/1126/1018 1072/1123/1015
f 1144/1197/1087 1142/1195/1085 1143/1196/1086
f 1146/1199/1089 1078/1129/1021 1075/1126/1018
f 1146/1199/1089 1144/1197/1087 1145/1198/1088
f 1148/1201/1091 1081/1132/1024 1078/1129/1021
f 1148/1201/1091 1146/1199/1089 1147/1200/1090
f 1150/1203/1093 1084/1135/1027 1081/1132/1024
f 1151/1204/1094 1150/1203/1093 1148/1201/1091
f 1152/1142/1095 1087/1138/1030 1084/1135/1027
f 1153/1205/1096 1152/1142/1095 1150/1203/1093
f 1154/1146/1097 1090/1140/1033 1152/1142/1095
f 1095/1206/1038 1093/2053/1036 1154/2054/1097
f 1154/2054/1097 1153/2055/1096 1095/1206/1038
f 1153/2055/1096 1151/2056/1094 1095/1206/1038
f 1151/2056/1094 1149/2057/1092 1147/2058/1090
f 1147/2058/1090 1145/2059/1088 1143/1207/1086
f 1143/1207/1086 1141/2060/1084 1139/2061/1082
f 1139/2061/1082 1137/2062/1080 1143/1207/1086
f 1137/2062/1080 1135/2063/1078 1143/1207/1086
f 1135/2063/1078 1133/2064/1076 1131/2065/1074
f 1131/2065/1074 1129/2066/1072 1135/2063/1078
f 1129/2066/1072 1127/1208/1070 1135/2063/1078
f 1127/1208/1070 1125/2067/1068 1123/2068/1066
f 1123/2068/1066 1121/2069/1064 1127/1208/1070
f 1121/2069/1064 1119/2070/1062 1127/1208/1070
f 1119/2070/1062 1117/2071/1060 1111/2072/1054
f 1117/2071/1060 1115/2073/1058 1111/2072/1054
f 1115/2073/1058 1113/2074/1056 1111/2072/1054
f 1111/2072/1054 1109/2075/1052 1107/2076/1050
f 1107/2076/1050 1105/2077/1048 1103/2078/1046
f 1103/2078/1046 1101/2079/1044 1099/2080/1042
f 1099/2080/1042 1097/2081/1040 1095/1206/1038
f 1151/2056/1094 1147/2058/1090 1095/1206/1038
f 1147/2058/1090 1143/1207/1086 1095/1206/1038
f 1111/2072/1054 1107/2076/1050 1103/2078/1046
f 1103/2078/1046 1099/2080/1042 1095/1206/1038
f 1143/1207/1086 1135/2063/1078 1127/1208/1070
f 1127/1208/1070 1119/2070/1062 1111/2072/1054
f 1111/2072/1054 1103/2078/1046 1127/1208/1070
f 1103/2078/1046 1095/1206/1038 1127/1208/1070
f 991/1039/934 989/1037/932 1083/1137/1026
f 989/1037/932 987/1035/930 1080/1134/1023
f 987/1035/930 985/1033/928 1077/1131/1020
f 985/1033/928 983/1031/926 1074/1128/1017
f 983/1031/926 981/1029/924 1071/1125/1014
f 981/1029/924 979/1027/922 1068/1122/1011
f 979/1027/922 977/1025/920 1065/1119/1008
f 977/1025/920 975/1023/918 1062/1116/1005
f 975/1023/918 973/1021/916 1059/1113/1002
f 973/1021/916 971/1019/914 1056/1110/999
f 971/1019/914 969/1017/912 1053/1107/996
f 969/1017/912 967/1015/910 1050/1104/993
f 967/1015/910 965/1014/908 1047/1099/990
f 965/1012/908 963/1010/906 1044/1096/987
f 963/1010/906 961/1008/904 1041/1093/984
f 961/1008/904 959/1006/902 1038/1090/981
f 959/1006/902 957/1004/900 1035/1087/978
f 957/1004/900 955/1002/898 1032/1084/975
f 955/1002/898 953/1000/896 1029/1081/972
f 953/1000/896 951/998/894 1026/1078/969
f 951/998/894 949/996/892 1023/1075/966
f 949/996/892 947/994/890 1020/1072/963
f 947/994/890 945/992/888 1017/1069/960
f 945/992/888 943/990/886 1014/1066/957
f 943/990/886 941/988/884 1011/1063/954
f 941/988/884 939/986/882 1008/1060/951
f 939/986/882 937/984/880 1005/1057/948
f 937/984/880 935/979/878 999/1049/942
f 1157/1210/324 1379/1306/546 1156/1211/323
f 1155/1212/322 1156/1211/323 1250/1213/417
f 1159/1215/326 1160/1218/327 1157/1210/324
f 1161/1216/328 1159/1215/326 1155/1212/322
f 1162/1217/329 1163/1221/330 1160/1218/327
f 1164/1219/331 1162/1217/329 1159/1215/326
f 1165/1220/332 1166/1224/333 1163/1221/330
f 1167/1222/334 1165/1220/332 1162/1217/329
f 1168/1223/335 1169/1227/336 1166/1224/333
f 1170/1225/337 1168/1223/335 1165/1220/332
f 1171/1226/338 1172/1230/339 1169/1227/336
f 1173/1228/340 1171/1226/338 1168/1223/335
f 1174/1229/341 1175/1233/342 1172/1230/339
f 1176/1231/343 1174/1229/341 1171/1226/338
f 1177/1232/344 1178/1236/345 1175/1233/342
f 1179/1234/346 1177/1232/344 1174/1229/341
f 1180/1235/347 1181/1453/348 1178/1236/345
f 1182/1237/349 1180/1235/347 1177/1232/344
f 1184/1238/351 1181/1453/348 1180/1235/347
f 1183/1239/350 1180/1235/347 1182/1237/349
f 1187/1241/354 1184/1238/351 1183/1239/350
f 1186/1242/353 1183/1239/350 1185/1240/352
f 1190/1244/357 1187/1241/354 1186/1242/353
f 1189/1245/356 1186/1242/353 1188/1243/355
f 1193/1247/360 1190/1244/357 1189/1245/356
f 1192/1248/359 1189/1245/356 1191/1246/358
f 1196/1250/363 1193/1247/360 1192/1248/359
f 1195/1251/362 1192/1248/359 1194/1249/361
f 1199/1253/366 1196/1250/363 1195/1251/362
f 1198/1254/365 1195/1251/362 1197/1252/364
f 1202/1256/369 1199/1253/366 1198/1254/365
f 1201/1257/368 1198/1254/365 1200/1255/367
f 1205/1259/372 1202/1256/369 1201/1257/368
f 1204/1260/371 1201/1257/368 1203/1258/370
f 1207/1262/374 1208/1268/375 1205/1263/372
f 1209/1265/376 1207/1262/374 1204/1264/371
f 1210/1267/377 1211/1271/378 1208/1268/375
f 1212/1269/379 1210/1267/377 1207/1262/374
f 1213/1270/380 1214/1274/381 1211/1271/378
f 1215/1272/382 1213/1270/380 1210/1267/377
f 1216/1273/383 1217/1277/384 1214/1274/381
f 1218/1275/385 1216/1273/383 1213/1270/380
f 1219/1276/386 1220/1280/387 1217/1277/384
f 1221/1278/388 1219/1276/386 1216/1273/383
f 1222/1279/389 1223/1283/390 1220/1280/387
f 1224/1281/391 1222/1279/389 1219/1276/386
f 1225/1282/392 1226/1286/393 1223/1283/390
f 1227/1284/394 1225/1282/392 1222/1279/389
f 1228/1285/395 1229/1471/396 1226/1286/393
f 1230/1287/397 1228/1285/395 1225/1282/392
f 1232/1288/399 1229/1471/396 1228/1285/395
f 1231/1289/398 1228/1285/395 1230/1287/397
f 1235/1291/402 1232/1288/399 1231/1289/398
f 1234/1292/401 1231/1289/398 1233/1290/400
f 1238/1294/405 1235/1291/402 1234/1292/401
f 1237/1295/404 1234/1292/401 1236/1293/403
f 1241/1297/408 1238/1294/405 1237/1295/404
f 1240/1298/407 1237/1295/404 1239/1296/406
f 1244/1300/1098 1241/1297/408 1240/1298/407
f 1243/1301/410 1240/1298/407 1242/1299/409
f 1247/1303/414 1244/1300/1098 1243/1301/410
f 1246/1304/413 1243/1301/410 1245/1302/412
f 1379/1306/546 1247/1303/414 1246/1304/413
f 1156/1211/323 1246/1304/413 1248/1305/415
f 1250/1213/417 1248/1305/415 1249/1307/416
f 1248/1305/415 1245/1302/412 1311/1309/478
f 1158/1214/325 1250/1213/417 1251/1308/418
f 1253/1310/420 1251/1308/418 1252/1311/419
f 1251/1308/418 1249/1307/416 1314/1313/481
f 1255/1314/422 1161/1216/328 1158/1214/325
f 1256/1315/423 1255/1314/422 1253/1310/420
f 1257/1316/424 1164/1219/331 1161/1216/328
f 1258/1317/425 1257/1316/424 1255/1314/422
f 1259/1318/426 1167/1222/334 1164/1219/331
f 1260/1319/427 1259/1318/426 1257/1316/424
f 1261/1320/428 1170/1225/337 1167/1222/334
f 1262/1321/429 1261/1320/428 1259/1318/426
f 1263/1322/430 1173/1228/340 1170/1225/337
f 1264/1323/431 1263/1322/430 1261/1320/428
f 1265/1324/432 1176/1231/343 1173/1228/340
f 1266/1325/433 1265/1324/432 1263/1322/430
f 1267/1326/434 1179/1234/346 1176/1231/343
f 1268/1327/435 1267/1326/434 1265/1324/432
f 1269/1328/436 1182/1237/349 1179/1234/346
f 1270/1329/437 1269/1328/436 1267/1326/434
f 1185/1240/352 1182/1237/349 1269/1328/436
f 1271/1330/438 1269/1328/436 1270/1329/437
f 1188/1243/355 1185/1240/352 1271/1330/438
f 1273/1332/440 1271/1330/438 1272/1331/439
f 1191/1246/358 1188/1243/355 1273/1332/440
f 1275/1334/442 1273/1332/440 1274/1333/441
f 1194/1249/361 1191/1246/358 1275/1334/442
f 1277/1336/444 1275/1334/442 1276/1335/443
f 1197/1252/364 1194/1249/361 1277/1336/444
f 1279/1338/446 1277/1336/444 1278/1337/445
f 1200/1255/367 1197/1252/364 1279/1338/446
f 1281/1340/448 1279/1338/446 1280/1339/447
f 1203/1258/370 1200/1255/367 1281/1340/448
f 1283/1342/450 1281/1340/448 1282/1341/449
f 1206/1261/373 1203/1258/370 1283/1342/450
f 1285/1344/452 1283/1342/450 1284/1343/451
f 1287/1346/454 1209/1265/376 1206/1266/373
f 1288/1348/455 1287/1346/454 1285/1347/452
f 1289/1350/456 1212/1269/379 1209/1265/376
f 1290/1351/457 1289/1350/456 1287/1346/454
f 1291/1352/458 1215/1272/382 1212/1269/379
f 1292/1353/459 1291/1352/458 1289/1350/456
f 1293/1354/460 1218/1275/385 1215/1272/382
f 1294/1355/461 1293/1354/460 1291/1352/458
f 1295/1356/462 1221/1278/388 1218/1275/385
f 1296/1357/463 1295/1356/462 1293/1354/460
f 1297/1358/464 1224/1281/391 1221/1278/388
f 1298/1359/465 1297/1358/464 1295/1356/462
f 1299/1360/466 1227/1284/394 1224/1281/391
f 1300/1361/467 1299/1360/466 1297/1358/464
f 1301/1362/468 1230/1287/397 1227/1284/394
f 1302/1363/469 1301/1362/468 1299/1360/466
f 1233/1290/400 1230/1287/397 1301/1362/468
f 1303/1364/470 1301/1362/468 1302/1363/469
f 1236/1293/403 1233/1290/400 1303/1364/470
f 1305/1366/472 1303/1364/470 1304/1365/471
f 1239/1296/406 1236/1293/403 1305/1366/472
f 1307/1368/474 1305/1366/472 1306/1367/473
f 1242/1299/409 1239/1296/406 1307/1368/474
f 1309/1370/476 1307/1368/474 1308/1369/475
f 1245/1302/412 1242/1299/409 1309/1370/476
f 1311/1309/478 1309/1370/476 1310/1371/477
f 1249/1307/416 1311/1309/478 1312/1372/479
f 1314/1313/481 1312/1372/479 1313/1373/480
f 1312/1372/479 1310/1371/477 1375/1375/542
f 1252/1311/419 1314/1313/481 1315/1374/482
f 1317/1376/484 1315/1374/482 1316/1377/483
f 1315/1374/482 1313/1373/480 1377/1379/544
f 1254/1312/421 1252/1311/419 1317/1376/484
f 1319/1380/486 1317/1376/484 1318/1378/485
f 1322/1382/1099 1321/1383/488 1319/1380/486
f 1321/1383/488 1256/1315/423 1254/1312/421
f 1323/1384/490 1258/1317/425 1256/1315/423
f 1324/1385/491 1323/1384/490 1321/1383/488
f 1325/1386/492 1260/1319/427 1258/1317/425
f 1326/1387/493 1325/1386/492 1323/1384/490
f 1327/1388/494 1262/1321/429 1260/1319/427
f 1328/1389/495 1327/1388/494 1325/1386/492
f 1329/1390/496 1264/1323/431 1262/1321/429
f 1330/1391/497 1329/1390/496 1327/1388/494
f 1331/1392/498 1266/1325/433 1264/1323/431
f 1332/1393/499 1331/1392/498 1329/1390/496
f 1333/1394/500 1268/1327/435 1266/1325/433
f 1334/1395/501 1333/1394/500 1331/1392/498
f 1335/1396/502 1270/1329/437 1268/1327/435
f 1336/1397/503 1335/1396/502 1333/1394/500
f 1272/1331/439 1270/1329/437 1335/1396/502
f 1337/1398/504 1335/1396/502 1336/1397/503
f 1274/1333/441 1272/1331/439 1337/1398/504
f 1339/1400/506 1337/1398/504 1338/1399/505
f 1276/1335/443 1274/1333/441 1339/1400/506
f 1341/1402/508 1339/1400/506 1340/1401/507
f 1278/1337/445 1276/1335/443 1341/1402/508
f 1343/1404/510 1341/1402/508 1342/1403/509
f 1280/1339/447 1278/1337/445 1343/1404/510
f 1345/1406/512 1343/1404/510 1344/1405/511
f 1282/1341/449 1280/1339/447 1345/1406/512
f 1347/1408/514 1345/1406/512 1346/1407/513
f 1284/1343/451 1282/1341/449 1347/1408/514
f 1349/1410/516 1347/1408/514 1348/1409/515
f 1286/1345/453 1284/1343/451 1349/1410/516
f 1351/1412/518 1349/1410/516 1350/1411/1100
f 1353/1414/520 1288/1348/455 1286/1349/453
f 1354/1416/521 1353/1414/520 1351/1415/518
f 1355/1418/522 1290/1351/457 1288/1348/455
f 1356/1419/523 1355/1418/522 1353/1414/520
f 1357/1420/524 1292/1353/459 1290/1351/457
f 1358/1421/525 1357/1420/524 1355/1418/522
f 1359/1422/526 1294/1355/461 1292/1353/459
f 1360/1423/527 1359/1422/526 1357/1420/524
f 1361/1424/528 1296/1357/463 1294/1355/461
f 1362/1425/529 1361/1424/528 1359/1422/526
f 1363/1426/530 1298/1359/465 1296/1357/463
f 1364/1427/531 1363/1426/530 1361/1424/528
f 1365/1428/532 1300/1361/467 1298/1359/465
f 1366/1429/533 1365/1428/532 1363/1426/530
f 1367/1430/534 1302/1363/469 1300/1361/467
f 1368/1431/535 1367/1430/534 1365/1428/532
f 1304/1365/471 1302/1363/469 1367/1430/534
f 1369/1432/536 1367/1430/534 1368/1431/535
f 1306/1367/473 1304/1365/471 1369/1432/536
f 1371/1434/538 1369/1432/536 1370/1433/537
f 1308/1369/475 1306/1367/473 1371/1434/538
f 1373/1436/540 1371/1434/538 1372/1435/539
f 1310/1371/477 1308/1369/475 1373/1436/540
f 1375/1375/542 1373/1436/540 1374/1437/541
f 1313/1373/480 1375/1375/542 1376/1438/543
f 1324/2082/491 1322/2083/1099 1316/2084/483
f 1322/2083/1099 1320/2085/487 1318/2086/485
f 1316/2084/483 1322/2083/1099 1318/2086/485
f 1316/2084/483 1377/2087/544 1324/2082/491
f 1377/2087/544 1376/1441/543 1326/1440/493
f 1324/2082/491 1377/2087/544 1326/1440/493
f 1376/1441/543 1374/2088/541 1328/1439/495
f 1374/2088/541 1372/2089/539 1330/2090/497
f 1328/1439/495 1374/2088/541 1330/2090/497
f 1372/2089/539 1370/2091/537 1334/2092/501
f 1370/2091/537 1368/2093/535 1336/2094/503
f 1368/2093/535 1366/2095/533 1338/2096/505
f 1366/2095/533 1364/2097/531 1340/2098/507
f 1364/2097/531 1362/2099/529 1340/2098/507
f 1362/2099/529 1360/2100/527 1342/2101/509
f 1340/2098/507 1362/2099/529 1342/2101/509
f 1360/2100/527 1358/2102/525 1344/2103/511
f 1358/2102/525 1356/2104/523 1346/2105/513
f 1344/2103/511 1358/2102/525 1346/2105/513
f 1356/2104/523 1354/2106/521 1350/2107/1100
f 1354/2106/521 1352/2108/519 1350/2107/1100
f 1350/2107/1100 1348/2109/515 1356/2104/523
f 1348/2109/515 1346/2105/513 1356/2104/523
f 1344/2103/511 1342/2101/509 1360/2100/527
f 1340/2098/507 1338/2096/505 1366/2095/533
f 1338/2096/505 1336/2094/503 1368/2093/535
f 1336/2094/503 1334/2092/501 1370/2091/537
f 1334/2092/501 1332/2110/499 1372/2089/539
f 1332/2110/499 1330/2090/497 1372/2089/539
f 1380/1442/547 1378/1443/545 1247/1303/414
f 1378/1443/545 1411/1477/577 1244/1300/1098
f 1382/1444/548 1380/1442/547 1379/1306/546
f 1160/1218/327 1383/1446/549 1382/1444/548
f 1163/1221/330 1384/1447/550 1383/1446/549
f 1166/1224/333 1385/1448/551 1384/1447/550
f 1169/1227/336 1386/1449/552 1385/1448/551
f 1172/1230/339 1387/1450/553 1386/1449/552
f 1175/1233/342 1388/1451/554 1387/1450/553
f 1178/1236/345 1389/1452/555 1388/1451/554
f 1181/1453/348 1390/1454/556 1389/1452/555
f 1391/1455/557 1390/1454/556 1181/1453/348
f 1392/1456/558 1391/1455/557 1184/1238/351
f 1393/1457/559 1392/1456/558 1187/1241/354
f 1394/1458/560 1393/1457/559 1190/1244/357
f 1395/1459/561 1394/1458/560 1193/1247/360
f 1396/1460/562 1395/1459/561 1196/1250/363
f 1397/1461/563 1396/1460/562 1199/1253/366
f 1398/1462/564 1397/1461/563 1202/1256/369
f 1208/1268/375 1399/1464/565 1398/1463/564
f 1211/1271/378 1400/1465/566 1399/1464/565
f 1214/1274/381 1401/1466/567 1400/1465/566
f 1217/1277/384 1402/1467/568 1401/1466/567
f 1220/1280/387 1403/1468/569 1402/1467/568
f 1223/1283/390 1404/1469/570 1403/1468/569
f 1226/1286/393 1405/1470/571 1404/1469/570
f 1229/1471/396 1406/1472/572 1405/1470/571
f 1407/1473/573 1406/1472/572 1229/1471/396
f 1408/1474/574 1407/1473/573 1232/1288/399
f 1409/1475/575 1408/1474/574 1235/1291/402
f 1410/1476/576 1409/1475/575 1238/1294/405
f 1411/1477/577 1410/1476/576 1241/1297/408
f 1414/1478/1103 1412/2111/1101 1413/2112/1102
f 1413/2112/1102 1421/2113/1107 1414/1478/1103
f 1421/2113/1107 1424/2114/1109 1414/1478/1103
f 1424/2114/1109 1427/2115/1111 1436/1479/1117
f 1427/2115/1111 1430/2116/1113 1436/1479/1117
f 1430/2116/1113 1433/2117/1115 1436/1479/1117
f 1436/1479/1117 1439/2118/1119 1442/2119/1121
f 1442/2119/1121 1445/2120/1123 1448/2121/1125
f 1448/2121/1125 1451/2122/1127 1460/1480/1133
f 1451/2122/1127 1454/2123/1129 1460/1480/1133
f 1454/2123/1129 1457/2124/1131 1460/1480/1133
f 1460/1480/1133 1463/2125/1134 1466/2126/1136
f 1466/2126/1136 1469/2127/1138 1460/1480/1133
f 1469/2127/1138 1472/2128/1140 1460/1480/1133
f 1472/2128/1140 1475/2129/1142 1478/2130/1144
f 1478/2130/1144 1481/2131/1146 1472/2128/1140
f 1481/2131/1146 1484/2132/1149 1472/2128/1140
f 1484/2132/1149 1487/2133/1152 1490/2134/1154
f 1490/2134/1154 1493/2135/1157 1484/2132/1149
f 1493/2135/1157 1496/2136/1159 1484/2132/1149
f 1496/2136/1159 1499/2137/1161 1502/2138/1163
f 1502/2138/1163 1505/2139/1165 1414/1478/1103
f 1436/1479/1117 1442/2119/1121 1460/1480/1133
f 1442/2119/1121 1448/2121/1125 1460/1480/1133
f 1496/2136/1159 1502/2138/1163 1484/2132/1149
f 1502/2138/1163 1414/1478/1103 1484/2132/1149
f 1414/1478/1103 1424/2114/1109 1436/1479/1117
f 1460/1480/1133 1472/2128/1140 1414/1478/1103
f 1472/2128/1140 1484/2132/1149 1414/1478/1103
f 1415/1481/616 1418/1490/1105 1413/1482/1102
f 1414/1484/1103 1417/1488/1104 1415/1485/616
f 1508/1487/1104 1416/1572/616 1415/1485/616
f 1415/1481/616 1416/1577/616 1419/1489/1105
f 1413/1482/1102 1418/1490/1105 1420/1491/1106
f 1419/1489/1105 1422/1494/1106 1420/1491/1106
f 1420/1491/1106 1423/1495/1108 1424/1493/1109
f 1422/1494/1106 1425/1498/1108 1423/1495/1108
f 1424/1493/1109 1423/1495/1108 1426/1496/1110
f 1425/1498/1108 1428/1500/1110 1426/1496/1110
f 1426/1496/1110 1429/1501/1112 1430/1499/1113
f 1428/1500/1110 1431/1587/1112 1429/1501/1112
f 1430/1499/1113 1429/1501/1112 1432/1502/1114
f 1429/1501/1112 1431/1587/1112 1434/1504/1114
f 1432/1502/1114 1435/1506/1116 1436/1505/1117
f 1434/1504/1114 1437/1592/1116 1435/1506/1116
f 1436/1505/1117 1435/1506/1116 1438/1507/1118
f 1435/1506/1116 1437/1592/1116 1440/1509/1118
f 1438/1507/1118 1441/1511/1120 1442/1510/1121
f 1440/1509/1118 1443/1596/1120 1441/1511/1120
f 1442/1510/1121 1441/1511/1120 1444/1512/1122
f 1441/1511/1120 1443/1596/1120 1446/1514/1122
f 1444/1512/1122 1447/1516/1124 1448/1515/1125
f 1446/1514/1122 1449/1600/1124 1447/1516/1124
f 1448/1515/1125 1447/1516/1124 1450/1517/1126
f 1447/1516/1124 1449/1600/1124 1452/1519/1126
f 1450/1517/1126 1453/1522/1128 1454/1520/1129
f 1450/1517/1126 1452/1519/1126 1455/1521/1128
f 1454/1520/1129 1453/1522/1128 1456/1523/1130
f 1453/1522/1128 1455/1521/1128 1458/1525/1130
f 1456/1523/1130 1459/1528/1132 1460/1526/1133
f 1456/1523/1130 1458/1525/1130 1461/1527/1132
f 1460/1526/1133 1459/1528/1132 1462/1529/581
f 1461/1527/1132 1464/1610/581 1462/1529/581
f 1462/1529/581 1465/1533/1135 1466/1531/1136
f 1462/1529/581 1464/1610/581 1467/1532/1135
f 1466/1531/1136 1465/1533/1135 1468/1534/1137
f 1467/1532/1135 1470/1537/1137 1468/1534/1137
f 1468/1534/1137 1471/1538/1139 1472/1536/1140
f 1470/1537/1137 1473/1541/1139 1471/1538/1139
f 1472/1536/1140 1471/1538/1139 1474/1539/1141
f 1473/1541/1139 1476/1617/1141 1474/1539/1141
f 1475/1540/1142 1474/1539/1141 1477/1542/1143
f 1474/1539/1141 1476/1617/1141 1479/1544/1143
f 1478/1543/1144 1477/1542/1143 1480/1545/1145
f 1477/1542/1143 1479/1544/1143 1482/1547/1147
f 1480/1545/1145 1483/1549/1148 1484/1548/1149
f 1482/1547/1147 1485/1623/1150 1483/1549/1148
f 1484/1548/1149 1483/1549/1148 1486/1550/1151
f 1483/1549/1148 1485/1623/1150 1488/1552/1151
f 1486/1550/1151 1489/1554/1153 1490/1553/1154
f 1488/1552/1151 1491/1627/1155 1489/1554/1153
f 1490/1553/1154 1489/1554/1153 1492/1555/1156
f 1489/1554/1153 1491/1627/1155 1494/1557/1156
f 1492/1555/1156 1495/1559/1158 1496/1558/1159
f 1494/1557/1156 1497/1561/1158 1495/1559/1158
f 1495/1559/1158 1498/1562/1160 1499/1560/1161
f 1497/1561/1158 1500/1632/1160 1498/1562/1160
f 1498/1562/1160 1501/1565/1162 1502/1563/1163
f 1498/1562/1160 1500/1632/1160 1503/1564/1162
f 1502/1563/1163 1501/1565/1162 1504/1566/1164
f 1501/1565/1162 1503/1564/1162 1506/1568/1164
f 1504/1566/1164 1417/1488/1104 1414/1484/1103
f 1504/1566/1164 1506/1568/1164 1508/1487/1104
f 1506/1568/1164 1507/1574/1164 1509/1569/1104
f 1569/1570/1162 1507/1574/1164 1506/1568/1164
f 1508/1487/1104 1509/1569/1104 1511/1571/616
f 1509/1569/1104 1510/1575/1166 1512/1573/1167
f 1507/1574/1164 1572/1635/1200 1510/1575/1166
f 1511/1576/616 1513/1579/1105 1419/1489/1105
f 1512/1578/1167 1514/1645/1168 1513/1579/1105
f 1513/1579/1105 1514/1645/1168 1516/1580/1169
f 1513/1579/1105 1515/1581/1106 1422/1494/1106
f 1515/1581/1106 1516/1580/1169 1518/1582/1171
f 1515/1581/1106 1517/1583/1170 1425/1498/1108
f 1518/1582/1171 1520/1654/1172 1519/1584/1110
f 1425/1498/1108 1517/1583/1170 1519/1584/1110
f 1519/1584/1110 1520/1654/1172 1522/1585/1173
f 1519/1584/1110 1521/1586/1112 1431/1587/1112
f 1521/1586/1112 1522/1585/1173 1524/1588/1174
f 1431/1587/1112 1521/1586/1112 1523/1589/1114
f 1523/1589/1114 1524/1588/1174 1526/1590/1175
f 1434/1504/1114 1523/1589/1114 1525/1591/1116
f 1526/1590/1175 1528/1663/1176 1527/1593/1118
f 1525/1591/1116 1527/1593/1118 1440/1509/1118
f 1527/1593/1118 1528/1663/1176 1530/1594/1177
f 1440/1509/1118 1527/1593/1118 1529/1595/1120
f 1530/1594/1177 1532/1598/1178 1531/1597/1122
f 1529/1595/1120 1531/1597/1122 1446/1514/1122
f 1532/1598/1178 1534/1601/1179 1533/1599/1124
f 1531/1597/1122 1533/1599/1124 1449/1600/1124
f 1534/1601/1179 1536/1672/1180 1535/1602/1126
f 1449/1600/1124 1533/1599/1124 1535/1602/1126
f 1535/1602/1126 1536/1672/1180 1538/1603/1182
f 1535/1602/1126 1537/1604/1181 1455/1521/1128
f 1538/1603/1182 1540/1606/1183 1539/1605/1130
f 1455/1521/1128 1537/1604/1181 1539/1605/1130
f 1540/1606/1183 1542/1679/1184 1541/1607/1132
f 1458/1525/1130 1539/1605/1130 1541/1607/1132
f 1541/1607/1132 1542/1679/1184 1544/1608/1185
f 1461/1527/1132 1541/1607/1132 1543/1609/581
f 1544/1608/1185 1546/1612/1186 1545/1611/1135
f 1543/1609/581 1545/1611/1135 1467/1532/1135
f 1546/1612/1186 1548/1686/1187 1547/1613/1137
f 1545/1611/1135 1547/1613/1137 1470/1537/1137
f 1547/1613/1137 1548/1686/1187 1550/1614/1188
f 1470/1537/1137 1547/1613/1137 1549/1615/1139
f 1550/1614/1188 1552/1691/1189 1551/1616/1141
f 1473/1541/1139 1549/1615/1139 1551/1616/1141
f 1551/1616/1141 1552/1691/1189 1554/1618/1190
f 1476/1617/1141 1551/1616/1141 1553/1619/1143
f 1554/1618/1190 1556/1696/1191 1555/1620/1147
f 1479/1544/1143 1553/1619/1143 1555/1620/1147
f 1555/1620/1147 1556/1696/1191 1558/1621/1192
f 1555/1620/1147 1557/1622/1148 1485/1623/1150
f 1558/1621/1192 1560/1701/1193 1559/1624/1151
f 1485/1623/1150 1557/1622/1148 1559/1624/1151
f 1559/1624/1151 1560/1701/1193 1562/1625/1194
f 1559/1624/1151 1561/1626/1153 1491/1627/1155
f 1562/1625/1194 1564/1705/1195 1563/1628/1156
f 1491/1627/1155 1561/1626/1153 1563/1628/1156
f 1563/1628/1156 1564/1705/1195 1566/1629/1196
f 1563/1628/1156 1565/1630/1158 1497/1561/1158
f 1566/1629/1196 1568/1637/1197 1567/1631/1160
f 1565/1630/1158 1567/1631/1160 1500/1632/1160
f 1567/1631/1160 1568/1637/1197 1570/1633/1198
f 1567/1631/1160 1569/1570/1162 1503/1564/1162
f 1570/1633/1198 1572/1635/1200 1507/1574/1164
f 1571/1634/1199 1573/1638/1201 1572/1635/1200
f 1633/1636/1261 1571/1634/1199 1570/1633/1198
f 1573/1638/1201 1575/1640/1203 1510/1575/1166
f 1574/1639/1202 1576/1642/1204 1575/1640/1203
f 1636/1641/1264 1574/1639/1202 1573/1638/1201
f 1576/1642/1204 1578/1720/1206 1577/1643/1205
f 1575/1640/1203 1577/1643/1205 1512/1573/1167
f 1577/1644/1205 1579/1647/1207 1514/1645/1168
f 1578/1646/1206 1580/1648/1208 1579/1647/1207
f 1580/1648/1208 1582/1650/1210 1581/1649/1209
f 1579/1647/1207 1581/1649/1209 1516/1580/1169
f 1582/1650/1210 1584/1652/1212 1583/1651/1211
f 1581/1649/1209 1583/1651/1211 1518/1582/1171
f 1584/1652/1212 1586/1655/1214 1585/1653/1213
f 1583/1651/1211 1585/1653/1213 1520/1654/1172
f 1586/1655/1214 1588/1657/1216 1587/1656/1215
f 1585/1653/1213 1587/1656/1215 1522/1585/1173
f 1588/1657/1216 1590/1659/1218 1589/1658/1217
f 1587/1656/1215 1589/1658/1217 1524/1588/1174
f 1590/1659/1218 1592/1661/1220 1591/1660/1219
f 1589/1658/1217 1591/1660/1219 1526/1590/1175
f 1592/1661/1220 1594/1738/1222 1593/1662/1221
f 1591/1660/1219 1593/1662/1221 1528/1663/1176
f 1593/1662/1221 1594/1738/1222 1596/1664/1224
f 1528/1663/1176 1593/1662/1221 1595/1665/1223
f 1595/1665/1223 1596/1664/1224 1598/1666/1226
f 1530/1594/1177 1595/1665/1223 1597/1667/1225
f 1597/1667/1225 1598/1666/1226 1600/1668/1228
f 1532/1598/1178 1597/1667/1225 1599/1669/1227
f 1599/1669/1227 1600/1668/1228 1602/1670/1230
f 1534/1601/1179 1599/1669/1227 1601/1671/1229
f 1601/1671/1229 1602/1670/1230 1604/1673/1232
f 1536/1672/1180 1601/1671/1229 1603/1674/1231
f 1603/1674/1231 1604/1673/1232 1606/1675/1234
f 1538/1603/1182 1603/1674/1231 1605/1676/1233
f 1605/1676/1233 1606/1675/1234 1608/1677/1236
f 1540/1606/1183 1605/1676/1233 1607/1678/1235
f 1607/1678/1235 1608/1677/1236 1610/1680/1238
f 1542/1679/1184 1607/1678/1235 1609/1681/1237
f 1609/1681/1237 1610/1680/1238 1612/1682/1240
f 1544/1608/1185 1609/1681/1237 1611/1683/1239
f 1611/1683/1239 1612/1682/1240 1614/1684/1242
f 1546/1612/1186 1611/1683/1239 1613/1685/1241
f 1613/1685/1241 1614/1684/1242 1616/1687/1244
f 1548/1686/1187 1613/1685/1241 1615/1688/1243
f 1615/1688/1243 1616/1687/1244 1618/1689/1246
f 1550/1614/1188 1615/1688/1243 1617/1690/1245
f 1617/1690/1245 1618/1689/1246 1620/1692/1248
f 1552/1691/1189 1617/1690/1245 1619/1693/1247
f 1619/1693/1247 1620/1692/1248 1622/1694/1250
f 1554/1618/1190 1619/1693/1247 1621/1695/1249
f 1621/1695/1249 1622/1694/1250 1624/1697/1252
f 1556/1696/1191 1621/1695/1249 1623/1698/1251
f 1623/1698/1251 1624/1697/1252 1626/1699/1254
f 1558/1621/1192 1623/1698/1251 1625/1700/1253
f 1626/1699/1254 1628/1703/1256 1627/1702/1255
f 1625/1700/1253 1627/1702/1255 1562/1625/1194
f 1628/1703/1256 1630/1706/1258 1629/1704/1257
f 1627/1702/1255 1629/1704/1257 1564/1705/1195
f 1630/1706/1258 1632/1708/1260 1631/1707/1259
f 1629/1704/1257 1631/1707/1259 1566/1629/1196
f 1632/1708/1260 1634/1709/1262 1633/1636/1261
f 1631/1707/1259 1633/1636/1261 1568/1637/1197
f 1634/1709/1262 1636/1641/1264 1571/1634/1199
f 1635/1710/1263 1637/1712/1265 1636/1641/1264
f 1697/1711/1325 1635/1710/1263 1634/1709/1262
f 1637/1712/1265 1639/1714/1267 1574/1639/1202
f 1638/1713/1266 1640/1716/1268 1639/1714/1267
f 1700/1715/1328 1638/1713/1266 1637/1712/1265
f 1640/1716/1268 1642/1718/1270 1641/1717/1269
f 1639/1714/1267 1641/1717/1269 1576/1642/1204
f 1642/1718/1270 1644/1788/1272 1643/1719/1271
f 1641/1717/1269 1643/1719/1271 1578/1720/1206
f 1643/1721/1271 1645/1723/1273 1580/1648/1208
f 1644/1722/1272 1646/1724/1274 1645/1723/1273
f 1646/1724/1274 1648/1726/1276 1647/1725/1275
f 1645/1723/1273 1647/1725/1275 1582/1650/1210
f 1648/1726/1276 1650/1728/1278 1649/1727/1277
f 1647/1725/1275 1649/1727/1277 1584/1652/1212
f 1650/1728/1278 1652/1730/1280 1651/1729/1279
f 1649/1727/1277 1651/1729/1279 1586/1655/1214
f 1652/1730/1280 1654/1732/1282 1653/1731/1281
f 1651/1729/1279 1653/1731/1281 1588/1657/1216
f 1654/1732/1282 1656/1734/1284 1655/1733/1283
f 1653/1731/1281 1655/1733/1283 1590/1659/1218
f 1656/1734/1284 1658/1736/1286 1657/1735/1285
f 1655/1733/1283 1657/1735/1285 1592/1661/1220
f 1658/1736/1286 1660/1806/1288 1659/1737/1287
f 1657/1735/1285 1659/1737/1287 1594/1738/1222
f 1659/1737/1287 1660/1806/1288 1662/1739/1290
f 1594/1738/1222 1659/1737/1287 1661/1740/1289
f 1661/1740/1289 1662/1739/1290 1664/1741/1292
f 1596/1664/1224 1661/1740/1289 1663/1742/1291
f 1663/1742/1291 1664/1741/1292 1666/1743/1294
f 1598/1666/1226 1663/1742/1291 1665/1744/1293
f 1665/1744/1293 1666/1743/1294 1668/1745/1296
f 1600/1668/1228 1665/1744/1293 1667/1746/1295
f 1667/1746/1295 1668/1745/1296 1670/1747/1298
f 1602/1670/1230 1667/1746/1295 1669/1748/1297
f 1669/1748/1297 1670/1747/1298 1672/1749/1300
f 1604/1673/1232 1669/1748/1297 1671/1750/1299
f 1671/1750/1299 1672/1749/1300 1674/1751/1302
f 1606/1675/1234 1671/1750/1299 1673/1752/1301
f 1673/1752/1301 1674/1751/1302 1676/1753/1304
f 1608/1677/1236 1673/1752/1301 1675/1754/1303
f 1675/1754/1303 1676/1753/1304 1678/1755/1306
f 1610/1680/1238 1675/1754/1303 1677/1756/1305
f 1677/1756/1305 1678/1755/1306 1680/1757/1308
f 1612/1682/1240 1677/1756/1305 1679/1758/1307
f 1679/1758/1307 1680/1757/1308 1682/1759/1310
f 1614/1684/1242 1679/1758/1307 1681/1760/1309
f 1681/1760/1309 1682/1759/1310 1684/1761/1312
f 1616/1687/1244 1681/1760/1309 1683/1762/1311
f 1683/1762/1311 1684/1761/1312 1686/1763/1314
f 1618/1689/1246 1683/1762/1311 1685/1764/1313
f 1685/1764/1313 1686/1763/1314 1688/1765/1316
f 1620/1692/1248 1685/1764/1313 1687/1766/1315
f 1687/1766/1315 1688/1765/1316 1690/1767/1318
f 1622/1694/1250 1687/1766/1315 1689/1768/1317
f 1689/1768/1317 1690/1767/1318 1692/1769/1320
f 1624/1697/1252 1689/1768/1317 1691/1770/1319
f 1692/1769/1320 1694/1772/1322 1693/1771/1321
f 1691/1770/1319 1693/1771/1321 1628/1703/1256
f 1694/1772/1322 1696/1774/1324 1695/1773/1323
f 1693/1771/1321 1695/1773/1323 1630/1706/1258
f 1696/1774/1324 1698/1775/1326 1697/1711/1325
f 1695/1773/1323 1697/1711/1325 1632/1708/1260
f 1698/1775/1326 1700/1715/1328 1635/1710/1263
f 1699/1776/1327 1701/1778/1329 1700/1715/1328
f 1761/1777/1389 1699/1776/1327 1698/1775/1326
f 1701/1778/1329 1703/1781/1331 1638/1713/1266
f 1763/1779/1391 1702/1780/1330 1701/1778/1329
f 1702/1780/1330 1704/1782/1332 1703/1781/1331
f 1704/1782/1332 1706/1784/1334 1705/1783/1333
f 1703/1781/1331 1705/1783/1333 1640/1716/1268
f 1706/1784/1334 1708/1786/1336 1707/1785/1335
f 1705/1783/1333 1707/1785/1335 1642/1718/1270
f 1708/1786/1336 1710/2140/1338 1709/1787/1337
f 1707/1785/1335 1709/1787/1337 1644/1788/1272
f 1710/1789/1338 1712/1792/1340 1711/1790/1339
f 1709/1791/1337 1711/1790/1339 1646/1724/1274
f 1712/1792/1340 1714/1794/1342 1713/1793/1341
f 1711/1790/1339 1713/1793/1341 1648/1726/1276
f 1714/1794/1342 1716/1796/1344 1715/1795/1343
f 1713/1793/1341 1715/1795/1343 1650/1728/1278
f 1716/1796/1344 1718/1798/1346 1717/1797/1345
f 1715/1795/1343 1717/1797/1345 1652/1730/1280
f 1718/1798/1346 1720/1800/1348 1719/1799/1347
f 1717/1797/1345 1719/1799/1347 1654/1732/1282
f 1720/1800/1348 1722/1802/1350 1721/1801/1349
f 1719/1799/1347 1721/1801/1349 1656/1734/1284
f 1722/1802/1350 1724/1804/1352 1723/1803/1351
f 1721/1801/1349 1723/1803/1351 1658/1736/1286
f 1724/1804/1352 1726/2141/1354 1725/1805/1353
f 1723/1803/1351 1725/1805/1353 1660/1806/1288
f 1725/1805/1353 1726/2141/1354 1728/1807/1356
f 1660/1806/1288 1725/1805/1353 1727/1808/1355
f 1727/1808/1355 1728/1807/1356 1730/1809/1358
f 1662/1739/1290 1727/1808/1355 1729/1810/1357
f 1729/1810/1357 1730/1809/1358 1732/1811/1360
f 1664/1741/1292 1729/1810/1357 1731/1812/1359
f 1731/1812/1359 1732/1811/1360 1734/1813/1362
f 1666/1743/1294 1731/1812/1359 1733/1814/1361
f 1733/1814/1361 1734/1813/1362 1736/1815/1364
f 1668/1745/1296 1733/1814/1361 1735/1816/1363
f 1735/1816/1363 1736/1815/1364 1738/1817/1366
f 1670/1747/1298 1735/1816/1363 1737/1818/1365
f 1737/1818/1365 1738/1817/1366 1740/1819/1368
f 1672/1749/1300 1737/1818/1365 1739/1820/1367
f 1739/1820/1367 1740/1819/1368 1742/1821/1370
f 1674/1751/1302 1739/1820/1367 1741/1822/1369
f 1741/1822/1369 1742/1821/1370 1744/1823/1372
f 1676/1753/1304 1741/1822/1369 1743/1824/1371
f 1743/1824/1371 1744/1823/1372 1746/1825/1374
f 1678/1755/1306 1743/1824/1371 1745/1826/1373
f 1745/1826/1373 1746/1825/1374 1748/1827/1376
f 1680/1757/1308 1745/1826/1373 1747/1828/1375
f 1747/1828/1375 1748/1827/1376 1750/1829/1378
f 1682/1759/1310 1747/1828/1375 1749/1830/1377
f 1749/1830/1377 1750/1829/1378 1752/1831/1380
f 1684/1761/1312 1749/1830/1377 1751/1832/1379
f 1751/1832/1379 1752/1831/1380 1754/1833/1382
f 1686/1763/1314 1751/1832/1379 1753/1834/1381
f 1753/1834/1381 1754/1833/1382 1756/1835/1384
f 1688/1765/1316 1753/1834/1381 1755/1836/1383
f 1755/1836/1383 1756/1835/1384 1758/1837/1386
f 1690/1767/1318 1755/1836/1383 1757/1838/1385
f 1758/1837/1386 1760/1840/1388 1759/1839/1387
f 1757/1838/1385 1759/1839/1387 1694/1772/1322
f 1760/1840/1388 1762/1841/1390 1761/1777/1389
f 1759/1839/1387 1761/1777/1389 1696/1774/1324
f 1762/1841/1390 1763/1779/1391 1699/1776/1327
f 1714/1842/1342 1712/2142/1340 1710/2143/1338
f 1710/2143/1338 1708/2144/1336 1714/1842/1342
f 1708/2144/1336 1706/2145/1334 1714/1842/1342
f 1706/2145/1334 1704/2146/1332 1702/2147/1330
f 1702/2147/1330 1763/2148/1391 1762/1843/1390
f 1762/1843/1390 1760/2149/1388 1758/2150/1386
f 1758/2150/1386 1756/2151/1384 1754/2152/1382
f 1754/2152/1382 1752/2153/1380 1750/2154/1378
f 1750/2154/1378 1748/2155/1376 1746/1844/1374
f 1746/1844/1374 1744/2156/1372 1738/2157/1366
f 1744/2156/1372 1742/2158/1370 1738/2157/1366
f 1742/2158/1370 1740/2159/1368 1738/2157/1366
f 1738/2157/1366 1736/2160/1364 1734/2161/1362
f 1734/2161/1362 1732/2162/1360 1738/2157/1366
f 1732/2162/1360 1730/2163/1358 1738/2157/1366
f 1730/2163/1358 1728/2164/1356 1726/2165/1354
f 1726/2165/1354 1724/2166/1352 1722/2167/1350
f 1722/2167/1350 1720/2168/1348 1714/1842/1342
f 1720/2168/1348 1718/2169/1346 1714/1842/1342
f 1718/2169/1346 1716/2170/1344 1714/1842/1342
f 1706/2145/1334 1702/2147/1330 1714/1842/1342
f 1702/2147/1330 1762/1843/1390 1714/1842/1342
f 1762/1843/1390 1758/2150/1386 1746/1844/1374
f 1758/2150/1386 1754/2152/1382 1746/1844/1374
f 1754/2152/1382 1750/2154/1378 1746/1844/1374
f 1730/2163/1358 1726/2165/1354 1714/1842/1342
f 1726/2165/1354 1722/2167/1350 1714/1842/1342
f 1746/1844/1374 1738/2157/1366 1714/1842/1342
f 1738/2157/1366 1730/2163/1358 1714/1842/1342
